wavenumber_cm-1,observed_reflectance_fraction,fitted_reflectance_fraction,residual_fraction
2500.257,0.1793117304,0.17936960617621933,-5.787577621932383e-05
2500.739,0.17930610900000002,0.17939375940027616,-8.765040027614024e-05
2501.221,0.17937358490000002,0.1794188268196385,-4.52419196384779e-05
2501.703,0.1794256284,0.1794448040816297,-1.917568162967953e-05
2502.186,0.1793893048,0.17947174341321537,-8.243861321535761e-05
2502.668,0.17947206520000003,0.1794995286416889,-2.7463441688857504e-05
2503.15,0.17948598140000002,0.1795282098599969,-4.2228459996879186e-05
2503.632,0.1794829503,0.1795577821949019,-7.483189490190001e-05
2504.114,0.1795356744,0.17958824064531434,-5.25662453143283e-05
2504.596,0.17962986099999997,0.1796195800832156,1.028091678437204e-05
2505.078,0.1796715025,0.17965179525460043,1.9707245399569473e-05
2505.56,0.1797085,0.1796848807804355,2.361921956448021e-05
2506.042,0.1796663717,0.1797188311576367,-5.2459457636711004e-05
2506.525,0.17980469070000002,0.17975371386834976,5.097683165025679e-05
2507.007,0.1797449992,0.17978937871245337,-4.4379512453368575e-05
2507.489,0.1798892632,0.17982589115208847,6.337204791154183e-05
2507.971,0.1800197928,0.17986324519782979,0.00015654760217020947
2508.453,0.1800817346,0.17990143474134312,0.0001802998586568627
2508.935,0.18015170900000002,0.179940453556463,0.00021125544353703396
2509.417,0.1804380973,0.17998029530028692,0.00045780199971307
2509.899,0.1804800529,0.1800209535142857,0.00045909938571428444
2510.382,0.1805310263,0.18006250849612074,0.00046851780387927033
2510.864,0.1805933629,0.18010478147740272,0.0004885814225972784
2511.346,0.1807229978,0.1801478508566277,0.0005751469433722955
2511.828,0.1807051177,0.18019170972394433,0.0005134079760556742
2512.31,0.1808763796,0.180236351059663,0.0006400285403369843
2512.792,0.18088935500000003,0.1802817677354554,0.000607587264544629
2513.274,0.1807858537,0.1803279525155735,0.0004579011844265124
2513.756,0.1808645555,0.1803748980580798,0.0004896574419201993
2514.239,0.18109608160000001,0.18042269665422833,0.0006733849457716823
2514.721,0.1810072683,0.1804711428164947,0.0005361254835052898
2515.203,0.1811495363,0.18052032707474697,0.0006292092252530301
2515.685,0.18102526149999998,0.18057024167467922,0.00045501982532075713
2516.167,0.1812495277,0.1806208787621669,0.0006286489378330984
2516.649,0.1814214109,0.1806722303845797,0.0007491805154203057
2517.131,0.1811926068,0.18072428849210836,0.0004683183078916242
2517.613,0.1810677072,0.18077704493910546,0.00029066226089455305
2518.095,0.1812759528,0.18083049148543667,0.00044546131456332794
2518.578,0.18123068020000002,0.18088473280011275,0.0003459473998872753
2519.06,0.1815420741,0.18093953584174816,0.0006025382582518501
2519.542,0.1816116737,0.18099500369133986,0.0006166700086601418
2520.024,0.18153712160000002,0.18105112774438809,0.00048599385561193253
2520.506,0.1815641727,0.1811078993088518,0.0004562733911482042
2520.988,0.1817175512,0.18116530960657018,0.0005522415934298142
2521.47,0.1817802295,0.1812233497746972,0.0005568797253028002
2521.952,0.1817123054,0.18128201086714513,0.00043029453285486907
2522.435,0.1817523396,0.1813414074588069,0.0004109321411931155
2522.917,0.18192314369999998,0.1814012844770333,0.0005218592229666863
2523.399,0.18199550120000002,0.18146175507733492,0.0005337461226651019
2523.881,0.1820453861,0.1815228099951547,0.0005225761048453237
2524.363,0.1819438724,0.1815844398900736,0.0003594325099263995
2524.845,0.1822216186,0.18164663534731557,0.0005749832526844301
2525.327,0.1822709,0.18170938687926008,0.0005615131207399315
2525.809,0.182286738,0.18177268492696352,0.0005140530730364801
2526.292,0.1824530966,0.18183665285069356,0.0006164437493064445
2526.773,0.1824286494,0.18190088198646087,0.0005277674135391319
2527.256,0.1826494217,0.1819658966735103,0.0006835250264897175
2527.738,0.18262246399999998,0.18203128486497872,0.0005911791350212692
2528.22,0.1826845617,0.18209717074093784,0.0005873909590621562
2528.702,0.1828768446,0.18216354434681611,0.0007133002531838906
2529.184,0.18287437650000002,0.1822303956676066,0.0006439808323934204
2529.666,0.18285978839999997,0.1822977146294503,0.0005620737705496759
2530.148,0.1829525843,0.182365491101228,0.0005870931987720096
2530.63,0.18317150529999998,0.18243371489615684,0.0007377904038431415
2531.113,0.18318032899999998,0.1825025186705615,0.0006778103294384774
2531.595,0.1830408781,0.18257160721153573,0.00046927088846426823
2532.077,0.183007522,0.18264111217588713,0.00036640982411287326
2532.559,0.1833640322,0.18271102317017357,0.0006530090298264291
2533.041,0.18327990360000002,0.1827813297533683,0.0004985738466317113
2533.523,0.1832619303,0.18285202143848966,0.0004099088615103219
2534.005,0.183554561,0.1829230876942367,0.0006314733057632971
2534.487,0.18349726579999998,0.1829945179466291,0.0005027478533708718
2534.969,0.183738104,0.1830663015806514,0.0006718024193486105
2535.452,0.1836613986,0.18313857793050675,0.0005228206694932458
2535.934,0.18343518,0.1832110370045724,0.00022414299542761196
2536.416,0.183848771,0.18328381736320998,0.0005649536367900165
2536.898,0.1839956778,0.1833569082437065,0.0006387695562934947
2537.38,0.1836233997,0.18343029885058934,0.00019310084941065453
2537.862,0.18412868029999999,0.1835039783572906,0.0006247019427093881
2538.344,0.1840789787,0.18357793590781427,0.0005010427921857408
2538.826,0.1841492899,0.18365216061840162,0.0004971292815983963
2539.309,0.1845868447,0.18372679636280945,0.0008600483371905554
2539.791,0.18416993980000002,0.18380152313713116,0.00036841666286885344
2540.273,0.18439275800000002,0.18387648424763073,0.0005162737523692895
2540.755,0.1846078897,0.18395166871617882,0.0006562209838211763
2541.237,0.1847953734,0.18402706554525353,0.0007683078547464639
2541.719,0.18476578230000001,0.18410266371961426,0.0006631185803857576
2542.201,0.18479970340000001,0.18417845220797857,0.0006212511920214436
2542.683,0.1848978201,0.18425441996469827,0.0006434001353017305
2543.166,0.1849894037,0.18433071405704876,0.0006586896429512379
2543.648,0.1850515923,0.18440700747895544,0.0006445848210445693
2544.13,0.18514546070000001,0.1844834469398424,0.0006620137601576204
2544.612,0.1851973439,0.18456002135333893,0.0006373225466610732
2545.094,0.1853592053,0.1846367196270861,0.0007224856729138862
2545.576,0.18544629940000001,0.1847135306644077,0.000732768735592304
2546.058,0.1855557335,0.18479044336598038,0.0007652901340196028
2546.54,0.1855746568,0.1848674466315018,0.0007072101684982013
2547.022,0.18550553390000002,0.1849445293613567,0.0005610045386433282
2547.505,0.1857270819,0.18502184058616805,0.0007052413138319558
2547.987,0.18593161519999998,0.18509904906420557,0.0008325661357944103
2548.469,0.1858974753,0.18517630370547883,0.000721171594521175
2548.951,0.1860038513,0.18525359342974645,0.0007502578702535401
2549.433,0.1858013263,0.18533090716574555,0.00047041913425446835
2549.915,0.1863702627,0.18540823385284189,0.0009620288471581251
2550.397,0.18605945729999998,0.18548556244267267,0.0005738948573273117
2550.879,0.1861404409,0.18556288190078685,0.0005775589992131624
2551.362,0.18626876039999998,0.1856403415517069,0.0006284188482930941
2551.844,0.1864295163,0.18571760963080314,0.000711906669196849
2552.326,0.1863710046,0.18579483555187154,0.0005761690481284609
2552.808,0.186745633,0.1858720083524646,0.0008736246475354037
2553.29,0.186670478,0.18594911709218073,0.0007213609078192684
2553.772,0.1865995586,0.18602615085427524,0.0005734077457247577
2554.254,0.1867920172,0.18610309874726513,0.0006889184527348602
2554.736,0.18680834440000002,0.18617994990652814,0.0006283944934718788
2555.219,0.1867777663,0.18625685259564032,0.0005209137043596934
2555.7,0.1869259879,0.18633331870923786,0.0005926691907621462
2556.183,0.1870297355,0.18640997333586062,0.0006197621641393647
2556.665,0.1871372484,0.18648632920543998,0.0006509191945600346
2557.147,0.1871159247,0.1865625344544296,0.0005533902455703843
2557.629,0.1874341691,0.18663857841266093,0.0007955906873390595
2558.111,0.1874756361,0.18671445044783547,0.0007611856521645421
2558.593,0.1875412665,0.18679013996706703,0.0007511265329329664
2559.075,0.1874861586,0.1868656364184168,0.0006205221815832052
2559.557,0.1873905119,0.18694092929242023,0.0004495826075797682
2560.04,0.18759825970000002,0.1870161636590814,0.000582096040918606
2560.522,0.18777029160000003,0.18709101755098656,0.0006792740490134674
2561.004,0.1878007047,0.187165636585663,0.0006350681143370007
2561.486,0.1877215255,0.1872400104387386,0.00048151506126140053
2561.968,0.1877850578,0.18731412883582055,0.0004709289641794401
2562.45,0.18796919750000002,0.18738798155396846,0.0005812159460315547
2562.932,0.1878348626,0.18746155842315693,0.0003733041768430867
2563.414,0.18803303759999998,0.18753484932772913,0.0004981882722708553
2563.896,0.1881821263,0.18760784420783966,0.0005742820921603442
2564.379,0.18803258320000002,0.18768068354261344,0.00035189965738657847
2564.861,0.1882440185,0.18775305575882578,0.0004909627411742168
2565.343,0.18814303429999998,0.1878251020997398,0.0003179322002601903
2565.825,0.18810647960000001,0.18789681274310555,0.0002096668568944693
2566.307,0.188358607,0.18796817792954323,0.000390429070456777
2566.789,0.1881359502,0.18803918796392183,9.676223607818502e-05
2567.271,0.1884198595,0.18810983321672567,0.00031002628327433945
2567.753,0.1883907044,0.18818010412540886,0.00021060027459113284
2568.236,0.1883802591,0.18825013578411182,0.00013012331588818649
2568.718,0.18848990480000002,0.18831962876585404,0.00017027603414598858
2569.2,0.18859197900000002,0.1883887191116977,0.00020325988830233177
2569.682,0.18878412269999997,0.1884573975404375,0.0003267251595624743
2570.164,0.18884293559999998,0.18852565484443382,0.0003172807555661683
2570.646,0.188822138,0.1885934818908933,0.00022865610910668965
2571.128,0.18898082370000002,0.18866086962313663,0.00031995407686338795
2571.61,0.18877773009999999,0.18872780906185438,4.992103814560611e-05
2572.093,0.18900458839999998,0.1887944287549301,0.00021015964506987395
2572.575,0.1891640764,0.18886044400838856,0.00030363239161143585
2573.057,0.1891379089,0.18892598448890746,0.0002119244110925511
2573.539,0.1893990673,0.18899104153910606,0.0004080257608939375
2574.021,0.189297654,0.18905560658504578,0.00024204741495423288
2574.503,0.1893881026,0.18911967113740447,0.00026843146259553086
2574.985,0.1894362513,0.18918322679263389,0.00025302450736611193
2575.467,0.1895261182,0.18924626523410307,0.00027985296589694286
2575.949,0.18945734600000003,0.18930877823322884,0.00014856776677119043
2576.432,0.18948487400000003,0.18937088567833651,0.0001139883216635107
2576.914,0.18955637970000003,0.18943232233275314,0.00012405736724688254
2577.396,0.1897783239,0.18949320938201691,0.0002851145179830761
2577.878,0.1896543969,0.18955353896092308,0.00010085793907690932
2578.36,0.1897454019,0.18961330329773912,0.00013209860226087722
2578.842,0.189894246,0.18967249471524378,0.00022175128475621086
2579.324,0.1896911451,0.18973110563175033,-3.9960531750316e-05
2579.806,0.1895796524,0.18978912856211416,-0.00020947616211416942
2580.289,0.1898166923,0.18984667463907015,-2.9982339070144803e-05
2580.771,0.1900399462,0.18990349827497996,0.00013644792502004455
2581.253,0.189905484,0.18995971204359144,-5.422804359142552e-05
2581.735,0.1902222609,0.19001530885589524,0.00020695204410475787
2582.217,0.1899033112,0.1900702817242244,-0.0001669705242244024
2582.699,0.19004718189999997,0.1901246237631647,-7.74418631647178e-05
2583.181,0.1900340129,0.190178328190449,-0.00014431529044900415
2583.663,0.1902321769,0.19023138832783554,7.885721644562693e-07
2584.146,0.1901799781,0.19028390565382614,-0.0001039275538261275
2584.627,0.1901433323,0.19033554954521767,-0.00019221724521767403
2585.11,0.1903016925,0.19038674309447612,-8.505059447611041e-05
2585.592,0.19012017530000003,0.19043716000376404,-0.00031698470376401167
2586.074,0.1903452606,0.19048690080921413,-0.00014164020921411669
2586.556,0.1902802165,0.19053595947444354,-0.00025574297444355687
2587.038,0.19019288750000002,0.19058433007276326,-0.00039144257276324534
2587.52,0.1903848155,0.1906320067879198,-0.0002471912879198068
2588.002,0.1903849917,0.19067898391481775,-0.00029399221481773985
2588.484,0.1903402853,0.19072525586022504,-0.0003849705602250453
2588.967,0.1905306072,0.19077091092647136,-0.00024030372647135256
2589.449,0.1904457573,0.1908157546890391,-0.0003699973890391173
2589.931,0.19057411340000002,0.1908598771576117,-0.00028576375761169004
2590.413,0.1904674498,0.19090327319335024,-0.0004358233933502431
2590.895,0.19061664960000002,0.19094593777254112,-0.00032928817254110343
2591.377,0.1907263068,0.1909878659871949,-0.000261559187194893
2591.859,0.1906399986,0.19102905304562562,-0.00038905444562561953
2592.341,0.1905713965,0.1910694942730125,-0.000498097773012518
2592.823,0.1906900508,0.19110918511194452,-0.00041913431194451345
2593.306,0.1905722882,0.19114820111539113,-0.0005759129153911358
2593.788,0.1905900653,0.19118637639801647,-0.0005963110980164721
2594.27,0.19067731640000002,0.19122378832097453,-0.0005464719209745117
2594.752,0.19071290789999998,0.19126043280180782,-0.0005475249018078443
2595.234,0.19077918749999997,0.19129630587791124,-0.0005171183779112687
2595.716,0.1908962422,0.19133140370696528,-0.0004351615069652648
2596.198,0.1910000561,0.19136572256735002,-0.0003656664673500065
2596.68,0.1910396563,0.1913992588585416,-0.0003596025585415885
2597.163,0.19102127289999998,0.19143207622860614,-0.0004108033286061574
2597.645,0.1910709992,0.19146403542491264,-0.00039303622491262957
2598.127,0.1910273042,0.191495201974121,-0.0004678977741210122
2598.609,0.19088969030000003,0.1915255727639288,-0.0006358824639287608
2599.091,0.1909328047,0.19155514480482805,-0.0006223401048280619
2599.573,0.1911623631,0.19158391523038953,-0.0004215521303895242
2600.055,0.19109944850000002,0.19161188129752688,-0.0005124327975268572
2600.537,0.19086097989999998,0.19163904038674237,-0.0007780604867423935
2601.02,0.19104992159999998,0.1916654438264949,-0.0006155222264949134
2601.502,0.1909248993,0.19169097991014006,-0.0007660806101400519
2601.984,0.1909687875,0.1917157018965461,-0.0007469143965461167
2602.466,0.19105273109999998,0.1917396076629106,-0.0006868765629106099
2602.948,0.1910685076,0.19176269521096734,-0.000694187610967345
2603.43,0.1910959538,0.19178496266711859,-0.0006890088671185901
2603.912,0.1909112737,0.19180640828254947,-0.0008951345825494728
2604.394,0.191106927,0.19182703043332305,-0.0007201034333230438
2604.876,0.1911686625,0.19184682762045657,-0.0006781651204565697
2605.359,0.19107805500000002,0.19186583696872497,-0.0007877819687249488
2605.841,0.1912609324,0.19188397851352051,-0.0006230461135205145
2606.323,0.1912456599,0.1919012913457342,-0.0006556314457341894
2606.805,0.19118623410000002,0.1919177744668482,-0.0007315403668481935
2607.287,0.1912254835,0.19193342700339946,-0.0007079435033994774
2607.769,0.1911722525,0.19194824820694362,-0.0007759957069436163
2608.251,0.1912726082,0.19196223745400012,-0.0006896292540001236
2608.733,0.1911317674,0.1919753942459788,-0.0008436268459787732
2609.216,0.1914604345,0.19198774291155973,-0.0005273084115597348
2609.698,0.1912275813,0.19199923206814734,-0.0007716507681473361
2610.18,0.19136796579999998,0.19200988802208996,-0.0006419222220899745
2610.662,0.191273989,0.1920197107735137,-0.0007457217735137023
2611.144,0.1912392944,0.19202870044679038,-0.0007894060467903696
2611.626,0.19116912889999998,0.19203685729035314,-0.0008677283903531507
2612.108,0.1912398117,0.1920441816764945,-0.0008043699764944956
2612.59,0.1912197483,0.19205067410114546,-0.0008309258011454657
2613.073,0.1911310185,0.19205634606493696,-0.0009253275649369619
2613.554,0.1910005511,0.19206116566643935,-0.0010606145664393551
2614.037,0.1912692604,0.19206517385336175,-0.0007959134533617462
2614.519,0.19121667080000002,0.19206834413710616,-0.0008516733371061458
2615.001,0.1911441633,0.19207068678702605,-0.000926523487026043
2615.483,0.1911081879,0.19207220303548633,-0.0009640151354863291
2615.965,0.191195964,0.19207289423643908,-0.0008769302364390885
2616.447,0.1913040083,0.192072761865059,-0.0007687535650590105
2616.929,0.1911090375,0.19207180751736175,-0.0009627700173617526
2617.411,0.19146872439999998,0.1920700329098039,-0.0006013085098039161
2617.894,0.1912957318,0.19206743364972212,-0.0007717018497221118
2618.376,0.1912271029,0.1920640224596759,-0.0008369195596759083
2618.858,0.1911776527,0.19205979688195823,-0.0008821441819582276
2619.34,0.1914272894,0.19205475911069292,-0.0006274697106929128
2619.822,0.1912380535,0.1920489114581857,-0.0008108579581856956
2620.304,0.1912542233,0.1920422563544219,-0.000788033054421905
2620.786,0.19130163249999999,0.19203479634654608,-0.0007331638465460921
2621.268,0.19097476759999998,0.19202653409832537,-0.0010517664983253905
2621.75,0.190964469,0.19201747238959624,-0.001053003389596241
2622.233,0.19094673490000003,0.1920075928368855,-0.0010608579368854842
2622.715,0.19108253439999998,0.19199693936488804,-0.0009144049648880659
2623.197,0.1908818424,0.19198549546912508,-0.0011036530691250768
2623.679,0.1911059856,0.19197326438808063,-0.0008672787880806276
2624.161,0.19095129289999999,0.19196024947329288,-0.0010089565732928907
2624.643,0.1910260985,0.19194645418870246,-0.0009203556887024678
2625.125,0.19098753599999999,0.19193188210998574,-0.0009443461099857553
2625.607,0.190808894,0.19191653692387128,-0.001107642923871277
2626.09,0.1908899031,0.19190038819787186,-0.001010485097871855
2626.572,0.19091213769999998,0.1918835067140103,-0.0009713690140103204
2627.054,0.1907667622,0.1918658638506296,-0.001099101650629597
2627.536,0.1906410529,0.19184746373174938,-0.0012064108317493827
2628.018,0.1906721681,0.1918283105887921,-0.001156142488792089
2628.5,0.1906187962,0.19180840875980776,-0.0011896125598077623
2628.982,0.1905968397,0.19178776268868436,-0.0011909229886843675
2629.464,0.1907810791,0.1917663769243427,-0.0009852978243427013
2629.947,0.1907303642,0.1917442094653422,-0.0010138452653422059
2630.429,0.19057191069999999,0.19172135686725095,-0.0011494461672509615
2630.911,0.1905045957,0.19169777885482214,-0.0011931831548221417
2631.393,0.1906179543,0.19167348038897997,-0.0010555260889799634
2631.875,0.1906523206,0.19164846653144008,-0.0009961459314400678
2632.357,0.1905181312,0.1916227424438185,-0.0011046112438184985
2632.839,0.19052064030000002,0.19159631338672783,-0.0010756730867278186
2633.321,0.19022971030000002,0.19156918471885984,-0.001339474418859815
2633.803,0.1904346488,0.1915413618960544,-0.0011067130960543958
2634.286,0.1904381913,0.1915127906061208,-0.0010745993061208048
2634.768,0.19038663679999998,0.19148359481383428,-0.0010969580138343038
2635.25,0.190157487,0.19145372181952042,-0.001296234819520431
2635.732,0.19041743870000002,0.19142317745823226,-0.001005738758232233
2636.214,0.1901991031,0.19139196765731797,-0.0011928645573179852
2636.696,0.190470178,0.19136009843541346,-0.0008899204354134715
2637.178,0.1904040985,0.19132757590142196,-0.0009234774014219571
2637.66,0.1901124792,0.19129440625348137,-0.0011819270534813853
2638.143,0.1901347487,0.19126052496997364,-0.0011257762699736495
2638.625,0.19011471130000002,0.19122607873064473,-0.0011113674306447163
2639.107,0.19007356900000003,0.1911910045101773,-0.0011174355101772615
2639.589,0.1901096885,0.19115530885326346,-0.0010456203532634434
2640.071,0.1900352483,0.19111899838848959,-0.001083750088489599
2640.553,0.1901456442,0.191082079827236,-0.0009364356272359986
2641.035,0.1900697048,0.1910445599625637,-0.0009748551625637092
2641.517,0.18989671860000001,0.19100644566809177,-0.0011097270680917593
2642.0,0.1900382823,0.19096766299691706,-0.0009293806969170593
2642.481,0.18975575460000002,0.19092846168020455,-0.0011727070802045325
2642.964,0.1896613573,0.19088852284768315,-0.0012271655476831511
2643.446,0.1899031132,0.19084809997440624,-0.0009449867744062423
2643.928,0.1898261239,0.19080711822290297,-0.0009809943229029672
2644.41,0.18978720400000001,0.19076558492613327,-0.0009783809261332543
2644.892,0.18954973979999998,0.19072350748946776,-0.0011737676894677807
2645.374,0.18942172540000002,0.19068089338948568,-0.0012591679894856656
2645.856,0.1893909585,0.19063775017276405,-0.001246791672764036
2646.338,0.1895602244,0.19059408545465817,-0.001033861054658164
2646.821,0.18933586040000003,0.1905498147326098,-0.0012139543326097624
2647.303,0.18938188709999998,0.19050512908492695,-0.0011232419849269704
2647.785,0.18925151289999997,0.19045994519854703,-0.0012084322985470575
2648.267,0.1891409809,0.19041427095170185,-0.0012732900517018475
2648.749,0.18904994339999998,0.19036811428517444,-0.001318170885174469
2649.231,0.1890382151,0.19032148320103087,-0.0012832681010308822
2649.713,0.1890188388,0.19027438576134437,-0.0012555469613443615
2650.195,0.1889316063,0.19022683008691196,-0.0012952237869119643
2650.677,0.18886250010000002,0.19017882435596412,-0.0013163242559640909
2651.16,0.1890714594,0.19013027583574071,-0.0010588164357407115
2651.642,0.18880628170000002,0.19008139385890435,-0.001275112158904329
2652.124,0.18900292,0.1900320867092059,-0.0010291667092059142
2652.606,0.18884648380000002,0.18998236278168207,-0.001135878981682048
2653.088,0.18911349619999998,0.1899322305222503,-0.0008187343222503252
2653.57,0.1886055036,0.18988169842638203,-0.0012761948263820266
2654.052,0.1887774545,0.18983077503776785,-0.0010533205377678545
2654.534,0.18875068550000001,0.18977946894697945,-0.001028783446979431
2655.017,0.18879829350000002,0.18972768118705519,-0.0009293876870551665
2655.499,0.1886082056,0.18967563489541817,-0.0010674292954181708
2655.981,0.18855435029999998,0.18962323195927655,-0.0010688816592765715
2656.463,0.1883303167,0.18957048114331637,-0.0012401644433163717
2656.945,0.1885400645,0.18951739125233164,-0.000977326752331642
2657.427,0.18829877669999998,0.18946397112985772,-0.001165194429857741
2657.909,0.1883271397,0.1894102296567999,-0.0010830899567998986
2658.391,0.188273115,0.18935617575005897,-0.001083060750058984
2658.874,0.1881744594,0.18930170527724563,-0.0011272458772456362
2659.356,0.18804058099999998,0.18924705278929832,-0.0012064717892983357
2659.838,0.1880481188,0.18919211483928133,-0.0011439960392813364
2660.32,0.1879616891,0.1891369004743232,-0.001175211374323193
2660.802,0.18791526579999998,0.18908141877062223,-0.0011661529706222529
2661.284,0.1880028434,0.1890256788320543,-0.001022835432054281
2661.766,0.18791079119999998,0.18896968978877726,-0.0010588985887772795
2662.248,0.1877552975,0.1889134607958343,-0.0011581632958342913
2662.73,0.1877642642,0.18885700103175485,-0.0010927368317548425
2663.213,0.187776396,0.1888002018770962,-0.00102380587709619
2663.695,0.1875473987,0.18874330776231463,-0.0011959090623146207
2664.177,0.1874715974,0.18868621055808232,-0.0012146131580823283
2664.659,0.18756923660000002,0.18862891952289262,-0.001059682922892602
2665.141,0.18755476059999998,0.18857144393170763,-0.0010166833317076518
2665.623,0.1874993699,0.18851379307455363,-0.0010144231745536358
2666.105,0.1874502301,0.18845597625511518,-0.0010057461551151725
2666.587,0.18734330899999999,0.188398002789329,-0.0010546937893290143
2667.07,0.1873009172,0.18833976127477323,-0.0010388440747732264
2667.552,0.18723143650000001,0.18828150222952106,-0.0010500657295210436
2668.034,0.18715657109999997,0.18822311456458302,-0.0010665434645830418
2668.516,0.187116854,0.1881646076308642,-0.0010477536308642066
2668.998,0.1871159363,0.18810599078449391,-0.0009900544844939074
2669.48,0.1871183296,0.18804727338542582,-0.0009289437854258231
2669.962,0.18700208159999998,0.18798846479603493,-0.0009863831960349456
2670.444,0.1869091477,0.18792957437971924,-0.001020426679719244
2670.927,0.1867389087,0.18787048910104354,-0.0011315804010435249
2671.408,0.1867817918,0.18781158551663552,-0.001029793716635502
2671.891,0.1866003148,0.18775238316778192,-0.0011520683677819221
2672.373,0.1866128385,0.18769325896694777,-0.0010804204669477846
2672.855,0.18669581529999998,0.18763409974206008,-0.0009382844420600944
2673.337,0.1865099245,0.1875749148333603,-0.0010649903333602995
2673.819,0.1863656739,0.18751571357237434,-0.0011500396723743422
2674.301,0.1866479784,0.18745650528053187,-0.0008085268805318735
2674.783,0.186373375,0.18739729926779097,-0.0010239242677909655
2675.265,0.1863597142,0.18733810483126434,-0.000978390631264342
2675.748,0.186242538,0.18727880851520728,-0.0010362705152072715
2676.23,0.1862441133,0.1872196651363511,-0.0009755518363510907
2676.712,0.18630147260000002,0.1871605611534797,-0.0008590885534796866
2677.194,0.1860529567,0.18710150579863685,-0.0010485490986368584
2677.676,0.18609470250000001,0.1870425082842141,-0.0009478057842140786
2678.158,0.185978776,0.18698357780160446,-0.001004801801604449
2678.64,0.1858832888,0.18692472351985995,-0.0010414347198599572
2679.122,0.1856929889,0.18686595458435412,-0.001172965684354127
2679.604,0.1857421457,0.18680728011545103,-0.00106513441545103
2680.087,0.18569137479999998,0.18674858780471565,-0.0010572130047156736
2680.569,0.1856107316,0.18669012976651295,-0.0010793981665129515
2681.051,0.18564090449999998,0.18663179341142794,-0.0009908889114279562
2681.533,0.18551277989999998,0.1865735877465154,-0.0010608078465154103
2682.015,0.185660437,0.18651552174724423,-0.0008550847472442169
2682.497,0.1852767548,0.18645760435620307,-0.0011808495562030674
2682.979,0.18542415129999998,0.18639984448181027,-0.0009756931818102887
2683.461,0.18517709289999998,0.1863422509970316,-0.0011651580970316322
2683.944,0.18522836389999997,0.1862847138013436,-0.0010563499013436228
2684.426,0.1853905284,0.18622747995742336,-0.0008369515574233599
2684.908,0.1849595756,0.18617043891471402,-0.0012108633147140113
2685.39,0.1848660578,0.18611359939160638,-0.001247541591606366
2685.872,0.1849747448,0.18605697006473315,-0.0010822252647331443
2686.354,0.1848967419,0.18600055956773223,-0.0011038176677322376
2686.836,0.1850181967,0.18594437649001644,-0.0009261797900164404
2687.318,0.1848573318,0.18588842937555283,-0.0010310975755528362
2687.801,0.1846964493,0.1858326114159637,-0.0011361621159636792
2688.283,0.1846862548,0.18577716220552604,-0.0010909074055260315
2688.765,0.1846409198,0.1857219743228582,-0.0010810545228581991
2689.247,0.1847212491,0.18566705611799772,-0.0009458070179977074
2689.729,0.18459605629999998,0.1856124158895572,-0.0010163595895572308
2690.211,0.18440756579999998,0.18555806188355653,-0.0011504960835565514
2690.693,0.18440274280000002,0.18550400229226446,-0.0011012594922644448
2691.175,0.18432806240000002,0.18545024525304943,-0.0011221828530494082
2691.657,0.18429074310000002,0.18539679884723953,-0.001106055747239515
2692.14,0.18419669049999998,0.1853435612122299,-0.0011468707122299082
2692.622,0.1842406025,0.18529076077330064,-0.0010501582733006554
2693.104,0.18401696820000002,0.18523829488061905,-0.0012213266806190282
2693.586,0.1841502449,0.1851861713800343,-0.0010359264800342827
2694.068,0.1839182871,0.18513439805580673,-0.0012161109558067318
2694.55,0.18396671309999998,0.1850829826295327,-0.0011162695295327263
2695.032,0.1838173746,0.18503193275907553,-0.001214558159075535
2695.514,0.1836404327,0.1849812560375108,-0.0013408233375108158
2695.997,0.1837482186,0.18493085604433707,-0.0011826374443370535
2696.479,0.18394949430000002,0.1848809489483868,-0.0009314546483867869
2696.961,0.1837145645,0.1848314373966985,-0.0011168728966984842
2697.443,0.1836983082,0.184782328712714,-0.0010840205127140012
2697.925,0.1837801636,0.18473363014997446,-0.0009534665499744688
2698.407,0.18377517050000003,0.1846853488911321,-0.0009101783911320827
2698.889,0.18377830939999998,0.18463749204697516,-0.0008591826469751818
2699.371,0.18354259169999998,0.1845900666554638,-0.0010474749554638119
2699.854,0.18374358950000003,0.1845429826579552,-0.0007993931579551861
2700.335,0.18363347900000002,0.18449653801238663,-0.0008630590123866189
2700.818,0.18358595260000002,0.18445035331729767,-0.0008644007172976531
2701.3,0.1836433864,0.1844047235853193,-0.0007613371853193163
2701.782,0.1835004731,0.1843595593842459,-0.0008590862842458857
2702.264,0.183454752,0.18431486729536437,-0.0008601152953643665
2702.746,0.18338223459999997,0.18427065382073543,-0.0008884192207354591
2703.228,0.1833418536,0.1842269253823296,-0.000885071782329605
2703.71,0.18331266110000002,0.18418368832117907,-0.0008710272211790437
2704.192,0.1832641449,0.18414094889653923,-0.0008768039965392216
2704.675,0.18304640800000002,0.18409862618727058,-0.0010522181872705538
2705.157,0.1828774705,0.18405690154638688,-0.0011794310463868751
2705.639,0.1830336365,0.18401569283334046,-0.0009820563333404475
2706.121,0.1831154287,0.18397500597200933,-0.000859577272009332
2706.603,0.1830711747,0.1839348468005132,-0.0008636721005131909
2707.085,0.182915359,0.1838952210704583,-0.0009798620704583039
2707.567,0.1829399719,0.18385613444619636,-0.0009161625461963641
2708.049,0.1828560993,0.18381759250409746,-0.0009614932040974689
2708.531,0.1827402634,0.18377960073183647,-0.0010393373318364763
2709.014,0.18273351680000002,0.18374208744043036,-0.001008570640430334
2709.496,0.1829333447,0.18370521328170936,-0.0007718685817093562
2709.978,0.1826609951,0.1836689052274939,-0.001007910127493905
2710.46,0.1828267841,0.18363316840364313,-0.0008063843036431317
2710.942,0.18274808480000002,0.18359800784396868,-0.0008499230439686645
2711.424,0.18261376510000002,0.18356342848960766,-0.0009496633896076412
2711.906,0.1825966103,0.18352943518841103,-0.0009328248884110379
2712.388,0.1827354956,0.18349603269434633,-0.0007605370943463419
2712.871,0.182563885,0.1834631582247103,-0.0008992732247102841
2713.353,0.18280468689999999,0.18343095247793367,-0.0006262655779336879
2713.835,0.1828570315,0.18339935124030787,-0.0005423197403078839
2714.317,0.18275264100000002,0.18336835888438774,-0.0006157178843877176
2714.799,0.1827564498,0.18333797968607934,-0.0005815298860793461
2715.281,0.1826545611,0.1833082178241325,-0.0006536567241325064
2715.763,0.1826771689,0.1832790773796476,-0.0006019084796476115
2716.245,0.18268758980000002,0.18325056233559905,-0.0005629725355990323
2716.728,0.1824770205,0.18322261937888373,-0.0007455988788837298
2717.21,0.1825547663,0.18319536800712105,-0.0006406017071210468
2717.692,0.1825455054,0.18316875339895977,-0.0006232479989597695
2718.174,0.1824430142,0.18314277914019403,-0.0006997649401940254
2718.656,0.18260266819999998,0.18311744871633437,-0.0005147805163343844
2719.138,0.18240175109999998,0.18309276551222237,-0.0006910144122223849
2719.62,0.1824796107,0.18306873281166067,-0.0005891221116606782
2720.102,0.1824116861,0.18304535379705977,-0.0006336676970597754
2720.584,0.1823787634,0.183022631549099,-0.0006438681490990028
2721.067,0.1822157649,0.18300052396139327,-0.0007847590613932753
2721.549,0.1821845264,0.18297912545788148,-0.0007945990578814843
2722.031,0.1822485743,0.18295839235516026,-0.0007098180551602662
2722.513,0.1820826206,0.18293832732369975,-0.0008557067236997506
2722.995,0.18229445930000002,0.18291893293078113,-0.0006244736307811083
2723.477,0.1822807724,0.18290021164025191,-0.0006194392402519011
2723.959,0.18223497290000001,0.18288216581229821,-0.0006471929122982001
2724.441,0.1823713545,0.1828647977032305,-0.0004934432032304981
2724.924,0.18202313069999998,0.18284807555054944,-0.0008249448505494583
2725.406,0.1821839747,0.18283207064854234,-0.0006480959485423432
2725.888,0.1822584333,0.1828167496131341,-0.0005583163131341051
2726.37,0.18219991589999998,0.18280211428310467,-0.0006021983831046851
2726.852,0.1821144834,0.1827881663925301,-0.0006736829925300947
2727.334,0.18215557440000002,0.18277490757066478,-0.0006193331706647598
2727.816,0.18228198899999998,0.18276233934183916,-0.00048035034183918635
2728.298,0.18234297049999998,0.18275046312537227,-0.00040749262537229103
2728.781,0.18217528309999997,0.18273925775605282,-0.0005639746560528458
2729.262,0.1824007766,0.1827287918813268,-0.00032801528132678226
2729.745,0.18228818019999998,0.18271897957376187,-0.00043079937376189203
2730.227,0.1821704762,0.18270988494382048,-0.0005394087438204964
2730.709,0.18221274269999999,0.18270148784747836,-0.0004887451474783755
2731.191,0.1821790531,0.18269378907282968,-0.0005147359728296941
2731.673,0.1821806789,0.1826867893027902,-0.0005061104027901941
2732.155,0.182109551,0.18268048911513707,-0.0005709381151370596
2732.637,0.18219006969999998,0.18267488898256196,-0.00048481928256197127
2733.119,0.1821891964,0.18266998927274236,-0.00048079287274235827
2733.602,0.1821555048,0.18266578226524566,-0.000510277465245651
2734.084,0.1820387418,0.1826622855384767,-0.0006235437384767006
2734.566,0.1822100151,0.18265948970834112,-0.000449474608341105
2735.048,0.18218445,0.182657394723251,-0.0004729447232509898
2735.53,0.18213301810000002,0.18265600042718616,-0.0005229823271861445
2736.012,0.182159713,0.1826553065598571,-0.0004955935598570937
2736.494,0.1823491206,0.18265531275688315,-0.00030619215688315604
2736.976,0.1822774802,0.1826560185499857,-0.0003785383499856909
2737.458,0.1823242122,0.18265742336719676,-0.00033321116719675636
2737.941,0.182308197,0.18265953162190535,-0.0003513346219053415
2738.423,0.1823678674,0.18266233380416325,-0.00029446640416325165
2738.905,0.1826256537,0.18266583267286385,-4.017897286384686e-05
2739.387,0.1824708574,0.182670027243455,-0.00019916984345499933
2739.869,0.18223828220000002,0.18267491642896433,-0.00043663422896431103
2740.351,0.1822850241,0.18268049904029768,-0.0003954749402976798
2740.833,0.18245387170000002,0.18268677378655246,-0.00023290208655243894
2741.315,0.1822557396,0.18269373927534605,-0.00043799967534605133
2741.798,0.1823154177,0.18270141060974002,-0.0003859929097400072
2742.28,0.18211575719999998,0.1827097544272118,-0.0005939972272118177
2742.762,0.1820951466,0.18271878420107196,-0.0006236376010719524
2743.244,0.18213574049999998,0.1827284981363823,-0.000592757636382335
2743.726,0.1821363148,0.18273889433858376,-0.0006025795385837529
2744.208,0.18232391499999998,0.18274997081391248,-0.00042605581391250147
2744.69,0.1822073645,0.18276172546982722,-0.0005543609698272223
2745.172,0.1821706655,0.18277415611545406,-0.0006034906154540609
2745.655,0.1821582673,0.18278728834815594,-0.0006290210481559311
2746.137,0.18235057130000001,0.18280106539977498,-0.0004504940997749618
2746.619,0.1822696088,0.18281551127787682,-0.0005459024778768085
2747.101,0.18229249079999998,0.1828306234027674,-0.000538132602767416
2747.583,0.1823499428,0.18284639909884676,-0.0004964562988467591
2748.065,0.18241432870000002,0.1828628355951336,-0.00044850689513359354
2748.547,0.1823606387,0.18287993002580588,-0.0005192913258058873
2749.029,0.1823668215,0.1828976794307539,-0.0005308579307539141
2749.511,0.1827487464,0.1829160807561458,-0.0001673343561457985
2749.994,0.1824778582,0.18293517105020146,-0.0004573128502014523
2750.476,0.182648667,0.1829548680188621,-0.00030620101886211226
2750.958,0.1826499816,0.18297520718299623,-0.0003252255829962192
2751.44,0.18250233510000002,0.18299618511962268,-0.0004938500196226547
2751.922,0.1825901969,0.18301779831506682,-0.00042760141506681393
2752.404,0.18274852809999997,0.18304004316560551,-0.00029151506560554097
2752.886,0.18269970659999998,0.18306291597812224,-0.00036320937812225895
2753.368,0.1827022007,0.1830864129707767,-0.0003842122707767015
2753.851,0.1828511586,0.18311058095166424,-0.00025942235166423466
2754.333,0.1830072642,0.18313531588216173,-0.0001280516821617339
2754.815,0.1830250552,0.18316066311332402,-0.00013560791332400957
2755.297,0.18299737870000002,0.18318661851516913,-0.0001892398151691066
2755.779,0.18311960559999998,0.1832131778725188,-9.357227251882705e-05
2756.261,0.1830209147,0.18324033688573838,-0.00021942218573836603
2756.743,0.18308963949999998,0.18326809117149048,-0.00017845167149049823
2757.225,0.1832033998,0.1832964362634978,-9.303646349778649e-05
2757.708,0.1830236137,0.1833254282430808,-0.00030181454308078615
2758.189,0.1831503451,0.18335488059113192,-0.0002045354911319186
2758.672,0.18301170379999998,0.18338503351010127,-0.0003733297101012889
2759.154,0.183169304,0.18341569671487762,-0.0002463927148776135
2759.636,0.18335923910000002,0.18344692716776098,-8.768806776096594e-05
2760.118,0.1831639402,0.1834787199213387,-0.00031477972133869825
2760.6,0.1830715205,0.18351106995091548,-0.0004395494509154829
2761.082,0.18321746919999998,0.18354397215536425,-0.0003265029553642662
2761.564,0.18324949920000003,0.18357742135798705,-0.0003279221579870206
2762.046,0.18328165559999998,0.18361141230738537,-0.00032975670738538687
2762.529,0.1830631533,0.1836460118657678,-0.0005828585657677854
2763.011,0.18326468370000001,0.18368107135618264,-0.0004163876561826263
2763.493,0.18322037959999998,0.18371665638840992,-0.0004962767884099384
2763.975,0.18346849299999998,0.18375276142100905,-0.00028426842100906513
2764.457,0.1835580956,0.18378938084234048,-0.00023128524234047876
2764.939,0.1834906874,0.18382650897149516,-0.00033582157149517067
2765.421,0.1832593632,0.1838641400592309,-0.00060477685923091
2765.903,0.1836150808,0.1839022682889194,-0.00028718748891939927
2766.385,0.18358320930000002,0.18394088777750128,-0.0003576784775012609
2766.868,0.18367102700000001,0.18398007420705453,-0.00030904720705451916
2767.35,0.18388538029999998,0.18401965929144082,-0.00013427899144083377
2767.832,0.1836392352,0.1840597175839564,-0.00042048238395639426
2768.314,0.1837639105,0.1841002429454053,-0.0003363324454053185
2768.796,0.18376466889999998,0.18414122917506243,-0.00037656027506244305
2769.278,0.18367914200000002,0.1841826700116781,-0.0005035280116780783
2769.76,0.1837809496,0.18422455913448882,-0.0004436095344888258
2770.242,0.1839511435,0.1842668901642377,-0.00031574666423769826
2770.725,0.1839928998,0.18430974583955373,-0.0003168460395537309
2771.207,0.18414795260000003,0.18435294219977794,-0.00020498959977791054
2771.689,0.1840708613,0.18439656097486418,-0.00032569967486417717
2772.171,0.18424018709999998,0.18444059556180414,-0.0002004084618041635
2772.653,0.1842154701,0.18448503930430193,-0.00026956920430193376
2773.135,0.18414431820000002,0.18452988549383215,-0.0003855672938321286
2773.617,0.1842375042,0.18457512737070927,-0.0003376231707092614
2774.099,0.1843373187,0.18462075812515968,-0.0002834394251596817
2774.582,0.1843044278,0.18466686675291027,-0.00036243895291027117
2775.064,0.1843392613,0.18471325540926578,-0.0003739941092657795
2775.546,0.1843440678,0.18476001220969357,-0.0004159444096935583
2776.028,0.1842882537,0.1848071301548253,-0.0005188764548253177
2776.51,0.1844131237,0.18485460220065958,-0.00044147850065959227
2776.992,0.18451993649999998,0.18490242125966838,-0.0003824847596684
2777.474,0.18467728269999997,0.1849505802019102,-0.0002732975019102135
2777.956,0.18471021440000002,0.18499907185614511,-0.0002888574561450974
2778.438,0.1848474789,0.18504788901095665,-0.00020041011095664474
2778.921,0.1848374977,0.18509712668232117,-0.0002596289823211806
2779.403,0.18481682710000003,0.1851465736865074,-0.0003297465865073623
2779.885,0.1849402977,0.18519632431200217,-0.0002560266120021637
2780.367,0.1847962989,0.18524637119790577,-0.0004500722979057792
2780.849,0.1848359905,0.1852967069488139,-0.0004607164488139026
2781.331,0.18496799419999999,0.1853473241359617,-0.0003793299359617086
2781.813,0.18510440679999998,0.18539821529837316,-0.00029380849837318257
2782.295,0.18517604550000002,0.18544937294401204,-0.0002733274440120115
2782.778,0.185178583,0.18550089648835175,-0.0003223134883517387
2783.26,0.1853107845,0.18555256501960632,-0.00024178051960632718
2783.742,0.1851297238,0.18560447736743527,-0.00047475356743525987
2784.224,0.1852816967,0.1856566259270871,-0.0003749292270870952
2784.706,0.185498807,0.1857090030685557,-0.0002101960685557125
2785.188,0.1855632009,0.18576160113774645,-0.00019840023774644888
2785.67,0.18540163580000002,0.185814412457647,-0.00041277665764696825
2786.152,0.1854837887,0.18586742932949807,-0.00038364062949805544
2786.635,0.1855739395,0.18592075463819874,-0.00034681513819873055
2787.116,0.18558556289999997,0.18597404883232022,-0.00038848593232024276
2787.599,0.1855693684,0.18602774732838176,-0.00045837892838176963
2788.081,0.1854601087,0.1860815093806652,-0.0006214006806652128
2788.563,0.18570702860000002,0.1861354381898297,-0.0004284095898296758
2789.045,0.18582368999999999,0.1861895259512863,-0.0003658359512863085
2789.527,0.18576551219999998,0.1862437648469382,-0.0004782526469382098
2790.009,0.18581647499999998,0.18629814704636005,-0.000481672046360071
2790.491,0.1857650716,0.18635266470797865,-0.0005875931079786512
2790.973,0.1859522263,0.186407309980252,-0.0004550836802520164
2791.456,0.18593103630000002,0.18646218874225193,-0.0005311524422519087
2791.938,0.1859920168,0.18651706587117278,-0.0005250490711727895
2792.42,0.18623923569999998,0.1865720469917673,-0.00033281129176732094
2792.902,0.1860543958,0.18662712422440542,-0.000572728424405422
2793.384,0.1860849111,0.18668228968538636,-0.00059737858538636
2793.866,0.18606475840000003,0.1867375354881141,-0.0006727770881140571
2794.348,0.1865019133,0.18679285374427418,-0.0002909404442741903
2794.83,0.1861249318,0.18684823656500715,-0.0007233047650071489
2795.312,0.1865607253,0.1869036760620815,-0.0003429507620814898
2795.795,0.18643812010000002,0.18695927951523916,-0.0005211594152391419
2796.277,0.1864300458,0.1870148087853419,-0.0005847629853419078
2796.759,0.1864913696,0.1870703710662171,-0.0005790014662170884
2797.241,0.1865124821,0.18712595848384728,-0.000613476383847289
2797.723,0.1865492882,0.1871815631706797,-0.0006322749706796915
2798.205,0.1866904867,0.18723717726678762,-0.0005466905667876332
2798.687,0.1867273156,0.18729279292102569,-0.0005654773210256869
2799.169,0.18712382170000003,0.18734840229218613,-0.0002245805921861077
2799.652,0.1867456605,0.18740411287291114,-0.0006584523729111502
2800.134,0.1869377945,0.1874596861461747,-0.0005218916461746936
2800.616,0.186916761,0.18751522966767747,-0.0005984686676774875
2801.098,0.1869123943,0.18757073564747095,-0.0006583413474709476
2801.58,0.18717653909999998,0.18762619631126978,-0.0004496572112697994
2802.062,0.18713311359999998,0.18768160390158378,-0.0005484903015837983
2802.544,0.18713799430000003,0.1877369506788497,-0.0005989563788496854
2803.026,0.1873923181,0.18779222892255476,-0.00039991082255474986
2803.509,0.1873488344,0.18784754537477524,-0.0004987109747752461
2803.991,0.1872435754,0.18790266328956892,-0.0006590878895689212
2804.473,0.18732617000000001,0.1879576896189012,-0.0006315196189011774
2804.955,0.18738360320000003,0.18801261672968103,-0.0006290135296810051
2805.437,0.1875338577,0.18806743701343007,-0.0005335793134300659
2805.919,0.18766422670000002,0.18812214288737905,-0.0004579161873790316
2806.401,0.1875173072,0.18817672679556063,-0.000659419595560623
2806.883,0.1877576458,0.18823118120989482,-0.0004735354098948097
2807.365,0.18772931499999998,0.1882854986312698,-0.0005561836312698298
2807.848,0.1877639529,0.1883397838273157,-0.0005758309273156959
2808.33,0.18787879,0.18839380456382274,-0.0005150145638227466
2808.812,0.18807533329999998,0.18844766597923213,-0.00037233267923214575
2809.294,0.1880892989,0.18850136070106255,-0.000412061801062541
2809.776,0.188235856,0.18855488139111737,-0.0003190253911173613
2810.258,0.188401318,0.18860822074652656,-0.00020690274652654383
2810.74,0.18842940800000002,0.18866137150078524,-0.00023196350078522054
2811.222,0.1884811751,0.18871432642478314,-0.00023315132478313183
2811.705,0.1885531084,0.18876718755560284,-0.00021407915560284208
2812.187,0.1884096714,0.1888197288429895,-0.00041005744298949764
2812.669,0.18850699980000002,0.18887205283264125,-0.0003650530326412271
2813.151,0.18848250579999998,0.1889241524552755,-0.0004416466552755183
2813.633,0.18838405160000002,0.18897602068405123,-0.0005919690840512082
2814.115,0.1887280275,0.18902765053555454,-0.0002996230355545304
2814.597,0.1886685743,0.1890790350707779,-0.00041046077077788734
2815.079,0.1889460163,0.18913016739609045,-0.00018415109609046243
2815.562,0.1889469764,0.18918114593638619,-0.00023416953638619176
2816.043,0.18883796449999998,0.18923164807511386,-0.00039368357511387897
2816.526,0.18896442100000002,0.18928208701808613,-0.00031766601808611017
2817.008,0.1890171882,0.18933214192209155,-0.0003149537220915599
2817.49,0.1892671726,0.1893819108483421,-0.0001147382483421
2817.972,0.1892776688,0.18943138719550032,-0.00015371839550032407
2818.454,0.1892113375,0.18948056441416988,-0.00026922691416989
2818.936,0.1891690985,0.1895294360077982,-0.0003603375077982085
2819.418,0.189101732,0.1895779955335701,-0.0004762635335701093
2819.9,0.18907102609999998,0.1896262366032918,-0.0005552105032918253
2820.383,0.18948527129999998,0.18967425195365717,-0.0001889806536571892
2820.865,0.1893026465,0.18972183647620877,-0.00041918997620876697
2821.347,0.18943037480000002,0.18976908370172008,-0.00033870890172005286
2821.829,0.1894020373,0.1898159874692616,-0.000413950169261601
2822.311,0.1893825006,0.18986254167680675,-0.000480041076806742
2822.793,0.1897178627,0.18990874028205956,-0.00019087758205957317
2823.275,0.18967054139999998,0.1899545773032708,-0.00028403590327083506
2823.757,0.18979358059999998,0.19000004682004462,-0.00020646622004463766
2824.24,0.18966933860000001,0.19004523614248076,-0.0003758975424807409
2824.722,0.1896865547,0.19008995234596457,-0.0004033976459645594
2825.204,0.1897132145,0.19013428364803459,-0.00042106914803458073
2825.686,0.18992644479999998,0.19017822438170517,-0.00025177958170519155
2826.168,0.189857676,0.1902217689452245,-0.0003640929452244923
2826.65,0.1901597143,0.19026491180281818,-0.0001051975028181773
2827.132,0.1900886086,0.19030764748542214,-0.000219038885422157
2827.614,0.19016901390000002,0.19034997059140513,-0.00018095669140510973
2828.096,0.1902717891,0.19039187578727962,-0.00012008668727961358
2828.579,0.189969049,0.19043344342718216,-0.0004643944271821576
2829.061,0.1902727504,0.19047449618435697,-0.00020174578435697144
2829.543,0.1902613516,0.1905151154362109,-0.000253763836210924
2830.025,0.19049227359999998,0.19055529612886907,-6.302252886908333e-05
2830.507,0.1903234957,0.19059503327998997,-0.0002715375799899611
2830.989,0.19008774760000002,0.19063432197940874,-0.0005465743794087208
2831.471,0.1904074351,0.19067315738976914,-0.00026572228976914913
2831.953,0.1904046225,0.19071153474714359,-0.0003069122471435759
2832.436,0.19032177560000002,0.1907495275384331,-0.00042775193843308523
2832.918,0.1907207858,0.1907869738204294,-6.618802042940297e-05
2833.4,0.19056196379999998,0.19082394819491294,-0.00026198439491295633
2833.882,0.19045979710000002,0.19086044619779427,-0.00040064909779424784
2834.364,0.1908116007,0.19089646344133643,-8.48627413364278e-05
2834.846,0.1906980394,0.19093199561470417,-0.0002339562147041785
2835.328,0.19065791229999998,0.19096703848449995,-0.00030912618449996376
2835.81,0.1909455044,0.19100158789528854,-5.608349528854473e-05
2836.292,0.1909949165,0.19103563977010857,-4.072327010856691e-05
2836.775,0.1908070755,0.1910692591934136,-0.0002621836934136035
2837.257,0.1909787705,0.19110230302911946,-0.00012353252911945223
2837.739,0.1912004032,0.19113483756586974,6.556563413026573e-05
2838.221,0.1909789684,0.19116685904563768,-0.00018789064563767832
2838.703,0.1909887482,0.19119836379124472,-0.00020961559124471618
2839.185,0.1909573631,0.19122934820679732,-0.00027198510679732335
2839.667,0.1909466359,0.19125980877811175,-0.00031317287811175043
2840.149,0.1909927433,0.19128974207312482,-0.0002969987731248347
2840.632,0.1909994725,0.19131920518981782,-0.000319732689817831
2841.114,0.19123745199999997,0.19134807285550715,-0.00011062085550717082
2841.596,0.1910529282,0.19137640343884033,-0.00032347523884032614
2842.078,0.1910258461,0.1914041938402735,-0.0003783477402734825
2842.56,0.19103967489999998,0.1914314410442508,-0.00039176614425082135
2843.042,0.19122051419999997,0.1914581421195382,-0.00023762791953824136
2843.524,0.191113575,0.1914842942195466,-0.0003707192195465947
2844.006,0.191357446,0.19150989458263862,-0.00015244858263863126
2844.489,0.1912167485,0.19153499191685378,-0.00031824341685376956
2844.97,0.1913206867,0.19155942947804777,-0.0002387427780477791
2845.453,0.1914705095,0.1915834079772803,-0.00011289847728029878
2845.935,0.19133014110000002,0.19160677431717385,-0.0002766332171738328
2846.417,0.1915002143,0.19162957639138894,-0.00012936209138894594
2846.899,0.1913293265,0.1916518119539315,-0.000322485453931487
2847.381,0.1913377163,0.19167347884555397,-0.00033576254555398033
2847.863,0.1913843871,0.19169457499395914,-0.00031018789395914625
2848.345,0.1914037657,0.19171509841399048,-0.00031133271399047535
2848.827,0.1914113337,0.1917350472078096,-0.0003237135078096032
2849.31,0.191317468,0.191754459156259,-0.0004369911562590034
2849.792,0.19145701710000002,0.1917732521529879,-0.0003162350529878899
2850.274,0.1914558224,0.19179146535217254,-0.00033564295217253237
2850.756,0.1914836713,0.19180909720693803,-0.00032542590693804274
2851.238,0.1914113305,0.19182614625841654,-0.00041481575841653684
2851.72,0.1914873107,0.1918426111358448,-0.00035530043584480753
2852.202,0.1916648094,0.19185849055664916,-0.00019368115664916696
2852.684,0.1917277235,0.19187378332651694,-0.00014605982651694216
2853.167,0.19158894140000002,0.19188851823608788,-0.00029957683608786145
2853.649,0.19178101919999999,0.19190263325194717,-0.00012161405194718866
2854.131,0.19164172629999998,0.19191615856218075,-0.0002744322621807682
2854.613,0.1916862752,0.19192909332615607,-0.00024281812615606357
2855.095,0.1916603775,0.19194143679166187,-0.0002810592916618615
2855.577,0.191752486,0.191953188294901,-0.00020070229490098956
2856.059,0.1917205709,0.19196434726046974,-0.0002437763604697385
2856.541,0.1916468243,0.19197491320132415,-0.00032808890132415836
2857.023,0.1917147069,0.19198488571873323,-0.0002701788187332299
2857.506,0.1916323194,0.19199428334292296,-0.00036196394292295486
2857.988,0.19177222570000002,0.19200306693774563,-0.00023084123774561038
2858.47,0.19180014839999998,0.19201125644196015,-0.00021110804196017297
2858.952,0.1916967846,0.19201885180954315,-0.00032206720954314205
2859.434,0.1915822918,0.19202585308235587,-0.0004435612823558699
2859.916,0.1916293651,0.19203226039001944,-0.00040289529001943936
2860.398,0.1917282293,0.19203807394977734,-0.0003098446497773466
2860.88,0.19180850670000002,0.1920432940663453,-0.00023478736634527375
2861.363,0.1916536716,0.19204793011531202,-0.0003942585153120237
2861.845,0.1916854969,0.1920519633798652,-0.0003664664798651851
2862.327,0.19164659520000002,0.19205540463978138,-0.0004088094397813602
2862.809,0.1918346174,0.19205825454808811,-0.00022363714808812385
2863.291,0.19177337139999998,0.19206051384434364,-0.0002871424443436632
2863.773,0.1917334901,0.19206218335441,-0.00032869325441001185
2864.255,0.191819052,0.1920632639902144,-0.00024421199021440465
2864.737,0.1916967671,0.19206375674949788,-0.00036698964949788415
2865.219,0.1918411743,0.19206366271555247,-0.00022248841555247423
2865.702,0.1917394678,0.19206298103896452,-0.00032351323896451234
2866.184,0.1919376873,0.19206171579822062,-0.00012402849822062967
2866.666,0.19182374289999998,0.19205986752747045,-0.0002361246274704687
2867.148,0.1918373982,0.19205743764950134,-0.00022003944950133025
2867.63,0.1918404937,0.1920544276711491,-0.00021393397114910506
2868.112,0.1917389634,0.19205083918296117,-0.0003118757829611851
2868.594,0.19171333019999998,0.19204667385884808,-0.0003333436588481009
2869.076,0.1919261908,0.1920419334557225,-0.00011574265572250608
2869.559,0.19196844070000002,0.19203660819441165,-6.816749441163061e-05
2870.041,0.1919676323,0.19203072205088528,-6.308975088528679e-05
2870.523,0.19193463179999998,0.19202426659756017,-8.963479756018966e-05
2871.005,0.1921009415,0.19201724391968727,8.3697580312736e-05
2871.487,0.1919293489,0.19200965618354088,-8.03072835408869e-05
2871.969,0.19190602080000002,0.19200150563598783,-9.548483598781354e-05
2872.451,0.1919743481,0.191992794604046,-1.8446504046004675e-05
2872.933,0.1919977059,0.19198352549443143,1.4180405568581245e-05
2873.416,0.19206547270000002,0.19197367983412578,9.179286587424063e-05
2873.897,0.1920641276,0.19196332306474093,0.00010080453525906918
2874.38,0.19185782289999997,0.19195237170967255,-9.454880967257884e-05
2874.862,0.1918368789,0.19194089480065546,-0.00010401590065545196
2875.344,0.1917334983,0.19192887303226414,-0.00019537473226413637
2875.826,0.1917893011,0.19191630927942605,-0.00012700817942604137
2876.308,0.1917234547,0.191903206493285,-0.00017975179328499902
2876.79,0.19156364660000003,0.1918895677006614,-0.0003259211006613749
2877.272,0.1917736017,0.1918753960035016,-0.00010179430350160112
2877.754,0.1917114767,0.191860694578316,-0.0001492178783160103
2878.237,0.1918165041,0.19184543453747108,-2.8930437471069714e-05
2878.719,0.1918187266,0.19182968239928197,-1.0955799281980871e-05
2879.201,0.1919295215,0.19181341051134382,0.0001161109886561873
2879.683,0.1916861239,0.1917966223427589,-0.00011049844275889953
2880.165,0.19179075510000002,0.19177932143423465,1.1433665765364642e-05
2880.647,0.1916817932,0.19176151139746211,-7.971819746210862e-05
2881.129,0.19186752640000002,0.1917431959144851,0.00012433048551491188
2881.611,0.1917175686,0.19172437873705933,-6.810137059332089e-06
2882.094,0.1915528188,0.19170502309843046,-0.0001522042984304639
2882.576,0.1917882032,0.19168521304218783,0.00010299015781217724
2883.058,0.19152879890000002,0.19166491296676624,-0.00013611406676622417
2883.54,0.19165623440000001,0.19164412689631322,1.2107503686797916e-05
2884.022,0.19166471229999998,0.19162285892134323,4.1853378656753204e-05
2884.504,0.19163253310000003,0.19160111319804252,3.141990195751343e-05
2884.986,0.1917142762,0.19157889394756417,0.00013538225243583946
2885.468,0.19148570620000002,0.19155620545531474,-7.049925531471546e-05
2885.95,0.1914590905,0.1915330520702326,-7.396157023259464e-05
2886.433,0.19144202870000002,0.1915093887370582,-6.736003705817839e-05
2886.915,0.191474917,0.19148531792221254,-1.0400922212550068e-05
2887.397,0.1913163579,0.1914607956446674,-0.00014443774466738057
2887.879,0.1912795982,0.19143582650022722,-0.00015622830022721246
2888.361,0.1912421085,0.19141041514449342,-0.00016830664449341004
2888.843,0.19149120109999998,0.19138456629209338,0.00010663480790659707
2889.325,0.19123314090000001,0.19135828471590233,-0.00012514381590231216
2889.807,0.1912377283,0.19133157524625688,-9.384694625688694e-05
2890.29,0.1910807144,0.1913043860424239,-0.00022367164242390047
2890.772,0.1912157396,0.19127683464057776,-6.109504057777437e-05
2891.254,0.19141025290000002,0.19124887018351358,0.0001613827164864412
2891.736,0.19118388,0.19122049772352034,-3.661772352034354e-05
2892.218,0.1909371342,0.19119172236630794,-0.0002545881663079397
2892.7,0.191047683,0.19116254927017884,-0.00011486627017884277
2893.182,0.1910624003,0.1911329836451925,-7.058334519249865e-05
2893.664,0.1910493036,0.1911030307523232,-5.372715232321301e-05
2894.146,0.1912093119,0.1910726959026123,0.0001366159973877068
2894.629,0.1910473396,0.1910419203518926,5.419248107402241e-06
2895.111,0.1910496061,0.19101083695316595,3.876914683403898e-05
2895.593,0.19104578190000002,0.19097938783391372,6.63940660863005e-05
2896.075,0.1908796234,0.19094757849693364,-6.795509693363622e-05
2896.557,0.1909734803,0.19091541449075528,5.806580924472282e-05
2897.039,0.1910236841,0.19088290140875624,0.00014078269124376264
2897.521,0.1910489472,0.19085004488827312,0.0001989023117268951
2898.003,0.1908727362,0.1908168506097064,5.58855902935973e-05
2898.486,0.1908928229,0.19078325439779484,0.00010956850220517067
2898.968,0.190885675,0.1907494011411236,0.00013627385887640675
2899.45,0.1904843354,0.19071522742901648,-0.00023089202901646622
2899.932,0.19072474350000002,0.19068073910516428,4.400439483573382e-05
2900.414,0.1907548928,0.19064594205177232,0.00010895074822767081
2900.896,0.1906542416,0.19061084218863703,4.3399411362970985e-05
2901.378,0.19071194760000001,0.19057544547221794,0.00013650212778207327
2901.86,0.1905172875,0.19053975789470565,-2.2470394705653707e-05
2902.343,0.1905002396,0.19050371055964146,-3.4709596414550514e-06
2902.824,0.19061163849999999,0.1904675342982007,0.00014410420179927774
2903.307,0.19056202200000003,0.19043093437894454,0.00013108762105548677
2903.789,0.1904723843,0.19039414341412353,7.824088587646272e-05
2904.271,0.1907073148,0.1903570920650429,0.0003502227349571063
2904.753,0.19033545749999997,0.1903197865185552,1.5670981444781962e-05
2905.235,0.1905476066,0.1902822329906136,0.00026537360938641563
2905.717,0.1902675391,0.19024443772531202,2.3101374687972687e-05
2906.199,0.1907284418,0.1902064069939222,0.0005220348060778202
2906.681,0.19035823659999998,0.19016814709392776,0.0001900895060722163
2907.164,0.190355958,0.19012958428108545,0.00022637371891454094
2907.646,0.19025943139999998,0.19009088459378315,0.00016854680621683493
2908.128,0.1903972431,0.19005197479114438,0.00034526830885561743
2908.61,0.1903142794,0.19001286126584033,0.0003014181341596811
2909.092,0.19024722189999999,0.18997355043188785,0.0002736714681121355
2909.574,0.1901894915,0.1899340487236711,0.00025544277632891244
2910.056,0.1901211789,0.1898943625949609,0.0002268163050390959
2910.538,0.19012562979999997,0.18985449851793235,0.00027113128206762704
2911.021,0.19015543229999998,0.18981437974718401,0.000341052552815968
2911.503,0.18993167419999998,0.18977417892329204,0.00015749527670794183
2911.985,0.19002743930000002,0.18973381968173894,0.0002936196182610762
2912.467,0.1899243834,0.18969330855850045,0.00023107484149956226
2912.949,0.1898192013,0.18965265210302668,0.0001665491969733146
2913.431,0.18985765919999997,0.1896118568772536,0.0002458023227463746
2913.913,0.18993720079999998,0.18957092945461465,0.0003662713453853328
2914.395,0.19004101469999998,0.1895298764190515,0.000511138280948481
2914.877,0.18949318699999998,0.18948870436402493,4.482635975050497e-06
2915.36,0.1896799816,0.1894473341268194,0.00023264747318058054
2915.842,0.1898612638,0.18940594363373514,0.00045532016626487204
2916.324,0.1894183539,0.18936445396252455,5.389993747545452e-05
2916.806,0.18960777920000002,0.18932287173484408,0.00028490746515594245
2917.288,0.18957720160000002,0.18928120357692318,0.00029599802307683776
2917.77,0.18946280510000002,0.1892394561185768,0.00022334898142323256
2918.252,0.1894152475,0.18919763599221878,0.0002176115077812124
2918.734,0.1893524167,0.18915574983187694,0.00019666686812305767
2919.217,0.18933197159999998,0.18911371719108186,0.00021825440891812264
2919.699,0.1893484514,0.18907171876381176,0.00027673263618824273
2920.181,0.18919471300000001,0.1890296742182419,0.00016503878175810893
2920.663,0.1890971052,0.1889875901850164,0.00010951501498360217
2921.145,0.18927086890000003,0.18894547329148215,0.0003253956085178811
2921.627,0.1890428303,0.18890333016071292,0.00013950013928706873
2922.109,0.1892347238,0.18886116741053327,0.00037355638946673375
2922.591,0.18918066490000002,0.18881899165254712,0.0003616732474528983
2923.073,0.1891549951,0.18877680949116685,0.00037818560883315366
2923.556,0.1890714503,0.18873454001295897,0.00033691028704102566
2924.038,0.1890816213,0.18869236484532967,0.00038925645467033365
2924.52,0.1888894812,0.1886502030483601,0.00023927815163987676
2925.002,0.18894112899999999,0.18860806118801832,0.0003330678119816688
2925.484,0.18901664019999997,0.18856594581826502,0.0004506943817349507
2925.966,0.1886083301,0.18852386348010058,8.446661989941484e-05
2926.448,0.18875988259999998,0.18848182070061364,0.0002780618993863393
2926.93,0.18854230760000001,0.1884398239920339,0.00010248360796610845
2927.413,0.18850144,0.18839779288889025,0.00010364711110974478
2927.895,0.1885803387,0.18835590792389087,0.0002244307761091191
2928.377,0.18840826360000001,0.18831408848130232,9.417511869769246e-05
2928.859,0.1885084158,0.18827234100447804,0.00023607479552195665
2929.341,0.1883718677,0.18823067191722861,0.0001411957827713861
2929.823,0.1884113747,0.18818908762289843,0.0002222870771015628
2930.305,0.188398026,0.1881475945034454,0.0002504314965545984
2930.787,0.1883428528,0.18810619891852495,0.0002366538814750352
2931.27,0.1882653253,0.18806482164947946,0.00020050365052054486
2931.751,0.1881954849,0.18802372567393041,0.00017175922606957328
2932.234,0.18804398339999998,0.18798257554207992,6.140785792005388e-05
2932.716,0.1878839401,0.18794163347513415,-5.769337513414352e-05
2933.198,0.1881021773,0.18790082038765218,0.00020135691234782205
2933.68,0.1880242996,0.18786014248645505,0.00016415711354494933
2934.162,0.1880322728,0.18781960594978558,0.00021266685021442688
2934.644,0.1879372366,0.1877792169264325,0.0001580196735674888
2935.126,0.18800762110000002,0.18773898153486113,0.0002686395651388951
2935.608,0.1878133464,0.1876989058623486,0.00011444053765138906
2936.091,0.1875593311,0.18765891334001245,-9.958224001244131e-05
2936.573,0.1876518011,0.1876191756010726,3.262549892737998e-05
2937.055,0.1875505429,0.18757961565972925,-2.9072759729242836e-05
2937.537,0.18747221520000001,0.18754023946991047,-6.802426991045496e-05
2938.019,0.187640771,0.18750105295012268,0.00013971804987733538
2938.501,0.18737751530000002,0.18746206198262297,-8.454668262294907e-05
2938.983,0.1875189417,0.18742327241259837,9.566928740162295e-05
2939.465,0.1873710101,0.18738469004735078,-1.3679947350769828e-05
2939.948,0.1874710409,0.187346241276309,0.0001247996236909965
2940.43,0.1873122559,0.187308091046618,4.164853382004896e-06
2940.912,0.1872329373,0.18727016522001833,-3.722792001831232e-05
2941.394,0.18726777930000002,0.18723246944417793,3.530985582209101e-05
2941.876,0.1871975421,0.1871950093249093,2.5327750907133684e-06
2942.358,0.1871660331,0.18715779042539643,8.242674603559097e-06
2942.84,0.1871561168,0.1871208182654302,3.529853456979426e-05
2943.322,0.187317702,0.18708409832065037,0.000233603679349631
2943.804,0.1870040065,0.18704763602179614,-4.3629521796151316e-05
2944.287,0.1870644467,0.1870113619288792,5.308477112078713e-05
2944.769,0.18683442150000001,0.1869754315930861,-0.00014101009308609136
2945.251,0.1870874191,0.18693977492957464,0.0001476441704253706
2945.733,0.18682872239999998,0.1869043971820354,-7.567478203540645e-05
2946.215,0.1869598157,0.18686930354562345,9.051215437655413e-05
2946.697,0.18688430749999999,0.18683449916625608,4.980833374390592e-05
2947.179,0.1869518197,0.1867999891399194,0.0001518305600805847
2947.661,0.1869488356,0.18676577851198112,0.0001830570880188842
2948.144,0.18685116619999997,0.18673180225148006,0.00011936394851991272
2948.626,0.1867316812,0.18669820599746811,3.3475202531885184e-05
2949.108,0.18686749549999998,0.1866649239776112,0.00020257152238878362
2949.59,0.1867760087,0.18663196102800758,0.00014404767199241442
2950.072,0.1867038868,0.18659932193083598,0.00010456486916401997
2950.554,0.18680234259999998,0.18656701141372156,0.00023533118627841465
2951.036,0.1865748388,0.1865350341491116,3.9804650888403126e-05
2951.518,0.1865039087,0.18650339475365868,5.139463413184053e-07
2952.0,0.1864797909,0.1864720977876146,7.693112385409595e-06
2952.483,0.1863969935,0.18644108390627465,-4.409040627464944e-05
2952.965,0.1865182667,0.18641048598480325,0.00010778071519673693
2953.447,0.1864868784,0.18638024383820362,0.00010663456179638153
2953.929,0.1862234358,0.18635036179511918,-0.00012692599511918146
2954.411,0.18631743620000002,0.1863208441248967,-3.407924896670078e-06
2954.893,0.1864033377,0.1862916950370367,0.00011164266296331826
2955.375,0.186245912,0.1862629186806513,-1.7006680651299177e-05
2955.857,0.18608956880000002,0.18623451914393474,-0.00014495034393471884
2956.34,0.1861191967,0.18620644272222725,-8.724602222726086e-05
2956.822,0.1860523071,0.1861788096455988,-0.00012650254559878893
2957.304,0.18608582980000002,0.18615156529057358,-6.57354905735652e-05
2957.786,0.1860104741,0.18612471349642418,-0.00011423939642418723
2958.268,0.1860979012,0.18609825803899488,-3.5683899488048176e-07
2958.75,0.1858165387,0.1860722026302304,-0.00025566393023038203
2959.232,0.1859378758,0.18604655091771438,-0.00010867511771436855
2959.714,0.18590623539999998,0.1860213064842181,-0.00011507108421812684
2960.197,0.1858466336,0.18599642175461864,-0.00014978815461863526
2960.678,0.1857966303,0.18597205345867143,-0.00017542315867144498
2961.161,0.18571554110000002,0.18594800234445474,-0.0002324612444547236
2961.643,0.18585832400000002,0.18592442242002888,-6.609842002885946e-05
2962.125,0.18575196519999998,0.18590126670789084,-0.00014930150789085883
2962.607,0.18568580480000002,0.1858785383928944,-0.00019273359289437297
2963.089,0.18566697170000002,0.18585624059220973,-0.0001892688922097152
2963.571,0.1856943627,0.18583437635495476,-0.0001400136549547515
2964.053,0.18568420880000003,0.18581294866183756,-0.0001287398618375346
2964.535,0.1855317166,0.18579196042481033,-0.0002602438248103245
2965.018,0.1855703195,0.18577137232200805,-0.00020105282200805208
2965.5,0.1852982171,0.1857512723825391,-0.000453055282539111
2965.982,0.1855145184,0.18573162022470197,-0.0002171018247019707
2966.464,0.185516538,0.1857124184820197,-0.00019588048201968355
2966.946,0.1856509323,0.18569366971768403,-4.273741768404116e-05
2967.428,0.1854328406,0.18567537642427245,-0.00024253582427244402
2967.91,0.1854631444,0.18565754102347654,-0.00019439662347653375
2968.392,0.1853614662,0.1856401658658413,-0.0002786996658413199
2968.875,0.1853854544,0.18562321862439457,-0.0002377642243945599
2969.357,0.1853660087,0.18560677168530562,-0.00024076298530562035
2969.839,0.1853668798,0.1855907916160448,-0.00022391181604480836
2970.321,0.1854212074,0.1855752804800313,-0.00015407308003129172
2970.803,0.18549979119999999,0.18556024026839735,-6.0449068397361305e-05
2971.285,0.1854398837,0.18554567289979346,-0.00010578919979345458
2971.767,0.1853385442,0.18553158022020305,-0.00019303602020304123
2972.249,0.1853731736,0.18551796400277115,-0.0001447904027711555
2972.731,0.18540467060000002,0.18550482594764112,-0.00010015534764110101
2973.214,0.1853391638,0.18549214191967145,-0.00015297811967143748
2973.696,0.1852587947,0.1854799659970271,-0.0002211712970270896
2974.178,0.1854260666,0.18546827290064688,-4.220630064688535e-05
2974.66,0.1853512525,0.18545706403711715,-0.00010581153711713975
2975.142,0.1853680031,0.18544634073937727,-7.833763937725724e-05
2975.624,0.18522141720000002,0.185436104266626,-0.0002146870666259737
2976.106,0.1851868657,0.18542635580423514,-0.0002394901042351294
2976.588,0.18525211039999998,0.18541709646367638,-0.00016498606367640334
2977.071,0.1849964728,0.1854083095993374,-0.0004118367993374006
2977.553,0.18523664360000003,0.1854000325608343,-0.0001633889608342598
2978.035,0.18509767440000002,0.18539224753637673,-0.0002945731363767079
2978.517,0.1852691226,0.1853849553411675,-0.00011583274116749864
2978.999,0.18489869009999998,0.18537815671630678,-0.0004794666163067951
2979.481,0.1850125744,0.18537185232878484,-0.00035927792878484577
2979.963,0.1849219678,0.1853660427714851,-0.00044407497148510333
2980.445,0.1850118642,0.18536072856319968,-0.0003488643631996968
2980.927,0.1849388594,0.18535591014865346,-0.0004170507486534747
2981.41,0.18492505,0.18535157944719766,-0.00042652944719764885
2981.892,0.18506951829999999,0.18534775468849232,-0.00027823638849233667
2982.374,0.18490282789999998,0.185344426614107,-0.000441598714107011
2982.856,0.1850604697,0.18534159537282097,-0.0002811256728209588
2983.338,0.1851532237,0.1853392610396376,-0.00018603733963759583
2983.82,0.18499289919999998,0.18533742361587618,-0.0003445244158762073
2984.302,0.1851126883,0.18533608302927232,-0.00022339472927232484
2984.784,0.1852229051,0.18533523913409145,-0.0001123340340914436
2985.267,0.18522072139999998,0.18533489150634713,-0.00011417010634715008
2985.749,0.1852507014,0.1853350412926137,-8.433989261369401e-05
2986.231,0.1851276351,0.18533568689272237,-0.00020805179272237462
2986.713,0.1850299873,0.1853368278682408,-0.0003068405682407904
2987.195,0.1851536608,0.18533846370798715,-0.0001848029079871416
2987.677,0.1851482621,0.18534059382820706,-0.000192331728207068
2988.159,0.1850838243,0.18534321757276034,-0.00025939327276033874
2988.641,0.1851869438,0.18534633421331703,-0.00015939041331702875
2989.124,0.18509665900000002,0.18534995094751044,-0.00025329194751042006
2989.605,0.1849577785,0.18535404290943355,-0.0003962644094335499
2990.088,0.1849993224,0.18535864318158007,-0.00035932078158007474
2990.57,0.1852285173,0.18536372370052345,-0.00013520640052344657
2991.052,0.18513764649999997,0.18536929239628508,-0.00023164589628510424
2991.534,0.1850339755,0.18537534811197276,-0.0003413726119727567
2992.016,0.18506782430000002,0.1853818896201756,-0.00031406532017558275
2992.498,0.1849629364,0.18538891562324122,-0.00042597922324122406
2992.98,0.1851351688,0.18539642475356571,-0.0002612559535657144
2993.462,0.1852027713,0.18540441557389248,-0.0002016442738924651
2993.945,0.18522470500000002,0.1854129046503855,-0.00018819965038549546
2994.427,0.18514832429999997,0.18542185525316798,-0.0002735309531680108
2994.909,0.1852658424,0.18543128281592353,-0.00016544041592353453
2995.391,0.1852617969,0.185441185625831,-0.00017938872583100895
2995.873,0.1852038069,0.18545156190206036,-0.00024775500206036805
2996.355,0.185309773,0.1854624097961295,-0.00015263679612947945
2996.837,0.1851352334,0.1854737273922716,-0.00033849399227162125
2997.319,0.185228769,0.1854855127078115,-0.00025674370781150757
2997.802,0.1850078859,0.18549778959314125,-0.0004899036931412526
2998.284,0.185189378,0.18551050509324518,-0.00032112709324519373
2998.766,0.1851906616,0.18552368196258467,-0.00033302036258467393
2999.248,0.1852140314,0.18553731795466838,-0.00032328655466837275
2999.73,0.18485595100000002,0.1855514107581196,-0.0006954597581195765
3000.212,0.1851051004,0.1855659579971078,-0.00046085759710778884
3000.694,0.1850641717,0.18558095723178905,-0.0005167855317890491
3001.176,0.18518018909999998,0.1855964059587567,-0.0004162168587567294
3001.658,0.185150567,0.18561230161149847,-0.00046173461149848216
3002.141,0.18514752099999998,0.18562867592116253,-0.00048115492116254654
3002.623,0.18522524669999998,0.18564545838919255,-0.0004202116891925678
3003.105,0.185378087,0.18566267970376782,-0.000284592703767822
3003.587,0.18527322089999998,0.18568033705058534,-0.00040711615058536266
3004.069,0.18538120419999998,0.18569842755465912,-0.00031722335465914075
3004.551,0.18541336,0.18571694828082885,-0.0003035882808288537
3005.033,0.1854766028,0.18573589623427805,-0.00025929343427805174
3005.515,0.1851298868,0.18575526836105866,-0.0006253815610586522
3005.998,0.185390488,0.18577510304883257,-0.0003846150488325817
3006.48,0.1852459893,0.18579531499024318,-0.0005493256902431853
3006.962,0.1853646775,0.185815941586977,-0.0004512640869770157
3007.444,0.18537900789999998,0.18583697955386153,-0.0004579716538615497
3007.926,0.1853453821,0.18585842554934062,-0.0005130434493406111
3008.408,0.1856998223,0.1858802761760483,-0.00018045387604828655
3008.89,0.18536632749999998,0.18590252798138784,-0.0005362004813878607
3009.372,0.1855134421,0.18592517745811893,-0.0004117353581189198
3009.854,0.1854778762,0.18594822104495326,-0.0004703448449532577
3010.337,0.185665685,0.1859717041489662,-0.0003060191489661912
3010.819,0.1855917725,0.1859955258576595,-0.00040375335765949205
3011.301,0.1854670488,0.18601973066657868,-0.0005526818665786692
3011.783,0.185450019,0.1860443148042208,-0.0005942958042207958
3012.265,0.18564457950000002,0.186069274448114,-0.00042469494811397945
3012.747,0.18547832209999998,0.18609460572545333,-0.000616283625453351
3013.229,0.1857123447,0.18612030471374355,-0.00040796001374354685
3013.711,0.1856083732,0.18614636744144858,-0.0005379942414485694
3014.194,0.185439005,0.1861728450781142,-0.0007338400781142229
3014.676,0.1855173047,0.18619962391076264,-0.0006823192107626441
3015.158,0.1857218358,0.18622675427196855,-0.0005049184719685407
3015.64,0.1855233647,0.18625423200055147,-0.0007308673005514688
3016.122,0.18568010659999998,0.18628205288962957,-0.0006019462896295902
3016.604,0.185583809,0.18631021268730552,-0.0007264036873055324
3017.086,0.1857108111,0.1863387070973577,-0.0006278959973576859
3017.568,0.18601988800000002,0.18636753177993737,-0.0003476437799373455
3018.051,0.1860696539,0.18639674316633573,-0.0003270892663357339
3018.532,0.1858833361,0.18642615438936805,-0.0005428182893680578
3019.015,0.18610874200000002,0.1864560055541108,-0.0003472635541107716
3019.497,0.18612537369999999,0.18648610772407354,-0.00036073402407355015
3019.979,0.18624642560000002,0.18651651782820686,-0.00027009222820684187
3020.461,0.1863063069,0.18654723127975262,-0.0002409243797526217
3020.943,0.1861356211,0.1865782434533532,-0.0004426223533531837
3021.425,0.1860963691,0.1866095496857884,-0.0005131805857884197
3021.907,0.1861495936,0.18664114527671877,-0.0004915516767187711
3022.389,0.18640064899999997,0.18667302548943093,-0.0002723764894309588
3022.872,0.18623820330000002,0.18670525256128376,-0.0004670492612837418
3023.354,0.18650025280000002,0.18673768823129314,-0.0002374354312931204
3023.836,0.1863989213,0.18677039409215782,-0.00037147279215782314
3024.318,0.1861731044,0.18680336526915545,-0.0006302608691554357
3024.8,0.1864471377,0.1868365968549882,-0.00038945915498822536
3025.282,0.18638632900000002,0.18687008391055387,-0.00048375491055385744
3025.764,0.1864169111,0.1869038214657207,-0.0004869103657207108
3026.246,0.1864688589,0.18693780452010464,-0.0004689456201046327
3026.729,0.1866258517,0.1869720992934759,-0.0003462475934759013
3027.211,0.1864892867,0.18700655871117322,-0.0005172720111732143
3027.693,0.1866138439,0.18704124844267658,-0.00042740454267659045
3028.175,0.186641647,0.1870761633743867,-0.000434516374386712
3028.657,0.18661054579999997,0.18711129836639395,-0.0005007525663939805
3029.139,0.18694572820000002,0.18714664825327393,-0.00020092005327390638
3029.621,0.1867183832,0.18718220784488732,-0.0004638246448873118
3030.103,0.1868697688,0.1872179719271813,-0.00034820312718128466
3030.585,0.18701756679999998,0.1872539352629943,-0.00023636846299432412
3031.068,0.18681574609999999,0.1872901678060655,-0.00047442170606551426
3031.55,0.1869688876,0.18732651423504681,-0.00035762663504682046
3032.032,0.18713920609999998,0.18736304406446408,-0.00022383796446409643
3032.514,0.1870161113,0.18739975197276548,-0.00038364067276547287
3032.996,0.1868364023,0.18743663261934546,-0.0006002303193454461
3033.478,0.1871346983,0.1874736806453605,-0.0003389823453604779
3033.96,0.1868148537,0.18751089067454682,-0.0006960369745468153
3034.442,0.1870742719,0.18754825731403973,-0.00047398541403972927
3034.925,0.1870033341,0.18758585314645235,-0.0005825190464523455
3035.407,0.1870731078,0.18762351706246003,-0.0005504092624600276
3035.889,0.1871645566,0.18766132130748908,-0.000496764707489078
3036.371,0.1871019947,0.1876992604304597,-0.0005972657304597062
3036.853,0.1873268599,0.18773732896780593,-0.0004104690678059242
3037.335,0.1871880654,0.18777552144430104,-0.000587456044301049
3037.817,0.18730947709999998,0.1878138323738827,-0.0005043552738827062
3038.299,0.1876148506,0.18785225626047886,-0.00023740566047886213
3038.781,0.18755177069999998,0.18789078759883548,-0.00033901689883550357
3039.264,0.18733657569999998,0.1879295011295037,-0.0005929254295037323
3039.746,0.1875985524,0.1879682310173122,-0.00036967861731218576
3040.228,0.1875494054,0.18800705178281424,-0.00045764638281423076
3040.71,0.1876803476,0.18804595789228007,-0.00036561029228007746
3041.192,0.18772680560000002,0.18808494380693266,-0.00035813820693264553
3041.674,0.1877758931,0.18812400398377221,-0.0003481108837722069
3042.156,0.18763644119999998,0.1881631328764028,-0.0005266916764028184
3042.638,0.18760632600000002,0.18820232493585565,-0.0005959989358556295
3043.121,0.18776072970000002,0.188241656098317,-0.00048092639831698314
3043.603,0.1878057911,0.1882809579405859,-0.0004751668405859055
3044.085,0.18783640429999998,0.18832030628405577,-0.0004839019840557901
3044.567,0.1878807663,0.18835969557770108,-0.0004789292777010734
3045.049,0.18799637489999999,0.18839912027203548,-0.00040274537203549565
3045.531,0.1880657583,0.18843857481992932,-0.00037281651992931986
3046.013,0.1879438512,0.18847805367742648,-0.0005342024774264709
3046.495,0.18807883350000001,0.1885175513045601,-0.00043871780456009035
3046.978,0.1879444061,0.18855714414882696,-0.0006127380488269718
3047.459,0.1882370229,0.1885965807326889,-0.0003595578326889004
3047.942,0.1881243404,0.18863618347269803,-0.0005118430726980261
3048.424,0.1880649966,0.1886757008742606,-0.0006107042742606039
3048.906,0.18815469140000002,0.18871520942243475,-0.0005605180224347306
3049.388,0.1882662753,0.1887547036182163,-0.0004884283182162996
3049.87,0.18807575440000002,0.1887941779722408,-0.0007184235722407784
3050.352,0.188161901,0.18883362700558257,-0.0006717260055825736
3050.834,0.1881431587,0.18887304525054957,-0.0007298865505495633
3051.316,0.18821450509999998,0.18891242725147592,-0.0006979221514759326
3051.799,0.1883224834,0.18895184913731805,-0.0006293657373180606
3052.281,0.1884887598,0.18899114223182964,-0.000502382431829651
3052.763,0.18854285269999999,0.1890303827841214,-0.00048753008412141807
3053.245,0.18858665340000003,0.18906956539452902,-0.0004829119945289895
3053.727,0.18864963240000002,0.18910868467933273,-0.0004590522793327112
3054.209,0.18869543830000002,0.18914773527152984,-0.00045229697152981974
3054.691,0.1888193596,0.18918671182160518,-0.0003673522216051939
3055.173,0.1887988111,0.18922560899829732,-0.00042679789829733195
3055.656,0.1887150713,0.1892645019214957,-0.0005494306214956779
3056.138,0.18885789500000003,0.189303224242295,-0.00044532924229498394
3056.62,0.18889760379999998,0.18934185130213582,-0.00044424750213584163
3057.102,0.1888634874,0.1893803778503998,-0.0005168904503997929
3057.584,0.1889368115,0.18941879865849526,-0.00048198715849526175
3058.066,0.18912438739999998,0.18945710852059944,-0.00033272112059945513
3058.548,0.1890584681,0.18949530225439526,-0.0004368341543952714
3059.03,0.1892113678,0.1895333747018053,-0.00032200690180531066
3059.512,0.1893563946,0.18957132072971866,-0.00021492612971865666
3059.995,0.18921877469999998,0.18960921354378613,-0.000390438843786145
3060.477,0.1892649462,0.18964689114817487,-0.00038194494817486713
3060.959,0.18936832169999998,0.1896844270802938,-0.0003161053802938074
3061.441,0.1894401581,0.18972181631414647,-0.0002816582141464685
3061.923,0.1893417004,0.18975905385227404,-0.000417353452274033
3062.405,0.1893675816,0.18979613472645318,-0.00042855312645317944
3062.887,0.18970279089999997,0.18983305399838937,-0.0001302630983893993
3063.369,0.1896476279,0.18986980676040444,-0.0002221788604044317
3063.852,0.1896767348,0.18990646384956783,-0.0002297290495678339
3064.334,0.1895310162,0.18994286862394114,-0.00041185242394112254
3064.816,0.1898739317,0.18997909234590388,-0.00010516064590387897
3065.298,0.1897807727,0.19001513023707922,-0.0002343575370792328
3065.78,0.189723373,0.190050977553063,-0.0003276045530629934
3066.262,0.1898916794,0.19008662958407566,-0.0001949501840756429
3066.744,0.1899354521,0.1901220816556108,-0.00018662955561077332
3067.226,0.19011970290000002,0.19015732912907524,-3.762622907521607e-05
3067.708,0.18999998399999998,0.19019236740242468,-0.0001923834024246951
3068.191,0.1901409058,0.19022726393545408,-8.635813545407323e-05
3068.673,0.1901694996,0.19026186969420383,-9.23700942038197e-05
3069.155,0.1902211512,0.19029625266297864,-7.51014629786495e-05
3069.637,0.1904114264,0.19033040839223156,8.101800776844081e-05
3070.119,0.1903184983,0.1903643324720438,-4.583417204379048e-05
3070.601,0.19041925739999999,0.1903980205327201,2.12368672798946e-05
3071.083,0.1903816737,0.1904314682453786,-4.979454537859529e-05
3071.565,0.1907808142,0.19046467132253175,0.0003161428774682562
3072.048,0.19057731560000002,0.19049769362673014,7.96219732698833e-05
3072.53,0.190695121,0.19053039420945006,0.000164726790549935
3073.012,0.19073892539999998,0.190562837539704,0.00017608786029599255
3073.494,0.19081897430000003,0.19059501950135677,0.00022395479864326107
3073.976,0.1906391982,0.19062693602247424,1.2262177525756979e-05
3074.458,0.1906938309,0.19065858307586217,3.5247824137829564e-05
3074.94,0.1910180018,0.1906899566795991,0.0003280451204009105
3075.422,0.1907764074,0.19072105289755986,5.535450244012474e-05
3075.905,0.1906642586,0.1907519314762893,-8.767287628930198e-05
3076.386,0.1908722843,0.190782397663729,8.988663627099158e-05
3076.869,0.1908269124,0.1908127010108275,1.4211389172485989e-05
3077.351,0.1909388982,0.1908426486472523,9.624955274770142e-05
3077.833,0.19050931089999998,0.1908722999144259,-0.0003629890144259129
3078.315,0.19086298240000002,0.19090165116169258,-3.866876169256184e-05
3078.797,0.1908019869,0.19093069878765134,-0.0001287118876513449
3079.279,0.1906627297,0.19095943924061826,-0.0002967095406182507
3079.761,0.19090345330000003,0.19098786901908116,-8.441571908113232e-05
3080.243,0.19087277870000002,0.19101598467214562,-0.0001432059721455936
3080.726,0.1910596363,0.19104384014004033,1.5796159959668987e-05
3081.208,0.1910779587,0.19107131672512356,6.641974876431256e-06
3081.69,0.1910337448,0.19109846913339118,-6.472433339119177e-05
3082.172,0.1913314485,0.19112529412083112,0.0002061543791688769
3082.654,0.19138895439999998,0.19115178849615905,0.00023716590384093017
3083.136,0.1913346468,0.19117794912121563,0.00015669767878437324
3083.618,0.1912231118,0.1912037729113551,1.9338888644915286e-05
3084.1,0.19138480319999998,0.19122925683582487,0.00015554636417511314
3084.583,0.1911565447,0.19125444971963906,-9.790501963907738e-05
3085.065,0.19145736670000002,0.1912792443175817,0.000178122382418322
3085.547,0.1915316688,0.19130369027873795,0.0002279785212620511
3086.029,0.1914411059,0.19132778479167287,0.00011332110832712461
3086.511,0.191469922,0.19135152510061626,0.000118396899383727
3086.993,0.1917325146,0.19137490850579197,0.0003576060942080128
3087.475,0.19156149500000003,0.1913979323637368,0.00016356263626321477
3087.957,0.1915419269,0.19142059408761114,0.00012133281238885241
3088.439,0.1917550482,0.19144289114750135,0.00031215705249865167
3088.922,0.1917686681,0.19146486618515574,0.0003038019148442761
3089.404,0.191753898,0.19148642578731986,0.0002674722126801421
3089.886,0.1916529018,0.191507613475368,0.00014528832463200914
3090.368,0.1920135459,0.19152842695005132,0.0004851189499486819
3090.85,0.19180440529999998,0.19154886397042295,0.00025554132957703035
3091.332,0.19180802660000001,0.1915689223540869,0.0002391042459131132
3091.814,0.1917965701,0.19158859997743688,0.00020797012256312808
3092.296,0.1917185379,0.19160789477588688,0.00011064312411313004
3092.779,0.19190394319999998,0.19162684357500095,0.00027709962499902763
3093.261,0.1919435573,0.19164536596264792,0.0002981913373520939
3093.743,0.19200287710000002,0.19166349968407226,0.00033937741592776627
3094.225,0.1919281822,0.19168124291301347,0.00024693928698651946
3094.707,0.19220341600000002,0.1916985938832469,0.000504822116753123
3095.189,0.1921724155,0.1917155508887585,0.0004568646112415031
3095.671,0.1922628049,0.19173211228391182,0.0005306926160881797
3096.153,0.1922994769,0.19174827648360526,0.0005512004163947259
3096.635,0.1923429996,0.19176404196342,0.000578957636580002
3097.118,0.1923114555,0.19177943872099393,0.0005320167790060781
3097.6,0.19247404280000002,0.19179440159662892,0.0006796412033711063
3098.082,0.1925530358,0.19180896154184823,0.0007440742581517612
3098.564,0.1924335823,0.1918231172763883,0.0006104650236117004
3099.046,0.1923334947,0.1918368675812705,0.0004966271187294979
3099.528,0.1926309664,0.19185021129889468,0.0007807551011053127
3100.01,0.1925892216,0.1918631473331225,0.0007260742668774856
3100.492,0.1925459197,0.1918756746493519,0.0006702450506481106
3100.975,0.19266314699999998,0.19188781698836793,0.0007753300116320472
3101.457,0.1923935364,0.19189952315847872,0.0004940132415212906
3101.939,0.1927400822,0.19191081787490916,0.0008292643250908394
3102.421,0.1924072995,0.19192170034988987,0.000485599150110122
3102.903,0.192556789,0.19193216985742162,0.0006246191425783865
3103.385,0.1924494137,0.19194222573329472,0.0005071879667052637
3103.867,0.192455499,0.19195186737509845,0.0005036316249015516
3104.349,0.1925562691,0.19196109424222263,0.0005951748577773808
3104.832,0.1926002001,0.19196992370525032,0.0006302763947496903
3105.313,0.1925839175,0.19197830179893333,0.0006056157010666807
3105.796,0.192544869,0.19198629783935317,0.0005585711606468369
3106.278,0.19270910740000002,0.1919938605731829,0.0007152468268171175
3106.76,0.19242394940000002,0.19200100675525805,0.00042294264474196375
3107.242,0.1926686731,0.19200773621540423,0.0006609368845957586
3107.724,0.1926985654,0.19201404884499768,0.000684516555002318
3108.206,0.1925137556,0.19201994459689378,0.0004938110031062204
3108.688,0.1924719717,0.192025423485346,0.00044654821465400785
3109.17,0.1925190089,0.19203048558591584,0.000488523314084166
3109.653,0.1924400777,0.192035140240256,0.000404937459743987
3110.135,0.19260111259999999,0.19203936837271413,0.0005617442272858597
3110.617,0.1927791388,0.19204318031139292,0.0007359584886070802
3111.099,0.1927980545,0.19204657637613665,0.0007514781238633639
3111.581,0.1924964251,0.1920495569475149,0.00044686815248509704
3112.063,0.19262724550000002,0.19205212246667946,0.0005751230333205515
3112.545,0.1926847039,0.19205427343521264,0.0006304304647873626
3113.027,0.1926776841,0.19205601041496603,0.0006216736850339633
3113.51,0.1926857099,0.1920573363447466,0.0006283735552534142
3113.992,0.19279738819999998,0.19205824641727873,0.0007391417827212476
3114.474,0.192851085,0.19205874454807104,0.000792340451928969
3114.956,0.19275390869999998,0.19205883153839964,0.0006950771616003326
3115.438,0.1927777772,0.19205850824887727,0.0007192689511227313
3115.92,0.1927971952,0.19205777559924203,0.0007394196007579623
3116.402,0.1927387536,0.1920566345681361,0.0006821190318639092
3116.884,0.1929336464,0.1920550861928773,0.0008785602071226806
3117.366,0.1931067488,0.19205313156922163,0.0010536172307783753
3117.849,0.19291976170000003,0.19205076653517314,0.0008689951648268857
3118.331,0.193094281,0.1920480020978767,0.0010462789021233043
3118.813,0.1929864365,0.1920448350502762,0.0009416014497238001
3119.295,0.1928700791,0.19204126671946023,0.0008288123805397785
3119.777,0.1930218756,0.19203729848964507,0.000984577110354934
3120.259,0.1929390275,0.1920329318018877,0.0009060956981122859
3120.741,0.19304010800000002,0.1920281681537916,0.0010119398462084261
3121.223,0.1930981514,0.1920230090992046,0.0010751423007953897
3121.706,0.19299737390000002,0.19201744431926554,0.0009799295807344788
3122.188,0.19289992250000002,0.19201149852487678,0.0008884239751232315
3122.67,0.1929747959,0.19200516232349082,0.0009696335765091713
3123.152,0.19291989980000002,0.1919984374908652,0.0009214623091348129
3123.634,0.19297845970000002,0.19199132585737205,0.0009871338426279685
3124.116,0.1930680526,0.1919838293076488,0.0010842232923512218
3124.598,0.1931385355,0.1919759497802424,0.0011625857197576084
3125.08,0.1929827768,0.19196768926724517,0.001015087532754838
3125.562,0.1929440625,0.19195904981392387,0.0009850126860761477
3126.045,0.19294829530000002,0.19195001442208962,0.0009982808779104013
3126.527,0.1930999383,0.19194062265961923,0.0011593156403807703
3127.009,0.19310779369999997,0.19193085841247132,0.0011769352875286576
3127.491,0.1930687284,0.1919207239348583,0.001148004465141711
3127.973,0.1928040391,0.19191022153220097,0.0008938175677990212
3128.455,0.193047832,0.19189935356071483,0.0011484784392851721
3128.937,0.1930901428,0.19188812242698844,0.0012020203730115642
3129.419,0.19295894919999998,0.19187653058755566,0.0010824186124443191
3129.902,0.1928356819,0.19186455538526553,0.0009711265147344661
3130.384,0.1930250754,0.1918522489664605,0.0011728264335394978
3130.866,0.19297141969999998,0.19183958951229377,0.001131830187706212
3131.348,0.1929854228,0.19182657967476538,0.001158843125234621
3131.83,0.1929136733,0.19181322215358002,0.0011004511464199895
3132.312,0.1929691734,0.1917995196956789,0.0011696537043210942
3132.794,0.1930211917,0.1917854750947663,0.001235716605233722
3133.276,0.19282437819999998,0.1917710911908294,0.001053287009170567
3133.759,0.1928439494,0.19175633998188743,0.0010876094181125617
3134.24,0.19297129059999998,0.19174131706232192,0.001229973537678064
3134.723,0.1929614982,0.19172590048558563,0.001235597714414366
3135.205,0.1928648584,0.19171018800166528,0.0011546703983347228
3135.687,0.19304525290000002,0.1916941510980728,0.0013511018019272125
3136.169,0.19290654289999998,0.19167779288216158,0.001228750017838398
3136.651,0.193022448,0.1916611165040384,0.0013613314959616263
3137.133,0.1929549621,0.19164412515603674,0.0013108369439632506
3137.615,0.1928967874,0.19162682207218426,0.0012699653278157308
3138.097,0.19299953940000003,0.1916092105276646,0.0013903288723354223
3138.58,0.19291582229999998,0.1915912563518439,0.0013245659481560812
3139.062,0.19297252369999998,0.1915730372508423,0.0013994864491576886
3139.544,0.1930647725,0.1915545197632888,0.0015102527367112095
3140.026,0.1931916459,0.19153570732358813,0.0016559385764118584
3140.508,0.1929063767,0.1915166034045327,0.0013897732954673003
3140.99,0.1929468409,0.19149721151673424,0.0014496293832657603
3141.472,0.19277261639999999,0.19147753520805022,0.0012950811919497651
3141.954,0.1927499527,0.19145757806300628,0.0012923746369937206
3142.437,0.1926459556,0.19143730143657722,0.0012086541634227788
3142.919,0.1927701137,0.1914167929524191,0.001353320747580905
3143.401,0.1926684322,0.1913960146073324,0.0012724175926675796
3143.883,0.1925369846,0.19137497012671612,0.0011620144732838733
3144.365,0.19244146510000001,0.19135366326967967,0.0010878018303203396
3144.847,0.1925545452,0.1913320978284386,0.0012224473715614081
3145.329,0.1925804203,0.19131027762770667,0.001270142672293334
3145.811,0.1924331757,0.19128820652408407,0.0011449691759159164
3146.293,0.1924889845,0.19126588840544123,0.0012230960945587566
3146.776,0.1926348959,0.19124328013283548,0.0013916157671645113
3147.258,0.1926303926,0.19122047927771152,0.0014099133222884863
3147.74,0.1924978004,0.1911974432608711,0.0013003571391289048
3148.222,0.1925120624,0.19117417608909382,0.0013378863109061723
3148.704,0.1926642469,0.1911506817972955,0.001513565102704506
3149.186,0.1925596169,0.19112696444789107,0.00143265245210894
3149.668,0.1921921009,0.19110302813015484,0.0010890727698451563
3150.15,0.192626916,0.19107887695957723,0.0015480390404227773
3150.633,0.1923475247,0.19105446431774648,0.0012930603822535192
3151.115,0.1923906009,0.19102989546541985,0.0013607054345801395
3151.597,0.1924759135,0.19100512426626637,0.0014707892337336437
3152.079,0.1924493683,0.19098015493420337,0.00146921336579664
3152.561,0.19239035000000002,0.19095499170610575,0.0014353582938942677
3153.043,0.1924378505,0.19092963884114758,0.0015082116588524264
3153.525,0.19245835679999998,0.19090410062014018,0.0015542561798597976
3154.007,0.19254619850000002,0.1908783813448685,0.0016678171551315069
3154.49,0.1925582558,0.19085243143056532,0.001705824369434672
3154.972,0.1927011927,0.19082636267955416,0.0018748300204458335
3155.454,0.19224002810000002,0.19080012590787382,0.0014399021921261967
3155.936,0.19236842459999998,0.190773725494563,0.0015946991054369697
3156.418,0.19246041170000003,0.19074716583628443,0.0017132458637156012
3156.9,0.19235733719999998,0.1907204513466489,0.0016368858533510888
3157.382,0.19224039350000002,0.19069358645553983,0.0015468070444601967
3157.864,0.1922600576,0.19066657560843459,0.0015934819915654208
3158.346,0.1921094563,0.19063942326572558,0.0014700330342744261
3158.829,0.1921830167,0.19061207714578093,0.001570939554219053
3159.311,0.19215513269999998,0.19058465497900762,0.0015704777209923637
3159.793,0.1921263357,0.19055710478983798,0.0015692309101620339
3160.275,0.19211288740000002,0.1905294310915326,0.0015834563084674291
3160.757,0.19208279220000002,0.1905016384088536,0.001581153791146428
3161.239,0.1918192767,0.19047373127737854,0.0013455454226214691
3161.721,0.1918864276,0.19044571424281537,0.0014407133571846253
3162.203,0.1921818129,0.19041759186031587,0.0017642210396841274
3162.686,0.19175840560000001,0.1903893100379077,0.001369095562092304
3163.167,0.19190040490000002,0.1903610493152163,0.0015393555847837137
3163.65,0.1922117287,0.19033257926788172,0.0018791494321182822
3164.132,0.1919454593,0.19030408103417917,0.0016413782658208365
3164.614,0.1920265417,0.19027550035545635,0.0017510413445436523
3165.096,0.19201876710000002,0.19024684182911544,0.0017719252708845723
3165.578,0.1920960474,0.1902181100571929,0.0018779373428070845
3166.06,0.19214903679999998,0.19018930964567338,0.0019597271543266015
3166.542,0.19185693780000002,0.19016044520380262,0.001696492596197391
3167.024,0.1918466249,0.1901315213434031,0.001715103556596903
3167.507,0.1918386747,0.19010248250270823,0.0017361921972917638
3167.989,0.1918057062,0.19007345354826827,0.0017322526517317416
3168.471,0.1918311517,0.1900443790289537,0.001786772671046294
3168.953,0.19158645,0.19001526356004977,0.0015711864399502173
3169.435,0.19146371680000002,0.18998611175599972,0.0014776050440002964
3169.917,0.1915937157,0.18995692822972488,0.001636787470275125
3170.399,0.19152886509999997,0.18992771759194624,0.0016011475080537352
3170.881,0.1915229966,0.1898984844505061,0.0016245121494938841
3171.364,0.1913277578,0.1898691727074703,0.0014585850925296906
3171.846,0.1912723288,0.18983990834452552,0.0014324204554744813
3172.328,0.1912737917,0.18981063528694664,0.0014631564130533625
3172.81,0.19138324539999998,0.189781358124302,0.0016018872756979885
3173.292,0.19126849620000003,0.18975208143991398,0.0015164147600860434
3173.774,0.1911781387,0.18972280981019227,0.0014553288898077332
3174.256,0.19133992079999998,0.1896935478039672,0.001646372996032791
3174.738,0.1911279481,0.18966429998182677,0.001463648118173233
3175.22,0.1910961846,0.18963507089545473,0.0014611137045452693
3175.703,0.1911109359,0.18960580452135098,0.0015051313786490217
3176.185,0.1914278225,0.18957662658505745,0.001851195914942566
3176.667,0.191259176,0.18954748098894728,0.0017116950110527274
3177.149,0.1912032484,0.18951837224249596,0.0016848761575040394
3177.631,0.1910442684,0.18948930484300222,0.0015549635569977738
3178.113,0.1910095312,0.18946028327494183,0.0015492479250581725
3178.595,0.1909481694,0.18943131200932417,0.0015168573906758354
3179.077,0.1910210095,0.18940239550305182,0.0016186139969481816
3179.56,0.1908301682,0.18937347839296942,0.0014566898070305923
3180.042,0.19091465870000002,0.1893446848530825,0.0015699738469175106
3180.524,0.1909081959,0.18931595936138138,0.0015922365386186188
3181.006,0.19086815000000001,0.18928730631196192,0.0015808436880380972
3181.488,0.19072378780000002,0.18925873008165656,0.0014650577183434599
3181.97,0.1909300447,0.18923023502941283,0.0016998096705871657
3182.452,0.1908326934,0.18920182549567627,0.001630867904323735
3182.934,0.19070841479999998,0.1891735058017762,0.001534908998223783
3183.417,0.1906075113,0.18914522179091192,0.0014622895090880828
3183.899,0.1907188837,0.18911709486979472,0.0016017888302052863
3184.381,0.1904671604,0.18908907064054126,0.001378089759458745
3184.863,0.19064702870000003,0.18906115334190915,0.0015858753580908769
3185.345,0.1902554949,0.1890333471905275,0.0012221477094724875
3185.827,0.1904876489,0.1890056563803067,0.0014819925196933037
3186.309,0.19038201489999998,0.18897808508185238,0.0014039298181476034
3186.791,0.19046647790000001,0.18895063744188367,0.001515840458116341
3187.273,0.1903453698,0.1889233175826567,0.0014220522173432892
3187.756,0.1902742453,0.1888960733347061,0.0013781719652939117
3188.238,0.1902415659,0.18886902158928343,0.001372544310716567
3188.72,0.1903707147,0.18884210984724917,0.0015286048527508311
3189.202,0.1902268669,0.18881534212726755,0.0014115247727324587
3189.684,0.1904919815,0.18878872242072048,0.0017032590792795121
3190.166,0.19020821089999998,0.18876225469115848,0.001445956208841498
3190.648,0.19028793319999998,0.18873594287375683,0.0015519903262431467
3191.13,0.1901780861,0.18870979087477574,0.0014682952252242643
3191.613,0.19020624819999998,0.18868374882621805,0.0015224993737819326
3192.094,0.190170325,0.18865798180934132,0.0015123431906586826
3192.577,0.1901209644,0.1886322793722803,0.001488685027719705
3193.059,0.1898770146,0.188606805479979,0.0012702091200210153
3193.541,0.18993564880000002,0.18858151049291558,0.001354138307084446
3194.023,0.189939739,0.18855639813275835,0.0013833408672416503
3194.505,0.1899083078,0.18853147208863127,0.0013768357113687346
3194.987,0.18985024979999998,0.18850673601661622,0.0013435137833837651
3195.469,0.18988131689999999,0.1884821935392632,0.001399123360736776
3195.951,0.1898274965,0.18845784824510375,0.001369648254896244
3196.434,0.1897663779,0.1884336538068434,0.001332724093156601
3196.916,0.18973942619999998,0.18840971393360478,0.0013297122663951944
3197.398,0.18989367470000001,0.18838598180747096,0.0015076928925290556
3197.88,0.18971511230000002,0.18836246087608974,0.0013526514239102783
3198.362,0.1894010489,0.1883391545507504,0.0010618943492496091
3198.844,0.1896196187,0.18831606620593383,0.0013035524940661625
3199.326,0.1895269883,0.18829319917886994,0.0012337891211300633
3199.808,0.189659518,0.18827055676909793,0.0013889612309020694
3200.291,0.1893461476,0.18824809597398218,0.0010980516260178097
3200.773,0.1894595656,0.18822591302729227,0.0012336525727077163
3201.255,0.18958452850000002,0.18820396437265866,0.0013805641273413605
3201.737,0.1893822036,0.18818225315453024,0.0011999504454697496
3202.219,0.1893521158,0.1881607824775712,0.0011913333224287947
3202.701,0.18945652030000001,0.1881395554062627,0.0013169648937373102
3203.183,0.1894519763,0.18811857496450934,0.001333401335490647
3203.665,0.1894002296,0.18809784413525288,0.001302385464747119
3204.147,0.18929594940000002,0.18807736586009272,0.0012185835399073086
3204.63,0.18922087049999997,0.18805710135038575,0.0011637691496142188
3205.112,0.1892434982,0.1880371373798464,0.0012063608201536014
3205.594,0.18902408699999998,0.18801743454224756,0.001006652457752416
3206.076,0.1890519971,0.18799799561006747,0.0010540014899325378
3206.558,0.1894671386,0.1879788233126437,0.0014883152873562955
3207.04,0.1892161482,0.18795992033583486,0.001256227864165127
3207.522,0.18889473720000002,0.18794128932168833,0.0009534478783116973
3208.004,0.18901728890000002,0.1879229328681149,0.0010943560318851242
3208.487,0.1889846771,0.18790481630937572,0.0010798607906242763
3208.969,0.1888094213,0.18788701717526107,0.0009224041247389292
3209.451,0.18875735540000002,0.18786950013255538,0.0008878552674446427
3209.933,0.1887474649,0.18785226759942134,0.0008951973005786595
3210.415,0.18889197079999998,0.18783532194836638,0.0010566488516335903
3210.897,0.1888402116,0.18781866550595913,0.0010215460940408705
3211.379,0.18880772170000001,0.18780230055255545,0.001005421147444563
3211.861,0.18880077039999998,0.18778622932203043,0.0010145410779695552
3212.344,0.18861828970000002,0.18777042158172674,0.0008478681182732817
3212.826,0.18893811970000002,0.18775494493191672,0.0011831747680833005
3213.308,0.188868492,0.18773976842944712,0.0011287235705528809
3213.79,0.1887293412,0.18772489411963725,0.0010044470803627636
3214.272,0.1886103654,0.18771032400009557,0.0009000413999044332
3214.754,0.1887038153,0.18769606002049571,0.00100775527950428
3215.236,0.18867655970000002,0.1876821040823601,0.0009944556176399166
3215.718,0.1887240104,0.18766845803885102,0.001055552361148987
3216.2,0.18862102449999998,0.18765512369456988,0.0009659008054301033
3216.683,0.18869970219999999,0.18764207611809713,0.0010576260819028516
3217.165,0.18853359749999998,0.18762937104646998,0.0009042264535299993
3217.647,0.1884468412,0.18761698279799197,0.0008298584020080269
3218.129,0.188565407,0.18760491298105203,0.0009604940189479605
3218.611,0.18846793380000001,0.1875931631545832,0.000874770645416828
3219.093,0.188488515,0.18758173482790613,0.0009067801720938629
3219.575,0.1886786504,0.18757062946058073,0.0011080209394192797
3220.057,0.1884390641,0.18755984846226462,0.000879215637735381
3220.54,0.1884466923,0.18754937184066067,0.0008973204593393236
3221.021,0.18856788810000003,0.18753926496099033,0.001028623139009699
3221.504,0.1884146407,0.1875294450369726,0.0008851956630273883
3221.986,0.1884534585,0.18751997529356929,0.0009334832064307186
3222.468,0.1882967601,0.18751083621688325,0.0007859238831167403
3222.95,0.1881637975,0.18750202891452022,0.0006617685854797828
3223.432,0.18819710180000002,0.18749355444341012,0.0007035473565898953
3223.914,0.18818281779999999,0.1874854138097265,0.0006974039902734874
3224.396,0.1881040958,0.18747760796881402,0.00062648783118599
3224.878,0.18815810079999998,0.18747013782512495,0.0006879629748750282
3225.361,0.1882141141,0.18746298978258363,0.0007511243174163629
3225.843,0.1883032458,0.18745619424354626,0.0008470515564537318
3226.325,0.18806298040000002,0.1874497368106998,0.000613243589300233
3226.807,0.18819398469999998,0.18744361818432162,0.0007503665156783634
3227.289,0.18829549320000002,0.18743783901358635,0.0008576541864136755
3227.771,0.1881565464,0.18743239989654664,0.0007241465034533712
3228.253,0.1881123234,0.18742730138012187,0.0006850220198781343
3228.735,0.1881864641,0.18742254396009447,0.0007639201399055329
3229.218,0.188014242,0.18741811927485114,0.0005961227251488621
3229.7,0.18816155089999997,0.18741404604022494,0.0007475048597750389
3230.182,0.18809298089999998,0.18741031508325368,0.0006826658167463084
3230.664,0.1879984588,0.18740692669517822,0.0005915321048217681
3231.146,0.18802491159999998,0.1874038811161973,0.000621030483802687
3231.628,0.18812793249999998,0.1874011785355082,0.0007267539644917886
3232.11,0.18796740069999998,0.18739881909135597,0.0005685816086440088
3232.592,0.18812070250000001,0.18739680287108967,0.0007238996289103405
3233.074,0.1878249223,0.18739512991122648,0.00042979238877352555
3233.557,0.1879863211,0.1873937977955475,0.0005925233044525025
3234.039,0.1878829376,0.18739281197496915,0.0004901256250308406
3234.521,0.1879479925,0.1873921692198113,0.0005558232801886887
3235.003,0.18785561779999999,0.18739186936394486,0.0004637484360551225
3235.485,0.18781278499999998,0.18739191219084017,0.0004208728091598113
3235.967,0.18803082910000002,0.18739229743367405,0.0006385316663259644
3236.449,0.18811454319999998,0.18739302477544545,0.0007215184245545347
3236.931,0.18788508780000002,0.18739409384909822,0.0004909939509017969
3237.414,0.1878827994,0.18739550751824874,0.00048729188175125615
3237.896,0.1878219818,0.18739725946156596,0.00042472233843404705
3238.378,0.1878905233,0.18739935173547745,0.0004911715645225523
3238.86,0.1878218691,0.18740178377397476,0.00042008532602524906
3239.342,0.187776146,0.18740455496171585,0.00037159103828415807
3239.824,0.18794722530000002,0.18740766463419103,0.0005395606658089858
3240.306,0.1877044237,0.18741111207789518,0.0002933116221048304
3240.788,0.1877894298,0.18741489653050653,0.00037453326949346555
3241.271,0.1878564017,0.1874190260790322,0.0004373756209677948
3241.753,0.1880865537,0.18742348276296933,0.0006630709370306631
3242.235,0.1879229831,0.1874282738759243,0.0004947092240756845
3242.717,0.1880623865,0.18743339846214804,0.0006289880378519686
3243.199,0.18803374739999998,0.1874388555180791,0.0005948918819208837
3243.681,0.1878944421,0.18744464399256253,0.00044979810743747684
3244.163,0.18814674069999998,0.18745076278707812,0.0006959779129218635
3244.645,0.1881230665,0.18745721075597524,0.0006658557440247515
3245.127,0.1880284485,0.18746398670671255,0.0005644617932874518
3245.61,0.1880995063,0.18747110447474832,0.0006284018252516732
3246.092,0.1880403592,0.18747853329907893,0.0005618259009210758
3246.574,0.1882042155,0.1874862862459811,0.0007179292540188953
3247.056,0.1880635,0.18749436193779712,0.0005691380622028785
3247.538,0.1880160558,0.1875027589512816,0.0005132968487183975
3248.02,0.18807843389999998,0.1875114758178812,0.0005669580821187903
3248.502,0.18807287779999998,0.18752051102402015,0.0005523667759798345
3248.984,0.18784070109999998,0.18752986301139257,0.0003108380886074069
3249.467,0.18805418240000002,0.18753955056011384,0.000514631839886176
3249.948,0.18785855690000003,0.18754951087476057,0.0003090460252394567
3250.431,0.1879609637,0.18755982508998598,0.0004011386100140346
3250.913,0.1879316304,0.18757042837674487,0.00036120202325512496
3251.395,0.1878671164,0.1875813399891797,0.0002857764108203098
3251.877,0.1879456055,0.1875925581069925,0.00035304739300751065
3252.359,0.1880517533,0.187604080867372,0.0004476724326280268
3252.841,0.1879149047,0.18761590636533151,0.00029899833466848214
3253.323,0.1878820157,0.18762803265405664,0.00025398304594334564
3253.805,0.1879847153,0.18764045774525567,0.0003442575547443205
3254.288,0.1879512626,0.18765320631049173,0.00029805628950826946
3254.77,0.1880837007,0.18766622348688308,0.00041747721311691244
3255.252,0.1877936385,0.1876795332511893,0.0001141052488106975
3255.734,0.1880137001,0.18769313345275418,0.00032056664724580686
3256.216,0.1878381295,0.1877070219012853,0.00013110759871470812
3256.698,0.1877191337,0.18772119636723894,-2.0626672389278955e-06
3257.18,0.1877840789,0.1877356545822087,4.84243177913124e-05
3257.662,0.18788744000000002,0.1877503942393208,0.00013704576067921637
3258.145,0.1879190992,0.18776544444134907,0.00015365475865092293
3258.627,0.18771187820000002,0.1877807404818514,-6.886228185137844e-05
3259.109,0.18798994,0.18779631081203207,0.00019362918796791972
3259.591,0.18778665719999998,0.18781215297511777,-2.5495775117789776e-05
3260.073,0.1879020862,0.1878282644779165,7.382172208350579e-05
3260.555,0.18794675019999998,0.18784464279124227,0.00010210740875771229
3261.037,0.1879315664,0.18786128535034308,7.028104965692283e-05
3261.519,0.18798556130000002,0.1878781895553356,0.00010737174466440846
3262.001,0.18806334230000002,0.18789535277164182,0.0001679895283581978
3262.484,0.1882738192,0.1879128087351943,0.0003610104648056889
3262.966,0.18812398179999998,0.1879304824572281,0.00019349934277188008
3263.448,0.1879514108,0.18794840707741545,3.0037225845491733e-06
3263.93,0.18797767790000003,0.1879665798268046,1.1098073195436875e-05
3264.412,0.1879242989,0.18798499790400605,-6.069900400604289e-05
3264.894,0.18824667430000003,0.1880036584756572,0.0002430158243428293
3265.376,0.188091967,0.18802255867689002,6.940832310997624e-05
3265.858,0.1881859528,0.18804169561180245,0.00014425718819754962
3266.341,0.1880017104,0.18806110678319274,-5.939638319274465e-05
3266.823,0.1881645783,0.18808070885185652,8.386944814348096e-05
3267.305,0.18830214420000002,0.18810053877884242,0.00020160542115760238
3267.787,0.1883079956,0.1881205935488482,0.0001874020511518082
3268.269,0.1885252396,0.188140870117955,0.00038436948204501054
3268.751,0.1883728899,0.18816136541411999,0.00021152448588002137
3269.233,0.18831700810000002,0.18818207633767475,0.00013493176232526327
3269.715,0.1882330516,0.18820299976182583,3.005183817417212e-05
3270.198,0.1883944206,0.18822417659249668,0.00017024400750331736
3270.68,0.1883079618,0.18824551595589167,6.244584410833309e-05
3271.162,0.1883475033,0.18826705827512952,8.044502487047911e-05
3271.644,0.18847688210000002,0.1882888003199343,0.00018808178006571308
3272.126,0.1886125954,0.1883107388354564,0.00030185656454359555
3272.608,0.1883292988,0.18833287054279146,-3.5717427914749855e-06
3273.09,0.1885295295,0.1883551921395023,0.0001743373604976839
3273.572,0.18829446489999999,0.18837770030014298,-8.323540014298914e-05
3274.054,0.18826358540000002,0.18840039167678577,-0.0001368062767857503
3274.537,0.1882111661,0.18842331053482153,-0.00021214443482153733
3275.019,0.1883129072,0.18844635857495962,-0.00013345137495962556
3275.501,0.1885566604,0.18846957965063565,8.708074936433774e-05
3275.983,0.18855251110000001,0.18849297032927348,5.9540770726534964e-05
3276.465,0.18843396980000002,0.18851652715848866,-8.255735848863854e-05
3276.947,0.1885862427,0.1885402466666284,4.599603337157587e-05
3277.429,0.1885989084,0.18856412536331457,3.478303668541516e-05
3277.911,0.1884621825,0.1885881597399888,-0.00012597723998880594
3278.394,0.18867421360000003,0.18861239660569157,6.181699430846122e-05
3278.875,0.1886811348,0.18863668141145026,4.4453388549747785e-05
3279.358,0.18882743130000001,0.188661212540231,0.00016621875976902123
3279.84,0.1887304478,0.18868583449663362,4.461330336638647e-05
3280.322,0.1887458959,0.18871059432926057,3.530157073941553e-05
3280.804,0.1888460769,0.18873548843198373,0.00011058846801625943
3281.286,0.1889060279,0.18876051318435683,0.0001455147156431691
3281.768,0.1889393865,0.18878566495217386,0.00015372154782614111
3282.25,0.18882541369999997,0.18881094008802757,1.4473611972404266e-05
3282.732,0.18897080979999997,0.18883633493186852,0.00013447486813145115
3283.215,0.18891941460000003,0.18886189885676835,5.751574323167863e-05
3283.697,0.1890100621,0.1888875223179331,0.00012253978206688831
3284.179,0.1890934455,0.18891325442902288,0.00018019107097713705
3284.661,0.18891970730000002,0.18893909148501684,-1.93841850168186e-05
3285.143,0.1888468907,0.18896502977106489,-0.0001181390710648933
3285.625,0.1888893007,0.1889910655630533,-0.00010176486305329968
3286.107,0.1890387676,0.18901719512816909,2.157247183090516e-05
3286.589,0.1888385461,0.18904341472546554,-0.0002048686254655374
3287.072,0.18902277269999998,0.18906977527003188,-4.7002570031901e-05
3287.554,0.1890558054,0.1890961638464555,-4.0358446455501795e-05
3288.036,0.188999874,0.18912263118126454,-0.00012275718126453228
3288.518,0.1889792325,0.18914917350662563,-0.0001699410066256235
3289.0,0.1890144988,0.18917578704940272,-0.00016128824940270237
3289.482,0.1890341778,0.18920246803172414,-0.0001682902317241275
3289.964,0.18923658759999998,0.1892292126715477,7.374928452291707e-06
3290.446,0.18917424749999998,0.1892560171832271,-8.176968322712308e-05
3290.928,0.1891746281,0.1892828777780771,-0.00010824967807709918
3291.411,0.189179503,0.1893098465525297,-0.00013034355252969365
3291.893,0.1893935265,0.18933680803500938,5.671846499061273e-05
3292.375,0.1895576338,0.18936381421414378,0.00019381958585623638
3292.857,0.18938818950000003,0.18939086129473404,-2.6717947340104686e-06
3293.339,0.1892388331,0.18941794548136326,-0.00017911238136325558
3293.821,0.1894158306,0.18944506297895683,-2.9232378956828287e-05
3294.303,0.1895331762,0.1894722099933432,6.0966206656798416e-05
3294.785,0.18940538480000002,0.1894993827318142,-9.399793181416594e-05
3295.268,0.1895739461,0.18952663384433513,4.731225566487196e-05
3295.75,0.1897972598,0.18955384669520348,0.00024341310479653044
3296.232,0.18965965950000002,0.18958107389853962,7.858560146040139e-05
3296.714,0.1898591935,0.18960831167306863,0.00025088182693136507
3297.196,0.1897587425,0.18963555624176054,0.00012318625823945495
3297.678,0.1898045244,0.18966280383238132,0.00014172056761868612
3298.16,0.1898607685,0.18969005067804398,0.00017071782195601792
3298.642,0.18971614309999998,0.18971729301775722,-1.1499177572371622e-06
3299.125,0.1899098986,0.18974458358802304,0.00016531501197694642
3299.607,0.18983876030000002,0.1897718056303745,6.695466962552965e-05
