wavenumber_cm-1,observed_reflectance_fraction,fitted_reflectance_fraction,residual_fraction
2500.257,0.17503157430000002,0.17352955034073642,0.0015020239592636042
2500.739,0.1748372872,0.17359553532049324,0.0012417518795067584
2501.221,0.17527809290000002,0.17366208278577555,0.0016160101142244643
2501.703,0.17536324059999997,0.17372918236997095,0.0016340582300290174
2502.186,0.175312573,0.17379696452547688,0.0015156084745231169
2502.668,0.1753564231,0.1738651380549634,0.0014912850450365944
2503.15,0.17551861729999998,0.1739338321601663,0.0015847851398336776
2503.632,0.17549083440000002,0.1740030361991506,0.001487798200849405
2504.114,0.1757866801,0.1740727394654913,0.0017139406345087205
2504.596,0.17562272190000003,0.17414293119001184,0.001479790709988188
2505.078,0.1758051218,0.17421360054252683,0.0015915212574731663
2505.56,0.17576346950000002,0.1742847366335944,0.0014787328664056243
2506.042,0.1757280929,0.17435632851627364,0.0013717643837263538
2506.525,0.1758073048,0.17442851509625934,0.0013787897037406682
2507.007,0.1761135305,0.17450098638849845,0.0016125441115015515
2507.489,0.1761963844,0.17457388028110213,0.0016225041188978606
2507.971,0.17627142769999998,0.17464718561473114,0.0016242420852688455
2508.453,0.17607381279999998,0.17472089118142986,0.0013529216185701187
2508.935,0.176343599,0.17479498572641772,0.0015486132735822722
2509.417,0.1763386391,0.17486945794988618,0.001469181150113824
2509.899,0.17656609880000002,0.17494429650879956,0.0016218022912004582
2510.382,0.1765770281,0.17501964638288445,0.001557381717115558
2510.864,0.1766300807,0.17509518412050984,0.0015348965794901581
2511.346,0.1767428483,0.17517105389936097,0.0015717944006390372
2511.828,0.1767587199,0.17524724422150734,0.001511475678492663
2512.31,0.17682217130000003,0.17532374355485641,0.00149842774514361
2512.792,0.1769064109,0.17540054033497365,0.0015058705650263515
2513.274,0.1768261764,0.17547762296690755,0.0013485534330924531
2513.756,0.1771680518,0.17555497982701418,0.0016130719729858245
2514.239,0.17712584929999997,0.1756327605658175,0.0014930887341824683
2514.721,0.1772953196,0.1757106314141036,0.0015846881858964101
2515.203,0.1773429207,0.17578874144147316,0.0015541792585268277
2515.685,0.17727741930000002,0.17586707892776554,0.0014103403722344754
2516.167,0.17747114719999998,0.17594563213328374,0.0015255150667162487
2516.649,0.1773054389,0.1760243893006273,0.0012810495993726967
2517.131,0.1774113191,0.17610333865652555,0.001307980443474438
2517.613,0.1775644597,0.17618246841366972,0.0013819912863302919
2518.095,0.1779723807,0.17626176677254554,0.0017106139274544463
2518.578,0.1779329362,0.1763413869227636,0.0015915492772363982
2519.06,0.17795842830000003,0.17642098733538095,0.00153744096461908
2519.542,0.1779442167,0.1765007208717278,0.00144349582827219
2520.024,0.1781415488,0.1765805757017655,0.0015609730982344971
2520.506,0.17810862570000002,0.17666053999239958,0.0014480857076004383
2520.988,0.1782074622,0.17674060190930418,0.001466860290695815
2521.47,0.178108539,0.17682074961874233,0.0012877893812576757
2521.952,0.1784055219,0.17690097128938653,0.0015045506106134698
2522.435,0.17857687949999998,0.1769814217144302,0.0015954577855697705
2522.917,0.17849601710000002,0.17706175592431575,0.001434261175684265
2523.399,0.17850698380000002,0.17714212860952072,0.0013648551904792972
2523.881,0.178525033,0.17722252796650126,0.001302505033498741
2524.363,0.17876758250000002,0.177302942203171,0.0014646402968290229
2524.845,0.17867086919999997,0.1773833595406994,0.0012875096593005786
2525.327,0.1786845373,0.17746376821530357,0.001220769084696427
2525.809,0.1788401731,0.1775441564800364,0.0012960166199635914
2526.292,0.1788562951,0.17762467927899203,0.0012316158210079753
2526.773,0.1789672398,0.17770482488697203,0.001262414913027976
2527.256,0.1790050093,0.17778524807743679,0.0012197612225632037
2527.738,0.1790551486,0.17786543748070835,0.001189711119291642
2528.22,0.178998125,0.17794554803000606,0.0010525769699939458
2528.702,0.1792252633,0.17802556811670017,0.0011996951832998204
2529.184,0.17942391870000002,0.17810548616135807,0.0013184325386419449
2529.666,0.1793152065,0.17818529061548483,0.0011299158845151647
2530.148,0.17936598029999998,0.17826496996325586,0.0011010103367441182
2530.63,0.1797138243,0.1783445127232407,0.0013693115767592912
2531.113,0.1795727376,0.17842407200767207,0.0011486655923279299
2531.595,0.1797254544,0.17850330695133387,0.0012221474486661388
2532.077,0.1798061229,0.17858237106288105,0.0012237518371189526
2532.559,0.17979858920000003,0.17866125301564445,0.0011373361843555752
2533.041,0.179897643,0.17873994152585845,0.0011577014741415426
2533.523,0.1800544262,0.17881842535433579,0.0012360008456642202
2534.005,0.1800191321,0.17889669330813404,0.001122438791865965
2534.487,0.1802132231,0.17897473424221166,0.0012384888577883224
2534.969,0.1800595864,0.17905253706107543,0.001007049338924565
2535.452,0.1802730209,0.17913025135348962,0.0011427695465103804
2535.934,0.1803656908,0.17920754431068966,0.001158146489310341
2536.416,0.1802156462,0.17928456615716695,0.0009310800428330435
2536.898,0.1802567138,0.17936130601200354,0.0008954077879964606
2537.38,0.18025704699999998,0.17943775305191317,0.0008192939480868022
2537.862,0.1801653593,0.1795138965128253,0.0006514627871747058
2538.344,0.1805247001,0.1795897256914571,0.000934974408542899
2538.826,0.1804181452,0.17966522994687473,0.0007529152531252636
2539.309,0.18047349629999998,0.17974055429776165,0.0007329420022383348
2539.791,0.18060194870000001,0.17981537631233094,0.0007865723876690767
2540.273,0.1808073438,0.17988984184881007,0.0009175019511899196
2540.755,0.18084034370000002,0.17996394053117457,0.0008764031688254514
2541.237,0.18078774460000002,0.1800376620533759,0.0007500825466241201
2541.719,0.1808600299,0.18011099618082788,0.0007490337191721208
2542.201,0.1810442568,0.18018393275188122,0.0008603240481187824
2542.683,0.18100980190000002,0.18025646167928397,0.0007533402207160478
2543.166,0.18111502470000002,0.18032872211902157,0.0007863025809784485
2543.648,0.1813090186,0.18040040490479234,0.0009086136952076718
2544.13,0.18120433800000002,0.1804716502255802,0.0007326877744198157
2544.612,0.18130990100000002,0.18054244830622546,0.0007674526937745674
2545.094,0.18157323290000002,0.1806127894530654,0.0009604434469346335
2545.576,0.1814139027,0.1806826640553123,0.0007312386446876873
2546.058,0.1814604738,0.18075206258641557,0.00070841121358442
2546.54,0.181510221,0.18082097560540827,0.0006892453945917254
2547.022,0.18165649309999998,0.18088939375824037,0.0007670993417596139
2547.505,0.1817228018,0.180957448149129,0.0007653536508709924
2547.987,0.1817646791,0.18102484778729597,0.0007398313127040257
2548.469,0.1817925611,0.18109172501299148,0.0007008360870085217
2548.951,0.18200926779999999,0.18115807083304197,0.0008511969669580122
2549.433,0.18193234419999998,0.1812238763476213,0.0007084678523786858
2549.915,0.18175915790000002,0.1812891327514924,0.00047002514850763566
2550.397,0.1818544147,0.18135383133522706,0.000500583364772933
2550.879,0.18198729660000001,0.1814179634864137,0.0005693331135863122
2551.362,0.1819582395,0.18148165194875482,0.0004765875512451889
2551.844,0.1818932514,0.18154462457262893,0.0003486268273710791
2552.326,0.1819834508,0.18160700550347575,0.0003764452965242526
2552.808,0.1821036874,0.1816687865288817,0.00043490087111830444
2553.29,0.1820141009,0.18172995953922752,0.000284141360772483
2553.772,0.1820862827,0.18179051652879324,0.0002957661712067461
2554.254,0.18195794939999999,0.1818504495968437,0.00010749980315627461
2554.736,0.18218057510000002,0.1819097509486983,0.000270824151301724
2555.219,0.1821309634,0.18196853393213258,0.00016242946786743095
2555.7,0.1824566492,0.18202642786165418,0.00043022133834580423
2556.183,0.18231959150000002,0.1820839066928167,0.0002356848071833062
2556.665,0.182273234,0.18214060400993726,0.00013262999006274923
2557.147,0.18233444389999998,0.18219663224950136,0.00013781165049861488
2557.629,0.1825941892,0.18225198427482636,0.00034220492517364476
2558.111,0.1824714417,0.18230665306226215,0.0001647886377378338
2558.593,0.1826461435,0.18236063170211436,0.00028551179788563474
2559.075,0.1827884091,0.18241391339954804,0.0003744957004519489
2559.557,0.1826568145,0.1824664914754736,0.00019032302452637317
2560.04,0.18271551030000002,0.18251846623442158,0.0001970440655784389
2560.522,0.1825482431,0.18256961600395433,-2.137290395431979e-05
2561.004,0.1828663891,0.18262004280474503,0.00024634629525496776
2561.486,0.1829066641,0.18266974042940337,0.00023692367059663377
2561.968,0.1830166621,0.1827187027904256,0.0002979593095744082
2562.45,0.18298084979999998,0.1827669239209634,0.0002139258790365972
2562.932,0.1829757042,0.18281439797557478,0.00016130622442522835
2563.414,0.1830427788,0.18286111923095422,0.0001816595690457834
2563.896,0.18310789759999999,0.18290708208664358,0.00020081551335640602
2564.379,0.1831471526,0.18295237404175618,0.00019477855824381884
2564.861,0.18329024759999998,0.18299680219012504,0.00029344540987494283
2565.343,0.1831467701,0.18304045587060613,0.00010631422939386126
2565.825,0.1832160138,0.18308332998110072,0.00013268381889927627
2566.307,0.1831957325,0.18312541954561315,7.031295438686413e-05
2566.789,0.1831433583,0.18316671971484166,-2.3361414841660544e-05
2567.271,0.18320642939999998,0.18320722576674836,-7.963667483790182e-07
2567.753,0.1832326633,0.18324693310710935,-1.4269807109362764e-05
2568.236,0.1832665737,0.1832859171461441,-1.9343446144098886e-05
2568.718,0.183222615,0.1833240121148656,-0.00010139711486559233
2569.2,0.1834400797,0.18336129535285278,7.878434714722604e-05
2569.682,0.1833021479,0.18339776278249914,-9.561488249915095e-05
2570.164,0.1834987696,0.1834334104564565,6.535914354349748e-05
2570.646,0.1833647884,0.18346823455806177,-0.00010344615806176516
2571.128,0.183347278,0.18350223140174368,-0.00015495340174367933
2571.61,0.1834963023,0.18353539743340827,-3.909513340827342e-05
2572.093,0.183381709,0.18356779543973267,-0.00018608643973266892
2572.575,0.18341867069999998,0.18359928797186365,-0.0001806172718636645
2573.057,0.18337626329999998,0.18362993981569237,-0.0002536765156923859
2573.539,0.1833542875,0.18365974794675236,-0.0003054604467523647
2574.021,0.18349791840000002,0.18368870947367272,-0.00019079107367270254
2574.503,0.1834940525,0.18371682163843878,-0.000222769138438772
2574.985,0.1835460299,0.1837440818166327,-0.00019805191663271882
2575.467,0.1835917738,0.18377048751765285,-0.00017871371765285082
2575.949,0.18328163069999998,0.18379603638491257,-0.0005144056849125944
2576.432,0.1835167151,0.18382077652523432,-0.00030406142523431434
2576.914,0.1835039732,0.18384460340345732,-0.000340630203457315
2577.396,0.18356638220000002,0.18386756718000977,-0.0003011849800097499
2577.878,0.183407635,0.18388966603621423,-0.00048203103621421994
2578.36,0.18355447600000002,0.18391089828808907,-0.00035642228808904775
2578.842,0.18364413849999997,0.18393126238642238,-0.00028712388642240794
2579.324,0.18356130780000002,0.18395075691682522,-0.00038944911682520233
2579.806,0.1836165671,0.18396938059976395,-0.0003528134997639598
2580.289,0.18342681689999998,0.1839871682126485,-0.0005603513126485049
2580.771,0.18367187210000002,0.18400404508935111,-0.00033217298935109274
2581.253,0.1836322226,0.18402004808745553,-0.0003878254874555287
2581.735,0.1837374067,0.18403517646703654,-0.00029776976703654867
2582.217,0.1837443146,0.18404942962287502,-0.00030511502287500214
2582.699,0.1837409086,0.1840628070843665,-0.00032189848436650625
2583.181,0.1835800824,0.18407530851540854,-0.0004952261154085313
2583.663,0.18373559050000002,0.1840869337142691,-0.00035134321426907866
2584.146,0.1835997056,0.18409770400316533,-0.000497998403165334
2584.627,0.1835724631,0.18410755527942602,-0.0005350921794260166
2585.11,0.1836610832,0.1841165696674177,-0.0004554864674177206
2585.592,0.1836040993,0.18412468878547905,-0.0005205894854790616
2586.074,0.1838135639,0.18413193267328617,-0.00031836877328617064
2586.556,0.1836925003,0.18413830193167832,-0.00044580163167831643
2587.038,0.18380928440000002,0.1841437972943675,-0.000334512894367478
2587.52,0.18345520059999998,0.1841484196276446,-0.0006932190276446315
2588.002,0.1837996307,0.18415216993006472,-0.0003525392300647301
2588.484,0.183740811,0.18415504933211366,-0.00041423833211365335
2588.967,0.1835071763,0.184157062362446,-0.000649886062446009
2589.449,0.18355126559999999,0.18415820208134412,-0.0006069364813441336
2589.931,0.1835779811,0.1841584750825729,-0.0005804939825728994
2590.413,0.18358725920000002,0.18415788302087682,-0.0005706238208768033
2590.895,0.18349698679999998,0.18415642768096474,-0.0006594408809647567
2591.377,0.18337255630000002,0.18415411097705978,-0.0007815546770597592
2591.859,0.1834034761,0.184150934952428,-0.0007474588524280235
2592.341,0.1834989423,0.18414690177888976,-0.0006479594788897647
2592.823,0.1833902921,0.18414201375631012,-0.0007517216563101281
2593.306,0.18342373080000002,0.18413626051809756,-0.0007125297180975432
2593.788,0.18335467009999998,0.18412966844608847,-0.0007749983460884902
2594.27,0.18342023999999998,0.18412222919322885,-0.0007019891932288636
2594.752,0.18354216999999998,0.18411394556636296,-0.0005717755663629809
2595.234,0.18335174099999998,0.18410482049755422,-0.0007530794975542376
2595.716,0.1835650858,0.18409485704346562,-0.000529771243465621
2596.198,0.1832840355,0.18408405838472008,-0.0008000228847200863
2596.68,0.1831949058,0.18407242782524508,-0.0008775220252450755
2597.163,0.1836133147,0.18405994208422363,-0.00044662738422363013
2597.645,0.1833255863,0.18404665641720339,-0.0007210701172033762
2598.127,0.1830750948,0.18403254950196024,-0.0009574547019602364
2598.609,0.1832182614,0.1840176251289614,-0.0007993637289613886
2599.091,0.18327163500000002,0.18400188720842464,-0.0007302522084246255
2599.573,0.18321058050000003,0.18398533976955767,-0.00077475926955764
2600.055,0.18319031079999998,0.18396798695977662,-0.0007776761597766413
2600.537,0.18312964829999998,0.18394983304391072,-0.0008201847439107401
2601.02,0.1831450715,0.18393084226161308,-0.0007857707616130694
2601.502,0.1832249908,0.18391109775475756,-0.0006861069547575704
2601.984,0.1831750097,0.1838905656422456,-0.0007155559422455937
2602.466,0.1830506953,0.18386925065048793,-0.0008185553504879151
2602.948,0.1828968785,0.1838471576190723,-0.0009502791190723059
2603.43,0.18307779159999998,0.18382429149986684,-0.0007464998998668593
2603.912,0.18292970279999998,0.18380065735610845,-0.0008709545561084719
2604.394,0.1830581168,0.18377626036147593,-0.0007181435614759257
2604.876,0.182937955,0.18375110579914583,-0.0008131507991458176
2605.359,0.18294959649999998,0.18372514453432684,-0.0007755480343268617
2605.841,0.1829568023,0.1836984895759855,-0.0007416872759855031
2606.323,0.18270793019999998,0.1836710935585446,-0.0009631633585446275
2606.805,0.1830321165,0.18364296219365378,-0.0006108456936537721
2607.287,0.18276941910000002,0.183614101297515,-0.0008446821975149621
2607.769,0.1828726094,0.18358451678984825,-0.0007119073898482486
2608.251,0.1827656706,0.183554214692845,-0.0007885440928449838
2608.733,0.18267268009999998,0.1835232011301054,-0.0008505210301054111
2609.216,0.18261826479999999,0.18349141579018696,-0.0008731509901869772
2609.698,0.18243612580000002,0.1834589966236192,-0.001022870823619182
2610.18,0.1826695764,0.18342588497316295,-0.0007563085731629449
2610.662,0.182591053,0.18339208735735638,-0.0008010343573563727
2611.144,0.1824165554,0.18335761039062692,-0.0009410549906269106
2611.626,0.1825489009,0.1833224607821487,-0.0007735598821486944
2612.108,0.18231215110000001,0.1832866453346854,-0.0009744942346853747
2612.59,0.18228684099999998,0.1832501709434211,-0.0009633299434211318
2613.073,0.1823792509,0.18321296689634614,-0.0008337159963461294
2613.554,0.1823104528,0.18317527336522899,-0.0008648205652289909
2614.037,0.18226891309999999,0.18313678407558187,-0.0008678709755818859
2614.519,0.1820625785,0.18309774336734244,-0.001035164867342453
2615.001,0.1822042412,0.18305807955106534,-0.0008538383510653391
2615.483,0.18199719649999999,0.1830178000513959,-0.00102060355139591
2615.965,0.18193931259999999,0.18297691237687408,-0.001037599776874093
2616.447,0.1821338704,0.18293542411867125,-0.000801553718671244
2616.929,0.1818893178,0.18289334294931525,-0.0010040251493152463
2617.411,0.18190862330000002,0.18285067662140547,-0.0009420533214054561
2617.894,0.1819572335,0.18280734265453422,-0.0008501091545342065
2618.376,0.18203802670000002,0.18276352840802085,-0.0007255017080208259
2618.858,0.1819072581,0.18271915274481726,-0.0008118946448172626
2619.34,0.1817934629,0.18267422372490438,-0.0008807608249043752
2619.822,0.1816538272,0.18262874948175212,-0.0009749222817521108
2620.304,0.18205167660000002,0.18258273822097648,-0.000531061620976464
2620.786,0.1818637203,0.1825361982189835,-0.0006724779189835051
2621.268,0.18166580889999998,0.1824891378216075,-0.0008233289216075246
2621.75,0.1816998768,0.18244156544273926,-0.0007416886427392688
2622.233,0.18162461919999998,0.18239338930298632,-0.0007687701029863436
2622.715,0.1816771381,0.18234481745017217,-0.0006676793501721734
2623.197,0.18157589470000002,0.18229575926996064,-0.000719864569960621
2623.679,0.18157707909999998,0.1822462234347126,-0.0006691443347126291
2624.161,0.1814669209,0.18219621867786018,-0.0007292977778601828
2624.643,0.18136370419999998,0.18214575379248857,-0.0007820495924885928
2625.125,0.18131927409999998,0.18209483762990836,-0.0007755635299083741
2625.607,0.1810954567,0.1820434790982232,-0.0009480223982231972
2626.09,0.1812354304,0.18199157926445897,-0.0007561488644589609
2626.572,0.1811347855,0.1819393620677729,-0.0008045765677728856
2627.054,0.18083992129999998,0.181886729571484,-0.0010468082714840121
2627.536,0.1808678235,0.18183369089650459,-0.0009658673965045883
2628.018,0.1808517917,0.1817802552132739,-0.0009284635132739139
2628.5,0.1808859103,0.18172643174028696,-0.0008405214402869565
2628.982,0.18076232550000002,0.18167222974261965,-0.0009099042426196358
2629.464,0.1806485219,0.1816176585304478,-0.0009691366304478144
2629.947,0.1806768226,0.18156261312511773,-0.0008857905251177245
2630.429,0.180586435,0.18150733087012366,-0.0009208958701236725
2630.911,0.18041169159999998,0.18145170760649582,-0.0010400160064958364
2631.393,0.18049202560000002,0.18139575280999096,-0.0009037272099909344
2631.875,0.1804763416,0.18133947599399236,-0.0008631343939923541
2632.357,0.1801778964,0.1812828867080033,-0.0011049903080032897
2632.839,0.1802940008,0.1812259945361374,-0.0009319937361374209
2633.321,0.1803150017,0.1811688090956064,-0.000853807395606393
2633.803,0.1801546286,0.18111134003520385,-0.0009567114352038442
2634.286,0.1801397593,0.1810534769569977,-0.0009137176569976868
2634.768,0.180092056,0.1809954691838742,-0.0009034131838742132
2635.25,0.1800944068,0.18093720693177942,-0.0008428001317794254
2635.732,0.1802343964,0.18087869996067876,-0.0006443035606787662
2636.214,0.1801612411,0.1808199580545018,-0.0006587169545017868
2636.696,0.1798835001,0.1807609910196142,-0.0008774909196141989
2637.178,0.17993685410000002,0.1807018086832874,-0.000764954583287375
2637.66,0.17994664629999998,0.18064242089216764,-0.0006957745921676584
2638.143,0.1799013287,0.18058271369730744,-0.0006813849973074382
2638.625,0.17970134989999997,0.18052294423137477,-0.0008215943313747975
2639.107,0.17982433369999998,0.1804629989720635,-0.0006386652720635211
2639.589,0.1796888927,0.18040288782822436,-0.0007139951282243706
2640.071,0.1796031002,0.18034262072041693,-0.0007395205204169253
2640.553,0.17937634419999998,0.1802822075793789,-0.0009058633793789239
2641.035,0.17922990800000002,0.1802216583444925,-0.0009917503444924758
2641.517,0.1793433508,0.18016098296225486,-0.000817632162254861
2642.0,0.17929498689999998,0.18010006514726393,-0.0008050782472639462
2642.481,0.17932472910000002,0.18003929356810602,-0.0007145644681059993
2642.964,0.1791267834,0.17997817283405343,-0.00085138943405344
2643.446,0.17920768809999998,0.17991709224740948,-0.0007094041474094981
2643.928,0.1790041445,0.1798559353197746,-0.0008517908197746005
2644.41,0.179090768,0.1797947120082491,-0.00070394400824908
2644.892,0.17914450710000002,0.1797334322663694,-0.0005889251663693806
2645.374,0.178934694,0.17967210604259176,-0.0007374120425917563
2645.856,0.17887980120000002,0.17961074327877896,-0.00073094207877894
2646.338,0.17888799290000001,0.1795493539086906,-0.0006613610086905752
2646.821,0.1787539812,0.17948782044756434,-0.000733839247564344
2647.303,0.17853807710000003,0.1794264076225086,-0.0008883305225085847
2647.785,0.1786627046,0.17936499794930788,-0.0007022933493078809
2648.267,0.1786814103,0.17930360131424383,-0.0006221910142438225
2648.749,0.178463277,0.17924222758799419,-0.0007789505879941816
2649.231,0.1785453331,0.17918088662414655,-0.0006355535241465426
2649.713,0.1785061809,0.1791195882577165,-0.0006134073577165056
2650.195,0.1785335193,0.17905834230366946,-0.0005248230036694612
2650.677,0.1785120481,0.1789971585554489,-0.0004851104554489116
2651.16,0.178209273,0.1789359200771858,-0.0007266470771858102
2651.642,0.1782160941,0.17887489020719444,-0.000658796107194437
2652.124,0.1783388708,0.1788139517997269,-0.0004750809997269012
2652.606,0.1779831128,0.1787531145474689,-0.0007700017474688847
2653.088,0.17788150470000003,0.17869238811430505,-0.0008108834143050192
2653.57,0.17796953559999998,0.1786317821338812,-0.0006622465338812222
2654.052,0.1777868378,0.17857130620817485,-0.0007844684081748377
2654.534,0.1780444323,0.17851096990607124,-0.00046653760607123784
2655.017,0.1777275268,0.17845065805399762,-0.0007231312539976165
2655.499,0.1776984392,0.1783906299053212,-0.0006921907053211995
2655.981,0.1777106285,0.17833076989381025,-0.0006201413938102529
2656.463,0.17773243449999998,0.17827108744180828,-0.0005386529418082986
2656.945,0.17759685009999998,0.1782115919315554,-0.0006147418315554098
2657.427,0.17752692199999998,0.17815229270381067,-0.0006253707038106904
2657.909,0.1774107788,0.17809319905648197,-0.0006824202564819637
2658.391,0.1774058548,0.1780343202432642,-0.0006284654432641978
2658.874,0.17751737550000002,0.17797554402114601,-0.00045816852114599627
2659.356,0.1774170992,0.17791712294694434,-0.000500023746944328
2659.838,0.1774143158,0.1778589442080341,-0.00044462840803410897
2660.32,0.1774074899,0.1778010168677159,-0.00039352696771591256
2660.802,0.1771300687,0.17774334993840096,-0.0006132812384009589
2661.284,0.1771897899,0.177685952380304,-0.0004961624803039855
2661.766,0.1773332571,0.1776288331001465,-0.0002955760001464858
2662.248,0.17699409379999997,0.17757200094986958,-0.0005779071498696053
2662.73,0.1770937902,0.17751546472535762,-0.0004216745253576293
2663.213,0.1769519251,0.17745911682491217,-0.000507191724912176
2663.695,0.17689546450000002,0.17740319926810508,-0.0005077347681050615
2664.177,0.17697757960000002,0.17734760369358116,-0.0003700240935811394
2664.659,0.1770057469,0.17729233866030886,-0.00028659176030884637
2665.141,0.1767634941,0.17723741266497134,-0.00047391856497133733
2665.623,0.17667140660000002,0.17718283414075442,-0.0005114275407543944
2666.105,0.1766677328,0.17712861145614534,-0.0004608786561453304
2666.587,0.17644945329999998,0.17707475291374397,-0.0006252996137439959
2667.07,0.1764780765,0.1770211561747017,-0.000543079674701713
2667.552,0.17653104639999997,0.1769680513530439,-0.0004370049530439124
2668.034,0.176436927,0.17691533519107983,-0.0004784081910798321
2668.516,0.17620145350000002,0.17686301571605595,-0.0006615622160559276
2668.998,0.1761011858,0.17681110088356133,-0.0007099150835613299
2669.48,0.17609481429999999,0.17675959857641138,-0.0006647842764113954
2669.962,0.1761136287,0.17670851660354375,-0.000594887903543756
2670.444,0.1760941981,0.1766578626989275,-0.0005636645989275102
2670.927,0.1760979717,0.1766075407916012,-0.0005095690916012141
2671.408,0.17608443650000002,0.17655786964902703,-0.0004734331490270083
2671.891,0.1759201732,0.17650844372890018,-0.0005882705289001755
2672.373,0.17594779240000002,0.17645957885850172,-0.0005117864585016951
2672.855,0.1761061122,0.17641117957954883,-0.000305067379548829
2673.337,0.1759050482,0.17636325315385237,-0.0004582049538523758
2673.819,0.17589338659999998,0.17631580676098635,-0.0004224201609863698
2674.301,0.17594722189999998,0.1762688474973037,-0.0003216255973037263
2674.783,0.17583572409999998,0.17622238237496785,-0.000386658274967866
2675.265,0.1758355401,0.17617641832099695,-0.00034087822099695964
2675.748,0.1760176564,0.1761308684016399,-0.00011321200163991185
2676.23,0.1758845235,0.17608592799491046,-0.00020140449491046208
2676.712,0.17604109059999998,0.17604150893113335,-4.183311333727513e-07
2677.194,0.1758317334,0.175997617787299,-0.00016588438729900346
2677.676,0.17583472149999999,0.17595426105069295,-0.00011953955069296529
2678.158,0.1757571221,0.17591144511802795,-0.000154323018027952
2678.64,0.17566763219999998,0.1758691762945927,-0.0002015440945927205
2679.122,0.1754502663,0.17582746079341377,-0.0003771944934137794
2679.604,0.1754220942,0.17578630473443405,-0.00036421053443405627
2680.087,0.17534086389999998,0.17574563052279596,-0.0004047666227959823
2680.569,0.175339057,0.17570561252326738,-0.00036655552326739227
2681.051,0.1753592041,0.17566617177128466,-0.00030696767128465807
2681.533,0.17511413650000002,0.1756273140063448,-0.0005131775063447752
2682.015,0.1752565203,0.17558904487098248,-0.0003325245709824842
2682.497,0.1752199207,0.17555136991004183,-0.0003314492100418287
2682.979,0.175119784,0.17551429456996326,-0.00039451056996325784
2683.461,0.175117376,0.17547782419808808,-0.0003604481980880869
2683.944,0.17513355,0.17544189028121843,-0.0003083402812184277
2684.426,0.1751865637,0.17540664676995626,-0.0002200830699562728
2684.908,0.1750629347,0.17537202367796467,-0.0003090889779646666
2685.39,0.1751310881,0.175338025949334,-0.00020693784933401016
2685.872,0.1750616107,0.1753046584258145,-0.00024304772581448808
2686.354,0.17506404979999998,0.17527192584621876,-0.00020787604621877454
2686.836,0.175049252,0.17523983284583797,-0.00019058084583797874
2687.318,0.1748868313,0.17520838395587807,-0.0003215526558780768
2687.801,0.1748601453,0.17517752037893064,-0.0003173750789306484
2688.283,0.175030195,0.17514737424325483,-0.00011717924325482798
2688.765,0.1750105187,0.17511788519033278,-0.00010736649033277201
2689.247,0.17508893690000002,0.17508905732948465,-1.204294846346432e-07
2689.729,0.17506701360000002,0.17506089466336772,6.118936632298899e-06
2690.211,0.1748500979,0.17503340108751136,-0.00018330318751136332
2690.693,0.1748317782,0.1750065803898698,-0.00017480218986978824
2691.175,0.1747048883,0.17498043625039095,-0.0002755479503909475
2691.657,0.1749556689,0.1749549722406039,6.966593960877621e-07
2692.14,0.1747188692,0.1749301411245045,-0.0002112719245045136
2692.622,0.17470223310000002,0.17490604908165383,-0.00020381598165380987
2693.104,0.17468209850000002,0.17488264723530292,-0.00020054873530289674
2693.586,0.1745264014,0.17485993871928285,-0.000333537319282845
2694.068,0.17464356290000002,0.17483792655719432,-0.00019436365719430193
2694.55,0.1745849994,0.1748166136620978,-0.00023161426209780678
2695.032,0.17452415389999998,0.17479600283622104,-0.0002718489362210641
2695.514,0.1746365959,0.17477609677068212,-0.00013950087068212436
2695.997,0.1745762811,0.17475685895086096,-0.00018057785086095235
2696.479,0.1745063399,0.17473837150876304,-0.00023203160876303364
2696.961,0.17452423799999997,0.1747205962359812,-0.00019635823598124214
2697.443,0.17451163860000002,0.17470353537655597,-0.00019189677655595538
2697.925,0.1744024791,0.17468719106230138,-0.0002847119623013705
2698.407,0.1744768978,0.174671565312632,-0.00019466751263200188
2698.889,0.174425271,0.17465666003441016,-0.00023138903441016767
2699.371,0.1744539979,0.17464247702180896,-0.00018847912180897097
2699.854,0.1745183429,0.1746289907864677,-0.0001106478864676963
2700.335,0.17442193549999999,0.1746162844060146,-0.00019434890601460753
2700.818,0.17444884800000002,0.17460425367345295,-0.00015540567345292966
2701.3,0.1744531762,0.17459297691980624,-0.00013980071980623787
2701.782,0.1746900046,0.1745824297111703,0.00010757488882970345
2702.264,0.1745849502,0.17457261316344946,1.2337036550541525e-05
2702.746,0.1745136974,0.17456352827938887,-4.983087938886799e-05
2703.228,0.1746523002,0.1745551759485754,9.712425142460734e-05
2703.71,0.1745485974,0.17454755694745763,1.0404525423723943e-06
2704.192,0.1745548551,0.17454067193938216,1.4183160617825541e-05
2704.675,0.17460581560000002,0.17453450947822507,7.130612177494444e-05
2705.157,0.17456918049999998,0.17452909551938442,4.0084980615556765e-05
2705.639,0.17436262979999997,0.17452441686619324,-0.00016178706619326966
2706.121,0.1746178611,0.1745204737300659,9.73873699340877e-05
2706.603,0.1744887984,0.17451726620975488,-2.8467809754878504e-05
2707.085,0.17464479900000002,0.1745147942914906,0.00013000470850940693
2707.567,0.1745752088,0.1745130578491373,6.215095086270495e-05
2708.049,0.1746099279,0.17451205664436664,9.78712556333472e-05
2708.531,0.1745130213,0.17451179032684694,1.2309731530490975e-06
2709.014,0.17460142409999999,0.17451226016868265,8.916393131733202e-05
2709.496,0.1746000138,0.17451346364955062,8.655015044939374e-05
2709.978,0.17453818699999998,0.17451540029527393,2.2786704726052154e-05
2710.46,0.174534093,0.1745180693095153,1.6023690484701092e-05
2710.942,0.1745449975,0.1745214697851363,2.352771486369143e-05
2711.424,0.17450650769999998,0.17452560070448775,-1.9093004487769072e-05
2711.906,0.1745975297,0.1745304609397158,6.706876028420017e-05
2712.388,0.1746794464,0.17453604925308525,0.0001433971469147477
2712.871,0.1745154693,0.1745423781535122,-2.6908853512197517e-05
2713.353,0.1746474709,0.17454941997527323,9.80509247267558e-05
2713.835,0.1746473377,0.17455718550279287,9.015219720712175e-05
2714.317,0.1746234461,0.17456567306213897,5.777303786103083e-05
2714.799,0.17468489909999999,0.1745748808713561,0.00011001822864389887
2715.281,0.1747736985,0.1745848070408858,0.0001888914591141877
2715.763,0.1746339397,0.1745954495740007,3.8490125999296465e-05
2716.245,0.1747042896,0.17460680636725734,9.748323274266779e-05
2716.728,0.17441801210000002,0.17461890098864213,-0.00020088888864211452
2717.21,0.17451734349999998,0.17463168103733132,-0.00011433753733133822
2717.692,0.1745532193,0.174645168395143,-9.194909514298466e-05
2718.174,0.1746051153,0.17465936053637215,-5.4245236372152394e-05
2718.656,0.17474936289999998,0.17467425483108612,7.510806891386501e-05
2719.138,0.1744019643,0.17468984854566877,-0.0002878842456687791
2719.62,0.17460686179999999,0.17470613884337866,-9.927704337867049e-05
2720.102,0.1745259,0.1747231227849238,-0.00019722278492378953
2720.584,0.17473390479999998,0.17474079732904851,-6.892529048535545e-06
2721.067,0.1747561433,0.17475919814096164,-3.054840961635996e-06
2721.549,0.1747671334,0.17477824577775386,-1.1112377753863534e-05
2722.031,0.1748530528,0.1747979742806467,5.507851935329655e-05
2722.513,0.174743448,0.17481838020650492,-7.493220650492405e-05
2722.995,0.17488754839999998,0.17483946001339246,4.808838660752546e-05
2723.477,0.17500999180000001,0.17486121006124802,0.00014878173875199074
2723.959,0.1750941116,0.17488362661257384,0.00021048498742615163
2724.441,0.17497056870000002,0.17490670583313842,6.386286686160814e-05
2724.924,0.17491599730000001,0.1749304937235538,-1.4496423553778115e-05
2725.406,0.1751794559,0.1749548877506433,0.000224568149356702
2725.888,0.17526278409999999,0.17497993236246828,0.000282851737531703
2726.37,0.1753913733,0.17500562334497388,0.00038574995502610454
2726.852,0.1753001063,0.17503195639109276,0.0002681499089072503
2727.334,0.17505661849999998,0.175058927101528,-2.3086015280282535e-06
2727.816,0.1751881262,0.1750865309855511,0.0001015952144488852
2728.298,0.17538828680000002,0.17511476346181037,0.0002735233381896407
2728.781,0.17529384530000003,0.17514368037247427,0.00015016492752575883
2729.262,0.1754223157,0.17517309541746107,0.00024922028253893114
2729.745,0.1753467872,0.1752032483507827,0.0001435388492173062
2730.227,0.1754244579,0.17523394885812768,0.00019050904187231654
2730.709,0.17537653779999998,0.17526525371031149,0.0001112840896884959
2731.191,0.1754342271,0.1752971577997685,0.000137069300231496
2731.673,0.1755090627,0.17532965593432592,0.00017940676567407277
2732.155,0.17571652010000002,0.1753627428381101,0.000353777261889926
2732.637,0.1756582266,0.17539641315246537,0.0002618134475346201
2733.119,0.1754722186,0.17543066143688416,4.155716311585178e-05
2733.602,0.1756269033,0.17546555500331823,0.0001613482966817681
2734.084,0.17576625910000002,0.17550094375380093,0.00026531534619908537
2734.566,0.1755885409,0.1755368936593072,5.164724069281479e-05
2735.048,0.1756265485,0.17557339896127827,5.314953872173622e-05
2735.53,0.1757542784,0.17561045382411783,0.00014382457588216213
2736.012,0.1757053411,0.17564805233618722,5.7288763812779475e-05
2736.494,0.1759602109,0.17568618851081008,0.00027402238918991517
2736.976,0.17592726760000002,0.17572485628728673,0.00020241131271328539
2737.458,0.1756958238,0.17576404953191896,-6.822573191894721e-05
2737.941,0.1759397039,0.17580384496556756,0.0001358589344324368
2738.423,0.1758827974,0.1758440715163162,3.8725883683810025e-05
2738.905,0.17595026749999998,0.1758848046932856,6.54628067143781e-05
2739.387,0.1761002206,0.17592603808107948,0.00017418251892051262
2739.869,0.1759116831,0.1759677651965692,-5.608209656920993e-05
2740.351,0.17620525229999998,0.17600997948997477,0.0001952728100252099
2740.833,0.1762157449,0.17605267434595456,0.0001630705540454358
2741.315,0.1760905456,0.1760958430847017,-5.297484701682897e-06
2741.798,0.1761872906,0.17613956997479702,4.772062520297382e-05
2742.28,0.1762870665,0.17618366713526715,0.00010339936473285904
2742.762,0.1762821725,0.17622821774908118,5.395475091882207e-05
2743.244,0.1761701255,0.17627321488958508,-0.00010308938958508707
2743.726,0.1764982899,0.1763186515712703,0.0001796383287296921
2744.208,0.1762613394,0.17636452075091671,-0.0001031813509167201
2744.69,0.17636229660000002,0.17641081532874542,-4.851872874539476e-05
2745.172,0.17646724219999999,0.17645752814957696,9.71405042302087e-06
2745.655,0.1765250281,0.17650475019356882,2.0277906431193093e-05
2746.137,0.1764739982,0.17655227864921358,-7.828044921356914e-05
2746.619,0.1765165693,0.17660020354637945,-8.363424637944372e-05
2747.101,0.17658094800000002,0.17664851751990102,-6.756951990100069e-05
2747.583,0.1766637336,0.17669721315510684,-3.347955510682454e-05
2748.065,0.17655602139999999,0.17674628298901607,-0.00019026158901608303
2748.547,0.1768245142,0.17679571951154135,2.8794688458649853e-05
2749.029,0.1769146685,0.17684551516669605,6.915333330395623e-05
2749.511,0.17694938000000002,0.17689566235380794,5.371764619208075e-05
2749.994,0.176858686,0.1769462585341512,-8.757253415120347e-05
2750.476,0.176962402,0.17699708650001209,-3.468450001209433e-05
2750.958,0.1770159327,0.17704824292383678,-3.231022383679005e-05
2751.44,0.17707715029999999,0.17709972003836275,-2.2569738362759884e-05
2751.922,0.17702716500000001,0.17715151003778426,-0.00012434503778424588
2752.404,0.177248229,0.17720360507899346,4.4623921006542444e-05
2752.886,0.1773458957,0.17725599728282548,8.989841717452207e-05
2753.368,0.1772302369,0.17730867873530692,-7.84418353069194e-05
2753.851,0.17721235130000002,0.177361751657022,-0.00014940035702198928
2754.333,0.1773756685,0.17741498829065616,-3.9319790656161535e-05
2754.815,0.1774602539,0.1774684902180615,-8.236318061488612e-06
2755.297,0.17749777919999998,0.1775222493985288,-2.4470198528803166e-05
2755.779,0.1777193377,0.17757625776283759,0.0001430799371624214
2756.261,0.1775084963,0.17763050721452386,-0.00012201091452385127
2756.743,0.17778432339999997,0.17768498963114798,9.933376885198908e-05
2757.225,0.17764205230000002,0.1777396968655689,-9.764456556887735e-05
2757.708,0.17771466019999999,0.17779473491670283,-8.007471670284927e-05
2758.189,0.17774169010000002,0.17784975308336837,-0.00010806298336835107
2758.672,0.1777954669,0.17790520066074517,-0.00010973376074516206
2759.154,0.1780238187,0.1779607256352988,6.30930647012029e-05
2759.636,0.17778312100000002,0.17801643434891426,-0.0002333133489142436
2760.118,0.17800775479999997,0.1780723185330104,-6.456373301041984e-05
2760.6,0.1780277331,0.17812836990325415,-0.00010063680325414492
2761.082,0.17815410020000003,0.1781845801608441,-3.0479960844070897e-05
2761.564,0.178179997,0.1782409409937923,-6.0943993792306195e-05
2762.046,0.17819922829999998,0.1782974440782078,-9.821577820781635e-05
2762.529,0.1783839476,0.17835419871715197,2.974888284804078e-05
2763.011,0.1782882149,0.17841096154347852,-0.00012274664347852737
2763.493,0.17828971589999998,0.17846784157367673,-0.00017812567367675447
2763.975,0.1785428845,0.17852483044905842,1.8054050941573863e-05
2764.457,0.17832573150000003,0.17858191980544766,-0.00025618830544762994
2764.939,0.1786022577,0.17863910127445992,-3.684357445993269e-05
2765.421,0.17870708400000002,0.17869636648478193,1.071751521808384e-05
2765.903,0.1786833879,0.1787537070634487,-7.031916344871214e-05
2766.385,0.1786648139,0.17881111463712085,-0.00014630073712085245
2766.868,0.17897203,0.17886870011296258,0.00010332988703742885
2767.35,0.1788444351,0.17892621665705719,-8.178155705718115e-05
2767.832,0.1789749334,0.1789837750692712,-8.841669271203445e-06
2768.314,0.1790918316,0.1790413669875025,5.046461249749723e-05
2768.796,0.17920122989999998,0.1790989840556291,0.00010224584437087958
2769.278,0.1794365928,0.1791566179247716,0.00027997487522837816
2769.76,0.17939369989999998,0.17921426025455411,0.00017943964544586688
2770.242,0.1792392368,0.1792719027143615,-3.266591436149047e-05
2770.725,0.1794010999,0.17932965654348948,7.144335651051992e-05
2771.207,0.17939243780000003,0.1793872742739575,5.163526042517574e-06
2771.689,0.17963212039999998,0.17944486719649877,0.00018725320350121422
2772.171,0.17955957860000002,0.17950242703207764,5.7151567922381075e-05
2772.653,0.1794538661,0.17955994551765558,-0.0001060794176555857
2773.135,0.1796396368,0.17961741440742693,2.2222392573073568e-05
2773.617,0.1797597139,0.17967482547404856,8.488842595144597e-05
2774.099,0.1798656825,0.17973217050986717,0.00013351199013283965
2774.582,0.1799289666,0.17978956006444874,0.00013940653555125082
2775.064,0.17988599440000003,0.1798467483211736,3.924607882643816e-05
2775.546,0.1798816842,0.17990384603759751,-2.216183759751189e-05
2776.028,0.18022916349999998,0.17996084509704308,0.00026831840295690745
2776.51,0.1799723423,0.18001773740858157,-4.5395108581564036e-05
2776.992,0.1799581492,0.1800745149082291,-0.00011636570822909365
2777.474,0.1803799093,0.18013116956013558,0.00024873973986441755
2777.956,0.18033749910000002,0.1801876933577689,0.00014980574223111276
2778.438,0.1803677799,0.18024407832509265,0.0001237015749073478
2778.921,0.18039533209999997,0.18030043303641816,9.489906358181588e-05
2779.403,0.1800843756,0.1803565162137164,-0.0002721406137163873
2779.885,0.1803406356,0.18041243681093982,-7.180121093983138e-05
2780.367,0.1804726278,0.1804681869857544,4.440814245609825e-06
2780.849,0.18049416650000003,0.1805237589321146,-2.9592432114561307e-05
2781.331,0.18047492399999998,0.18057914488140053,-0.00010422088140055186
2781.813,0.18063348220000003,0.18063433710354776,-8.549035477312117e-07
2782.295,0.1809174798,0.18068932790816986,0.00022815189183014728
2782.778,0.1806869328,0.18074422307812193,-5.729027812192977e-05
2783.26,0.18072213260000003,0.1807987876834048,-7.665508340476412e-05
2783.742,0.18071876679999999,0.1808531280335369,-0.00013436123353691154
2784.224,0.1807691722,0.18090723660801009,-0.00013806440801009123
2784.706,0.1806554138,0.18096110593149328,-0.0003056921314932848
2785.188,0.1809114852,0.1810147285749069,-0.00010324337490691393
2785.67,0.18099079769999998,0.18106809715648925,-7.729945648926595e-05
2786.152,0.1809728828,0.18112120434285386,-0.00014832154285385202
2786.635,0.1810049896,0.18117415218917923,-0.00016916258917923366
2787.116,0.1810402174,0.18122660544454378,-0.00018638804454376712
2787.599,0.18114102899999998,0.1812789931088275,-0.00013796410882752075
2788.081,0.1812691244,0.1813309817749787,-6.185737497868549e-05
2788.563,0.181137765,0.18138267312637257,-0.0002449081263725672
2789.045,0.18122386299999999,0.18143406014169217,-0.00021019714169218107
2789.527,0.18143618679999998,0.18148513585514509,-4.894905514510328e-05
2790.009,0.18128145369999998,0.1815358933574468,-0.0002544396574468144
2790.491,0.18144652399999997,0.18158632579679324,-0.0001398017967932652
2790.973,0.1815071365,0.1816364263798231,-0.0001292898798231079
2791.456,0.1813415058,0.1816862912566169,-0.0003447854566168973
2791.938,0.18154809260000002,0.18173570726224675,-0.0001876146622467323
2792.42,0.18172202710000002,0.18178477137795646,-6.274427795643911e-05
2792.902,0.18169319009999998,0.18183347705370956,-0.000140286953709573
2793.384,0.1816995745,0.1818818178025728,-0.00018224330257279875
2793.866,0.1817803732,0.1819297872016154,-0.00014941400161538887
2794.348,0.1819986868,0.18197737889279814,2.130790720186737e-05
2794.83,0.1819529903,0.18202458658384973,-7.15962838497286e-05
2795.312,0.1819932127,0.18207140404913386,-7.819134913386594e-05
2795.795,0.1822334619,0.18211792102352514,0.00011554087647486222
2796.277,0.1819853507,0.1821639387898773,-0.00017858808987730734
2796.759,0.1821618116,0.18220954804943404,-4.773644943403821e-05
2797.241,0.18197684079999998,0.18225474285167728,-0.00027790205167729787
2797.723,0.1820902396,0.18229951731688407,-0.00020927771688405983
2798.205,0.1821848592,0.1823438656369228,-0.00015900643692279282
2798.687,0.18210099759999998,0.18238778207603756,-0.0002867844760375826
2799.169,0.1823034299,0.1824312609716212,-0.00012783107162120388
2799.652,0.1821511185,0.18247438555631768,-0.0003232670563176887
2800.134,0.1823033513,0.18251697173691644,-0.00021362043691644517
2800.616,0.1823141921,0.18255910382138638,-0.0002449117213863816
2801.098,0.1822887794,0.18260077644734993,-0.00031199704734993783
2801.58,0.1824773616,0.18264198432925613,-0.00016462272925613086
2802.062,0.1825745418,0.18268272225907844,-0.0001081804590784552
2802.544,0.18260954470000001,0.18272298510699975,-0.0001134404069997319
2803.026,0.18276701760000003,0.18276276782208428,4.249777915743547e-06
2803.509,0.18260648899999998,0.1828021464555788,-0.00019565745557881264
2803.991,0.1825044001,0.18284095304937498,-0.00033655294937498526
2804.473,0.18271473189999998,0.1828792648274472,-0.00016453292744722514
2804.955,0.1827543113,0.1829170770610166,-0.00016276576101659224
2805.437,0.18253839670000002,0.18295438510335224,-0.00041598840335221876
2805.919,0.18280909350000002,0.1829911843903641,-0.00018209089036408388
2806.401,0.1827318274,0.18302747044118328,-0.0002956430411832911
2806.883,0.18295120220000002,0.18306323885872847,-0.0001120366587284427
2807.365,0.1828368491,0.18309848533025885,-0.0002616362302588493
2807.848,0.182654726,0.18313327711188165,-0.0004785511118816643
2808.33,0.182878303,0.18316746598871742,-0.00028916298871742296
2808.812,0.18296984770000002,0.183201120484358,-0.00023127278435797205
2809.294,0.1830181044,0.1832342366288612,-0.00021613222886121553
2809.776,0.1831317264,0.18326681053918628,-0.00013508413918628115
2810.258,0.183156904,0.18329883841966388,-0.00014193441966386944
2810.74,0.1832769996,0.18333031656245308,-5.331696245308715e-05
2811.222,0.1831692793,0.1833612413479837,-0.00019196204798371808
2811.705,0.18329717280000002,0.18339167166803497,-9.449886803494789e-05
2812.187,0.18337356159999998,0.18342147806952383,-4.791646952384543e-05
2812.669,0.183296373,0.1834507207820218,-0.0001543477820217798
2813.151,0.1833977854,0.18347939654337309,-8.161114337307263e-05
2813.633,0.18343439279999998,0.18350750218169481,-7.310938169483028e-05
2814.115,0.1833383481,0.18353503461573495,-0.0001966865157349562
2814.597,0.18353659400000003,0.18356199085521535,-2.5396855215326086e-05
2815.079,0.1836035849,0.1835883680011614,1.5216898838599224e-05
2815.562,0.1834524879,0.18361421615653856,-0.00016172825653856804
2816.043,0.18340342320000003,0.18363937387494145,-0.00023595067494142086
2816.526,0.18354847710000002,0.18366404773776746,-0.00011557063776743148
2817.008,0.18354017160000002,0.18368808013045113,-0.00014790853045110186
2817.49,0.1835553732,0.1837115203098269,-0.00015614710982689295
2817.972,0.1835830241,0.1837343659310391,-0.00015134183103909793
2818.454,0.1837387606,0.1837566147424367,-1.7854142436712905e-05
2818.936,0.1834884921,0.1837782645857872,-0.00028977248578718195
2819.418,0.1836505162,0.1837993133964755,-0.0001487971964755086
2819.9,0.1837635581,0.1838197592036891,-5.6201103689090814e-05
2820.383,0.1836641419,0.1838396406643129,-0.00017549876431291467
2820.865,0.1838978724,0.1838588736677611,3.899873223889294e-05
2821.347,0.1839323833,0.18387749831633626,5.488498366373884e-05
2821.829,0.1839657277,0.18389551301618856,7.021468381143703e-05
2822.311,0.1837811163,0.18391291626797646,-0.00013179996797646476
2822.793,0.1838591883,0.183929706666965,-7.051836696500557e-05
2823.275,0.1839742545,0.18394588290310843,2.837159689156321e-05
2823.757,0.1839146124,0.18396144376111861,-4.683136111860442e-05
2824.24,0.1840251165,0.18397641848383825,4.869801616175229e-05
2824.722,0.1838484077,0.18399074403683435,-0.00014233633683435887
2825.204,0.18411723160000001,0.18400445113301622,0.00011278046698379174
2825.686,0.18385182,0.1840175389367205,-0.0001657189367204881
2826.168,0.184184713,0.18403000670716657,0.00015470629283342863
2826.65,0.1840587821,0.18404185379844035,1.6928301559665515e-05
2827.132,0.1841711765,0.18405307965945963,0.0001180968405403715
2827.614,0.1840093068,0.18406368383392846,-5.437703392846549e-05
2828.096,0.18400768779999999,0.1840736659602754,-6.597816027542613e-05
2828.579,0.18413894790000002,0.18408304454324356,5.590335675645375e-05
2829.061,0.1840488309,0.18409178057555736,-4.294967555737439e-05
2829.543,0.1841433315,0.18409989404249189,4.3437457508122e-05
2830.025,0.1842522867,0.1841073849606711,0.00014490173932887873
2830.507,0.18409772,0.18411425344092297,-1.6533440922977816e-05
2830.989,0.18418708469999998,0.18412049968813285,6.658501186712629e-05
2831.471,0.1841750526,0.18412612400108266,4.892859891733603e-05
2831.953,0.18428458649999999,0.184131126772276,0.00015345972772398686
2832.436,0.1842753668,0.18413551693324617,0.00013984986675383282
2832.918,0.1842288953,0.1841392768857389,8.961841426111117e-05
2833.4,0.18420009319999997,0.1841424170358518,5.767616414817378e-05
2833.882,0.1840288401,0.18414493814914146,-0.00011609804914144983
2834.364,0.1841515986,0.18414684108380303,4.757516196968181e-06
2834.846,0.1840889837,0.18414812679041231,-5.9143090412328014e-05
2835.328,0.1838593036,0.1841487963116538,-0.00028949271165379376
2835.81,0.1840582475,0.1841488507820356,-9.060328203561174e-05
2836.292,0.1838190196,0.18414829142759076,-0.0003292718275907658
2836.775,0.183900506,0.18414711649857707,-0.00024661049857707673
2837.257,0.18366942470000003,0.18414533227078675,-0.0004759075707867211
2837.739,0.18406265900000002,0.18414293844542975,-8.02794454297373e-05
2838.221,0.1840434319,0.1841399366115677,-9.650471156769092e-05
2838.703,0.18412520789999998,0.18413632844809052,-1.1120548090548521e-05
2839.185,0.1843678225,0.18413211572333898,0.00023570677666101547
2839.667,0.18401334479999998,0.18412730029471155,-0.00011395549471157618
2840.149,0.18406257480000002,0.18412188410826047,-5.930930826045233e-05
2840.632,0.1840170003,0.18411585609829315,-9.885579829313484e-05
2841.114,0.1840783477,0.18410924335136788,-3.0895651367879307e-05
2841.596,0.1843021494,0.18410203621712973,0.00020011318287027624
2842.078,0.1841815381,0.1840942369921196,8.730110788038314e-05
2842.56,0.1841106397,0.1840858480593156,2.479164068439066e-05
2843.042,0.1840544173,0.1840768718876508,-2.2454587650794222e-05
2843.524,0.1841889643,0.18406731103152124,0.00012165326847876634
2844.006,0.18399864740000002,0.18405716813027942,-5.852073027939886e-05
2844.489,0.18400870439999997,0.18404642306217237,-3.771866217239239e-05
2844.97,0.1840295197,0.1840351471715332,-5.6274715331816605e-06
2845.453,0.1840079641,0.18402324958711674,-1.5285487116739604e-05
2845.935,0.18409522779999998,0.18401080539893705,8.442240106293353e-05
2846.417,0.1842625052,0.18399779362463764,0.00026471157536236967
2846.899,0.1842624936,0.18398421740218546,0.0002782761978145365
2847.381,0.1841180624,0.18397007995062692,0.00014798244937308525
2847.863,0.1841308686,0.1839553845694884,0.00017548403051159678
2848.345,0.1843611107,0.1839401346381634,0.00042097606183660874
2848.827,0.1842767509,0.18392433361529004,0.0003524172847099716
2849.31,0.18416807550000003,0.1839079505532204,0.0002601249467796274
2849.792,0.1841630105,0.18389105691226745,0.0002719535877325485
2850.274,0.1839544708,0.1838736230324898,8.08477675101893e-05
2850.756,0.1842662998,0.18385565268320891,0.0004106471167910908
2851.238,0.18413074829999998,0.18383714970970821,0.00029359859029176594
2851.72,0.18396252059999998,0.18381811803254494,0.0001444025674550431
2852.202,0.1840071548,0.1837985616468512,0.00020859315314877835
2852.684,0.1841760163,0.18377848462162472,0.00039753167837527914
2853.167,0.1838237268,0.1837578478398727,6.587896012730243e-05
2853.649,0.1839839511,0.1837367409760322,0.0002472101239677782
2854.131,0.18374751830000002,0.18371512612456725,3.239217543277162e-05
2854.613,0.18397962910000001,0.18369300764278926,0.00028662145721075616
2855.095,0.1839977424,0.18367038995817642,0.0003273524418235807
2855.577,0.1837454672,0.18364727756760515,9.818963239485723e-05
2856.059,0.1839388967,0.18362367503657195,0.00031522166342803914
2856.541,0.1836386422,0.18359958699840567,3.905520159433462e-05
2857.023,0.1837581672,0.18357501815347083,0.00018314904652916297
2857.506,0.1837156043,0.18354992081651797,0.000165683483482032
2857.988,0.1836667383,0.18352440375070184,0.00014233454929815648
2858.47,0.1835493076,0.18349842038354783,5.088721645216121e-05
2858.952,0.1835612471,0.18347197567554813,8.927142445186442e-05
2859.434,0.18370103000000002,0.18344507465011167,0.0002559553498883427
2859.916,0.1837174628,0.1834177223927157,0.0002997404072843102
2860.398,0.18378772940000002,0.18338992405004784,0.0003978053499521794
2860.88,0.183660187,0.18336168482914078,0.0002985021708592217
2861.363,0.18352531119999999,0.18333295005601233,0.00019236114398765713
2861.845,0.1836459336,0.18330384404959638,0.0003420895504036292
2862.327,0.1835348732,0.1832743131505652,0.00026056004943481037
2862.809,0.183520481,0.18324436279863812,0.00027611820136189125
2863.291,0.1836394627,0.18321399848943437,0.00042546421056563477
2863.773,0.18368133679999998,0.183183225773562,0.0004981110264379862
2864.255,0.18349218520000002,0.18315205025569953,0.00034013494430049085
2864.737,0.1835820606,0.1831204775936719,0.0004615830063281201
2865.219,0.1837160809,0.18308851349751748,0.0006275674024825151
2865.702,0.1836768623,0.18305609621596503,0.0006207660840349682
2866.184,0.1834745339,0.18302336580381312,0.0004511680961868658
2866.666,0.1834322402,0.18299026140372943,0.0004419787962705868
2867.148,0.18344347249999998,0.18295678892526088,0.0004866835747391052
2867.63,0.1833715479,0.182922954325411,0.00044859357458898463
2868.112,0.1833821013,0.18288876360767173,0.0004933376923282606
2868.594,0.1832264297,0.18285422282104752,0.00037220687895248017
2869.076,0.18326272240000002,0.18281933805907535,0.0004433843409246685
2869.559,0.1832439349,0.18278404203600274,0.00045989286399725215
2870.041,0.18307141829999998,0.18274848709550567,0.0003229312044943089
2870.523,0.18324139379999999,0.18271260673053194,0.0005287870694680452
2871.005,0.18290962749999998,0.18267640720292183,0.00023322029707814607
2871.487,0.1828875957,0.18263989481406592,0.0002477008859340657
2871.969,0.1829488294,0.18260307590389496,0.00034575349610505013
2872.451,0.1828725251,0.18256595684986493,0.0003065682501350586
2872.933,0.183176079,0.18252854406593783,0.0006475349340621661
2873.416,0.1829972662,0.1824907654915226,0.0005065007084774087
2873.897,0.1829251025,0.18245286314062803,0.00047223935937196204
2874.38,0.1829622483,0.18241452835238625,0.0005477199476137395
2874.862,0.1827359188,0.1823760049340931,0.000359913865906919
2875.344,0.18261934579999997,0.18233722038104178,0.00028212541895819565
2875.826,0.1827005979,0.1822981813046719,0.0004024165953281089
2876.308,0.182666167,0.18225889434568715,0.0004072726543128402
2876.79,0.18258916020000002,0.1822193661730072,0.0003697940269928035
2877.272,0.1826413375,0.1821796034827181,0.00046173401728188956
2877.754,0.18236456050000002,0.18213961299701906,0.00022494750298096555
2878.237,0.182416674,0.1820993178116621,0.0003173561883378917
2878.719,0.1825571351,0.18205889156340954,0.0004982435365904481
2879.201,0.18230255450000002,0.182018257846575,0.00028429665342502575
2879.683,0.18232991169999999,0.18197742347727724,0.00035248822272274105
2880.165,0.18254866239999998,0.18193639529244665,0.000612267107553327
2880.647,0.1823360836,0.18189518014875977,0.0004409034512402321
2881.129,0.1823758999,0.181853784921573,0.0005221149784269963
2881.611,0.18231150119999998,0.18181221650385399,0.0004992846961459907
2882.094,0.182229046,0.18177039505055284,0.00045865094944716467
2882.576,0.1821468883,0.1817285006723625,0.0004183876276375176
2883.058,0.1821041722,0.18168645389192123,0.0004177183080787683
2883.54,0.1821045403,0.18164426166196349,0.0004602786380365209
2884.022,0.18192196379999998,0.18160193094747745,0.00032003285252252267
2884.504,0.18190067599999998,0.1815594687246312,0.00034120727536879336
2884.986,0.18188652290000001,0.1815168819796999,0.0003696409203001183
2885.468,0.18185268829999998,0.18147417770799287,0.00037851059200710857
2885.95,0.1818362169,0.18143136291278045,0.0004048539872195389
2886.433,0.18178046169999998,0.18138835545935184,0.0003921062406481435
2886.915,0.1818017515,0.1813453404605153,0.00045641103948471096
2887.397,0.1816384343,0.1813022359995962,0.0003361983004038227
2887.879,0.1818450061,0.18125904910099416,0.0005859569990058489
2888.361,0.18145495409999998,0.18121578679171013,0.00023916730828985044
2888.843,0.1815893295,0.18117245610027838,0.00041687339972162896
2889.325,0.181542965,0.18112906405569795,0.00041390094430204805
2889.807,0.181517321,0.1810856176863676,0.00043170331363240333
2890.29,0.181399434,0.18104203373890332,0.00035740026109667977
2890.772,0.1813448089,0.18099849972128795,0.00034630917871203426
2891.254,0.1812830902,0.1809549324644379,0.0003281577355621068
2891.736,0.1812358396,0.18091133898371092,0.00032450061628908067
2892.218,0.18119834820000003,0.18086772628855835,0.0003306219114416753
2892.7,0.18134971060000002,0.18082410138147126,0.0005256092185287609
2893.182,0.1813552356,0.18078047125692823,0.0005747643430717708
2893.664,0.1811945274,0.18073684290034683,0.00045768449965316593
2894.146,0.1812205278,0.18069322328703774,0.0005273045129622622
2894.629,0.1811582165,0.18064952893777858,0.000508687562221416
2895.111,0.1809355527,0.18060594774553274,0.00032960495446726634
2895.593,0.1811831411,0.18056239616581324,0.0006207449341867621
2896.075,0.18106693570000001,0.1805188811230724,0.0005480545769276091
2896.557,0.1808287791,0.18047540952647095,0.00035336957352904985
2897.039,0.18085313660000002,0.18043198826885162,0.00042114833114839656
2897.521,0.1807770339,0.18038862422571844,0.0003884096742815535
2898.003,0.18062770409999998,0.18034532425421762,0.0002823798457823601
2898.486,0.18082929320000002,0.1803020055837171,0.0005272876162829288
2898.968,0.1805974076,0.18025885441675893,0.0003385531832410804
2899.45,0.18056782229999999,0.18021578778669212,0.0003520345133078695
2899.932,0.1807656258,0.18017281246709527,0.0005928133329047292
2900.414,0.18058534550000002,0.18012993520816484,0.00045541029183518433
2900.896,0.1804454555,0.1800871627357251,0.0003582927642749034
2901.378,0.1805993074,0.18004450175024242,0.0005548056497575726
2901.86,0.1805008445,0.18000195892584556,0.0004988855741544507
2902.343,0.1804773338,0.17995945303950153,0.0005178807604984681
2902.824,0.180553396,0.17991725431929473,0.0006361416807052767
2903.307,0.1804373692,0.17987501844781367,0.0005623507521863302
2903.789,0.18044474130000002,0.17983301475504587,0.0006117265449541442
2904.271,0.18044583930000002,0.17979116217853797,0.000654677121462055
2904.753,0.18026867370000002,0.1797494672140567,0.0005192064859433076
2905.235,0.1802486886,0.17970793632432708,0.0005407522756729344
2905.717,0.1801941908,0.17966657593809926,0.000527614861900727
2906.199,0.18025320220000002,0.17962539244922301,0.0006278097507770031
2906.681,0.1802637397,0.1795843922157265,0.000679347484273507
2907.164,0.18018034759999998,0.17954349709092104,0.00063685050907894
2907.646,0.1800083549,0.17950288270727907,0.0005054721927209294
2908.128,0.17985535049999998,0.17946247044199168,0.0003928800580083047
2908.61,0.1799088978,0.17942226650065574,0.00048663129934425897
2909.092,0.1798347166,0.1793822770485479,0.0004524395514521051
2909.574,0.1798089702,0.1793425082097476,0.0004664619902524092
2910.056,0.17966944519999997,0.17930296606626578,0.0003664791337341933
2910.538,0.17977163229999998,0.1792636566571833,0.0005079756428166826
2911.021,0.1794260603,0.17922450517058863,0.00020155512941136267
2911.503,0.1793792817,0.17918567968534652,0.0001936020146534878
2911.985,0.1794487568,0.17914710479785484,0.0003016520021451585
2912.467,0.1794693574,0.17910878636690386,0.0003605710330961409
2912.949,0.1795089839,0.17907073020415648,0.00043825369584352125
2913.431,0.17946868829999998,0.1790329420733332,0.0004357462266667833
2913.913,0.17936436520000001,0.17899542768940668,0.00036893751059333124
2914.395,0.1792667616,0.17895819271780317,0.00030856888219682466
2914.877,0.17953350319999997,0.17892124277361415,0.0006122604263858189
2915.36,0.17917750659999998,0.17888450766996883,0.00029299893003115196
2915.842,0.17919789009999998,0.17884814504066687,0.0003497450593331064
2916.324,0.1792998481,0.1788120839855574,0.00048776411444259593
2916.806,0.17930401329999998,0.1787763299105669,0.0005276833894330701
2917.288,0.17908486759999998,0.17874088816747402,0.00034397943252595375
2917.77,0.1790762764,0.17870576405317376,0.00037051234682625167
2918.252,0.17901334049999998,0.17867096280895312,0.00034237769104686344
2918.734,0.1789787773,0.17863648961977346,0.00034228768022653844
2919.217,0.17906481070000002,0.1786022791335466,0.00046253156645342797
2919.699,0.17880592799999998,0.17856847808751147,0.0002374499124885021
2920.181,0.1789070529,0.17853502031677249,0.0003720325832275162
2920.663,0.1788276745,0.17850191077389937,0.00032576372610063076
2921.145,0.1787342275,0.17846915435170027,0.00026507314829973816
2921.627,0.1790060099,0.17843675588256397,0.0005692540174360439
2922.109,0.178903685,0.1784047201378125,0.0004989648621875065
2922.591,0.1788331581,0.178373051827064,0.00046010627293599504
2923.073,0.17877952749999998,0.17834175559760612,0.00043777190239385755
2923.556,0.1787796397,0.1783107722799961,0.00046886742000390447
2924.038,0.17873221220000002,0.17828023469808432,0.00045197750191569575
2924.52,0.1787810696,0.17825008276840604,0.0005309868315939714
2925.002,0.1786328328,0.1782203208827291,0.0004125119172709024
2925.484,0.17865014840000001,0.17819095336751162,0.00045919503248839644
2925.966,0.17843756379999998,0.17816198448333775,0.00027557931666222224
2926.448,0.178542141,0.17813341842436467,0.00040872257563531744
2926.93,0.1785104461,0.17810525931778087,0.00040518678221912463
2927.413,0.1785556058,0.1780774540846401,0.0004781517153598924
2927.895,0.1783678161,0.178050121858985,0.000317694241014993
2928.377,0.17844111980000002,0.1780232085682814,0.00041791123171860955
2928.859,0.1782755835,0.1779967180664968,0.0002788654335031948
2929.341,0.17822101440000002,0.17797065413808283,0.0002503602619171874
2929.823,0.1781518788,0.17794502049750005,0.00020685830249994597
2930.305,0.17806625660000003,0.1779198207887535,0.00014643581124651472
2930.787,0.1782649289,0.1778950585849402,0.00036987031505980594
2931.27,0.1783483241,0.17787068738970774,0.00047763671029227295
2931.751,0.1781495463,0.1778468606273177,0.00030268567268229574
2932.234,0.1780241871,0.1778233835212008,0.0002008035787992024
2932.716,0.1781282477,0.17780040657391238,0.00032784112608760796
2933.198,0.1778958912,0.1777778839249446,0.00011800727505539843
2933.68,0.17814336099999997,0.17775581871291785,0.00038754228708212657
2934.162,0.17786856350000002,0.17773421400269374,0.00013434949730628531
2934.644,0.17792714019999997,0.17771307278501464,0.0002140674149853361
2935.126,0.17800196499999998,0.17769239797615455,0.0003095670238454362
2935.608,0.17786820460000002,0.1776721924175821,0.00019601218241793728
2936.091,0.1780670209,0.17765241842721674,0.0004146024727832709
2936.573,0.1778442523,0.17763316058040554,0.00021109171959446393
2937.055,0.1776615433,0.17761438006161,4.716323838999115e-05
2937.537,0.1779733711,0.17759607940978622,0.00037729169021377684
2938.019,0.1778785505,0.17757826108757668,0.00030028941242332685
2938.501,0.1776735151,0.17756092748104502,0.0001125876189549957
2938.983,0.17763224309999998,0.1775440808994227,8.816220057727975e-05
2939.465,0.17787850200000002,0.1775277235748664,0.0003507784251336188
2939.948,0.17786664940000002,0.17751182525767362,0.00035482414232640425
2940.43,0.1780209159,0.1774964538602292,0.0005244620397708011
2940.912,0.1776879846,0.17748157795570732,0.00020640664429266709
2941.394,0.17776236010000002,0.17746719946563,0.0002951606343700175
2941.876,0.1778823454,0.1774533202334168,0.00042902516658319123
2942.358,0.1777050652,0.1774399420242157,0.00026512317578430977
2942.84,0.17772878720000002,0.1774270665247459,0.00030172067525410795
2943.322,0.1775869194,0.17741469534315263,0.00017222405684735875
2943.804,0.17775552430000002,0.1774028300088741,0.00035269429112591566
2944.287,0.17750097060000003,0.17739144893643022,0.00010952166356981152
2944.769,0.1776701105,0.17738060062637967,0.0002895098736203361
2945.251,0.1777552434,0.17737026228117023,0.0003849811188297858
2945.733,0.17740422179999998,0.17736043511416136,4.3786685838625994e-05
2946.215,0.17754763969999998,0.1773511202595229,0.0001965194404770776
2946.697,0.1773636536,0.17734231877217416,2.133482782584739e-05
2947.179,0.17744821959999998,0.17733403162773623,0.00011418797226375732
2947.661,0.17724677,0.1773262597224957,-7.948972249569031e-05
2948.144,0.17749920070000003,0.1773189893567156,0.00018021134328441435
2948.626,0.17733841919999999,0.1773122513741816,2.616782581837951e-05
2949.108,0.1774170852,0.17730603084480123,0.00011105435519875861
2949.59,0.17734298599999998,0.17730032834723958,4.265765276040279e-05
2950.072,0.1773588446,0.17729514438082733,6.370021917267987e-05
2950.554,0.17735750039999998,0.17729047936559766,6.702103440231477e-05
2951.036,0.17745966089999998,0.17728633364233437,0.00017332725766561197
2951.518,0.17741385059999998,0.17728270747263158,0.00013114312736839384
2952.0,0.17749812580000002,0.17727960103896578,0.00021852476103423335
2952.483,0.17732107500000002,0.1772770096188039,4.406538119611225e-05
2952.965,0.1771926555,0.17727494396713,-8.228846713001503e-05
2953.447,0.17727164890000002,0.17727339812492143,-1.749224921410164e-06
2953.929,0.17720182099999998,0.17727237195897913,-7.055095897914865e-05
2954.411,0.17729194010000002,0.17727186525752398,2.0074842476042187e-05
2954.893,0.1772553455,0.17727187773034067,-1.6532230340676746e-05
2955.375,0.17722514350000002,0.17727240900893143,-4.726550893141557e-05
2955.857,0.1773519035,0.17727345864668315,7.84448533168447e-05
2956.34,0.1773166164,0.17727502990894375,4.1586491056233577e-05
2956.822,0.1770561961,0.17727711568602916,-0.00022091958602915573
2957.304,0.177318369,0.1772797180140836,3.8650985916405256e-05
2957.786,0.177347369,0.1772828361357634,6.453286423660498e-05
2958.268,0.177249952,0.17728646921661279,-3.651721661279694e-05
2958.75,0.1772191068,0.1772906163453004,-7.150954530041331e-05
2959.232,0.17726092940000002,0.17729527653386462,-3.4347133864603974e-05
2959.714,0.1770578394,0.17730044871797215,-0.00024260931797215335
2960.197,0.1772681809,0.17730614407792605,-3.796317792606474e-05
2960.678,0.1770727144,0.17731232443524864,-0.00023961003524863855
2961.161,0.17692374319999998,0.1773190398903979,-0.0003952966903979227
2961.643,0.17705862,0.1773262489459037,-0.00026762894590370845
2962.125,0.17699908529999997,0.17733396353643796,-0.00033487823643799097
2962.607,0.1768766849,0.17734218214531638,-0.0004654972453163875
2963.089,0.1768286436,0.17735090318159813,-0.0005222595815981279
2963.571,0.1769677827,0.1773601249804313,-0.00039234228043130703
2964.053,0.1768394274,0.1773698458034091,-0.0005304184034090886
2964.535,0.1769408049,0.17738006383893742,-0.00043925893893742574
2965.018,0.17687279050000002,0.1773907999430548,-0.0005180094430547733
2965.5,0.1768162009,0.1774020076995581,-0.0005858067995581084
2965.982,0.17698815020000003,0.17741370679424895,-0.00042555659424892145
2966.464,0.17681980490000002,0.17742589512651608,-0.0006060902265160595
2966.946,0.17697515889999998,0.1774385705245536,-0.00046341162455362794
2967.428,0.17704663780000002,0.17745173074579054,-0.000405092945790525
2967.91,0.1770100604,0.17746537347733093,-0.0004553130773309322
2968.392,0.177011504,0.17747949633640275,-0.00046799233640276716
2968.875,0.17700373079999998,0.17749412765718736,-0.0004903968571873807
2969.357,0.17709212470000002,0.17750920432893813,-0.0004170796289381107
2969.839,0.17713798050000001,0.17752475355984937,-0.0003867730598493546
2970.321,0.17712016519999998,0.17754077269219726,-0.00042060749219727245
2970.803,0.17712050349999997,0.17755725900077954,-0.0004367555007795676
2971.285,0.17721557789999998,0.17757420969342091,-0.0003586317934209382
2971.767,0.1771417117,0.1775916219114925,-0.000449910211492488
2972.249,0.1771963319,0.1776094927304371,-0.0004131608304371037
2972.731,0.1772240155,0.17762781916030634,-0.0004038036603063455
2973.214,0.1772146098,0.17764663757513438,-0.00043202777513437485
2973.696,0.1773426169,0.17766586692732916,-0.00032325002732916386
2974.178,0.1772777143,0.17768554252707872,-0.0004078282270787159
2974.66,0.1773529903,0.17770566112827718,-0.00035267082827716845
2975.142,0.1772182671,0.17772621942224365,-0.0005079523222436544
2975.624,0.1772465503,0.17774721403831084,-0.0005006637383108414
2976.106,0.17740814910000002,0.1777686415444229,-0.0003604924444228774
2976.588,0.17725886,0.17779049844774208,-0.0005316384477420943
2977.071,0.1775333189,0.17781282786519773,-0.00027950896519773893
2977.553,0.1773008001,0.1778355337165745,-0.0005347336165745231
2978.035,0.1773724455,0.17785865812046334,-0.00048621262046333324
2978.517,0.17759995180000002,0.17788219734700672,-0.00028224554700670423
2978.999,0.177491669,0.1779061476087221,-0.0004144786087220964
2979.481,0.1776156635,0.177930505061155,-0.00031484156115499373
2979.963,0.1775727685,0.17795526580354362,-0.00038249730354361633
2980.445,0.17739813170000002,0.17798042587948695,-0.0005822941794869363
2980.927,0.1775507345,0.17800598127762368,-0.00045524677762368015
2981.41,0.17770256539999998,0.17803198216741198,-0.0003294167674119941
2981.892,0.1775673499,0.17805831675831146,-0.000490966858311459
2982.374,0.1778386162,0.17808503430573172,-0.0002464181057317272
2982.856,0.1777654608,0.178112130585282,-0.000346669785282
2983.338,0.1777514815,0.17813960132110968,-0.0003881198211096726
2983.82,0.1777359473,0.178167442186618,-0.0004314948866180057
2984.302,0.1778436434,0.17819564880519423,-0.00035200540519422785
2984.784,0.17781709110000002,0.1782242167509429,-0.0004071256509428911
2985.267,0.17785235749999997,0.17825320192719787,-0.0004008444271978995
2985.749,0.1779204053,0.1782824797824179,-0.0003620744824179012
2986.231,0.1779538011,0.17831210538932368,-0.00035830428932367986
2986.713,0.1778247154,0.17834207413225034,-0.0005173587322503392
2987.195,0.1777546542,0.17837238135001202,-0.0006177271500120152
2987.677,0.17805769659999998,0.17840302233667096,-0.00034532573667098165
2988.159,0.17796528769999997,0.17843399234231352,-0.0004687046423135499
2988.641,0.1781859003,0.17846528657383162,-0.00027938627383161663
2989.124,0.1780714233,0.1784969661127644,-0.00042554281276438455
2989.605,0.1780371516,0.17852882833081074,-0.0004916767308107417
2990.088,0.1777763092,0.1785611332628358,-0.0007848240628357817
2990.57,0.1778111728,0.1785936762573633,-0.0007825034573633038
2991.052,0.1777873026,0.1786265188816083,-0.000839216281608296
2991.534,0.1777325149,0.17865965609991444,-0.0009271411999144386
2992.016,0.17775026789999998,0.17869308283904517,-0.000942814939045189
2992.498,0.1779596494,0.1787267939890051,-0.0007671445890050921
2992.98,0.17786892529999998,0.17876078440386495,-0.000891859103864967
2993.462,0.1777811045,0.17879504890259112,-0.001013944402591116
2993.945,0.1780128145,0.1788296541917229,-0.0008168396917228871
2994.427,0.1779293661,0.17886445172028903,-0.0009350856202890168
2994.909,0.1780773522,0.17889950757636472,-0.0008221553763647083
2995.391,0.17802329520000001,0.1789348164468124,-0.0009115212468123746
2995.873,0.1781098919,0.1789703729876004,-0.0008604810876003954
2996.355,0.17823663239999998,0.1790061718246545,-0.0007695394246545195
2996.837,0.1782578122,0.17904220755471423,-0.0007843953547142235
2997.319,0.17842151739999998,0.17907847474619137,-0.0006569573461913947
2997.802,0.1781181148,0.17911504388318067,-0.0009969290831806643
2998.284,0.1785192187,0.17915175804551547,-0.0006325393455154649
2998.766,0.1784516098,0.17918868720171383,-0.0007370774017138315
2999.248,0.1784737325,0.1792258258154762,-0.0007520933154761822
2999.73,0.1786383464,0.17926316832651595,-0.0006248219265159449
3000.212,0.178514348,0.1793007091514342,-0.0007863611514342117
3000.694,0.178622372,0.17933844268459748,-0.0007160706845974751
3001.176,0.1786832362,0.17937636329901757,-0.0006931270990175598
3001.658,0.1788565573,0.17941446534723327,-0.0005579080472332687
3002.141,0.1788610814,0.17945282275551455,-0.0005917413555145412
3002.623,0.1790406865,0.17949127099840512,-0.0004505844984051266
3003.105,0.1789080833,0.17952988360685998,-0.0006218003068599876
3003.587,0.1789389391,0.17956865486034207,-0.00062971576034207
3004.069,0.1791399002,0.1796075790222761,-0.0004676788222760797
3004.551,0.1790597245,0.17964665034093935,-0.0005869258409393618
3005.033,0.1789783207,0.17968586305035292,-0.0007075423503529188
3005.515,0.1791785453,0.17972521137117511,-0.0005466660711751226
3005.998,0.1789502301,0.1797647715473728,-0.0008145414473728074
3006.48,0.17915204429999998,0.17980437395525517,-0.0006523296552551905
3006.962,0.1791556209,0.17984409455320316,-0.0006884736532031532
3007.444,0.1791602559,0.17988392751734034,-0.0007236716173403268
3007.926,0.1791145494,0.1799238670149003,-0.0008093176149003012
3008.408,0.1790768927,0.179963907205121,-0.0008870145051210199
3008.89,0.179234336,0.18000404224013983,-0.0007697062401398336
3009.372,0.17922658930000002,0.1800442662658887,-0.0008176769658886918
3009.854,0.1793974592,0.18008457342298803,-0.0006871142229880334
3010.337,0.17933353629999998,0.18012504170900373,-0.0007915054090037454
3010.819,0.17934327,0.18016549767592027,-0.0008222276759202729
3011.301,0.17945251899999998,0.18020601916093518,-0.0007535001609351999
3011.783,0.17948065729999998,0.1802466002923519,-0.0007659429923519145
3012.265,0.1796537784,0.1802872351976268,-0.0006334567976268024
3012.747,0.1797391855,0.18032791800425785,-0.0005887325042578384
3013.229,0.17980699430000002,0.18036864284067256,-0.0005616485406725324
3013.711,0.1797600796,0.18040940383711546,-0.0006493242371154451
3014.194,0.179474163,0.18045027978318506,-0.0009761167831850714
3014.676,0.1798038017,0.1804910955467,-0.0006872938467000211
3015.158,0.1797978433,0.18053192986856942,-0.0007340865685694087
3015.64,0.17976052320000002,0.18057277689515094,-0.0008122536951509218
3016.122,0.1797175562,0.1806136307790281,-0.0008960745790281
3016.604,0.179819883,0.18065448567988723,-0.0008346026798872197
3017.086,0.1797198351,0.1806953357653887,-0.0009755006653887066
3017.568,0.1798974048,0.18073617521203933,-0.0008387704120393358
3018.051,0.17983889279999998,0.1807770828799373,-0.0009381900799373122
3018.532,0.1799403711,0.18081779894424768,-0.0008774278442476857
3019.015,0.1800976402,0.18085865619232372,-0.000761015992323727
3019.497,0.1801902878,0.18089939497969515,-0.000709107179695162
3019.979,0.180078934,0.1809400941617703,-0.0008611601617702913
3020.461,0.1801732887,0.18098074798629005,-0.0008074592862900576
3020.943,0.1801918036,0.18102135071585818,-0.0008295471158581702
3021.425,0.1802926695,0.18106189662878763,-0.0007692271287876307
3021.907,0.1801404861,0.1811023800199431,-0.0009618939199431131
3022.389,0.1805755365,0.18114279520158005,-0.000567258701580059
3022.872,0.1804848041,0.18118322011910873,-0.0006984160191087219
3023.354,0.1805125908,0.18122348172135272,-0.0007108909213527081
3023.836,0.1805119445,0.18126365815186318,-0.0007517136518631895
3024.318,0.1804802953,0.18130374380081554,-0.0008234485008155323
3024.8,0.1806321611,0.18134373307991347,-0.0007115719799134779
3025.282,0.18058443619999998,0.18138362042320313,-0.0007991842232031587
3025.764,0.18080088100000002,0.18142340028788256,-0.0006225192878825392
3026.246,0.18075301970000002,0.18146306715510713,-0.0007100474551071101
3026.729,0.1809987354,0.18150269745439138,-0.000503962054391377
3027.211,0.18084608540000002,0.18154212160715089,-0.000696036207150863
3027.693,0.1809641259,0.18158141634637798,-0.0006172904463779827
3028.175,0.1809726465,0.18162057625706593,-0.0006479297570659293
3028.657,0.1810469814,0.18165959595211767,-0.0006126145521176685
3029.139,0.18122612910000002,0.18169847007312012,-0.00047234097312010004
3029.621,0.1811935029,0.1817371932911141,-0.0005436903911140989
3030.103,0.1812609814,0.18177576030735693,-0.0005147789073569331
3030.585,0.1811590838,0.18181416585408103,-0.0006550820540810187
3031.068,0.1813388867,0.18185248385203567,-0.0005135971520356664
3031.55,0.18128824659999998,0.18189055042202912,-0.0006023038220291377
3032.032,0.1815123565,0.18192843990184926,-0.00041608340184925985
3032.514,0.1814927907,0.18196614715516074,-0.00047335645516075053
3032.996,0.1812947913,0.18200366708030496,-0.0007088757803049572
3033.478,0.1814810591,0.1820409946110217,-0.0005599355110216808
3033.96,0.1814839135,0.18207812471716445,-0.0005942112171644365
3034.442,0.1814628415,0.1821150524054094,-0.0006522109054094005
3034.925,0.1814531629,0.18215184868420017,-0.0006986857842001815
3035.407,0.18147627249999998,0.1821883562619484,-0.0007120837619484233
3035.889,0.18144830509999998,0.1822246466596685,-0.0007763415596685197
3036.371,0.18153714829999998,0.18226071503836314,-0.0007235667383631572
3036.853,0.18167333840000002,0.182296556599301,-0.0006232181993009733
3037.335,0.18168358829999998,0.18233216658468543,-0.0006485782846854526
3037.817,0.18162824530000002,0.1823675402783144,-0.0007392949783143754
3038.299,0.1817190076,0.18240267300623342,-0.000683665406233408
3038.781,0.1816625696,0.1824375601373825,-0.0007749905373825028
3039.264,0.1818731193,0.18247226868189398,-0.0005991493818939819
3039.746,0.1818478827,0.18250665036791058,-0.0006587676679105925
3040.228,0.1818774823,0.18254077281840098,-0.0006632905184009719
3040.71,0.18194225790000002,0.1825746315802849,-0.0006323736802848756
3041.192,0.1820059039,0.18260822224649378,-0.0006023183464937965
3041.674,0.1821533769,0.18264154045657077,-0.00048816355657077537
3042.156,0.1821281114,0.18267458189726282,-0.0005464704972628354
3042.638,0.18216933180000003,0.18270734230310526,-0.0005380105031052296
3043.121,0.1824955589,0.18273988453341686,-0.0002443256334168642
3043.603,0.1825380822,0.1827720696624346,-0.00023398746243458168
3044.085,0.1825759838,0.18280396124416357,-0.00022797744416355736
3044.567,0.1826446743,0.18283555521007444,-0.00019088091007443686
3045.049,0.18261118029999998,0.1828668475422252,-0.0002556672422252271
3045.531,0.1827888247,0.1828978342737959,-0.00010900957379592069
3046.013,0.1826234106,0.1829285114896141,-0.00030510088961407944
3046.495,0.18286946489999997,0.18295887532667343,-8.941042667345855e-05
3046.978,0.1827739879,0.18298898397975222,-0.00021499607975222768
3047.459,0.1827781691,0.18301864767635834,-0.00024047857635833836
3047.942,0.18267898070000002,0.18304810938635296,-0.00036912868635294305
3048.424,0.18277149,0.18307718145436624,-0.0003056914543662359
3048.906,0.1827646219,0.18310592162116845,-0.00034129972116844765
3049.388,0.182714551,0.18313432634723792,-0.0004197753472379162
3049.87,0.1826840284,0.18316239214859575,-0.00047836374859575037
3050.352,0.18286790790000002,0.18319011559725268,-0.0003222076972526633
3050.834,0.18262626820000002,0.1832174933216461,-0.0005912251216460829
3051.316,0.1826414019,0.18324452200706887,-0.0006031201070688663
3051.799,0.1829510832,0.18327125337285255,-0.00032017017285254634
3052.281,0.18301261749999997,0.1832975735248885,-0.00028495602488853855
3052.763,0.1831697643,0.18332353503264914,-0.00015377073264913332
3053.245,0.18303879909999998,0.18334913481306647,-0.00031033571306648966
3053.727,0.1829876123,0.18337436984193067,-0.00038675754193068235
3054.209,0.1830691864,0.18339923715426137,-0.000330050754261374
3054.691,0.1831419829,0.18342373384467095,-0.00028175094467094985
3055.173,0.1832468665,0.18344785706771755,-0.00020099056771755164
3055.656,0.18301004120000003,0.18347165291280812,-0.000461611712808091
3056.138,0.1832352375,0.1834950201172436,-0.0002597826172436035
3056.62,0.1832692182,0.18351800567558818,-0.00024878747558818026
3057.102,0.1832908047,0.1835406069856483,-0.000249802285648304
3057.584,0.18327863919999998,0.18356282150679762,-0.0002841823067976368
3058.066,0.1831721408,0.18358464676027214,-0.00041250596027214703
3058.548,0.18345728,0.18360608032945472,-0.000148800329454718
3059.03,0.1833726738,0.18362711986015162,-0.0002544460601516252
3059.512,0.18357301639999998,0.18364776306085695,-7.47466608569669e-05
3059.995,0.1834866211,0.18366804928852787,-0.00018142818852787124
3060.477,0.18345255340000002,0.18368789237317018,-0.00023533897317015717
3060.959,0.1835110589,0.18370733262764594,-0.0001962737276459403
3061.441,0.1836657885,0.1837263680137924,-6.057951379240256e-05
3061.923,0.1836219415,0.18374499655731488,-0.00012305505731488586
3062.405,0.1834707573,0.18376321634799225,-0.000292459047992244
3062.887,0.1835164124,0.1837810255398732,-0.00026461313987319324
3063.369,0.1837870856,0.18379842235146238,-1.1336751462365235e-05
3063.852,0.1837033465,0.18381543986813292,-0.00011209336813292059
3064.334,0.1838355653,0.18383200596912092,3.5593308790882183e-06
3064.816,0.18367877889999998,0.18384815473054783,-0.0001693758305478521
3065.298,0.18359483229999998,0.18386388463053438,-0.00026905233053439725
3065.78,0.1839229174,0.1838791942124366,4.3723187563404764e-05
3066.262,0.183971662,0.18389408208497057,7.75799150294354e-05
3066.744,0.18383679879999998,0.18390854692232872,-7.174812232874084e-05
3067.226,0.1838157936,0.18392258746428503,-0.00010679386428502635
3067.708,0.18384732320000002,0.18393620251628995,-8.887931628992485e-05
3068.191,0.1839634758,0.18394941786723407,1.4057932765931813e-05
3068.673,0.1838513052,0.183962177730447,-0.00011087253044700374
3069.155,0.1839451751,0.18397450891292455,-2.9333812924553504e-05
3069.637,0.1839995544,0.18398641048371375,1.314391628623457e-05
3070.119,0.1840344011,0.18399788157786418,3.651952213581944e-05
3070.601,0.1840738901,0.1840089213964632,6.496870353681072e-05
3071.083,0.1840968224,0.18401952920666023,7.729319333976692e-05
3071.565,0.18423673770000001,0.18402970434168225,0.0002070333583177597
3072.048,0.18422511,0.1840394659613928,0.0001856440386071856
3072.53,0.18416638849999997,0.18404877310953616,0.00011761539046381553
3073.012,0.18419424620000002,0.1840576459777427,0.0001366002222573104
3073.494,0.1841924594,0.18406608416363324,0.0001263752363667714
3073.976,0.1842426301,0.18407408733082972,0.00016854276917027677
3074.458,0.18422261899999998,0.1840816552089104,0.00014096379108957668
3074.94,0.1845274039,0.18408878759335456,0.00043861630664543405
3075.422,0.1843229876,0.18409548434547773,0.0002275032545222544
3075.905,0.1843004754,0.18410175792915057,0.00019871747084942992
3076.386,0.1845289353,0.18410757072674702,0.00042136457325298027
3076.869,0.1843747815,0.1841129711361065,0.0002618103638934999
3077.351,0.184463332,0.18411792438258887,0.000345407617411142
3077.833,0.1844054854,0.18412244228837235,0.00028304311162766216
3078.315,0.18439430999999998,0.18412652510801153,0.00026778489198844846
3078.797,0.18446003300000002,0.1841301731611684,0.00032985983883163095
3079.279,0.1845066289,0.18413338683246838,0.00037324206753161504
3079.761,0.18456381789999998,0.1841361665713484,0.0004276513286515793
3080.243,0.18456286980000003,0.1841385128918937,0.000424356908106327
3080.726,0.1843211106,0.18414042989304358,0.00018068070695642646
3081.208,0.1844821466,0.18414191028094176,0.0003402363190582458
3081.69,0.1844523341,0.18414295918042256,0.0003093749195774431
3082.172,0.18461742879999998,0.18414357736248582,0.00047385143751416114
3082.654,0.1844366257,0.18414376566182664,0.00029286003817335926
3083.136,0.18454490029999998,0.1841435249766151,0.0004013753233848838
3083.618,0.18455162909999998,0.1841428562682689,0.0004087728317310746
3084.1,0.18452824,0.18414176056121564,0.0003864794387843651
3084.583,0.1843290692,0.18414023534381446,0.0001888338561855385
3085.065,0.18465168429999998,0.18413828808341698,0.0005133962165830008
3085.547,0.1845252001,0.18413591727572115,0.0003892828242788582
3086.029,0.18454330800000002,0.1841331241947647,0.0004101838052353035
3086.511,0.1845017194,0.18412991017627023,0.0003718092237297854
3086.993,0.18432428380000002,0.1841262766173538,0.00019800718264620376
3087.475,0.1845046094,0.18412222497622374,0.0003823844237762497
3087.957,0.1842628757,0.18411775677187153,0.0001451189281284626
3088.439,0.1843939286,0.18411287358375333,0.00028105501624667295
3088.922,0.18453867850000003,0.18410756563430564,0.00043111286569438856
3089.404,0.1843312097,0.18410185660501258,0.0002293530949874223
3089.886,0.1845820682,0.18409573769350845,0.0004863305064915502
3090.368,0.1844996837,0.18408921071787543,0.0004104729821245712
3090.85,0.1845706539,0.18408227755493897,0.0004883763450610201
3091.332,0.1844275606,0.184074940139899,0.0003526204601010108
3091.814,0.18459609059999998,0.18406720046595199,0.000528890134047999
3092.296,0.1844154262,0.18405906058390442,0.0003563656160955886
3092.779,0.18461047279999998,0.1840505044757924,0.0005599683242075715
3093.261,0.1845408629,0.18404156973927574,0.0004992931607242512
3093.743,0.184612463,0.18403224129342802,0.0005802217065719872
3094.225,0.18464563900000003,0.1840225214155927,0.0006231175844073344
3094.707,0.1847234082,0.18401241243867217,0.0007109957613278262
3095.189,0.1845443895,0.18400191675069416,0.0005424727493058279
3095.671,0.184417743,0.18399103679437032,0.00042670620562967887
3096.153,0.1846268175,0.1839797750666467,0.000647042433353312
3096.635,0.1845527447,0.18396813411824764,0.0005846105817523539
3097.118,0.184670286,0.1839560912308461,0.0007141947691538808
3097.6,0.1845601503,0.18394369893300122,0.0006164513669987826
3098.082,0.18446628950000002,0.1839309353903186,0.0005353541096814185
3098.564,0.1844928793,0.1839178033640272,0.0005750759359728075
3099.046,0.18428059000000002,0.18390430566673888,0.0003762843332611454
3099.528,0.1845901359,0.18389044516194888,0.000699690738051123
3100.01,0.18462467440000002,0.1838762247635281,0.0007484496364719151
3100.492,0.1843849888,0.18386164743520944,0.0005233413647905694
3100.975,0.184314948,0.18384668484659983,0.000468263153400178
3101.457,0.18447786440000002,0.18383140202182088,0.0006464623781791412
3101.939,0.18446148010000002,0.18381577145877315,0.000645708641226872
3102.421,0.1845009,0.18379979631545934,0.0007011036845406549
3102.903,0.18445640959999998,0.18378347979707263,0.0006729298029273523
3103.385,0.184396958,0.18376682515544268,0.0006301328445573184
3103.867,0.1845162119,0.18374983568847622,0.0007663762115237838
3104.349,0.1844039286,0.18373251473959057,0.00067141386040942
3104.832,0.1845235434,0.18371482874219375,0.0008087146578062421
3105.313,0.18454045910000003,0.18369689199385067,0.0008435671061493566
3105.796,0.18452609509999998,0.18367855881857537,0.0008475362814246157
3106.278,0.1847485313,0.18365994561090143,0.001088585689098559
3106.76,0.18445757319999997,0.18364101830827229,0.0008165548917276888
3107.242,0.1843078826,0.18362178051504238,0.0006861020849576183
3107.724,0.18446054830000003,0.18360223587695074,0.00085831242304929
3108.206,0.1843916701,0.18358238808050903,0.0008092820194909589
3108.688,0.184426295,0.18356224085238537,0.000864054147614618
3109.17,0.18447535550000002,0.18354179795878134,0.0009335575412186825
3109.653,0.1844540019,0.1835210198859158,0.0009329820140842049
3110.135,0.1845280712,0.18349999652142807,0.0010280746785719386
3110.617,0.18444476640000002,0.18347868902906417,0.0009660773709358472
3111.099,0.18451778000000002,0.18345710132691787,0.001060678673082155
3111.581,0.1845499061,0.18343523736943124,0.0011146687305687575
3112.063,0.1845437188,0.18341310114674403,0.0011306176532559775
3112.545,0.1843828516,0.1833906966840382,0.0009921549159618015
3113.027,0.1842729988,0.18336802804087837,0.0009049707591216316
3113.51,0.18438257190000001,0.18334505147306507,0.0010375204269349458
3113.992,0.1842563828,0.18332186625517088,0.0009345165448291226
3114.474,0.1840842867,0.1832984292438139,0.0007858574561860898
3114.956,0.1842581031,0.18327474462947474,0.0009833584705252474
3115.438,0.18419376459999998,0.18325081663365528,0.0009429479663446982
3115.92,0.1841270553,0.18322664950819578,0.0009004057918042263
3116.402,0.18399499989999998,0.18320224753458741,0.000792752365412569
3116.884,0.18401216089999997,0.18317761502328223,0.000834545876717746
3117.366,0.1839051,0.1831527563129987,0.0007523436870012778
3117.849,0.1839076138,0.18312762350815243,0.0007799902918475821
3118.331,0.1838233557,0.18310232507911228,0.0007210306208877137
3118.813,0.184015577,0.18307681363905925,0.0009387633609407586
3119.295,0.1838241585,0.18305109363282923,0.0007730648671707696
3119.777,0.1838813515,0.18302516953000775,0.0008561819699922646
3120.259,0.1839051146,0.18299904582421805,0.0009060687757819486
3120.741,0.18385759499999998,0.1829727270324067,0.0008848679675932947
3121.223,0.1837573792,0.1829462176941274,0.0008111615058725985
3121.706,0.18393753799999998,0.18291946679617754,0.0010180712038224404
3122.188,0.1836947331,0.18289258969887617,0.0008021434011238338
3122.67,0.1837972048,0.182865535811776,0.0009316689882239992
3123.152,0.18373121409999998,0.1828383097576848,0.0008929043423151761
3123.634,0.1837685973,0.18281091617839854,0.0009576811216014669
3124.116,0.18386135469999998,0.18278335973397197,0.0010779949660280064
3124.598,0.18363464300000001,0.18275564510198875,0.0008789978980112689
3125.08,0.1836768095,0.18272777697682743,0.0009490325231725771
3125.562,0.1835572465,0.1826997600689289,0.0008574864310710861
3126.045,0.1835260151,0.18267154053236143,0.000854474567638569
3126.527,0.1836364187,0.182643239966779,0.0009931787332209951
3127.009,0.1834328068,0.18261480484867093,0.000818001951329056
3127.491,0.18346921500000002,0.1825862399453872,0.0008829750546128223
3127.973,0.1836490367,0.1825575500366503,0.0010914866633496834
3128.455,0.183361165,0.18252873991381552,0.000832425086184474
3128.937,0.1833783956,0.18249981437912938,0.0008785812208706167
3129.419,0.183330124,0.18247077824498864,0.0008593457550113703
3129.902,0.1832196703,0.1824415757661943,0.000778094533805701
3130.384,0.1833612221,0.1824123327028174,0.0009488893971826007
3130.866,0.18341399800000002,0.18238299354070125,0.0010310044592987677
3131.348,0.18338656579999998,0.18235356312543496,0.00103300267456502
3131.83,0.1832161619,0.18232404630904434,0.0008921155909556722
3132.312,0.1831811011,0.1822944479492496,0.0008866531507503994
3132.794,0.18323177059999998,0.1822647729087233,0.000966997691276672
3133.276,0.1830353613,0.18223502605434833,0.0008003352456516788
3133.759,0.1830273064,0.18220515033591683,0.0008221560640831738
3134.24,0.1831557858,0.18217533638818859,0.0009804494118114127
3134.723,0.183080872,0.1821453411666893,0.000935530833310716
3135.205,0.18315011779999998,0.1821153556805471,0.0010347621194528867
3135.687,0.1832883327,0.1820853227623208,0.0012030099376791892
3136.169,0.1831449943,0.18205524728861075,0.0010897470113892527
3136.651,0.1829514176,0.18202513413505284,0.0009262834649471641
3137.133,0.1829467973,0.18199498817558357,0.0009518091244164195
3137.615,0.18304452349999997,0.1819648142817063,0.001079709218293673
3138.097,0.1828755922,0.18193461732175942,0.0009409748782405747
3138.58,0.182987736,0.18190433945758022,0.00108339654241979
3139.062,0.18261983959999997,0.18187411093156558,0.0007457286684343922
3139.544,0.18279017199999997,0.18184387392827375,0.0009462980717262204
3140.026,0.1825665113,0.18181363329608075,0.0007528780039192662
3140.508,0.1826260499,0.18178339387656084,0.0008426560234391645
3140.99,0.18260091920000002,0.1817531605037659,0.0008477586962341299
3141.472,0.1825673398,0.18172293800350575,0.0008444017964942541
3141.954,0.1825642203,0.18169273119263224,0.0008714891073677566
3142.437,0.1823611369,0.18166248227575227,0.0006986546242477298
3142.919,0.1824550597,0.18163232131226098,0.0008227383877390249
3143.401,0.1825061642,0.18160219043775072,0.0009039737622492661
3143.883,0.1823478287,0.18157209442609973,0.0007757342739002637
3144.365,0.1822898708,0.18154203803868202,0.0007478327613179847
3144.847,0.18221763540000002,0.1815120260236675,0.0007056093763325166
3145.329,0.1824080601,0.18148206311532405,0.0009259969846759364
3145.811,0.1824742327,0.1814521540333233,0.0010220786666766957
3146.293,0.1823778505,0.18142230348204974,0.0009555470179502534
3146.776,0.1823819513,0.18139245441942875,0.0009894968805712612
3147.258,0.1823591771,0.1813627351238767,0.0009964419761232801
3147.74,0.1822586219,0.18133308838326112,0.0009255335167388801
3148.222,0.1821211976,0.1813035188339383,0.0008176787660617024
3148.704,0.1820918841,0.18127403109357318,0.0008178530064268108
3149.186,0.182304848,0.18124462976046934,0.001060218239530647
3149.668,0.18197728819999998,0.18121531941290436,0.0007619687870956127
3150.15,0.18208172860000002,0.18118610460846774,0.000895623991532285
3150.633,0.18201070900000002,0.1811569295865777,0.0008537794134223231
3151.115,0.182223416,0.1811279196768087,0.0010954963231913084
3151.597,0.1818870709,0.1810990188615514,0.0007880520384486167
3152.079,0.1819354805,0.1810702316090641,0.0008652488909358935
3152.561,0.18191630979999998,0.1810415623636718,0.0008747474363281771
3153.043,0.1817815964,0.18101301554513086,0.0007685808548691386
3153.525,0.18184039080000003,0.18098459554799895,0.0008557952520010792
3154.007,0.18188705970000002,0.18095630674100854,0.0009307529589914765
3154.49,0.18189919100000002,0.18092809520104675,0.0009710957989532698
3154.972,0.181755447,0.1809000820687438,0.0008553649312561806
3155.454,0.1817383053,0.18087221308051027,0.0008660922194897447
3155.936,0.181628021,0.1808444924955583,0.0007835285044416884
3156.418,0.1816493395,0.18081692454421872,0.000832414955781291
3156.9,0.1816887161,0.18078951342734517,0.0008992026726548363
3157.382,0.1815927052,0.18076226331572415,0.0008304418842758621
3157.864,0.1815836844,0.18073517834949004,0.0008485060505099562
3158.346,0.18147253630000001,0.18070826263754605,0.0007642736624539626
3158.829,0.1814523282,0.18068146495786216,0.0007708632421378481
3159.311,0.18147237289999998,0.18065490032560247,0.0008174725743975153
3159.793,0.1813813832,0.18062851708953548,0.0007528661104645173
3160.275,0.1812046705,0.18060231922789,0.0006023512721100022
3160.757,0.181293766,0.18057631068485158,0.0007174553151484131
3161.239,0.181430766,0.18055049537001822,0.0008802706299817775
3161.721,0.1812764763,0.18052487715786192,0.0007515991421380708
3162.203,0.181092488,0.18049945988719612,0.0005930281128038728
3162.686,0.1812772433,0.18047419526795308,0.0008030480320469213
3163.167,0.18122697429999998,0.1804492433441478,0.0007777309558521794
3163.65,0.1811788798,0.18042440035436177,0.0007544794456382231
3164.132,0.18118115240000002,0.18039982495814105,0.0007813274418589644
3164.614,0.1812522167,0.18037546915194771,0.0008767475480522813
3165.096,0.1810962223,0.18035133654973728,0.0007448857502627138
3165.578,0.1811338032,0.1803274307262574,0.0008063724737426003
3166.06,0.1811588106,0.18030375521656639,0.0008550553834336116
3166.542,0.18095753080000002,0.18028031351555968,0.0006772172844403401
3167.024,0.18080770470000002,0.18025710907750225,0.0005505956224977626
3167.507,0.18107023649999998,0.18023409792543682,0.0008361385745631611
3167.989,0.1809514639,0.18021137872105486,0.0007400851789451379
3168.471,0.1809004946,0.1801889069009292,0.000711587699070787
3168.953,0.1809395792,0.18016668575217976,0.0007728934478202498
3169.435,0.18093477409999997,0.18014471851906294,0.0007900555809370324
3169.917,0.1806907549,0.18012300840254625,0.0005677464974537527
3170.399,0.18077775249999997,0.1801015585598899,0.0006761939401100647
3170.881,0.180669866,0.18008037210423622,0.000589493895763793
3171.364,0.1806766207,0.18005940898080164,0.0006172117191983739
3171.846,0.18033897299999999,0.1800387590222961,0.0003002139777038837
3172.328,0.18046257010000002,0.18001838152764635,0.0004441885723536765
3172.81,0.18032819790000001,0.17999827942946608,0.00032991847053392975
3173.292,0.1804588399,0.17997845561430692,0.00048038428569308067
3173.774,0.1804942521,0.1799589129222913,0.0005353391777087046
3174.256,0.1803916009,0.17993965414675483,0.0004519467532451693
3174.738,0.1803580407,0.179920682033894,0.0004373586661060025
3175.22,0.1802393542,0.17990199928242379,0.0003373549175762214
3175.703,0.1799391378,0.17988357069354016,5.5567106459847304e-05
3176.185,0.1802843093,0.1798654751833026,0.00041883411669740855
3176.667,0.1802681898,0.17984767684763797,0.00042051295236203434
3177.149,0.18011565650000003,0.1798301781919519,0.00028547830804812047
3177.631,0.18023904030000001,0.17981298167256654,0.0004260586274334732
3178.113,0.1802202895,0.1797960896964238,0.0004241998035761918
3178.595,0.18013601950000002,0.17977950462079728,0.0003565148792027406
3179.077,0.18005916760000001,0.17976322875301062,0.0002959388469893909
3179.56,0.18023223340000002,0.17974723155430417,0.00048500184569585936
3180.042,0.1801542646,0.17973158147604495,0.0004226831239550477
3180.524,0.1800194493,0.1797162472296326,0.00030320207036740876
3181.006,0.18007372440000002,0.1797012309198398,0.00037249348016021866
3181.488,0.1802377485,0.17968653460020614,0.0005512138997938454
3181.97,0.1800223849,0.17967216027280491,0.00035022462719508374
3182.452,0.1801385986,0.17965810988801958,0.0004804887119804202
3182.934,0.1801143368,0.17964438534432808,0.0004699514556719131
3183.417,0.1801798908,0.1796309610356698,0.000548929764330186
3183.899,0.17989268960000002,0.17961789434634276,0.0002747952536572562
3184.381,0.1800102612,0.17960515888362621,0.0004051023163737788
3184.863,0.1801085372,0.17959275633626698,0.000515780863733023
3185.345,0.18011158689999998,0.17958068834014818,0.0005308985598518057
3185.827,0.1798078181,0.17956895647812313,0.00023886162187686244
3186.309,0.1798845808,0.17955756227985542,0.00032701852014457855
3186.791,0.17997908599999998,0.17954650722167037,0.000432578778329612
3187.273,0.1799257497,0.17953579272641193,0.00038995697358806813
3187.756,0.1797129975,0.17952539899982917,0.00018759850017083246
3188.238,0.17973212019999998,0.17951537039783694,0.0002167498021630465
3188.72,0.17971795440000002,0.17950568630768776,0.00021226809231225663
3189.202,0.1796861977,0.17949634793693858,0.00018984976306141155
3189.684,0.1798711114,0.17948735643908165,0.0003837549609183588
3190.166,0.17974115499999999,0.1794787129134513,0.0002624420865486865
3190.648,0.1797013017,0.17947041840514194,0.0002308832948580697
3191.13,0.17967238500000002,0.17946247390493164,0.0002099110950683769
3191.613,0.1801215526,0.17945486496037794,0.0006666876396220767
3192.094,0.1796323078,0.1794476386199498,0.0001846691800501954
3192.577,0.1795660621,0.1794407356190365,0.00012532648096350019
3193.059,0.17972212070000002,0.17943420070454108,0.0002879199954589351
3193.541,0.1797695598,0.17942801993668445,0.00034153986331555974
3194.023,0.17980681969999998,0.17942219397912496,0.0003846257208750259
3194.505,0.1797470014,0.17941672344091142,0.00033027795908857627
3194.987,0.1797295321,0.1794116088764755,0.0003179232235245022
3195.469,0.1798663429,0.17940685078563098,0.00045949211436902004
3195.951,0.17970963780000002,0.17940244961358165,0.00030718818641836676
3196.434,0.1797208703,0.1793983977328459,0.0003224725671540918
3196.916,0.1797582724,0.17939471225796333,0.000363560142036673
3197.398,0.1797798057,0.1793913847105591,0.00038842098944089076
3197.88,0.17949277810000003,0.17938841531752925,0.00010436278247077935
3198.362,0.1793665,0.17938580425132283,-1.930425132282143e-05
3198.844,0.1795478443,0.17938355163000008,0.00016429266999992698
3199.326,0.1794997404,0.17938165751729712,0.00011808288270287459
3199.808,0.179436626,0.17938012192269942,5.650407730056761e-05
3200.291,0.1795069745,0.17937894273193694,0.00012803176806305827
3200.773,0.1795452773,0.17937812472879827,0.00016715257120172855
3201.255,0.17933535160000003,0.1793776649472037,-4.231334720367075e-05
3201.737,0.1793061212,0.17937756318042292,-7.144198042291494e-05
3202.219,0.1793749295,0.17937781916796383,-2.8896679638290568e-06
3202.701,0.1793607821,0.17937843259569447,-1.765049569446564e-05
3203.183,0.1794362606,0.1793794030959729,5.685750402711909e-05
3203.665,0.1791450814,0.1793807302477847,-0.00023564884778470852
3204.147,0.1793753113,0.179382413576888,-7.102276887993586e-06
3204.63,0.1793113786,0.17938445715551804,-7.307855551805242e-05
3205.112,0.1792910638,0.17938685194036502,-9.578814036501071e-05
3205.594,0.1791797191,0.17938960116062033,-0.00020988206062033665
3206.076,0.1793392892,0.17939270413063518,-5.341493063518166e-05
3206.558,0.1792237566,0.17939616011237933,-0.00017240351237932106
3207.04,0.1791986177,0.17939996831563082,-0.00020135061563081313
3207.522,0.1793072523,0.17940412789817745,-9.687559817744829e-05
3208.004,0.1791949676,0.17940863796602186,-0.00021367036602185085
3208.487,0.1793141698,0.1794135080184343,-9.93382184343028e-05
3208.969,0.1792768642,0.17941871689087513,-0.00014185269087513275
3209.451,0.17933476880000002,0.1794242732558758,-8.950445587577183e-05
3209.933,0.17912484750000002,0.17943017601441866,-0.0003053285144186402
3210.415,0.1792367011,0.17943642401685034,-0.00019972291685033117
3210.897,0.1792503201,0.17944301606313234,-0.00019269596313234438
3211.379,0.1792715811,0.17944995090310167,-0.00017836980310168005
3211.861,0.1792977708,0.1794572272367339,-0.0001594564367339013
3212.344,0.1792022047,0.17946485986885757,-0.00026265516885756734
3212.826,0.17917479050000001,0.17947281579298335,-0.00029802529298333935
3213.308,0.17939767539999998,0.1794811090112562,-8.343361125620619e-05
3213.79,0.1792308103,0.1794897380269156,-0.0002589277269156032
3214.272,0.17943794919999997,0.17949870129477768,-6.075209477771071e-05
3214.754,0.1792080737,0.17950799722154362,-0.00029992352154362134
3215.236,0.1793323525,0.17951762416611491,-0.00018527166611492785
3215.718,0.1791070354,0.17952758043991468,-0.00042054503991467707
3216.2,0.17900398160000003,0.17953786430721563,-0.0005338827072156049
3216.683,0.1790884802,0.1795484963346749,-0.0004600161346748899
3217.165,0.1790575711,0.1795594306651068,-0.0005018595651067881
3217.647,0.17901299399999998,0.1795706870984028,-0.0005576930984028117
3218.129,0.1791342199,0.17958226371355568,-0.00044804381355567635
3218.611,0.1792411295,0.1795941585441499,-0.0003530290441498829
3219.093,0.17905411770000002,0.17960636957872622,-0.0005522518787262065
3219.575,0.1791818385,0.17961889476115775,-0.0004370562611577533
3220.057,0.1793700638,0.17963173199102817,-0.0002616681910281582
3220.54,0.17923447320000002,0.1796449067208606,-0.0004104335208605647
3221.021,0.17935531229999999,0.1796583339722962,-0.00030302167229620536
3221.504,0.17943845369999997,0.17967212316930564,-0.00023366946930566956
3221.986,0.1792865993,0.17968618733929106,-0.00039958803929107667
3222.468,0.1793070728,0.17970055239916166,-0.00039347959916166686
3222.95,0.1792945249,0.17971521599099116,-0.00042069109099115987
3223.432,0.1795241762,0.17973017571538988,-0.00020599951538988193
3223.914,0.1792884595,0.1797454291319317,-0.0004569696319317029
3224.396,0.1795134133,0.1797609737595866,-0.0002475604595865988
3224.878,0.1793725876,0.1797768070771582,-0.00040421947715821305
3225.361,0.1794151565,0.17979296026219432,-0.00037780376219431755
3225.843,0.1794046957,0.17980936382306853,-0.0004046681230685245
3226.325,0.17933396429999998,0.17982604826821338,-0.0004920839682134026
3226.807,0.17941714099999997,0.17984301092017213,-0.0004258699201721561
3227.289,0.1792553446,0.1798602490635902,-0.0006049044635901835
3227.771,0.1793469034,0.17987775994568486,-0.0005308565456848546
3228.253,0.1792197512,0.17989554077671943,-0.0006757895767194322
3228.735,0.1793464208,0.17991358873048136,-0.0005671679304813659
3229.218,0.1793402073,0.17993193920960598,-0.0005917319096059859
3229.7,0.1794848386,0.17995051332591677,-0.0004656747259167704
3230.182,0.1795071211,0.17996934586620444,-0.0004622247662044443
3230.664,0.1794192995,0.17998843386316685,-0.0005691343631668566
3231.146,0.17948949679999998,0.1800077743154913,-0.0005182775154913277
3231.628,0.1795486504,0.18002736418836157,-0.0004787137883615622
3232.11,0.17921500070000002,0.18004720041396877,-0.0008321997139687509
3232.592,0.17965624689999998,0.18006727989202456,-0.0004110329920245792
3233.074,0.1798675008,0.1800875994902821,-0.00022009869028211115
3233.557,0.1796164044,0.18010819893761643,-0.0004917945376164135
3234.039,0.1796106591,0.18012898973595853,-0.0005183306359585471
3234.521,0.179497093,0.18015001106453188,-0.0006529180645318822
3235.003,0.17963409460000002,0.18017125966845876,-0.0005371650684587448
3235.485,0.1793950137,0.18019273226355736,-0.0007977185635573703
3235.967,0.1796582152,0.18021442553688227,-0.0005562103368822735
3236.449,0.1796904302,0.18023633614727086,-0.0005459059472708583
3236.931,0.1794966315,0.18025846072589188,-0.0007618292258918802
3237.414,0.1795482383,0.1802808424318037,-0.0007326041318037047
3237.896,0.17961085140000002,0.1803033851586788,-0.0006925337586787816
3238.378,0.179587784,0.18032613157963573,-0.0007383475796357286
3238.86,0.1798559953,0.1803490782206689,-0.000493082920668908
3239.342,0.1797666242,0.18037222158289787,-0.0006055973828978656
3239.824,0.1797073438,0.18039555814313413,-0.0006882143431341248
3240.306,0.1796496852,0.18041908435445222,-0.0007693991544522327
3240.788,0.1796102612,0.18044279664676183,-0.0008325354467618173
3241.271,0.1797377928,0.1804667411888094,-0.0007289483888094084
3241.753,0.1794887169,0.1804908152103884,-0.0010020983103883885
3242.235,0.17980719050000002,0.18051506446190435,-0.0007078739619043317
3242.717,0.1799469555,0.18053948528634745,-0.0005925297863474399
3243.199,0.17982130000000002,0.18056407400644714,-0.0007427740064471222
3243.681,0.1798251811,0.1805888269252594,-0.0007636458252593958
3244.163,0.17976348120000002,0.18061374032675642,-0.000850259126756403
3244.645,0.1798342543,0.18063881047641692,-0.0008045561764169207
3245.127,0.1799412938,0.18066403362182112,-0.0007227398218211112
3245.61,0.1797650154,0.1806894587855149,-0.0009244433855148948
3246.092,0.1800517741,0.18071497689431937,-0.0006632027943193619
3246.574,0.1800654638,0.18074063663226353,-0.0006751728322635375
3247.056,0.1798501584,0.18076643418126476,-0.0009162757812647693
3247.538,0.1797592921,0.18079236570833335,-0.0010330736083333514
3248.02,0.1795933103,0.18081842736617554,-0.001225117066175535
3248.502,0.1797916474,0.18084461529379647,-0.0010529678937964693
3248.984,0.17988042469999999,0.18087092561710572,-0.00099050091710573
3249.467,0.1797829041,0.18089740940161353,-0.0011145053016135276
3249.948,0.1799421676,0.180923897892587,-0.0009817302925869964
3250.431,0.1799490754,0.18095060744796748,-0.0010015320479674905
3250.913,0.17989957310000002,0.18097736858989613,-0.0010777954898961162
3251.395,0.179973132,0.18100423257370202,-0.0010311005737020096
3251.877,0.1800507571,0.18103119545945723,-0.000980438359457242
3252.359,0.18015579850000002,0.18105825329839742,-0.0009024547983974007
3252.841,0.18000644650000003,0.1810854021335329,-0.0010789556335328854
3253.323,0.1800311799,0.1811126380002599,-0.001081458100259891
3253.805,0.1803632153,0.1811399569269708,-0.0007767416269708061
3254.288,0.1803050001,0.1811674118574504,-0.0008624117574503876
3254.77,0.1802483094,0.18119488511600984,-0.0009465757160098398
3255.252,0.180475477,0.1812224294755417,-0.0007469524755417123
3255.734,0.18043206080000002,0.18125004094252833,-0.0008179801425283184
3256.216,0.18069449259999998,0.1812777155195045,-0.0005832229195045224
3256.698,0.1805749703,0.18130544920566877,-0.0007304789056687688
3257.18,0.1806359626,0.1813332379974935,-0.0006972753974935075
3257.662,0.180527458,0.1813610778893333,-0.0008336198893333091
3258.145,0.1805953757,0.1813890227770215,-0.0007936470770215087
3258.627,0.1804258417,0.1814169529317501,-0.0009911112317500803
3259.109,0.1806755143,0.18144492215462169,-0.0007694078546216787
3259.591,0.180535429,0.18147292643760268,-0.0009374974376026857
3260.073,0.18067508449999997,0.18150096177357863,-0.0008258772735786624
3260.555,0.1807229431,0.1815290241569588,-0.0008060810569587851
3261.037,0.1808580877,0.18155710958427906,-0.0006990218842790608
3261.519,0.1806803862,0.18158521405480327,-0.0009048278548032807
3262.001,0.1807078284,0.1816133335711243,-0.0009055051711243101
3262.484,0.18093366530000002,0.18164152251065835,-0.0007078572106583303
3262.966,0.18079723520000002,0.181669660153169,-0.000872424953168971
3263.448,0.18094260880000002,0.18169780086694753,-0.0007551920669475187
3263.93,0.18093185850000001,0.18172594067388684,-0.0007940821738868231
3264.412,0.1811153161,0.1817540756021877,-0.0006387595021876968
3264.894,0.1810347213,0.1817822016869497,-0.0007474803869496893
3265.376,0.1810012305,0.18181031497075895,-0.0008090844707589473
3265.858,0.1813221176,0.18183841150427477,-0.0005162939042747672
3266.341,0.18116319919999999,0.18186654557121257,-0.000703346371212582
3266.823,0.1811091528,0.18189459673616692,-0.0007854439361669185
3267.305,0.1812394257,0.1819226193489497,-0.0006831936489496981
3267.787,0.18127691370000001,0.1819506094983538,-0.0006736957983537739
3268.269,0.1811081906,0.18197856328414416,-0.0008703726841441661
3268.751,0.18128985190000002,0.18200647681762983,-0.0007166249176298045
3269.233,0.18139834300000002,0.18203434622223325,-0.0006360032222332279
3269.715,0.1814270941,0.18206216763405758,-0.0006350735340575897
3270.198,0.18135823739999998,0.18208999475910723,-0.0007317573591072435
3270.68,0.181480812,0.18211770852772258,-0.0006368965277225858
3271.162,0.1813048204,0.18214536278565946,-0.0008405423856594485
3271.644,0.18149000669999998,0.1821729537253841,-0.0006829470253841285
3272.126,0.1814910672,0.1822004775548337,-0.0007094103548337116
3272.608,0.18159718940000003,0.18222793049796593,-0.0006307410979659034
3273.09,0.181546635,0.18225530879530377,-0.0007086737953037603
3273.572,0.1815666431,0.18228260870447743,-0.0007159656044774254
3274.054,0.1815679643,0.1823098265007635,-0.000741862200763499
3274.537,0.181432068,0.18233701467625685,-0.0009049466762568459
3275.019,0.18168801980000002,0.1823640569563319,-0.0006760371563318823
3275.501,0.1814912532,0.18239100605296515,-0.0008997528529651466
3275.983,0.1816521619,0.18241785831737192,-0.000765696417371925
3276.465,0.18184240070000002,0.1824446101210529,-0.0006022094210528794
3276.947,0.18195824900000002,0.18247125785631013,-0.0005130088563101154
3277.429,0.1818116456,0.18249779793675994,-0.0006861523367599487
3277.911,0.1818494299,0.18252422679783992,-0.0006747968978399188
3278.394,0.1817939549,0.18255059536914187,-0.0007566404691418671
3278.875,0.1817734883,0.1825767367157734,-0.0008032484157733943
3279.358,0.181932061,0.18260286472365062,-0.0006708037236506093
3279.84,0.1819254009,0.1826288132521816,-0.0007034123521816038
3280.322,0.18201159239999998,0.18265463307623142,-0.0006430406762314433
3280.804,0.1820321158,0.18268032077265955,-0.0006482049726595496
3281.286,0.1820349015,0.18270587294358734,-0.000670971443587326
3281.768,0.1820630882,0.18273128621687063,-0.0006681980168706247
3282.25,0.182192148,0.18275655724656953,-0.0005644092465695305
3282.732,0.18226725059999999,0.18278168271341128,-0.0005144321134112895
3283.215,0.1824299651,0.1828067109869434,-0.0003767458869433915
3283.697,0.1823532884,0.18283153516024092,-0.0004782467602409135
3284.179,0.1824537374,0.18285620397075303,-0.0004024665707530184
3284.661,0.18250849160000002,0.18288071421048113,-0.0003722226104811155
3285.143,0.1825821411,0.18290506270034282,-0.00032292160034280704
3285.625,0.18257496620000002,0.18292924629060558,-0.0003542800906055632
3286.107,0.1825324428,0.18295326186131636,-0.0004208190613163576
3286.589,0.1825794475,0.18297710632272596,-0.00039765882272596587
3287.072,0.18275914329999998,0.18300082554104546,-0.0002416822410454822
3287.554,0.1829459998,0.18302431826675386,-7.831846675385168e-05
3288.036,0.1828929955,0.18304763079311168,-0.0001546352931116879
3288.518,0.1828588,0.18307076015538506,-0.00021196015538507695
3289.0,0.182957585,0.18309370342108514,-0.00013611842108512962
3289.482,0.18308040139999998,0.18311645769035945,-3.6056290359465226e-05
3289.964,0.18305529369999998,0.18313902009637847,-8.372639637849177e-05
3290.446,0.1827940773,0.18316138780571553,-0.0003673105057155346
3290.928,0.1828273738,0.1831835580187227,-0.00035618421872268824
3291.411,0.1829676854,0.18320557334063828,-0.00023788794063828167
3291.893,0.1830787889,0.18322733987503104,-0.00014855097503102543
3292.375,0.18319360629999998,0.18324890071492317,-5.529441492319043e-05
3292.857,0.18301401039999998,0.18327025319948553,-0.00025624279948555095
3293.339,0.18301963189999998,0.183291394703456,-0.00027176280345603265
3293.821,0.18308810860000002,0.18331232263747807,-0.0002242140374780488
3294.303,0.18310204200000002,0.18333303444843574,-0.00023099244843571842
3294.785,0.1831817917,0.18335352761978088,-0.00017173591978086877
3295.268,0.1830353947,0.1833738414985009,-0.00033844679850089654
3295.75,0.1830531869,0.18339388952251678,-0.0003407026225167864
3296.232,0.18302773819999998,0.1834137115749202,-0.00038597337492021766
3296.714,0.18310301110000002,0.18343330528866933,-0.00033029418866931115
3297.196,0.1832268122,0.18345266833483906,-0.0002258561348390531
3297.678,0.18312124659999998,0.18347179842291028,-0.00035055182291029996
3298.16,0.18318147910000002,0.18349069330105566,-0.00030921420105564645
3298.642,0.1832220732,0.1835093507564169,-0.00028727755641688724
3299.125,0.18317437120000002,0.18352780657615597,-0.0003534353761559528
3299.607,0.1831952563,0.18354598220089915,-0.000350725900899157
