wavenumber_cm-1,observed_reflectance_fraction,airy_reflectance_fraction,double_beam_comparison_fraction,airy_residual_fraction,third_beam_ratio_percent
1500.347,0.42501297540000005,0.3092535483885952,0.3100710669625718,0.11575942701140485,0.003882447605144373
1500.829,0.42510591519999996,0.3095652445304797,0.3104296086701017,0.11554067066952028,0.0038733687866924753
1501.311,0.4254803372,0.30987358980486335,0.3107845237730782,0.11560674739513666,0.0038643193948593247
1501.793,0.4257769871,0.3101785803027553,0.3111357989648955,0.1155984067972447,0.003855299310963103
1502.276,0.4259099934,0.3104808345562809,0.311484138579071,0.11542915884371913,0.003846289793845238
1502.758,0.4262280886,0.31077909736348114,0.31182808736401046,0.11544899123651886,0.0038373280322458376
1503.24,0.4262116837,0.3110739945095782,0.3121683577233084,0.11513768919042183,0.003828395225699222
1503.722,0.42652442110000005,0.31136552264801215,0.3125049373055612,0.1151588984519879,0.003819491257783217
1504.204,0.426616865,0.3116536785696776,0.31283781399843547,0.11496318643032244,0.003810616012632468
1504.686,0.4270317617,0.3119384592017176,0.3131669759287967,0.11509330249828242,0.0038017693749353436
1505.168,0.4272174609,0.31221986160633364,0.31349241146282764,0.11499759929366637,0.0037929512299308236
1505.65,0.4272676204,0.3124978829796098,0.3138141092061312,0.1147697374203902,0.0037841614634055542
1506.133,0.4276338535,0.31277308691891614,0.3141327137439983,0.11486076658108385,0.0037753818136039355
1506.615,0.4279904833,0.31304433131954457,0.31444689486904964,0.11494615198045544,0.003766648521861228
1507.097,0.42777273870000004,0.3133121870639569,0.3147573054356365,0.11446055163604313,0.003757943268980248
1507.579,0.4281162662,0.31357665187254624,0.31506393500830837,0.11453961432745374,0.00374926594290912
1508.061,0.4279905222,0.31383772359391193,0.3153667733913518,0.11415279860608807,0.0037406164321287373
1508.543,0.4280461909,0.3140954002037678,0.3156658106288171,0.11395079069623221,0.0037319946256496967
1509.025,0.428279741,0.31434967980386413,0.3159610370045284,0.11393006119613586,0.0037234004130094166
1509.507,0.42830103620000004,0.3146005606209211,0.3162524430420802,0.11370047557907892,0.00371483368426935
1509.99,0.42831964390000005,0.3148485509145452,0.3165406121493771,0.11347109298545482,0.0037062766418893356
1510.471,0.42857228910000006,0.3150921194313733,0.31682375739584184,0.11348016966862678,0.0036977822413377364
1510.954,0.4286317958,0.3153332902808449,0.31710422463847754,0.1132985055191551,0.003689279734425552
1511.436,0.42882219450000003,0.3155705536310882,0.317380251345608,0.11325164086891182,0.003680821908285821
1511.918,0.42874356210000003,0.3158044111679119,0.31765241391122306,0.11293915093208812,0.0036723910238901404
1512.4,0.4289815233,0.3160348618465486,0.3179207042972758,0.11294666145345139,0.0036639869743848286
1512.882,0.4290665378,0.3162619047401421,0.3181851147051127,0.11280463305985788,0.003655609653420404
1513.364,0.42910550659999996,0.3164855390387988,0.3184456375753702,0.11261996756120118,0.0036472589551488
1513.846,0.4291426807,0.31670576404864775,0.3187022655878573,0.11243691665135225,0.003638934774220674
1514.328,0.42941774520000003,0.31692257919091693,0.31895499166142316,0.1124951660090831,0.0036306370057825896
1514.811,0.4295570969,0.31713642320430113,0.3192043211044775,0.11242067369569886,0.003622348412043468
1515.293,0.42969990170000005,0.317346410254564,0.3194492148822835,0.11235349144543605,0.003614103210253722
1515.775,0.42964393180000005,0.3175529863821192,0.3196901868975133,0.11209094541788084,0.0036058841091287574
1516.257,0.42987607099999997,0.317756151459864,0.3199272310241199,0.11211991954013595,0.0035976910057731624
1516.739,0.42990608729999996,0.317955905471382,0.3201603413742552,0.11195018182861793,0.0035895237977742285
1517.221,0.4301311787,0.31815224851010426,0.3203895122980666,0.11197893018989574,0.003581382383199179
1517.703,0.4301533382,0.3183451807784829,0.3206147383834773,0.11180815742151712,0.003573266660592684
1518.185,0.4300554952,0.31853470258717653,0.32083601445595705,0.1115207926128235,0.00356517652897418
1518.667,0.4303026182,0.3187208143542535,0.32105333557827964,0.11158180384574651,0.003557111887835393
1519.15,0.4304855695,0.31890389211095493,0.3212671355897433,0.11158167738904506,0.003549055984518446
1519.632,0.43017450519999995,0.31908317840307465,0.32147652471922417,0.1110913267969253,0.0035410420770578183
1520.114,0.4302074454,0.3192590565460841,0.3216819454995602,0.11094838885391589,0.003533053361154803
1520.596,0.4302453768,0.3194315273801842,0.32188339394056187,0.11081384941981581,0.0035250897381655898
1521.078,0.4301778246,0.31960059184919376,0.3220808662879484,0.11057723275080622,0.003517151109906003
1521.56,0.4299491702,0.31976625099983014,0.32227435902303225,0.11018291920016987,0.0035092373786489643
1522.042,0.4299930286,0.319928505981006,0.322463868862393,0.11006452261899402,0.0035013484471220855
1522.524,0.42980438509999996,0.3200873580431385,0.322649392757537,0.10971702705686148,0.0034934842185052133
1523.007,0.4296102226,0.32024312751394307,0.32283130037533325,0.10936709508605691,0.003485628357163634
1523.489,0.4295434788,0.3203951708392811,0.3230088358912079,0.1091483079607189,0.003477813296455463
1523.971,0.4297138914,0.3205438156024688,0.3231823777187631,0.10917007579753119,0.0034700226506882087
1524.453,0.4293754823,0.32068906345350673,0.3233519237460769,0.10868641884649327,0.0034622563248273355
1524.935,0.4294933847,0.32083091614064374,0.3235174720942833,0.10866246855935624,0.003454514224278473
1525.417,0.42928591660000004,0.3209693755097661,0.323679021117163,0.10831654109023392,0.003446796254885063
1525.899,0.42934377079999997,0.3211044435037998,0.3238365694007241,0.10823932729620017,0.0034391023229261154
1526.381,0.4293668304,0.32123612216212427,0.32399011576276887,0.10813070823787574,0.0034314323351137582
1526.864,0.4293283358,0.3213646762653989,0.32413996534714307,0.10796365953460113,0.0034237703599663103
1527.346,0.4289966754,0.3214895757330346,0.32428549693771735,0.10750709966696542,0.0034161480315010304
1527.828,0.42906092450000005,0.32161109256108333,0.3244270244456842,0.10744983193891672,0.0034085493697041556
1528.31,0.4289990548,0.3217292291693368,0.3245645476119542,0.10726982563066323,0.00340097428299829
1528.792,0.4291663603,0.3218439880713031,0.324698066406901,0.1073223722286969,0.003393422680227771
1529.274,0.4289217084,0.32195537187369944,0.32482758102986325,0.10696633652630055,0.003385894470656393
1529.756,0.4289966803,0.3220633832759532,0.3249530919086319,0.1069332970240468,0.003378389563965183
1530.238,0.4292630088,0.32216802506971937,0.3250745996989295,0.10709498373028065,0.003370907870250181
1530.72,0.4290471314,0.3222693001384077,0.32519210528387776,0.1067778312615923,0.0033634493000202163
1531.203,0.4290445704,0.3223674110977424,0.32530584110170857,0.10667715930225757,0.0033559983616544575
1531.685,0.42887026300000003,0.32246195476211237,0.32541533753547813,0.10640830823788766,0.003348585819074687
1532.167,0.42890809609999997,0.32255314090426856,0.3255208357756386,0.1063549551957314,0.003341196133778702
1532.649,0.42866697340000004,0.3226409727703524,0.3256223376098286,0.10602600062964762,0.0033338292179055503
1533.131,0.4286495614,0.3227254536960804,0.3257198450502577,0.10592410770391958,0.0033264849839963117
1533.613,0.4283518716,0.3228065871063478,0.32581336033310915,0.10554528449365219,0.0033191633449918393
1534.095,0.4280073773,0.3228843765148386,0.3259028859179327,0.1051230007851614,0.003311864214230705
1534.577,0.4280678281,0.322958825523651,0.3259884244870257,0.10510900257634898,0.0033045875054471033
1535.06,0.42781410880000004,0.3230300818929307,0.3260701440055843,0.10478402690706934,0.0032973181053619948
1535.542,0.42787433630000005,0.3230978543497173,0.3261477092220414,0.10477648195028277,0.0032900860293826437
1536.024,0.42790156549999997,0.3231622977481272,0.3262212968069787,0.10473926775187276,0.0032828761187601407
1536.506,0.4277403252,0.32322341604056537,0.3262909103277485,0.10451690915943462,0.003275688288791153
1536.988,0.42795804689999994,0.32328121326614473,0.3263565535712018,0.10467683363385522,0.003268522455157683
1537.47,0.42815801270000003,0.323335693550377,0.326418230543009,0.10482231914962303,0.0032613785339249204
1537.952,0.42824114809999997,0.3233868611048768,0.3264759454669682,0.10485428699512317,0.003254256441539316
1538.434,0.428168056,0.32343472022707764,0.3265297027843058,0.10473333577292238,0.0032471560948265934
1538.917,0.4281374535,0.32347936430640467,0.32657960637579975,0.10465808919359532,0.003240062747384823
1539.398,0.4280011098,0.3235205307917737,0.3266253634468931,0.10448057900822633,0.003233020307606681
1539.881,0.42772302689999997,0.32355856658999727,0.3266673596172889,0.1041644603100027,0.003225970128229174
1540.363,0.427247895,0.32359322984268346,0.32670532708010247,0.10365466515731653,0.003218955984328398
1540.845,0.4265902949,0.323624607438186,0.3267393623903161,0.102965687461814,0.003211963175679861
1541.327,0.42603293200000003,0.3236527041836465,0.32676947127890804,0.10238022781635353,0.0032049916213439575
1541.809,0.425205531,0.323677524970332,0.3267956596891056,0.10152800602966805,0.003198041240746664
1542.291,0.42488362789999995,0.3236990747734355,0.32681793377560775,0.10118455312656444,0.003191111953677594
1542.773,0.42449850329999994,0.32371735865188656,0.32683629990379676,0.10078114464811339,0.0031842036802880377
1543.255,0.42413221419999997,0.323732381748172,0.32685076464894197,0.10039983245182799,0.003177316341089143
1543.738,0.4238721063,0.3237441703216789,0.32686135268155003,0.10012793597832109,0.0031704356327563504
1544.22,0.4233977513,0.3237526808768123,0.32686802716376073,0.09964507042318771,0.0031635899679248857
1544.702,0.4234664962,0.323757946588217,0.3268708212550986,0.09970854961178299,0.0031567650007954754
1545.184,0.4230693382,0.3237599729311895,0.326869742362652,0.09930936526881046,0.0031499606533006617
1545.666,0.4229273062,0.3237587654638371,0.3268647980992704,0.09916854073616294,0.003143176847723585
1546.148,0.4228429558,0.3237543298269575,0.3268559962827133,0.09908862597304247,0.003136413506696069
1546.63,0.4228716057,0.3237466717439279,0.3268433449347883,0.09912493395607208,0.003129670553196866
1547.112,0.4225809101,0.32373579702060495,0.32682685228048247,0.09884511307939503,0.0031229479105499103
1547.594,0.42247899590000004,0.3237217115452306,0.32680652674708266,0.09875728435476944,0.0031162455024223885
1548.077,0.4223017065,0.3237043820892753,0.32678232289079884,0.09859732441072466,0.0031095494101368625
1548.559,0.4222220317,0.32368388647365176,0.32675434977933454,0.09853814522634824,0.003102887285001649
1549.041,0.42193639650000003,0.3236601982770573,0.3267225702944634,0.09827619822294276,0.00309624516727387
1549.523,0.4217630274,0.3236333237167151,0.32668699366412685,0.09812970368328489,0.003089622981977115
1550.005,0.42143877160000004,0.32360326909191106,0.32664762931404256,0.09783550250808898,0.0030830206544694727
1550.487,0.4212556352,0.3235700407839563,0.32660448686677446,0.09768559441604369,0.0030764381104418496
1550.969,0.42110491619999996,0.32353364525615674,0.32655757614079567,0.09757127094384321,0.0030698752759162028
1551.451,0.42099132359999997,0.32349408905379273,0.3265069071495401,0.09749723454620723,0.0030633320772439727
1551.934,0.42074989479999997,0.3234512869196474,0.32645237331309607,0.09729860788035255,0.003056794926873853
1552.416,0.42088506459999997,0.3234054228091183,0.3263942108631258,0.09747964179088164,0.0030502908206306236
1552.898,0.42060716470000004,0.3233564181657969,0.3263323213705424,0.09725074653420313,0.0030438061311038526
1553.38,0.42064291789999997,0.3233042798629838,0.3262667156193967,0.09733863803701615,0.0030373407859462347
1553.862,0.4206004564,0.3232490148559705,0.3261974045838453,0.09735144154402947,0.0030308947131314655
1554.344,0.4204982426,0.32319063018206895,0.3261243994271576,0.09730761241793107,0.003024467840952563
1554.826,0.4203501701,0.3231291329606447,0.32604771150071243,0.09722103713935526,0.003018060098020273
1555.308,0.4203280854,0.3230645303931611,0.32596735234298835,0.09726355500683892,0.003011671413261421
1555.791,0.4202779059,0.3229966860901603,0.32588315557014946,0.09728121980983973,0.003005288520465966
1556.273,0.42038774240000004,0.32292588835907526,0.32579548175348616,0.09746185404092478,0.00299893777926443
1556.755,0.4201581996,0.3228520073949813,0.325704172458646,0.09730619220501868,0.002992605884751848
1557.237,0.4195706962,0.32277505072847873,0.32560923996263536,0.09679564547152125,0.0029862927671038893
1557.719,0.41868732629999994,0.32269502597258937,0.32551069672439503,0.09599230032741057,0.002979998356804265
1558.201,0.41770341790000004,0.3226119408228421,0.325408555383746,0.09509147707715793,0.0029737225846431497
1558.683,0.41625904140000003,0.3225258030573681,0.32530282876032857,0.09373323834263192,0.0029674653817157084
1559.165,0.4150898523,0.32243662053699873,0.3251935298525329,0.09265323176300128,0.002961226679420437
1559.647,0.41399511699999997,0.32234440120537255,0.3250806718364222,0.09165071579462741,0.0029550064094576492
1560.13,0.4135167417,0.3222489523360475,0.32496402288660386,0.09126778936395252,0.002948791655846494
1560.612,0.4129634283,0.322150677286147,0.3248440795732397,0.090812751013853,0.0029426080847389747
1561.094,0.4126371667,0.3220493897709896,0.32472061776354044,0.09058777692901038,0.0029364427427210366
1561.576,0.4125269401,0.32194509806680505,0.3245936513337254,0.09058184203319497,0.002930295562685633
1562.058,0.4124789463,0.32183781053325544,0.3244631943322023,0.09064113576674454,0.002924166477819985
1562.54,0.412268972,0.3217275356135807,0.3243292609784507,0.09054143638641932,0.002918055421604001
1563.022,0.4121682802,0.3216142818347457,0.32419186566189895,0.0905539983652543,0.0029119623278088575
1563.504,0.412071074,0.32149805780759577,0.3240510229407937,0.09057301619240421,0.0029058871304955174
1563.987,0.41196300880000003,0.3213786218815783,0.32390644465655266,0.09058438691842174,0.0028998172153524744
1564.469,0.4116569928,0.3212564774097574,0.32375874439541974,0.09040051539024263,0.002893777651127351
1564.951,0.4112411203,0.3211313890455433,0.3236076414374026,0.0901097312544567,0.0028877557871561186
1565.433,0.4110239499,0.3210033657371325,0.323453151004937,0.09002058416286751,0.0028817515586448132
1565.915,0.41053131860000003,0.32087241651745524,0.3232952884835319,0.08965890208254479,0.0028757649010819684
1566.397,0.4105280604,0.3207385505043613,0.3231340694206013,0.08978950989563872,0.00286979575023723
1566.879,0.4102343647,0.3206017769008103,0.32296950952429226,0.0896325877991897,0.00286384404215989
1567.361,0.40970876580000004,0.3204621049950672,0.322801624662305,0.08924666080493282,0.002857909713177526
1567.844,0.4091482759,0.3203192453950526,0.3226300722584155,0.08882903050494745,0.0028519804418891495
1568.325,0.4088510524,0.32017410385779266,0.3224559443027536,0.08867694854220737,0.0028460929391908594
1568.808,0.40796709200000003,0.3200254829569593,0.3222778091304054,0.08794160904304071,0.002840198181541557
1569.29,0.40740560459999997,0.31987430651413157,0.32209677948612586,0.0875312980858684,0.002834332773199725
1569.772,0.40661587099999996,0.3197202795173987,0.32191250660100823,0.08689559148260129,0.0028284844295868557
1570.254,0.4063034584,0.3195634117713748,0.3217250072753123,0.08674004662862517,0.002822653088671476
1570.736,0.4055266558,0.3194037131674621,0.3215342984604371,0.08612294263253795,0.0028168386886907614
1571.218,0.40519016350000003,0.31924119368407966,0.3213403972576991,0.08594896981592037,0.0028110411681491125
1571.7,0.40486314409999996,0.3190758633868932,0.3211433209171028,0.08578728071310676,0.0028052604658168837
1572.182,0.4045815539,0.3189077324290489,0.3209430868361066,0.0856738214709511,0.0027994965207290214
1572.665,0.40457331779999994,0.3187364535492607,0.32073928736807117,0.08583686425073922,0.0027937373657455867
1573.147,0.4044066497,0.31856274632362214,0.3205327841225237,0.08584390337637787,0.0027880067877551398
1573.629,0.40402475590000003,0.3183862694457349,0.32032317623841045,0.08563848645426514,0.0027822927855636935
1574.111,0.4040762132,0.31820703342124895,0.32011048169086365,0.08586917977875103,0.0027765952992519667
1574.593,0.4033471341,0.31802504884450833,0.3198947185962247,0.08532208525549168,0.0027709142691586947
1575.075,0.4028359796,0.31784032639880144,0.31967590521078004,0.08499565320119856,0.0027652496358794125
1575.557,0.4021579192,0.31765287685661403,0.31945405992949416,0.08450504234338596,0.0027596013402651255
1576.039,0.4012702583,0.3174627110798831,0.319229201284737,0.0838075472201169,0.002753969323421063
1576.521,0.40040553959999997,0.31726984002025493,0.3190013479450077,0.08313569957974504,0.0027483535267053883
1577.004,0.39971094710000005,0.31707386618925515,0.3187700367345174,0.0826370809107449,0.002742742290987711
1577.486,0.39893915290000004,0.3168756122239149,0.3185362444334625,0.08206354067608512,0.002737158792958539
1577.968,0.3982415795,0.31667468639483676,0.3182995142865729,0.08156689310516324,0.0027315913405175705
1578.45,0.3975415294,0.3164711000152907,0.3180598654942798,0.08107042938470926,0.0027260398760227543
1578.932,0.3972687057,0.31626486448956426,0.3178173173866935,0.08100384121043575,0.0027205043420788244
1579.414,0.3967370664,0.31605599131322737,0.31757188942230047,0.08068107508677264,0.0027149846815359576
1579.896,0.39644376000000003,0.3158444920733984,0.31732360118665687,0.08059926792660166,0.002709480837488669
1580.378,0.3960978757,0.31563037844901254,0.31707247239108105,0.08046749725098745,0.0027039927532745
1580.861,0.3956908976,0.31541320989514354,0.3168179930868059,0.08027768770485644,0.002698509035270415
1581.343,0.3950728752,0.31519389754444704,0.3165612370119052,0.07987897765555296,0.0026930523341064474
1581.825,0.3949009489,0.31497200642447537,0.31630170029422305,0.07992894247552462,0.0026876112241190305
1582.307,0.3944259358,0.3147475485843017,0.3160394031351963,0.07967838721569831,0.002682185649606572
1582.789,0.3938602472,0.3145205361661566,0.3157743658554153,0.07933971103384341,0.0026767755551046542
1583.271,0.3936038998,0.3142909814056983,0.3155066088932931,0.07931291839430171,0.002671380885384788
1583.753,0.3930186922,0.31405889663227904,0.3152361528037302,0.07895979556772098,0.0026660015854533246
1584.235,0.39255864170000004,0.31382429426921366,0.31496301825677697,0.07873434743078639,0.0026606376005502436
1584.718,0.3919818722,0.31358669231462566,0.3146866511050955,0.07839517988537437,0.00265527779503497
1585.2,0.3912728535,0.31334708726149185,0.3144082166587065,0.07792576623850817,0.0026499443083293087
1585.682,0.3911113973,0.3131050024815556,0.31412716648624406,0.0780063948184444,0.00264462597365047
1586.164,0.39042157029999996,0.3128604507768382,0.31384352170513946,0.07756111952316175,0.0026393227371620887
1586.646,0.3899996024,0.3126134450446477,0.313557303541233,0.07738615735535226,0.0026340345452557107
1587.128,0.38943704949999997,0.31236399827784117,0.313268533327419,0.0770730512221588,0.0026287613445497744
1587.61,0.38891170610000003,0.31211212356508367,0.3129772325022873,0.07679958253491637,0.0026235030818884584
1588.092,0.38833713709999995,0.31185783409110507,0.3126834226087598,0.07647930300889488,0.002618259704340526
1588.574,0.3876964897,0.31160114313695775,0.3123871252927294,0.07609534656304223,0.00261303115919831
1589.057,0.3871898975,0.3113415240987575,0.3120877399135376,0.07584837340124251,0.0026078065923636393
1589.539,0.3864728441,0.3110800655014361,0.3117865280478145,0.07539277859856391,0.0026026075852995565
1590.021,0.3861878125,0.3108162458758087,0.311482894347034,0.07537156662419131,0.002597423253740686
1590.503,0.38563422729999997,0.3105500788909237,0.311176860855474,0.07508414840907629,0.0025922535458630233
1590.985,0.38534106749999997,0.3102815783133943,0.31086844971352173,0.07505948918660565,0.0025870984100606806
1591.467,0.3844673124,0.31001075800763755,0.31055768315629595,0.07445655439236243,0.0025819577949449065
1591.949,0.3840961489,0.30973763193611104,0.31024458351226536,0.07435851696388895,0.0025768316493428667
1592.431,0.3835024691,0.3094622141595468,0.3099291732018673,0.07404025494045324,0.002571719922296743
1592.914,0.3826800616,0.3091839403481793,0.3096108132478086,0.0734961212518207,0.002566612002528683
1593.396,0.38204364560000004,0.30890397705724987,0.3092908445501697,0.07313966854275017,0.002561528990226945
1593.878,0.38162291449999997,0.3086217648652933,0.30896863303259414,0.07300114963470666,0.002556460244782677
1594.36,0.38099215010000004,0.3083373182286049,0.3086442014697097,0.07265483187139515,0.00255140571608788
1594.842,0.38047944440000003,0.30805065170286494,0.3083175727211701,0.07242879269713509,0.002546365354244337
1595.324,0.3796347155,0.3077617799433492,0.30798876973026423,0.07187293555665081,0.0025413391095625987
1595.806,0.3790237662,0.3074707177051305,0.30765781552251803,0.07155304849486949,0.0025363269325609427
1596.288,0.3784910512,0.30717747984328303,0.307324733204303,0.07131357135671695,0.0025313287739644175
1596.771,0.3777806614,0.3068814662174711,0.3069888483802813,0.0708991951825289,0.0025263342585493233
1597.252,0.3770962565,0.3065845371701511,0.306652277057782,0.0705117193298489,0.00252137431591463
1597.735,0.3766966196,0.3062842386351668,0.30631224371208016,0.07041238096483321,0.002516407650340971
1598.217,0.3760583529,0.30598244446377376,0.3059708773862421,0.07007590843622624,0.00251146510534428
1598.699,0.37555167330000006,0.3056785504827073,0.3056274996943116,0.06987312281729274,0.002506536335344373
1599.181,0.374836752,0.3053725721511501,0.3052821341984895,0.0694641798488499,0.002501621292286361
1599.663,0.37443661419999996,0.3050645250295335,0.30493480453201405,0.06937208917046644,0.0024967199283152004
1600.145,0.3738083247,0.30475442477969256,0.30458553439775676,0.06905389992030747,0.0024918321957747903
1600.627,0.373330189,0.30444228716501254,0.3042343475668148,0.06888790183498744,0.0024869580472069025
1601.109,0.37280601599999996,0.30412812805057254,0.3038812678771079,0.06867788794942742,0.002482097435350303
1601.592,0.37208891559999996,0.30381130538641316,0.3035255808978372,0.0682776102135868,0.0024772402708596202
1602.074,0.3715762044,0.30349314716438514,0.3031687834617963,0.06808305723561486,0.002472406619266217
1602.556,0.3708342165,0.30317301568296007,0.30281016511753067,0.06766120081703991,0.0024675863636763043
1603.038,0.3701173258,0.3028509272154766,0.30244974995630225,0.06726639858452343,0.002462779457607609
1603.52,0.36967030180000005,0.30252689813756795,0.3020875621291535,0.0671434036624321,0.0024579858547701134
1604.002,0.36883733069999997,0.3022009449272587,0.30172362584549994,0.06663638577274128,0.002453205509065207
1604.484,0.36845351919999997,0.30187308416505476,0.301357965371721,0.0665804350349452,0.0024484383745847567
1604.966,0.3675413074,0.30154333253402493,0.3009906050297513,0.06599797486597508,0.0024436844056101316
1605.448,0.3670813263,0.3012117068198737,0.3006215691956721,0.06586961948012632,0.0024389435566114018
1605.931,0.36657615120000003,0.30087753011897145,0.3002501115390471,0.06569862108102859,0.00243420598714551
1606.413,0.36589312900000004,0.3005422032064286,0.2998777947093598,0.06535092579357143,0.0024294912692440734
1606.895,0.3651124822,0.30020505321986046,0.2995038758775377,0.06490742898013951,0.002424789535758433
1607.377,0.3645053035,0.29986609735628234,0.29912837962225836,0.06463920614371765,0.002420100741904632
1607.859,0.3639202171,0.29952535291557614,0.29875133056930003,0.06439486418442386,0.00241542484308289
1608.341,0.3632387506,0.29918283730050976,0.29837275339013203,0.06405591329949023,0.002410761794876753
1608.823,0.3623746568,0.29883856801674785,0.2979926728005119,0.06353608878325212,0.002406111553052204
1609.305,0.3617242177,0.2984925626728475,0.2976111135590739,0.0632316550271525,0.0024014740735567594
1609.788,0.36116592,0.29814411578792277,0.2972273043389031,0.0630218042120772,0.0023968397307692142
1610.27,0.3603127067,0.2977946880514378,0.2968428592953114,0.06251801864856221,0.002392227670747464
1610.752,0.35976783019999997,0.29744357773496766,0.2964570101706744,0.062324252465032315,0.0023876282418881603
1611.234,0.3593301917,0.29709080285864287,0.29606978188116156,0.06223938884135716,0.0023830414008568883
1611.716,0.3588814474,0.29673638154532783,0.2956811993787949,0.062145065854672166,0.002378467104496541
1612.198,0.3585117392,0.296380332020554,0.29529128765004503,0.062131407179445985,0.0023739053098264557
1612.68,0.35788870510000004,0.2960226726124471,0.2949000717144322,0.06186603248755296,0.002369355974041607
1613.162,0.3575874749,0.29566342175163685,0.2945075766231241,0.061924053148363134,0.0023648190545117673
1613.645,0.3571438424,0.2953018477519692,0.2941130092643629,0.06184199464803081,0.002360285134589444
1614.127,0.3566798994,0.2949394664819405,0.29371802861116736,0.061740432918059474,0.0023557729459141048
1614.609,0.356403274,0.29457554970406025,0.293321844183863,0.061827724295939746,0.0023512730465563483
1615.091,0.35555729309999995,0.2942101162580806,0.2929244811462831,0.06134717684191937,0.002346785394577225
1615.573,0.3548371804,0.29384318508564256,0.29252596468692227,0.06099399531435745,0.0023423099482084517
1616.055,0.3537016603,0.29347477523012006,0.29212632001754757,0.06022688506987994,0.0023378466658517433
1616.537,0.3526835939,0.2931049058364409,0.2917255723718024,0.05957868806355909,0.0023333955060777793
1617.019,0.3513510356,0.29273359615090466,0.29132374700382,0.05861743944909531,0.002328956427625625
1617.501,0.35042891849999996,0.29236086552098356,0.29092086918683624,0.058068052979016405,0.0023245293894018394
1617.984,0.3494754177,0.2919859557440734,0.2905161251845009,0.057489461955926635,0.002320105203092789
1618.466,0.34885331340000003,0.2916104388246943,0.29011121630648695,0.05724287457530575,0.002315702147479431
1618.948,0.3483171868,0.29123355964906067,0.2897053309524865,0.05708362715093934,0.0023113110097271934
1619.43,0.3478922263,0.29085533796728413,0.2892984944583281,0.05703688833271586,0.0023069317494051624
1619.912,0.3474827099,0.29047579362944853,0.28889073217202577,0.05700691627055149,0.0023025643262460415
1620.394,0.34701778660000004,0.29009494658532997,0.2884820694524053,0.05692284001467007,0.0022982087001453388
1620.876,0.3466046585,0.28971281688410283,0.2880725316677304,0.056891841615897165,0.002293864831160685
1621.358,0.34629548579999997,0.2893294246740256,0.2876621441943288,0.056966061125974354,0.0022895326795110025
1621.841,0.34570957669999997,0.2889439909280581,0.28725007843950046,0.05676558577194185,0.002285203254048457
1622.323,0.3449730796,0.2885581320258813,0.28683806611193063,0.05641494757411869,0.0022808944424718845
1622.805,0.3440124505,0.28817107169333467,0.2864252803120042,0.05584137880666534,0.0022765972297661007
1623.287,0.34316327020000004,0.2877828304718212,0.28601174643463784,0.055380439728178854,0.002272311576788144
1623.769,0.3424768648,0.28739342900005094,0.28559748987598454,0.055083435799949065,0.0022680374445526517
1624.251,0.3415747587,0.28700288801364016,0.2851825360320758,0.054571870686359825,0.002263774794231099
1624.733,0.3407440614,0.2866112283446946,0.2847669102974678,0.05413283305530542,0.002259523587151072
1625.215,0.3397649553,0.28621847092137553,0.28435063806388766,0.05354648437862447,0.002255283784795568
1625.698,0.3390917855,0.2858238185795194,0.2839328791668977,0.053267966920480636,0.0022510465879022057
1626.179,0.3382012471,0.285429747001826,0.28351625564448146,0.052771500098173996,0.002246838240962687
1626.662,0.3375871385,0.28503300035815626,0.2830973282973406,0.05255413814184373,0.0022426237091685295
1627.144,0.33705838489999995,0.2846360610243641,0.28267872277708,0.052422323875635835,0.0022384291669291343
1627.626,0.33616588020000004,0.28423813004603715,0.28225959767951636,0.05192775015396289,0.002234245839056767
1628.108,0.3354373434,0.28383922891785207,0.28183997835114005,0.051598114482147905,0.0022300736879520095
1628.59,0.33454165140000003,0.28343937922704854,0.28141989012622454,0.05110227217295149,0.0022259126761659206
1629.072,0.3339428958,0.28303860265286074,0.280999358325496,0.050904293147139235,0.0022217627663991993
1629.554,0.333347919,0.2826369209659366,0.2805784082548103,0.05071099803406337,0.0022176239215016065
1630.036,0.3328971723,0.2822343560277335,0.2801570652038276,0.05066281627226649,0.002213496104471211
1630.519,0.33239981729999996,0.28183009192596264,0.2797344791613993,0.05056972537403731,0.002209370748720532
1631.001,0.3320513779,0.2814258247114819,0.2793124252631898,0.05062555318851808,0.0022052648996973706
1631.483,0.331341592,0.28102074041469083,0.2788900541956602,0.05032085158530919,0.002201169968343063
1631.965,0.3311412814,0.28061486125410906,0.2784673911704973,0.05052642014589093,0.0021970859182424973
1632.447,0.3309761542,0.2802082095357919,0.27804446137662936,0.05076794466420809,0.0021930127131254565
1632.929,0.3305738941,0.27980080765262383,0.27762128997892815,0.05077308644737616,0.0021889503168660207
1633.411,0.33017812040000005,0.2793926780835912,0.2771979021169112,0.05078544231640886,0.0021848986934818416
1633.893,0.3296573679,0.27898384339303484,0.27677432290344595,0.05067352450696516,0.0021808578071335558
1634.375,0.3290835672,0.2785743262298882,0.27635057742346236,0.05050924097011178,0.002176827622124042
1634.858,0.3279562407,0.27816329766748393,0.27592581117027454,0.04979294303251608,0.002172799774708772
1635.34,0.3268631381,0.2777524825427423,0.2755018080788035,0.04911065555725769,0.0021687909078693286
1635.822,0.32538535420000003,0.27734105343942544,0.27507771384694846,0.04804430076057459,0.002164792636051459
1636.304,0.3240589655,0.27692903333698105,0.2746535534349923,0.04712993216301897,0.0021608049241209565
1636.786,0.3227194278,0.27651644529534347,0.27422935176888646,0.04620298250465654,0.0021568277370826714
1637.268,0.3213263608,0.2761033124540539,0.27380513373898385,0.04522304834594609,0.002152861040079835
1637.75,0.32054575640000005,0.275689658031363,0.273380924198778,0.04485609836863702,0.00214890479839348
1638.232,0.3196117543,0.275275505323315,0.272956747963645,0.04433624897668498,0.002144958977441758
1638.715,0.31947857620000003,0.274860017002114,0.272531749973949,0.04461855919788604,0.0021410153887498253
1639.197,0.31874525989999997,0.27444493700573214,0.2721077148338613,0.04430032289426783,0.002137090327508836
1639.679,0.3180643927,0.27402942911829997,0.27168378725494857,0.044034963581700004,0.002133175584002781
1640.161,0.3177656942,0.27361351693762326,0.271259991887539,0.044152177262376746,0.0021292711241924166
1640.643,0.3173546365,0.2731972241344204,0.2708363533376199,0.04415741236557963,0.0021253769141725207
1641.125,0.3168106479,0.272780574451285,0.2704128961656054,0.04403007344871501,0.0021214929201713137
1641.607,0.3165027352,0.27236359170163227,0.26998964488511146,0.04413914349836773,0.0021176191085498243
1642.089,0.3159901162,0.271946299768624,0.26956662396173386,0.044043816431376004,0.002113755445801291
1642.572,0.315619614,0.27152785598156026,0.269142980985384,0.04409175801843973,0.0021098939141311825
1643.054,0.3152268666,0.2711100170878912,0.2687204945792849,0.04411684951210881,0.002106050470017148
1643.536,0.3148897344,0.270691941117812,0.26829831167721374,0.044197793282188036,0.0021022170749744745
1644.018,0.3142941647,0.2702736522224475,0.2678764565404535,0.04402051247755251,0.002098393696019483
1644.5,0.3137540983,0.2698551746169888,0.2674549533762287,0.04389892368301118,0.0020945803002977758
1644.982,0.313377558,0.26943653257949784,0.26703382633651424,0.043941025420502156,0.002090776855083577
1645.464,0.31258061659999997,0.26901775044968834,0.266613099516845,0.04356286615031163,0.002086983327779166
1645.946,0.3116978647,0.2685988526276911,0.266192796955136,0.04309901207230887,0.0020831996859143067
1646.428,0.3107524579,0.2681798635727952,0.2657729426305034,0.04257259432720478,0.002079425897145651
1646.911,0.3094388198,0.26775993833954825,0.26535269088197533,0.04167888146045173,0.002075654130380678
1647.393,0.3080583278,0.26734084036510714,0.26493380578163284,0.04071748743489284,0.002071899971554576
1647.875,0.3072236348,0.2669217249288722,0.2645154405405391,0.040301909871127806,0.002068155569484166
1648.357,0.3063793963,0.266502616713903,0.2640976188908182,0.03987677958609698,0.0020644208923282655
1648.839,0.3057921551,0.26608354045582505,0.2636803644999858,0.03970861464417497,0.0020606959083697106
1649.321,0.30536060509999996,0.26566452094145154,0.26326370096980495,0.03969608415854842,0.002056980586014864
1649.803,0.30506686380000003,0.26524558300738293,0.262847651835145,0.0398212807926171,0.002053274893793031
1650.285,0.30475227979999997,0.2648267515385885,0.26243224056284864,0.03992552826141149,0.0020495788003559107
1650.768,0.30447854010000003,0.2644071829485224,0.262016630776968,0.04007135715147764,0.002045884636006905
1651.25,0.3039359056,0.26398863960185587,0.2616025667966767,0.03994726599814413,0.0020422076663339397
1651.732,0.3033509078,0.26357027770303354,0.2611892107080189,0.039780630096966474,0.0020385402020653707
1652.214,0.3021886462,0.2631521223159821,0.2607765856943399,0.039036523884017904,0.002034882212337199
1652.696,0.3008898325,0.2627341985455922,0.26036471486536583,0.0381556339544078,0.0020312336664050482
1653.178,0.2992763021,0.26231653153617873,0.2599536212561045,0.03695977056382127,0.002027594533643676
1653.66,0.2975117593,0.2618991464699203,0.25954332782574974,0.035612612830079715,0.002023964783546428
1654.142,0.2960789548,0.2614820685652785,0.2591338574565927,0.03459688623472151,0.002020344385724707
1654.625,0.29505373890000003,0.2610644588212794,0.25872438607931136,0.03398928007872065,0.002016725827718122
1655.106,0.2942004466,0.26064893528648947,0.2583174770400292,0.03355151131351053,0.0020131315259404496
1655.589,0.293799667,0.2602320678514746,0.25790976918749053,0.03356759914852536,0.0020095315600275705
1656.071,0.29323389639999997,0.2598164723207763,0.25750382022944746,0.03341742407922366,0.002005948288886635
1656.553,0.29298904929999997,0.25940131058424526,0.2570988075993761,0.03358773871575471,0.0020023742197687665
1657.035,0.2926834926,0.2589866080438137,0.2566947536954437,0.0336968845561863,0.0019988093229828755
1657.517,0.2924825349,0.2585723901260837,0.25629168083145826,0.033910144773916295,0.0019952535689522844
1657.999,0.2920560707,0.2581586822805924,0.25588961123582676,0.03389738841940759,0.001991706928214189
1658.481,0.2914702526,0.2577455099780576,0.25548856705052253,0.03372474262194236,0.0019881693714191503
1658.963,0.2912069543,0.2573328987086037,0.25508857033005594,0.03387405559139628,0.001984640869330663
1659.446,0.2908886237,0.25692001978429235,0.25468881651733577,0.03396860391570766,0.0019811141003679565
1659.928,0.2904364063,0.25650860841640716,0.2542909828219234,0.03392779788359285,0.0019776036390668677
1660.41,0.2898425339,0.2560978347034013,0.2538942622650236,0.03374469919659867,0.0019741021453750862
1660.892,0.2890652665,0.25568772419494573,0.25349867654095215,0.03337754230505424,0.0019706095905027685
1661.374,0.2883907471,0.2552783024509705,0.2531042472515146,0.033112444649029515,0.001967125945770504
1661.856,0.2874389949,0.2548695950397816,0.25271099590501767,0.032569399860218395,0.001963651182608743
1662.338,0.28647391,0.2544616275361615,0.25231894391528636,0.03201228246383847,0.0019601852725573696
1662.82,0.2855042058,0.2540544255194496,0.2519281126006868,0.0314497802805504,0.0019567281872651656
1663.302,0.2850147977,0.25364801457160574,0.2515385231831547,0.03136678312839425,0.0019532798984893606
1663.785,0.2840984301,0.25324157965997135,0.2511493924583232,0.03085685044002867,0.001949833251255964
1664.267,0.2833583927,0.2528368293704147,0.2507623527960012,0.030521563329585333,0.0019464024893204542
1664.749,0.2826969455,0.2524329469447899,0.2503766181516991,0.030263998555210114,0.0019429804397610685
1665.231,0.282418599,0.25202995795583594,0.24999220935186292,0.030388641044164055,0.0019395670747642234
1665.713,0.28204714070000003,0.2516278879689791,0.24960914712175902,0.030419252731020918,0.001936162366622381
1666.195,0.281542759,0.2512267625402974,0.2492274520845435,0.030315996459702566,0.001932766287733617
1666.677,0.2813157946,0.2508266072144704,0.24884714476034048,0.03048918738552958,0.0019293788106011492
1667.159,0.28098531720000003,0.2504274475227108,0.24846824556532454,0.03055786967728924,0.0019259999078327793
1667.642,0.2803111293,0.25002848404628536,0.2480899931753624,0.030282645253714657,0.0019226225685671746
1668.124,0.2798492409,0.24963139434997478,0.24771397409333362,0.03021784655002524,0.0019192607504148879
1668.606,0.27895162419999997,0.249235376832523,0.24733942379785864,0.029716247367476967,0.0019159074250175417
1669.088,0.2781001078,0.2488404569502658,0.24696636228007338,0.029259650849734198,0.0019125625653972503
1669.57,0.2770941286,0.2484466601355126,0.24659480942268897,0.028647468464487402,0.0019092261446785061
1670.052,0.2761157641,0.24805401179439124,0.2462247849991161,0.028061752305608756,0.0019058981360876865
1670.534,0.2752858013,0.2476625373046808,0.2458563086726,0.027623263995319225,0.0019025785129526938
1671.016,0.2744617492,0.24727226201362842,0.24548939999535824,0.02718948718637157,0.0018992672487024278
1671.499,0.2739012993,0.2468824053668876,0.2451233221423272,0.02701889393311241,0.0018959574729539004
1671.981,0.2733777951,0.2464946070009716,0.24475961032475713,0.0268831880990284,0.0018926628643668128
1672.463,0.2726857575,0.24610808372259466,0.24439752417821284,0.02657767377740536,0.0018893765354985107
1672.945,0.2723646227,0.24572286073472702,0.24403708280211567,0.026641761965272986,0.0018860984601778406
1673.427,0.2716044458,0.24533896319870552,0.243678305180667,0.026265482601294465,0.00188282861233241
1673.909,0.2711714161,0.2449564162319801,0.24332121018203287,0.026214999868019895,0.0018795669659882864
1674.391,0.2705411661,0.2445752449058472,0.24296581655753588,0.025965921194152808,0.0018763134952694974
1674.873,0.2700563053,0.2441954742431717,0.24261214294085076,0.02586083105682832,0.0018730681743975935
1675.355,0.2690118071,0.24381712921610046,0.2422602078472128,0.025194677883899536,0.0018698309776912542
1675.838,0.2686587181,0.2434394543301292,0.24190930500090324,0.025219263769870826,0.0018665951885928876
1676.32,0.2679837374,0.24306403836317528,0.24156090572326436,0.0249196990368247,0.0018633741802827626
1676.802,0.26744825120000004,0.24269012267233456,0.24121429983343995,0.024758128527665485,0.0018601612196201044
1677.284,0.2669836106,0.2423177320036819,0.2408695053648531,0.02466587859631808,0.001856956281308023
1677.766,0.2667151129,0.24194689104098815,0.24052654022862505,0.02476822185901184,0.0018537593401446683
1678.248,0.2660630525,0.24157762440337668,0.2401854222128238,0.024485428096623324,0.0018505703710227544
1678.73,0.26573883639999996,0.24120995664297323,0.2398461689817225,0.024528879757026723,0.0018473893489292083
1679.212,0.265732623,0.2408439122425487,0.23950879807506592,0.024888710757451304,0.001844216248944716
1679.695,0.2651473325,0.24047876133329904,0.23917263289585708,0.02466857116670096,0.0018410444876248257
1680.177,0.2648747081,0.24011604030624562,0.2388390827506992,0.024758667793754408,0.0018378871737811165
1680.659,0.2645853886,0.23975501569792715,0.2385074668302875,0.024830372902072878,0.0018347377077961725
1681.141,0.2641032847,0.2393957116898181,0.23817780216879186,0.024707573010181894,0.0018315960651219584
1681.623,0.2638730991,0.23903815238214748,0.23785010567229342,0.024834946717852524,0.001828462221302199
1682.105,0.26355308709999997,0.23868236179150526,0.23752439411809548,0.024870725308494712,0.001825336151971962
1682.587,0.2627453702,0.23832836384844508,0.2372006841540431,0.024417006351554915,0.0018222178328573188
1683.069,0.2616678919,0.23797618239508134,0.23687899229784926,0.023691709504918668,0.0018191072397748921
1683.552,0.2608202604,0.23762511626304858,0.23655867387303348,0.023195144136951423,0.001815997919087487
1684.033,0.2597220967,0.23727736386926984,0.23624172832524584,0.022444732830730174,0.0018129091354237477
1684.516,0.2585220387,0.23693005692941133,0.23592553610051858,0.021591981770588686,0.0018098151784529744
1684.998,0.2575906974,0.23658538199183635,0.2356120835649505,0.021005315408163666,0.0018067352652691208
1685.48,0.2571099988,0.23624264139201395,0.23530072978357017,0.020867357407986065,0.0018036629584964753
1685.962,0.2564155261,0.23590185839059447,0.23499149047931803,0.020513667709405548,0.0018005982344871183
1686.444,0.2558924534,0.2355630561428948,0.234684381240508,0.020329397257105197,0.0017975410696810376
1686.926,0.2553168253,0.23522625769647992,0.23437941752021527,0.02009056760352007,0.0017944914406056857
1687.408,0.2550719696,0.2348914859887441,0.23407661463567392,0.020180483611255906,0.001791449323875688
1687.89,0.2546454711,0.23455876384449267,0.23377598776768094,0.020086707255507347,0.001788414696192317
1688.373,0.2542225475,0.23422743014775976,0.23347693508654965,0.019995117352240244,0.00178538126166919
1688.855,0.253710794,0.23389887951206123,0.2331807098374709,0.019811914487938787,0.0017823615579455477
1689.337,0.2533386931,0.23357244626107965,0.23288670535338335,0.019766246838920365,0.001779349273841574
1689.819,0.2530273523,0.23324815274486654,0.23259493626326183,0.019779199555133464,0.0017763443864020191
1690.301,0.25258769789999996,0.2329260211888178,0.23230541705678834,0.019661676711182158,0.0017733468727565303
1690.783,0.2522340432,0.23260607369127168,0.23201816208380563,0.019627969508728305,0.0017703567101193041
1691.265,0.2519256347,0.23228833222110656,0.23173318555377703,0.019637302478893448,0.0017673738757886931
1691.747,0.2517682934,0.23197281861534735,0.2314505015352561,0.019795474784652656,0.0017643983471468695
1692.229,0.2513864524,0.23165955457677395,0.2311701239553626,0.019726897823226064,0.0017614301016594346
1692.712,0.2514062325,0.23134791883376565,0.2308914921381413,0.02005831366623434,0.0017584629812850746
1693.194,0.2509990891,0.23103922326753523,0.2306157735046936,0.019959865832464785,0.001755509249829381
1693.676,0.2507133246,0.23073284159156093,0.23034240226538397,0.019980483008439076,0.0017525627343759002
1694.158,0.2504175808,0.2304287949475597,0.2300713917762319,0.019988785852440294,0.0017496234127206544
1694.64,0.2500424207,0.23012710433114072,0.2298027552493278,0.019915316368859265,0.001746691262741378
1695.122,0.2496758299,0.22982779058945557,0.22953650575235848,0.019848039310544435,0.0017437662623970805
1695.604,0.24925017270000002,0.22953087441885917,0.22927265620814133,0.019719298281140857,0.0017408483897278255
1696.086,0.24855865179999997,0.22923637636257477,0.22901121939416424,0.019322275437425207,0.0017379376228542518
1696.569,0.2479868093,0.22894371342456582,0.22875167310382113,0.01904309587543418,0.0017350279230877225
1697.051,0.2472975011,0.22865411772448108,0.2284951045698827,0.018643383375518935,0.0017321313171179222
1697.533,0.2465865613,0.22836700086790324,0.2282409862476611,0.01821956043209677,0.0017292417517414203
1698.015,0.2459331445,0.22808238276208098,0.22798933032860172,0.017850761737919024,0.0017263592053982325
1698.497,0.2451628186,0.22780028314962564,0.2277401488566512,0.01736253545037436,0.0017234836566072558
1698.979,0.2445555498,0.2275207216062431,0.2274934537278454,0.0170348281937569,0.001720615083966036
1699.461,0.24393580509999999,0.22724371753848238,0.22724925668990925,0.016692087561517605,0.0017177534661503657
1699.943,0.24322665029999999,0.22696929018149478,0.22700756934186395,0.016257360118505204,0.0017148987819139857
1700.426,0.2430463774,0.22669689734229306,0.22676790956676932,0.01634948005770695,0.0017120451090187453
1700.908,0.2424426047,0.22642768585970857,0.2265312810645006,0.016014918840291437,0.001709204242787748
1701.39,0.2422065876,0.22616110778140136,0.22629719617612565,0.016045479818598635,0.0017063702468181011
1701.872,0.2417557095,0.22589718163443992,0.22606566590176574,0.01585852786556008,0.0017035431001721792
1702.354,0.2415444708,0.22563592576350744,0.22583670109099307,0.015908545036492555,0.0017007227819886418
1702.836,0.24131484960000002,0.22537735832875289,0.22561031244248647,0.015937491271247134,0.001697909271482144
1703.318,0.2410958248,0.225121497303658,0.22538651050369504,0.015974327496342006,0.0016951025479430273
1703.8,0.24087174560000002,0.22486836047292302,0.22516530567051107,0.016003385127076997,0.0016923025907369283
1704.282,0.2406077702,0.224617965430368,0.22494670818694978,0.015989804769631993,0.0016895093793045481
1704.765,0.24019465780000002,0.22436981868966144,0.22473028278120719,0.01582483911033858,0.0016867171190464243
1705.247,0.2398558263,0.22412496500893858,0.22451693558110392,0.01573086129106141,0.0016839373516713886
1705.729,0.2394640962,0.2238829047669681,0.22430622556847962,0.01558119143303191,0.0016811642687969818
1706.211,0.2388861127,0.2236436547730394,0.22409816237649133,0.015242457926960579,0.0016783978501609916
1706.693,0.2386874799,0.22340723163535858,0.22389275548494414,0.015280248264641416,0.0016756380755746515
1707.175,0.23846400589999997,0.22317365175906786,0.2236900142200195,0.015290354140932105,0.0016728849249223407
1707.657,0.23806537639999997,0.22294293134428825,0.22348994775401387,0.015122445055711725,0.0016701383781612981
1708.139,0.2376403015,0.22271508638418253,0.223292565105084,0.014925215115817486,0.001667398415321282
1708.622,0.2374779367,0.22248966897035116,0.22309747402100732,0.014988267729648841,0.001664659352361872
1709.104,0.23724436010000002,0.2222676281084791,0.22290549105641108,0.014976731991520914,0.001661932511298393
1709.586,0.2369286586,0.2220485094516479,0.2227162180536948,0.014880149148352118,0.0016592121946364786
1710.068,0.2369111304,0.22183232814583498,0.22252966341175962,0.015078802254165025,0.0016564983826931397
1710.55,0.23682595890000002,0.22161909912072023,0.2223458353742198,0.015206859779279797,0.0016537910558564338
1711.032,0.2367724072,0.22140883708789022,0.2221647420291975,0.015363570112109787,0.0016510901945851258
1711.514,0.2366791675,0.22120155653906898,0.22198639130912678,0.015477610960931032,0.0016483957794084067
1711.996,0.2366565773,0.22099727174437245,0.2218107909905642,0.015659305555627556,0.0016457077909256292
1712.479,0.23638424149999998,0.22079558230592194,0.2216375929721925,0.015588659194078036,0.001643020653006746
1712.96,0.2362485671,0.22059774537949783,0.2214678718837314,0.015650821720502167,0.001640351016788233
1713.443,0.23615723989999998,0.22040212938405473,0.22130022365113763,0.015755110515945248,0.001637676662308066
1713.925,0.2361056238,0.2202099721580329,0.22113570535534058,0.0158956516419671,0.0016350142011410688
1714.407,0.2359311811,0.22002087868040882,0.22097397401400204,0.015910302419591182,0.001632358070667164
1714.889,0.2357555446,0.21983486185602397,0.22081503646458897,0.01592068274397604,0.0016297082519005457
1715.371,0.2355537149,0.2196519343566511,0.22065889938760072,0.015901780543348898,0.0016270647259235705
1715.853,0.2351611592,0.21947210861946825,0.22050556930644466,0.015689050580531744,0.0016244274738863908
1716.335,0.2345212706,0.2192953968455634,0.22035505258732066,0.015225873754436597,0.0016217964770067323
1716.817,0.23409039480000002,0.2191218109984696,0.2202073554391154,0.014968583801530405,0.0016191717165695654
1717.3,0.233701018,0.21895101244535392,0.2200621862913118,0.01475000555464609,0.0016165477477162716
1717.782,0.2328776719,0.218783719930361,0.2199201521623938,0.014093951969639001,0.001613935417128927
1718.264,0.2324322097,0.21861958781631852,0.21978095529795924,0.013812621883681486,0.0016113292672015277
1718.746,0.2323776419,0.21845862710198494,0.21964460127640273,0.01391901479801505,0.0016087292794855028
1719.228,0.2320273471,0.21830084854169254,0.2195110955183917,0.01372649855830746,0.0016061354355981516
1719.71,0.2318281173,0.21814626264406695,0.21938044328680698,0.013681854655933051,0.001603547717222415
1720.192,0.2317545852,0.21799487967078007,0.2192526496866924,0.013759705529219929,0.0016009661061065505
1720.674,0.2316051589,0.2178467096353353,0.2191277196652125,0.013758449264664685,0.0015983905840638779
1721.156,0.2317259697,0.2177017623018862,0.21900565801161806,0.014024207398113803,0.0015958211329725439
1721.639,0.2314955453,0.21755975653566514,0.2188862250674571,0.01393578876433485,0.0015932524228011676
1722.121,0.23107694639999998,0.21742128963006413,0.2187699198600067,0.013655656769935853,0.0015906950720066648
1722.603,0.2310508157,0.21728607322992322,0.21865649644927576,0.01376474247007678,0.0015881437381469164
1723.085,0.2310136788,0.2171541160903142,0.21854595899234747,0.013859562709685802,0.001585598403356717
1723.567,0.2308517526,0.21702542671155042,0.21843831148833953,0.013826325888449564,0.00158305904983438
1724.049,0.230835325,0.2169000133382072,0.21833355777841668,0.01393531166179282,0.0015805256598413746
1724.531,0.2304413202,0.21677788395817826,0.21823170154581278,0.01366343624182173,0.0015779982157021707
1725.013,0.23028464280000002,0.21665904630176777,0.2181327463158596,0.01362559649823225,0.001575476699803896
1725.496,0.23036250849999998,0.2165432715690163,0.21803649920171866,0.013819236930983692,0.0015729558816302135
1725.978,0.23004904780000002,0.21643104638314747,0.2179433619572006,0.013618001416852543,0.0015704461818331567
1726.46,0.23006515570000002,0.2163221345718657,0.21785313535049833,0.01374302112813433,0.001567942357775971
1726.942,0.2300009635,0.21621654282619576,0.2177658222754611,0.013784420673804226,0.0015654443920941452
1727.424,0.2299125575,0.21611427757556112,0.2176814254683012,0.013798279924438883,0.0015629522674845543
1727.906,0.2297861289,0.21601534498709113,0.21759994750767092,0.013770783912908868,0.0015604659667052773
1728.388,0.229701911,0.2159197509649643,0.21752139081474686,0.013782160035035712,0.001557985472575268
1728.87,0.229752339,0.2158275011497876,0.21744575765332236,0.013924837850212396,0.0015555107679741727
1729.353,0.2298517919,0.2157384199631709,0.2173729023269927,0.0141133719368291,0.0015530367195648574
1729.835,0.22982866829999998,0.2156528813916288,0.21730312846666988,0.01417578690837118,0.0015505735548250893
1730.317,0.2299073549,0.21557070237156167,0.2172362839895185,0.014336652528438326,0.0015481161285795452
1730.799,0.22973760380000002,0.21549188748327774,0.21717237053054939,0.014245716316722279,0.0015456644239481817
1731.281,0.2298724105,0.21541644104096827,0.21711138956796705,0.014455969459031742,0.0015432184241103632
1731.763,0.22958111779999998,0.21534436709231136,0.21705334242330898,0.014236750707688622,0.0015407781123046602
1732.245,0.229725897,0.21527566941811233,0.2169982302615917,0.014450227581887687,0.001538343471828563
1732.727,0.22958999160000002,0.21521035153198279,0.21694605409146395,0.01437964006801723,0.0015359144860383007
1733.209,0.2293305269,0.21514841668005646,0.2168968147653692,0.014182110219943533,0.0015334911383485532
1733.692,0.22924751919999997,0.21508974989179896,0.21685041997188398,0.014157769308201007,0.0015310684020351174
1734.174,0.2289578211,0.2150345968087594,0.21680706236327424,0.013923224291240599,0.0015286562926349018
1734.656,0.2290584724,0.21498283489598313,0.21676664322116054,0.014075637504016858,0.0015262497718936945
1735.138,0.22907220679999998,0.2149344663270616,0.2167291627746088,0.014137740472938393,0.0015238488234577895
1735.62,0.2289419591,0.21488949300726062,0.2166946210974012,0.014052466092739385,0.0015214534310308018
1736.102,0.2287929329,0.21484791657346503,0.21666301810824323,0.01394501632653497,0.00151906357837334
1736.584,0.2289395273,0.21480973839416145,0.21663435357097818,0.014129788905838547,0.001516679249302893
1737.066,0.2289508842,0.21477495956945808,0.21660862709480783,0.01417592463054193,0.0015143004276935265
1737.549,0.22883757,0.21474351936515573,0.21658579390760285,0.014094050634844257,0.0015119221792511937
1738.031,0.22907425979999999,0.21471554853269975,0.21656594785596872,0.014358711267300234,0.0015095543357544598
1738.513,0.22921166029999998,0.2146909787460186,0.21654903776559375,0.014520681553981368,0.0015071919516451788
1738.995,0.2291486193,0.21466981003212382,0.21653506262916655,0.014478809267876175,0.0015048350110216172
1739.477,0.229240402,0.21465204215032446,0.21652402128595621,0.014588359849675547,0.0015024834980374797
1739.959,0.22921144259999998,0.21463767459247557,0.2165159124220783,0.014573768007524412,0.0015001373969016957
1740.441,0.22930065849999998,0.21462670658326463,0.21651073457076817,0.014673951916735345,0.0014977966918782353
1740.923,0.2291056558,0.21461913708053607,0.21650848611266216,0.014486518719463937,0.0014954613672858096
1741.406,0.229151624,0.2146149596497472,0.21650916972708145,0.014536664350252804,0.001493126579122142
1741.887,0.2293197508,0.21461418809389465,0.216512770137344,0.014705562706105346,0.001490806796941615
1742.37,0.22919633739999998,0.2146168141509785,0.21651931520318365,0.014579523249021481,0.0014884827138551952
1742.852,0.22933929209999998,0.21462282996350845,0.21652877114106317,0.014716462136491526,0.0014861687662798876
1743.334,0.2293139244,0.214632235077874,0.21654114609157665,0.014681689322126018,0.0014838601215113995
1743.816,0.2294638716,0.21464502685921766,0.21655643752574946,0.01481884474078235,0.0014815567641926909
1744.298,0.2293946611,0.21466120240915648,0.21657464276417554,0.014733458690843526,0.0014792586790199373
1744.78,0.22951255150000002,0.2146807585664016,0.21659575897735403,0.014831792933598431,0.0014769658507423657
1745.262,0.22951226630000002,0.21470369190741753,0.2166197831860343,0.014808574392582485,0.0014746782641620396
1745.744,0.22983010069999998,0.2147299987471154,0.21664671226156818,0.015100101952884581,0.0014723959041336486
1746.227,0.22974100279999998,0.214759740208629,0.21667660782945591,0.014981262591370975,0.0014701140365964785
1746.709,0.2299951561,0.21479278892539683,0.21670934266608635,0.01520236717460316,0.0014678420952107083
1747.191,0.23006967970000003,0.21482919851421323,0.21674497208329485,0.015240481185786803,0.0014655753352234553
1747.673,0.23013433679999998,0.21486896425090385,0.2167834923581956,0.015265372549096129,0.0014633137416978342
1748.155,0.2303893478,0.21491208115375166,0.21682489962037,0.01547726664624835,0.001461057299748569
1748.637,0.2301833609,0.21495854398440378,0.2168691898522594,0.015224816915596212,0.0014588059945417288
1749.119,0.23024846149999997,0.2150083472488149,0.2169163588895664,0.015240114251185072,0.0014565598112945488
1749.601,0.2303612857,0.21506148519822293,0.21696640242166096,0.015299800501777067,0.0014543187352752
1750.083,0.23034045549999999,0.21511795183016047,0.21701931599199453,0.015222503669839516,0.001452082751802624
1750.566,0.2305284021,0.2151778683823724,0.21707521369794314,0.015350533717627596,0.0014498472230798807
1751.048,0.2306242267,0.21524098023496835,0.2171338593235479,0.015383246465031641,0.0014476213913493334
1751.53,0.230923965,0.21530740123679631,0.21719536073617302,0.015616563763203695,0.0014454006083947043
1752.012,0.2311114611,0.21537712438083373,0.21725971289956758,0.01573433671916627,0.0014431848597360021
1752.494,0.23130766049999998,0.21545014241191213,0.21732691063373127,0.015857518088087857,0.0014409741309429887
1752.976,0.2313494451,0.21552644782792804,0.21739694861536862,0.015822997272071954,0.0014387684076349377
1753.458,0.23153413069999998,0.21560603288108388,0.21746982137834847,0.015928097818916104,0.0014365676754804812
1753.94,0.2316586613,0.2156888895791617,0.2175455233141701,0.0159697717208383,0.001434371920197431
1754.423,0.2318902129,0.21577519174571638,0.21762421451899328,0.01611502115428362,0.0014321765874883358
1754.905,0.232116651,0.21586457352985639,0.21770556324716916,0.016252077470143622,0.0014299907535488346
1755.387,0.2323811084,0.21595720151061817,0.21778972346057063,0.016423906889381834,0.0014278098538977602
1755.869,0.2326152792,0.21605306673097013,0.21787668898572352,0.016562212469029863,0.001425633874447649
1756.351,0.2329748366,0.21615215999629692,0.21796645350921473,0.016822676603703096,0.001423462801159226
1756.833,0.2331180869,0.21625447187585584,0.21805901057819632,0.016863615024144157,0.0014212966200411962
1757.315,0.2332146552,0.21635999270426207,0.21815435360089633,0.016854662495737943,0.0014191353171500761
1757.797,0.2337782239,0.21646871258300515,0.21825247584713714,0.017309511316994847,0.001416978878589978
1758.28,0.23382129769999999,0.2165808568656466,0.2183535826507753,0.017240440834353388,0.0014148228316692494
1758.762,0.23373636609999998,0.2166959508083634,0.21845724833242458,0.01704041529163658,0.0014126760902933543
1759.244,0.2341029944,0.21681421270049278,0.21856367220694714,0.017288781699507205,0.00141053417181613
1759.726,0.23426480900000002,0.2169356317262594,0.21867284699555287,0.017329177273740615,0.0014083970625303455
1760.208,0.2345894026,0.21706019684475603,0.21878476528372354,0.01752920575524397,0.001406264748775466
1760.69,0.2348602491,0.2171878967916246,0.21889941952176892,0.01767235230837541,0.0014041372169374198
1761.172,0.2350847933,0.21731872008075995,0.21901680202538448,0.017766073219240064,0.001402014453448449
1761.654,0.2351914473,0.21745265500604027,0.21913690497621796,0.01773879229395972,0.0013998964447869387
1762.136,0.2355284212,0.21758968964308367,0.21925972042244096,0.017938731556916332,0.0013977831774771893
1762.619,0.2356123,0.2177301057619872,0.2193855034995153,0.017882194238012794,0.0013956702684315943
1763.101,0.235825015,0.21787330955241535,0.21951372513515033,0.017951705447584648,0.0013935664533484729
1763.583,0.2361895539,0.21801957596352164,0.21964463459817843,0.018169977936478343,0.0013914673394362647
1764.065,0.23631966550000003,0.21816889221548572,0.2197782234084277,0.01815077328451431,0.0013893729134013249
1764.547,0.2365986989,0.21832124531936742,0.21991448295519633,0.01827745358063257,0.0013872831619950808
1765.029,0.23698496389999998,0.21847662207900376,0.2200534044978589,0.018508341820996227,0.0013851980720137919
1765.511,0.2370508908,0.21863500909292652,0.22019497916647884,0.018415881707073478,0.0013831176302984325
1765.993,0.23732809870000002,0.21879639275630108,0.2203391979624241,0.018531705943698934,0.0013810418237344864
1766.476,0.2376815699,0.21896110336321195,0.22048635916759582,0.01872046653678805,0.0013789663469841145
1766.958,0.23805945250000002,0.21912844485206473,0.22063584414854162,0.01893100764793529,0.0013768997811054592
1767.44,0.2382324314,0.21929874094570537,0.2207879454754178,0.018933690454294633,0.0013748378112731045
1767.922,0.2384658267,0.21947197724523687,0.22094265364084037,0.018993849454763123,0.0013727804245489365
1768.404,0.23890040729999998,0.21964813915840004,0.2210999590119016,0.019252268141599943,0.0013707276080385164
1768.886,0.2389988722,0.21982721190163307,0.22125985183082233,0.01917166029836692,0.001368679348890828
1769.368,0.2395797517,0.22000918050214321,0.22142232221560493,0.019570571197856795,0.0013666356342982027
1769.85,0.2400126855,0.22019402980000263,0.22158736016069608,0.019818655699997356,0.0013645964514961049
1770.333,0.2400681988,0.22038213686752167,0.22175530589725478,0.01968606193247832,0.0013625575711576575
1770.814,0.2405107189,0.22057230892504814,0.22192509809581026,0.01993840997495186,0.0013605316304199807
1771.297,0.2410491871,0.22076611169271612,0.2220981383486596,0.020283075407283885,0.0013585017688719904
1771.779,0.2414876877,0.22096233434244852,0.22227334926207365,0.020525353357551485,0.001356480595727367
1772.261,0.24181621620000002,0.22116135912373336,0.22245107585603396,0.02065485707626666,0.0013544638911657538
1772.743,0.2420845886,0.22136316979832416,0.22263130739757103,0.020721418801675856,0.0013524516426779926
1773.225,0.2423735567,0.22156774995593612,0.22281403303492997,0.020805806744063876,0.0013504438377969093
1773.707,0.24294177139999998,0.22177508301646173,0.22299924179827352,0.021166688383538246,0.0013484404640971412
1774.189,0.2429854467,0.221985152232197,0.2231869226003879,0.021000294467802993,0.0013464415091949695
1774.671,0.2436095885,0.22219794069008172,0.22337706423739528,0.021411647809918277,0.001344446960748166
1775.154,0.2436520508,0.22241388118689534,0.22357005749452435,0.02123816961310465,0.0013424526820641893
1775.636,0.24410068259999998,0.22263206229210203,0.22376509177290202,0.02146862030789795,0.001340466918744888
1776.118,0.2442706145,0.22285291089445158,0.2239625525576567,0.021417703605548427,0.0013384855250762285
1776.6,0.24460229949999998,0.2230764094417586,0.22416242818522747,0.021525890058241376,0.0013365084888803877
1777.082,0.24510506840000001,0.22330254022785118,0.22436470687901877,0.02180252817214884,0.001334535798020237
1777.564,0.2453056996,0.2235312853948732,0.2245693767501406,0.021774414205126796,0.0013325674403991629
1778.046,0.2455578676,0.2237626269355972,0.22477642579815343,0.021795240664402804,0.0013306034039609236
1778.528,0.2458356014,0.22399654669574515,0.22498584191181736,0.021839054704254846,0.0013286436766894894
1779.01,0.2463724306,0.22423302637631465,0.2251976128698438,0.02213940422368535,0.001326688246608896
1779.493,0.2465946134,0.22447254605943162,0.22541217298690172,0.022122067340568374,0.0013247330582110046
1779.975,0.2470464345,0.22471409533144915,0.2256286213545696,0.022332339168550847,0.0013227861955971707
1780.457,0.2474476894,0.22495814874295772,0.22584738722391146,0.022489540657042284,0.0013208435944605016
1780.939,0.24790514470000002,0.22520468743920757,0.2260684579408519,0.02270045726079245,0.0013189052429837843
1781.421,0.2484542032,0.22545369243247226,0.22629182074510273,0.023000510767527738,0.0013169711293891143
1781.903,0.2486568931,0.22570514460441374,0.22651746277094253,0.02295174849558626,0.0013150412419377078
1782.385,0.2490252584,0.22595902470845258,0.22674537104800158,0.023066233691547422,0.0013131155689297725
1782.867,0.24950057080000002,0.22621531337213946,0.22697553250204755,0.023285257427860556,0.001311194098704351
1783.35,0.2498727544,0.22647453024515213,0.22720841843574915,0.02339822415484788,0.0013092728462304284
1783.832,0.25023586649999996,0.2267355823145899,0.22744305121546915,0.02350028418541006,0.001307359755401058
1784.314,0.2506799701,0.2269989840538295,0.2276798973063855,0.02368098604617047,0.001305450832578944
1784.796,0.2508693413,0.22726471561050182,0.22791894322657275,0.02360462568949817,0.0013035460662570476
1785.278,0.2515231877,0.22753275701828235,0.22816017539424616,0.023990430681717634,0.001301645444966437
1785.76,0.251823682,0.22780308819927647,0.2284035801285718,0.024020593800723522,0.001299748957276139
1786.242,0.25232853980000003,0.22807568896640926,0.2286491436504849,0.024252850833590772,0.0012978565917929528
1786.724,0.2526603629,0.2283505390258099,0.22889685208350605,0.02430982387419009,0.0012959683371613637
1787.207,0.25309704920000003,0.22862819513452556,0.22914721199887098,0.02446885406547447,0.0012940802772815083
1787.689,0.253502032,0.22890748704196026,0.22939917261629583,0.024594544958039727,0.0012922002189065744
1788.171,0.2538249262,0.2291889667003138,0.22965323590968273,0.024635959499686222,0.0012903242375178628
1788.653,0.25417640599999997,0.2294726134122016,0.22990938762097643,0.024703792587798368,0.001288452321909096
1789.135,0.2546992496,0.2297584063853718,0.23016761339886166,0.024940843214628222,0.0012865844609109547
1789.617,0.2550064799,0.23004632473508613,0.23042789879960618,0.0249601551649139,0.001284720643390917
1790.099,0.2555027193,0.23033634748649512,0.23069022928790495,0.025166371813504895,0.0012828608582531092
1790.581,0.2560086942,0.23062845357701056,0.2309545902377288,0.025380240622989436,0.0012810050944381676
1791.063,0.2563951222,0.23092262185867346,0.23122096693317445,0.02547250034132653,0.0012791533409231269
1791.546,0.2569520672,0.23121944774931474,0.23148990343904963,0.02573261945068528,0.0012773017573559824
1792.028,0.2574560065,0.2315176808076651,0.23176027122770207,0.025938325692334896,0.0012754579997798976
1792.51,0.2581491633,0.23181791208022665,0.23203261005242223,0.02633125121977334,0.001273618219629055
1792.992,0.2586368738,0.2321201201009998,0.23230690484621713,0.026516753699000195,0.001271782406024689
1793.474,0.2591712939,0.2324242833303888,0.2325831404565274,0.02674701056961118,0.001269950548123712
1793.956,0.25967636439999997,0.23273038015754122,0.23286130164609983,0.026945984242458754,0.0012681226351185988
1794.438,0.25999622380000004,0.23303838890267908,0.23314137309386257,0.026957834897320954,0.001266298656237227
1794.92,0.26046045679999996,0.2333482878194183,0.23342333939579807,0.027112168980581663,0.0012644786007427727
1795.403,0.2608034158,0.2336607038441589,0.23370777590006955,0.027142711955841087,0.0012626586940622227
1795.885,0.2613348276,0.23397432141821978,0.23399348922149776,0.02736050618178021,0.0012608464613559735
1796.367,0.26172855380000004,0.23428976350266795,0.23428105066365418,0.027438790297332094,0.0012590381200144828
1796.849,0.2621591695,0.23460700810766846,0.23457044449941117,0.027552161392331548,0.0012572336594407721
1797.331,0.2624596817,0.23492603318828506,0.23486165492312777,0.027533648511714942,0.001255433069072518
1797.813,0.2627049589,0.23524681664675368,0.23515466605154192,0.02745814225324633,0.001253636338381835
1798.295,0.2633420105,0.23556933633474697,0.23544946192466887,0.02777267416525303,0.0012518434568752287
1798.777,0.2638038537,0.23589357005562728,0.23574602650669937,0.027910283644372702,0.001250054414093417
1799.26,0.2642833644,0.23622017350385363,0.23604496441281836,0.028063190896146367,0.001248265499819008
1799.741,0.2646156208,0.23654709058139986,0.23634439728052709,0.028068530218600146,0.0012464878030373856
1800.224,0.265280364,0.2368770175434133,0.23664679889310958,0.02840334645658668,0.0012447065300213013
1800.706,0.2657112982,0.23720788788926264,0.2369502799856767,0.02850341031073736,0.0012429327460931733
1801.188,0.2660777389,0.23754036059179295,0.23725544846828822,0.028537378308207073,0.0012411627490809636
1801.67,0.26660617389999997,0.23787441321117037,0.23756228786906758,0.0287317606888296,0.0012393965287281206
1802.152,0.267388954,0.238210023274731,0.23787078164668335,0.029178930725269003,0.001237634074811389
1802.634,0.2676985897,0.2385471682791385,0.23818091319126147,0.029151421420861495,0.001235875377140758
1803.116,0.2682801244,0.23888582569254013,0.23849266582531203,0.029394298707459854,0.0012341204255592478
1803.598,0.2686154054,0.23922597295669815,0.238806022804646,0.02938943244330186,0.0012323692099428785
1804.081,0.2689900019,0.2395682977425055,0.23912162236970425,0.02942170415749451,0.0012306180985691226
1804.563,0.2696344683,0.23991135991226567,0.23943814078593384,0.029723108387734315,0.001228874332340922
1805.045,0.2697960103,0.2402558440739997,0.2397562128887623,0.02954016622600031,0.0012271342718815437
1805.527,0.27023463799999997,0.24060172758501447,0.24007582167635858,0.029632910414985503,0.0012253979071976554
1806.009,0.2708489212,0.2409489877867249,0.240396950084845,0.02989993341327507,0.0012236652283282093
1806.491,0.2712117588,0.2412976020067027,0.24071958098922702,0.029914156793297286,0.0012219362253444112
1806.973,0.2717066407,0.24164754756072301,0.24104369720433655,0.030059093139276988,0.0012202108883495487
1807.455,0.272184231,0.24199880175478253,0.241369281485764,0.03018542924521747,0.0012184892074788805
1807.938,0.2726470845,0.2423520746191516,0.2416969965227769,0.030295009880848434,0.001216767612295932
1808.42,0.2731026522,0.24270588057941178,0.24202546792714294,0.030396771620588237,0.0012150532217411632
1808.902,0.273484655,0.24306092701194126,0.24235535528238694,0.030423727988058757,0.0012133424578867837
1809.384,0.2740612537,0.24341719120356814,0.24268664111644905,0.030644062496431868,0.001211635310994836
1809.866,0.2745993055,0.24377465044123994,0.24301930790275045,0.03082465505876006,0.001209931771358721
1810.348,0.2751223639,0.24413328201395162,0.2433533380611409,0.030989081886048375,0.0012082318293031153
1810.83,0.275660804,0.2444930632146597,0.24368871395884778,0.031167740785340292,0.0012065354751838325
1811.312,0.2761992214,0.2448539713421794,0.24402541791142718,0.03134525005782057,0.0012048426993877183
1811.794,0.2767486624,0.24521598370306635,0.24436343218371773,0.03153267869693366,0.0012031534923325265
1812.277,0.2771376625,0.245579832028882,0.244703444278045,0.03155783047111799,0.0012014643509652213
1812.759,0.2774801592,0.2459439869897045,0.24504402841220052,0.03153617221029553,0.001199782260122803
1813.241,0.2781163506,0.24630917812154568,0.24538586932866127,0.031807172478454326,0.0011981037094392394
1813.723,0.278564131,0.24667538278041273,0.2457289490988417,0.03188874821958726,0.0011964286894548552
1814.205,0.2789595197,0.24704257833919974,0.2460732497482192,0.031916941360800255,0.0011947571907403088
1814.687,0.2793449189,0.2474107421894648,0.246418753257293,0.03193417671053522,0.0011930892038964844
1815.169,0.2797813991,0.24777985174318917,0.24676544156254626,0.03200154735681082,0.0011914247195543776
1815.651,0.2804559906,0.24814988443451544,0.24711329655740377,0.032306106165484544,0.0011897637283750043
1816.134,0.2806860701,0.24852158821315068,0.2474630253482183,0.03216448188684934,0.0011881027858523746
1816.616,0.2813624364,0.24889340137771515,0.2478131615613436,0.032469035022284876,0.0011864487602999331
1817.098,0.28175967490000003,0.2492660700857991,0.2481644098577805,0.03249360481420094,0.0011847982000529767
1817.58,0.2823045995,0.24963957187730523,0.24851675196828205,0.03266502762269474,0.0011831510958914327
1818.062,0.2825732223,0.2500138843227311,0.2488701695853644,0.0325593379772689,0.0011815074386247399
1818.544,0.2832500357,0.25038898502480383,0.24922464436427666,0.03286105067519618,0.0011798672190916275
1819.026,0.2836344929,0.2507648516200893,0.24958015792396565,0.032869641279910655,0.0011782304281600904
1819.508,0.28421599319999996,0.2511414617805874,0.24993669184804354,0.03307453141941258,0.0011765970567272008
1819.99,0.28461981399999997,0.25151879321530335,0.250294227685754,0.03310102078469662,0.0011749670957191065
1820.473,0.2853790093,0.2518976086785756,0.25065349177828306,0.033481400621424406,0.0011733371650152293
1820.955,0.2856946527,0.2522763173256455,0.25101297794099164,0.03341833537435451,0.001171714004779299
1821.437,0.2860676031,0.25265568056550713,0.2513734104300366,0.03341192253449288,0.001170094227900887
1821.919,0.286658654,0.25303567627065465,0.2517347706668194,0.03362297772934536,0.0011684778254211511
1822.401,0.2870165929,0.2534162823581807,0.2520970400432206,0.03360031054181928,0.001166864788409735
1822.883,0.287693007,0.25379747679123776,0.25246019992257246,0.03389553020876224,0.0011652551079646561
1823.365,0.2881697507,0.254179237580477,0.25282423164062584,0.033990513119523,0.0011636487752122097
1823.847,0.28876140299999997,0.25456154278547394,0.25318911650652415,0.034199860214526034,0.0011620457813068445
1824.33,0.2891313844,0.25494516529253664,0.25355559541189127,0.03418621910746339,0.0011604428020818224
1824.812,0.2896240815,0.25532849472656216,0.25392213207212805,0.03429558677343786,0.001158846466327559
1825.294,0.2902231025,0.25571230301739184,0.254289465618731,0.03451079948260816,0.0011572534430335714
1825.776,0.2907828554,0.25609656843423867,0.254657577264065,0.034686286965761315,0.0011556637234660014
1826.258,0.2915509778,0.25648126930206183,0.2550264481987396,0.03506970849793817,0.0011540772989186345
1826.74,0.2917160475,0.25686638400287104,0.25539605959257866,0.03484966349712898,0.0011524941607128343
1827.222,0.2923239786,0.25725189097701673,0.25576639259559286,0.03507208762298325,0.0011509143001973978
1827.704,0.2927054868,0.25763776872445543,0.25613742833894754,0.035067718075544596,0.0011493377087484697
1828.187,0.29324220360000003,0.2580247974552894,0.256509919836169,0.03521740614471064,0.0011477611169805704
1828.668,0.2935289244,0.2584105508445445,0.2568815324829342,0.035118373555455495,0.0011461942986908304
1829.151,0.2943588814,0.2587982154478806,0.2572553376411725,0.035560665952119375,0.0011446242156392936
1829.633,0.29486437179999997,0.25918536309354523,0.2576289965959172,0.03567900870645474,0.0011430606214637407
1830.115,0.2953638448,0.2595727749055272,0.25800326365875764,0.03579106989447278,0.0011415002536245514
1830.597,0.2958681318,0.25996042976710726,0.2583781198681151,0.03590770203289273,0.001139943103659921
1831.079,0.2963257488,0.2603483066295086,0.2587535462503463,0.035977442170491425,0.0011383891631346922
1831.561,0.2967948225,0.2607363845130132,0.2591295238207112,0.036058437986986824,0.0011368384236402757
1832.043,0.2972412792,0.2611246425080556,0.25950603358433794,0.03611663669194437,0.0011352908767945221
1832.525,0.2977814101,0.26151305977629996,0.2598830565371892,0.036268350323700016,0.001133746514241658
1833.008,0.2979036657,0.2619024218136195,0.2602613573980872,0.036001243886380485,0.0011322021334652583
1833.49,0.29839637069999997,0.2622910956264095,0.2606393506514583,0.03610527507359046,0.0011306641210990912
1833.972,0.2989823865,0.26267986659254294,0.26101779999710417,0.03630251990745703,0.0011291292680985503
1834.454,0.2992721861,0.2630687141691379,0.26139668640394764,0.0362034719308621,0.0011275975662123957
1834.936,0.29976404349999997,0.2634576178896415,0.26177599083656167,0.03630642561035846,0.001126069007215265
1835.418,0.3002640797,0.2638465573647911,0.2621556942561287,0.036417522335208896,0.0011245435829075909
1835.9,0.3008189028,0.26423551228355857,0.2625357776213983,0.03658339051644144,0.001123021285115528
1836.382,0.3011840378,0.2646244624140791,0.2629162218896479,0.03655957538592092,0.0011215021056908015
1836.865,0.3018956211,0.26501419446343033,0.26329779837250444,0.03688142663656968,0.0011199828943663649
1837.347,0.3023355405,0.2654030745288387,0.26367890796738763,0.03693246597116129,0.0011184699337610468
1837.829,0.3026084869,0.2657918895529751,0.26406032129830287,0.03681659734702486,0.001116960067214217
1838.311,0.3032636217,0.26618061962968953,0.26444201932619893,0.037083002070310456,0.0011154532866791517
1838.793,0.3038369633,0.2665692449363495,0.2648239830153231,0.037267718363650504,0.0011139495841342652
1839.275,0.3042545105,0.2669577457346618,0.2652061933341777,0.03729676476533822,0.0011124489515830047
1839.757,0.3047542607,0.2673461023714673,0.2655886312564647,0.037408158328532726,0.0011109513810537831
1840.239,0.3051030093,0.26773429527952575,0.265971277762037,0.03736871402047426,0.0011094568645998797
1840.721,0.3055167077,0.2681223049782776,0.26635411383784346,0.0373944027217224,0.0011079653942993551
1841.204,0.306014336,0.2685109164296166,0.26673791526258384,0.03750341957038339,0.0011064738773744482
1841.686,0.3062938433,0.26889850113812114,0.26712107376753447,0.03739534216187884,0.0011049884819924348
1842.168,0.3068845039,0.26928584468332856,0.26750436481620843,0.03759865921667144,0.001103506109129473
1842.65,0.3073629682,0.2696729279388794,0.2678877694333991,0.03769004026112055,0.001102026750961887
1843.132,0.3078067441,0.27005973186865584,0.2682712686557094,0.037747012231344135,0.0011005503996903108
1843.614,0.3085268002,0.27044623752743807,0.26865484353248476,0.038080562672561935,0.00109907704753966
1844.096,0.3089011335,0.2708324260615526,0.2690384751267537,0.03806870743844737,0.001097606686758979
1844.578,0.3091564896,0.2712182787094955,0.26942214451615704,0.037938210890504476,0.0010961393096213829
1845.061,0.3098721732,0.2716045762096575,0.2698066288341803,0.03826759699034249,0.001094671873335362
1845.543,0.31022840949999997,0.27198970037908804,0.2701903170902604,0.03823870912091193,0.001093210446549391
1846.025,0.3108959853,0.27237443289863106,0.2705739864322536,0.03852155240136895,0.001091751980353555
1846.507,0.3113435894,0.2727587553815969,0.2709576180055936,0.038584834018403125,0.001090296467116424
1846.989,0.3117152915,0.2731426495363538,0.27134119297496906,0.03857264196364618,0.0010888438992302193
1847.471,0.3122511197,0.2735260971668563,0.2717246925252449,0.03872502253314375,0.0010873942691107111
1847.953,0.31242887140000003,0.2739090801731594,0.27210809786238366,0.03851979122684063,0.0010859475691971322
1848.435,0.3131972025,0.27429158055191527,0.272491390214362,0.03890562194808472,0.0010845037919521023
1848.917,0.3134877346,0.2746735803968544,0.27287455083208545,0.0388141542031456,0.0010830629298615372
1849.4,0.3138907984,0.27505585280353284,0.27325835544780747,0.03883494559646716,0.0010816219951439651
1849.882,0.31416428799999996,0.27543679712217645,0.2736411960756461,0.03872749087782351,0.001080186946922129
1850.364,0.3148341805,0.2758171877388176,0.27402384882992903,0.03901699276118242,0.001078754791436064
1850.846,0.3149870676,0.2761970071402212,0.27440629506244824,0.038790060459778786,0.0010773255212640906
1851.328,0.3155646749,0.27657623791240993,0.274788516152468,0.03898843698759008,0.0010758991290074217
1851.81,0.315897223,0.2769548627410606,0.2751704935076311,0.03894236025893938,0.0010744756072900799
1852.292,0.31631492990000004,0.277332864411877,0.2755522085648542,0.03898206548812305,0.0010730549487587926
1852.774,0.316686612,0.2777102258109553,0.27593364279122734,0.0389763861890447,0.001071637146082948
1853.257,0.3171441095,0.2780877107739428,0.2763155680972274,0.039056398726057207,0.0010702192593209773
1853.739,0.317548292,0.27846373927486856,0.27669638450980844,0.03908455272513145,0.0010688071523414556
1854.221,0.31809832180000003,0.27883907673333597,0.27707686464455406,0.03925924506666406,0.0010673978793454685
1854.703,0.3185975185,0.27921370644056165,0.2774569900982291,0.03938381205943836,0.0010659914330921907
1855.185,0.3189551942,0.27958761178975633,0.2778367425022157,0.039367582410243684,0.0010645878063630335
1855.667,0.31948523640000004,0.2799607762764057,0.27821610352339676,0.03952446012359434,0.0010631869919615615
1856.149,0.3200389081,0.28033318349853575,0.2785950548650323,0.039705724601464265,0.0010617889827134069
1856.631,0.3201190846,0.28070481715696494,0.278973578267634,0.039414267443035056,0.0010603937714662257
1857.114,0.3209452977,0.28107642960909185,0.2793524394260549,0.03986886809090817,0.0010589984651467902
1857.595,0.3211651685,0.28144569910138695,0.2797292684092779,0.03971946939861304,0.0010576117144748627
1858.078,0.3213966772,0.2818156804484607,0.2801071807375836,0.039580996751539255,0.0010562219801139286
1858.56,0.3219602883,0.28218405716980066,0.28048380950734453,0.03977623113019935,0.0010548378955230534
1859.042,0.3224584785,0.28255158034874983,0.28085991959242723,0.03990689815125015,0.001053456573484035
1859.524,0.32260871459999996,0.2829182343076977,0.2812354929751658,0.039690480292302266,0.0010520780069749201
1860.006,0.3232810712,0.2832840034732427,0.2816105116811934,0.03999706772675732,0.0010507021889952174
1860.488,0.32354402919999997,0.2836488723763473,0.28198495778029425,0.03989515682365269,0.0010493291125658148
1860.97,0.3239556413,0.2840128256524768,0.28235881338725094,0.03994281564752317,0.001047958770728906
1861.452,0.3245103075,0.2843758480417322,0.2827320606626901,0.04013445945826777,0.001046591156547915
1861.935,0.3248955771,0.2847386745908418,0.28310545422367867,0.04015690250915821,0.0010452234342017042
1862.417,0.3252588145,0.28509978783623097,0.2834774301513012,0.040159026663769026,0.0010438612602305815
1862.899,0.3256624452,0.28545992501308726,0.28384874447608505,0.04020252018691273,0.0010425017932180424
1863.381,0.3260641028,0.285819071281343,0.28421937955052123,0.04024503151865699,0.0010411450263116996
1863.863,0.3264030072,0.2861772119060457,0.2845893177771197,0.04022579529395426,0.0010397909526800538
1864.345,0.326830715,0.2865343322574263,0.2849585416092394,0.04029638274257369,0.0010384395655123769
1864.827,0.326910139,0.28689041781094937,0.2853270335519074,0.04001972118905062,0.0010370908580186518
1865.309,0.3276629834,0.2872454541473579,0.2856947761626374,0.04041752925264208,0.0010357448234294755
1865.792,0.3280271477,0.28760016022070745,0.2860625126039721,0.040426987479292575,0.0010343986706913965
1866.274,0.3284558467,0.2879530530357113,0.2864287027927289,0.040502793664288717,0.0010330579671958778
1866.756,0.3288704905,0.2883048539786281,0.286794091609345,0.040565636521371906,0.001031719916405956
1867.238,0.3295477402,0.2886555490517635,0.2871586618295091,0.0408921911482365,0.0010303845116340995
1867.72,0.3299137489,0.28900512436276904,0.2875223962854358,0.040908624537230986,0.0010290517462130542
1868.202,0.3303865726,0.28935356612462626,0.2878852778666636,0.04103300647537372,0.0010277216134957751
1868.684,0.3310120352,0.2897008606556223,0.28824728952084516,0.041311174544377716,0.0010263941068553346
1869.166,0.3313527321,0.2900469943793177,0.2886084142545396,0.0413057377206823,0.0010250692196848708
1869.648,0.33178583899999997,0.2903919538245029,0.28896863513399584,0.04139388517549708,0.0010237469453975119
1870.131,0.332281076,0.2907364376008825,0.2893286797531696,0.041544638399117484,0.001022424542230648
1870.613,0.3322999225,0.29107900599086023,0.2896870404030268,0.04122091650913978,0.001021107479415404
1871.095,0.33277989269999997,0.29142036029234386,0.29004444672864615,0.04135953240765611,0.0010197930098283597
1871.577,0.3332413004,0.29176048745466887,0.2904008820429471,0.041480812945331125,0.0010184811269619402
1872.059,0.33335443169999995,0.2920993745320617,0.2907563297224093,0.04125505716793826,0.0010171718243282065
1872.541,0.3338736538,0.2924370086835477,0.2911107732078365,0.041436645116452286,0.0010158650954588016
1873.023,0.33410723169999995,0.29277337717285146,0.2914641960051132,0.041333854527148495,0.0010145609339048548
1873.505,0.3341891991,0.2931084673682889,0.29181658168595837,0.04108073173171112,0.0010132593332369544
1873.988,0.3345210422,0.2934429579220346,0.29216864168726014,0.04107808427796539,0.0010119575945793779
1874.47,0.33500560290000003,0.2937754513358029,0.2925189018811518,0.041230151564197126,0.0010106611017525245
1874.952,0.33527134529999997,0.2941066291615644,0.2928680760426676,0.041164716138435586,0.0010093671506261497
1875.434,0.33559276930000004,0.29443647918499155,0.2932161480144678,0.04115629011500849,0.00100807573484794
1875.916,0.33600062270000003,0.2947649892957015,0.29356310170875877,0.04123563340429853,0.001006786848084654
1876.398,0.3362317497,0.29509214748710455,0.2939089211080211,0.041139602212895476,0.001005500484022091
1876.88,0.3367619937,0.2954179418562456,0.29425359026573206,0.04134405184375439,0.0010042166363650239
1877.362,0.3370972241,0.2957423606036443,0.29459709330709016,0.0413548634963557,0.0010029352988370906
1877.844,0.33756388909999996,0.29606539203312154,0.2949394144297271,0.041498497066878415,0.0010016564651807985
1878.327,0.3378834706,0.2963876903768582,0.29528124437365133,0.04149578022314182,0.0010003774837493
1878.809,0.3380812906,0.2967079095562701,0.29562115201159367,0.041373381043729895,0.0009991036443011893
1879.291,0.3385218501,0.29702670692373717,0.29595983073317556,0.04149514317626285,0.000997832290051661
1879.773,0.3388028481,0.2973440711946878,0.2962972650330026,0.04145877690531219,0.0009965634148179085
1880.255,0.3390520567,0.2976599911869153,0.29663343948163334,0.04139206551308472,0.0009952970124356335
1880.737,0.3395623307,0.29797445582037096,0.29696833872626593,0.04158787487962906,0.0009940330767589862
1881.219,0.3398816958,0.2982874541169576,0.2973019474914277,0.04159424168304238,0.0009927716016604757
1881.701,0.3401048557,0.2985989752003131,0.29763425057965265,0.0415058804996869,0.000991512581030932
1882.184,0.3405234748,0.2989096499635972,0.29796591817400264,0.0416138248364028,0.0009902534043239387
1882.666,0.3406181011,0.2992181812769529,0.2982955618443416,0.04139991982304714,0.0009889992794384853
1883.148,0.3411331145,0.2995252033343419,0.2986238546891765,0.041607911165658096,0.0009877475907911902
1883.63,0.3413494456,0.2998307056643002,0.2989507818299552,0.04151873993569982,0.000986498332345531
1884.112,0.3417156643,0.3001346778959486,0.29927632846946733,0.04158098640405139,0.0009852514980829917
1884.594,0.3421095352,0.3004371097587513,0.29960047989249977,0.04167242544124866,0.0009840070820029806
1885.076,0.34225931930000003,0.3007379910822663,0.2999232214664824,0.041521328217733744,0.0009827650781227906
1885.558,0.34258633260000004,0.30103731179589505,0.3002445386421335,0.041549020804105,0.0009815254804775104
1886.041,0.34296517010000005,0.3013356780280124,0.3005650790963622,0.04162949207198763,0.000980285718811461
1886.522,0.3432359273,0.3016312316087758,0.30088284202157545,0.041604695691224214,0.0009790534801207434
1887.005,0.34344384759999996,0.30192642056465707,0.3012004556018184,0.04151742703534289,0.0009778185111699704
1887.487,0.3437954902,0.30221939679129983,0.3015159282904375,0.041576093408700165,0.0009765884841062694
1887.969,0.3441643498,0.30251076352385786,0.3018299050765957,0.04165358627614213,0.0009753608337057797
1888.451,0.34452803359999995,0.30280051128549024,0.3021423719241578,0.04172752231450971,0.0009741355541092088
1888.933,0.34472242729999997,0.30308863069733144,0.30245331488464566,0.04163379660266853,0.0009729126394746377
1889.415,0.3449540994,0.30337511247820986,0.30276272009784255,0.04157898692179013,0.0009716920839774817
1889.897,0.345325045,0.3036599474443651,0.3030705737923925,0.04166509755563491,0.0009704738818104121
1890.379,0.34546907179999997,0.3039431265091612,0.3033768622863955,0.04152594529083875,0.0009692580271833027
1890.862,0.34591943659999996,0.30422522300026567,0.3036822025152688,0.0416942135997343,0.0009680419990919143
1891.344,0.3463907123,0.30450505990772747,0.30398531660575534,0.04188565239227254,0.0009668308270834122
1891.826,0.34652455080000005,0.3047832142156158,0.30428682496486936,0.041741336584384225,0.0009656219853352558
1892.308,0.3467177822,0.3050596772230748,0.3045867142745671,0.04165810497692518,0.0009644154681255794
1892.79,0.3470116325,0.30533444032490253,0.3048849713091587,0.041677192175097466,0.0009632112697494279
1893.272,0.34746672359999997,0.30560749501124784,0.3051815829358714,0.04185922858875213,0.0009620093845187063
1893.754,0.3475043876,0.305878832867308,0.3054765361154089,0.04162555473269203,0.0009608098067621005
1894.236,0.34785526699999997,0.306148445573023,0.3057698179025049,0.04170682142697696,0.0009596125308250434
1894.719,0.34807848989999995,0.30641687886151614,0.3060620186609986,0.041661611038483815,0.0009584150742414987
1895.201,0.34820625780000003,0.3066830130623169,0.306351915672332,0.04152324473768315,0.0009572223897928502
1895.683,0.3486673073,0.3069473977013851,0.30664010299889877,0.04171990959861488,0.0009560319902882663
1896.165,0.34876726230000005,0.3072100248347326,0.3069265680771862,0.04155723746526746,0.0009548438701395793
1896.647,0.34898936589999996,0.30747088661155786,0.30721129844040274,0.0415184792884421,0.0009536580237750807
1897.129,0.3492603988,0.307729975273933,0.3074942817190018,0.041530423526067006,0.000952474445639448
1897.611,0.34949633290000004,0.3079872831564847,0.3077755056411969,0.041509049743515325,0.0009512931301936927
1898.093,0.3499249215,0.30824280268607696,0.3080549580334747,0.04168211881392303,0.0009501140719151166
1898.575,0.34967810470000005,0.3084965263814918,0.3083326268211002,0.04118157831850827,0.0009489372652972584
1899.058,0.35018514240000004,0.3087489676301668,0.30860907050491715,0.041436174769833245,0.0009477602703334872
1899.54,0.35050210190000003,0.308999073815853,0.3088831324944672,0.04150302808414702,0.0009465879552253274
1900.022,0.3506959113,0.3092473622571548,0.30915537522849285,0.04144854904284517,0.0009454178753439511
1900.504,0.3508557645,0.3094938258375052,0.3094257870325411,0.041361938662494824,0.0009442500252472841
1900.986,0.3511778728,0.30973845753064666,0.3096943563333904,0.04143941526935335,0.0009430843995091807
1901.468,0.3514040291,0.3099812504003054,0.309961071659523,0.04142277869969463,0.000941920992719407
1901.95,0.35159939100000004,0.31022219759986885,0.3102259216415952,0.041377193400131185,0.0009407597994835743
1902.432,0.3518556012,0.3104612923720604,0.31048889501289956,0.0413943088279396,0.0009396008144230766
1902.915,0.3521459529,0.3106990183017114,0.31075052031116046,0.041446934598288576,0.0009384416344979679
1903.397,0.352421674,0.310934384425574,0.3110097031227198,0.041487289574426045,0.0009372870542687085
1903.879,0.3525446036,0.311167878369623,0.31126697612113285,0.041376725230377,0.0009361346661621202
1904.361,0.3527650454,0.3113994937308561,0.31152232845497474,0.04136555166914385,0.0009349844648622366
1904.843,0.3530494616,0.311629224193979,0.3117757493776895,0.04142023740602102,0.0009338364450686272
1905.325,0.353295531,0.31185706353108167,0.3120272282480211,0.04143846746891833,0.0009326906014963453
1905.807,0.3533739935,0.31208300560131236,0.3122767545304365,0.041290987898687626,0.0009315469288758248
1906.289,0.3536947608,0.3123070443505525,0.31252431779554474,0.0413877164494475,0.0009304054219528985
1906.771,0.3536542351,0.31252917381109335,0.3127699077205101,0.04112506128890664,0.0009292660754886884
1907.254,0.35383826220000003,0.312749842982583,0.3130140174279331,0.041088419217417016,0.0009281265271784256
1907.736,0.3540617514,0.3129681323152415,0.31325562598569007,0.041093619084758504,0.0009269914904312679
1908.218,0.3542494181,0.31318449495953116,0.31349523085753683,0.041064923140468834,0.0009258585985068066
1908.7,0.3543736862,0.3133989252903189,0.31373282215109877,0.04097476090968111,0.0009247278462269539
1909.182,0.3545830041,0.3136114177672668,0.3139683900825395,0.04097158633273318,0.0009235992284286394
1909.664,0.3547708539,0.3138219669345087,0.31420192497693655,0.040948886965491316,0.0009224727399638265
1910.146,0.3550076221,0.31403056742033075,0.31443341726865626,0.04097705467966922,0.0009213483756994066
1910.628,0.3551151732,0.3142372139368522,0.3146628575017215,0.0408779592631478,0.0009202261305171954
1911.111,0.35519105879999996,0.31444232390212357,0.3148907059212325,0.04074873489787639,0.000919103677584131
1911.593,0.3554898606,0.31464504286957834,0.3151160098040282,0.040844817730421645,0.0009179856596411149
1912.075,0.3554280081,0.3148457924935446,0.3153392339029494,0.04058221560645542,0.0009168697455041291
1912.557,0.35587231410000003,0.315044567818474,0.315560369204437,0.04082774628152602,0.0009157559301141034
1913.039,0.3559459304,0.3152413639710687,0.31577940680634026,0.04070456642893128,0.0009146442084266393
1913.521,0.3560255476,0.31543617615997044,0.31599633791825077,0.040589371440029554,0.000913534575411938
1914.003,0.35621026790000004,0.31562899967545005,0.31621115386183,0.04058126822454999,0.0009124270260547454
1914.485,0.35639717120000003,0.31581982988909535,0.3164238460711303,0.04057734131090468,0.0009113215553543317
1914.968,0.3564998849,0.31600905194202666,0.3166348407172233,0.040490832957973344,0.0009102158712710578
1915.449,0.3568801802,0.31619549230198263,0.3168428255869511,0.04068468789801738,0.0009091168299930574
1915.932,0.35687819849999997,0.3163806970101898,0.3170495220346663,0.040497501489810184,0.0009080152869126977
1916.414,0.3571846051,0.3165635051713549,0.31725363142294866,0.0406210999286451,0.0009069180853865543
1916.896,0.35741979360000004,0.31674429808897997,0.3174555759274549,0.040675495511020066,0.0009058229377191212
1917.378,0.3576253988,0.3169230716163064,0.31765534766325004,0.0407023271836936,0.0009047298389957007
1917.86,0.3575438499,0.31709982168577,0.3178529388598794,0.04044402821422999,0.0009036387843157452
1918.342,0.35765819229999996,0.3172745443087003,0.31804834186164294,0.040383647991299676,0.0009025497687928434
1918.824,0.3578885495,0.3174472355750286,0.3182415491278642,0.04044131392497141,0.0009014627875546479
1919.306,0.3579296508,0.3176178916529937,0.31843255323315445,0.0403117591470063,0.0009003778357428388
1919.789,0.3582429281,0.3177868564948975,0.3186217362529209,0.040456071605102506,0.0008992926638772712
1920.271,0.3583098934,0.3179534267710672,0.31880830761425094,0.04035646662893283,0.0008982117605844742
1920.753,0.3583894452,0.31811795082315136,0.31899265421818745,0.04027149437684863,0.0008971328722167933
1921.235,0.35842638890000006,0.31828042512988963,0.3191747691032474,0.04014596377011043,0.0008960559939715837
1921.717,0.3586301898,0.31844084624689395,0.3193546454244619,0.04018934355310605,0.0008949811210599433
1922.199,0.3588526056,0.31859921080636755,0.3195322764536074,0.040253394793632435,0.0008939082487067709
1922.681,0.3588710091,0.3187555155168273,0.3197076555794246,0.040115493583172734,0.0008928373721506356
1923.163,0.3588136195,0.31890975716282677,0.319880776307836,0.039903862337173246,0.0008917684866437622
1923.646,0.3588821191,0.3190622461714159,0.3200519843765032,0.03981987292858413,0.000890699376029676
1924.128,0.3589494842,0.3192123480487156,0.3202205645795312,0.03973713615128438,0.000889634462538688
1924.61,0.359096156,0.31936037766258685,0.3203868675954643,0.03973577833741315,0.0008885715259253622
1925.092,0.35919589129999996,0.31950633209917034,0.32055088740123927,0.039689559200829616,0.00088751056149611
1925.574,0.3594322229,0.3196502085192976,0.3207126180919666,0.03978201438070239,0.0008864515645707796
1926.056,0.3593510741,0.31979200415822806,0.32087205388111045,0.03955906994177194,0.0008853945304825911
1926.538,0.3594087047,0.31993171632538997,0.3210291891006638,0.039476988374610056,0.0008843394545781167
1927.02,0.35954951469999996,0.32006934240412355,0.3211840182013178,0.039480172295876415,0.0008832863322172092
1927.502,0.3596777191,0.32020487985142687,0.3213365357526231,0.039472839248573144,0.0008822351587729757
1927.985,0.35990079999999997,0.32033860088197535,0.321487045650847,0.03956219911802461,0.0008811837548256834
1928.467,0.35959308030000003,0.3204699493849883,0.32163491946547645,0.03912313091501174,0.0008801364694064057
1928.949,0.36010173790000005,0.32059920206225845,0.3217804661437104,0.039502535837741604,0.0008790911190926779
1929.431,0.3600252058,0.320726356663072,0.32192368073229793,0.03929884913692805,0.0008780476993101949
1929.913,0.3600508446,0.32085141100913894,0.3220645583975742,0.03919943359086103,0.0008770062054976832
1930.395,0.36033802309999996,0.3209743629943552,0.3222030944255859,0.03936366010564474,0.0008759666331068527
1930.877,0.3604101293,0.3210952105845669,0.3223392842222145,0.03931491871543308,0.0008749289776023593
1931.359,0.3604841148,0.3212139518173357,0.3224731233132896,0.03927016298266428,0.0008738932344617679
1931.842,0.3605740487,0.3213308245860661,0.32260487768211255,0.03924322411393388,0.0008728572562690909
1932.324,0.36043776,0.32144534312278017,0.32273399752079035,0.038992416877219827,0.0008718253282845747
1932.806,0.3607191128,0.3215577498391985,0.3228607539437537,0.03916136296080153,0.0008707952991643239
1933.288,0.3607340785,0.3216680430576238,0.3229851429579128,0.03906603544237619,0.0008697671644371159
1933.77,0.3606587319,0.32177622117095217,0.3231071606906144,0.0388825107290478,0.0008687409196443982
1934.252,0.36068459179999995,0.3218822826424579,0.3232268033897222,0.03880230915754207,0.0008677165603402735
1934.734,0.3606755312,0.32198622600557913,0.32334406742368926,0.038689305194420875,0.000866694082091454
1935.216,0.3607124418,0.3220880498637094,0.3234589492816277,0.03862439193629058,0.0008656734804772159
1935.698,0.3609910101,0.32218775288998863,0.3235714455733686,0.03880325721001138,0.0008646547510893566
1936.181,0.3609850861,0.3222855340704365,0.3236817789828337,0.038699552029563544,0.0008636357817994285
1936.663,0.36120812890000004,0.3223809873240788,0.32378948948901665,0.03882714157592121,0.0008626207875511233
1937.145,0.3610903235,0.3224743161794973,0.3238948049771918,0.03861600732050269,0.0008616076523702501
1937.627,0.3610635834,0.3225655195869509,0.32399772254082215,0.0384980638130491,0.0008605963718983211
1938.109,0.3612698846,0.3226545965654545,0.32409823939431326,0.0386152880345455,0.0008595869417891448
1938.591,0.3612910945,0.32274154620258894,0.3241963528730371,0.038549548297411085,0.0008585793577088217
1939.073,0.3613686135,0.3228263676543145,0.3242920604333545,0.0385422458456855,0.0008575736153356994
1939.555,0.36131929030000004,0.32290906014478926,0.3243853596526299,0.03841023015521078,0.0008565697103602866
1940.038,0.3614607755,0.32298978789473015,0.32447643428736184,0.038470987605269846,0.0008555655614005195
1940.52,0.3615033427,0.3230682159867168,0.32456490503265467,0.038435126713283196,0.0008545653221305087
1941.002,0.36150072780000003,0.32314451319620147,0.32465096089092804,0.038356214603798566,0.0008535669073937354
1941.484,0.3616631271,0.3232186790184962,0.32473459992383924,0.03844444808150377,0.000852570312929145
1941.966,0.36174206150000005,0.3232907130162412,0.3248158203140347,0.03845134848375886,0.0008515755344876733
1942.448,0.36165965710000003,0.32336061481923617,0.3248946203651293,0.03829904228076386,0.0008505825678322233
1942.93,0.3615252744,0.32342838412428176,0.32497099850168026,0.03809689027571822,0.0008495914087376174
1943.412,0.3616931888,0.32349402069501915,0.3250449532691547,0.03819916810498086,0.0008486020529905453
1943.895,0.3615295313,0.3235576538948919,0.3251166292151839,0.0379718774051081,0.0008476124493842283
1944.376,0.36151878590000003,0.32361889502141017,0.32518558748306137,0.03789989087858986,0.0008466287347449639
1944.859,0.36154678830000003,0.3236782533195022,0.3252524004353664,0.03786853498049786,0.0008456427243041921
1945.341,0.3614864966,0.323735353495598,0.3253166445597365,0.037751143104401974,0.0008446605437528247
1945.823,0.3612670795,0.32379032075313996,0.32537845985285013,0.03747675874686002,0.000843680145650727
1946.305,0.3614798221,0.32384315525379426,0.32543784558488664,0.03763666684620576,0.0008427015258550751
1946.787,0.3613476242,0.3238938572250452,0.32549480114654894,0.03745376697495478,0.0008417246802346791
1947.269,0.3614671131,0.3239424269600596,0.3255493260489839,0.03752468613994042,0.0008407496046699152
1947.751,0.36153421469999997,0.32398886481755756,0.3256014199236993,0.0375453498824424,0.000839776295052683
1948.233,0.3614299062,0.32403317122168374,0.32565108252247377,0.03739673497831625,0.000838804747286395
1948.716,0.36137079710000003,0.3240754319480401,0.32569840917982845,0.037295365151959914,0.0008378329470978323
1949.198,0.3615060877,0.32411547255962225,0.3257432039183056,0.037390615140377725,0.0008368649144235922
1949.68,0.3613617735,0.32415338338293975,0.325785567357172,0.03720839011706023,0.0008358986313707045
1950.162,0.36139217539999996,0.3241891651027572,0.32582549972852354,0.03720301029724277,0.0008349340938882183
1950.644,0.3611643977,0.32422281846867174,0.3258630013841911,0.036941579231328237,0.0008339712979364907
1951.126,0.3611970743,0.3242543442950046,0.3258980727956169,0.03694273000499537,0.0008330102394871574
1951.608,0.36121177660000003,0.324283743460694,0.32593071455372424,0.03692803313930604,0.0008320509145230884
1952.09,0.3612071719,0.32431101690919323,0.32596092736878257,0.036896154990806784,0.0008310933190383472
1952.573,0.3611994663,0.32433621561628156,0.3259887671914964,0.03686325068371843,0.00083013546769627
1953.055,0.3611551558,0.3243592363135924,0.3260141196933931,0.03679591948640759,0.0008291813227644823
1953.537,0.36107691099999994,0.3243801345125973,0.32603704610002293,0.03669677648740266,0.0008282288953528528
1954.019,0.3612155483,0.3243989114139696,0.32605754759781835,0.03681663688603043,0.0008272781814999253
1954.501,0.3611394429,0.3244155682824274,0.3260756254917959,0.036723874617572594,0.000826329177255256
1954.983,0.3611615261,0.32443010644664666,0.3260912812053864,0.03673141965335336,0.0008253818786793907
1955.465,0.3608775225,0.3244425272991822,0.3261045162802626,0.03643499520081778,0.0008244362818438076
1955.947,0.36089249160000003,0.324452832296386,0.3261153323761562,0.036439659303614036,0.0008234923828309388
1956.429,0.36104944099999997,0.32446102295833223,0.3261237312706745,0.036588418041667736,0.0008225501777340486
1956.912,0.36084564739999997,0.32446711128344996,0.3261297247638649,0.03637853611655001,0.0008216077131352536
1957.394,0.3610212352,0.32447107371149997,0.3261332900543311,0.036550161488500044,0.0008206688876877072
1957.876,0.3607926963,0.32447292674974454,0.3261344441860921,0.036319769550255454,0.0008197317444928946
1958.358,0.36064818709999996,0.32447267217257436,0.32613318940652886,0.0361755149274256,0.0008187962796872927
1958.84,0.36073163340000003,0.32447031181776487,0.32612952807988677,0.03626132158223516,0.000817862489418076
1959.322,0.3606467422,0.32446584758641706,0.326123462687054,0.036180894613582926,0.0008169303698430891
1959.804,0.3607822902,0.32445928144290326,0.326114995825342,0.036323008757096764,0.0008159999171308176
1960.286,0.3606723648,0.32445061541481124,0.3261041302082521,0.03622174938518874,0.0008150711274603294
1960.769,0.3605361743,0.32443982708214936,0.3260908386631342,0.036096347217850655,0.0008141420752362817
1961.251,0.3603942054,0.32442696327476706,0.32607517917783124,0.035967242125232946,0.0008132166036594158
1961.733,0.3605170025,0.32441200604904896,0.32605712977889956,0.036104996450951055,0.0008122927837170035
1962.215,0.3602880016,0.3243949576851052,0.3260366936424437,0.03589304391489484,0.0008113706116301996
1962.697,0.36025091119999997,0.3243758205260396,0.32601387405953264,0.035875090673960386,0.0008104500836306076
1963.179,0.3602016621,0.3243545969779109,0.3259886744359364,0.03584706512208907,0.0008095311959602171
1963.661,0.36013090740000003,0.32433128950970014,0.32596109829186126,0.035799617890299895,0.0008086139448713922
1964.143,0.35990276870000004,0.32430590065327825,0.32593114926167593,0.0355968680467218,0.0008076983266268174
1964.625,0.3597319685,0.3242784330033782,0.3258988310936357,0.03545353549662178,0.0008067843374994802
1965.108,0.3597645039,0.3242488257671467,0.32586407323628774,0.03551567813285328,0.0008058700825888489
1965.59,0.3597826573,0.32421720426698575,0.3258270235966749,0.03556545303301423,0.0008049593439166354
1966.072,0.35926316669999997,0.3241835121403043,0.32578761675303625,0.035079654559695694,0.0008040502232344136
1966.554,0.3594876319,0.32414775223317505,0.3257458569065268,0.03533987966682495,0.0008031427168560595
1967.036,0.3592661888,0.32410992745442696,0.3257017483707235,0.03515626134557304,0.0008022368211055681
1967.518,0.3591508627,0.3240700407756305,0.32565529557131506,0.03508082192436951,0.0008013325323170462
1968.0,0.3588931958,0.3240280952310882,0.32560650304578953,0.03486510056891179,0.0008004298468346647
1968.482,0.3587701005,0.323984093917824,0.32555537544311575,0.03478600658217601,0.0007995287610126374
1968.965,0.3586160211,0.3239379423165659,0.3255018041958747,0.034678078783434096,0.0007986274067103042
1969.447,0.3587228941,0.3238898347593446,0.325446016010671,0.03483305934065545,0.0007977295126115605
1969.929,0.358575596,0.32383968110763595,0.32538790737129464,0.03473591489236405,0.000796833207288184
1970.411,0.3583790915,0.3237874847094432,0.3253274833695774,0.03459160679055684,0.0007959384871342542
1970.893,0.3581902529,0.32373324897548217,0.325264749207162,0.03445700392451784,0.0007950453485536903
1971.375,0.3580975755,0.3236769773791872,0.32519971019515326,0.03442059812081277,0.0007941537879602777
1971.857,0.35824354569999994,0.32361867345671813,0.325132371753765,0.03462487224328181,0.0007932638017775974
1972.339,0.35796119070000004,0.3235583408069693,0.3250627394119614,0.03440284989303072,0.000792375386439036
1972.822,0.3577681656,0.32349585161625255,0.32499066721954484,0.03427231398374747,0.0007914867000807218
1973.303,0.35766602599999997,0.32343160403495647,0.32491661568452745,0.034234421965043504,0.0007906032540764762
1973.786,0.3573942296,0.32336506757738437,0.32483997486305327,0.03402916202261563,0.0007897176981347293
1974.268,0.3573942233,0.32329665308884076,0.3247612196666687,0.03409757021115922,0.0007888355339268888
1974.75,0.35739328270000004,0.3232262288171692,0.32468019984574514,0.03416705388283081,0.0007879549228684012
1975.232,0.3570001184,0.32315379873811645,0.3245969215741643,0.03384631966188356,0.0007870758614507105
1975.714,0.35718069989999995,0.32307936689028616,0.3245113911319108,0.0341013330097138,0.0007861983461748101
1976.196,0.3568998033,0.3230029373751654,0.3244236149046751,0.033896865924834596,0.0007853223735512656
1976.678,0.356957759,0.32292451435715114,0.3243335993834514,0.03403324464284885,0.0007844479401001113
1977.16,0.3565627808,0.32284410206357916,0.3242413511641314,0.033718678736420815,0.0007835750423508779
1977.643,0.3565595828,0.32276153177566846,0.3241466786332789,0.03379805102433153,0.0007827018706206483
1978.125,0.3563462512,0.3226771497602755,0.32404998062597956,0.033669101439724514,0.0007818320370697714
1978.607,0.35631585039999997,0.3225907915385109,0.32395107034794646,0.03372505886148908,0.0007809637288588193
1979.089,0.35614632640000005,0.3225024615899219,0.32384995481071477,0.03364386481007814,0.0007800969425549402
1979.571,0.35600820169999997,0.3224121644571645,0.32374664112861357,0.0335960372428355,0.0007792316747346125
1980.053,0.3557719566,0.3223199047460434,0.32364113651833143,0.03345205185395661,0.000778367921983608
1980.535,0.3556497574,0.3222256871255512,0.3235334482984771,0.03342407027444877,0.0007775056808969708
1981.017,0.355631616,0.3221295163279114,0.3234235838891373,0.03350209967208856,0.0007766449480789799
1981.5,0.3551332931,0.3220311915598825,0.3233113161286027,0.0331021015401175,0.0007757839390745264
1981.982,0.3552322248,0.32193112483064573,0.3231971175287083,0.033301099969354264,0.0007749262157551289
1982.464,0.3549446873,0.32182911951103055,0.32308076562007426,0.03311556778896946,0.000774069990565372
1982.946,0.3547302816,0.321725180586759,0.3229622682243799,0.033005101013241,0.0007732152601462262
1983.428,0.35442157,0.3216193131070135,0.32284163326249765,0.03280225689298649,0.0007723620211477455
1983.91,0.3545136013,0.3215115221844864,0.3227188687540227,0.03300207911551356,0.0007715102702290435
1984.392,0.3541330169,0.3214018129954297,0.32259398281679996,0.032731203904570294,0.0007706600040582745
1984.874,0.3541233381,0.3212901907797087,0.3224669836664452,0.0328331473202913,0.0007698112193126153
1985.356,0.35388746509999996,0.32117666084085383,0.3223378796158619,0.03271080425914613,0.0007689639126781924
1985.839,0.3536329982,0.3210609870862905,0.3222064047010519,0.0325720111137095,0.0007681163275430555
1986.321,0.35353024980000003,0.32094365393685265,0.3220731118524267,0.03258659586314738,0.0007672719702748249
1986.803,0.35315423180000005,0.32082442936887656,0.32193773963906913,0.03232980243112349,0.0007664290812230552
1987.285,0.35320359860000006,0.32070331894123605,0.321800296758321,0.03250027965876401,0.000765587657109519
1987.767,0.3529253131,0.3205803282767494,0.321660792002336,0.0323449848232506,0.0007647476946648712
1988.249,0.3527336667,0.3204554630622389,0.3215192342575709,0.03227820363776113,0.0007639091906285532
1988.731,0.35244288220000003,0.32032872904858767,0.3213756325042735,0.03211415315141236,0.0007630721417487851
1989.213,0.35228374809999996,0.32020013205080056,0.3212299958159674,0.032083616049199404,0.0007622365447825604
1989.696,0.3521630348,0.32006940537005724,0.3210820249059148,0.03209362942994276,0.0007614006674011376
1990.178,0.3519463716,0.31993709627144085,0.32093234176471974,0.03200927532855913,0.0007605679675633477
1990.66,0.3515799421,0.3198029420315692,0.32078065148301727,0.03177700006843076,0.0007597367099556474
1991.142,0.3512292762,0.3196669487226746,0.32062696350238457,0.0315623274773254,0.0007589068913697834
1991.624,0.3512148675,0.3195291224814175,0.32047128735503516,0.03168574501858251,0.0007580785086061279
1992.106,0.35100840759999996,0.319389469508948,0.3203136326632789,0.031618938091051985,0.0007572515584736425
1992.588,0.35085873970000003,0.3192479960709691,0.32015400913897896,0.031610743629030935,0.0007564260377898606
1993.07,0.35053120249999997,0.3191047084978008,0.3199924265830049,0.03142649400219916,0.0007556019433808431
1993.552,0.3505063178,0.31895961318444055,0.3198288948846814,0.03154670461555947,0.0007547792720811644
1994.035,0.3502361785,0.318812409958002,0.3196630787118991,0.03142376854199802,0.0007539563183667764
1994.517,0.34980433769999997,0.31866371489155276,0.3194956747561356,0.031140622808447205,0.0007531364867596047
1994.999,0.3496579492,0.318513231672351,0.3193263518723153,0.03114471752764897,0.0007523180688098091
1995.481,0.3494049375,0.31836096695487814,0.31915512029817983,0.03104397054512187,0.0007515010613857645
1995.963,0.34905585780000004,0.3182069274586101,0.31898199035711494,0.030848930341389913,0.0007506854613642398
1996.445,0.34898938129999996,0.31805111996808144,0.3188069724575775,0.030938261331918515,0.000749871265630343
1996.927,0.3488798468,0.3178935513329467,0.3186300770925193,0.030986295467053282,0.0007490584710775089
1997.409,0.34866565569999997,0.31773422846804333,0.31845131483880673,0.030931427231956632,0.0007482470746074798
1997.892,0.3483944484,0.317572822371708,0.3182703197073916,0.030821626028292026,0.0007474353940772294
1998.374,0.34812476400000003,0.31741000844980766,0.3180878519221245,0.030714755550192374,0.0007466267873956927
1998.856,0.34785038360000003,0.3172454614491864,0.31790354949898236,0.030604922150813618,0.0007458195695453668
1999.338,0.34757623000000004,0.3170791885461642,0.3177174233447897,0.03049704145383586,0.0007450137374609525
1999.82,0.3473157759,0.316911196982548,0.317529484447332,0.03040457891745202,0.0007442092880853309
2000.302,0.3472914727,0.3167414940656926,0.3173397438747557,0.030549978634307418,0.0007434062183695318
2000.784,0.3467835888,0.31657008716855783,0.31714821277496485,0.030213501631442152,0.0007426045252726957
2001.266,0.3466527663,0.3163969837297667,0.3169549023750119,0.030255782570233314,0.0007418042057620757
2001.749,0.3463346489,0.31622182686316186,0.31675941742358904,0.030112822036838127,0.0007410036006651579
2002.23,0.34624594700000005,0.3160457173103626,0.3165629889749155,0.03020022968963748,0.0007402076754088049
2002.713,0.345914616,0.3158671982000144,0.3163639950210042,0.0300474177999856,0.0007394098080550307
2003.195,0.3456412649,0.3156873808474078,0.3161636776678335,0.02995388405259225,0.0007386149555444486
2003.677,0.3454994133,0.3155059051493426,0.3159616383397058,0.029993508150657378,0.0007378214615706841
2004.159,0.3452291004,0.31532277893971505,0.315757888725797,0.029906321460284935,0.0007370293231490685
2004.641,0.3449973739,0.31513801011845916,0.31555244059009097,0.02985936378154086,0.0007362385373028394
2005.123,0.3447987813,0.3149516066515962,0.31534530577074765,0.029847174648403807,0.0007354491010631419
2005.605,0.3444680853,0.3147635765712829,0.3151364961794675,0.029704508728717105,0.0007346610114689877
2006.087,0.34429127010000005,0.3145739279758567,0.31492602380085455,0.029717342124143342,0.0007338742655672434
2006.57,0.3439233108,0.3143822705588327,0.31471345889480795,0.02954104024116727,0.0007330872323329943
2007.052,0.3436567529,0.3141894061778393,0.3144996937968073,0.02946734672216067,0.0007323031677604396
2007.534,0.3435166199,0.31399494799154937,0.31428430232165505,0.02952167190845062,0.0007315204380616796
2008.016,0.3432313273,0.3137989043635903,0.31406729673926864,0.029432422936409686,0.0007307390403147559
2008.498,0.34293093599999996,0.31360128372397444,0.3138486893892313,0.02932965227602552,0.0007299589716054294
2008.98,0.3425569415,0.3134020945691367,0.31362849268013715,0.029154846930863287,0.0007291802290271772
2009.462,0.3423395233,0.31320134546196854,0.3134067190889338,0.029138177838031465,0.0007284028096811547
2009.944,0.34201719599999997,0.31299904503184783,0.31318338116026,0.029018150968152134,0.000727626710676172
2010.427,0.341995432,0.31279477746627393,0.3129580233255056,0.029200654533726056,0.0007268503230655698
2010.909,0.3416245834,0.312589397371342,0.31273159144343415,0.02903518602865801,0.0007260768588239888
2011.391,0.3413678153,0.31238249225918935,0.31250363328381914,0.02898532304081064,0.0007253047062896433
2011.873,0.3411661538,0.3121740710255573,0.3122741616555408,0.028992082774442707,0.0007245338626017763
2012.355,0.3407916659,0.31196414263279937,0.3120431894318254,0.028827523267200617,0.000723764324907138
2012.837,0.3406582548,0.3117527161099014,0.31181072954957123,0.028905538690098598,0.0007229960903600266
2013.319,0.34041321,0.31153980055249497,0.3115767950086671,0.02887340944750505,0.0007222291561222109
2013.801,0.34004653679999997,0.3113254051228722,0.31134139887131435,0.028721131677127754,0.0007214635193629348
2014.283,0.3399701354,0.3111095390499945,0.31110455426134026,0.028860596350005485,0.0007206991772589049
2014.766,0.33956376499999996,0.3108917592301538,0.3108657785240809,0.028672005769846187,0.0007199345452433228
2015.248,0.33941587759999997,0.31067297682172634,0.3106260736469393,0.028742900778273628,0.0007191727866809735
2015.73,0.3388166476,0.31045275187663984,0.31038496005921695,0.028363895723360177,0.0007184123143426141
2016.212,0.3388987231,0.31023109389072046,0.3101424511244913,0.028667629209279566,0.0007176531254345273
2016.694,0.3385747152,0.3100080124264719,0.3098985602645121,0.028566702773528074,0.0007168952171703277
2017.176,0.3380593425,0.3097835171130682,0.30965330095850546,0.028275825386931852,0.0007161385867709386
2017.658,0.3380192359,0.30955761764634315,0.3094066867424737,0.02846161825365684,0.0007153832314645741
2018.14,0.3376006666,0.30933032378877817,0.3091587312084966,0.028270342811221816,0.0007146291484867222
2018.623,0.33725305390000004,0.30910116950053357,0.3089089294483399,0.028151884399466476,0.0007138747745443782
2019.105,0.3368204784,0.3088711135735524,0.30865832956369543,0.02794936482644761,0.0007131232305843667
2019.587,0.3364721291,0.30863969296359595,0.308406429495344,0.02783243613640407,0.0007123729506970162
2020.069,0.3362653331,0.30840691769966067,0.30815324305272257,0.027858415400339342,0.0007116239321466779
2020.551,0.33615363379999996,0.30817279787726504,0.3078987840978016,0.027980835922734926,0.0007108761722048587
2021.033,0.33581946420000003,0.3079373436584192,0.30764306654437773,0.027882120541580846,0.0007101296681502058
2021.515,0.33555633970000004,0.3077005652715813,0.3073861043573529,0.027855774428418745,0.0007093844172684559
2021.997,0.3351118832,0.30746247301161883,0.3071279115520228,0.027649410188381185,0.0007086404168524834
2022.479,0.3349988204,0.30722307723975795,0.30686850219335315,0.02777574316024206,0.0007078976642021801
2022.962,0.33473490409999995,0.30698188769217344,0.3066073484667689,0.027753016407826514,0.0007071546195194469
2023.444,0.3342653429,0.3067399135953569,0.3063455459408524,0.02752542930464308,0.0007064143569032086
2023.926,0.3342275419,0.30649666748993276,0.3060825693768447,0.02773087441006722,0.0007056753339890702
2024.408,0.33381460939999996,0.3062521600021543,0.3058184330312731,0.02756244939784569,0.0007049375481050159
2024.89,0.3334944925,0.30600640182433975,0.305553151206718,0.02748809067566027,0.0007042009965860112
2025.372,0.3332345942,0.30575940371479793,0.3052867382510811,0.027475190485202083,0.0007034656767739712
2025.854,0.3328691965,0.3055111764977515,0.30501920855685516,0.027358020002248518,0.0007027315860177128
2026.336,0.3324455421,0.30526173106325655,0.30475057656039395,0.027183811036743444,0.0007019987216729674
2026.819,0.33206397969999996,0.3050105570934649,0.30448029603576854,0.027053422606535038,0.0007012655644461263
2027.301,0.3318900548,0.3047587056868122,0.30420950070402697,0.02713134911318782,0.0007005351475498413
2027.783,0.33148980170000003,0.30450566915006,0.30393764666518597,0.026984132549940032,0.0006998059491680062
2028.265,0.33117675280000003,0.3042514586358223,0.30366474852377534,0.026925294164177715,0.0006990779666837543
2028.747,0.3310105008,0.3039960853620662,0.30339082092450165,0.027014415437933814,0.0006983511974870094
2029.229,0.33061349380000005,0.30373956061200236,0.3031158785515099,0.02687393318799769,0.0006976256389744791
2029.711,0.33024231989999997,0.3034818957339688,0.30283993612764065,0.026760424166031194,0.0006969012885496252
2030.193,0.32983198610000003,0.30322310214130993,0.3025630084136882,0.0266088839586901,0.0006961781436226386
2030.676,0.32967959890000004,0.30296265092479835,0.3022845326568236,0.026716947975201688,0.0006954547050540611
2031.157,0.3292456468,0.30270217478976413,0.3020062563440148,0.02654347201023588,0.0006947354599365968
2031.64,0.3290470868,0.3024395192542807,0.30172588023851066,0.0266075675457193,0.000694014424445039
2032.122,0.32881077830000005,0.3021763239986709,0.30144515779978254,0.026634454301329158,0.0006932960782224686
2032.604,0.32826205950000004,0.301912058090065,0.301163524449203,0.026350001409935042,0.0006925789246437471
2033.086,0.3281676322,0.30164673332913894,0.30088099515969813,0.026520898870861065,0.0006918629611590666
2033.568,0.32794003850000003,0.301380361580576,0.30059758493691596,0.026559676919424013,0.0006911481852252124
2034.05,0.3276444623,0.30111295477290145,0.30031330881847684,0.02653150752709854,0.0006904345943055357
2034.532,0.3274003943,0.30084452489831215,0.3000281818732202,0.02655586940168786,0.0006897221858699542
2035.014,0.3270992439,0.3005750840124978,0.29974221920045263,0.02652415988750223,0.0006890109573949086
2035.497,0.3267263317,0.3003040821261769,0.29945484010065504,0.02642224957382311,0.0006882994344506401
2035.979,0.3264396425,0.30003265360362813,0.2991672497336223,0.026406988896371886,0.0006875905607870452
2036.461,0.3261899058,0.29976025064149614,0.29887886914379563,0.026429655158503873,0.0006868828595471422
2036.943,0.3257812399,0.29948688554768366,0.29858971354486186,0.026294354352316363,0.0006861763282333236
2037.425,0.3254893314,0.2992125706926082,0.2982997981771974,0.026276760707391822,0.0006854709643544223
2037.907,0.32500199189999995,0.29893731850898964,0.298009138307112,0.026064673391010318,0.0006847667654256885
2038.389,0.3247685269,0.29866114149162715,0.2977177492260895,0.026107385408372874,0.0006840637289687679
2038.871,0.32432929569999996,0.2983840521971733,0.2974256462500311,0.025945243502826676,0.0006833618525116891
2039.354,0.3240157713,0.29810548557692573,0.2971322365309462,0.025910285723074244,0.0006826596810166807
2039.836,0.3237579598,0.29782660781749876,0.29683875040496377,0.02593135198250124,0.0006819601195626485
2040.318,0.3235713412,0.297546855846178,0.2965445965024993,0.026024485353821958,0.0006812617107255258
2040.8,0.3229527151,0.2972662424647448,0.2962497902295701,0.025686472635255198,0.000680564452058684
2041.282,0.3225846746,0.29698478053559585,0.29595434701281154,0.02559989406440416,0.0006798683411217548
2041.764,0.3223143537,0.29670248298147484,0.295658282298714,0.025611870718525165,0.0006791733754806562
2042.246,0.3218792012,0.29641936278519415,0.29536161155286084,0.02545983841480587,0.000678479552707531
2042.728,0.3216809411,0.29613543298935846,0.2950643502591705,0.025545508110641546,0.0006777868703807729
2043.21,0.32128909229999997,0.2958507066960687,0.29476651391913017,0.025438385603931246,0.0006770953260849633
2043.693,0.3211538193,0.29556460391788586,0.29446749840161884,0.025589215382114117,0.0006764034862065494
2044.175,0.3207122295,0.2952783225885329,0.2941685574273576,0.025433906911467075,0.0006757142130997236
2044.657,0.3203656538,0.29499128444963596,0.29386908804129264,0.025374369350364023,0.0006750260708097142
2045.139,0.320097006,0.2947035028383741,0.2935691058076034,0.02539350316162592,0.0006743390569457648
2045.621,0.31991675,0.2944149911498699,0.2932686263042291,0.02550175885013012,0.0006736531691232506
2046.103,0.3195065224,0.29412576283685354,0.2929676651221041,0.02538075956314645,0.0006729684049636176
2046.585,0.3193366579,0.293835831409322,0.2926662378643968,0.025500826490677975,0.0006722847620944195
2047.067,0.3188334229,0.29354521043419035,0.2923643601457466,0.025288212465809645,0.0006716022381492563
2047.55,0.31830769449999996,0.29325330849138026,0.292061419945867,0.0250543860086197,0.0006709194182185421
2048.032,0.318195296,0.2929613479879797,0.2917586873378717,0.025233948012020335,0.0006702391273556066
2048.514,0.31778266899999996,0.29266873900417895,0.2914555512065233,0.025113929995821016,0.0006695599483488385
2048.996,0.3175805044,0.2923754953310338,0.2911520272047419,0.025205009068966222,0.0006688818788559166
2049.478,0.3170322422,0.29208163081465444,0.29084813099310647,0.024950611385345545,0.000668204916540493
2049.96,0.3168131103,0.29178715935581123,0.29054387823909655,0.025025950944188746,0.0006675290590721798
2050.442,0.3165233085,0.29149209490952877,0.2902392846163273,0.025031213590471224,0.0006668543041265126
2050.924,0.3161669585,0.291196451484674,0.2899343658037921,0.024970507015325993,0.0006661806493849584
2051.406,0.3158629526,0.29090024314353585,0.28962913748510055,0.02496270945646417,0.0006655080925348728
2051.889,0.31548079019999997,0.2906028677557935,0.289322981189825,0.024877922444206446,0.0006648352393335933
2052.371,0.3152131993,0.29030557088191067,0.2890171803636021,0.024907628418089356,0.0006641648736178881
2052.853,0.3150630548,0.2900077516243723,0.2887111171347166,0.025055303175627708,0.0006634955988862057
2053.335,0.3145111259,0.2897094242548933,0.288404807197654,0.0248017016451067,0.0006628274128493544
2053.817,0.3144524475,0.289410603096383,0.2880982662477207,0.02504184440361701,0.0006621603132239569
2054.299,0.3140567291,0.2891113025224755,0.28779150998028613,0.024945426577524465,0.0006614942977324194
2054.781,0.3135445386,0.28881153695704975,0.2874845540900267,0.024733001642950225,0.0006608293641029336
2055.263,0.3132027562,0.28851132087374287,0.2871774142701693,0.024691435326257116,0.0006601655100694503
2055.746,0.3130215822,0.28821004459283983,0.2868694684791503,0.02481153760716015,0.0006595013594346071
2056.228,0.3127769191,0.28790897023208417,0.2865620075700152,0.024867948867915823,0.0006588396600460856
2056.71,0.3125231516,0.28760748909828504,0.2862544098272536,0.024915662501714952,0.0006581790334851694
2057.192,0.3119086987,0.2873056158591646,0.2859466909307398,0.0246030828408354,0.0006575194775087186
2057.674,0.31194890610000003,0.2870033652296343,0.2856388665551281,0.024945540870365712,0.0006568609898792386
2058.156,0.3114420158,0.28670075197125744,0.285330952369101,0.024741263828742588,0.0006562035683649233
2058.638,0.3112464384,0.28639779089170037,0.28502296403462085,0.024848647508299626,0.0006555472107395976
2059.12,0.3108618929,0.28609449684417465,0.28471491720617753,0.02476739605582534,0.0006548919147827097
2059.603,0.3106013892,0.28579025450593987,0.2844061883061517,0.024811134694060155,0.0006542363220419531
2060.084,0.3102622016,0.28548696948239255,0.28409871064351816,0.02477523211760746,0.0006535844990201232
2060.567,0.3099109387,0.2851821346806943,0.2837899429023068,0.024728804019305717,0.0006529310229416848
2061.049,0.3094556492,0.2848776576333766,0.28348181849191245,0.024577991566623436,0.0006522799537471205
2061.531,0.3093273004,0.28457292257853833,0.28317371375414213,0.02475437782146167,0.0006516299351975457
2062.013,0.3089262786,0.2842679446305613,0.282865644282952,0.024658333969438673,0.0006509809651058638
2062.495,0.3087933503,0.2839627389452217,0.28255762565960685,0.024830611354778265,0.0006503330412904575
2062.977,0.30837410779999996,0.28365732071906485,0.28224967345193996,0.02471678708093511,0.000649686161575216
2063.459,0.3081302989,0.28335170518876784,0.28194180321361606,0.024778593711232144,0.0006490403237895149
2063.941,0.3075844171,0.2830459076304902,0.2816340304833893,0.024538509469509806,0.0006483955257681912
2064.424,0.3072694761,0.28273930841592226,0.281325732614494,0.02453016768407773,0.0006477504308260886
2064.906,0.3069903152,0.2824331924867769,0.28101820173619146,0.02455712271322308,0.0006471077080057899
2065.388,0.3065279568,0.28212694062040655,0.2807108149175528,0.02440101617959345,0.000646466018482543
2065.87,0.3063479945,0.2818205682443379,0.2804035876303038,0.02452742625566212,0.000645825360112884
2066.352,0.305824004,0.2815140908222127,0.2800965353275894,0.0243099131777873,0.0006451857307587371
2066.834,0.30554874730000003,0.2812075238530847,0.2797896734432418,0.02434122344691536,0.0006445471282873946
2067.316,0.305017804,0.28090088287071224,0.2794830173910551,0.02411692112928776,0.0006439095505715038
2067.798,0.3048643492,0.28059418344283676,0.2791765825640559,0.02427016575716323,0.0006432729954890423
2068.281,0.304430747,0.28028680474200274,0.2788697493243346,0.024143942257997264,0.0006426361434462313
2068.763,0.304367457,0.27998003521845105,0.278563803578749,0.024387421781548957,0.0006420016293965355
2069.245,0.3038726936,0.2796732541817317,0.2782581251373605,0.024199439418268298,0.0006413681316417176
2069.727,0.3036577431,0.2793664773282114,0.27795272930284254,0.024291265771788584,0.0006407356480809611
2070.209,0.3034250152,0.2790597203845089,0.27764763135349124,0.0243652948154911,0.0006401041766187076
2070.691,0.3028482594,0.2787529991067196,0.2773428465425081,0.024095260293280407,0.0006394737151646539
2071.173,0.30256693290000003,0.27844632927963076,0.2770383900972828,0.024120603620369274,0.0006388442616337083
2071.655,0.3022324377,0.2781397267159327,0.2767342772186822,0.024092710984067345,0.0006382158139459903
2072.137,0.3020560693,0.27783320725541844,0.2764305230803393,0.024222862044581572,0.0006375883700268433
2072.62,0.30149867960000004,0.2775261511509086,0.27612651380747577,0.023972528449091424,0.0006369606291739404
2073.102,0.30122463039999997,0.27721984577531994,0.2758235233808113,0.02400478462468003,0.0006363351886604046
2073.584,0.3009773853,0.2769136712097996,0.27552093707607384,0.024063714090200417,0.0006357107457181741
2074.066,0.3005103128,0.27660764339440563,0.27521876995081485,0.02390266940559438,0.0006350872982932331
2074.548,0.30038354559999997,0.2763017782921562,0.27491703703182035,0.024081767307843782,0.0006344648443366812
2075.03,0.2999559302,0.2759960918881755,0.27461575331441024,0.02395983831182452,0.0006338433818047262
2075.512,0.299746564,0.27569060018883207,0.2743149337617423,0.024055963811167924,0.0006332229086586669
2075.994,0.2993885143,0.2753853192208648,0.2740145933041155,0.02400319507913523,0.0006326034228648822
2076.477,0.2991227508,0.27507963238486666,0.27371412527399097,0.024043118415133347,0.0006319836402216538
2076.959,0.2987256847,0.2747748215574721,0.2734147887335794,0.023950863142527867,0.0006313661250897352
2077.441,0.29848152299999997,0.2744702696884279,0.27311597590575254,0.024011253311572056,0.0006307495912353597
2077.923,0.2982041276,0.27416599287709464,0.2728177015823846,0.024038134722905335,0.0006301340366450882
2078.405,0.2978349514,0.27386200723871035,0.27251998051904325,0.023972944161289644,0.0006295194593104742
2078.887,0.2976445986,0.2735583289034679,0.2722228274343086,0.024086269696532103,0.0006289058572280656
2079.369,0.2973487439,0.27325497401558074,0.271926257009091,0.024093769884419247,0.0006282932283993908
2079.851,0.2972984302,0.2729519587323409,0.2716302838859529,0.024346471467659114,0.000627681570830925
2080.333,0.2966480916,0.2726492992231722,0.2713349226684356,0.023998792376827782,0.0006270708825341052
2080.816,0.296389962,0.2723463849139439,0.27103957709879944,0.02404357708605609,0.000626459897548068
2081.298,0.2959824562,0.2720444863270298,0.2707454846886223,0.0239379698729702,0.0006258511438492135
2081.78,0.2957490617,0.27174299211923747,0.2704520477838364,0.024006069580762512,0.0006252433534817444
2082.262,0.295365711,0.2714419184988668,0.2701592808250982,0.02392379250113319,0.0006246365244767482
2082.744,0.2952125776,0.2711412816814741,0.26986719821069927,0.024071295918525915,0.0006240306548701808
2083.226,0.2947512718,0.27084109788887434,0.2695758142959046,0.023910173911125654,0.0006234257427028711
2083.708,0.2943778339,0.2705413833481327,0.26928514339229526,0.023836450551867283,0.0006228217860204881
2084.19,0.29427623329999997,0.2702421542905514,0.26899519976711195,0.024034079009448595,0.0006222187828735286
2084.673,0.2940115681,0.26994280771718043,0.2687053984188267,0.024068760382819576,0.0006216154832355388
2085.155,0.2934891313,0.26964459942313007,0.2684169535540997,0.023844531876869912,0.0006210143832984261
2085.637,0.2932701521,0.26934692535499694,0.26812927852623625,0.02392322674500308,0.000620414231073103
2086.119,0.2928905328,0.26904980175073007,0.26784238741851807,0.023840731049269925,0.0006198150246292789
2086.601,0.2924759112,0.2687532448473255,0.26755629426664795,0.023722666352674504,0.0006192167620414189
2087.083,0.2922070109,0.26845727087976423,0.26727101305810896,0.023749740020235777,0.0006186194413887453
2087.565,0.2919347827,0.2681618960799486,0.26698655773153135,0.023772886620051392,0.0006180230607552219
2088.047,0.2919104307,0.26786713667562345,0.2667029421760546,0.02404329402437655,0.0006174276182295264
2088.53,0.291388903,0.26757239933348803,0.2664195944845571,0.023816503666511946,0.0006168318794612913
2089.011,0.2911839627,0.26727952893714796,0.2661382856837362,0.023904433762852062,0.0006162395398798715
2089.494,0.29074007420000003,0.2669861062275621,0.2658566901821284,0.02375396797243795,0.0006156456716818946
2089.976,0.2905715653,0.26669397198965195,0.26557657346131675,0.023877593310348055,0.0006150539644968513
2090.458,0.2901387178,0.2664025342190953,0.2652973652212184,0.02373618358090468,0.0006144631859294996
2090.94,0.28998680520000003,0.26611180909571897,0.2650190790407794,0.023874996104281065,0.0006138733340965819
2091.422,0.2898865822,0.2658218127874755,0.26474172844510163,0.0240647694125245,0.0006132844071194678
2091.904,0.289332476,0.26553256144931414,0.2644653269048305,0.023799914550685863,0.0006126964031241502
2092.386,0.2890285528,0.26524407122204663,0.2641898878355491,0.023784481577953376,0.0006121093202412181
2092.868,0.2888827186,0.26495635823120267,0.2639154245971712,0.023926360368797306,0.0006115231566058476
2093.351,0.2885869297,0.2646688441527598,0.26364138415708716,0.023918085547240175,0.0006109366971062943
2093.833,0.2884375236,0.26438273564054227,0.26336891452795347,0.024054787959457757,0.000610352368287396
2094.315,0.2880411702,0.26409745267148843,0.2630974604967756,0.023943717528511543,0.0006097689531451658
2094.797,0.2878608728,0.2638130112984376,0.2628270351947011,0.024047861501562406,0.0006091864498330118
2095.279,0.28758266920000003,0.26352942755315323,0.26255765169423495,0.0240532416468468,0.0006086048565088764
2095.761,0.2872720115,0.2632467174451459,0.2622893230086552,0.024025294054854096,0.0006080241713352076
2096.243,0.28693179480000003,0.26296489696049363,0.262022062091431,0.023966897839506396,0.0006074443924789464
2096.725,0.2865280736,0.26268398206065735,0.2617558818356455,0.023844091539342638,0.0006068655181115154
2097.208,0.2863842672,0.2624034087511169,0.26149024624643497,0.02398085844888309,0.0006062863482344647
2097.69,0.28638082319999997,0.2621243547622471,0.2612262680567379,0.024256468437752865,0.0006057092792439661
2098.172,0.2858225736,0.2618462541158425,0.2609634088659693,0.023976319484157516,0.0006051331092796106
2098.654,0.2856705399,0.26156912266286797,0.26070168131981386,0.02410141723713205,0.0006045578365306521
2099.136,0.2854183305,0.26129297622366454,0.2604410980007255,0.024125354276335442,0.0006039834591907642
2099.618,0.2851304239,0.2610178305867369,0.26018167142736975,0.024112593313263098,0.0006034099754580163
2100.1,0.2848458665,0.2607437015075334,0.25992341405406766,0.02410216499246659,0.0006028373835348925
2100.582,0.2845499367,0.26047060470722594,0.25966633827024593,0.024079331992774067,0.0006022656816282556
2101.064,0.2844015737,0.26019855587148283,0.25941045639988797,0.024203017828517193,0.0006016948679493259
2101.547,0.2840832638,0.2599270095556936,0.2591552535904509,0.024156254244306397,0.0006011237592122663
2102.029,0.2840296237,0.2596571058131757,0.2589017987948321,0.02437251788682432,0.0006005547184734304
2102.511,0.2835457155,0.25938829689916154,0.25864957451163006,0.024157418600838476,0.0005999865606184186
2102.993,0.2834418032,0.25912059834489143,0.25839859279750804,0.02432120485510858,0.0005994192838758226
2103.475,0.2830837142,0.2588540256399208,0.25814886564100076,0.024229688560079177,0.0005988528864785594
2103.957,0.2830013379,0.2585885942308732,0.2579004049619872,0.02441274366912677,0.000598287366663836
2104.439,0.28275745059999996,0.25832431952018986,0.25765322261116563,0.0244331310798101,0.0005977227226731323
2104.921,0.2824798536,0.2580612168648837,0.2574073303695389,0.024418636735116295,0.0005971589527522115
2105.404,0.282346078,0.25779875942742514,0.2571622338602133,0.02454731857257486,0.0005965948882193188
2105.886,0.282148048,0.2575380492768294,0.2569189596356897,0.0246099987231706,0.0005960328629966434
2106.368,0.2819191455,0.2572785569990332,0.2566770104639739,0.024640588500966842,0.0005954717066029362
2106.85,0.2813693272,0.25702029775667,0.25643639784201283,0.024349029443330006,0.0005949114173009521
2107.332,0.2812882907,0.2567632866606543,0.25619713319451454,0.02452500403934571,0.0005943519933576307
2107.814,0.281279175,0.25650753876892174,0.2559592278734542,0.024771636231078253,0.000593793433044118
2108.296,0.28100417969999997,0.2562530690851652,0.25572269315758017,0.02475111061483476,0.0005932357346357698
2108.778,0.2805646357,0.25599989255756955,0.25548754025192477,0.024564743142430456,0.0005926788964120902
2109.26,0.2804014428,0.255748024077547,0.25525378028731976,0.024653418722453024,0.0005921229166567624
2109.743,0.28013122549999997,0.255496960059715,0.2550209437206755,0.024634265440284964,0.0005915666428395675
2110.225,0.2798175125,0.255247754906191,0.25479000567846777,0.024569757593808972,0.0005910123766607755
2110.707,0.279643733,0.25499990215164425,0.2545604935423608,0.024643830848355752,0.0005904589638227223
2111.189,0.2795747607,0.2547534164476043,0.2543324181414556,0.024821344252395683,0.0005899064026256303
2111.671,0.2793890423,0.2545083123824929,0.2541057902282858,0.024880729917507116,0.0005893546913738441
2112.153,0.2791252658,0.2542646044803577,0.2538806204783568,0.02486066131964232,0.0005888038283757915
2112.635,0.2787428577,0.25402230719960606,0.25365691948968816,0.024720550500393956,0.0005882538119439886
2113.117,0.2787070409,0.2537814349317391,0.25343469778235994,0.024925605968260878,0.0005877046403950151
2113.6,0.2785277335,0.25354150675735304,0.25321350940365434,0.024986226742646944,0.0005871551753141936
2114.082,0.2783205176,0.25330353044633075,0.25299428062817864,0.025016987153669235,0.0005866076902410471
2114.564,0.2781851417,0.253067021937974,0.25277656224343026,0.025118119762026048,0.0005860610450213467
2115.046,0.2779278897,0.25283199534337686,0.2525603644531152,0.025095894356623127,0.0005855152379878527
2115.528,0.2778237356,0.25259846470041436,0.2523456973807941,0.02522527089958565,0.0005849702674773398
2116.01,0.277439392,0.25236644397248553,0.25213257106945275,0.025072948027514474,0.0005844261318306021
2116.492,0.27742532470000003,0.25213594704725967,0.25192099548107894,0.025289377652740364,0.0005838828293924103
2116.974,0.2772980373,0.25190698773542175,0.2517109804962404,0.025391049564578272,0.0005833403585115158
2117.457,0.2770197616,0.25167910959076645,0.25150210509521076,0.025340652009233577,0.0005827975946657431
2117.938,0.27675339109999997,0.2514537368022293,0.251295671449847,0.025299654297770646,0.0005822579048364902
2118.421,0.2764848541,0.2512290087775488,0.25108997251664295,0.02525584532245123,0.0005817167993147521
2118.903,0.2764203041,0.25100633975972847,0.2508863004366741,0.025413964340271544,0.0005811776399397397
2119.385,0.27633761069999996,0.2507852762380283,0.25068423714691523,0.025552334461971637,0.0005806393039217448
2119.867,0.27617780410000003,0.2505658315348996,0.2504837920306474,0.02561197256510045,0.0005801017896331828
2120.349,0.2758885361,0.25034801888711805,0.25028497438690456,0.025540517212881975,0.000579565095450361
2120.831,0.275726715,0.250131851444558,0.2500877934300887,0.025594863555441993,0.0005790292197534958
2121.313,0.2755454948,0.24991734226896864,0.24989225828958522,0.025628152531031373,0.0005784941609266811
2121.795,0.2753541319,0.24970450433275732,0.24969837800938763,0.025649627567242705,0.0005779599173578655
2122.278,0.27504553649999997,0.24949291419884645,0.24950576449408562,0.025552622301153516,0.0005774253815824742
2122.76,0.2749833923,0.24928346082896863,0.24931522420251584,0.02569993147103139,0.0005768927653920503
2123.242,0.2749401279,0.24907571709376244,0.2491263654052929,0.025864410806237553,0.0005763609596433148
2123.724,0.2747532465,0.24886969559597757,0.248939196800962,0.025883550904022418,0.0005758299627395993
2124.206,0.2745502846,0.24866540884299937,0.24875372700084963,0.025884875757000658,0.0005752997730880673
2124.688,0.2742860976,0.24846286924566108,0.24856996452871086,0.025823228354338923,0.0005747703890996785
2125.17,0.2741794815,0.2482620891170632,0.2483879178203825,0.025917392382936777,0.0005742418091891988
2125.652,0.27417022339999997,0.24806308067139693,0.24820759522343971,0.02610714272860304,0.000573714031775163
2126.135,0.2737407783,0.24786544870560806,0.2480286362841907,0.025875329594391927,0.0005731859627991205
2126.617,0.2738792289,0.2476700236050659,0.24785179021751913,0.02620920529493409,0.0005726597873054554
2127.099,0.2734971689,0.24747640624951875,0.24767669278869636,0.026020762650481227,0.0005721344095832137
2127.581,0.273408735,0.24728460844567976,0.2475033519887228,0.026124126554320254,0.0005716098280659896
2128.063,0.2734015167,0.24709464189557212,0.24733177571868842,0.026306874804427893,0.0005710860411910865
2128.545,0.2731593478,0.24690651819539425,0.247161971789455,0.02625282960460576,0.0005705630473995507
2129.027,0.2730016762,0.24672024883439353,0.24699394792134644,0.026281427365606458,0.000570040845136128
2129.509,0.2728514865,0.24653584519374602,0.24682771174383908,0.026315641306253995,0.0005695194328492715
2129.991,0.2727381895,0.24635331854544767,0.24666327079526157,0.02638487095455233,0.0005689988089911184
2130.474,0.272602594,0.2461723072529638,0.2465002969776855,0.02643028674703618,0.0005684778943344478
2130.956,0.2723944145,0.24599357191478516,0.24633947249870194,0.026400842585214856,0.0005679588443325866
2131.438,0.272302947,0.24581674674144233,0.24618046532875143,0.02648620025855769,0.0005674405781347114
2131.92,0.2721444922,0.2456418425570256,0.24602328263843748,0.026502649642974385,0.0005669230942076356
2132.402,0.2721793565,0.2454688700710143,0.24586793150576888,0.026710486428985714,0.0005664063910218027
2132.884,0.27212649899999997,0.24529783987721837,0.24571441891588344,0.026828659122781595,0.0005658904670512913
2133.366,0.2719225709,0.2451287624527283,0.2455627517607777,0.026793808447271694,0.0005653753207738011
2133.848,0.2715767098,0.2449616481568773,0.24541293683904125,0.02661506164312269,0.0005648609506706368
2134.331,0.2716596343,0.24479616667253257,0.24526467582993575,0.02686346762746744,0.0005643462904802045
2134.813,0.2713519459,0.24463301336134985,0.245118589273014,0.026718932538650153,0.0005638334697864823
2135.295,0.2715262536,0.24447185356063253,0.24497437479561462,0.02705440003936746,0.0005633214207294422
2135.777,0.2712800992,0.24431269714823423,0.24483203881993204,0.026967402051765788,0.0005628101418047412
2136.259,0.27103363259999996,0.24415555387920368,0.2446915876734908,0.026878078720796283,0.0005622996315115862
2136.741,0.2708580808,0.24400043338480773,0.2445530275889079,0.02685764741519228,0.000561789888352744
2137.223,0.2708382734,0.24384734517156476,0.24441636470365868,0.02699092822843524,0.0005612809108345176
2137.705,0.2708002811,0.24369629862029074,0.24428160505984842,0.027103982479709243,0.0005607726974667407
2138.188,0.27070439360000004,0.2435469960038535,0.24414848096930425,0.02715739759614655,0.0005602641947522271
2138.67,0.2705532927,0.2434000646947928,0.2440175495312117,0.027153228005207197,0.0005597575068065941
2139.152,0.2702883508,0.24325520244508886,0.2438885388982688,0.027033148354911163,0.0005592515785589222
2139.634,0.2703394963,0.24311241812315948,0.24376145472870245,0.027227078176840502,0.0005587464085330799
2140.116,0.27012305059999997,0.24297172046711896,0.2436363025842926,0.027151330132881013,0.0005582419952564222
2140.598,0.2700228039,0.24283311808389435,0.24351308793017384,0.027189685816105646,0.0005577383372597522
2141.08,0.2698840037,0.24269661944835436,0.24339181613463667,0.02718738425164563,0.0005572354330773596
2141.562,0.26984157540000003,0.2425622329024529,0.24327249246893856,0.027279342497547127,0.0005567332812469809
2142.044,0.26975289669999997,0.24242996665438116,0.2431551221071151,0.02732293004561881,0.0005562318803097895
2142.527,0.2696747479,0.24229956100010813,0.2430394727210558,0.02737518689989188,0.0005557301908923723
2143.009,0.26978588210000004,0.2421715638734139,0.2429260281777694,0.027614318226586138,0.00055523028892915
2143.491,0.269725035,0.24204571087434543,0.24281455188536932,0.027679324125654575,0.0005547311335002105
2143.973,0.269528509,0.24192200966757565,0.24270504862703235,0.027606499332424372,0.0005542327231604288
2144.455,0.2695257127,0.2418004677799877,0.24259752308785154,0.02772524492001227,0.0005537350564680518
2144.937,0.26943638870000003,0.24168109259990878,0.24249197985467724,0.027755296100091253,0.0005532381319847445
2145.419,0.2694439285,0.24156389137636308,0.24238842341596528,0.027880037123636903,0.0005527419482755179
2145.901,0.26937146349999996,0.24144887121833375,0.24228685816162676,0.027922592281666214,0.0005522465039087786
2146.384,0.2692425011,0.24133580728170978,0.24218708388379545,0.027906693818290196,0.0005517507718604081
2146.865,0.2692122513,0.241225401830233,0.2420897182721341,0.027986849469766983,0.0005512578274931059
2147.348,0.2692224924,0.24111674343419048,0.24199395573806648,0.02810574896580953,0.0005507635700519283
2147.83,0.2690157923,0.24101052039007312,0.24190040131406204,0.028005271909926882,0.0005502710703267339
2148.312,0.269076411,0.24090651184414627,0.24180885854892997,0.028169899155853745,0.0005497793028332636
2148.794,0.2689686855,0.24080472405020348,0.24171933123825373,0.02816396144979655,0.000549288266159942
2149.276,0.2688872073,0.24070516311725307,0.24163182307816483,0.028182044182746918,0.0005487979588984939
2149.758,0.268799738,0.24060783500890076,0.24154633766523192,0.02819190299109925,0.0005483083796439386
2150.24,0.2687771549,0.24051274554274887,0.24146287849635603,0.028264409357251108,0.0005478195269945779
2150.722,0.2687589651,0.24041990038980865,0.24138144896866853,0.028339064710191375,0.0005473313995519965
2151.205,0.2688410271,0.24032911945929736,0.24130188977168932,0.02851190764070266,0.0005468429854616307
2151.687,0.2687268523,0.24024078404096894,0.24122453354582205,0.02848606825903105,0.0005463563057477777
2152.169,0.2685520315,0.24015470907441083,0.2411492165593055,0.028397322425589178,0.0005458703470621481
2152.651,0.268526282,0.24007089963841857,0.24107594180907282,0.028455382361581433,0.0005453851080193549
2153.133,0.2683933769,0.2399893606625026,0.24100471219185393,0.028404016237497387,0.0005449005872372376
2153.615,0.26848448210000003,0.23991009692639884,0.24093553050410393,0.028574385173601197,0.0005444167833368716
2154.097,0.268297955,0.23983311305959534,0.24086839944193617,0.028464841940404634,0.0005439336949425276
2154.579,0.2682933394,0.2397584135408751,0.24080332160105944,0.0285349258591249,0.0005434513206816987
2155.062,0.268359737,0.2396858548499029,0.24074017086401245,0.028673882150097085,0.0005429686606273237
2155.544,0.2682601176,0.23961574161987595,0.2406792111232976,0.028644375980124065,0.0005424877120032847
2156.026,0.268428085,0.23954792527391305,0.24062031179266957,0.02888015972608693,0.000542007473411548
2156.508,0.2682777366,0.23948240968341805,0.24056347506547696,0.02879532691658193,0.0005415279434923524
2156.99,0.2682464654,0.23941919856705318,0.24050870303442293,0.02882726683294684,0.0005410491208890934
2157.472,0.2682803705,0.23935829549038173,0.24045599769152892,0.028922075009618242,0.0005405710042483155
2157.954,0.2682112369,0.23929970386552946,0.24040536092810758,0.028911533034470527,0.0005400935922197168
2158.436,0.2680328607,0.23924342695086173,0.24035679453473674,0.028789433749138255,0.00053961688345614
2158.918,0.2680789598,0.23918946785067954,0.24031030020124083,0.028889491949320473,0.0005391408766135403
2159.401,0.26800200069999996,0.23913772479584666,0.24026578951418004,0.028864275904153303,0.0005386645849657414
2159.883,0.26813462260000004,0.23908841484331808,0.24022344827356346,0.029046207756681958,0.0005381899793947777
2160.365,0.2681768662,0.23904143109631468,0.24018318356042134,0.029135435103685298,0.0005377160717285939
2160.847,0.2679545862,0.23899677603985248,0.24014499666125244,0.028957810160147535,0.0005372428606355987
2161.329,0.2681295568,0.23895445200361826,0.24010888876177522,0.029175104796381746,0.000536770344787269
2161.811,0.26797272629999996,0.23891446116176884,0.24007486094693647,0.02905826513823112,0.0005362985228581757
2162.293,0.2681183012,0.238876805532749,0.24004291420092538,0.02924149566725101,0.0005358273935259474
2162.775,0.2681510136,0.23884148697912544,0.2400130494071912,0.02930952662087455,0.0005353569554712776
2163.258,0.2680074369,0.23880844121693567,0.23998521187482755,0.029198995683064333,0.0005348862335131106
2163.74,0.2680806897,0.23877780663454024,0.23995951755623932,0.02930288306545975,0.0005344171754952169
2164.222,0.2683599007,0.23874951378132098,0.23993590723719618,0.02961038691867901,0.0005339488048125367
2164.704,0.2680923293,0.23872356389471355,0.23991438139826043,0.029368765405286434,0.0005334811201579314
2165.186,0.2682735049,0.23869995805571584,0.23989494041941684,0.029573546844284176,0.0005330141202272868
2165.668,0.2682813557,0.23867869718883028,0.23987758458012182,0.02960265851116972,0.0005325478037195032
2166.15,0.2681482464,0.23865978206202199,0.2398623140593531,0.029488464337978026,0.0005320821693364743
2166.632,0.2681265637,0.23864321328669724,0.23984912893566726,0.029483350413302745,0.0005316172157831021
2167.115,0.2681736082,0.2386289642512682,0.23983800832640942,0.029544643948731825,0.0005311519792486429
2167.597,0.2681037567,0.2386170942565936,0.23982899815723538,0.029486662443406364,0.0005306883848870182
2168.079,0.2681270126,0.2386075715084301,0.2398220730183501,0.029519441091569898,0.0005302254674849572
2168.561,0.2680252279,0.23860039599174623,0.23981723258707088,0.029424831908253762,0.0005297632257592726
2169.043,0.2682718703,0.23859556753510283,0.23981447644064527,0.02967630276489716,0.0005293016584297207
2169.525,0.2680923508,0.23859308581073746,0.23981380405633515,0.02949926498926253,0.000528840764219007
2170.007,0.2681946605,0.23859295033466565,0.2398152148115052,0.02960171016533436,0.0005283805418527802
2170.489,0.26835096610000003,0.23859516046680004,0.23981870798371713,0.02975580563319999,0.0005279209900596166
2170.971,0.2683525168,0.2385997154110873,0.23982428275082743,0.029752801388912703,0.0005274621075710225
2171.454,0.2683063639,0.23860663096422885,0.2398319562359079,0.02969973293577116,0.0005270029431625771
2171.936,0.268455131,0.23861587738081375,0.23984169564158359,0.029839253619186268,0.0005265453968713289
2172.418,0.2684378529,0.23862746528445022,0.23985351357612125,0.02981038761554977,0.0005260885160940081
2172.9,0.2686895531,0.2386413932566226,0.2398674088194267,0.030048159843377387,0.0005256322995737459
2173.382,0.2687069282,0.23865765972379913,0.23988338005226184,0.030049268476200847,0.0005251767460565491
2173.864,0.2685085332,0.23867626295767463,0.2399014258563703,0.029832270242325376,0.0005247218542913036
2174.346,0.2687971079,0.23869720107542938,0.2399215447146079,0.030099906824570616,0.0005242676230297743
2174.828,0.2688175123,0.23872047204000765,0.23994373501107819,0.030097040259992353,0.0005238140510265729
2175.311,0.2687781462,0.23874612919691485,0.23996804751349393,0.030032017003085165,0.0005233601980667451
2175.792,0.2687927231,0.23877400359201015,0.23999432296221027,0.03001871950798987,0.0005229088798278987
2176.275,0.2686544225,0.23880432452399183,0.2400227779473875,0.029850097976008155,0.0005224563419035383
2176.757,0.2688691648,0.23883690824821177,0.24005324014773527,0.030032256551788233,0.000522005395893003
2177.239,0.269048819,0.23887181232535498,0.24008576422611752,0.030177006674645013,0.0005215551029539976
2177.721,0.2690991561,0.23890903379941275,0.24012034797701123,0.030190122300587263,0.0005211054618581458
2178.203,0.2693792098,0.23894856956256,0.2401569890972139,0.03043064023744002,0.0005206564713799007
2178.685,0.26928587060000003,0.23899041635556978,0.2401956851860151,0.030295454244430253,0.0005202081302964999
2179.167,0.2694295056,0.23903457076824264,0.24023643374537246,0.03039493483175737,0.000519760437387972
2179.649,0.2695440369,0.23908102923985214,0.24027923218009062,0.030463007660147867,0.000519313391437152
2180.132,0.2695270945,0.23912989160753956,0.240324172964831,0.03039720289246045,0.0005188660657585332
2180.614,0.2697662304,0.23918095167545622,0.2403710672155227,0.030585278724543752,0.0005184203114186332
2181.096,0.269850781,0.23923430421321762,0.24042000296886168,0.030616476786782365,0.0005179752003990354
2181.578,0.2700441875,0.2392899450624804,0.2404709772427362,0.030754242437519563,0.0005175307314936415
2182.06,0.2702214952,0.23934786991685586,0.240523986958852,0.030873625283144135,0.0005170869034990866
2182.542,0.269980283,0.23940807432245104,0.24057902894293665,0.03057220867754895,0.0005166437152147693
2183.024,0.2701488247,0.23947055367843012,0.24063609992495272,0.03067827102156989,0.0005162011654428026
2183.506,0.2702382407,0.2395353032375898,0.24069519653931218,0.030702937462410235,0.0005157592529880399
2183.989,0.2704497692,0.23960245949326048,0.2407564442271471,0.030847309706739545,0.0005153170618074124
2184.471,0.270474333,0.23967173931869268,0.24081958581256946,0.030802593681307333,0.0005148764217285267
2184.953,0.2703129282,0.23974327422257202,0.24088474235481847,0.030569653977428002,0.0005144364153952146
2185.435,0.2705537396,0.2398170588779885,0.2409519101081512,0.030736680722011522,0.0005139970416231701
2185.917,0.2706821698,0.23989308781477423,0.24102108523241916,0.030789081985225758,0.000513558299230768
2186.399,0.2707802289,0.23997135542016873,0.2410922637933072,0.030808873479831245,0.0005131201870390767
2186.881,0.2708930148,0.2400518559395018,0.24116544176258092,0.030841158860498208,0.0005126827038718336
2187.363,0.2709936553,0.24013458347688954,0.24124061501833688,0.030859071823110484,0.0005122458485554476
2187.845,0.2710657423,0.2402195319959447,0.24131777934525536,0.03084621030405532,0.0005118096199189909
2188.328,0.2711528393,0.24030687845520018,0.24139709671093473,0.03084596084479982,0.0005113731137026759
2188.81,0.2711961809,0.24039625484532423,0.24147823426999898,0.03079992605467574,0.0005109381362180234
2189.292,0.271063693,0.2404878332587239,0.2415613496869618,0.030575859741276107,0.0005105037819140066
2189.774,0.2715317553,0.24058160710410614,0.2416464383752777,0.030950148195893867,0.0005100700496302857
2190.256,0.2716542302,0.24067756965344242,0.24173349565632118,0.030976660546557594,0.0005096369382091441
2190.738,0.2715804651,0.24077571404276227,0.2418225167596656,0.030804751057237734,0.0005092044464954777
2191.22,0.2719371649,0.2408760332729612,0.2419134968233665,0.031061131627038774,0.000508772573336813
2191.702,0.2720520155,0.2409785202106225,0.24200643089424997,0.03107349528937753,0.0005083413175832643
2192.185,0.2719858207,0.24108338694025266,0.24210151280336478,0.030902433759747328,0.0005079097852844314
2192.667,0.27206244430000004,0.2411901918186244,0.24219834369307225,0.03087225248137565,0.0005074797621768701
2193.149,0.2722348059,0.24129914219097298,0.2422971131750647,0.030935663709027006,0.000507050353037996
2193.631,0.2723127157,0.24141023039482662,0.24239781593401988,0.030902485305173366,0.0005066215567282982
2194.113,0.2724934919,0.2415234486377007,0.24250044656488617,0.030970043262299296,0.0005061933721108393
2194.595,0.2727016013,0.24163878899799274,0.2426049995731943,0.031062812302007248,0.0005057657980512344
2195.077,0.2728351452,0.24175624342589236,0.2427114693753733,0.03107890177410766,0.0005053388334176658
2195.559,0.272955288,0.24187580374430026,0.2428198502990701,0.031079484255699757,0.0005049124770808667
2196.042,0.2730724816,0.24199771622666374,0.24293036736976598,0.031074765373336283,0.0005044858452474566
2196.524,0.27324670959999997,0.2421214676158153,0.2430425571006909,0.031125241984184676,0.0005040607033827574
2197.006,0.2733806996,0.24224729959195276,0.2431566403942354,0.031133400008047235,0.0005036361664399431
2197.488,0.27347771470000004,0.2423752034780029,0.243272611226017,0.031102511221997142,0.0005032122332998924
2197.97,0.27374926909999997,0.24250517047437964,0.24339046348453178,0.03124409862562033,0.0005027889028459987
2198.452,0.2738096333,0.24263719165997064,0.24351019097149706,0.031172441640029386,0.0005023661739641695
2198.934,0.2738716303,0.2427712579931342,0.24363178740219837,0.031100372306865798,0.0005019440455428222
2199.416,0.2741750723,0.24290736031270976,0.2437552464058423,0.031267711987290225,0.0005015225164728605
2199.898,0.2742973615,0.24304548933903403,0.2438805615259107,0.03125187216096598,0.0005011015856476901
2200.381,0.2743842568,0.2431859285254082,0.2440079919657285,0.03119832827459179,0.0005006803805215766
2200.863,0.2745890646,0.2433280868129619,0.24413700342458172,0.0312609777870381,0.0005002606441115819
2201.345,0.2745723161,0.24347224324749195,0.24426785110554794,0.031100072852508043,0.0004998415026391963
2201.827,0.2749902226,0.2436183880854662,0.24440052821266067,0.03137183451453379,0.0004994229550077247
2202.309,0.2750214903,0.24376651147008663,0.24453502786606016,0.03125497882991338,0.0004990050001229374
2202.791,0.2751852097,0.24391660343236443,0.2446713431023721,0.03126860626763556,0.0004985876368930569
2203.273,0.2753158851,0.2440686538922032,0.2448094668750886,0.031247231207796794,0.0004981708642287512
2203.755,0.2756542902,0.24422265265948934,0.24494939205495198,0.03143163754051065,0.000497754681043127
2204.238,0.2756400917,0.2443789149628276,0.24509140731396034,0.03126117673717238,0.0004973382246327526
2204.719,0.2760176972,0.24453645381247846,0.24523461770768332,0.03148124338752156,0.0004969240787725161
2205.202,0.2761954818,0.24469656876008467,0.24538020677929046,0.03149891303991531,0.0004965087983394111
2205.684,0.2763004233,0.24485826063858188,0.245527268322556,0.03144216266141811,0.0004960949634610624
2206.166,0.2763828661,0.24502184824012796,0.24567609438345273,0.031361017859872053,0.0004956817126610868
2206.648,0.2766654541,0.24518732073766675,0.245826677344348,0.03147813336233324,0.0004952690448670985
2207.13,0.2767786818,0.2453546672019882,0.24597900950765617,0.03142401459801178,0.0004948569590091117
2207.612,0.276970782,0.24552387660287886,0.24613308309625104,0.031446905397121167,0.0004944454540195306
2208.094,0.2772061155,0.2456949378102803,0.24628889025388312,0.03151117768971973,0.00049403452883314
2208.576,0.2773780677,0.24586783959545466,0.24644642304560074,0.031510228104545346,0.0004936241823871102
2209.059,0.277479279,0.24604293503827235,0.24660600563308127,0.031436343961727675,0.0004932135640780548
2209.541,0.2778071801,0.2462194876634066,0.24676696911370183,0.0315876924365934,0.0004928043731289121
2210.023,0.2778181752,0.24639784657576141,0.24692963393856127,0.0314203286242386,0.0004923957577436217
2210.505,0.27800957579999996,0.24657800016344933,0.2470939918620077,0.031431575636550635,0.0004919877168688008
2210.987,0.27839497080000003,0.24675993672181606,0.24726003456183948,0.031635034078183966,0.0004915802494534129
2211.469,0.2784595934,0.24694364445463918,0.24742775363974653,0.031515948945360805,0.0004911733544487432
2211.951,0.2788011186,0.2471291114753289,0.2475971406217523,0.03167200712467111,0.000490767030808443
2212.433,0.2788981518,0.24731632580813948,0.2477681869586632,0.03158182599186052,0.0004903612774884573
2212.916,0.2789553029,0.2475056691963285,0.24794124402909679,0.03144963370367149,0.0004899552534073264
2213.398,0.2790209179,0.2476963454377769,0.24811558652723092,0.03132457246222309,0.0004895506387829862
2213.88,0.2792213596,0.24788873251582838,0.2482915622676211,0.031332627084171616,0.0004891465913586044
2214.362,0.27947244730000004,0.24808281811009542,0.2484691624045845,0.03138962918990462,0.0004887431100993926
2214.844,0.27972712390000004,0.24827858981713619,0.24864837801950326,0.031448534082863855,0.0004883401939728663
2215.326,0.2798915022,0.24847603515168626,0.248829200121292,0.03141546704831372,0.0004879378419488308
2215.808,0.2801792333,0.24867514154789433,0.2490116196468682,0.03150409175210567,0.00048753605299937274
2216.29,0.2802456089,0.24887589636055774,0.24919562746162183,0.03136971253944226,0.00048713482609886267
2216.772,0.2806894324,0.24907828686636432,0.24938121435989385,0.03161114553363567,0.00048673416022394306
2217.255,0.28076943530000004,0.24928272520752015,0.24956876098271,0.031486710092479886,0.00048633322483977395
2217.737,0.2810141861,0.24948835195030208,0.24975748137693893,0.03152583414969792,0.00048593367911369277
2218.219,0.2812146876,0.2496955757331273,0.24994775279659584,0.0315191118668727,0.0004855346913546095
2218.701,0.2814034701,0.24990438353254618,0.250139565756491,0.031499086567453816,0.0004851362605482018
2219.183,0.281515964,0.25011476225323614,0.25033291070280594,0.03140120174676386,0.0004847383856824054
2219.665,0.2816161269,0.25032669872925756,0.25052777801358916,0.03128942817074243,0.00048434106574738025
2220.147,0.2819850573,0.2505401797253068,0.25072415799925096,0.03144487757469322,0.00048394429973552583
2220.629,0.2820758062,0.2507551919379707,0.25092204090306214,0.03132061426202931,0.00048354808664146753
2221.112,0.2821088612,0.25097217279795725,0.25112183209002437,0.031136688402042756,0.00048315160516126016
2221.594,0.28237482010000003,0.25119021037462974,0.25132269436076626,0.031184609725370294,0.0004827564960374896
2222.076,0.2825267425,0.25140973883351614,0.2515250298609462,0.031117003666483845,0.0004823619368266313
2222.558,0.2829199296,0.25163074461120727,0.25172882857019063,0.03128918498879274,0.00048196792653215994
2223.04,0.2830436417,0.25185321408247446,0.25193408040352394,0.03119042761752555,0.0004815744641597594
2223.522,0.2832941272,0.25207713356152894,0.25214077521188605,0.03121699363847108,0.0004811815487173016
2224.004,0.2833949099,0.2523024893032781,0.2523489027826488,0.031092420596721904,0.0004807891792148387
2224.486,0.28404556459999997,0.2525292675045835,0.25255845284013806,0.03151629709541648,0.0004803973546646164
2224.969,0.2840476483,0.2527579291767088,0.2527698541878022,0.031289719123291204,0.00048000526286037234
2225.451,0.2843385526,0.2529875135408459,0.25298222103949397,0.031351039059154096,0.00047961452638554686
2225.933,0.2845526716,0.2532184785903793,0.2531959791560927,0.03133419300962065,0.0004792243319106703
2226.415,0.2847524568,0.25345081030243916,0.2534111180148726,0.03130164649756084,0.00047883467845666767
2226.897,0.2849782441,0.253684494602391,0.2536276270327087,0.03129374949760899,0.0004784455650465964
2227.379,0.28523751740000003,0.25391951736508256,0.2538454955666092,0.03131800003491747,0.00047805699070567817
2227.861,0.2855888355,0.25415586441609617,0.2540647129142568,0.03143297108390386,0.00047766895446126474
2228.343,0.28582844,0.2543935215329947,0.25428526831454756,0.0314349184670053,0.0004772814553428499
2228.825,0.2859310221,0.25463247444656967,0.254507150948137,0.03129854765343032,0.0004768944923820523
2229.308,0.28608696219999996,0.2548732085758332,0.2547308143671991,0.031213753624166785,0.00047650726345093293
2229.79,0.2861974163,0.25511471270818625,0.2549553214760534,0.031082703591813754,0.0004761213710161085
2230.272,0.28659056169999997,0.25535746953145205,0.25518112299333007,0.031233092168547916,0.00047573601184452
2230.754,0.2866726177,0.25560146460165767,0.2554082078720853,0.031071153098342352,0.0004753511849762663
2231.236,0.28729755440000004,0.25584668343425254,0.2556365650098864,0.0314508709657475,0.00047496688945354484
2231.718,0.2873002059,0.25609311150534,0.2558661832493724,0.031207094394660018,0.0004745831243206627
2232.2,0.2875920274,0.256340734252903,0.2560970513788115,0.031251293147097015,0.0004741998886240105
2232.682,0.28765101179999997,0.25658953707802895,0.25632915813266444,0.031061474721971016,0.0004738171814120723
2233.165,0.288011899,0.25684002515379817,0.2565629775556074,0.031171873846201847,0.00047343420937923325
2233.646,0.2880357469,0.2570906243881558,0.25679704218580107,0.030945122511844225,0.0004730533486466728
2234.129,0.2881491834,0.25734340402339867,0.2570332870514156,0.03080577937660134,0.00047267143102547337
2234.611,0.28858760159999997,0.25759678278544507,0.2572702370543735,0.0309908188145549,0.00047229082936638643
2235.093,0.28864655549999996,0.2578512680889616,0.2575083685427824,0.030795287411038375,0.0004719107514636015
2235.575,0.289176958,0.25810684513909,0.2577476699400721,0.031070112860909993,0.00047153119637802324
2236.057,0.2892282543,0.25836349911253875,0.25798812961985895,0.030864755187461235,0.0004711521631725985
2236.539,0.2894717933,0.2586212151587732,0.2582297359065243,0.030850578141226825,0.0004707736509123243
2237.021,0.2896784618,0.25887997840120125,0.25847247707579263,0.03079848339879876,0.00047039565866424676
2237.503,0.2896479555,0.2591397739383602,0.2587163413553194,0.030508181561639813,0.00047001818549742775
2237.986,0.29008748440000004,0.2594011289978908,0.2589618263202992,0.030686355402109233,0.00046964044895660183
2238.468,0.29038062929999997,0.25966294639066423,0.2592079035825331,0.030717682909335742,0.0004692640122397544
2238.95,0.290478899,0.2599257512051999,0.2594550683306412,0.030553147794800117,0.0004688880918216298
2239.432,0.290642385,0.2601895284522182,0.2597033086057569,0.030452856547781793,0.00046851268677938616
2239.914,0.2909887472,0.2604542631234,0.25995261240388085,0.030534484076600032,0.0004681377961921986
2240.396,0.291108456,0.2607199401925381,0.26020296767647577,0.030388515807461935,0.00046776341914124737
2240.878,0.2913444136,0.2609865446166828,0.26045436233106234,0.030357868983317216,0.0004673895547097017
2241.36,0.29170971430000003,0.2612540613372796,0.26070678423181437,0.03045565296272046,0.00046701620198273707
2241.843,0.2918942961,0.2615230330789021,0.2609607480496864,0.030371263021097883,0.0004666425870468599
2242.325,0.2919872306,0.26179233097444987,0.2612151899327651,0.03019489962555011,0.00046627025604941254
2242.807,0.2919982315,0.26206249587712144,0.26147062237496504,0.029935735622878545,0.000465898434022077
2243.289,0.2925336196,0.26233351267718963,0.26172703307299183,0.030200106922810388,0.00046552712005795645
2243.771,0.2925363713,0.2626053662549285,0.26198440968321474,0.029931005045071513,0.0004651563132521162
2244.253,0.2928771253,0.26287804148171184,0.2622427398222714,0.02999908381828814,0.00046478601270158817
2244.735,0.2931103853,0.2631515232211128,0.262502011067679,0.029958862078887205,0.00046441621750535503
2245.217,0.2933566356,0.26342579632998575,0.26276221095843877,0.029930839270014276,0.0004640469267643659
2245.699,0.2935282468,0.26370084565955254,0.2630233269956499,0.029827401140447463,0.0004636781395815054
2246.182,0.2937653855,0.2639772290578285,0.26328589118293294,0.029788156442171476,0.0004633090915077368
2246.664,0.2939158615,0.26425378689704954,0.2635488037033261,0.02966207460295045,0.00046294130979766785
2247.146,0.2941879962,0.264531075456078,0.26381259462598156,0.02965692074392201,0.00046257402896419556
2247.628,0.2945200715,0.26480907957426925,0.2640772513064482,0.029710991925730734,0.00046220724811795545
2248.11,0.29475212370000003,0.2650877840906461,0.2643427610654461,0.02966433960935394,0.0004618409663715164
2248.592,0.2949620579,0.2653671738449389,0.26460911118948655,0.02959488405506111,0.0004614751828393587
2249.074,0.2951206237,0.2656472336786164,0.2648762889314912,0.02947339002138355,0.0004611098966378744
2249.556,0.2953594946,0.26592794843590695,0.265144281511412,0.029431546164093048,0.0004607451068853757
2250.039,0.2955848734,0.2662098873424385,0.26541363460681044,0.029374986057561503,0.00046038005741954387
2250.521,0.2957838644,0.2664918677759213,0.26568322001759337,0.029291996624078664,0.00046001625895295375
2251.003,0.2960491115,0.2667744576609859,0.2659535817078216,0.02927465383901412,0.00045965295429985985
2251.485,0.29618449609999997,0.26705764186300396,0.2662247067717444,0.029126854236996014,0.0004592901425861553
2251.967,0.29640241110000004,0.2673414052551113,0.2664965822737645,0.029061005844888743,0.0004589278229396239
2252.449,0.2968061938,0.26762573271918566,0.2667691952490668,0.029180461080814346,0.00045856599448992934
2252.931,0.2969229984,0.26791060914681475,0.2670425327042457,0.029012389253185278,0.00045820465636861303
2253.413,0.29722349600000003,0.26819601944025884,0.2673165816179376,0.029027476559741194,0.000457843807709087
2253.896,0.2973142338,0.2684825422560564,0.2675918996735704,0.028831691543943605,0.0004574827005189425
2254.378,0.2975901567,0.26876897606472155,0.267867333739752,0.028821180635278443,0.0004571228292016889
2254.86,0.2978750208,0.2690558984882608,0.2681434400116922,0.02881912231173922,0.0004567634447558547
2255.342,0.2981060761,0.269343294481093,0.26842020536244765,0.028762781618906996,0.0004564045463222875
2255.824,0.2981870371,0.26963114901298796,0.2686976166402748,0.028555888087012038,0.0004560461330436937
2256.306,0.29850408900000003,0.2699194470699827,0.2689756606692695,0.028584641930017307,0.0004556882040646097
2256.788,0.298843702,0.27020817365527894,0.26925432424999746,0.02863552834472105,0.0004553307585314202
2257.27,0.2991668185,0.2704973137901395,0.26953359416013256,0.02866950470986046,0.00045497379559233096
2257.752,0.299107565,0.27078685251477363,0.2698134571550933,0.028320712485226385,0.0004546173143973972
2258.235,0.2995113196,0.2710773767763655,0.2700944823937497,0.028433942823634484,0.0004542605760079449
2258.717,0.299643248,0.27136766863084216,0.2703754929003329,0.02827557936915781,0.00045390505675381015
2259.199,0.3000043814,0.2716583142872393,0.2706570566032125,0.02834606711276072,0.00045355001670312916
2259.681,0.300129015,0.2719492988702811,0.2709391601751241,0.028179716129718924,0.00045319545501322213
2260.163,0.3003270468,0.2722406075279377,0.271221790269742,0.02808643927206228,0.00045284137084321394
2260.645,0.3008214194,0.2725322254322605,0.2715049335223205,0.02828919396773949,0.0004524877633540256
2261.127,0.30077289539999996,0.2728241377802046,0.2717885765503332,0.027948757619795372,0.00045213463170838355
2261.609,0.3009166959,0.2731163297944452,0.27207270595411337,0.027800366105554752,0.00045178197507079825
2262.092,0.301300112,0.27340939374646145,0.2723578992611566,0.02789071825353856,0.0004514290624308821
2262.573,0.3014920507,0.2737014938459545,0.2726423702084638,0.027790556854045523,0.00045107808348679446
2263.056,0.30163884339999997,0.2739950444637841,0.2729284709743334,0.02764379893621588,0.00045072611866226603
2263.538,0.302031184,0.2742882083553676,0.27321441244774036,0.027742975644632406,0.00045037535471548863
2264.02,0.3022145603,0.27458157841003694,0.2735007730359873,0.02763298188996305,0.0004500250616243543
2264.502,0.302270266,0.274875140021494,0.2737875392500291,0.02739512597850602,0.0004496752385640492
2264.984,0.3024066794,0.27516887861462536,0.2740746975881794,0.027237800785374633,0.00044932588471150906
2265.466,0.3027477566,0.27546277964625054,0.27436223453675684,0.02728497695374943,0.0004489769992454341
2265.948,0.3031373659,0.27575682860585427,0.2746501365707258,0.027380537294145746,0.0004486285813462717
2266.43,0.30320839039999997,0.2760510110163149,0.2749383901543414,0.027157379383685065,0.00044828063019622085
2266.913,0.3034822185,0.276345923132186,0.27522758082148013,0.027136295367814034,0.0004479324245393045
2267.395,0.3034976481,0.2766403293522117,0.27551649751657237,0.026857318747788295,0.000447585405405172
2267.877,0.3038577756,0.2769348257694476,0.27580572506811396,0.02692294983055238,0.0004472388505755013
2268.359,0.3042507093,0.2772293980475135,0.2760952499039475,0.02702131125248647,0.0004468927592394524
2268.841,0.30433888259999997,0.2775240318869274,0.2763850584444304,0.026814850713072547,0.0004465471305878928
2269.323,0.30460222940000004,0.27781871302577504,0.2766751371030749,0.02678351637422499,0.0004462019638134206
2269.805,0.3048422569,0.27811342724037663,0.2769654722871956,0.026728829659623365,0.0004458572581103613
2270.287,0.3050745084,0.27840816034594235,0.27725605039855133,0.026666348054057654,0.00044551301267473846
2270.77,0.30517769770000003,0.27870350968167745,0.27754746139786146,0.026474188018322575,0.0004451685139324427
2271.252,0.3054881426,0.27899823813953106,0.2778384849833616,0.02648990446046895,0.0004448251875773698
2271.734,0.3056412464,0.2792929431446013,0.2781297106462405,0.02634830325539872,0.00044448231908640634
2272.216,0.3059738924,0.2795876106741183,0.2784211247724668,0.0263862817258817,0.0004441399076623989
2272.698,0.3061076195,0.27988222674735,0.27871271374567586,0.026225392752649956,0.0004437979525098843
2273.18,0.3065948835,0.2801767774261998,0.2790044639478081,0.02641810607380024,0.00044345645283508064
2273.662,0.3067260066,0.2804712488158029,0.27929636175975286,0.026254757784197114,0.00044311540784590516
2274.144,0.30681181150000003,0.28076562706510827,0.2795883935619906,0.02604618443489176,0.00044277481675194114
2274.626,0.3070157365,0.2810598983674575,0.2798805457352347,0.02595583813254254,0.0004424346787644544
2275.109,0.3073116132,0.281354659097092,0.2801734111089149,0.025956954102907992,0.00044209428882397046
2275.591,0.3074626055,0.28164867497282764,0.28046576334952467,0.025813930527172346,0.0004417550556258864
2276.073,0.3076986336,0.28194254272529184,0.2807581950828466,0.02575609087470815,0.0004414162731764595
2276.555,0.30773381,0.28223624873107167,0.2810506926969416,0.025497561268928326,0.000441077940693613
2277.037,0.3079927134,0.2825297794138948,0.2813432425833071,0.02546293398610522,0.0004407400573969351
2277.519,0.308216136,0.28282312124515424,0.28163583113751717,0.025393014754845733,0.00044040262250765215
2278.001,0.3084125135,0.28311626074442175,0.2819284447598579,0.02529625275557823,0.0004400656352486469
2278.483,0.3087155719,0.2834091844799561,0.2822210698559689,0.025306387420043874,0.00043972909484444125
2278.966,0.3087681949,0.283702486071931,0.28251429992747856,0.025065708828069022,0.0004393923036932333
2279.448,0.30898069289999996,0.2839949376651088,0.28280690716596135,0.02498575523489116,0.00043905665560181893
2279.93,0.3094301662,0.2842871334688818,0.28309948510545685,0.02514303273111823,0.0004387214520469844
2280.412,0.3095987627,0.2845790602512559,0.28339202017939336,0.025019702448744074,0.0004383866922597886
2280.894,0.3096540936,0.28487070483133076,0.2836844988297319,0.024783388768669257,0.00043805237547290643
2281.376,0.3102214693,0.2851620540797567,0.28397690750760013,0.025059415220243297,0.0004377185009206297
2281.858,0.3102977328,0.28545309491917914,0.2842692326739225,0.024844637880820863,0.00043738506783887193
2282.34,0.31055036210000003,0.28574381432468243,0.2845614608000561,0.0248065477753176,0.0004370520754651516
2282.823,0.3107501551,0.28603480142613835,0.2848541842971687,0.02471535367386163,0.00043671883355259983
2283.305,0.31068761559999997,0.28632483836696887,0.28514617753044647,0.024362777233031097,0.0004363867212243209
2283.787,0.3110487874,0.2866145150913906,0.2854380331785127,0.02443427230860945,0.00043605504732468884
2284.269,0.31094985210000003,0.28690381878858173,0.2857297377607775,0.024046033311418302,0.0004357238110976281
2284.751,0.3112414645,0.28719273670223266,0.28602127781022824,0.024048727797767344,0.00043539301178865123
2285.233,0.3114157958,0.28748125613093756,0.2863126398740562,0.02393453966906245,0.0004350626486448596
2285.715,0.3115845427,0.28776936442857987,0.2866038105142843,0.023815178271420157,0.00043473272091493594
2286.197,0.3117958069,0.28805704900470575,0.28689477630838967,0.023738757895294282,0.0004344032278491428
2286.679,0.3118501295,0.28834429732489253,0.28718552384992757,0.02350583217510749,0.0004340741686993177
2287.162,0.311947774,0.28863169145591144,0.2874766422291627,0.023316082544088568,0.0004337448613719858
2287.644,0.3122678634,0.2889180289172377,0.2877669125914329,0.02334983448276229,0.0004334166687122557
2288.126,0.3124394454,0.2892038928335059,0.2880569245567951,0.023235552566494122,0.0004330889077318731
2288.608,0.3125460554,0.28948927089805565,0.2883466647893641,0.023056784501944372,0.0004327615776889347
2289.09,0.3127917434,0.28977415086197944,0.28863611997243266,0.023017592538020548,0.000432434677843101
2289.572,0.31285190220000003,0.2900585205344457,0.28892527680908764,0.022793381665554335,0.00043210820745557876
2290.054,0.313084568,0.2903423677830121,0.2892141220228245,0.022742200216987918,0.00043178216578912203
2290.536,0.313114718,0.29062568053393234,0.2895026423581617,0.022489037466067674,0.00043145655210803
2291.019,0.3131954936,0.29090903284800257,0.28979142210904607,0.022286460751997417,0.00043113069146112
2291.5,0.31344827729999997,0.29119065454312504,0.2900786554804943,0.02225762275687493,0.0004308066057668423
2291.983,0.3135592828,0.2914728756589079,0.29036671788238566,0.022086407141092113,0.00043048159919275317
2292.465,0.31382321739999997,0.2917539296459024,0.2906538057939191,0.022069287754097555,0.00043015769100797303
2292.947,0.3140089343,0.292034389632833,0.2909405028591202,0.021974544667166973,0.00042983420715157473
2293.429,0.31398452920000003,0.29231424390429606,0.2912267959614996,0.021670285295703973,0.000429511146897049
2293.911,0.3142740382,0.2925934808055336,0.29151267200984865,0.021680557394466393,0.00042918850951939943
2294.393,0.3145494547,0.2928720887426812,0.2917981179388396,0.021677365957318784,0.0004288662942951442
2294.875,0.3144143851,0.29315005618301204,0.29208312070962705,0.021264328916987985,0.00042854450050231054
2295.357,0.3146268702,0.2934273716551713,0.2923676673104453,0.02119949854482872,0.00042822312742044375
2295.84,0.31491603,0.2937045970189477,0.2926523336328278,0.021211432981052325,0.00042790150888887945
2296.322,0.3148218523,0.2939805729757402,0.29293592795604534,0.020841279324259776,0.0004275809759426727
2296.804,0.31507663529999996,0.2942558628974563,0.2932190272156603,0.020820772402543652,0.000427260861553552
2297.286,0.3152047186,0.29453045556059676,0.29350161851424805,0.02067426303940323,0.0004269411650070487
2297.768,0.3151651216,0.2948043398041198,0.2937836889844371,0.02036078179588019,0.0004266218855901837
2298.25,0.315641043,0.2950775045296373,0.2940652257894961,0.020563538470362686,0.00042630302259145307
2298.732,0.31573158219999997,0.2953499387016071,0.2943462161239223,0.020381643498392887,0.0004259845753008445
2299.214,0.3158295824,0.2956216313475155,0.29462664721402493,0.020207951052484463,0.00042566654300981506
2299.697,0.3160270698,0.2958931328849881,0.29490708633566076,0.02013393691501192,0.0004253482664829648
2300.179,0.3159469305,0.29616330821943776,0.2951863595199694,0.01978362228056224,0.0004250310629287031
2300.661,0.3163719685,0.29643270946791495,0.2954650353093283,0.019939259032085044,0.00042471427225576494
2301.143,0.3164510082,0.29670132591187925,0.2957431010631858,0.01974968228812074,0.00042439789376150135
2301.625,0.3165230818,0.296969146896654,0.29602054417570534,0.019553934903346004,0.0004240819267446965
2302.107,0.3166650819,0.2972361618315721,0.2962973520763369,0.01942892006842789,0.0004237663705056066
2302.589,0.3168961688,0.29750236019011755,0.29657351223038775,0.019393808609882435,0.0004234512243459388
2303.071,0.3169954354,0.29776773151006697,0.2968490121395965,0.019227703889933057,0.0004231364875688388
2303.553,0.3171060145,0.29803226539361527,0.2971238393426964,0.019073749106384708,0.0004228221594789127
2304.036,0.3172391206,0.29829649768574407,0.297398549454684,0.018942622914255913,0.0004225075885193177
2304.518,0.3171552741,0.29855932397059604,0.297671992552609,0.01859595012940396,0.00042219407656759675
2305.0,0.3172962888,0.29882128199229074,0.297944725762683,0.01847500680770925,0.00042188097122404343
2305.482,0.3172490618,0.29908236161204627,0.29821673677734706,0.018166700187953744,0.0004215682717990101
2305.964,0.3174662399,0.29934255275607724,0.29848801332885055,0.018123687143922762,0.000421255977604269
2306.446,0.3174807651,0.2996018454156929,0.2987585431898039,0.017878919684307104,0.0004209440879530208
2306.928,0.3175716331,0.29986022964739,0.299028314173732,0.017711403452609964,0.00042063260215988727
2307.41,0.31769662390000003,0.30011769557294504,0.2992973141356277,0.017578928327054988,0.00042032151954090084
2307.893,0.3174458026,0.30037476464405566,0.29956608661653295,0.017071037955944335,0.00042001019526685565
2308.375,0.3175640274,0.3006303626283025,0.2998335066056713,0.0169336647716975,0.000419699917782864
2308.857,0.3177764834,0.30088501304418735,0.3001001193671353,0.01689147035581262,0.0004193900414281969
2309.339,0.3179849058,0.3011387062755162,0.30036591292733344,0.016846199524483796,0.00041908056552453124
2309.821,0.3180222566,0.3013914327717425,0.3006308753568627,0.01663082382825748,0.0004187714893949437
2310.303,0.31816192579999997,0.3016431830480269,0.30089499477104575,0.01651874275197307,0.00041846281236390665
2310.785,0.3183943141,0.3018939476852889,0.3011582593304615,0.016500366414711143,0.00041815453375728605
2311.267,0.3185648405,0.30214371733026046,0.3014206572414816,0.016421123169739538,0.00041784665290234
2311.75,0.318849194,0.30239299775589423,0.3016827184071934,0.01645619624410577,0.0004175385316068648
2312.232,0.3189323552,0.30264074750771247,0.3019433459675458,0.016291607692287546,0.0004172314450643126
2312.714,0.3192106983,0.3028874745838146,0.3022030717545222,0.016323223716185387,0.0004169247542621305
2313.196,0.3193566407,0.3031331698947315,0.30246188416303343,0.016223470805268536,0.0004166184585330982
2313.678,0.3193843407,0.30337782441698863,0.3027197716364034,0.016006516283011363,0.00041631255721137904
2314.16,0.3198232819,0.30362142919313506,0.30297672266689235,0.016201852706864917,0.00041600704963250387
2314.642,0.3195917723,0.3038639753317627,0.3032327257962084,0.01572779696823734,0.0004157019351333658
2315.124,0.3200072255,0.30410545400752054,0.3034877696160192,0.015901771492479455,0.00041539721305222947
2315.606,0.31993778030000003,0.3043458564611303,0.3037418427684635,0.015591923838869703,0.00041509288272871715
2316.089,0.3200693473,0.30458566937504705,0.30399545800351235,0.015483677924952921,0.0004147883133305837
2316.571,0.3200930059,0.3048238910931669,0.3042475538797434,0.015269114806833128,0.00041448476535595945
2317.053,0.3201637509,0.30506101069010483,0.3044986452997083,0.01510274020989516,0.0004141816071645874
2317.535,0.32023213079999996,0.30529701967105377,0.30474872111257767,0.014935111128946188,0.00041387883810150054
2318.017,0.3202304874,0.3055319096072828,0.3049977702204988,0.01469857779271716,0.0004135764575130667
2318.499,0.3202372517,0.3057656721361284,0.30524578157909144,0.014471579563871628,0.00041327446474701137
2318.981,0.32029385920000003,0.30599829896098274,0.3054927441979386,0.014295560239017291,0.0004129728591523821
2319.463,0.3202375474,0.30622978185127336,0.3057386471410715,0.014007765548726625,0.0004126716400795695
2319.946,0.32047370669999997,0.3064605893039265,0.3059839863581078,0.014013117396073471,0.0004123701831456878
2320.427,0.32041476179999995,0.3066892832359456,0.30622723053148393,0.013725478564054372,0.000412070358907591
2320.91,0.3207553051,0.30691775741321614,0.30647039168229995,0.013837547686783858,0.00041176967337701277
2321.392,0.3206777263,0.30714458113105036,0.3067119453696191,0.013533145168949656,0.00041146999471779275
2321.874,0.32060000870000005,0.3073702207348966,0.3069523855129638,0.013229787965103434,0.00041117069935089304
2322.356,0.3207727585,0.3075946683900147,0.30719170151327024,0.013178090109985274,0.000410871786634648
2322.838,0.3209881299,0.3078179163274968,0.3074298828292619,0.013170213572503198,0.00041057325592869026
2323.32,0.32087428879999996,0.308039956844225,0.30766691897791165,0.012834331955774936,0.000410275106593974
2323.802,0.32122041869999995,0.3082607823028277,0.3079027995349052,0.012959636397172236,0.0004099773379927528
2324.284,0.3213710621,0.30848038513163084,0.3081375141350988,0.012890676968369152,0.0004096799494885842
2324.767,0.3215115091,0.30869920959609465,0.3083715357625101,0.012812299503905333,0.0004093823246390055
2325.249,0.321926139,0.3089163421375476,0.3086038851203902,0.013009796862452405,0.0004090856952100983
2325.731,0.3221357436,0.30913222971262894,0.3088350377645399,0.013003513887371088,0.0004087894439753911
2326.213,0.32231560950000004,0.3093468650120717,0.3090649835711539,0.012968744487928341,0.0004084935703036204
2326.695,0.3225833148,0.30956024079203237,0.30929371247784637,0.01302307400796765,0.0004081980735648101
2327.177,0.322782697,0.3097723498740278,0.3095212144840911,0.01301034712597221,0.0004079029531302726
2327.659,0.3228787062,0.3099831851448738,0.30974747965166205,0.012895521055126202,0.00040760820837259707
2328.141,0.32347806290000003,0.3101927395566132,0.30997249810506305,0.013285323343386835,0.0004073138386656499
2328.624,0.3233949701,0.31040143687125177,0.3101967229553948,0.012993533228748244,0.00040701923382464406
2329.106,0.3235264447,0.3106084059881101,0.3104192159698319,0.012918038711889901,0.0004067256131207332
2329.588,0.3237613892,0.3108140734785171,0.31064043300427135,0.012947315721482944,0.0004064323655955032
2330.07,0.32391407829999996,0.31101843255485545,0.3108603644385573,0.012895645745144513,0.0004061394906279053
2330.552,0.3241577758,0.31122147649436904,0.3110790007173891,0.01293629930563095,0.0004058469875981574
2331.034,0.3240952704,0.3114231986390853,0.3112963323507373,0.012672071760914727,0.00040555485588772335
2331.516,0.3241613865,0.311623592395732,0.3115123499142538,0.012537794104267974,0.0004052630948793444
2331.998,0.3242819883,0.31182265123565556,0.31172704404968243,0.012459337064344433,0.00040497170395699183
2332.48,0.3245125926,0.3120203686947339,0.31194040546526025,0.012492223905266109,0.00040468068250591326
2332.963,0.3246066902,0.31221714437384573,0.31215286340923365,0.012389545826154258,0.0004043894272819005
2333.445,0.3244607679,0.312412157120658,0.31236352896522523,0.012048610779341995,0.0004040991436974031
2333.927,0.324512205,0.3126058094676408,0.3125728343102675,0.01190639553235917,0.00040380922774607946
2334.409,0.32455989529999996,0.3127980952080549,0.312780770422707,0.011761800091945052,0.00040351967881814224
2334.891,0.32430098690000003,0.31298900819924425,0.3129873283493614,0.011311978700755787,0.0004032304963050337
2335.373,0.3243953201,0.31317854236254117,0.313192499205904,0.011216777737458827,0.0004029416795994363
2335.855,0.3244530768,0.31336669168317155,0.3133962741772469,0.011086385116828468,0.00040265322809525053
2336.337,0.32445086770000003,0.3135534502101574,0.3135986445179178,0.010897417489842631,0.00040236514118761684
2336.82,0.3243294856,0.31373919516846716,0.313800017000634,0.010590290431532867,0.00040207682171533273
2337.302,0.3243216551,0.31392315159414874,0.31399954916495637,0.010398503505851253,0.0004017894629443927
2337.784,0.3241878254,0.3141056997431512,0.3141976508659805,0.010082125656848795,0.0004015024669614902
2338.266,0.32434975309999997,0.3142868339188149,0.3143943136405564,0.01006291918118507,0.0004012158331666437
2338.748,0.32417929630000003,0.3144665484877713,0.31458952909698856,0.00971274781222875,0.00040092956096108044
2339.23,0.3239762005,0.31464483787984043,0.3147832889153942,0.009331362620159545,0.0004006436497472368
2339.712,0.3243125109,0.31482169658792336,0.314975584848055,0.009490814312076656,0.0004003580989287583
2340.194,0.32397602659999997,0.31499711916789835,0.31516640871976853,0.008978907432101613,0.0004000729079104925
2340.677,0.3241017282,0.3151714596929468,0.31535614371325815,0.008930268507053196,0.0003997874855341005
2341.159,0.3242219897,0.3153439909285073,0.31554399613342987,0.008877998771492701,0.00039950301307900104
2341.641,0.3247531051,0.3155150700695388,0.3157303523891587,0.009238035030461167,0.0003992188986446258
2342.123,0.3247105257,0.31568469192287674,0.3159152045988869,0.009025833777123238,0.0003989351416406139
2342.605,0.32497115559999995,0.3158528513577889,0.316098544955269,0.00911830424221105,0.0003986517414777942
2343.087,0.32517590220000003,0.3160195433058665,0.3162803657255014,0.00915635889413352,0.0003983686975681755
2343.569,0.3253432799,0.31618476276091145,0.3164606592516455,0.009158517139088551,0.0003980860093249575
2344.051,0.32554182670000004,0.3163485047788257,0.31663941795095074,0.009193321921174336,0.00039780367616251965
2344.533,0.3254506663,0.31651076447749615,0.3168166343161698,0.00893990182250387,0.00039752169749641926
2345.016,0.3258011782,0.3166718690405251,0.3169926637533096,0.009129309159474908,0.0003972394888271568
2345.498,0.3254179567,0.31683114660162787,0.31716676999406584,0.008586810098372144,0.0003969582181375501
2345.98,0.3257640944,0.31698892755826,0.31733931182012104,0.008775166841739956,0.0003966773001967923
2346.462,0.3259145282,0.3171452072752504,0.31751028202950593,0.00876932092474958,0.0003963967344251284
2346.944,0.3257015484,0.3172999811788459,0.3176796734972901,0.008401567221154094,0.0003961165202439698
2347.426,0.3258936988,0.3174532447565954,0.3178474791758731,0.0084404540434046,0.0003958366570758872
2347.908,0.3259459877,0.3176049935572368,0.31801369209528013,0.00834099414276318,0.0003955571443446106
2348.39,0.3262966615,0.3177552231905796,0.3181783053634454,0.00854143830942039,0.0003952779814750312
2348.873,0.3262848372,0.3179042362597059,0.31834164868028714,0.008380600940294136,0.0003949985898044562
2349.354,0.3263115287,0.31805110769928,0.3185027057690494,0.008260421000719997,0.0003947207030262667
2349.837,0.3265992437,0.3181970546741665,0.3186628093068371,0.008402189025833506,0.0003944420096584656
2350.319,0.3265775294,0.3183411617625865,0.31882095323634196,0.008236367637413533,0.00039416424122808554
2350.801,0.3265027279,0.3184837286363889,0.31897746421935325,0.008018999263611104,0.0003938868197999046
2351.283,0.32650081900000005,0.31862475126951795,0.3191323358372672,0.007876067730482106,0.0003936097448056982
2351.765,0.3267357113,0.3187642256961808,0.31928556175129885,0.007971485603819217,0.0003933330156783694
2352.247,0.32656925299999995,0.3189021480107327,0.31943713570273913,0.007667104989267259,0.00039305663185197165
2352.729,0.3268316373,0.31903851436756137,0.31958705151320854,0.007793122932438612,0.00039278059276166914
2353.211,0.3268332965,0.3191733209809708,0.31973530308490594,0.007659975519029194,0.00039250489784377546
2353.694,0.32693919039999997,0.3193068389353517,0.31988218677111224,0.007632351464648246,0.0003922289756242323
2354.176,0.3272302364,0.31943851168884185,0.3200270884117122,0.007791724711158132,0.00039195396807569676
2354.658,0.32735757220000006,0.31956861369275835,0.3201703079939834,0.007788958507241706,0.00039167930301407176
2355.14,0.3273135465,0.31969714140004957,0.3203118397450264,0.00761640509995043,0.0003914049798801511
2355.622,0.32747418289999997,0.3198240913230071,0.32045167797370794,0.007650091576992868,0.00039113099811584855
2356.104,0.3275008572,0.3199494600331536,0.32058981707088935,0.007551397166846385,0.00039085735716419366
2356.586,0.32761009700000004,0.3200732441611295,0.32072625150964784,0.007536852838870567,0.000390584056469325
2357.068,0.32759511480000003,0.3201954403965789,0.3208609758454943,0.007399674403421153,0.0003903110954764889
2357.551,0.3272925825,0.3203162940498572,0.32099425888170624,0.006976288450142809,0.0003900379083787158
2358.033,0.32722629259999997,0.3204353014936144,0.32112554343362665,0.006790991106385591,0.00038976562583202187
2358.515,0.32737494030000003,0.3205527114602441,0.32125510203520036,0.006822228839755917,0.00038949368132858153
2358.997,0.3271964546,0.3206685208744121,0.3213829295739489,0.006527933725587909,0.0003892220743180556
2359.479,0.3276717984,0.32078272671923136,0.3215090210208598,0.0068890716807686325,0.00038895080425120084
2359.961,0.3277135189,0.3208953260361538,0.3216333714305809,0.0068181928638462175,0.00038867987057985653
2360.443,0.3276488449,0.32100631592485823,0.3217559759416089,0.0066425289751417815,0.00038840927275696224
2360.925,0.3280883805,0.32111569354314573,0.3218768297764783,0.006972686956854268,0.0003881390102365413
2361.407,0.3281696763,0.3212234561068288,0.3219959282419419,0.006946220193171204,0.0003878690824737043
2361.89,0.3283188663,0.3213298194234786,0.3221135083373499,0.00698904687652141,0.00038759892994896106
2362.372,0.3281648827,0.3214343403922443,0.32222907865658557,0.006730542307755716,0.0003873296707626452
2362.854,0.32783671839999995,0.32153723829549513,0.32234288002462785,0.006299480104504818,0.000387060744704602
2363.336,0.3279219226,0.3216385105801489,0.3224549080870238,0.006283412019851109,0.00038679215123426026
2363.818,0.32758803270000003,0.3217381547506085,0.32256515857439266,0.005849877949391513,0.0003865238898121214
2364.3,0.32726080539999997,0.3218361683686566,0.3226736273025801,0.005424637031343382,0.0003862559598997505
2364.782,0.32728303750000004,0.32193254905335456,0.32278031017281605,0.005350488446645485,0.00038598836095979046
2365.264,0.32707265309999994,0.3220272944809405,0.3228852031718634,0.00504535861905947,0.0003857210924559411
2365.747,0.3273874076,0.3221205938509092,0.32298851440359105,0.005266813749090826,0.00038545360038100333
2366.229,0.3276491448,0.3222120586169931,0.3230898122299274,0.005437086183006923,0.0003851869918275126
2366.711,0.32773488479999996,0.32230188149232686,0.32318930865229756,0.005433003307673101,0.0003849207121065072
2367.193,0.3279709236,0.3223900603809733,0.3232870000011939,0.005580863219026733,0.00038465476068592653
2367.675,0.32851812440000006,0.3224765932436766,0.32338288269333226,0.006041531156323443,0.0003843891370347602
2368.157,0.3288722201,0.32256147809776636,0.32347695323177594,0.006310742002233638,0.0003841238406230594
2368.639,0.3291383717,0.3226447130170623,0.3235692082060594,0.006493658682937664,0.00038385887092191005
2369.121,0.3293966194,0.32272629613177994,0.32365964429230376,0.006670323268220035,0.0003835942274034529
2369.604,0.3295150641,0.3228063897371094,0.3237484402034303,0.0067086743628905765,0.0003833293615017147
2370.086,0.3295597704,0.3228846604222596,0.32383522509878165,0.006675109977740401,0.0003830653694432266
2370.568,0.32956732610000006,0.32296127402745634,0.32392018164883296,0.006606052072543722,0.0003828017019890044
2371.05,0.3292933661,0.32303622890769346,0.3240033068773305,0.006257137192306528,0.0003825383586153452
2371.532,0.329307055,0.3231095234739054,0.32408459789513466,0.006197531526094591,0.00038227533879958426
2372.014,0.3293055761,0.3231811561928797,0.3241640519003135,0.006124419907120315,0.00038201264202008346
2372.496,0.3292879505,0.323251125587169,0.3242416661782308,0.006036824912830974,0.0003817502677562321
2372.978,0.32919919919999996,0.32331943023500676,0.32431743810163116,0.005879768964993204,0.0003814882154884508
2373.46,0.32931657540000003,0.32338606877022147,0.324391365130721,0.005930506629778565,0.0003812264846981763
2373.943,0.3291776859,0.32345117294283127,0.3244635924341887,0.00572651295716875,0.0003809645328571062
2374.425,0.3294062518,0.323514471912999,0.32453381856552993,0.005891779887001014,0.00038070344413454216
2374.907,0.32962490899999997,0.32357610100234524,0.32460219270406254,0.006048807997654726,0.00038044267533886327
2375.389,0.3297298901,0.3236360590663742,0.3246687126607462,0.006093831033625763,0.0003801822259555828
2375.871,0.3296418328,0.3236943450157818,0.3247333763343452,0.005947487784218164,0.00037992209547123095
2376.353,0.3298723114,0.32375095781637603,0.3247961817114822,0.0061213535836239785,0.00037966228337334303
2376.835,0.3300298239,0.32380589648900254,0.32485712686669344,0.006223927410997476,0.00037940278915046664
2377.317,0.33009815709999996,0.3238591601094683,0.32491620996247306,0.006238996990531653,0.000379143612292147
2377.799,0.3303058867,0.3239107478084693,0.3249734292493195,0.006395138891530705,0.0003788847522889377
2378.281,0.33035575780000004,0.3239606587715167,0.32502878306577343,0.006395099028483342,0.00037862620863239534
2378.764,0.3307524422,0.3240089905640512,0.325082378865032,0.006743451635948805,0.00037836744540066796
2379.246,0.3307140588,0.3240555423481941,0.3251339932305714,0.006658516451805874,0.000378109533569795
2379.728,0.3310129881,0.3241004152798127,0.3251837376671276,0.006912572820187313,0.0003778519365651773
2380.21,0.3308443534,0.3241436087630941,0.32523161086591046,0.006700744636905898,0.0003775946538823507
2380.692,0.33116980830000003,0.3241851222566979,0.3252776116063101,0.006984686043302157,0.00037733768501783715
2381.174,0.33116645079999996,0.3242249552736901,0.32532173875591064,0.006941495526309849,0.0003770810294691436
2381.656,0.3313398024,0.3242631073814801,0.32536399127050186,0.007076695018519874,0.00037682468673477196
2382.138,0.3315707813,0.32429957820175837,0.3254043681940857,0.007271203098241641,0.00037656865631418955
2382.621,0.331686459,0.3243344378389911,0.32544294658423406,0.007352021161008915,0.0003763124074951099
2383.103,0.3318880232,0.32436754167651405,0.3254795659152341,0.0075204815234859446,0.0003760570008498278
2383.585,0.33192958640000003,0.3243989634162877,0.32551430731517095,0.007530622983712321,0.00037580190502160143
2384.067,0.332119116,0.32442870289664116,0.32554717018106527,0.0076904131033588286,0.000375547119513823
2384.549,0.3320904838,0.32445676000989226,0.32557815399812223,0.007633723790107738,0.0003752926438308413
2385.031,0.332531424,0.3244831347022934,0.32560725833971405,0.008048289297706623,0.00037503847747799053
2385.513,0.3323511328,0.3245078269739772,0.3256344828673585,0.007843305826022828,0.000374784619961552
2385.995,0.3323352027,0.32453083687890616,0.3256598273306929,0.007804365821093839,0.0003745310707887854
2386.478,0.33251843999999997,0.32455220702444937,0.325683338293877,0.007966232975550602,0.0003742773043906427
2386.96,0.3325935665,0.32457184908319636,0.32570491832877085,0.008021717416803631,0.00037402437106799256
2387.442,0.33288473789999995,0.3245898092600527,0.325724618076782,0.008294928639947241,0.0003737717446155284
2387.924,0.3327455829,0.32460608782391587,0.3257424376398672,0.008139495076084136,0.0003735194245443356
2388.406,0.33274234550000004,0.32462068509727204,0.32575837720791156,0.008121660402727993,0.00037326741036646226
2388.888,0.3326782207,0.3246336014561534,0.32577243705867887,0.00804461924384664,0.00037301570159490265
2389.37,0.3326630453,0.3246448373300943,0.325784617557757,0.00801820796990571,0.00037276429774360227
2389.852,0.3326233231,0.3246543932020905,0.32579491915849923,0.007968929897909482,0.0003725131983274572
2390.334,0.33260041970000004,0.3246622696085584,0.3258033424019622,0.007938150091441665,0.00037226240286229864
2390.817,0.33264854450000003,0.32466847825249634,0.32580989954533474,0.007980066247503692,0.0003720113914870827
2391.299,0.3325577993,0.3246729940695453,0.32581456415447374,0.007884805230454706,0.0003717612031032724
2391.781,0.3325284454,0.3246758323519624,0.3258173525567959,0.007852613048037582,0.0003715113172226058
2392.263,0.3324020713,0.32467699384958426,0.3258182656436467,0.007725077450415729,0.0003712617333646791
2392.745,0.332571595,0.32467647936548827,0.32581730439370205,0.007895115634511729,0.00037101245105001856
2393.227,0.3323086676,0.32467428975595886,0.325814469872882,0.00763437784404114,0.00037076346980008444
2393.709,0.33244391749999996,0.3246704259304575,0.32580976323425903,0.00777349156954249,0.0003705147891372671
2394.191,0.3326360029,0.3246648888515927,0.325803185717965,0.00797111404840728,0.0003702664085848819
2394.674,0.3323620271,0.32465766284045,0.32579471918363134,0.007704364259550012,0.0003700178132876123
2395.156,0.33246676540000003,0.32464877888912264,0.32578440010585596,0.007817986510877395,0.00036977003214991436
2395.638,0.33230454600000003,0.3246382248932421,0.3257722143953543,0.007666321106757912,0.0003695225496971623
2396.12,0.33242963420000005,0.32462600202784186,0.3257581636396466,0.007803632172158181,0.0003692753654563613
2396.602,0.3321927346,0.3246121115209721,0.32574224951277925,0.007580623079027904,0.0003690284789554392
2397.084,0.3322365981,0.3245965546536771,0.32572447377520597,0.007640043446322908,0.00036878188972322814
2397.566,0.3320022825,0.3245793327599746,0.3257048382736651,0.007422949740025442,0.000368535597289489
2398.048,0.332140269,0.3245604472268354,0.3256833449410542,0.0075798217731645745,0.0003682896011848752
2398.531,0.3321062998,0.3245398551371901,0.3256599454264254,0.0075664446628099236,0.0003680433914966466
2399.012,0.33198841100000004,0.32451769105478645,0.3256347929442206,0.007470719945213589,0.00036779849609023195
2399.495,0.3319869129,0.3244937722129875,0.32560768052291766,0.007493140687012512,0.00036755287794549635
2399.977,0.33204214870000004,0.32446824361301996,0.3255787730793621,0.007573905086980082,0.0003673080630925976
2400.459,0.3318976592,0.3244410591056378,0.32554801876189815,0.007456600094362165,0.00036706354223476473
2400.941,0.3317288802,0.3244122203952897,0.32551542001768086,0.0073166598047103015,0.0003668193149080785
2401.423,0.3317620475,0.3243817292392707,0.3254809793790299,0.007380318260729268,0.0003665753806495224
2401.905,0.33172808420000005,0.3243495874477118,0.32544469946327215,0.007378496752288244,0.000366331738996971
2402.387,0.33163268760000003,0.32431579688357093,0.3254065829725807,0.007316890716429103,0.00036608838948919083
2402.869,0.3316063287,0.3242803594626237,0.32536663269380905,0.0073259692373763285,0.0003658453316658423
2403.352,0.3312466405,0.3242431985107426,0.3253247629141484,0.007003441989257397,0.0003656020617047328
2403.834,0.33133174169999996,0.3242044699284461,0.3252811499683309,0.007127271771553867,0.0003653595864755366
2404.316,0.3312835804,0.32416410055786726,0.32523571210776236,0.0071194798421327365,0.0003651174015541124
2404.798,0.331282927,0.32412209252609947,0.32518845245646366,0.007160834473900535,0.00036487550648366064
2405.28,0.33116326100000004,0.3240784480130279,0.32513937422225336,0.0070848129869721665,0.0003646339008082594
2405.762,0.331004132,0.32403316925132597,0.32508848069655816,0.006970962748674037,0.00036439258407286847
2406.244,0.33098691799999996,0.3239862585264553,0.3250357752542212,0.007000659473544668,0.0003641515558233185
2406.726,0.3309129624,0.3239377181766648,0.32498126135330696,0.006975244223335231,0.0003639108156063205
2407.208,0.3307944284,0.32388755059299124,0.32492494253490173,0.006906877807008771,0.0003636703629694523
2407.691,0.33062587460000004,0.3238356490789629,0.3248666999718828,0.006790225521037141,0.0003634296994906305
2408.173,0.3305848247,0.32378223104867293,0.32480677854729656,0.006802593651327071,0.0003631898212545408
2408.655,0.3303850918,0.3237271932797028,0.32474506333250264,0.00665789852029719,0.0003629502292455992
2409.137,0.3305504469,0.32367053837437554,0.3246815581987749,0.0068799085256244785,0.000362710923014861
2409.619,0.33041979419999995,0.32361226898781886,0.324616267099355,0.006807525212181087,0.0003624719021142372
2410.101,0.33036272029999997,0.323552387827971,0.3245491940692308,0.006810332472028946,0.00036223316609650065
2410.583,0.33016428169999995,0.3234908976555869,0.3244803432249107,0.006673384044413033,0.0003619947145152815
2411.065,0.33010348129999995,0.3234278012842473,0.32440971876419544,0.006675680015752639,0.0003617565469250718
2411.548,0.3302006544,0.3233629656839717,0.3243371729351324,0.006837688716028301,0.0003615181696402882
2412.03,0.3301205871,0.32329666224951437,0.3242630105018356,0.006823924850485608,0.00036128056928586244
2412.512,0.3300452747,0.32322876138009826,0.3241870875402453,0.00681651331990174,0.00036104325159010906
2412.994,0.3299488209,0.3231592661008028,0.3241094085711316,0.006789554799197184,0.00036080621611092427
2413.476,0.32987044070000004,0.323088179489581,0.3240299781953556,0.006782261210419027,0.0003605694624070558
2413.958,0.329810271,0.32301550467727114,0.32394880109361934,0.006794766322728851,0.0003603329900380879
2414.44,0.32972046730000004,0.3229412448476095,0.32386588202621014,0.006779222452390543,0.000360096798564455
2414.922,0.3294250579,0.3228654032372429,0.3237812258327437,0.006559654662757097,0.0003598608875474256
2415.405,0.3293679623,0.3227878208746,0.3236946564056853,0.006580141425399977,0.00035962476797889864
2415.887,0.32931606420000004,0.3227088223600461,0.3236065372167799,0.006607241839953926,0.00035938941714184754
2416.369,0.3291303329,0.32262825209943435,0.32351669590461335,0.006502080800565635,0.0003591543454493444
2416.851,0.3290855164,0.3225461135413078,0.3234251376236258,0.0065394028586922,0.0003589195524660095
2417.333,0.3288292962,0.32246241018719446,0.32333186760624144,0.0063668860128055504,0.0003586850377572948
2417.815,0.32877547649999994,0.3223771455916244,0.32323689116259147,0.006398330908375549,0.00035845080088948473
2418.297,0.328801069,0.3222903233621442,0.3231402136802297,0.006510745637855808,0.00035821684142968473
2418.779,0.3283848894,0.3222019471593368,0.32304184062384744,0.006182942240663181,0.0003579831589458332
2419.261,0.32826787170000005,0.32211202069683714,0.322941777534984,0.006155851003162904,0.0003577497530066912
2419.744,0.3283743535,0.32202035635850107,0.3228398171903233,0.006353997141498924,0.0003575161397967254
2420.226,0.32826695440000003,0.32192733753326264,0.32273638749019107,0.0063396168667373964,0.0003572832862280811
2420.708,0.328233843,0.3218327799158237,0.32263128485239034,0.006401063084176317,0.0003570507079144687
2421.19,0.3280168061,0.3217366874323219,0.32252451512304703,0.006280118667678081,0.000356818404427925
2421.672,0.3278577534,0.32163906406204035,0.32241608422363754,0.00621868933795966,0.0003565863753413056
2422.154,0.3276534869,0.32153991383742686,0.3223059981506784,0.006113573062573152,0.00035635462022828266
2422.636,0.3274009313,0.3214392408441127,0.3221942629754124,0.005961690455887292,0.00035612313866333403
2423.118,0.3274630236,0.32133704922093376,0.3220808848434943,0.006125974379066257,0.00035589193022174826
2423.601,0.3274046832,0.3212331264308289,0.3219656296575805,0.006171556769171083,0.00035566051564300897
2424.083,0.3271380259,0.32112790704861005,0.32184898096929293,0.006010118851389967,0.0003554298527417039
2424.565,0.3272875661,0.3210211817814261,0.3217307082178543,0.006266384318573903,0.0003551994616936011
2425.047,0.3271046725,0.3209129549812365,0.32161081784348533,0.006191717518763518,0.0003549693420772144
2425.529,0.3270535322,0.3208032310533041,0.32148931635918665,0.006250301146695891,0.0003547394934718513
2426.011,0.3268285486,0.3206920144562149,0.3213662103504028,0.006136534143785066,0.0003545099154576266
2426.493,0.32671902449999995,0.32057930970189796,0.3212415064746834,0.006139714798101992,0.0003542806076154476
2426.975,0.32643194389999997,0.3204651213556464,0.3211152114613416,0.005966822544353545,0.00035405156952702404
2427.458,0.32641159080000004,0.3203492125282873,0.32098706515909387,0.006062378271712743,0.00035382232643056655
2427.939,0.3265032478,0.32023231241544203,0.32085787529578036,0.006270935384557974,0.00035359430094221233
2428.422,0.32630722669999995,0.3201134536134336,0.3207265744892287,0.006193773086566379,0.00035336559638303157
2428.904,0.3260710201,0.31999337458632465,0.3205939804051756,0.006077645513675345,0.0003531376336982689
2429.386,0.3259177392,0.31987183560495547,0.3204598299090816,0.006045903595044533,0.00035290993868678633
2429.868,0.32591262880000005,0.3197488415553174,0.3203241301536224,0.006163787244682639,0.0003526825109350259
2430.35,0.3255827695,0.3196243973768971,0.32018688836075293,0.005958372123102906,0.0003524553500302138
2430.832,0.325460894,0.31949850806269564,0.3200481118213412,0.00596238593730436,0.0003522284555603484
2431.314,0.32534294090000004,0.3193711786592479,0.31990780789479867,0.005971762240752132,0.000352001827114215
2431.796,0.3253381116,0.31924241426663724,0.31976598400870815,0.006095697333362737,0.0003517754642813785
2432.279,0.3251859588,0.31911194844330093,0.3196223487131593,0.006074010356699078,0.00035154889784535284
2432.761,0.3250622895,0.318980326636686,0.31947750434722477,0.006081962863313972,0.00035132306555983746
2433.243,0.324936988,0.3188472854735902,0.3193311627256366,0.006089702526409779,0.0003510974976601053
2433.725,0.3246725418,0.3187128302685679,0.31918333154500944,0.005959711531432099,0.00035087219373881444
2434.207,0.3246711559,0.3185769663898007,0.3190340185682188,0.006094189510199299,0.00035064715338939065
2434.689,0.3244743448,0.31843969925911064,0.3188832316240097,0.0060346455408893385,0.0003504223762060276
2435.171,0.32455080440000006,0.3183010343519752,0.31873097860660626,0.00624977004802485,0.0003501978617836827
2435.653,0.32419379579999996,0.3181609771975377,0.3185772674753128,0.006032818602462242,0.00034997360971808316
2436.135,0.3240781829,0.3180195333786192,0.31842210625411577,0.006058649521380799,0.0003497496196057093
2436.618,0.32400547189999995,0.3178764107829851,0.3182651766350194,0.0061290611170148335,0.0003495254271482698
2437.1,0.32382511119999996,0.3177322077508904,0.31810713659642115,0.006092903449109566,0.00034930196027623564
2437.582,0.3236073503,0.3175866351369251,0.31794767094105325,0.006020715163074897,0.00034907875415061387
2438.064,0.32380895870000004,0.3174396987388333,0.31778678794771664,0.006369259961166718,0.00034885580837091623
2438.546,0.3233632265,0.3172914044080839,0.31762449595785835,0.00607182209191609,0.0003486331225374256
2439.028,0.3231265533,0.31714175804987355,0.31746080337515403,0.005984795250126462,0.00034841069625116155
2439.51,0.3231387633,0.31699076562313466,0.31729571866509126,0.006147997676865358,0.0003481885291139033
2439.992,0.3228778904,0.3168384331405375,0.3171292503545487,0.006039457259462477,0.00034796662072817444
2440.475,0.3229104283,0.3166844464759449,0.3169610573853779,0.0062259818240550935,0.00034774451111069726
2440.957,0.3227278006,0.31652944938609323,0.3167918448722038,0.006198351213906772,0.0003475231195733632
2441.439,0.3223771869,0.3163731306137141,0.31662127472141177,0.006004056286285919,0.0003473019855987916
2441.921,0.3223774574,0.31621549638655994,0.3164493557013048,0.006161961013440076,0.0003470811087924891
2442.403,0.32204010310000003,0.31605655298612556,0.3162760966394345,0.0059835501138744696,0.00034686048876069993
2442.885,0.32215272380000004,0.31589630674764213,0.31610150642216106,0.00625641705235791,0.000346640125110409
2443.367,0.3217853964,0.31573476406007517,0.3159255939942187,0.006050632339924811,0.00034642001744934276
2443.849,0.3218473503,0.3155719313661156,0.31574836835826936,0.006275418933884391,0.00034620016538595435
2444.332,0.321537082,0.31540747334245545,0.31556946683137876,0.0061296086575445274,0.00034598011319932043
2444.814,0.32153618440000004,0.31524207753620515,0.3153896393396367,0.0062941068637948905,0.00034576077168786543
2445.296,0.32147599499999996,0.31507541138767037,0.3152085260100997,0.006400583612329591,0.00034554168460305826
2445.778,0.3211280105,0.3149074815544701,0.3150261360728063,0.0062205289455298796,0.00034532285155628746
2446.26,0.3211937615,0.31473829474789566,0.3148424788134798,0.006455466752104344,0.00034510427215966134
2446.742,0.3209234038,0.31456785773289697,0.3146575635730756,0.006355546067103035,0.0003448859460260273
2447.224,0.3207337198,0.31439617732806374,0.31447139974732025,0.006337542471936242,0.0003446678727689483
2447.706,0.3206466201,0.3142232604056061,0.31428399678625096,0.006423359694393893,0.0003444500520027067
2448.188,0.32055852780000005,0.3140491138913365,0.3140953641937566,0.006509413908663553,0.00034423248334231944
2448.671,0.32043220410000006,0.31387337966224904,0.3139051163803022,0.006558824437751021,0.00034401471579989084
2449.153,0.3204261057,0.3136967924414732,0.31371405074837744,0.006729313258526826,0.00034379765072015925
2449.635,0.320140155,0.31351899674244155,0.3135217843352229,0.006621158257558435,0.00034358083659482517
2450.117,0.32007507840000005,0.3133399997052329,0.3133283268555581,0.006735078694767138,0.0003433642730417718
2450.599,0.3198016878,0.3131598085233896,0.31313368807560027,0.0066418792766104184,0.0003431479596795848
2451.081,0.3198117276,0.3129784304438915,0.3129378778125945,0.0068332971561084754,0.00034293189612757404
2451.563,0.31962432490000003,0.3127958727671165,0.31274090593433,0.006828452132883522,0.0003427160820057549
2452.045,0.3192739927,0.3126121428468047,0.3125427823586634,0.00666184985319529,0.00034250051693485
2452.528,0.3193063436,0.3124268632852635,0.31234310245965446,0.006879480314736508,0.0003422847540800081
2453.01,0.3190687679,0.31224080875895,0.3121427031030973,0.00682795914105,0.00034206968649067444
2453.492,0.3189433751,0.3120536043857371,0.3119411821192031,0.006889770714262888,0.0003418548668178836
2453.974,0.3188564997,0.3118652577325104,0.31173854962134784,0.006991241967489625,0.00034164029468518336
2454.456,0.3186292829,0.3116757764192988,0.31153481577054176,0.006953506480701199,0.00034142596971681235
2454.938,0.3185172081,0.31148516811922256,0.31132999077493395,0.007032039980777449,0.0003412118915377266
2455.42,0.3181396206,0.3112934405584409,0.31112408488932086,0.0068461800415591245,0.00034099805977355456
2455.902,0.3180807625,0.3111006015160949,0.31091710841464804,0.0069801609839050816,0.0003407844740506494
2456.385,0.3179836001,0.31090625531174026,0.3107086389911493,0.007077344788259721,0.00034057069163693045
2456.867,0.3178317206,0.3107112145901846,0.31049955025602044,0.007120506009815397,0.0003403575973868719
2457.349,0.3175992442,0.3105150860583048,0.3102894221282749,0.007084158141695218,0.0003401447480604825
2457.831,0.3176841681,0.31031787770666597,0.31007826508854697,0.00736629039333403,0.00033993214328687893
2458.313,0.3174117986,0.3101195975784964,0.30986608966111145,0.00729220102150363,0.0003397197826958609
2458.795,0.3170463282,0.30992025376961185,0.30965290641337356,0.007126074430388152,0.0003395076659179118
2459.277,0.3169473644,0.3097198544283437,0.3094387259553617,0.007227509971656276,0.0003392957925842089
2459.759,0.3170817065,0.309518407755458,0.30922355893921605,0.00756329874454198,0.00033908416232660693
2460.241,0.3167643331,0.30931592200407576,0.30900741605867554,0.007448411095924257,0.0003388727747776498
2460.724,0.3165633597,0.30911198218043884,0.30878985662122715,0.007451377519561153,0.00033866119176161996
2461.206,0.316322473,0.30890744112795065,0.3085717922881785,0.007415031872049338,0.00033845028903193094
2461.688,0.31636244680000003,0.30870188608710064,0.30835278443887637,0.007660560712899389,0.0003382396279118294
2462.17,0.3161729465,0.30849532551966297,0.3081328439283787,0.00767762098033703,0.00033802920803657326
2462.652,0.3159417927,0.3082877679393139,0.30791198165075406,0.007654024760686107,0.00033781902904209447
2463.134,0.3158432093,0.3080792219115325,0.307690208538559,0.007763987388467508,0.0003376090905650022
2463.616,0.3157191655,0.30786969605349623,0.30746753556231476,0.007849469446503776,0.0003373993922425722
2464.098,0.3154581265,0.30765919903397443,0.30724397372998075,0.0077989274660255625,0.0003371899337127577
2464.581,0.31515323,0.3074472998662674,0.3070190675392149,0.007705930133732608,0.00033698028079829316
2465.062,0.3150798674,0.30723532644285223,0.30679422771291665,0.007844540957147761,0.0003367717345861161
2465.545,0.3148927433,0.30702152483832235,0.3065675956291374,0.007871218461677654,0.0003365625604431513
2466.027,0.3146758385,0.30680722895588564,0.3063405874419791,0.007868609544114391,0.00033635405797079784
2466.509,0.31449369380000003,0.3065920060442925,0.30611274600487204,0.007901687755707543,0.00033614579349008076
2466.991,0.31436560069999997,0.3063758650795374,0.30588408253936583,0.007989735620462568,0.000335937766642942
2467.473,0.3141110991,0.30615881508836323,0.30565460830073177,0.007952284011636779,0.00033572997707200056
2467.955,0.3138654729,0.30594086514812524,0.30542433457742424,0.007924607751874757,0.0003355224244205161
2468.438,0.3138501896,0.30572156944052753,0.30519279249761155,0.008128620159472466,0.0003353146784617081
2468.919,0.3136874416,0.3055023019821006,0.3049614339932953,0.008185139617899406,0.0003351080284522774
2469.402,0.3133966341,0.3052812485967718,0.30472834650154357,0.008115385503228212,0.0003349007555332776
2469.884,0.3136215324,0.30505978886007123,0.30449498681646137,0.008561743539928779,0.00033469414749365647
2470.366,0.3131636745,0.304837475334674,0.3042608845916437,0.00832619916532601,0.00033448777459893205
2470.848,0.3130254988,0.3046143173986599,0.30402605130337207,0.008411181401340118,0.0003342816364963067
2471.33,0.3129461809,0.3043903244796655,0.30379049845731854,0.008555856420334462,0.0003340757328336232
2471.812,0.3126760978,0.3041655060547198,0.3035542375880034,0.008510591745280183,0.00033387006325937257
2472.294,0.3128510287,0.3039398716500701,0.30331728025824334,0.008911157049929896,0.00033366462742269096
2472.776,0.3125456158,0.3037134308410109,0.30307963805860766,0.008832184958989131,0.0003334594249733681
2473.259,0.3123495764,0.30348572098287263,0.302840827484699,0.008863855417127364,0.000333254030556087
2473.741,0.31216043379999997,0.3032576946632428,0.3026018490647666,0.008902739136757154,0.0003330492943157979
2474.223,0.3120495299,0.3030288909777632,0.30236222073191044,0.009020638922236812,0.00033284479041535014
2474.705,0.3118796159,0.30279931969617463,0.3021219541822521,0.009080296203825389,0.0003326405185070995
2475.187,0.3118799243,0.30256899063632536,0.30188106113690694,0.009310933663674636,0.000332436478244033
2475.669,0.3118093292,0.30233791366396645,0.30163955334142845,0.009471415536033534,0.0003322326692797825
2476.151,0.3114401277,0.3021060986925513,0.3013974425652559,0.00933402900744873,0.0003320290912686073
2476.633,0.3110877891,0.30187355568302104,0.30115474060115643,0.009214233416978967,0.00033182574386540623
2477.115,0.3111070794,0.3016402946435933,0.3009114592646692,0.009466784756406665,0.00033162262672570774
2477.598,0.3108159575,0.30140583948771293,0.30066710390130136,0.009410118012287083,0.00033141931881659417
2478.08,0.3106616335,0.3011711711638101,0.3004226982144489,0.009490462336189887,0.0003312166616489628
2478.562,0.3103981604,0.30093581513720324,0.3001777487575524,0.009462345262796767,0.0003310142337144933
2479.044,0.3103628127,0.3006997816030703,0.2999322674317007,0.009663031096929675,0.00033081203467123923
2479.526,0.31016944290000004,0.30046308080272055,0.29968626615795935,0.009706362097279486,0.0003306100641778716
2480.008,0.3102996564,0.30022572302335326,0.299439756876809,0.010073933376646749,0.0003304083218936943
2480.49,0.3097301417,0.2999877185978102,0.29919275154758496,0.009742423102189812,0.00033020680747862605
2480.972,0.3097804845,0.2997490779043214,0.29894526214791334,0.010031406595678583,0.0003300055205932117
2481.455,0.30954049,0.2995093143193362,0.2986967857478669,0.010031175680663806,0.00032980404399825166
2481.937,0.3095231462,0.29926943113911453,0.298448363268545,0.01025371506088546,0.0003296032116265555
2482.419,0.3094551619,0.29902894311723616,0.29819949278074925,0.01042621878276384,0.0003294026057691676
2482.901,0.3093894707,0.2987878608109582,0.297950186329672,0.010601609889041796,0.0003292022260891047
2483.383,0.3090592642,0.2985461948215888,0.29770045597597644,0.010513069378411233,0.00032900207225000194
2483.865,0.3087327639,0.2983039557942072,0.2974503137952327,0.010428808105792775,0.00032880214391610863
2484.347,0.3086848243,0.29806115441737224,0.2971997718773495,0.010623669882627751,0.00032860244075228655
2484.829,0.3086749991,0.2978178014228331,0.29694884232600993,0.010857197677166919,0.00032840296242400794
2485.312,0.30855863159999997,0.29757340102670893,0.2966970154963598,0.010985230573291038,0.0003282032954408143
2485.794,0.3080556554,0.2973289760749002,0.29644534630012,0.010726679325099797,0.00032800426624721575
2486.276,0.3079825955,0.2970840319793304,0.29619332588364883,0.01089856352066959,0.000327805460888545
2486.758,0.3079668967,0.29683857964155597,0.2959409664000783,0.011128317058444026,0.0003276068790327105
2487.24,0.3079135942,0.29659263000477687,0.2956882800134758,0.011320964195223104,0.00032740852034822133
2487.722,0.30756725209999997,0.2963461940535132,0.2954352788982771,0.011221058046486765,0.0003272103845041923
2488.204,0.3074489921,0.2960992828132748,0.2951819752387172,0.011349709286725185,0.0003270124711703423
2488.686,0.3073007575,0.2958519073502263,0.2949283812282636,0.011448850149773704,0.00032681478001698756
2489.168,0.3070023251,0.2956040787708448,0.29467450906904535,0.011398246329155148,0.00032661731071504144
2489.651,0.3070446054,0.2953552926857742,0.2944198434458529,0.011689312714225797,0.0003264196539383137
2490.133,0.3066771202,0.29510659047058646,0.29416545111361186,0.011570529729413526,0.0003262226278129111
2490.615,0.3064275831,0.294857468720214,0.29391081731064866,0.011570114379786,0.0003260258225545751
2491.097,0.3062059486,0.2946079386989478,0.2936559542680667,0.011598009901052198,0.00032582923783661534
2491.579,0.30609712559999996,0.29435801170960274,0.2934008742227838,0.011739113890397224,0.00032563287333292894
2492.061,0.3060449629,0.2941076990931437,0.2931455894169662,0.01193726380685628,0.00032543672871800116
2492.543,0.3058198106,0.29385701222830685,0.2928901120974571,0.011962798371693173,0.00032524080366691326
2493.025,0.3058152895,0.29360596253121235,0.29263445451520925,0.012209326968787626,0.0003250450978553397
2493.508,0.3055230789,0.2933540395186838,0.29237809800008596,0.012169039381316249,0.0003248492056123953
2493.99,0.30554443200000003,0.2931022978598147,0.29212211634841556,0.012442134140185357,0.0003246539377623775
2494.472,0.3050177179,0.292850227861364,0.2918659912312621,0.012167490038635986,0.0003244588881817312
2494.954,0.3048643978,0.2925978410850941,0.29160973491032716,0.012266556714905896,0.00032426405654847456
2495.436,0.30474763159999996,0.2923451491281366,0.29135335964857434,0.012402482471863374,0.00032406944254120666
2495.918,0.3047365227,0.2920921636225726,0.2910968777096633,0.012644359077427392,0.00032387504583910513
2496.4,0.3045634317,0.29183889623500836,0.29084030135738104,0.012724535464991638,0.00032368086612193856
2496.882,0.3044993936,0.2915853586661392,0.29058364285507093,0.012914034933860785,0.00032348690307003835
2497.365,0.30431178259999997,0.29133103584207015,0.2903263817694149,0.012980746757929817,0.00032329275462488085
2497.846,0.304263632,0.2910775199551058,0.2900701284481423,0.013186112044894227,0.0003230996256863045
2498.329,0.3038164555,0.2908227145980402,0.28981276417904633,0.012993740901959816,0.00032290590987364785
2498.811,0.3039213745,0.2905682135268973,0.2895558996254429,0.013353160973102685,0.00032271281074432775
2499.293,0.30375334639999996,0.2903135012984438,0.28929901423748666,0.013439845101556158,0.0003225199266899745
2499.775,0.303682891,0.29005858980859683,0.28904212026395815,0.013624301191403176,0.00032232725739437835
2500.257,0.30363217200000003,0.289803490984182,0.2887852299492334,0.013828681015818023,0.00032213480254190524
2500.739,0.303345083,0.2895482167824489,0.2885283555327133,0.013796866217551107,0.0003219425618174874
2501.221,0.3032010918,0.28929277919058755,0.2882715092482604,0.013908312609412443,0.0003217505349066259
2501.703,0.3028505157,0.2890371902252403,0.2880147033236376,0.013813325474759663,0.0003215587214953915
2502.186,0.3026823698,0.28878093123891635,0.2877574173597869,0.013901438561083668,0.00032136672398096444
2502.668,0.3025325605,0.2885250754403901,0.2875007289580043,0.014007485059609914,0.00032117533707077113
2503.15,0.3023365145,0.2882691045151444,0.28724411758240964,0.014067409984855561,0.0003209841627211554
2503.632,0.3024280015,0.2880130305926527,0.28698759543071084,0.01441497090734728,0.0003207932006204387
2504.114,0.3020144236,0.28775686582929627,0.28673117469170195,0.014257557770703755,0.00032060245045751354
2504.596,0.30180848990000003,0.2875006224078354,0.28647486754470086,0.014307867492164617,0.0003204119119218267
2505.078,0.3018277413,0.2872443125368802,0.2862186861589931,0.014583428763119799,0.00032022158470338557
2505.56,0.301628641,0.28698794845034936,0.28596264269326843,0.014640692549650614,0.0003200314684927545
2506.042,0.3015764801,0.2867315424069279,0.28570674929506573,0.014844937693072102,0.00031984156298105285
2506.525,0.3014087713,0.2864745746428937,0.2854504877145922,0.014934196657106269,0.00031965147452010496
2507.007,0.3012351159,0.2862181215348292,0.28519493122092354,0.015016994365170844,0.0003194619899173853
2507.489,0.3010206831,0.2859616634145955,0.28493956119002206,0.015059019685404518,0.00031927271508964885
2507.971,0.300679013,0.2857052126344263,0.28468438971922394,0.01497380036557372,0.0003190836497302317
2508.453,0.3006543794,0.2854487815685094,0.28442942889193157,0.015205597831490614,0.000318894793533022
2508.935,0.3005810788,0.2851923826124069,0.2841746907770612,0.015388696187593087,0.0003187061461924568
2509.417,0.3003749094,0.28493602818246977,0.28392018742849007,0.015438881217530231,0.000318517707403514
2509.899,0.3001651724,0.2846797307152483,0.28366593088450753,0.015485441684751688,0.00031832947686173246
2510.382,0.3001394801,0.2844229711542407,0.2834114064784217,0.015716508945759322,0.00031814106439075453
2510.864,0.2998757654,0.284166825182779,0.2831576801677258,0.015708940217220968,0.00031795324986254076
2511.346,0.2996435124,0.28391077362480044,0.2829042367022929,0.01573273877519954,0.0003177656426707223
2511.828,0.2995898004,0.28365482899164896,0.2826510880525182,0.01593497140835104,0.00031757824251301255
2512.31,0.2993567821,0.2833990038118181,0.2823982461704606,0.0159577782881819,0.00031739104908765916
2512.792,0.2992185526,0.28314331063032794,0.28214572298930196,0.016075241969672083,0.00031720406209345377
2513.274,0.29905107940000003,0.2828877620080883,0.2818935304227984,0.016163317391911736,0.00031701728122972717
2513.756,0.2990305855,0.2826323705212658,0.2816416803647408,0.016398214978734227,0.00031683070619634976
2514.239,0.2987606482,0.28237661944008074,0.28138966328975223,0.016384028759919234,0.0003166439502484434
2514.721,0.29851956550000003,0.28212158040177404,0.2811385346195063,0.016397985098225987,0.0003164577864029917
2515.203,0.2984363476,0.2818667363386347,0.280887784038383,0.016569611261365302,0.0003162718274900891
2515.685,0.29842917010000003,0.28161209988137753,0.28063742335484976,0.0168170702186225,0.0003160860732117431
2516.167,0.298154981,0.28135768367269703,0.2803874643547089,0.01679729732730295,0.00031590052327050205
2516.649,0.29809003310000004,0.2811035003665928,0.2801379188005598,0.016986532733407222,0.00031571517736943337
2517.131,0.29778276989999997,0.2808495626276941,0.27988879843126596,0.01693320727230585,0.0003155300352121422
2517.613,0.29791557820000003,0.2805958831305764,0.27964011496142105,0.017319695069423657,0.0003153450965027623
2518.095,0.2977996559,0.280342474559073,0.2793918800808169,0.017457181340926997,0.0003151603609459516
2518.578,0.2976874964,0.28008882475370567,0.2791435918851817,0.017598671646294306,0.00031497544560964115
2519.06,0.2973721779,0.2798359967464647,0.2788962901416873,0.01753618115353528,0.000314791115894008
2519.542,0.29694279430000003,0.27958347779129306,0.2786494719267658,0.01735931650870698,0.00031460698844747154
2520.024,0.29714486279999996,0.27933128060207807,0.27840314882565487,0.017813582197921896,0.0003144230629767948
2520.506,0.2968170178,0.2790794178984404,0.2781573323961508,0.017737599901559653,0.0003142393391892586
2520.988,0.2967419979,0.27882790240501676,0.2779120341680867,0.01791409549498324,0.0003140558167926744
2521.47,0.29647625229999996,0.27857674685073086,0.27766726564280764,0.017899505449269104,0.000313872495495358
2521.952,0.29659994300000003,0.27832596396806464,0.2774230382926528,0.018273979031935395,0.00031368937500616075
2522.435,0.2964585934,0.2780750474049512,0.277178858593567,0.018383545995048822,0.0003135060757406612
2522.917,0.296298531,0.27782504891278886,0.27693574907409235,0.018473482087211113,0.000313323356411409
2523.399,0.2961267441,0.2775754613300895,0.27669321499112376,0.018551282769910526,0.00031314083701930944
2523.881,0.2960951899,0.2773262973961618,0.2764512676957388,0.018768892503838175,0.00031295851727527037
2524.363,0.2958848376,0.2770775698501421,0.27620991850742893,0.018807267749857914,0.0003127763968907195
2524.845,0.2957048675,0.2768292914302349,0.27596917871359095,0.018875576069765143,0.00031259447557759263
2525.327,0.29569388209999997,0.27658147487294654,0.27572905956901583,0.01911240722705343,0.0003124127530483356
2525.809,0.2954875009,0.27633413291231723,0.2754895722953834,0.019153367987682746,0.0003122312290159086
2526.292,0.29544441450000003,0.27608676664800874,0.27525023322954245,0.01935764785199129,0.00031204952720496903
2526.773,0.2951294189,0.27584092370020896,0.2750125380790789,0.019288495199791034,0.000311868775295925
2527.256,0.2951528391,0.2755945723940988,0.274774521319204,0.019558266705901217,0.0003116874698680931
2527.738,0.2951843836,0.27534925718740716,0.27453767448110866,0.01983512641259283,0.00031150673737189355
2528.22,0.29493286009999997,0.2751044802096625,0.2743015151309385,0.019828379890337477,0.0003113262019443439
2528.702,0.294625882,0.2748602541636625,0.27406605428107655,0.019765627836337507,0.00031114586330144447
2529.184,0.29476549750000003,0.2746165917442216,0.2738313029072941,0.020148905755778435,0.0003109657211596998
2529.666,0.2945669363,0.27437350563736307,0.27359727194825556,0.020193430662636958,0.00031078577523611245
2530.148,0.2943809543,0.2741310085195109,0.2733639723050299,0.02024994578048911,0.0003106060252481866
2530.63,0.2943425736,0.2738891130566766,0.2731314148406018,0.020453460543323365,0.00031042647091392964
2531.113,0.293996799,0.2736473319676812,0.27289913024749757,0.02034946703231877,0.0003102467400407094
2531.595,0.2940630772,0.27340667908103755,0.27266809117065305,0.02065639811896247,0.00031006757657425977
2532.077,0.2939894385,0.2731666658029616,0.2724378266504439,0.02082277269703836,0.0003098886079179026
2532.559,0.293738887,0.2729273047495701,0.2722083473925845,0.020811582250429894,0.00030970983379162876
2533.041,0.2936763001,0.27268860852243815,0.27197966406228835,0.020987691577561862,0.00030953125391593
2533.523,0.2934852489,0.27245058970776437,0.2717517872837928,0.021034659192235627,0.0003093528680117938
2534.005,0.2934320484,0.2722132608755302,0.271524727639885,0.021218787524469762,0.00030917467580068885
2534.487,0.2932982257,0.2719766345786567,0.271298495671427,0.021321591121343353,0.00030899667700458756
2534.969,0.2932402344,0.27174072335215876,0.2710731018768891,0.021499511047841258,0.00030881887134594677
2535.452,0.29303361899999997,0.2715050525444272,0.2708480917399178,0.021528566455572773,0.0003086408902567166
2535.934,0.2929696606,0.271270610536263,0.27062440740975174,0.021699050063737013,0.00030846347044159527
2536.416,0.2926034268,0.2710369211134243,0.27040159251134566,0.0215665056865757,0.0003082862429336664
2536.898,0.2925915032,0.27080399673072264,0.2701796573688414,0.02178750646927735,0.00030810920745734274
2537.38,0.2925644682,0.27057184982078175,0.2699586122616683,0.02199261837921823,0.00030793236373752227
2537.862,0.2925868736,0.27034049279316896,0.2697384674240827,0.022246380806831056,0.00030775571149958586
2538.344,0.2924701583,0.27010993803353234,0.2695192330447171,0.022360220266467667,0.0003075792504693985
2538.826,0.2921551036,0.26988019790272694,0.26930091926612515,0.022274905697273084,0.0003074029803733083
2539.309,0.2921669755,0.269650810680529,0.26908308615652204,0.022516164819470996,0.00030722653582611114
2539.791,0.2922205538,0.2694227385404206,0.26886664578274244,0.022797815259579413,0.0003070506471738879
2540.273,0.2919980572,0.26919551797966695,0.26865115617713664,0.02280253922033304,0.0003068749486371206
2540.755,0.2919370921,0.26896916125114234,0.2684366272933656,0.022967930848857676,0.000306699439944078
2541.237,0.2916830865,0.26874368057854126,0.26822306903678333,0.022939405921458766,0.00030652412082350503
2541.719,0.291692609,0.2685190881554921,0.2680104912639989,0.02317352084450791,0.0003063489910046199
2542.201,0.2914360459,0.26829539614467124,0.26779890378243865,0.023140649755328757,0.00030617405021712266
2542.683,0.2914249196,0.26807261667691784,0.2675883163499159,0.023352302923082158,0.0003059992981911885
2543.166,0.2912094654,0.2678503025401539,0.2673783049220872,0.023359162859846072,0.00030582437268819905
2543.648,0.2913767919,0.267629386375132,0.26716974878543254,0.02374740552486798,0.00030564999776801276
2544.13,0.2912232807,0.26740941897067383,0.2669622216891394,0.023813861729326147,0.0003054758108021842
2544.612,0.2909249212,0.26719041232127555,0.26675573318816764,0.02373450887872447,0.000305301811522768
2545.094,0.2910303331,0.26697237838512944,0.26655029278572995,0.024057954714870544,0.00030512799966230094
2545.576,0.2906373791,0.2667553290832264,0.26634590993287416,0.02388205001677357,0.0003049543749537764
2546.058,0.2907683999,0.2665392762984604,0.2661425940280676,0.02422912360153956,0.000304780937130664
2546.54,0.2906909675,0.26632423187472865,0.2659403544167837,0.024366735625271363,0.00030460768592689735
2547.022,0.2904477481,0.26611020761603177,0.26573920039109034,0.024337540483968245,0.0003044346210768739
2547.505,0.2904313195,0.2658967744735982,0.2655387272731049,0.02453454502640179,0.0003042613838390849
2547.987,0.2904341109,0.26568482797029336,0.265339774379123,0.02474928292970663,0.00030408869128685685
2548.469,0.2904715469,0.26547393681983245,0.2651419346413244,0.024997610080167543,0.00030391618429381
2548.951,0.2904420206,0.2652641126575351,0.26494521713398944,0.02517790794246494,0.00030374386259619774
2549.433,0.2901255875,0.26505536707431604,0.26474963087597814,0.025070220425683964,0.0003035717259307279
2549.915,0.2899311414,0.2648477116157866,0.2645551848303376,0.025083429784213407,0.00030339977403458153
2550.397,0.2900929285,0.2646411577813498,0.26436188790390813,0.025451770718650235,0.00030322800664538856
2550.879,0.2898895649,0.26443571702329893,0.26416974894693446,0.025453847876701075,0.0003030564235012457
2551.362,0.2898353373,0.2642309780300047,0.263978381763724,0.02560435926999527,0.0003028846689318477
2551.844,0.2897124281,0.2640277999569376,0.26378858751592116,0.025684628143062382,0.0003027134538747959
2552.326,0.2897821277,0.2638257690488695,0.2635999774628305,0.025956358651130496,0.0003025424222792647
2552.808,0.2898606403,0.263624896560538,0.26341256022435766,0.026235743739462025,0.00030237157388516894
2553.29,0.2895091325,0.26342519369506645,0.26322634436190867,0.026083938804933537,0.00030220090843288276
2553.772,0.2893453296,0.2632266716030628,0.2630413383780149,0.02611865799693719,0.00030203042566322397
2554.254,0.2892697065,0.26302934138172573,0.26285755071596717,0.026240365118274267,0.0003018601253174631
2554.736,0.289159377,0.2628332140739453,0.26267498975944625,0.02632616292605472,0.0003016900071373293
2555.219,0.2892224056,0.2626378975521866,0.2624932889268413,0.026584508047813427,0.0003015197184890264
2555.7,0.2892941888,0.2624446120937043,0.2623135811974824,0.02684957670629573,0.00030135031624307885
2556.183,0.2891155734,0.2622517612396551,0.26213438034571834,0.02686381216034489,0.00030118039139135456
2556.665,0.2889519838,0.26206055749489016,0.2619568114650348,0.026891426305109822,0.0003010109996754748
2557.147,0.2890054949,0.2618706110544856,0.26178051031821564,0.02713488384551438,0.0003008417888400341
2557.629,0.2888452214,0.2616819326166102,0.2616054849236219,0.027163288783389805,0.0003006727586294446
2558.111,0.2889324298,0.2614945328188882,0.26143174323751933,0.02743789698111182,0.00030050390878855817
2558.593,0.2889339246,0.2613084222375167,0.2612592931537361,0.02762550236248329,0.00030033523906267145
2559.075,0.2886508473,0.26112361138638635,0.2610881425033232,0.027527235913613668,0.00030016674919752383
2559.557,0.2887609701,0.2609401107161997,0.2609182990542155,0.0278208593838003,0.00029999843893929436
2560.04,0.2886025524,0.26075755402647804,0.26074942223877073,0.027844998373521945,0.0002998299594015653
2560.522,0.28857514640000004,0.26057670758503393,0.2605822189937237,0.02799843881496611,0.0002996620079687921
2561.004,0.2884291793,0.26039720230999114,0.26041634588742574,0.028031976990008867,0.0002994942353836022
2561.486,0.2883561869,0.2602190483904386,0.2602518104319086,0.0281371385095614,0.00029932664139392385
2561.968,0.2882836842,0.26004225594792574,0.2600886200744488,0.028241428252074263,0.00029915922574814
2562.45,0.2883000159,0.2598668350356016,0.25992678219724846,0.02843318086439839,0.00029899198819505744
2562.932,0.28832843950000003,0.2596927956373579,0.2597663041171213,0.028635643862642113,0.00029882492848392716
2563.414,0.28808775659999997,0.25952014766697373,0.259607193085179,0.028567608933026234,0.0002986580463644252
2563.896,0.2880351976,0.2593489009672653,0.259449456286522,0.028686296632734698,0.00029849134158666874
2564.379,0.28807787900000004,0.25917871442661583,0.2592927778918549,0.028899164573384206,0.00029832446859199456
2564.861,0.2879398903,0.25901030246624923,0.25913781373728995,0.02892958783375077,0.000298158118116437
2565.343,0.28808692480000003,0.25884332089067125,0.2589842449866232,0.029243603909328786,0.00029799194423504194
2565.825,0.2880120908,0.25867777925026164,0.25883207855774293,0.029334311549738368,0.00029782594669965567
2566.307,0.2878128108,0.25851368702024113,0.2586813213010264,0.02929912377975885,0.0002976601252625419
2566.789,0.2877075638,0.2583510535998438,0.2585319799990503,0.029356510200156227,0.00029749447967639646
2567.271,0.2879360256,0.25818988831149925,0.2583840613663059,0.02974613728850073,0.000297329009694349
2567.753,0.287679649,0.25803020040001107,0.25823757204891146,0.029649448599988915,0.000297163715069949
2568.236,0.2875185236,0.25787167236471564,0.2580922191807537,0.029646851235284377,0.0002969982531674245
2568.718,0.28757848880000003,0.2577149697391601,0.25794861115678763,0.02986351906083995,0.00029683330888320806
2569.2,0.2875436141,0.25755977176963735,0.25780645198680496,0.029983842330362664,0.00029666853921933475
2569.682,0.2874178942,0.25740608738221693,0.25766574804052655,0.030011806817783093,0.0002965039439310488
2570.164,0.2874291956,0.25725392542133235,0.25752650561793233,0.030175270178667668,0.0002963395227740239
2570.646,0.287454518,0.2571032946489961,0.25738873094899795,0.030351223351003875,0.0002961752755043488
2571.128,0.2873813698,0.2569542037440194,0.2572524301934343,0.030427166055980615,0.0002960112018785428
2571.61,0.2873762684,0.2568066613012371,0.2571176094404304,0.03056960709876294,0.00029584730165353095
2572.093,0.2872592007,0.2566603745806449,0.25698399962917556,0.030598826119355105,0.00029568323508378516
2572.575,0.2872180169,0.25651595776341984,0.2568521599670037,0.03070205913658014,0.0002955196812913333
2573.057,0.2871651175,0.25637311469858615,0.25672181816141804,0.030792002801413865,0.0002953563001724799
2573.539,0.2869931378,0.2562318536372638,0.25659298001686337,0.030761284162736213,0.00029519309148582604
2574.021,0.28705773440000004,0.256092182742813,0.25646565126602605,0.030965551657187063,0.0002950300549903973
2574.503,0.2870123038,0.25595411009009583,0.256339837569597,0.031058193709904147,0.00029486719044561477
2574.985,0.28709809199999997,0.25581764366474563,0.256215544516037,0.03128044833525434,0.00029470449761132955
2575.467,0.2869665267,0.2556827913624423,0.2560927776213474,0.03128373533755768,0.000294541976247802
2575.949,0.28691084310000003,0.25554956098819576,0.2559715423288425,0.03136128211180428,0.0002943796261156977
2576.432,0.2868233715,0.2554176889243813,0.25585159727352946,0.031405682575618654,0.00029421711068243554
2576.914,0.28666941009999997,0.25528772885972495,0.2557334444286636,0.03138168124027502,0.0002940551026508492
2577.396,0.2866791268,0.2551594136025937,0.25561683908835187,0.03151971319740632,0.0002938932651346664
2577.878,0.286444269,0.25503275058809194,0.25550178640280913,0.031411518411908035,0.0002937315978962007
2578.36,0.2866066363,0.25490774715717657,0.255388291448482,0.03169888914282343,0.00029357010069816654
2578.842,0.2865903806,0.25478441055598056,0.2552763592278401,0.03180597004401947,0.0002934087733036928
2579.324,0.28661222599999997,0.25466274793514937,0.25516599466917533,0.0319494780648506,0.00029324761547630795
2579.806,0.28655140209999996,0.254542766349182,0.25505720262640175,0.03200863575081797,0.00029308662697994574
2580.289,0.2866513693,0.25442422909282747,0.2549497670844937,0.032227140207172544,0.0002929254741043535
2580.771,0.2866056522,0.25430763387561806,0.2548441376237548,0.03229801832438195,0.00029276482391355684
2581.253,0.286547926,0.25419274028736655,0.25474009480197074,0.03235518571263346,0.00029260434234753055
2581.735,0.28665399820000004,0.2540795549913688,0.25463764317346727,0.03257444320863123,0.00029244402917182814
2582.217,0.2864429724,0.2539680845516082,0.25453678721724904,0.03247488784839181,0.00029228388415239757
2582.699,0.2866460144,0.2538583354321457,0.25443753133682045,0.032787678967854283,0.0002921239070555884
2583.181,0.2864993432,0.2537503139965229,0.2543398798600127,0.032749029203477054,0.00029196409764815483
2583.663,0.2866640847,0.2536440265071699,0.25424383703881104,0.033020058192830104,0.00029180445569724784
2584.146,0.2864634661,0.25353926403459714,0.2541492128157379,0.03292420206540286,0.0002916446502836491
2584.627,0.2866459663,0.25343667790795765,0.25405659399094366,0.033209288392042347,0.00029148567323559555
2585.11,0.2867073969,0.2533354209921881,0.25396521438002745,0.033371975907811935,0.00029132620226632935
2585.592,0.2864972638,0.2532361335230847,0.2538756505536367,0.033261130276915296,0.0002911672281662222
2586.074,0.2864321838,0.2531386097875113,0.25378771550731805,0.033293574012488725,0.00029100842036386583
2586.556,0.286475635,0.2530428554291164,0.25370141303443533,0.033432779570883586,0.00029084977862878935
2587.038,0.2863738824,0.2529488759865572,0.2536167468514094,0.033425006413442815,0.000290691302730906
2587.52,0.2866326125,0.25285667689298175,0.2535337205975756,0.03377593560701825,0.00029053299244053224
2588.002,0.286537671,0.2527662634755222,0.2534523378350453,0.03377140752447777,0.00029037484752836935
2588.484,0.2865572301,0.25267764095479806,0.25337260204857004,0.03387958914520195,0.00029021686776551395
2588.967,0.2864102651,0.2525906361768778,0.2532943563603905,0.03381962892312218,0.0002900587256780418
2589.449,0.28661917259999997,0.25250561442468095,0.25321792810453536,0.034113558175319025,0.0002899010758700905
2589.931,0.28661493180000003,0.25242239859722404,0.2531431568202006,0.03419253320277599,0.00028974359052659563
2590.413,0.2867153697,0.25234099348407446,0.253070045681258,0.03437437621592554,0.0002895862694202084
2590.895,0.28668942470000003,0.25226140376594886,0.2529985977835971,0.03442802093405117,0.0002894291123239625
2591.377,0.2867056303,0.2521836340142757,0.2529288161450117,0.03452199628572433,0.0002892721190112851
2591.859,0.2866814513,0.25210768869076966,0.25286070370509006,0.03457376260923034,0.00028911528925598684
2592.341,0.2867272912,0.25203357214701555,0.2527942633251087,0.03469371905298446,0.0002889586228322558
2592.823,0.28679623060000003,0.2519612886240621,0.2527294977879294,0.03483494197593795,0.0002888021195146754
2593.306,0.2867005158,0.2518906980102479,0.25266628065559366,0.03480981778975212,0.0002886454548896098
2593.788,0.2864822696,0.2518220966318908,0.25260487632696427,0.03466017296810919,0.00028848927744681315
2594.27,0.28661445879999997,0.2517553403383617,0.25254515472346434,0.03485911846163825,0.000288333262435732
2594.752,0.2865022296,0.2516904329244927,0.25248711831317927,0.03481179667550727,0.00028817740963246903
2595.234,0.2867236821,0.25162737807271307,0.25243076948532117,0.03509630402728692,0.0002880217188135047
2595.716,0.2866094287,0.2515661793527073,0.25237611055014675,0.03504324934729269,0.00028786618975570823
2596.198,0.2864464452,0.2515068402210861,0.25232314373888143,0.03493960497891391,0.00028771082223632546
2596.68,0.2864995311,0.2514493640210689,0.2522718712036458,0.035050167078931105,0.00028755561603297316
2597.163,0.2866190179,0.251393640550698,0.25222219392697176,0.03522537734930198,0.00028740024942060244
2597.645,0.2864887074,0.25133990366977405,0.2521743196089383,0.03514880373022594,0.0002872453655172134
2598.127,0.2864026854,0.2512880390728429,0.2521281455518716,0.035114646327157106,0.00028709064226452335
2598.609,0.2865101981,0.25123804964635255,0.25208367359064365,0.035272148453647456,0.00028693607944165205
2599.091,0.2866722262,0.25118993816193236,0.2520409054807085,0.03548228803806763,0.00028678167682810306
2599.573,0.2865388345,0.25114370727614266,0.25199984289805044,0.03539512722385735,0.0002866274342037441
2600.055,0.2865380558,0.2510993595302352,0.25196048743913557,0.03543869626976481,0.0002864733513488238
2600.537,0.28657687119999997,0.25105689734992465,0.2519228406208686,0.035519973850075326,0.0002863194280439553
2601.02,0.2866630604,0.25101624083009966,0.251886831101575,0.035646819569900345,0.0002861653452232056
2601.502,0.2864758163,0.2509775605184157,0.2518526093489229,0.03549825578158433,0.00028601174069166054
2601.984,0.2867214559,0.2509407723583353,0.25182010031244223,0.03578068354166469,0.0002858582950537886
2602.466,0.2866648513,0.25090587831113587,0.2517893051902552,0.03575897298886416,0.0002857050080916824
2602.948,0.2867505206,0.2508728802215906,0.25176022510075613,0.0358776403784094,0.00028555187958781506
2603.43,0.2869164951,0.2508417798178117,0.2517328610825888,0.03607471528218831,0.0002853989093250101
2603.912,0.2868891393,0.25081257871110274,0.2517072140946277,0.036076560588897244,0.0002852460970864717
2604.394,0.2868137051,0.2507852783958249,0.2516832850159639,0.03602842670417511,0.0002850934426557624
2604.876,0.28692145150000004,0.25075988024927365,0.25166107464589327,0.03616157125072639,0.0002849409458168094
2605.359,0.2867755612,0.2507363387667609,0.2516405429793778,0.03603922243323909,0.00028478829046037533
2605.841,0.2867920623,0.250714752573243,0.2516217756743798,0.03607730972675699,0.0002846361084840197
2606.323,0.2869357018,0.25069507197889823,0.25160472899811165,0.036240629821101766,0.0002844840834529455
2606.805,0.2868847405,0.2506772978915238,0.2515894034304829,0.03620744260847619,0.00028433221515253873
2607.287,0.2868999805,0.25066143110141503,0.25157579937160746,0.03623854939858495,0.0002841805033685439
2607.769,0.2869782394,0.250647472281313,0.251563917141813,0.03633076711868699,0.00028402894788706433
2608.251,0.2871900022,0.2506354219863655,0.2515537569816551,0.0365545802136345,0.0002838775484945676
2608.733,0.28712302780000004,0.2506252806540988,0.25154531905193667,0.03649774714590126,0.00028372630497787644
2609.216,0.2871712707,0.2506170335103145,0.2515385912912623,0.03655423718968548,0.0002835749038255595
2609.698,0.2872166869,0.250610714907152,0.25153360155913795,0.03660597199284804,0.00028342397174467744
2610.18,0.2872361876,0.2506063058734771,0.2515303340613293,0.03662988172652293,0.00028327319490178716
2610.662,0.2872026487,0.25060380637604807,0.25152878863971273,0.03659884232395194,0.00028312257308513763
2611.144,0.2873905401,0.2506032162640427,0.2515289650565558,0.036787323835957286,0.0002829721060833454
2611.626,0.2872469807,0.2506045352691019,0.2515308629945577,0.03664244543089806,0.00028282179368537507
2612.108,0.2872225867,0.25060776300538457,0.2515344820568909,0.03661482369461544,0.00028267163568054777
2612.59,0.2873263541,0.2506128989696367,0.2515398217672513,0.03671345513036334,0.0002825216318585366
2613.073,0.2873084045,0.250619959136949,0.25154689800440266,0.03668844536305099,0.00028237147127747365
2613.554,0.2874855693,0.2506288929824537,0.25155566082974945,0.0368566763175463,0.0002822220859234238
2614.037,0.2874730754,0.25063977394262593,0.25156618239853934,0.03683330145737407,0.0002820722332966931
2614.519,0.2875777087,0.25065253939225424,0.2515784019135734,0.03692516930774575,0.00028192284442766385
2615.001,0.287694479,0.2506672087931957,0.25159233850294427,0.0370272702068043,0.0002817736086946741
2615.483,0.287736113,0.2506837809395582,0.25160799121450533,0.03705233206044184,0.00028162452588950085
2615.965,0.2877877088,0.2507022545088418,0.2516253590170626,0.03708545429115817,0.00028147559580427717
2616.447,0.28790456249999996,0.25072262806210077,0.25164444080045145,0.03718193443789919,0.0002813268182314811
2616.929,0.2878293394,0.2507449000441177,0.2516652353756146,0.03708443935588229,0.00028117819296393935
2617.411,0.2880777418,0.25076906878358957,0.2516877414746873,0.03730867301641044,0.00028102971979482446
2617.894,0.2880438106,0.25079518853592586,0.2517120097690686,0.037248622064074144,0.00028088109095491485
2618.376,0.2878640375,0.2508231492385188,0.2517379383411619,0.03704088826148122,0.00028073292167804645
2618.858,0.2881687664,0.2508530009858635,0.2517655741584033,0.037315765414136504,0.0002805849038807707
2619.34,0.2882195861,0.2508847416441615,0.2517949156384345,0.037334844455838456,0.00028043703735764353
2619.822,0.2881532851,0.25091836896463043,0.2518259611205584,0.037234916135369556,0.00028028932190356205
2620.304,0.2884860805,0.25095388058375867,0.2518587088658435,0.03753219991624135,0.00028014175731376533
2620.786,0.2882303827,0.25099127402357185,0.2518931570572329,0.037239108676428156,0.0002799943433838321
2621.268,0.2884182214,0.25103054669190894,0.2519293037996538,0.03738767470809107,0.00027984707990969063
2621.75,0.2884572365,0.2510716958827127,0.25196714712013507,0.03738554061728727,0.0002796999666876049
2622.233,0.2884122812,0.251114809981137,0.25200676875664696,0.03729747121886301,0.00027955269876715413
2622.715,0.2886676157,0.25115970752276234,0.2520480025122685,0.03750790817723765,0.0002794058857499957
2623.197,0.288747351,0.25120647278191816,0.252090926456187,0.03754087821808183,0.00027925922237529615
2623.679,0.2888228015,0.25125510259983563,0.25213553830489477,0.03756769890016437,0.0002791127084406756
2624.161,0.289015885,0.2513055937054596,0.25218183569761343,0.0377102912945404,0.0002789663437440938
2624.643,0.2889394918,0.2513579427158047,0.25222981619643065,0.03758154908419531,0.00027882012808384186
2625.125,0.2887874856,0.2514121461363195,0.2522794772864385,0.03737533946368049,0.0002786740612585541
2625.607,0.2891172093,0.25146820036126516,0.25233081637587873,0.03764900893873485,0.0002785281430671902
2626.09,0.28915324049999996,0.25152622371871153,0.25238394252432067,0.037627016781288436,0.00027838207103632676
2626.572,0.2891441128,0.25158597211263145,0.252438632997867,0.03755814068736857,0.00027823644981837836
2627.054,0.2891963843,0.2516475598222767,0.25249499323000957,0.037548824477723286,0.0002780909766328416
2627.536,0.2894064074,0.251710982800906,0.25255302032292604,0.03769542459909403,0.00027794565128001607
2628.018,0.2894521811,0.2517762368926314,0.2526127113027095,0.037675944207368584,0.0002778004735605379
2628.5,0.2895598685,0.25184331783286024,0.25267406311953455,0.03771655066713975,0.0002776554432753643
2628.982,0.28970313189999997,0.25191222124874263,0.2527370726478221,0.03779091065125734,0.0002775105602257933
2629.464,0.28960546319999997,0.2519829426596323,0.2528017366864109,0.03762252054036769,0.0002773658242134494
2629.947,0.2896785697,0.25205562984652335,0.2528681912564252,0.037622939853476645,0.00027722093521525046
2630.429,0.2898223366,0.25212997712422636,0.2529361578259874,0.03769235947577365,0.00027707649298757965
2630.911,0.2899236918,0.2522061283028998,0.2530057688434465,0.037717563497100204,0.0002769321972035732
2631.393,0.28985485180000004,0.2522840784752937,0.25307702080693356,0.03757077332470632,0.00027678804766616684
2631.875,0.2900463702,0.25236382262880996,0.2531499101399009,0.03768254757119005,0.0002766440441786318
2632.357,0.2900940804,0.25244535564602466,0.25322443319131466,0.03764872475397535,0.0002765001865445542
2632.839,0.2902666011,0.2525286723052139,0.2533005862358483,0.0377379287947861,0.00027635647456785437
2633.321,0.2901434723,0.252613767280893,0.2533783654740799,0.03752970501910696,0.00027621290805277264
2633.803,0.29042004769999996,0.2527006351443627,0.25345776703269374,0.037719412555637266,0.00027606948680387796
2634.286,0.2905569933,0.2527894560880353,0.25353895673534677,0.037767537211964686,0.000275925913523242
2634.768,0.2907050049,0.25287985668002555,0.2536215943652752,0.03782514821997446,0.00027578278252208307
2635.25,0.2908396088,0.2529720132480312,0.2537058422457623,0.03786759555196878,0.00027563979620234103
2635.732,0.29106576700000003,0.2530659199559426,0.2537916962098392,0.037999847044057455,0.00027549695436987986
2636.214,0.2909486454,0.25316157086730817,0.25387915201769606,0.03778707453269181,0.00027535425683087694
2636.696,0.2912399246,0.25325895994593717,0.2539682053569049,0.03798096465406281,0.0002752117033918291
2637.178,0.2910022352,0.25335808105650703,0.25405885184264093,0.03764415414349298,0.00027506929385955433
2637.66,0.2913989588,0.25345892796518193,0.2541510870179109,0.03794003083481806,0.00027492702804119703
2638.143,0.2912885007,0.253561708916485,0.25424510264325856,0.03772679178351501,0.00027478461103372967
2638.625,0.2915295531,0.25366599187621974,0.2543405048113597,0.03786356122378026,0.0002746426323630533
2639.107,0.2916794067,0.2537719813341387,0.25443748185755427,0.03790742536586128,0.00027450079682921855
2639.589,0.2918040091,0.2538796706684995,0.25453602903836137,0.037924338431500504,0.00027435910424063317
2640.071,0.2917102144,0.2539890531622585,0.25463614153931363,0.037721161237741496,0.0002742175544060261
2640.553,0.2921212914,0.25410012200374077,0.25473781447520677,0.03802116939625921,0.0002740761471344349
2641.035,0.2920318258,0.2542128702873102,0.2548410428903452,0.03781895551268977,0.0002739348822352201
2641.517,0.2922015789,0.25432729101405366,0.2549458217587971,0.03787428788594632,0.00027379375951804935
2642.0,0.2922144802,0.2544436196611143,0.25505236817715066,0.03777086053888573,0.000273652486449246
2642.481,0.2923001469,0.2545611213391572,0.2551600104022614,0.0377390255608428,0.0002735119398700942
2642.964,0.292391052,0.2546807658982999,0.25526963833810884,0.037710286101700075,0.0002733709508041579
2643.446,0.2925480204,0.25480180796939333,0.2553805705327451,0.03774621243060666,0.000273230395211353
2643.928,0.2927110702,0.2549244860987232,0.2554930269953073,0.03778658410127678,0.000273089980853249
2644.41,0.2928207774,0.25504879274223985,0.2556070022837718,0.03777198465776016,0.00027294970754138614
2644.892,0.2927225597,0.255174720267588,0.25572249088773225,0.03754783943241202,0.0002728095750876196
2645.374,0.2929826434,0.25530226095484243,0.255839487228675,0.03768038244515759,0.0002726695833041194
2645.856,0.2928763593,0.25543140699725514,0.25595798566026184,0.03744495230274486,0.0002725297320033517
2646.338,0.2930309773,0.255562150502002,0.25607798046861036,0.03746882679799801,0.0002723900209980999
2646.821,0.2929112101,0.2556947596873945,0.25619971946241105,0.03721645041260546,0.00027225016068078777
2647.303,0.2934712512,0.2558286773703452,0.25632269268816077,0.0376425738296548,0.00027211072999623707
2647.785,0.29336580770000004,0.25596416831131463,0.2564471447343017,0.037401639388685404,0.00027197143904700207
2648.267,0.29338308820000003,0.25610122428063137,0.25657306961953164,0.03728186391936866,0.00027183228764708736
2648.749,0.2934851007,0.25623983696639024,0.25670046129646523,0.03724526373360976,0.00027169327561081015
2649.231,0.2935563854,0.25637999797523864,0.256829313651935,0.03717638742476137,0.00027155440275278763
2649.713,0.293630578,0.25652169883316756,0.2569596205072959,0.03710887916683242,0.00027141566888793907
2650.195,0.2936997965,0.2566649309863048,0.257091375618729,0.037034865513695225,0.00027127707383149327
2650.677,0.2939658976,0.2568096858017195,0.25722457267755405,0.03715621179828055,0.00027113861739897724
2651.16,0.2940437764,0.2569562595980594,0.25735948611917436,0.03708751680194061,0.00027100001258321537
2651.642,0.29412802159999996,0.257104036640581,0.25749555084713166,0.03702398495941894,0.00027086183313300297
2652.124,0.294299964,0.2572533099618345,0.25763303819684436,0.03704665403816554,0.0002707237917547366
2652.606,0.2945948993,0.25740407062059734,0.25777194160320005,0.037190828679402654,0.00027058588826515284
2653.088,0.2944649086,0.2575563096006642,0.2579122544378122,0.036908598999335795,0.0002704481224812859
2653.57,0.29474792910000003,0.25771001781167957,0.25805397000935026,0.03703791128832046,0.0002703104942204706
2654.052,0.2945807812,0.25786518608996517,0.25819708156386373,0.036715595110034804,0.0002701730033003407
2654.534,0.2946952268,0.25802180519936263,0.2583415822851185,0.03667342160063736,0.0002700356495388242
2655.017,0.2949138573,0.2581801952506593,0.2584877693888545,0.036733662049340754,0.0002698981482142887
2655.499,0.2950224841,0.25833969098953824,0.25863503059358245,0.03668279311046174,0.00026976106850860713
2655.981,0.2949199559,0.2585006094049104,0.25878366013140114,0.0364193464950896,0.00026962412541674306
2656.463,0.29500663,0.25866294097899273,0.25893365094017895,0.036343689021007264,0.0002694873187578166
2656.945,0.2952352747,0.25882667612576393,0.2590849958971978,0.03640859857423606,0.00026935064835123984
2657.427,0.2953892996,0.2589918051918217,0.25923768781950146,0.0363974944081783,0.00026921411401672525
2657.909,0.2956783474,0.25915831845724757,0.25939171946424766,0.036520028942752414,0.00026907771557427296
2658.391,0.295656726,0.25932620613646984,0.25954708352905875,0.03633051986353014,0.0002689414528441827
2658.874,0.2958650785,0.2594958109364557,0.2597040991058043,0.036369267563544305,0.0002688050433662331
2659.356,0.2957747857,0.25966642062841094,0.2598621085931925,0.036108365071589044,0.0002686690518035586
2659.838,0.2962068626,0.2598383749714567,0.26002142822430135,0.03636848762854333,0.00026853319541552225
2660.32,0.2960926422,0.26001166392598685,0.2601820504620793,0.03608097827401313,0.00026839747402358945
2660.802,0.29614070600000003,0.26018627739110917,0.2603439677117453,0.035954428608890865,0.0002682618874495199
2661.284,0.2963441856,0.2603622052055255,0.26050717232115694,0.03598198039447448,0.0002681264355153571
2661.766,0.2964801058,0.2605394371484138,0.26067165658118197,0.03594066865158618,0.00026799111804344354
2662.248,0.2964827261,0.26071796294031374,0.2608374127260714,0.03576476315968624,0.0002678559348564057
2662.73,0.2968256192,0.26089777224401023,0.26100443293383485,0.03592784695598977,0.0002677208857771579
2663.213,0.2970834041,0.261079231671257,0.2611730597480733,0.036004172428742987,0.00026758569086105134
2663.695,0.2969403163,0.2612615793690726,0.26134258697399404,0.03567873693092738,0.0002674509097445949
2664.177,0.297025127,0.26144517920755533,0.2615133544465372,0.035579947792444666,0.0002673162622060358
2664.659,0.2972314274,0.261630020627258,0.26168535412244276,0.03560140677274204,0.00026718174806943443
2665.141,0.2974002147,0.2618160930154336,0.26185857790412437,0.03558412168456637,0.00026704736715914935
2665.623,0.2974337651,0.2620033857069325,0.26203301764006276,0.035430379393067535,0.00026691311929980736
2666.105,0.2975752351,0.2621918879850936,0.26220866512519436,0.03538334711490643,0.0002667790043163379
2666.587,0.2975913811,0.26238158908264425,0.26238551210130995,0.035209792017355745,0.00026664502203393824
2667.07,0.2979006095,0.26257287544546537,0.26256392086365077,0.035327734054534654,0.00026651089471915377
2667.552,0.2978988459,0.262764944112866,0.26274314428174617,0.03513390178713399,0.000266377177590062
2668.034,0.2981159421,0.26295817898043145,0.26292354208377866,0.03515776311956853,0.00026624359263899565
2668.516,0.298204613,0.26315256908730716,0.26310510580283364,0.03505204391269284,0.0002661101396922928
2668.998,0.298358999,0.26334810342651527,0.2632878269208574,0.035010895573484746,0.00026597681857657617
2669.48,0.2981132124,0.26354477094585227,0.2634716968690676,0.034568441454147725,0.00026584362911873794
2669.962,0.2984750046,0.26374256054878553,0.26365670702835964,0.03473244405121445,0.00026571057114596153
2670.444,0.2986323263,0.26394146109535166,0.26384284872972086,0.03469086520464831,0.0002655776444857055
2670.927,0.2988148321,0.264141877476872,0.26403050293135616,0.03467295462312797,0.0002654445735925347
2671.408,0.2987699584,0.2643425502477657,0.2642184918355551,0.03442740815223427,0.0002653121844139933
2671.891,0.2989155119,0.26454513690837433,0.26440836991891836,0.03437037499162565,0.0002651793758283986
2672.373,0.2988832722,0.2647483711924145,0.2645989523802268,0.03413490100758548,0.000265046972969232
2672.855,0.2992168439,0.26495266007664126,0.26479062228597305,0.03426418382335872,0.00026491470056370746
2673.337,0.2993236486,0.26515799217926117,0.2649833706763807,0.03416565642073882,0.00026478255844095507
2673.819,0.29939715299999997,0.26536435608132247,0.2651771885447122,0.0340327969186775,0.00026465054643038055
2674.301,0.299553065,0.2655717403276081,0.2653720668376993,0.0339813246723919,0.0002645186643616608
2674.783,0.29959243950000003,0.26578013342752504,0.2655679964559719,0.033812306072474985,0.0002643869120647536
2675.265,0.2997385698,0.2659895238559951,0.26576496825449236,0.03374904594400491,0.0002642552893698871
2675.748,0.2998103219,0.26620033753615435,0.2659633849086983,0.03360998436384566,0.0002641235234343931
2676.23,0.2999345031,0.26641168992204084,0.2661624155664503,0.03352281317795919,0.00026399215970339775
2676.712,0.2999644259,0.2666240048390611,0.266362460680391,0.033340421060938874,0.0002638609250664257
2677.194,0.3002092066,0.26683727063299933,0.26656351092708935,0.033371935967000665,0.0002637298193548004
2677.676,0.3002111017,0.26705147561958065,0.26676555693964,0.033159626080419335,0.00026359884240011167
2678.158,0.3002913566,0.26726660808535047,0.26696858930810774,0.03302474851464954,0.0002634679940342325
2678.64,0.30047056510000003,0.2674826562885538,0.2671725985799751,0.032987908811446254,0.000263337274089296
2679.122,0.3005780327,0.26769960846000773,0.2673775752605877,0.032878424239992265,0.0002632066823977129
2679.604,0.3008819512,0.26791745280397683,0.267583509813606,0.03296449839602317,0.0002630762187921624
2680.087,0.3008508767,0.2681366321916261,0.2677908228580662,0.0327142445083739,0.0002629456128324533
2680.569,0.3010658277,0.26835622718110347,0.26799864631982584,0.03270960051889654,0.0002628154051629458
2681.051,0.3009208507,0.268576678780613,0.268207398779297,0.032344171919387044,0.0002626853250787736
2681.533,0.30124144210000003,0.2687979750968419,0.26841707053784486,0.032443467003158144,0.0002625553724136854
2682.015,0.30122024329999997,0.2690201042142517,0.2686276518574212,0.03220013908574826,0.0002624255470017047
2682.497,0.3014713569,0.26924305419593925,0.2688391329610273,0.03222830270406074,0.00026229584867711747
2682.979,0.3017139021,0.2694668130844903,0.2690515040331744,0.03224708901550971,0.0002621662772744765
2683.461,0.3016710824,0.26969136890282985,0.2692647552203453,0.03197971349717016,0.00026203683262860235
2683.944,0.3019881183,0.26991717797461057,0.2694793217644669,0.03207094032538943,0.0002619072464113403
2684.426,0.302022115,0.2701432932379705,0.2696943052458497,0.0318788217620295,0.0002617780550466439
2684.908,0.3021350499,0.27037016936542574,0.26991013903748207,0.03176488053457427,0.00026164898994441985
2685.39,0.3020440271,0.2705977943096821,0.2701268131383241,0.031446232790317885,0.00026152005094054763
2685.872,0.3023784711,0.2708261560079952,0.27034431751164534,0.03155231509200479,0.00026139123787116805
2686.354,0.3025161663,0.2710552423830052,0.2705626420855005,0.03146092391699479,0.00026126255057268424
2686.836,0.30251972590000004,0.2712850413435621,0.27078177675319914,0.03123468455643791,0.0002611339888817652
2687.318,0.30260305509999996,0.27151554078555384,0.27100171137378526,0.03108751431444612,0.0002610055526353363
2687.801,0.30271035739999996,0.2717472089426165,0.2712228945208399,0.03096314845738346,0.0002608769755953853
2688.283,0.3028234727,0.2719790743777451,0.27144440009636583,0.030844398322254885,0.0002607487900091833
2688.765,0.30305919070000004,0.27221160388717536,0.2716666749797849,0.03084758681282468,0.0002606207293794871
2689.247,0.3029324891,0.2724447853230845,0.27188970889777536,0.030487703776915454,0.0002604927935442654
2689.729,0.3031220815,0.27267860652875187,0.27211349154514386,0.030443474971248108,0.0002603649823417547
2690.211,0.3034323483,0.2729130553393597,0.2723380125853083,0.030519292960640265,0.00026023729561043795
2690.693,0.30343846620000003,0.27314811958278873,0.27256326165078004,0.030290346617211306,0.00026010973318906454
2691.175,0.30366302959999997,0.27338378708041083,0.2727892283436515,0.030279242519589133,0.0002599822949166423
2691.657,0.3037008866,0.27362004564787773,0.2730159022360819,0.030080840952122267,0.00025985498063243025
2692.14,0.3038578285,0.2738573750531893,0.2732437453110842,0.030000453446810682,0.00025972752642394384
2692.622,0.30410975,0.27409478035135276,0.27347180361466406,0.03001496964864725,0.0002596004598913788
2693.104,0.3041867882,0.27433274011449804,0.27370053763772173,0.02985404808550196,0.00025947351686602315
2693.586,0.3040456233,0.2745712421431807,0.27392993683751604,0.02947438115681933,0.0002593466971881626
2694.068,0.3044029714,0.27481027423611015,0.2741599906438244,0.029592697163889847,0.00025922000069834395
2694.55,0.3044707859,0.2750498241909119,0.2743906884594379,0.02942096170908809,0.0002590934272373609
2695.032,0.3044970027,0.2752898798048803,0.27462201966065247,0.02920712289511973,0.00025896697664626604
2695.514,0.3046738738,0.2755304288757324,0.27485397359776653,0.02914344492426757,0.00025884064876636646
2695.997,0.3046420689,0.27577195975707247,0.27508702272646485,0.028870109142927536,0.00025871418172972475
2696.479,0.3049303947,0.27601346010072514,0.2753201913212646,0.028916934599274857,0.00025858809905090645
2696.961,0.3051388452,0.27625541727908287,0.2755539505295701,0.028883427920917137,0.0002584621386083851
2697.443,0.3051668084,0.276497819098972,0.2757882896026153,0.028668989301028014,0.00025833630024447887
2697.925,0.3052394874,0.2767406533713247,0.27602319776813056,0.028498834028675313,0.00025821058380175063
2698.407,0.3054386659,0.27698390791190075,0.2762586642308437,0.028454757988099266,0.00025808498912301684
2698.889,0.3053664088,0.2772275705420017,0.27649467817298146,0.02813883825799829,0.00025795951605134563
2699.371,0.3059883741,0.27747162908918327,0.27673122875477274,0.028516745010816746,0.0002578341644300545
2699.854,0.3057915671,0.2777165789201337,0.2769687975136215,0.02807498817986631,0.00025770867441472734
2700.335,0.3057689606,0.27796088528051355,0.27720589637127147,0.027808075319486425,0.0002575838249131219
2700.818,0.3060660525,0.2782065676409613,0.2774444861108607,0.02785948485903872,0.000257458577519376
2701.3,0.3061719111,0.2784520889896299,0.27768307544286286,0.027719822110370107,0.00025733371038826145
2701.782,0.30642768530000003,0.278697945486327,0.27792214688064387,0.02772973981367305,0.0002572089639275164
2702.264,0.3065160264,0.2789441250107886,0.2781616894630178,0.027571901389211395,0.00025708433798194504
2702.746,0.3066161724,0.27919061545383356,0.2784016922103449,0.02742555694616644,0.0002569598323966004
2703.228,0.30668912859999997,0.279437404718032,0.27864214412504074,0.02725172388196795,0.000256835447016782
2703.71,0.306735557,0.27968448071836705,0.27888303419208654,0.027051076281632946,0.0002567111816880341
2704.192,0.30693894310000003,0.2799318313828933,0.2791243513795394,0.027007111717106735,0.0002565870362561417
2704.675,0.3067396317,0.280179958638485,0.2793665865851606,0.02655967306151502,0.0002564627533768002
2705.157,0.3071651379,0.28042782297841745,0.2796087256812084,0.026737314921582545,0.00025633884752491694
2705.639,0.307144472,0.2806759258266693,0.27985125868239524,0.02646854617333072,0.00025621506110840833
2706.121,0.3071762779,0.28092425517006686,0.2800941744941652,0.026252022729933155,0.0002560913939740339
2706.603,0.30730484140000003,0.28117279901170583,0.28033746200759624,0.026132042388294197,0.00025596784596880354
2707.085,0.3076169496,0.2814215453715785,0.28058111009991876,0.026195404228421537,0.00025584441693996907
2707.567,0.30800895629999997,0.2816704822871872,0.2808251076350249,0.02633847401281275,0.00025572110673501973
2708.049,0.3077430687,0.28191959781415865,0.28106944346398566,0.02582347088584136,0.0002555979152016879
2708.531,0.3080367303,0.2821688800268472,0.2813141064255651,0.025867850273152804,0.0002554748421879514
2709.014,0.3081841292,0.2824188346757135,0.2815595939224409,0.025765294524286497,0.0002553516325723333
2709.496,0.3084591191,0.28266841484492733,0.2818048782395779,0.025790704255072683,0.00025522879638777325
2709.978,0.3085133559,0.2829181260166698,0.28205045611369983,0.025595229883330184,0.00025510607826785683
2710.46,0.3086783111,0.283167956346196,0.28229631633947666,0.025510354753803977,0.0002549834780615194
2710.942,0.3086723894,0.28341789401043105,0.282542447701851,0.025254495389568976,0.0002548609956179301
2711.424,0.3087327897,0.28366792720854295,0.2827888389765563,0.025064862491457063,0.0002547386307865047
2711.906,0.3088946644,0.2839180441625056,0.2830354789306324,0.024976620237494418,0.0002546163834168918
2712.388,0.3089885307,0.28416823311765793,0.2832823563229431,0.024820297582342055,0.00025449425335897466
2712.871,0.3091047812,0.284419001587048,0.283529972795042,0.024685779612951986,0.00025437198744577655
2713.353,0.3092147797,0.284669299465422,0.28377729174451155,0.024545480234577977,0.0002542500918044694
2713.835,0.3093117439,0.28491963420248545,0.2840248143415517,0.02439210969751454,0.0002541283130256316
2714.317,0.3093622228,0.2851699941425647,0.2842725293174875,0.024192228657435255,0.0002540066509600898
2714.799,0.3096195633,0.285420367656055,0.2845204253980538,0.024199195643945015,0.0002538851054589159
2715.281,0.30939607739999997,0.2856707431399491,0.28476849130391846,0.023725334260050857,0.0002537636763734085
2715.763,0.3097761065,0.2859211090183521,0.2850167157511988,0.023854997481647877,0.00025364236355510637
2716.245,0.3099231306,0.28617145374299396,0.2852650874519792,0.02375167685700602,0.00025352116685577945
2716.728,0.3099423365,0.28642228507140144,0.2855141108243915,0.023520051428598587,0.0002533998350430471
2717.21,0.3102285467,0.2866725528531768,0.28576274340178975,0.02355599384682322,0.00025327887037805686
2717.692,0.31022587009999997,0.28692276498340596,0.28601148932648834,0.023303105116594003,0.0002531580213884413
2718.174,0.3103622404,0.2871729100293754,0.28626033729961714,0.023189330370624595,0.0002530372879269075
2718.656,0.3105212568,0.2874229765884684,0.28650927602086673,0.023098280211531597,0.00025291666984638474
2719.138,0.31069783300000003,0.28767295328863807,0.28675829418900317,0.023024879711361967,0.0002527961670000389
2719.62,0.310833191,0.2879228287888778,0.28700738050238583,0.022910362211122193,0.00025267577924126874
2720.102,0.3108610219,0.2881725917796879,0.2872565236594868,0.022688430120312075,0.0002525555064236965
2720.584,0.31086288559999997,0.2884222309835319,0.28750571235940614,0.022440654616468048,0.0002524353484011765
2721.067,0.3111197477,0.28867225265064905,0.28775545239019396,0.022447495049350952,0.0002523150560942336
2721.549,0.31115415949999997,0.2889216102630172,0.2880046983140093,0.022232549236982757,0.00025219512746171586
2722.031,0.310935694,0.28917081042892834,0.28825395586345026,0.021764883571071647,0.00025207531318689703
2722.513,0.3112120605,0.289419842003238,0.2885032137453059,0.021792218496761995,0.00025195561312454733
2722.995,0.3114532552,0.2896686938749705,0.2887524606695776,0.021784561325029483,0.0002518360271296664
2723.477,0.31143282299999997,0.28991735496774274,0.2890016853499952,0.021515468032257234,0.0002517165550574792
2723.959,0.3116760018,0.2901658142401802,0.28925087650453096,0.021510187559819816,0.0002515971967634408
2724.441,0.311817246,0.29041406068633036,0.28950002285591614,0.021403185313669637,0.00025147795210323605
2724.924,0.311783638,0.2906625976656555,0.2897496298508549,0.021121040334344476,0.00025135857389053663
2725.406,0.3119416673,0.29091038508675376,0.28999865263432145,0.02103128221324624,0.000251239556300948
2725.888,0.3121394984,0.2911579268576987,0.29024759679317186,0.02098157154230129,0.00025112065191329095
2726.37,0.312152613,0.2914052121183065,0.29049645107432964,0.020747400881693523,0.00025100186058414663
2726.852,0.3123312157,0.29165223004578555,0.2907452042320429,0.020678985654214443,0.00025088318217032665
2727.334,0.3122973377,0.2918989698551178,0.29099384502840164,0.020398367844882193,0.0002507646165288617
2727.816,0.3125634363,0.29214542079943184,0.29124236223384903,0.020418015500568154,0.000250646163517006
2728.298,0.3126796471,0.29239157217036493,0.2914907446276894,0.02028807492963508,0.0002505278229922411
2728.781,0.3126566604,0.2926379230123832,0.2917394958522571,0.02001873738761678,0.00025040934964227026
2729.262,0.3127401506,0.2928829335533539,0.2919870601451507,0.019857217046646114,0.00025029147883501014
2729.745,0.3129996626,0.29312863068301487,0.2922354850310821,0.019871031916985138,0.00025017323021359815
2730.227,0.312878592,0.29337347673901626,0.2924832157824532,0.019505115260983752,0.0002500553384484813
2730.709,0.3129107189,0.29361797024815534,0.2927307557463832,0.01929274865184466,0.00024993755846089086
2731.191,0.3132507074,0.29386210074059904,0.2929780937660821,0.019388606659400953,0.00024981989010963864
2731.673,0.3131557714,0.2941058577874357,0.2932252186971873,0.019049913612564306,0.00024970233325375096
2732.155,0.3133613764,0.2943492310009948,0.2934721194082656,0.019012145399005198,0.00024958488775248113
2732.637,0.31310522550000003,0.2945922100351643,0.2937187847813198,0.018513015464835747,0.00024946755346529846
2733.119,0.3136309169,0.2948347845857031,0.29396520371229395,0.018796132314296887,0.0002493503302518926
2733.602,0.3137605496,0.2950774463585566,0.2942118755444847,0.0186831032414434,0.0002492329751158569
2734.084,0.3135397738,0.29531918030585164,0.29445776776863336,0.01822059349414834,0.00024911597385966734
2734.566,0.3137973007,0.2955604790899792,0.2947033803042808,0.018236821610020826,0.00024899908325734255
2735.048,0.3139920855,0.29580133257727625,0.2949487021081938,0.018190752922723763,0.00024888230316944855
2735.53,0.3140836342,0.2960417306774283,0.2951937221535903,0.018041903522571734,0.00024876563345676265
2736.012,0.3142613731,0.29628166334375017,0.2954384294306387,0.01797970975624985,0.00024864907398028136
2736.494,0.3143366292,0.2965211205734588,0.2956828129469554,0.017815508626541188,0.00024853262460121855
2736.976,0.314260047,0.2967600924079439,0.29592686172810234,0.01749995459205611,0.00024841628518100105
2737.458,0.314631918,0.29699856893303356,0.2961705648180847,0.017633349066966453,0.00024830005558127484
2737.941,0.31456878499999996,0.29723703346378255,0.2964144157697301,0.01733175153621741,0.0002481836948651259
2738.423,0.3146151033,0.297474488727952,0.29665739391176027,0.017140614572047963,0.00024806768471930045
2738.905,0.3147564684,0.2977114191891599,0.29689999358765023,0.017045049210840102,0.0002479517839799014
2739.387,0.3147300001,0.29794781511362256,0.2971422039201571,0.016782184986377457,0.0002478359925094343
2739.869,0.3149624809,0.298183666813242,0.29738401405294834,0.01677881408675802,0.00024772031017061103
2740.351,0.3149694759,0.29841896464584144,0.29762541315109037,0.016550511254158573,0.00024760473682636496
2740.833,0.3152476618,0.29865369901539346,0.2978663904015364,0.016593962784606564,0.0002474892723398374
2741.315,0.3152528295,0.2988878603722468,0.29810693501361546,0.016364969127753204,0.0002473739165743814
2741.798,0.3154942359,0.29912192320466024,0.2983475338864242,0.01637231269533973,0.00024725843040431054
2742.28,0.3155712182,0.2993549088358086,0.29858717998831663,0.016216309364191384,0.00024714329189676817
2742.762,0.315587089,0.29958729306626775,0.29882636119672334,0.01599979593373224,0.0002470282617013536
2743.244,0.3157133364,0.29981906653414614,0.29906506681537975,0.01589426986585385,0.0002469133396822661
2743.726,0.31580176600000004,0.30005021992498254,0.2993032861728155,0.015751546075017497,0.00024679852570391633
2744.208,0.315780247,0.3002807439719454,0.2995410086228376,0.01549950302805464,0.0002466838196309267
2744.69,0.31582801920000003,0.3005106294560257,0.2997782235450097,0.015317389743974341,0.00024656922132812816
2745.172,0.3159843109,0.3007398672062235,0.300014920345127,0.015244443693776533,0.0002464547306605606
2745.655,0.315923956,0.3009689216448491,0.30025157787414114,0.014955034355150887,0.0002463401102956506
2746.137,0.3161803387,0.3011968352162405,0.3004872056251777,0.014983503483759486,0.00024622583471711393
2746.619,0.3161791635,0.3014240738119536,0.30072228361192005,0.014755089688046452,0.0002461116663699044
2747.101,0.3164052428,0.3016506284549251,0.3009568013499029,0.014754614345074912,0.0002459976051198966
2747.583,0.3164384977,0.30187649021697904,0.3011907483832636,0.014562007483020944,0.00024588365083317177
2748.065,0.3164557734,0.30210165021898816,0.3014241142852094,0.014354123181011813,0.00024576980337601633
2748.547,0.3166416908,0.3023260996310305,0.3016568886584844,0.014315591168969466,0.0002456560626149261
2749.029,0.3168016146,0.30254982967254535,0.3018890611358376,0.014251784927454658,0.0002455424284166051
2749.511,0.3168592618,0.3027728316124834,0.3021206213804873,0.014086430187516596,0.00024542890064796106
2749.994,0.3168396203,0.3029955571286015,0.3023520375561946,0.013844063171398524,0.0002453152439722508
2750.476,0.316909892,0.303217075315561,0.30258234112573024,0.013692816684439002,0.0002452019288846205
2750.958,0.3169821334,0.30343783948854186,0.302812001618434,0.013544293911458116,0.0002450887198283447
2751.44,0.3168904071,0.3036578411160582,0.3030410088240808,0.01323256598394179,0.00024497561667115336
2751.922,0.3170492454,0.30387707171682277,0.3032693525652146,0.013172173683177246,0.0002448626192809732
2752.404,0.3171829666,0.3040955228598772,0.3034970226976055,0.013087443740122828,0.0002447497275259435
2752.886,0.3172509655,0.30431318616470804,0.3037240091106982,0.012937779335291943,0.0002446369412744025
2753.368,0.3171518321,0.3045300533013721,0.30395030172807036,0.012621778798627858,0.00024452426039489085
2753.851,0.3174651121,0.3047465634115086,0.30417635779580543,0.012718548688491427,0.000244411451306043
2754.333,0.3176006023,0.304961811730273,0.3044012312398454,0.012638790569726999,0.000244298980994957
2754.815,0.3173673784,0.30517623917865366,0.30462538084750934,0.012191139221346348,0.0002441866156624671
2755.297,0.3174482634,0.305389837630191,0.3048487966834478,0.012058425769808978,0.0002440743551779238
2755.779,0.3175944302,0.30560259900953046,0.30507146884867564,0.011991831190469537,0.0002439621994108783
2756.261,0.3177090842,0.30581451529251935,0.3052933874810109,0.01189456890748064,0.00024385014823107855
2756.743,0.3177469276,0.30602557850629997,0.3055145427555157,0.01172134909370004,0.00024373820150848052
2757.225,0.3177584422,0.30623578072939944,0.30573492488493237,0.011522661470600548,0.00024362635911323396
2757.708,0.3176513181,0.3064455474847897,0.3059549788996354,0.011205770615210331,0.00024351438920192567
2758.189,0.3177873846,0.30665357077511074,0.30617333075049225,0.01113381382488926,0.00024340298678639846
2758.672,0.317992175,0.30686157273552184,0.30639178655497534,0.011130602264478151,0.00024329122531362786
2759.154,0.3180942303,0.30706825095290213,0.3066089773058569,0.01102597934709787,0.00024317979914853047
2759.636,0.3181623181,0.3072740293300903,0.30682534653590365,0.010888288769909715,0.00024306847666426298
2760.118,0.31836249850000004,0.30747890025573754,0.3070408846931113,0.010883598244262493,0.00024295725773217043
2760.6,0.3182647325,0.3076828561704183,0.3072555822661671,0.010581876329581685,0.00024284614222379127
2761.082,0.318266819,0.3078858895666958,0.30746942978487235,0.010380929433304154,0.00024273513001086755
2761.564,0.3182420827,0.30808799298918155,0.30768241782056155,0.010154089710818437,0.0002426242209653325
2762.046,0.3186206955,0.308289159034594,0.30789453698652025,0.010331536465406022,0.00024251341495932209
2762.529,0.3185580192,0.3084897947616255,0.3081062152782798,0.010068224438374462,0.0002424024822975766
2763.011,0.318660392,0.30868906206904234,0.30831656686356645,0.009971329930957673,0.00024229188220089955
2763.493,0.3186274983,0.30888737008774647,0.3085260216556801,0.009740128212253507,0.00024218138476105047
2763.975,0.31863712310000003,0.30908471162352047,0.3087345704399458,0.009552411476479561,0.00024207098985094073
2764.457,0.3187953222,0.3092810795345009,0.3089422040456982,0.009514242665499106,0.0002419606973436834
2764.939,0.3190822812,0.3094764667312235,0.30914891334669237,0.009605814468776508,0.00024185050711257909
2765.421,0.31901996369999996,0.3096708661766583,0.3093546892615018,0.009349097523341676,0.00024174041903112292
2765.903,0.31897203749999997,0.3098642708862479,0.309559522753924,0.009107766613752066,0.00024163043297300814
2766.385,0.31916873809999996,0.31005667392794006,0.3097634048333763,0.009112064172059897,0.00024152054881211544
2766.868,0.31917594579999997,0.31024846445310406,0.30996674655024725,0.008927481346895916,0.0002414105387639316
2767.35,0.3191022272,0.31043884145937073,0.31016869699635774,0.008663385740629248,0.00024130085823065943
2767.832,0.3193198216,0.31062819630291016,0.3103696693171192,0.008691625297089833,0.00024119127921715542
2768.314,0.3193669491,0.3108165222620852,0.31056965470847864,0.008550426837914793,0.00024108180159807254
2768.796,0.3194901854,0.31100381266789257,0.3107686444139648,0.00848637273210745,0.000240972425248257
2769.278,0.3194887978,0.31119006090398404,0.3109666297250764,0.008298736896015957,0.00024086315004274035
2769.76,0.31953218759999996,0.3113752604066816,0.3111636019816645,0.008156927193318342,0.00024075397585675314
2770.242,0.3196100159,0.31155940466499227,0.3113595525723123,0.00805061123500772,0.00024064490256571003
2770.725,0.3197340251,0.3117428659518586,0.31155487625697553,0.007991159148141358,0.00024053570406581157
2771.207,0.3197332032,0.31192487817660064,0.3117487557144387,0.007808325023399343,0.00024042683240034648
2771.689,0.3196663823,0.3121058159270709,0.3119415879503791,0.007560566372929123,0.0002403180612569566
2772.171,0.3196396314,0.31228567290322495,0.3121333645521789,0.007353958496775059,0.00024020939051181718
2772.653,0.3197437816,0.31246444285774305,0.3123240771578238,0.007279338742256947,0.00024010082004129323
2773.135,0.3199852972,0.31264211959603017,0.3125137174562677,0.007343177603969853,0.00023999234972193442
2773.617,0.3197977928,0.3128186969762178,0.31270227718779864,0.0069790958237822,0.0002398839794304824
2774.099,0.3199496442,0.31299416890915965,0.3128897481443991,0.0069554752908403406,0.00023977570904386408
2774.582,0.3198829516,0.31316888994255687,0.31307650769232376,0.006714061657443149,0.00023966731412249196
2775.064,0.3199496635,0.3133421305998608,0.31326177438259734,0.006607532900139157,0.00023955924338371078
2775.546,0.3201127581,0.31351424784652215,0.31344592797099263,0.006598510253477852,0.0002394512721814138
2776.028,0.3201085416,0.3136852358043387,0.31362896045995114,0.006423305795661305,0.0002393434003932794
2776.51,0.3201033467,0.31385508864779277,0.3138108639053808,0.006248258052207245,0.0002392356278971685
2776.992,0.32031760230000006,0.31402380060403945,0.31399163041700395,0.00629380169596061,0.0002391279545711279
2777.474,0.3202014303,0.3141913659528902,0.3141712521586996,0.006010064347109767,0.00023902038029338858
2777.956,0.32029936210000004,0.31435777902679873,0.31434972134884653,0.005941583073201306,0.00023891290494236993
2778.438,0.32045771799999995,0.3145230342108422,0.31452703026066187,0.005934683789157735,0.00023880552839667082
2778.921,0.3203677483,0.3146874651687429,0.3147035354408434,0.005680283131257069,0.00023869802806940154
2779.403,0.32040955080000005,0.31485038550776023,0.3148784983898647,0.0055591652922398205,0.00023859084897525013
2779.885,0.32030770789999996,0.31501213141641676,0.3150522781969556,0.0052955764835831975,0.00023848376832308164
2780.367,0.3204018578,0.31517269749018595,0.3152248673581389,0.005229160309814074,0.00023837678599223215
2780.849,0.3207578632,0.3153320783770535,0.31539625842593094,0.005425784822946478,0.00023826990186222403
2781.331,0.3206356738,0.3154902687774921,0.3155664440096662,0.005145405022507932,0.00023816311581275338
2781.813,0.32052733850000004,0.3156472634444317,0.3157354167758142,0.0048800750555683114,0.0002380564277237149
2782.295,0.3206760355,0.315803057183234,0.3159031694483018,0.00487297831676603,0.00023794983747516945
2782.778,0.32056524000000003,0.31595796431571715,0.31607003901636077,0.004607275684282874,0.0002378431241100125
2783.26,0.3207554315,0.31611133830585963,0.3162353273361492,0.004644093194140386,0.00023773672938575676
2783.742,0.3205689397,0.31626349608782256,0.3163993740672484,0.00430544361217744,0.00023763043214303955
2784.224,0.3207335991,0.3164144326764813,0.31656217216664817,0.0043191664235187055,0.0002375242322626551
2784.706,0.3207824521,0.3165641431389789,0.3167237146503423,0.0042183089610211,0.0002374181296255757
2785.188,0.32089784280000005,0.3167126225946909,0.31688399459362904,0.004185220205309148,0.00023731212411295228
2785.67,0.3208674141,0.31685986621518597,0.3170430051314078,0.0040075478848140555,0.00023720621560612421
2786.152,0.3209485498,0.3170058692241921,0.31720073945847826,0.0039426805758078776,0.00023710040398659674
2786.635,0.320847793,0.31715092592690447,0.3173575140794609,0.003696867073095522,0.0002369944699111561
2787.116,0.3209045408,0.317294134563194,0.31751235256093147,0.0036104062368060297,0.0002368890709363951
2787.599,0.3211258203,0.31743668142450043,0.3176665358989586,0.0036891388754995424,0.000236783330445284
2788.081,0.3211129862,0.31757767264942915,0.3178190958295909,0.003535313550570851,0.00023667790539357673
2788.563,0.3210233804,0.3177174001531542,0.31797034641870314,0.0033059802468458077,0.0002365725766391705
2789.045,0.3210779349,0.31785585947160694,0.31812028122665925,0.003222075428393034,0.00023646734406464854
2789.527,0.3208889193,0.3179930461925859,0.3182688938757118,0.0028958731074141264,0.0002363622075527673
2790.009,0.32107805650000004,0.3181289559557131,0.3184161780502744,0.002949100544286931,0.00023625716698646434
2790.491,0.3209012053,0.3182635844523875,0.31856212749719115,0.0026376208476124874,0.00023615222224885137
2790.973,0.3210487696,0.3183969274257391,0.31870673602600275,0.002651842174260899,0.00023604737322322218
2791.456,0.3209125571,0.31852925329641335,0.3188502933277403,0.002383303803586645,0.0002359424025615587
2791.938,0.3210990707,0.3186600099705209,0.3189921988875321,0.002439060729479081,0.0002358377448084295
2792.42,0.3212134546,0.3187894686521614,0.3191327453242694,0.0024239859478386028,0.0002357331824179586
2792.902,0.3211309124,0.31891762529102796,0.31927192670102633,0.002213287108972062,0.00023562871527414356
2793.384,0.32111299109999997,0.319044475888305,0.31940973714486365,0.002068515211694988,0.00023552434326114233
2793.866,0.3210429017,0.3191700164966206,0.31954617084708015,0.0018728852033794152,0.00023542006626330292
2794.348,0.3210402912,0.3192942432199969,0.31968122206345717,0.001746047980003107,0.0002353158841651354
2794.83,0.32129166410000004,0.31941715221379996,0.31981488511450346,0.001874511886200081,0.00023521179685132986
2795.312,0.32113089840000003,0.31953873968468727,0.3199471543856919,0.0015921587153127637,0.0002351078042067437
2795.795,0.3214409397,0.3196592500170332,0.3200782943836896,0.0017816896829667694,0.00023500369065842337
2796.277,0.3212249006,0.3197781805060098,0.3202077565924276,0.0014467200939901614,0.00023489988720337235
2796.759,0.321216969,0.3198957783917932,0.32033580855870974,0.0013211906082068459,0.00023479617807292794
2797.241,0.3212090421,0.32001204008580497,0.3204624449303511,0.0011970020141950366,0.00023469256315264303
2797.723,0.3213512822,0.3201269620505013,0.3205876604212874,0.0012243201494986922,0.0002345890423282411
2798.205,0.3212096907,0.3202405407993212,0.32071144981179917,0.0009691499006788118,0.00023448561548561767
2798.687,0.32130688040000005,0.32035277289663155,0.3208338079487264,0.0009541075033684954,0.00023438228251083885
2799.169,0.3214187886,0.3204636549576762,0.3209547297456872,0.0009551336423238022,0.00023427904329014637
2799.652,0.32129202149999997,0.32057340947735924,0.32107445656627853,0.00071861202264073,0.00023417568381222477
2800.134,0.3214065323,0.32068157869683056,0.3211924876865788,0.0007249536031694315,0.00023407263195301636
2800.616,0.3214687066,0.3207883880238388,0.3213090676004724,0.0006803185761611874,0.0002339696735073946
2801.098,0.3214339719,0.3208938342767038,0.3214241914909174,0.0005401376232961885,0.00023386680836227808
2801.58,0.3215879605,0.3209979143243569,0.3215378546086828,0.0005900461756430664,0.00023376403640475645
2802.062,0.321432152,0.32110062508628334,0.3216500522725403,0.0003315269137166843,0.000233661357522083
2802.544,0.3216483351,0.32120196353247094,0.32176077986946094,0.00044637156752908025,0.0002335587716016901
2803.026,0.3212785586,0.32130192668335644,0.3218700328548056,-2.336808335645646e-05,0.0002334562785311705
2803.509,0.32128372439999997,0.3214007147081471,0.32197802880923254,-0.00011699030814710243,0.000233353665845787
2803.991,0.3212791848,0.3214979156629446,0.322084316129671,-0.00021873086294460498,0.00023325135833052546
2804.473,0.321475371,0.32159373268008645,0.3221891156078768,-0.00011836168008644288,0.00023314914332869937
2804.955,0.32137698909999995,0.3216881629813706,0.3222924229747509,-0.00031117388137064106,0.0002330470207285763
2805.437,0.3213108007,0.3217812038387756,0.32239423403048895,-0.00047040313877561024,0.000232944990418589
2805.919,0.3213315649,0.3218728525744078,0.3224945446447517,-0.0005412876744078088,0.0002328430522873387
2806.401,0.3214633208,0.3219631065604469,0.322593350756833,-0.0004997857604469025,0.00023274120622359155
2806.883,0.32145095079999997,0.322051963219095,0.3226906483758261,-0.0006010124190950483,0.00023263945211628157
2807.365,0.32158911510000004,0.32213942002252177,0.32278643358078296,-0.0005503049225217271,0.00023253778985450897
2807.848,0.3213088877,0.32222565156964506,0.32288089652080176,-0.0009167638696450653,0.0002324360086955833
2808.33,0.3211717094,0.32231029836181946,0.32297364225797165,-0.0011385889618194533,0.00023233452998281924
2808.812,0.3214873667,0.32239353800968684,0.3230648642319679,-0.0009061713096868429,0.0002322331427836519
2809.294,0.3212822965,0.3224753681848707,0.32315455880338184,-0.0011930716848707057,0.00023213184698784152
2809.776,0.3213114783,0.3225557866087029,0.32324272240352503,-0.0012443083087028683,0.00023203064248531426
2810.258,0.3213381432,0.3226347910521711,0.3233293515345713,-0.0012966478521710956,0.0002319295291661564
2810.74,0.321300117,0.32271237933586894,0.32341444276969605,-0.0014122623358689412,0.00023182850692062015
2811.222,0.3214108538,0.3227885493299448,0.323497992753211,-0.0013776955299447669,0.00023172757563912386
2811.705,0.3213384452,0.32286345255837096,0.3235801667286994,-0.0015250073583709667,0.00023162652609410862
2812.187,0.32138964649999996,0.32293677682849764,0.3236606212127491,-0.0015471303284976812,0.00023152577660074517
2812.669,0.3213235634,0.323008676712213,0.32373952479981055,-0.0016851133122129935,0.00023142511774342195
2813.151,0.32141018870000004,0.3230791502774866,0.3238168744201839,-0.001668961577486583,0.00023132454941320534
2813.633,0.32131694590000004,0.32314819564159336,0.323892667075934,-0.0018312497415933215,0.0002312240715013233
2814.115,0.32128879429999996,0.323215810971067,0.32396689984100924,-0.0019270166710670389,0.00023112368389917155
2814.597,0.3211613021,0.32328199448165074,0.32403956986135196,-0.002120692381650746,0.00023102338649829947
2815.079,0.32127366479999997,0.3233467444382498,0.32411067435500884,-0.0020730796382498196,0.00023092317919042464
2815.562,0.3212124007,0.3234101890201472,0.3241803532463121,-0.002197788320147165,0.00023082285424859514
2816.043,0.3212112032,0.3234719369946447,0.32424817599560574,-0.002260733794644698,0.00023072303442132382
2816.526,0.3210083863,0.3235325002661796,0.3243147040453949,-0.0025241139661795753,0.0002306228894979883
2817.008,0.3210769014,0.3235914966483728,0.32437951678639154,-0.002514595248372775,0.00023052304166836342
2817.49,0.3212534678,0.32364905153386736,0.3244427511711473,-0.0023955837338673347,0.00023042328339249073
2817.972,0.3212329979,0.32370516348166933,0.32450440485259485,-0.00247216558166935,0.0002303236145630511
2818.454,0.3209463932,0.3237598310996267,0.32456447555644263,-0.0028134378996266807,0.00023022403507287235
2818.936,0.32087447210000003,0.32381305304438646,0.3246229610812601,-0.0029385809443864264,0.00023012454481495908
2819.418,0.3212172703,0.32386482802135064,0.32467985929855403,-0.002647557721350613,0.00023002514368245704
2819.9,0.3209518544,0.3239151547846338,0.324735168152847,-0.0029633003846337713,0.00022992583156868
2820.383,0.3209797419,0.3239641320348542,0.32478899545332734,-0.002984390134854187,0.00022982640260218329
2820.865,0.32117612800000006,0.32401155581714153,0.32484111640016355,-0.002835427817141467,0.00022972726839056034
2821.347,0.3212041015,0.32405752793771925,0.324891642252632,-0.002853426437719242,0.0002296282228783247
2821.829,0.3211081554,0.32410204734523984,0.324940571248161,-0.002993891945239857,0.0002295292659594209
2822.311,0.3210305329,0.3241451130368631,0.3249879016975227,-0.00311458013686311,0.00022943039752794703
2822.793,0.32098761699999995,0.32418672405821913,0.32503363198489177,-0.003199107058219186,0.00022933161747816443
2823.275,0.32111829890000004,0.32422687950336815,0.3250777605678959,-0.003108580603368105,0.00022923292570448158
2823.757,0.3209901208,0.32426557851476384,0.3251202859776655,-0.003275457714763841,0.00022913432210147256
2824.24,0.3209974052,0.32430289603296014,0.3251612900480185,-0.0033054908329601673,0.0002290356022662484
2824.722,0.3210398909,0.3243386767719355,0.3252006016659055,-0.0032987858719354946,0.0002289371748712958
2825.204,0.3208349896,0.3243729987930797,0.3252383061428992,-0.003538009193079672,0.00022883883533143936
2825.686,0.3208531079,0.3244058614321533,0.32527440230472093,-0.0035527535321532855,0.0002287405835418725
2826.168,0.32068170700000004,0.32443726407313,0.32530888905079175,-0.003755557073129967,0.00022864241939794507
2826.65,0.3206978598,0.3244672061481634,0.32534176535426107,-0.0037693463481633938,0.00022854434279515317
2827.132,0.32076170449999997,0.3244956871375527,0.325373030262032,-0.0037339826375527574,0.00022844635362915616
2827.614,0.3204294692,0.3245227065697117,0.3254026828947849,-0.004093237369711733,0.00022834845179576453
2828.096,0.32066736560000003,0.3245482640211349,0.325430722446995,-0.0038808984211348707,0.00022825063719094136
2828.579,0.3205154581,0.32457240758584205,0.3254572013341145,-0.004056949485842065,0.00022815270704718802
2829.061,0.3203815343,0.3245950369625287,0.32548200925376736,-0.004213502662528734,0.00022805506676843736
2829.543,0.32034662140000003,0.32461620337561503,0.3255052021180832,-0.004269581975615,0.00022795751340685475
2830.025,0.3204264605,0.324635906593716,0.3255267794169965,-0.004209446093715985,0.00022786004685901212
2830.507,0.3202860795,0.324654146433379,0.32554674071428247,-0.004368066933378989,0.00022776266702163842
2830.989,0.3201994092,0.32467092275905496,0.3255650856475557,-0.0044715135590549515,0.00022766537379161907
2831.471,0.3203106067,0.32468623548307296,0.32558181392826624,-0.00437562878307296,0.00022756816706598194
2831.953,0.3201981579,0.3247000845656117,0.3255969253416906,-0.004501926665611722,0.0002274710467419136
2832.436,0.32010521070000003,0.32471249418921677,0.3256104460626802,-0.00460728348921674,0.0002273738114909833
2832.918,0.3203568009,0.3247234130242328,0.32562232003766756,-0.004366612124232783,0.00022727686384093904
2833.4,0.32020633070000004,0.32473286838542187,0.3256325769441264,-0.0045265376854218276,0.00022718000228471235
2833.882,0.3204351499,0.32474086042421435,0.3256412168626507,-0.004305710524214357,0.00022708322672009292
2834.364,0.3201274609,0.32474738933976943,0.3256482399475731,-0.0046199284397694385,0.00022698653704502145
2834.846,0.320219754,0.3247524553789525,0.32565364642693584,-0.004532701378952453,0.0002268899331575856
2835.328,0.32011138019999996,0.3247560588363147,0.32565743660246077,-0.004644678636314736,0.0002267934149560242
2835.81,0.31994250409999997,0.3247582000540703,0.325659610849514,-0.0048156959540703315,0.0002266969823387286
2836.292,0.3201462346,0.32475887942207815,0.3256601696170678,-0.004612644822078127,0.00022660063520423424
2836.775,0.32000711000000004,0.32475809423651814,0.32565910955805444,-0.0047509842365180965,0.00022650417382673172
2837.257,0.3201155122,0.3247558482346534,0.3256564356591187,-0.004640336034653414,0.00022640799753087897
2837.739,0.3198764842,0.32475214183944334,0.3256521480702774,-0.004875657639443365,0.00022631190641412356
2838.221,0.32002927870000003,0.3247469756312331,0.3256462475346368,-0.004717696931233084,0.00022621590037560143
2838.703,0.3197506757,0.3247403502379207,0.3256387348686698,-0.0049896745379207075,0.000226119979314592
2839.185,0.31994554610000003,0.32473226633494173,0.3256296109621591,-0.004786720234941699,0.00022602414313052622
2839.667,0.3198256554,0.3247227246452532,0.3256188767781347,-0.004897069245253183,0.00022592839172297862
2840.149,0.31968337259999996,0.3247117259393193,0.32560653335281164,-0.005028353339319336,0.00022583272499167344
2840.632,0.3196400904,0.32469924368192626,0.3255925511795402,-0.005059153281926243,0.00022573694462109693
2841.114,0.319541685,0.32468533042642295,0.3255769893400152,-0.005143645426422927,0.00022564144711719055
2841.596,0.319462221,0.32466996275291565,0.32555982180892384,-0.005207741752915662,0.00022554603398936712
2842.078,0.3195720422,0.32465314162186076,0.32554104991465627,-0.005081099421860746,0.00022545070513794018
2842.56,0.3196158368,0.32463486804115843,0.3255206750584151,-0.005019031241158434,0.00022535546046336365
2843.042,0.3194933892,0.3246151430661412,0.3254986987141302,-0.005121753866141221,0.0002252602998662395
2843.524,0.3195079461,0.3245939677995636,0.32547512242837207,-0.005086021699563625,0.00022516522324731564
2844.006,0.3195530743,0.3245713433915931,0.325449947820261,-0.005018269091593086,0.00022507023050748423
2844.489,0.3194088886,0.32454721959288463,0.3254231193809015,-0.005138330992884632,0.00022497512472824507
2844.97,0.3193287985,0.3245217519891521,0.3253948104756391,-0.005192953489152108,0.0002248804962693874
2845.453,0.31924997990000004,0.32449473008757096,0.3253647875287307,-0.0052447501875709235,0.00022478555810091138
2845.935,0.3192235061,0.3244663185690897,0.32533323397098873,-0.005242812469089697,0.00022469090006236429
2846.417,0.3192143162,0.32443646437387624,0.32530009127551524,-0.005222148173876229,0.0002245963254093352
2846.899,0.3189711598,0.32440516893650495,0.32526536149478913,-0.005434009136504936,0.0002245018340435818
2847.381,0.319038987,0.32437243373891267,0.32522904675311115,-0.005333446738912673,0.00022440742586700644
2847.863,0.3189603484,0.3243382603103939,0.3251911492464885,-0.00537791191039394,0.000224313100781653
2848.345,0.3189824737,0.3243026502275964,0.3251516712425152,-0.005320176527596421,0.00022421885868970911
2848.827,0.31881407,0.3242656051145171,0.3251106150802475,-0.00545153511451707,0.00022412469949350858
2849.31,0.3189844653,0.3242270453228575,0.3250678930858577,-0.00524258002285749,0.00022403042800227493
2849.792,0.3183904927,0.3241871322422001,0.32502368464798015,-0.005796639542200055,0.00022393643447659448
2850.274,0.3186135894,0.3241457892910329,0.32497790550184724,-0.005532199891032874,0.0002238425235542978
2850.756,0.3186529099,0.32410301828282195,0.3249305582712195,-0.00545010838282195,0.000223748695138286
2851.238,0.3186751199,0.3240588210783713,0.3248816456506566,-0.005383701178371281,0.00022365494913160198
2851.72,0.3184479535,0.32401319958582314,0.3248311704053747,-0.00556524608582315,0.0002235612854374223
2852.202,0.3182976029,0.32396615576065585,0.32477913537110137,-0.005668552860655873,0.00022346770395907184
2852.684,0.3183426292,0.3239176916056866,0.3247255434539271,-0.005575062405686615,0.00022337420460001603
2853.167,0.3182014741,0.32386770420769073,0.3246702816065505,-0.0056662301076907395,0.00022328059353714927
2853.649,0.3181894801,0.32381640265499434,0.32461358170819654,-0.0056269225549943624,0.00022318725829750553
2854.131,0.3181016718,0.323763687069475,0.3245553340723921,-0.005662015269475018,0.000223094004888186
2854.613,0.3179375107,0.32370955964340686,0.32449554188527435,-0.005772048943406882,0.00022300083321321836
2855.095,0.3181547408,0.32365402261640785,0.3244342084025512,-0.005499281816407853,0.00022290774317676535
2855.577,0.3177490995,0.3235970782754418,0.3243713369493357,-0.005847978775441798,0.00022281473468312954
2856.059,0.3179225099,0.3235387289548241,0.3243069309199759,-0.005616219054824123,0.0002227218076367543
2856.541,0.3177425673,0.3234789770362211,0.32424099377787935,-0.005736409736221082,0.00022262896194221983
2857.023,0.3176642326,0.3234178249486561,0.3241735290553378,-0.0057535923486561336,0.00022253619750424707
2857.506,0.317657611,0.3233551439460309,0.32410439564162297,-0.00569753294603087,0.0002224433220230393
2857.988,0.3176305937,0.32329119610517243,0.32403388347939355,-0.00566060240517241,0.00022235071998098738
2858.47,0.31770642309999997,0.32322585567198386,0.3239618547529116,-0.0055194325719838955,0.00022225819891028828
2858.952,0.317683069,0.3231591252650531,0.3238883132683179,-0.0054760562650530975,0.00022216575871621184
2859.434,0.3175924839,0.32309100755034714,0.32381326289970813,-0.005498523650347142,0.00022207339930417
2859.916,0.3173823916,0.3230215052412157,0.323736707588936,-0.0056391136412157206,0.0002219811205797042
2860.398,0.3176099743,0.3229506210983973,0.32365865134541727,-0.005340646798397297,0.00022188892244850267
2860.88,0.3173966356,0.32287835793002445,0.32357909824592745,-0.005481722330024474,0.00022179680481638076
2861.363,0.31716145149999997,0.3228045643844016,0.32349788274080254,-0.005643112884401613,0.0002217045767242092
2861.845,0.3173013926,0.32272954893287276,0.32341534534436356,-0.005428156332872747,0.0002216126199747817
2862.327,0.31704997079999997,0.32265316317078085,0.3233313237333317,-0.005603192370780885,0.00022152074344251692
2862.809,0.316979972,0.32257541009599183,0.32324582225199183,-0.005595438095991834,0.00022142894703378003
2863.291,0.3169627177,0.32249629275379593,0.32315884531093886,-0.005533575053795925,0.00022133723065507417
2863.773,0.3167759774,0.3224158142369126,0.3230703973868586,-0.005639836836912604,0.00022124559421303174
2864.255,0.3169012537,0.3223339776854982,0.32298048302230653,-0.005432723985498211,0.00022115403761442326
2864.737,0.3167278269,0.3222507862871519,0.32288910682548266,-0.005522959387151916,0.00022106256076615284
2865.219,0.3165716954,0.3221662432769218,0.3227962734700046,-0.005594547876921763,0.0002209711635752627
2865.702,0.3165510004,0.32208017234022884,0.3227017905745698,-0.005529171940228839,0.00022087965657591042
2866.184,0.31631993529999997,0.3219929332142413,0.3226060541848331,-0.005672997914241307,0.00022078841858621644
2866.666,0.31639007750000003,0.32190435247332705,0.32250887505764414,-0.005514274973327016,0.00022069725997563225
2867.148,0.3162576085,0.32181443354249206,0.32241025812608864,-0.005556825042492053,0.00022060618065173712
2867.63,0.3160576921,0.32172317989422156,0.3223102083874873,-0.0056654877942215465,0.00022051518052223598
2868.112,0.3161401578,0.32163059504848696,0.3222087309031506,-0.005490437248486968,0.00022042425949497384
2868.594,0.3158824515,0.32153668257275214,0.3221058307981326,-0.005654231072752147,0.00022033341747792465
2869.076,0.31598911739999996,0.3214414460819781,0.32200151326097914,-0.005452328681978147,0.00022024265437919758
2869.559,0.3158613985,0.3213446875432911,0.3218955627229342,-0.005483289043291095,0.00022015178204726776
2870.041,0.31578776399999997,0.3212468113296056,0.3217884232266074,-0.005459047329605615,0.00022006117667329345
2870.523,0.31579509699999997,0.32114762223864896,0.32167988225341193,-0.005352525238648986,0.00021997064994257022
2871.005,0.31580743850000004,0.3210471240755243,0.32156994524343085,-0.005239685575524289,0.00021988020176373754
2871.487,0.3155848501,0.32094532069285686,0.32145861769894485,-0.005360470592856881,0.0002197898320455605
2871.969,0.3154892514,0.32084221599079943,0.32134590518416506,-0.005352964590799425,0.0002196995406969404
2872.451,0.3157271855,0.3207378139170357,0.3212318133249631,-0.005010628417035701,0.00021960932762690762
2872.933,0.3152401749,0.32063211846678363,0.3211163478085983,-0.00539194356678363,0.00021951919274462486
2873.416,0.3154772558,0.32052491038523734,0.32099927057252675,-0.005047654585237316,0.0002194289492007013
2873.897,0.3153640235,0.32041686365537714,0.32088131885870075,-0.0050528401553771585,0.0002193391571806162
2874.38,0.3150206256,0.32030708390903895,0.3207615176657548,-0.005286458309038955,0.00021924906988248204
2874.862,0.3152808141,0.3201962532109759,0.3206406128161468,-0.004915439110975917,0.0002191592470068046
2875.344,0.3148774355,0.3200841498344586,0.3205183636692479,-0.005206714334458573,0.0002190695018664577
2875.826,0.3150397356,0.31997077806006224,0.32039477627489227,-0.004931042460062263,0.0002189798343713855
2876.308,0.314840443,0.31985614221590875,0.32026985674231767,-0.00501569921590872,0.00021889024443166012
2876.79,0.3148092369,0.31974024667766787,0.32014361123987245,-0.004931009777667861,0.00021880073195748183
2877.272,0.3146017639,0.31962309586855525,0.3200160459947182,-0.005021331968555254,0.00021871129685918498
2877.754,0.3144735225,0.319504694259332,0.31988716729253164,-0.005031171759331987,0.00021862193904722608
2878.237,0.3145041541,0.3193847968438156,0.31975671002784,-0.004880642743815611,0.00021853247328288764
2878.719,0.314428891,0.3192639046654269,0.3196252208092879,-0.004835013665426935,0.00021844326993538326
2879.201,0.3144515438,0.3191417753940774,0.3194924373522515,-0.0046902315940773875,0.0002183541436061799
2879.683,0.3142726002,0.3190184136907791,0.3193583661735425,-0.004745813490779127,0.00021826509420625276
2880.165,0.3140739808,0.3188938242640731,0.3192230138469527,-0.004819843464073104,0.0002181761216467027
2880.647,0.3141063773,0.3187680118700227,0.31908638700294134,-0.004661634570022666,0.00021808722583875796
2881.129,0.3139191646,0.3186409813122061,0.3189484923283155,-0.004721816712206062,0.0002179984066937685
2881.611,0.3140124145,0.31851273744171116,0.3188093365659136,-0.0045003229417111545,0.00021790966412322036
2882.094,0.3138581186,0.3183830153312023,0.31866863390803774,-0.004524896731202266,0.0002178208141636342
2882.576,0.3136797805,0.3182523570869601,0.3185269738402336,-0.0045725765869600865,0.00021773222463532965
2883.058,0.3138869506,0.3181205003786778,0.318384073260513,-0.004233549778677792,0.00021764371141648502
2883.54,0.3136694666,0.31798745024748654,0.3182399391327099,-0.004317983647486534,0.00021755527441909243
2884.022,0.3136319662,0.3178532117819751,0.31809457847505374,-0.004221245581975119,0.00021746691355526424
2884.504,0.3134568242,0.31771779011817813,0.31794799835983845,-0.00426096591817815,0.00021737862873723733
2884.986,0.3132278496,0.3175811904395627,0.3178002059130858,-0.0043533408395626805,0.00021729041987737834
2885.468,0.313196388,0.3174434179770117,0.3176512083142071,-0.004247029977011707,0.00021720228688817936
2885.95,0.31321230029999997,0.3173044780088098,0.31750101279566234,-0.004092177708809819,0.00021711422968225295
2886.433,0.3133028797,0.31716408398790397,0.3173493113308824,-0.0038612042879039854,0.0002170260657167135
2886.915,0.3130153146,0.31702282263837056,0.31719673943355436,-0.0040075080383705775,0.00021693815997245213
2887.397,0.3131423633,0.31688040991355726,0.3170429916441768,-0.0037380466135572554,0.00021685032974987754
2887.879,0.3130624008,0.31673685128126505,0.3168880754040602,-0.003674450481265079,0.00021676257496210373
2888.361,0.3128750225,0.3165921522565954,0.31673199820582426,-0.0037171297565954386,0.00021667489552236813
2888.843,0.31276587899999997,0.31644631840192894,0.3165747675930457,-0.00368043940192897,0.00021658729134403103
2889.325,0.3125945867,0.31629935532689957,0.31641639115990094,-0.003704768626899557,0.00021649976234057753
2889.807,0.31245475549999996,0.31615126868837046,0.3162568765508077,-0.0036965131883704982,0.00021641230842561526
2890.29,0.3123738713,0.3160017534794731,0.3160958970017256,-0.0036278821794731297,0.00021632474830673114
2890.772,0.3122101765,0.3158514345720336,0.3159341268518989,-0.003641258072033582,0.00021623744446540983
2891.254,0.31224626,0.31570000936684184,0.3157712417734233,-0.0034537493668418406,0.00021615021545396337
2891.736,0.3122372422,0.3155474837094786,0.31560724960815234,-0.0033102415094786175,0.00021606306118649362
2892.218,0.3121267521,0.3153938634926001,0.31544215824635513,-0.0032671113926001083,0.00021597598157722323
2892.7,0.312070362,0.31523915465590124,0.3152759756263418,-0.0031687926559012536,0.00021588897654049543
2893.182,0.3116830932,0.31508336318608166,0.31510870973409477,-0.003400269986081672,0.00021580204599077696
2893.664,0.3119016497,0.3149264951168068,0.31494036860289,-0.0030248454168068095,0.00021571518984265375
2894.146,0.3117303647,0.31476855652866653,0.3147709603129202,-0.0030381918286665477,0.00021562840801083984
2894.629,0.31170397650000004,0.3146092225652791,0.3146001382290734,-0.002905246065279088,0.00021554152059597733
2895.111,0.3114947283,0.3144491591796513,0.3144286178762399,-0.002954430879651304,0.00021545488729512975
2895.593,0.3113328745,0.3142880438110128,0.3142560549000117,-0.002955169311012751,0.00021536832805527014
2896.075,0.31122056610000004,0.3141258827273187,0.314082457564525,-0.0029053166273186326,0.0002152818427915865
2896.557,0.3115064282,0.31396268224322543,0.31390783417891605,-0.0024562540432254143,0.0002151954314193971
2897.039,0.31129454689999997,0.3137984487200376,0.3137321930969277,-0.002503901820037624,0.00021510909385413757
2897.521,0.3112481278,0.3136331885656559,0.31355554271652003,-0.002385060765655922,0.00021502283001135963
2898.003,0.3111987694,0.31346690823452505,0.3133778914794779,-0.0022681388345250353,0.00021493663980673696
2898.486,0.3110768983,0.3132992660953936,0.3131988762154632,-0.002222367795393587,0.00021485034456721858
2898.968,0.3109891178,0.3131309628773401,0.31301924673154874,-0.00214184507734011,0.00021476430153875213
2899.45,0.31092188400000004,0.31296165913827645,0.31283864199316047,-0.0020397751382764118,0.00021467833189600842
2899.932,0.310741503,0.31279136151832826,0.31265707061349574,-0.0020498585183282847,0.00021459243555513918
2900.414,0.3108361782,0.31262007670386016,0.3124745412475799,-0.0017838985038601818,0.00021450661243241784
2900.896,0.3107703682,0.3124478114274112,0.31229106259186395,-0.0016774432274112017,0.00021442086244423064
2901.378,0.31068510790000003,0.31227457246762413,0.312106643383817,-0.0015894645676240993,0.00021433518550708822
2901.86,0.31054011200000003,0.3121003666491744,0.3119212924015188,-0.001560254649174364,0.00021424958153761636
2902.343,0.3103830369,0.3119248364350486,0.3117346310495274,-0.0015417995350485714,0.00021416387307787957
2902.824,0.3103071643,0.3117490819647176,0.3115478304270872,-0.001441917664717629,0.00021407859216877764
2903.307,0.310255496,0.31157164864418774,0.3113593460207834,-0.001316152644187718,0.0002139930295303102
2903.789,0.3101802729,0.3113936426148738,0.3111703546699822,-0.001213369714873791,0.0002139077167507518
2904.271,0.3100351577,0.31121470455280986,0.31098047604876367,-0.001179546852809854,0.00021382247652358986
2904.753,0.3098432803,0.3110348415573449,0.31078971917029496,-0.0011915612573448753,0.00021373730876615677
2905.235,0.3098348399,0.3108540607732978,0.31059809308545133,-0.0010192208732978103,0.0002136522133959011
2905.717,0.309633569,0.31067236939086706,0.31040560688239505,-0.0010388003908670673,0.00021356719033039303
2906.199,0.3095589204,0.3104897746455405,0.31021226968615434,-0.0009308542455405133,0.00021348223948730957
2906.681,0.30962689,0.31030628381799763,0.3100180906581981,-0.0006793938179976422,0.00021339736078445138
2907.164,0.3093956003,0.3101215207850011,0.3098226735483778,-0.0007259204850010859,0.0002133123782671842
2907.646,0.3093727425,0.3099362579944349,0.30962683678635095,-0.0005635154944348963,0.0002132276437478794
2908.128,0.3091618383,0.30975012124928825,0.3094301859106611,-0.0005882829492882546,0.0002131429811227197
2908.61,0.3092674408,0.3095631180100997,0.3092327302243403,-0.0002956772100997096,0.00021305839030996484
2909.092,0.3091196086,0.30937525578208613,0.30903447906471804,-0.00025564718208614945,0.00021297387122800105
2909.574,0.3090143502,0.30918654211502866,0.3088354418029867,-0.00017219191502865216,0.00021288942379531185
2910.056,0.30930493330000003,0.308996984603161,0.3086356278437683,0.00030794869683903325,0.00021280504793050887
2910.538,0.30900982769999996,0.3088065908850519,0.30843504662467924,0.00020323681494804902,0.00021272074355231443
2911.021,0.3089029165,0.3086149710609477,0.3082332891189715,0.0002879454390523062,0.00021263633589652562
2911.503,0.30882248279999996,0.30842292632796303,0.3080312002802096,0.0003995564720369327,0.00021255217439606057
2911.985,0.3088283864,0.3082300685854066,0.3078283727078184,0.0005983178145934076,0.0002124680841388886
2912.467,0.30863206909999996,0.30803640564804885,0.30762481596706515,0.0005956634519511117,0.0002123840650441868
2912.949,0.30857195919999997,0.3078419453743688,0.30742053965401284,0.0007300138256311484,0.0002123001170312504
2913.431,0.3085346727,0.3076466956664152,0.3072155533950715,0.0008879770335847859,0.0002122162400194865
2913.913,0.3085280947,0.3074506644696715,0.30700986684655684,0.0010774302303284689,0.00021213243392841582
2914.395,0.3084180451,0.3072538597729134,0.3068034896942421,0.0011641853270865643,0.00021204869867766748
2914.877,0.3081434754,0.3070562896080665,0.3065964316529118,0.0010871857919334538,0.0002119650341869941
2915.36,0.3079993196,0.30685754980041136,0.306388270801615,0.0011417697995886322,0.0002118812670185232
2915.842,0.30791554909999996,0.3066584714209738,0.3061798788784353,0.001257077679026164,0.00021179774395407364
2916.324,0.3077152767,0.30645865194360283,0.3059708354005224,0.001256624756397151,0.00021171429140944397
2916.806,0.3077822141,0.30625809957140443,0.30576115019426214,0.001524114528595577,0.000211630909304834
2917.288,0.3077160539,0.30605682254986355,0.30555083311279396,0.0016592313501364586,0.00021154759756055198
2917.77,0.3077158372,0.3058548291666814,0.30533989403555806,0.001861008033318623,0.00021146435609701854
2918.252,0.3074387698,0.30565212775160977,0.30512834286784046,0.0017866420483902412,0.000211381184834767
2918.734,0.3074095581,0.30544872667628,0.3049161895403171,0.0019608314237199997,0.0002112980836944421
2919.217,0.3072628066,0.3052442102132822,0.3047030020191469,0.002018596386717808,0.00021121488040586308
2919.699,0.3074809214,0.3050394336912089,0.3044896730657607,0.0024414877087911013,0.0002111319194168381
2920.181,0.3071626916,0.3048339828909592,0.3042757719131277,0.002328708709040783,0.00021104902831217508
2920.663,0.307095591,0.30462786634999295,0.3040613085889429,0.0024677246500070527,0.00021096620701296296
2921.145,0.3068952973,0.3044210926467451,0.30384629314399303,0.0024742046532548745,0.00021088345544040016
2921.627,0.3070164348,0.3042136704004336,0.3036307356516932,0.002802764399566393,0.0002108007735157985
2922.109,0.3066981949,0.3040056082708642,0.3034146462076241,0.002692586629135796,0.00021071816116057584
2922.591,0.30671753479999997,0.3037969149582319,0.30319803492906894,0.0029206198417680573,0.00021063561829626342
2923.073,0.30663635,0.3035875992029181,0.3029809119545467,0.0030487507970818895,0.00021055314484450083
2923.556,0.3064855658,0.3033772336152868,0.30276283542592597,0.003108332184713236,0.00021047056983615776
2924.038,0.3065125435,0.3031666981098049,0.3025447185488299,0.0033458453901951124,0.00021038823511845638
2924.52,0.3062478563,0.3029555666402494,0.3023261205352684,0.0032922896597505913,0.00021030596957872483
2925.002,0.3062854417,0.3027438481057293,0.30210705160408236,0.0035415935942706978,0.00021022377313903117
2925.484,0.3061070159,0.30253155144447286,0.30188752199301444,0.003575464455527144,0.0002101416457215714
2925.966,0.306015578,0.30231868563359987,0.30166754195823653,0.0036968923664001396,0.00021005958724863748
2926.448,0.3060231089,0.3021052596888924,0.30144712177387983,0.003917849211107605,0.00020997759764263379
2926.93,0.3058961624,0.3018912826645631,0.3012262717315652,0.004004879735436895,0.00020989567682607062
2927.413,0.30572303170000004,0.30167631803576156,0.3010045426454284,0.004046713664238477,0.00020981365497530307
2927.895,0.3058685814,0.30146126507136195,0.30078286299138923,0.004407316328638056,0.00020973187164791279
2928.377,0.3055294111,0.3012456884372272,0.30056078447594026,0.004283722662772771,0.00020965015687799296
2928.859,0.3057433792,0.3010295973389574,0.3003383174559679,0.0047137818610425986,0.00020956851058848662
2929.341,0.3052756624,0.30081300101935504,0.30011547230348207,0.004462661380644939,0.00020948693270244836
2929.823,0.305459153,0.30059590875817216,0.2998922594051425,0.004863244241827824,0.00020940542314303484
2930.305,0.3053084522,0.3003783298718441,0.29966868916178174,0.004930122328155928,0.0002093239818335159
2930.787,0.3052475451,0.30016027371322873,0.2994447719879326,0.005087271386771286,0.0002092426086972644
2931.27,0.305077516,0.29994129582212126,0.29922005271220575,0.005136220177878736,0.00020916113504583617
2931.751,0.3049805371,0.299722767171045,0.2989959385725321,0.005257769928954992,0.00020908006663858866
2932.234,0.30502126830000004,0.29950287996062547,0.2987705763155736,0.005518388339374569,0.00020899872923345035
2932.716,0.304894219,0.2992830080583847,0.29854537520019314,0.005611210941615319,0.0002089176281668642
2933.198,0.3046729764,0.29906270620467945,0.2983198794375288,0.005610270195320566,0.00020883659489185407
2933.68,0.3046952824,0.2988419839651544,0.29809409951431176,0.005853298434845611,0.00020875562933243526
2934.162,0.3046835572,0.298620850939899,0.29786804592762883,0.006062706260101025,0.000208674731412723
2934.644,0.30450129459999997,0.2983993167631487,0.29764172918444465,0.006101977836851291,0.0002085939010569409
2935.126,0.3043507909,0.2981773911029817,0.29741515980112054,0.0061733997970183085,0.0002085131381894209
2935.608,0.3042890736,0.297955083661009,0.29718834830293595,0.006333989938991036,0.00020843244273459336
2936.091,0.3043606339,0.2977319418014526,0.29696083394645983,0.006628692098547384,0.0002083516474086936
2936.573,0.3042941953,0.29750889929183516,0.2967335693800407,0.006785296008164854,0.00020827108669244855
2937.055,0.3042984483,0.297285504323676,0.29650609434520303,0.007012943976324015,0.00020819059316267569
2937.537,0.304180352,0.2970617667296235,0.29627841939811095,0.0071185852703765096,0.00020811016674422806
2938.019,0.3041694565,0.29683769637425583,0.2960505551014455,0.007331760125744158,0.00020802980736206401
2938.501,0.3041409005,0.29661330315374507,0.29582251202392185,0.007527597346254911,0.00020794951494124554
2938.983,0.30397733379999997,0.2963885969955188,0.2955943007398094,0.007588736804481189,0.00020786928940693848
2939.465,0.3038793636,0.2961635878579172,0.2953659318284506,0.00771577574208282,0.00020778913068441213
2939.948,0.3037963456,0.29593781800042707,0.29513694162878135,0.007858527599572951,0.00020770887260242234
2940.43,0.3036169736,0.29571223232435945,0.2949082889467469,0.007904741275640559,0.0002076288474179147
2940.912,0.303740372,0.29548637374679,0.29467951042309304,0.008253998253209993,0.0002075488888214668
2941.394,0.303502339,0.295260252346247,0.29445061665264616,0.008242086653753034,0.00020746899673876408
2941.876,0.3032380631,0.295033878230386,0.2942216182328971,0.008204184869613995,0.0002073891710955922
2942.358,0.30330011490000003,0.294807261535621,0.29399252576352086,0.00849285336437905,0.00020730941181784242
2942.84,0.3033107494,0.29458041242674726,0.2937633498458938,0.008730336973252761,0.00020722971883150654
2943.322,0.3032289333,0.29435334109656514,0.2935341010826147,0.008875592203434868,0.0002071500920626819
2943.804,0.30312679330000003,0.29412605776549217,0.29330479007702037,0.009000735534507864,0.00020707053143756264
2944.287,0.3029953264,0.29389810051782295,0.29307495153027674,0.00909722588217704,0.00020699087202461603
2944.769,0.3028862376,0.29367042356819323,0.29284554777650607,0.009215814031806768,0.0002069114436027563
2945.251,0.3028422393,0.2934425654621325,0.2926161136120584,0.009399673837867495,0.00020683208110365884
2945.733,0.30286338220000003,0.2932145365266573,0.2923866596384172,0.009648845673342732,0.00020675278445392482
2946.215,0.3026816658,0.2929863471144131,0.29215719645540117,0.009695318685586873,0.00020667355358026352
2946.697,0.3024788435,0.292758007603263,0.2919277346606829,0.009720835896737001,0.0002065943884094828
2947.179,0.3024988032,0.29252952839587176,0.2916982848493096,0.009969274804128236,0.00020651528886849005
2947.661,0.3024423908,0.2923009199192835,0.2914688576132217,0.010141470880716541,0.0002064362548842985
2948.144,0.3023008922,0.2920717179702934,0.29123898766128,0.010229174229706595,0.00020635712261697344
2948.626,0.3022460345,0.29184288211796017,0.29100963743852926,0.010403152382039815,0.0002062782196634474
2949.108,0.3020289181,0.2916139484413714,0.2907803415654037,0.010414969658628592,0.00020619938204820588
2949.59,0.301823842,0.29138492746083744,0.29055111061661687,0.01043891453916257,0.00020612060969866028
2950.072,0.3019393075,0.291155829718876,0.2903219551613832,0.010783477781123985,0.00020604190254232675
2950.554,0.30187190820000004,0.29092666577976084,0.29009288576293585,0.010945242420239198,0.00020596326050681553
2951.036,0.3016991502,0.290697446229069,0.2898639129780515,0.011001703970930976,0.00020588468351984284
2951.518,0.3017814588,0.2904681816732242,0.2896350473565733,0.011313277126775823,0.00020580617150921587
2952.0,0.3017637523,0.2902388827390322,0.28940629944093255,0.011524869560967821,0.00020572772440285276
2952.483,0.30150161919999996,0.29000908428277833,0.28917720559160615,0.01149253491722163,0.00020564917957727923
2952.965,0.3013946004,0.28977974853550054,0.28894872498174895,0.011614851864499454,0.00020557086219785394
2953.447,0.3012992081,0.28955041043008956,0.2887203936776139,0.011748797669910438,0.00020549260950687235
2953.929,0.3014461166,0.2893210806702069,0.2884922221872144,0.012125035929793082,0.00020541442143264267
2954.411,0.30120220329999997,0.28909176997751396,0.28826422100877547,0.012110433322486014,0.00020533629790357307
2954.893,0.3012151745,0.28886248909118467,0.2880364006302626,0.012352685408815345,0.00020525823884817208
2955.375,0.30120584019999996,0.2886332487674075,0.2878087715289054,0.012572591432592484,0.00020518024419504026
2955.857,0.3010678189,0.2884040597788897,0.2875813441707289,0.012663759121110285,0.00020510231387288155
2956.34,0.3009167043,0.2881744576194827,0.2873536578371553,0.012742246680517322,0.0002050242863293968
2956.822,0.3009626527,0.2879454038456952,0.28712666578898344,0.013017248854304775,0.00020494648458878047
2957.304,0.3009791324,0.28771643384179474,0.2868999068317383,0.013262698558205277,0.00020486874696568758
2957.786,0.3010112865,0.28748755844150475,0.2866733913818803,0.013523728058495221,0.0002047910733892083
2958.268,0.30065540160000004,0.2872587884925032,0.2864471298423118,0.013396613107496846,0.00020471346378853544
2958.75,0.30078371260000003,0.28703013485589496,0.2862211326019075,0.013753577744105072,0.000204635918092959
2959.232,0.300683684,0.2868016084056804,0.2859954100350466,0.013882075594319587,0.00020455843623186362
2959.714,0.3005293292,0.28657322002822266,0.28576997250114783,0.013956109171777309,0.0002044810181347325
2960.197,0.3006635524,0.28634450725838845,0.28554436355850216,0.01431904514161153,0.00020440350331098946
2960.678,0.3004198728,0.286116901095598,0.2853199938923083,0.014302971704401979,0.00020432637295077653
2961.161,0.30050099750000003,0.2858885197155373,0.2850950079828194,0.01461247778446273,0.0002042489855669517
2961.643,0.3002277373,0.28566079310940684,0.28487081454711927,0.014566944190593178,0.0002041718219540733
2962.125,0.30024224709999997,0.28543325919695106,0.28464695772207793,0.014808987903048909,0.00020409472175387242
2962.607,0.3002259603,0.28520592892724506,0.28442344776755446,0.015020031372754927,0.00020401768489641995
2963.089,0.3002097191,0.28497881325785634,0.2842002949252006,0.01523090584214365,0.00020394071131186415
2963.571,0.300017717,0.28475192315427794,0.28397750941800304,0.015265793845722075,0.00020386380093046134
2964.053,0.3000477647,0.28452526958935437,0.2837551014498242,0.015522495110645629,0.00020378695368256005
2964.535,0.2999329356,0.2842988635427046,0.2835330812049459,0.01563407205729539,0.00020371016949860272
2965.018,0.2997339815,0.2840722470907038,0.28331099947083127,0.015661734409296246,0.000203633289201972
2965.5,0.3001113504,0.2838463696141853,0.2830897860018534,0.016264980785814676,0.00020355663106809527
2965.982,0.2998118573,0.2836207726524165,0.28286899070794436,0.01619108464758351,0.00020348003578992262
2966.464,0.2997454978,0.2833954672062585,0.28264862369045535,0.01635003059374146,0.000203403503298277
2966.946,0.2998913529,0.28317046428039494,0.2824286950288816,0.01672088861960508,0.00020332703352407664
2967.428,0.2997801925,0.2829457748827289,0.2822092147804109,0.016834417617271114,0.00020325062639833515
2967.91,0.299720875,0.28272141002377815,0.2819901929794736,0.016999464976221845,0.0002031742818521593
2968.392,0.2995069635,0.28249738071606323,0.2817716396372923,0.017009582783936772,0.00020309799981675108
2968.875,0.2996230481,0.28227323426931006,0.2815531128081515,0.017349813830689953,0.0002030216221563291
2969.357,0.299442493,0.2820499098598912,0.28133552734572453,0.017392583140108775,0.0002029454650657714
2969.839,0.29924981370000003,0.28182695406799063,0.2811184402526025,0.017422859632009402,0.00020286937028000682
2970.321,0.2994136298,0.2816043779079673,0.2809018614426607,0.01780925189203275,0.00020279333773060956
2970.803,0.2991956725,0.28138219239307694,0.28068580080433975,0.017813480106923074,0.00020271736734925252
2971.285,0.2991580535,0.2811604085348363,0.28047026820020143,0.017997644965163706,0.00020264145906769967
2971.767,0.2992503386,0.28093903734239195,0.2802552734664907,0.018311301257608048,0.00020256561281780484
2972.249,0.2989424588,0.2807180898218764,0.28004082641269545,0.018224368978123573,0.0002024898285315198
2972.731,0.2989087816,0.2804975769757656,0.2798269368211071,0.0184112046242344,0.0002024141061408824
2973.214,0.2987022788,0.2802770537022385,0.279613172465219,0.01842522509776151,0.00020233828867013458
2973.696,0.2987853217,0.28005744415337364,0.2794004282410304,0.01872787754662636,0.0002022626899953595
2974.178,0.2987813396,0.27983830228071627,0.2791882706784873,0.018943037319283706,0.00020218715301277665
2974.66,0.298450473,0.2796196390656065,0.27897670944668984,0.0188308339343935,0.0002021116776547973
2975.142,0.298649827,0.2794014654824598,0.27876575418537225,0.01924836151754017,0.00020203626385392436
2975.624,0.2984358665,0.27918379249810443,0.27855541450447485,0.019252074001895547,0.00020196091154275707
2976.106,0.298419765,0.2789666310711142,0.2783456999837142,0.019453133928885813,0.0002018856206539773
2976.588,0.2985523568,0.27874999215114094,0.27813662017215957,0.01980236464885904,0.00020181039112036962
2977.071,0.2984486356,0.27853343888873655,0.27792775282509125,0.01991519671126346,0.0002017350669877483
2977.553,0.2982849195,0.27831787893345733,0.27771997232052265,0.019967040566542693,0.00020165996009012706
2978.035,0.2983658743,0.2781028742965088,0.2775128550038072,0.020263000003491183,0.00020158491434642316
2978.517,0.2981756467,0.2778884358850684,0.2773064102971118,0.020287210814931622,0.00020150992968977923
2978.999,0.2981411772,0.27767457459399725,0.2771006475898442,0.02046660260600275,0.00020143500605343214
2979.481,0.2981799767,0.27746130130515173,0.27689557623823363,0.020718675394848285,0.0002013601433707032
2979.963,0.29823181909999996,0.2772486268866956,0.27669120556491633,0.020983192213304358,0.00020128534157501336
2980.445,0.2981637326,0.2770365621924066,0.27648754485852056,0.021127170407593432,0.00020121060059986615
2980.927,0.29797917300000004,0.27682511806098126,0.27628460337325494,0.021154054939018785,0.0002011359203788623
2981.41,0.2979236711,0.2766138686083207,0.2760819715629471,0.021309802491679297,0.0002010611460964158
2981.892,0.2980743686,0.27640369939847387,0.2758804976826974,0.021670669201526105,0.0002009865873105467
2982.374,0.2980742756,0.2761941831924798,0.2756797705945257,0.021880092407520202,0.0002009120890800116
2982.856,0.29763600700000004,0.27598533076167825,0.2754797994107935,0.021650676238321787,0.00020083765133876904
2983.338,0.297680359,0.27577715285881643,0.2752805932074042,0.021903206141183573,0.00020076327402086371
2983.82,0.2976095454,0.2755696602173408,0.2750821610234015,0.022039885182659202,0.0002006889570604314
2984.302,0.29753304140000003,0.2753628635506858,0.27488451186056795,0.022170177849314243,0.00020061470039169733
2984.784,0.2974944675,0.27515677355156076,0.274687654683027,0.022337693948439263,0.00020054050394897524
2985.267,0.2974598601,0.27495097555994114,0.2744911924998245,0.022508884540058838,0.00020046621391944588
2985.749,0.2977048265,0.2747463324089311,0.2742959477219121,0.022958494091068926,0.00020039213785665695
2986.231,0.29736632830000004,0.2745424278940939,0.2741015216100652,0.02282390040590615,0.00020031812182321937
2986.713,0.2973629043,0.2743392726180226,0.2739079229737379,0.023023631681977408,0.0002002441657538028
2987.195,0.2974783549,0.27413687715899204,0.27371516058275813,0.023341477741007977,0.00020017026958316292
2987.677,0.2972253493,0.27393525207023417,0.2735232431669403,0.023290097229765827,0.00020009643324614963
2988.159,0.29755870170000004,0.27373440787921444,0.27333217941569965,0.023824293820785603,0.0002000226566776941
2988.641,0.29768057330000003,0.27353435508690405,0.2731419779776678,0.024146218213095982,0.00019994893981281747
2989.124,0.29749862109999997,0.2733346916241982,0.2729522555696781,0.02416392947580176,0.00019987512983275755
2989.605,0.2975232196,0.2731366655654657,0.27276419642955674,0.024386554034534325,0.00019980168493432976
2990.088,0.2975038577,0.2729386405702764,0.27257624520347845,0.024565217129723593,0.0001997279942842568
2990.57,0.2974738906,0.27274185956640784,0.2723895805443527,0.024732031033592172,0.00019965451570893455
2991.052,0.2974869126,0.272545922064652,0.27220382083402117,0.024940990535347984,0.00019958109651348446
2991.534,0.2975215348,0.27235083839163243,0.2720189744683793,0.025170696408367554,0.0001995077366334484
2992.016,0.2973219347,0.27215661884236164,0.2718350497999088,0.02516531585763837,0.00019943443600446445
2992.498,0.2974719121,0.2719632736795045,0.27165205513730856,0.0255086384204955,0.00019936119456225276
2992.98,0.2973546027,0.2717708131326432,0.27146999874512867,0.02558378956735685,0.00019928801224261834
2993.462,0.29736806260000004,0.2715792473975427,0.2712888888434083,0.02578881520245735,0.00019921488898145686
2993.945,0.2970002126,0.27138819202141273,0.2711083608392829,0.025612020578587247,0.00019914167319041445
2994.427,0.2973196955,0.27119844826721845,0.27092917040466746,0.02612124723278153,0.00019906866797642396
2994.909,0.2970670298,0.27100962972269904,0.2707509508666798,0.026057400077300952,0.0001989957216289708
2995.391,0.2970075301,0.27082174644090135,0.270573710263623,0.026185783659098627,0.00019892283408429933
2995.873,0.2969898498,0.2706348084373673,0.2703974565875017,0.02635504136263267,0.00019885000527873102
2996.355,0.29708403170000003,0.2704488256893973,0.2702221977836726,0.026635206010602708,0.0001987772351486795
2996.837,0.2970078096,0.2702638081353106,0.2700479417504933,0.026744001464689415,0.00019870452363063613
2997.319,0.29696785529999997,0.2700797656737096,0.2698746963389784,0.026888089626290357,0.00019863187066118904
2997.802,0.2969810156,0.2698963294060456,0.2697021130990923,0.027084686193954433,0.00019855912562678814
2998.284,0.2968704451,0.2697142687366785,0.2695309144298885,0.027156176363321516,0.00019848658968575216
2998.766,0.2969475466,0.26953321263016744,0.26936074966383783,0.02741433396983256,0.0001984141121034355
2999.248,0.2968582924,0.2693531708187903,0.2691916264590601,0.027505121581209713,0.0001983416928167585
2999.73,0.2967221918,0.26917415299142267,0.26902355242463105,0.027548038808577313,0.00019826933176273046
3000.212,0.2967079917,0.2689961687928076,0.2688565351202529,0.02771182290719243,0.0001981970288784412
3000.694,0.2967675232,0.2688192278228187,0.26869058205592117,0.027948295377181298,0.00019812478410106632
3001.176,0.2967624199,0.268643339635729,0.26852570069159865,0.028119080264271012,0.00019805259736786963
3001.658,0.2967613001,0.26846851373947866,0.268361898436888,0.02829278636052135,0.00019798046861619508
3002.141,0.296859462,0.2682944002297877,0.2681988462005501,0.02856506177021234,0.00019790824831908437
3002.623,0.2967028754,0.26812172950288427,0.2680372264676283,0.028581145897115745,0.00019783623546279063
3003.105,0.2968292521,0.2679501493247197,0.2678767077827512,0.028879102775280274,0.00019776428040043056
3003.587,0.296617576,0.26777966901050554,0.267717297350768,0.028837906989494455,0.00019769238306967973
3004.069,0.2967280364,0.26761029782547713,0.26755900232457364,0.029117738574522878,0.0001976205434083049
3004.551,0.2964993587,0.26744204498417273,0.2674018298047996,0.02905731371582726,0.00019754876135415333
3005.033,0.29639117389999997,0.2672749196497083,0.26724578683950306,0.029116254250291684,0.00019747703684515675
3005.515,0.2964033488,0.26710893093306,0.267090880423863,0.029294417866940037,0.00019740536981932826
3005.998,0.2964029063,0.2669437470915158,0.2669367996831009,0.029459159208484187,0.00019733361170676817
3006.48,0.2965214901,0.26678006113619707,0.2667841895330747,0.02974142896380294,0.0001972620595805906
3006.962,0.2964356655,0.2666175388301133,0.26663273661205666,0.029818126669886702,0.00019719056475199376
3007.444,0.2964092272,0.26645618906839746,0.26648244770057816,0.02995303813160255,0.00019711912715932378
3007.926,0.2964690552,0.2662960206904689,0.2663333295247948,0.03017303450953107,0.00019704774674100673
3008.408,0.296399163,0.2661370424793271,0.2661853887561962,0.030262120520672897,0.00019697642343555733
3008.89,0.2963815668,0.265979263160844,0.2660386320113146,0.03040230363915597,0.00019690515718156365
3009.372,0.2959742245,0.26582269140306475,0.26589306585144135,0.030151533096935246,0.0001968339479177044
3009.854,0.296387206,0.26566733581550556,0.2657486967823406,0.030719870184494458,0.00019676279558273582
3010.337,0.2964175917,0.26551288645386917,0.2656052354855742,0.030904705246130815,0.00019669155267359835
3010.819,0.2963070865,0.2653599913650204,0.26546328240864997,0.030947095134979563,0.00019662051413079997
3011.301,0.2963466409,0.26520833793424703,0.26532254561692614,0.031138302965752984,0.00019654953233352773
3011.783,0.2963393271,0.26505793452988696,0.2651830313911583,0.03128139257011303,0.00019647860722086366
3012.265,0.2962891547,0.26490878945829555,0.2650447459551959,0.031380365241704455,0.00019640773873197252
3012.747,0.2962768438,0.26476091096316257,0.264907695475713,0.03151593283683746,0.00019633692680610286
3013.229,0.2964571427,0.2646143072248356,0.26477188606194324,0.03184283547516442,0.0001962661713825806
3013.711,0.2961912699,0.2644689863596447,0.26463732376541665,0.03172228354035528,0.000196195472400816
3014.194,0.29633751620000004,0.2643246589493924,0.26450373931135807,0.03201285725060765,0.0001961246832974489
3014.676,0.2963129031,0.26418193062313866,0.2643716917900557,0.032130972476861364,0.0001960540971345285
3015.158,0.2962493419,0.2640405091445835,0.2642409092039107,0.03220883275541653,0.00019598356723195097
3015.64,0.2962973311,0.2639004023671791,0.26411139737094286,0.03239692873282091,0.0001959130935294431
3016.122,0.29649103520000003,0.2637616180770435,0.26398316205019356,0.03272941712295652,0.00019584267596681784
3016.604,0.296348579,0.2636241639923105,0.2638562089414813,0.03272441500768952,0.00019577231448396755
3017.086,0.2962655927,0.2634880477624796,0.26373054368515436,0.03277754493752044,0.00019570200902086437
3017.568,0.29598852010000004,0.2633532769677758,0.2636061718618519,0.03263524313222427,0.00019563175951755766
3018.051,0.2962227913,0.2632195837295501,0.26348284500841895,0.03300320757044989,0.00019556142034236516
3018.532,0.2962419446,0.2630878016544514,0.26336133053690447,0.03315414294554858,0.00019549142815094244
3019.015,0.2962539202,0.26295684223055543,0.263240623346927,0.03329707796944459,0.00019542120082777334
3019.497,0.2963969355,0.26282753043120377,0.2631214825936833,0.03356940506879624,0.0001953511746813095
3019.979,0.2961226601,0.26269960092171185,0.263003662283658,0.03342305917828814,0.000195281204195971
3020.461,0.2962011655,0.26257306085325915,0.2628871676341963,0.03362810464674082,0.0001952112893122884
3020.943,0.2963886618,0.26244791730338024,0.26277200380132293,0.03394074449661977,0.00019514142997087026
3021.425,0.2961003037,0.2623241772753584,0.2626581758795236,0.03377612642464162,0.00019507162611239864
3021.907,0.29631738609999997,0.2622018476976267,0.26254568890152746,0.03411553840237325,0.0001950018776776445
3022.389,0.2963017981,0.262080935423175,0.2624345478380964,0.034220862676825003,0.0001949321846074491
3022.872,0.2961840776,0.26196120081313046,0.2623245312247806,0.03422287678686953,0.00019486240242349383
3023.354,0.2961442694,0.26184314637482864,0.2622160994714269,0.034301123025171354,0.00019479282001982003
3023.836,0.29618640079999997,0.2617265293539119,0.26210902818088155,0.034459871446088086,0.00019472329280358674
3024.318,0.2962453425,0.2616113562955987,0.2620033220738258,0.034633986204401335,0.00019465382071595273
3024.8,0.2962101737,0.26149763366677664,0.2618989858079507,0.03471254003322338,0.00019458440369814927
3025.282,0.2963477221,0.2613853678554387,0.26179602397775786,0.03496235424456129,0.00019451504169149537
3025.764,0.2964084233,0.26127456517013053,0.2616944411143691,0.035133858129869466,0.00019444573463738132
3026.246,0.2962732346,0.2611652318394015,0.2615942416853348,0.0351080027605985,0.00019437648247727375
3026.729,0.2965036071,0.2610571517778381,0.2614952265368211,0.035446455322161896,0.00019430714164676887
3027.211,0.2963064627,0.26095077859927296,0.2613978100167326,0.035355684100727036,0.00019423799921298188
3027.693,0.2962722303,0.2608458929879007,0.2613017899591699,0.03542633731209932,0.00019416891149795425
3028.175,0.2964174125,0.26074250084675654,0.26120717057542386,0.035674911653243435,0.00019409987844346498
3028.657,0.2960927938,0.2606406079962301,0.26111395601230597,0.03545218580376985,0.00019403089999137275
3029.139,0.2964861411,0.2605402201735556,0.26102215035197773,0.035945920926444386,0.00019396197608360585
3029.621,0.29643198989999997,0.2604413430323079,0.2609317576117802,0.035990646867692044,0.00019389310666217786
3030.103,0.29619530980000003,0.26034398214190707,0.2608427817440684,0.03585132765809296,0.00019382429166917437
3030.585,0.2963334652,0.260248142987126,0.2607552266360458,0.03608532221287397,0.00019375553104675853
3031.068,0.2962989718,0.260153636890672,0.2606689188990328,0.036145334909327975,0.0001936866822493772
3031.55,0.2963584217,0.2600608605052784,0.2605842196778169,0.036297561194721606,0.00019361803030743395
3032.032,0.2961512678,0.2599696218079094,0.26050095249299876,0.036181645992090616,0.00019354943256290731
3032.514,0.2961237298,0.2598799259398138,0.2604191209694686,0.03624380386018622,0.00019348088895826407
3032.996,0.2963172068,0.2597917779552481,0.2603387286661928,0.036525428844751906,0.00019341239943604819
3033.478,0.296277271,0.25970518282102906,0.2602597790760673,0.03657208817897095,0.0001933439639388845
3033.96,0.2962564198,0.25962014541609435,0.2601822756257772,0.036636274383905654,0.0001932755824094636
3034.442,0.2961228354,0.25953667053106994,0.260106221675656,0.03658616486893007,0.00019320725479055956
3034.925,0.2962357415,0.2594545945672692,0.26003146725778975,0.03678114693273077,0.0001931388394341458
3035.407,0.2962284561,0.25937426200437486,0.25995832514701733,0.036854194095625126,0.00019307061957644532
3035.889,0.2960452009,0.2592955058084724,0.2598866422244405,0.036749695091527645,0.00019300245345790998
3036.371,0.2962613168,0.2592183304125767,0.259816421583511,0.037042986387423316,0.00019293434102161619
3036.853,0.2962700077,0.25914274015934174,0.2597476662506777,0.03712726754065826,0.00019286628221070961
3037.335,0.2961958609,0.2590687393006726,0.259680379185263,0.037127121599327406,0.00019279827696841472
3037.817,0.2962467861,0.25899633199734795,0.25961456327934573,0.03725045410265204,0.0001927303252380282
3038.299,0.2963822262,0.25892552231864957,0.2595502213576458,0.03745670388135042,0.00019266242696292478
3038.781,0.2965428023,0.2588563142419993,0.25948735617741203,0.03768648805800073,0.0001925945820865513
3039.264,0.2965923236,0.2587885730698163,0.259425844611681,0.0378037505301837,0.00019252664996150147
3039.746,0.29632363219999996,0.25872258310295976,0.2593659439931756,0.03760104909704021,0.00019245891182371997
3040.228,0.2965405501,0.2586582061233375,0.25930752798720863,0.037882343976662514,0.00019239122691533904
3040.71,0.2968209988,0.25859544573727844,0.259250599079943,0.03822555306272157,0.00019232359518010417
3041.192,0.2965820416,0.25853430545756295,0.259195159689556,0.03804773614243706,0.00019225601656183266
3041.674,0.2969319991,0.2584747887031097,0.2591412121661453,0.03845721039689032,0.00019218849100441823
3042.156,0.2967332126,0.2584168987986703,0.2590887587916382,0.038316313801329716,0.00019212101845182716
3042.638,0.2966870453,0.258360638974536,0.2590378017797052,0.038326406325464024,0.00019205359884809768
3043.121,0.2970044106,0.25830590073288334,0.2589882422238162,0.03869850986711665,0.00019198609242732873
3043.603,0.2967454676,0.25825291377877224,0.2589402874199499,0.03849255382122774,0.0001919187786633027
3044.085,0.29679713750000003,0.258201566032249,0.2588938352133897,0.038595571467751055,0.00019185151768058502
3044.567,0.2968540808,0.2581518603427735,0.25884888754382096,0.03870222045722649,0.00019178430942350694
3045.049,0.2968908638,0.2581037994639941,0.2588054462822801,0.03878706433600593,0.00019171715383647909
3045.531,0.29698570539999997,0.2580573860535043,0.2587635132310867,0.038928319346495655,0.00019165005086397858
3046.013,0.2968220592,0.25801262267260894,0.25872309012377775,0.03880943652739105,0.00019158300045055574
3046.495,0.2971695069,0.25796951178609706,0.2586841786250441,0.03919999511390293,0.00019151600254084056
3046.978,0.2970411678,0.2579279714754933,0.25864670431489184,0.039113196324506716,0.00019144891824300937
3047.459,0.2970498842,0.2578882568715134,0.2586108967674879,0.0391616273284866,0.00019138216401138526
3047.942,0.29719395509999996,0.25785003988707494,0.25857645966874393,0.03934391521292502,0.00019131518466191473
3048.424,0.2972036464,0.2578135651372353,0.25854361302219947,0.03939008126276472,0.00019124839632313347
3048.906,0.2972045122,0.2577787537547312,0.2585122852757009,0.0394257584452688,0.00019118166021215628
3049.388,0.2972134292,0.25774560762082144,0.2584824776795843,0.03946782157917855,0.00019111497627404293
3049.87,0.2970617446,0.2577141285189217,0.2584541914149904,0.039347616081078285,0.00019104834445392266
3050.352,0.29732281180000003,0.2576843181344517,0.25842742759382636,0.039638493665548336,0.00019098176469700063
3050.834,0.2970096619,0.2576561780546904,0.258402187258731,0.03935348384530962,0.00019091523694855097
3051.316,0.2974577337,0.25762970976864175,0.2583784713830445,0.03982802393135826,0.00019084876115392027
3051.799,0.2970643364,0.25760486496497226,0.2583562364185735,0.03945947143502776,0.00019078219950352337
3052.281,0.2972836983,0.25758174781493465,0.2583355752715958,0.03970195048506536,0.00019071582756035967
3052.763,0.2970803965,0.257560306337136,0.2583164410895016,0.03952009016286401,0.00019064950740736822
3053.245,0.2972887605,0.25754054162611284,0.25829883456804015,0.03974821887388719,0.00019058323899018227
3053.727,0.297514754,0.2575224546775913,0.2582827563335517,0.03999229932240872,0.0001905170222545076
3054.209,0.2975031019,0.25750604638840935,0.25826820694295616,0.03999705551159066,0.00019045085714611184
3054.691,0.297417303,0.25749131755644633,0.2582551868837424,0.03992598544355369,0.00019038474361084373
3055.173,0.2974600288,0.2574782688805626,0.2582436965739626,0.03998175991943742,0.0001903186815946186
3055.656,0.2975440479,0.2574668791231575,0.2582337172886277,0.040077168776842476,0.00019025253414553162
3056.138,0.2974042973,0.25745719594823097,0.25822529062941413,0.03994710135176904,0.00019018657511202502
3056.62,0.2975992575,0.25744919443212233,0.2582183945575205,0.04015006306787766,0.00019012066743561947
3057.102,0.29752154470000003,0.2574428748769979,0.25821302921310973,0.04007866982300212,0.00019005481106251014
3057.584,0.2978402384,0.2574382374858444,0.25820919466692344,0.040402000914155634,0.00018998900593896712
3058.066,0.2976254907,0.25743528236246654,0.2582068909202959,0.04019020833753345,0.0001899232520113277
3058.548,0.2979294235,0.25743400951149187,0.25820611790516884,0.040495413988508144,0.00018985754922599797
3059.03,0.2976922396,0.25743441883838575,0.2582068754841104,0.04025782076161427,0.0001897918975294561
3059.512,0.2978151289,0.2574365101494762,0.2582091634503373,0.04037861875052379,0.00018972629686824928
3059.995,0.2977945944,0.25744029272765123,0.25821299103937984,0.04035430167234877,0.00018966061124676574
3060.477,0.2977852357,0.2574457505174443,0.25821834205593086,0.0403394851825557,0.00018959511260175372
3060.959,0.2979325523,0.25745288911485587,0.25822522242264223,0.04047966318514412,0.00018952966483202713
3061.441,0.298197223,0.2574617079298912,0.25823363165546337,0.04073551507010881,0.00018946426788440704
3061.923,0.2981010603,0.2574722062736797,0.2582435692011481,0.04062885402632027,0.00018939892170579038
3062.405,0.2981414939,0.2574843833585583,0.2582550344372971,0.04065711054144172,0.00018933362624314108
3062.887,0.2982491417,0.25749823829815954,0.2582680266724,0.040750903401840455,0.00018926838144349008
3063.369,0.2981581056,0.25751377010751175,0.25828254514588284,0.04064433549248825,0.0001892031872539391
3063.852,0.298250266,0.25753101514472465,0.25829862389926705,0.040719250855275335,0.0001891379085214141
3064.334,0.298431362,0.25754990081778595,0.2583161954536905,0.04088146118221403,0.00018907281549836847
3064.816,0.29836963180000003,0.2575704598124329,0.2583352905488283,0.04079917198756716,0.00018900777292703177
3065.298,0.2984020306,0.2575926907502529,0.2583559081482412,0.040809339849747106,0.00018894278075477994
3065.78,0.29839079900000004,0.25761659215486543,0.25837804714670726,0.04077420684513461,0.00018887783892905345
3066.262,0.2987172178,0.2576421624520766,0.2584017063702871,0.041075055347923384,0.00018881294739736803
3066.744,0.2985074913,0.25766939997004334,0.2584268845763933,0.04083809132995664,0.00018874810610730448
3067.226,0.29873710389999997,0.25769830293944707,0.25845358045386146,0.0410388009605529,0.00018868331500651022
3067.708,0.2988119153,0.25772886949367546,0.25848179262302523,0.04108304580632455,0.00018861857404270293
3068.191,0.29866129,0.2577611662582848,0.25851158288372844,0.0409001237417152,0.00018855374900224995
3068.673,0.2988662493,0.2577950574349793,0.25854282636172654,0.04107119186502067,0.00018848910825958372
3069.155,0.2989076999,0.2578306060102817,0.2585755815788418,0.04107709388971831,0.00018842451749735345
3069.637,0.2988155781,0.2578678097302092,0.25860984688206645,0.040947768369790805,0.00018835997666354496
3070.119,0.2990880768,0.2579066662445319,0.2586456205503097,0.04118141055546809,0.00018829548570621486
3070.601,0.2990225695,0.25794717310701,0.2586829007944916,0.041075396392990016,0.00018823104457348457
3071.083,0.29899328000000003,0.257989327775638,0.2587216857576385,0.04100395222436204,0.00018816665321354136
3071.565,0.2993051376,0.25803312761289904,0.25876197351498287,0.041272009987100955,0.00018810231157464344
3072.048,0.2991079857,0.25807866586996253,0.2588038503309805,0.04102931983003749,0.00018803788627088302
3072.53,0.2990516927,0.2581257511498849,0.25884714073898746,0.040925941550115086,0.0001879736440220024
3073.012,0.2991832756,0.25817447310932706,0.25889192775667585,0.04100880249067296,0.00018790945133923047
3073.494,0.2993498851,0.258224828731242,0.258938209189013,0.04112505636875802,0.0001878453081710937
3073.976,0.29928573459999996,0.2582768149044718,0.2589859827737141,0.04100891969552817,0.00018778121446618007
3074.458,0.2992901699,0.2583304284240513,0.25903524618135787,0.04095974147594872,0.0001877171701731484
3074.94,0.2992081095,0.2583856659915235,0.2590859970155076,0.04082244350847647,0.00018765317524072178
3075.422,0.29923716089999997,0.258442524215262,0.2591382328128349,0.040794636684737984,0.00018758922961768887
3075.905,0.2992595235,0.258501122607628,0.25919206403105055,0.04075840089237204,0.00018752520073900123
3076.386,0.2994917817,0.2585610886011744,0.25924714911000757,0.04093069309882563,0.00018746148609529372
3076.869,0.2995827551,0.25862291719423264,0.2593039434670046,0.04095983790576735,0.00018739755578390778
3077.351,0.2997468279,0.25868622560344084,0.2593620962065204,0.04106060229655917,0.00018733380698949625
3077.833,0.2996703376,0.2587511363170118,0.25942172058784035,0.040919201282988205,0.00018727010724931323
3078.315,0.2997553401,0.2588176453913454,0.25948281374890114,0.040937694708654604,0.00018720645651254032
3078.797,0.2999425825,0.2588857487921574,0.2595453727616919,0.04105683370784258,0.0001871428547284343
3079.279,0.2999582324,0.25895544239487145,0.2596093946324045,0.041002790005128575,0.00018707930184630724
3079.761,0.29989155430000003,0.25902672198501003,0.2596748763015806,0.040864832314989996,0.00018701579781554362
3080.243,0.3001538684,0.25909958325859994,0.2597418146442658,0.04105428514140008,0.0001869523425855895
3080.726,0.3002168563,0.259174177895931,0.2598103498705641,0.041042678404069,0.0001868888046078828
3081.208,0.3002373497,0.25925019252694775,0.2598801949295431,0.040987157173052235,0.00018682544692913154
3081.69,0.3004086999,0.25932777538708973,0.25995148688880493,0.04108092451291029,0.0001867621378998186
3082.172,0.30034384880000004,0.25940692181839997,0.26002422236286304,0.040936926981600064,0.00018669887746964678
3082.654,0.300404393,0.2594876270755542,0.26009839790154005,0.04091676592444582,0.00018663566558839139
3083.136,0.3003442415,0.25956988632630995,0.2601740099901418,0.04077435517369005,0.00018657250220588845
3083.618,0.30027875940000004,0.25965369465196336,0.26025105504962914,0.04062506474803668,0.0001865093872720381
3084.1,0.300499788,0.2597390470478086,0.26032952943679266,0.0407607409521914,0.00018644632073680712
3084.583,0.3004576399,0.2598261202923632,0.26040959669140706,0.040631519607636835,0.00018638317185732308
3085.065,0.3007241092,0.25991454864956054,0.2604909214944477,0.04080956055043944,0.0001863202020696362
3085.547,0.3007841307,0.2600045055405651,0.260573664304303,0.040779625159434896,0.00018625728053074789
3086.029,0.3006421668,0.2600959856212631,0.2606578212227713,0.04054618117873687,0.0001861944071908819
3086.511,0.300691106,0.26018898346396024,0.26074338828840504,0.04050212253603974,0.00018613158200032182
3086.993,0.3008833306,0.2602834935578845,0.2608303614767025,0.040599837042115505,0.00018606880490941937
3087.475,0.3007257401,0.260379510309696,0.26091873670030297,0.040346229790304,0.00018600607586859042
3087.957,0.3008427534,0.2604770280440064,0.26100850980918666,0.04036572535599359,0.00018594339482831218
3088.439,0.3008041823,0.26057604100390164,0.26109967659087663,0.04022814129609836,0.0001858807617391235
3088.922,0.3008431572,0.2606767534066856,0.26119242623718497,0.040166403793314376,0.0001858180467566062
3089.404,0.3010485623,0.2607787422950849,0.26128637034726,0.04026982000491508,0.00018575550952070838
3089.886,0.3009945912,0.2608822086419698,0.261381695110819,0.04011238255803018,0.00018569302008780537
3090.368,0.301140802,0.2609871463695178,0.26147839606749024,0.04015365563048218,0.00018563057840869304
3090.85,0.3013282527,0.2610935493210931,0.26157646869549106,0.040234703378906944,0.000185568184434227
3091.332,0.30144920719999996,0.26120141126180535,0.2616759084118456,0.04024779593819461,0.00018550583811533284
3091.814,0.3013591203,0.2613107258790787,0.261776710572607,0.040048394420921285,0.00018544353940299117
3092.296,0.30156093219999996,0.2614214867832208,0.26187887047307773,0.04013944541677916,0.00018538128824824752
3092.779,0.3016081928,0.2615339217817515,0.2619825995081147,0.04007427101824851,0.0001853189555983586
3093.261,0.3018988713,0.2616475587517391,0.262087463323979,0.040251312548260865,0.00018525679951062366
3093.743,0.3017989754,0.2617626223688222,0.262193670393039,0.04003635303117781,0.00018519469083390377
3094.225,0.3016583043,0.261879105940522,0.26230121576976084,0.03977919835947802,0.00018513262951949753
3094.707,0.3019113009,0.26199700270018855,0.2624100944490182,0.03991429819981146,0.00018507061551876146
3095.189,0.3021038205,0.2621163058076034,0.2625203013663298,0.039987514692396586,0.00018500864878311874
3095.671,0.3018212732,0.2622370083495886,0.26263183139810187,0.039584264850411444,0.0001849467292640578
3096.153,0.3019385778,0.26235910334062307,0.26274467936187285,0.03957947445937693,0.00018488485691312167
3096.635,0.30207334929999996,0.26248258372346067,0.26285884001656024,0.03959076557653929,0.00018482303168191534
3097.118,0.30228593719999997,0.2626077028403049,0.2629745489782921,0.039678234359695086,0.00018476112540055534
3097.6,0.302319163,0.2627339353882304,0.26309132175403205,0.03958522761176958,0.0001846993943613945
3098.082,0.3022506829,0.26286153171697624,0.26320939113692243,0.039389151183023774,0.00018463771029706295
3098.564,0.3025621066,0.2629904844885367,0.26332875165379577,0.03957162211146331,0.00018457607315941255
3099.046,0.3024880748,0.263120786296347,0.26344939777413623,0.03936728850365301,0.00018451448290036283
3099.528,0.30276700089999997,0.26325242966593043,0.26357132391034266,0.03951457123406954,0.00018445293947188908
3100.01,0.302606676,0.26338540705554747,0.2636945244179925,0.03922126894445255,0.00018439144282603187
3100.492,0.3026424351,0.26351971085685183,0.2638189935961095,0.039122724243148166,0.00018432999291489131
3100.975,0.3026931097,0.2636556161355744,0.26394498785116516,0.039037493564425596,0.00018426846234654583
3101.457,0.3028592431,0.2637925523839016,0.2640719796444327,0.03906669071609842,0.0001842071058580962
3101.939,0.3027628159,0.26393079180957646,0.26420022265639037,0.03883202409042352,0.000184145795960933
3102.421,0.30297674659999996,0.2640703265443133,0.2643297109624533,0.038906420055686675,0.00018408453260739874
3102.903,0.30299137930000003,0.26421114865655004,0.2644604385828564,0.03878023064344999,0.00018402331574989968
3103.385,0.3029340965,0.2643532501521257,0.26459239948293617,0.03858084634787434,0.0001839621453409016
3103.867,0.303159196,0.26449662297496024,0.26472558757341536,0.03866257302503978,0.00018390102133292906
3104.349,0.3032791765,0.2646412590077376,0.2648599967106889,0.03863791749226242,0.00018383994367857282
3104.832,0.3032725851,0.2647874540500479,0.2649959033331831,0.038485131049952104,0.00018377878575752637
3105.313,0.3034917434,0.26493428793180324,0.2651324532813011,0.03855745546819678,0.0001837179272413528
3105.796,0.3035995171,0.26508297340487075,0.2652707757831996,0.038516543695129246,0.0001836568619827609
3106.278,0.3035552796,0.2652325824470856,0.2654100090697754,0.03832269715291442,0.0001835959693656631
3106.76,0.3037074154,0.2653834132007554,0.26555043186705957,0.03832400219924459,0.00018353512286592132
3107.242,0.3036247773,0.2655354571955577,0.2656920377115298,0.03808932010444227,0.00018347432243648258
3107.724,0.3038152933,0.26568870590480176,0.2658348200874088,0.03812658739519825,0.0001834135680303543
3108.206,0.3038652612,0.2658431507461379,0.26597877242697254,0.03802211045386211,0.00018335285960060182
3108.688,0.3038891821,0.26599878308226194,0.26612388811085463,0.03789039901773805,0.00018329219710035505
3109.17,0.3039235108,0.266155594221629,0.2662701604683594,0.03776791657837103,0.00018323158048279978
3109.653,0.3040070303,0.2663139043911635,0.266417889823868,0.0376931259088365,0.00018317088408327363
3110.135,0.3041480554,0.2664730492490519,0.26656645767743725,0.0376750061509481,0.0001831103591858507
3110.617,0.3039799092,0.2666333464988208,0.26671616187348285,0.0373465627011792,0.00018304988003093714
3111.099,0.30419328279999996,0.2667947872389981,0.26686699553902626,0.03739849556100189,0.0001829894465719593
3111.581,0.3042580152,0.2669573625174565,0.2670189517513425,0.03730065268254351,0.00018292905876240051
3112.063,0.3041622681,0.26712106333213237,0.26717202353828184,0.03704120476786765,0.00018286871655580141
3112.545,0.304281379,0.2672858806317506,0.2673262038785964,0.03699549836824939,0.00018280841990576686
3113.027,0.304347766,0.2674518053165507,0.26748148570226793,0.0368959606834493,0.0001827481687659511
3113.51,0.3045602537,0.2676191758948405,0.2676381874553871,0.036941077805159483,0.0001826878382292645
3113.992,0.304376262,0.2677872901102415,0.26779565309039455,0.036588971889758515,0.00018262767806528901
3114.474,0.3045087845,0.2679564841086713,0.26795419869436377,0.03655230039132873,0.00018256756327277276
3114.956,0.3046052509,0.2681267486036045,0.2681138170054095,0.03647850229639549,0.00018250749380560903
3115.438,0.304695518,0.2682980742636738,0.26827450071454406,0.036397443736326196,0.00018244746961775066
3115.92,0.3049583221,0.2684704517134031,0.26843624246601905,0.0364878703865969,0.00018238749066321083
3116.402,0.3047048951,0.2686438715339379,0.26859903485766523,0.03606102356606211,0.0001823275568960585
3116.884,0.3051195138,0.2688183242637806,0.26876287044123826,0.036301189536219414,0.00018226766827042024
3117.366,0.3051025518,0.2689938003995232,0.26892774172276335,0.03610875140047681,0.00018220782474048284
3117.849,0.3052020141,0.2691706576056635,0.26909398641610693,0.036031356494336475,0.00018214790224405048
3118.331,0.3051223144,0.26934815395258044,0.2692609085398928,0.035774160447419545,0.0001820881488616242
3118.813,0.3053065939,0.2695266449310449,0.2694288435929414,0.03577994896895509,0.00018202844043770937
3119.295,0.3053154375,0.2697061208772739,0.26959778390176625,0.035609316622726095,0.0001819687769267227
3119.777,0.3052849565,0.2698865720892487,0.2697677217489096,0.03539838441075127,0.00018190915828313742
3120.259,0.30516947040000003,0.270067988827453,0.269938649373303,0.035101481572547055,0.00018184958446148595
3120.741,0.3052249861,0.2702503613156044,0.27011055897062286,0.03497462478439556,0.00018179005541636177
3121.223,0.30538527309999997,0.27043367974139304,0.2702834426936558,0.034951593358606925,0.0001817305711024067
3121.706,0.3054705475,0.2706183174942075,0.27045765433612495,0.03485223000579252,0.00018167100820201955
3122.188,0.3054396719,0.27080350012919663,0.2706324645791019,0.03463617177080336,0.00018161161330714694
3122.67,0.3053722171,0.27098959903545916,0.27080822513585523,0.03438261806454085,0.00018155226300763672
3123.152,0.3052788517,0.27117660426384727,0.2709849279911702,0.034102247436152755,0.00018149295725836392
3123.634,0.3054249772,0.27136450583285465,0.2711625650887737,0.03406047136714535,0.00018143369601426434
3124.116,0.3056844478,0.2715532937293508,0.27134112833170976,0.034131154070649206,0.00018137447923032517
3124.598,0.3058050386,0.27174295790931213,0.2715206095827115,0.03406208069068789,0.00018131530686159268
3125.08,0.3057445207,0.27193348829855235,0.27170100066457736,0.03381103240144767,0.0001812561788631691
3125.562,0.3058058833,0.27212487479345127,0.27188229336054764,0.03368100850654876,0.00018119709519021473
3126.045,0.3059580144,0.2723175069565772,0.2720648583169464,0.033640507443422785,0.0001811379333555781
3126.527,0.3059080322,0.27251057696131875,0.2722479312620986,0.03339745523868126,0.0001810789382909964
3127.009,0.3062920495,0.2727044725703821,0.2724318809202048,0.03358757692961789,0.0001810199874176072
3127.491,0.30630758799999996,0.2728991835696382,0.2726166989200053,0.03340840443036175,0.00018096108069079955
3127.973,0.3064434776,0.27309469971915845,0.2728023768525958,0.03334877788084156,0.00018090221806601008
3128.455,0.3065229755,0.2732910107539378,0.27298890627181494,0.033231964746062215,0.00018084339949873805
3128.937,0.3064307377,0.27348810638461407,0.2731762786946327,0.03294263131538594,0.00018078462494453798
3129.419,0.3064927169,0.27368597629818986,0.2733644856015416,0.03280674060181016,0.00018072589435901774
3129.902,0.3065449444,0.27388502304913076,0.2735539114738496,0.03265992135086926,0.0001806670859869138
3130.384,0.3066558037,0.2740844120512304,0.2737437633332329,0.0325713916487696,0.00018060844329679545
3130.866,0.30672402000000004,0.2742845442410261,0.2739344238853101,0.032439475758973935,0.00018054984444242788
3131.348,0.3067017269,0.2744854092180896,0.27412588446852537,0.03221631768191041,0.0001804912893796463
3131.83,0.3070048019,0.2746869965619295,0.27431813638682173,0.03231780533807049,0.0001804327780643326
3132.312,0.3069624669,0.2748892958326955,0.2745111709100385,0.03207317106730451,0.00018037431045243377
3132.794,0.3069408199,0.27509229657188883,0.2747049792743146,0.03184852332811117,0.00018031588649994746
3133.276,0.3071048908,0.2752959883030641,0.2748995526824901,0.031808902496935854,0.00018025750616292407
3133.759,0.3072381535,0.2755007852413932,0.2750952883326264,0.03173736825860679,0.0001801990484121076
3134.24,0.30736748070000003,0.2757054027500553,0.2752909592778255,0.031662077949944745,0.00018014087615976997
3134.723,0.307336956,0.2759115318747223,0.2754881838000153,0.03142542412527771,0.00018008250560107923
3135.205,0.3072972149,0.2761178838103021,0.2756857302646145,0.031179331089697893,0.0001800242993776385
3135.687,0.3076027026,0.2763248740890105,0.2758839972833912,0.03127782851098948,0.0001799661365506663
3136.169,0.30772813039999997,0.27653249214135334,0.2760829758678565,0.03119563825864663,0.00017990801707654734
3136.651,0.3078824856,0.27674072738475275,0.2762826569990774,0.03114175821524723,0.0001798499409117188
3137.133,0.307841612,0.276949569224232,0.2764830316280906,0.030892042775768014,0.00017979190801267395
3137.615,0.3080147406,0.27715900705309954,0.2766840906763196,0.030855733546900466,0.00017973391833595896
3138.097,0.3079311006,0.27736903025362336,0.27688582503598524,0.030562070346376646,0.0001796759718381749
3138.58,0.307945278,0.27758006571297145,0.27708864617478207,0.030365212287028542,0.00017961794838933196
3139.062,0.30796614219999996,0.2777912289221187,0.2772917050728188,0.030174913277881243,0.00017956008820879476
3139.544,0.3081357683,0.27800294556814753,0.2774954117688341,0.03013282273185247,0.00017950227107723014
3140.026,0.3082072661,0.2782152049958872,0.2776997570423745,0.029992061104112788,0.00017944449695145645
3140.508,0.3081979288,0.2784279965424795,0.2779047316458838,0.029769932257520504,0.00017938676578834717
3140.99,0.3081112907,0.2786413095380401,0.27811032630512633,0.02946998116195987,0.0001793290775448279
3141.472,0.3081853104,0.27885513330631495,0.27831653171960935,0.029330177093685073,0.00017927143217788075
3141.954,0.3083844772,0.2790694571653354,0.2785233385630093,0.02931502003466463,0.00017921382964453803
3142.437,0.3084187264,0.279284716600055,0.27873116838077483,0.029134009799945015,0.00017915615052778745
3142.919,0.30840961769999997,0.27950000955711296,0.27893915120099877,0.02890960814288701,0.00017909863362161827
3143.401,0.30860256750000004,0.27971577050901897,0.279147707300914,0.028886796990981067,0.00017904115942038936
3143.883,0.3084584273,0.2799319887574132,0.2793568272550908,0.028526438542586796,0.00017898372788134883
3144.365,0.3088197715,0.2801486536014412,0.27956650161440866,0.028671117898558807,0.00017892633896180146
3144.847,0.3085965134,0.28036575433838984,0.2797767209064884,0.028230759061610156,0.0001788689926191018
3145.329,0.3088955898,0.28058328026431456,0.27998747563612214,0.02831230953568542,0.00017881168881065561
3145.811,0.30904878960000004,0.28080122067466795,0.2801987562857078,0.02824756892533209,0.0001787544274939289
3146.293,0.3090302084,0.2810195648649222,0.2804105533156833,0.028010643535077817,0.00017869720862643233
3146.776,0.30899135990000004,0.2812387563441162,0.28062329814956843,0.027752603555883826,0.00017863991358642558
3147.258,0.3090815487,0.28145787676593004,0.28083610025759975,0.02762367193406995,0.00017858277957799907
3147.74,0.3092862574,0.2816773688381413,0.2810493899799719,0.02760888856185867,0.000178525687891576
3148.222,0.30940114560000004,0.2818972218624523,0.28126315769359167,0.02750392373754773,0.00017846863848488626
3148.704,0.3094286473,0.28211742514364185,0.28147739375558745,0.027311222156358173,0.00017841163131570805
3149.186,0.30960083839999997,0.2823379679901644,0.28169208850374844,0.02726287040983555,0.00017835466634187264
3149.668,0.3095230949,0.28255883971474727,0.2819072322569651,0.02696425518525275,0.00017829774352126184
3150.15,0.3095439588,0.2827800296349784,0.2821228153156663,0.026763929165021627,0.0001782408628118156
3150.633,0.3096795879,0.2830019869244145,0.28233927656108704,0.026677600975585525,0.0001781839062927319
3151.115,0.3096915625,0.28322378181587665,0.28255570992134993,0.026467780684123365,0.00017812710976677915
3151.597,0.3099481175,0.28344586286867296,0.28277255336179663,0.02650225463132705,0.0001780703552260246
3152.079,0.3098231221,0.2836682194256948,0.28298979711340266,0.026154902674305203,0.0001780136426286166
3152.561,0.3099235449,0.28389084083759697,0.28320743139089916,0.026032704062403045,0.0001779569719327512
3153.043,0.3099551323,0.2841137164633616,0.2834254463932149,0.025841415836638404,0.00017790034309667568
3153.525,0.3100797375,0.2843368356708621,0.283643832303922,0.02574290182913791,0.00017784375607869573
3154.007,0.3103109957,0.28456018783742243,0.2838625792916828,0.02575080786257755,0.00017778721083716101
3154.49,0.310373631,0.2847842264216774,0.2840821324295796,0.025589404578322594,0.00017773059014664132
3154.972,0.3104200027,0.2850080131071814,0.2843015727180004,0.025411989592818596,0.00017767412841972435
3155.454,0.3104585393,0.2852320009239717,0.2845213444839616,0.025226538376028285,0.00017761770834453806
3155.936,0.3106440854,0.2854561792926944,0.2847414378409221,0.02518790610730559,0.00017756132987964217
3156.418,0.31077324019999997,0.28568053764617435,0.2849618428896686,0.02509270255382562,0.00017750499298364695
3156.9,0.31088497449999997,0.28590506542994665,0.28518254971876184,0.02497990907005332,0.0001774486976152172
3157.382,0.3109322911,0.28612975210278735,0.28540354840498816,0.02480253899721263,0.0001773924437330653
3157.864,0.31072239150000003,0.2863545871372354,0.2856248290138087,0.024367804362764645,0.00017733623129595718
3158.346,0.3110506141,0.28657956002011076,0.2858463815998074,0.024471054079889254,0.0001772800602627087
3158.829,0.31096765319999997,0.2868051273910691,0.2860686566688849,0.024162525808930857,0.00017722381418355422
3159.311,0.3107963156,0.28703034472253974,0.28629072384431825,0.02376597087746024,0.00017716772592036466
3159.793,0.3109365634,0.287255668432022,0.2865130330792337,0.023680894967977983,0.000177111678937704
3160.275,0.3108285497,0.2874810880686043,0.28673557438920405,0.023347461631395727,0.00017705567319459414
3160.757,0.3110508853,0.28770659319818875,0.28695833778118496,0.02334429210181127,0.0001769997086501021
3161.239,0.3109362751,0.28793217340398025,0.2871813132539631,0.02300410169601974,0.0001769437852633524
3161.721,0.3112102315,0.28815781828697773,0.28740449079861297,0.02305241321302226,0.0001768879029935164
3162.203,0.3113040896,0.2883835174664545,0.2876278603989457,0.02292057213354548,0.00017683206179981923
3162.686,0.3111603724,0.2886097289656425,0.2878518760143015,0.022550643434357476,0.00017677614591619527
3163.167,0.31120081639999997,0.288835037286194,0.28807513566832355,0.022365779113805995,0.00017672050247797492
3163.65,0.3113948403,0.28906130574238176,0.2882994859271179,0.022333534557618218,0.00017666466871312704
3164.132,0.3114594792,0.2892871186988992,0.2885235237636966,0.022172360501100774,0.00017660899150205022
3164.614,0.31146013029999997,0.28951293431768577,0.2887477034611098,0.021947195982314205,0.00017655335516389553
3165.096,0.3115513096,0.28973874233760516,0.2889720149691088,0.021812567262394833,0.00017649775965818663
3165.578,0.3116905203,0.2899645325190521,0.28919644823335894,0.02172598778094792,0.0001764422049444989
3166.06,0.3117008053,0.2901902946443978,0.28942099319589176,0.021510510655602222,0.00017638669098245504
3166.542,0.3118050046,0.29041601851843313,0.2896456397955607,0.021388986081566863,0.00017633121773173073
3167.024,0.31193680100000004,0.2906416939688051,0.2898703779684946,0.021295107031194915,0.00017627578515204919
3167.507,0.3120629582,0.2908677788633425,0.2900956641571637,0.021195179336657544,0.00017622027832433652
3167.989,0.312220935,0.2910933268898739,0.29032055541412904,0.021127608110126095,0.0001761649270502822
3168.471,0.3120249773,0.2913187960961897,0.29054550802004275,0.020706181203810292,0.00017610961632665841
3168.953,0.3123303987,0.2915441764056928,0.29077051190467335,0.02078622229430721,0.0001760543461133863
3169.435,0.312136814,0.29176945776675917,0.2909955569973343,0.02036735623324082,0.0001759991163704392
3169.917,0.3124681795,0.29199463015314736,0.2912206332273386,0.020473549346852637,0.0001759439270578366
3170.399,0.3122865891,0.29221968356440575,0.2914457305244549,0.02006690553559426,0.00017588877813565112
3170.881,0.3124691778,0.29244460802626926,0.2916708388193564,0.020024569773730738,0.00017583366956400154
3171.364,0.3124334559,0.29266985979988214,0.29189641506965025,0.019763596100117853,0.0001757784870954282
3171.846,0.3124642963,0.29289449622784763,0.2921215151286277,0.019569800072152366,0.00017572345918891353
3172.328,0.3124822338,0.2931189739241933,0.2923465959665168,0.019363259875806726,0.0001756684715135085
3172.81,0.3126801813,0.29334328302337676,0.29257164752216036,0.01933689827662327,0.00017561352402952626
3173.292,0.3126741808,0.29356741368797734,0.29279665973757557,0.019106767112022638,0.00017555861669733196
3173.774,0.3127356617,0.2937913561090693,0.2930216225584066,0.018944305590930688,0.00017550374947734
3174.256,0.312973897,0.29401510050658797,0.2932465259343749,0.018958796493412033,0.00017544892233001272
3174.738,0.3128326698,0.29423863712969595,0.2934713598197336,0.018594032670304073,0.00017539413521586064
3175.22,0.3127255954,0.29446195625714,0.2936961141737172,0.01826363914286,0.00017533938809544274
3175.703,0.31282681409999996,0.29468551080108896,0.29392124497044897,0.018141303298911005,0.00017528456747052955
3176.185,0.3127872775,0.294908365392148,0.29414580994452055,0.01787891210785203,0.0001752299003022259
3176.667,0.312924647,0.29513097348486983,0.29437026527853927,0.01779367351513017,0.00017517527300954373
3177.149,0.3130704792,0.2953533254799069,0.2945946009561928,0.017717153720093082,0.00017512068555323643
3177.631,0.3131527335,0.2955754118092244,0.2948188069684051,0.017577321690775582,0.0001750661378941073
3178.113,0.3131574025,0.2957972229364334,0.29504287331378637,0.017360179563566613,0.00017501162999300566
3178.595,0.31317064099999997,0.2960187493571183,0.29526678999908107,0.017151891642881667,0.00017495716181082773
3179.077,0.3134265787,0.29623998159915854,0.29549054703961564,0.017186597100841472,0.00017490273330852032
3179.56,0.31322738510000003,0.2964613682590488,0.29571459815082946,0.016766016840951248,0.00017484823164829472
3180.042,0.3133308171,0.29668198319903044,0.29593800560145944,0.01664883390096955,0.0001747938824708757
3180.524,0.3134107294,0.29690227572153816,0.2961612234886425,0.01650845367846182,0.00017473957285637086
3181.006,0.313450612,0.2971222364868495,0.2963842418665349,0.016328375513150528,0.0001746853027659144
3181.488,0.3135752721,0.2973418561890889,0.2966070508001122,0.016233415910911098,0.000174631072160695
3181.97,0.3135067605,0.2975611255565238,0.2968296403656138,0.015945634943476172,0.0001745768810019419
3182.452,0.3135935786,0.29778003535185904,0.2970520006509899,0.015813543248140938,0.00017452272925093417
3182.934,0.3136864034,0.29799857637252025,0.29727412175633994,0.015687827027479728,0.00017446861686900065
3183.417,0.3137057009,0.2982171916722274,0.29749645384403733,0.015488509227772618,0.00017441443167362066
3183.899,0.31373208080000003,0.2984349668636088,0.2977180663929917,0.015297113936391216,0.00017436039799548496
3184.381,0.3135930523,0.29865234586492784,0.29793941011913155,0.01494070643507217,0.00017430640357060626
3184.863,0.3140777528,0.2988693196153789,0.2981604751756268,0.015208433184621117,0.00017425244836050485
3185.345,0.3138214209,0.2990858790902601,0.2983812517300126,0.014735541809739905,0.0001741985323267432
3185.827,0.3139438172,0.2993020153012349,0.29860172996462925,0.014641801898765072,0.00017414465543092808
3186.309,0.31397376579999997,0.2995177192965878,0.298821900077058,0.014456046503412145,0.00017409081763472187
3186.791,0.31413707809999997,0.2997329821614839,0.29904175228056373,0.014404095938516048,0.00017403701889982586
3187.273,0.3139048856,0.2999477950182172,0.2992612768045321,0.013957090581782794,0.0001739832591879908
3187.756,0.31405072,0.3001625932612289,0.2994809182823836,0.0138881267387711,0.0001739294270477248
3188.238,0.31413484799999997,0.30037647863890166,0.2996997574717082,0.01375836936109831,0.00017387574534821534
3188.72,0.3140099541,0.3005898875823604,0.2999182397505801,0.013420066517639606,0.00017382210255722336
3189.202,0.3143618506,0.3008028113649166,0.30013635541725947,0.013559039235083392,0.000173768498636686
3189.684,0.3142924143,0.30101524129820106,0.3003540947883012,0.013277173001798925,0.00017371493354858528
3190.166,0.3143141999,0.3012271687323919,0.3005714481989874,0.013087031167608065,0.0001736614072549542
3190.648,0.3142783432,0.3014385850564376,0.300788406003761,0.012839758143562363,0.00017360791971786984
3191.13,0.3143984705,0.30164948169827477,0.30100495857665577,0.012748988801725258,0.00017355447089945262
3191.613,0.314362879,0.3018602860190835,0.30122154429238523,0.012502592980916494,0.0001735009499926433
3192.094,0.314524589,0.3020696818432921,0.3014368096234653,0.01245490715670794,0.00017344768926735236
3192.577,0.3146263398,0.30227940203113257,0.3016525351271059,0.012346937768867416,0.000173394245769101
3193.059,0.31456183039999996,0.30248813385347484,0.3018673699895345,0.012073696546525126,0.00017334095152749172
3193.541,0.3144844796,0.30269630370815764,0.30208175177936725,0.011788175891842334,0.00017328769581578313
3194.023,0.314518429,0.3029039032615053,0.3022956709972116,0.011614525738494696,0.00017323447859637236
3194.505,0.3147277117,0.30311092422025054,0.3025091181662484,0.01161678747974948,0.00017318129983170626
3194.987,0.3146321591,0.30331735833172774,0.3027220838326591,0.011314800768272237,0.00017312815948427554
3195.469,0.3148648602,0.30352319738405387,0.30293455856604307,0.011341662815946119,0.0001730750575166154
3195.951,0.3146858721,0.3037284332063121,0.3031465329598412,0.010957438893687887,0.00017302199389131106
3196.434,0.3147998786,0.303933481559683,0.3033584358187869,0.010866397040317,0.00017296885859974118
3196.916,0.31458537119999996,0.3041374852802574,0.30356938032454606,0.01044788591974255,0.00017291587162642923
3197.398,0.3149712627,0.304340861488908,0.30377979639892255,0.010630401211091989,0.00017286292288341373
3197.88,0.3150003169,0.30454360218040494,0.3039896747349454,0.010456714719595084,0.00017281001233346123
3198.362,0.314880341,0.30474569939133445,0.3041990060515651,0.010134641608665562,0.00017275713993937736
3198.844,0.3149112796,0.30494714520026067,0.30440778109406735,0.00996413439973931,0.00017270430566402033
3199.326,0.3149941762,0.30514793172788135,0.3046159906344844,0.009846244472118626,0.00017265150947029019
3199.808,0.3152295188,0.305348051137181,0.3048236254720054,0.009881467662818999,0.00017259875132113084
3200.291,0.3151280181,0.3055479087118893,0.30503110538640954,0.009580109388110714,0.00017254592184112714
3200.773,0.3149583287,0.3057466691190496,0.30523756208655495,0.009211659580950438,0.0001724932397488626
3201.255,0.3150780881,0.3059447391360969,0.3054434166295099,0.00913334896390311,0.0001724405955901959
3201.737,0.3152183158,0.3061421110967179,0.3056486599272258,0.009076204703282076,0.00017238798932825422
3202.219,0.315102961,0.30633877737760296,0.3058532829208427,0.00876418362239706,0.0001723354209262052
3202.701,0.315235082,0.30653473039857904,0.30605727658109116,0.008700351601420964,0.00017228289034726453
3203.183,0.3151337092,0.3067299626227413,0.30626063190869324,0.008403746577258675,0.00017223039755468912
3203.665,0.3153007766,0.3069244665565778,0.3064633399347596,0.008376310043422208,0.00017217794251178474
3204.147,0.3151831793,0.30711823475009653,0.30666539172119034,0.008064944549903474,0.00017212552518189778
3204.63,0.3152584859,0.30731165948623473,0.30686719547809604,0.007946826413765262,0.00017207303689607928
3205.112,0.3150221043,0.30750393245912394,0.30706790668849815,0.007518171840876053,0.00017202069496050266
3205.594,0.31530089,0.3076954475888892,0.30726793501533356,0.007605442411110774,0.0001719683906281765
3206.076,0.3152728969,0.30788619760088665,0.30746727164766996,0.007386699299113342,0.00017191612386262948
3206.558,0.3152496617,0.30807617526456554,0.30766590780732905,0.007173486435434473,0.00017186389462742747
3207.04,0.3152307084,0.30826537339357735,0.3078638347492776,0.006965335006422657,0.00017181170288618837
3207.522,0.3152878448,0.30845378484587704,0.30806104376201177,0.006834059954122951,0.00017175954860256605
3208.004,0.3153571872,0.3086414025238256,0.3082575261679458,0.006715784676174397,0.00017170743174026276
3208.487,0.3153727542,0.30882860612378543,0.30845367866795637,0.006544148076214562,0.00017165524425315557
3208.969,0.3154522604,0.3090146134549566,0.30864868041291416,0.006437646945043396,0.000171603202202222
3209.451,0.315429694,0.30919980597185115,0.3088429297078905,0.006229888028148833,0.00017155119746390367
3209.933,0.315253729,0.309384176755494,0.3090364180148622,0.005869552244505971,0.0001714992300020742
3210.415,0.315432229,0.30956771893177715,0.3092291368316257,0.005864510068222861,0.00017144729978065692
3210.897,0.3154736614,0.3097504256715442,0.3094210776921734,0.005723235728455789,0.00017139540676361356
3211.379,0.3156838759,0.30993229019067137,0.3096122321670677,0.005751585709328655,0.00017134355091495443
3211.861,0.3156570535,0.31011330575014806,0.3098025918638133,0.005543747749851946,0.00017129173219872955
3212.344,0.3157925836,0.310293838537822,0.3099925408574751,0.005498745062178012,0.0001712398431868242
3212.826,0.3159087275,0.31047313434590823,0.31018128427792974,0.005435593154091756,0.0001711880987046493
3213.308,0.3160152305,0.3106515612350881,0.31036920795096085,0.005363669264911941,0.00017113639124724907
3213.79,0.3159951129,0.310829112647639,0.31055630363561093,0.005166000252360969,0.00017108472077884698
3214.272,0.31589549089999996,0.3110057820713059,0.3107425631296963,0.0048897088286940504,0.0001710330872637123
3214.754,0.3160011785,0.311181563039374,0.31092797827017626,0.004819615460625981,0.0001709814906661575
3215.236,0.3158390985,0.3113564491307238,0.31111254093350615,0.004482649369276226,0.00017092993095053373
3215.718,0.3161319481,0.31153043396989566,0.3112962430359999,0.004601514130104345,0.00017087840808123985
3216.2,0.3161162839,0.31170351122714424,0.31147907653418216,0.00441277267285578,0.00017082692202271667
3216.683,0.31598453249999997,0.3118760308496612,0.3116614100123094,0.0041085016503387695,0.00017077536603639734
3217.165,0.3160562162,0.31204727222158835,0.3118424804906139,0.004008943978411672,0.00017072395356909083
3217.647,0.31623980079999997,0.31221758728439947,0.3120226584626039,0.0040222135156005034,0.00017067257780605785
3218.129,0.3159529658,0.3123869698918417,0.31220193604926444,0.0035659959081582593,0.00017062123871190737
3218.611,0.3159443641,0.3125554139436338,0.3123803054135462,0.0033889501563661995,0.00017056993625129548
3219.093,0.3160984955,0.31272291338551095,0.31255775876070935,0.003375582114489073,0.00017051867038891778
3219.575,0.3161333322,0.31288946220926783,0.31273428833866596,0.0032438699907321733,0.0001704674410895144
3220.057,0.3159389952,0.3130550544527979,0.3129098864383196,0.0028839407472021072,0.00017041624831786297
3220.54,0.3159290189,0.3132200247510356,0.3130849067753523,0.0027089941489644165,0.00017036498594334321
3221.021,0.3160214509,0.3133833455814874,0.3132582575833289,0.002638105318512607,0.00017031397221716393
3221.504,0.316030264,0.31354636928188495,0.31343137284998535,0.002483894718115054,0.00017026278287356742
3221.986,0.3161597897,0.31370807446766924,0.31360316681372946,0.0024517152323307867,0.0001702117359370501
3222.468,0.3160309192,0.3138687939436461,0.31377399139486556,0.0021621252563538973,0.00017016072535275427
3222.95,0.3161926631,0.3140285220251543,0.3139438391493847,0.0021641410748456935,0.00017010975108571483
3223.432,0.3163562618,0.31418725307386375,0.3141127026785967,0.0021690087261362345,0.00017005881310100927
3223.914,0.3163246131,0.31434498149780327,0.31428057462945647,0.0019796316021967186,0.00017000791136375637
3224.396,0.3163535137,0.31450170175138303,0.31444744769488364,0.0018518119486169438,0.00016995704583911572
3224.878,0.31636961410000003,0.31465740833541955,0.31461331461408587,0.0017122057645804767,0.00016990621649229005
3225.361,0.3164108525,0.314812415662365,0.31477850913433847,0.0015984368376349978,0.00016985531794597833
3225.843,0.3163817866,0.314966076464318,0.31494234004074295,0.0014157101356819801,0.00016980456092543413
3226.325,0.3163860959,0.3151187073667323,0.31510514328469863,0.0012673885332676882,0.0001697538399784912
3226.807,0.3162688729,0.31527030305633313,0.31526691179381083,0.0009985698436668633,0.0001697031550705151
3227.289,0.31639674360000003,0.31542085826633903,0.3154276385435367,0.0009758853336609974,0.00016965250616691948
3227.771,0.3163503783,0.3155703677764739,0.31558731655749295,0.000780010523526109,0.00016960189323315733
3228.253,0.3162266143,0.3157188264129816,0.3157459389077622,0.000507787887018385,0.00016955131623471958
3228.735,0.31633800430000003,0.31586622904863393,0.31590349871519346,0.0004717752513661022,0.00016950077513714363
3229.218,0.31609597910000004,0.3160128731094325,0.31606031270233237,8.310599056754464e-05,0.00016945016516062297
3229.7,0.316306693,0.3161581463307882,0.3162157247435027,0.00014854666921182424,0.00016939969583584203
3230.182,0.3160741776,0.31630234843855837,0.31637005388605993,-0.0002281708385583614,0.000169349262308702
3230.664,0.31616,0.31644547449180105,0.3165232934490033,-0.0002854744918010521,0.00016929886454490292
3231.146,0.3161920277,0.31658751959613274,0.31667543680157595,-0.00039549189613274915,0.00016924850251018496
3231.628,0.3163523133,0.31672847890373224,0.3168264773635555,-0.00037616560373221475,0.00016919817617033184
3232.11,0.3162233589,0.3168683476133411,0.3169764086055394,-0.0006449887133411214,0.0001691478854911641
3232.592,0.31609224340000003,0.31700712097026323,0.31712522404922877,-0.0009148775702632062,0.00016909763043854699
3233.074,0.3161959096,0.3171447942663643,0.3172729172677111,-0.0009488846663643358,0.0001690474109783845
3233.557,0.3162661761,0.3172816450257926,0.3174197847841361,-0.001015468925792573,0.0001689971229975813
3234.039,0.3162022109,0.3174171019557821,0.31756521211724853,-0.0012148910557820969,0.00016894697469387022
3234.521,0.3163738187,0.31755144497045235,0.31770949824255046,-0.00117762627045237,0.00016889686188050303
3235.003,0.3162621611,0.3176846695479737,0.31785263694154836,-0.0014225084479737027,0.0001688467845235435
3235.485,0.31642321679999996,0.3178167712130555,0.3179946220485068,-0.0013935544130555533,0.00016879674258910092
3235.967,0.3163737324,0.31794774553693583,0.3181354474507153,-0.0015740131369358368,0.00016874673604332302
3236.449,0.3163217318,0.3180775881373756,0.31827510708875445,-0.001755856337375572,0.00016869676485239865
3236.931,0.3162983993,0.3182062946786457,0.31841359495675614,-0.0019078953786457187,0.00016864682898255775
3237.414,0.3164812228,0.3183341243433324,0.3185511887501487,-0.001852901543332397,0.00016859682490854452
3237.896,0.3165698918,0.3184605435660258,0.3186873128142454,-0.0018906517660258193,0.00016854695965282224
3238.378,0.3166362943,0.31858581399266855,0.3188222474025372,-0.0019495196926685443,0.00016849712961704294
3238.86,0.3165437824,0.3187099314735614,0.31895598672605496,-0.002166149073561441,0.00016844733476759272
3239.342,0.3165279461,0.31883289190545483,0.3190885250506566,-0.0023049458054548166,0.00016839757507090556
3239.824,0.3166804377,0.31895469123153464,0.3192198566972751,-0.0022742535315346535,0.00016834785049344954
3240.306,0.31648452039999997,0.3190753254414064,0.3193499760421636,-0.0025908050414064077,0.00016829816100173443
3240.788,0.31655123490000003,0.3191947905710785,0.3194788775171373,-0.00264355567107849,0.00016824850656231406
3241.271,0.31651818649999997,0.3193133269002856,0.31960681922662537,-0.0027951404002856117,0.0001681987842332937
3241.753,0.3164940227,0.31943043971748186,0.31973326592557005,-0.0029364170174818738,0.00016814919987081427
3242.235,0.3165494219,0.3195463718328632,0.3198584783746604,-0.002996949932863202,0.00016809965046044433
3242.717,0.3166059986,0.31966111946796916,0.3199824512304505,-0.0030551208679691633,0.0001680501359688938
3243.199,0.3166704233,0.31977467889065175,0.32010517920623105,-0.00310425559065175,0.00016800065636291293
3243.681,0.3167068189,0.3198870464150534,0.3202266570722559,-0.0031802275150533688,0.00016795121160928907
3244.163,0.3167229572,0.3199982184015876,0.320346879655967,-0.0032752612015876092,0.00016790180167485096
3244.645,0.3165804762,0.320108191256915,0.32046584184221394,-0.0035277150569149596,0.00016785242652646366
3245.127,0.31675433000000003,0.32021696143392503,0.32058353857347655,-0.003462631433925001,0.00016780308613103482
3245.61,0.3163752606,0.3203247473373072,0.3207002050742983,-0.003949486737307217,0.00016775367819764602
3246.092,0.3164908904,0.3204310991879682,0.3208153533034743,-0.003940208787968191,0.0001677044072809425
3246.574,0.3163547968,0.32053623798908704,0.32092922124295287,-0.004181441189087032,0.0001676551710180835
3247.056,0.31626021179999997,0.32064016037832677,0.32104180406798644,-0.004379948578326798,0.00016760596937613528
3247.538,0.3161984968,0.320742863039459,0.32115309701251116,-0.0045443662394589746,0.00016755680232219915
3248.02,0.3161024732,0.32084434270234247,0.3212630953693522,-0.004741869502342455,0.0001675076698234156
3248.502,0.3161544827,0.3209445961428944,0.3213717944904211,-0.004790113442894373,0.0001674585718469674
3248.984,0.3162963069,0.32104362018306903,0.3214791897869181,-0.004747313283069043,0.00016740950836007475
3249.467,0.31617490530000003,0.3211416132944125,0.32158549546377346,-0.004966707994412456,0.00016736037764581205
3249.948,0.3163631563,0.3212379675801196,0.32169005084858787,-0.004874811280119573,0.00016731148472402663
3250.431,0.3161517261,0.32133348127476896,0.32179372100288606,-0.005181755174768987,0.0001672624229680241
3250.913,0.316265757,0.3214275542736384,0.32189585355922135,-0.005161797273638413,0.00016721349718357606
3251.395,0.3161795476,0.3215203826654441,0.32199666023416723,-0.005340835065444083,0.00016716460572529653
3251.877,0.31645001,0.3216119635478947,0.3220961367987657,-0.005161953547894671,0.00016711574856063762
3252.359,0.3162191256,0.3217022940645491,0.32219427908465575,-0.005483168464549104,0.0001670669256570909
3252.841,0.316322523,0.32179137140478736,0.3222910829842457,-0.005468848404787341,0.00016701813698218656
3253.323,0.3161522721,0.32187919280378413,0.3223865444508891,-0.005726920703784111,0.00016696938250349082
3253.805,0.31654762680000004,0.32196575554247975,0.3224806594990535,-0.005418128742479711,0.00016692066218861067
3254.288,0.3163847708,0.3220512326084408,0.32257361525601747,-0.005666461808440826,0.0001668718750319709
3254.77,0.31640101179999996,0.3221352674272572,0.32266502294239374,-0.005734255627257212,0.00016682322301840745
3255.252,0.3164092276,0.3222180356976039,0.32275507261422287,-0.005808808097603868,0.0001667746050716427
3255.734,0.3165340828,0.3222995348833016,0.3228437605322082,-0.005765452083301592,0.0001667260211594338
3256.216,0.3163710804,0.3223797624937961,0.3229310830189783,-0.0060086820937960694,0.0001666774712495827
3256.698,0.3164418797,0.3224587160841299,0.3230170364592404,-0.00601683638412992,0.00016662895530992155
3257.18,0.3163699264,0.32253639325491523,0.3231016172999328,-0.006166466854915231,0.00016658047330832596
3257.662,0.31638443110000003,0.3226127916523033,0.32318482205037014,-0.006228360552303247,0.0001665320252127062
3258.145,0.3164343449,0.3226880634797533,0.32326681560793313,-0.00625371857975332,0.00016648351058175937
3258.627,0.3164061306,0.3227618947859595,0.3233472550835334,-0.0063557641859595115,0.00016643513027215964
3259.109,0.3163425878,0.3228344405256265,0.3234263083657431,-0.006491852725626468,0.00016638678377243118
3259.591,0.3164747666,0.32290569852687634,0.32350397221494376,-0.0064309319268763265,0.00016633847105064045
3260.073,0.3163489651,0.32297566666322886,0.3235802434545924,-0.006626701563228865,0.0001662901920748849
3260.555,0.3163335213,0.3230443428535732,0.3236551189713529,-0.006710821553573221,0.00016624194681330655
3261.037,0.3164625659,0.3231117250621399,0.3237285957152235,-0.006649159162139928,0.00016619373523407759
3261.519,0.31654817269999996,0.32317781129847334,0.32380067069966306,-0.006629638598473375,0.00016614555730541625
3262.001,0.3162895061,0.3232425996174017,0.32387134100171233,-0.006953093517401698,0.00016609741299557015
3262.484,0.3162955031,0.3233062184854445,0.3239407459957022,-0.00701071538544451,0.00016604920249294405
3262.966,0.3164456235,0.32336840261259053,0.32400859549014605,-0.006922779112590538,0.0001660011253952194
3263.448,0.3162131382,0.3234292832545438,0.32407503191039677,-0.0072161450545437655,0.00016595308182122372
3263.93,0.3162694256,0.32348885864709,0.3241400525891245,-0.007219433047089996,0.0001659050717393569
3264.412,0.31638406539999997,0.3235471270711612,0.3242036549231497,-0.007163061671161208,0.00016585709511805766
3264.894,0.3160581579,0.32360408685280967,0.3242658363735495,-0.007545928952809644,0.00016580915192580196
3265.376,0.31611502269999997,0.3236597363631807,0.32432659446575945,-0.007544713663180713,0.00016576124213110114
3265.858,0.3160725009,0.3237140740184846,0.32438592678967215,-0.007641573118484624,0.00016571336570250436
3266.341,0.3161713577,0.32376720692250105,0.3244439496468372,-0.007595849222501061,0.0001656654233836962
3266.823,0.31614699739999996,0.3238189135669326,0.3245004204921934,-0.007671916166932635,0.00016561761366216555
3267.305,0.3160145395,0.32386930387210344,0.3245554587220944,-0.007854764372103418,0.00016556983721254426
3267.787,0.31592957,0.3239183764343194,0.32460906218533203,-0.007988806434319429,0.00016552209400352928
3268.269,0.31585179350000003,0.3239661298948214,0.32466122879560755,-0.008114336394821342,0.00016547438400385376
3268.751,0.315742439,0.3240125629397608,0.32471195653161455,-0.008270123939760787,0.0001654267071822888
3269.233,0.3159035471,0.32405767430017474,0.3247612434371171,-0.008154127200174721,0.00016537906350764237
3269.715,0.3159214737,0.3241014627519594,0.32480908762102445,-0.00817998905195938,0.0001653314529487601
3270.198,0.3157769946,0.32414401383900926,0.3248555820194381,-0.008367019239009232,0.0001652837768004379
3270.68,0.3157827936,0.32418515022997607,0.3249005323454096,-0.008402356629976071,0.00016523623244830125
3271.162,0.3157116167,0.3242249603067109,0.3249440346646596,-0.00851334360671091,0.0001651887211186169
3271.644,0.3156775113,0.3242634430244039,0.32498608734751855,-0.008585931724403917,0.000165141242780371
3272.126,0.3156996431,0.32430059738298633,0.3250266888297985,-0.00860095428298635,0.00016509379740259269
3272.608,0.3156153383,0.3243364224271075,0.3250658376128509,-0.008721084127107481,0.0001650463849543455
3273.09,0.3156237705,0.32437091724611167,0.32510353226362143,-0.008747146746111656,0.00016499900540472572
3273.572,0.3155292735,0.3244040809740173,0.3251397714147038,-0.00887480747401731,0.00016495165872287325
3274.054,0.3155053555,0.3244359127894935,0.32517455376438714,-0.008930557289493546,0.0001649043448779562
3274.537,0.3153432028,0.3244664738061943,0.3252079456978332,-0.009123271006194311,0.0001648569657798232
3275.019,0.3153790936,0.3244956367441538,0.3252398077740284,-0.009116543144153832,0.0001648097175844071
3275.501,0.315272157,0.32452346557200673,0.3252702095360964,-0.009251308572006733,0.000164762502133597
3275.983,0.315598554,0.324549959646908,0.32529914994568254,-0.00895140564690805,0.00016471531939670755
3276.465,0.3154218812,0.32457511837056013,0.32532662803032997,-0.009153237170560158,0.00016466816934309248
3276.947,0.3152994784,0.32459894118919297,0.3253526428835117,-0.00929946278919297,0.00016462105194213906
3277.429,0.3156163682,0.32462142759354456,0.3253771936646598,-0.009005059393544568,0.00016457396716327132
3277.911,0.3153299447,0.32464257711884204,0.32540027959919043,-0.00931263241884206,0.00016452691497594724
3278.394,0.3154099856,0.32466242905859977,0.3254219433101881,-0.009252443458599768,0.0001644797978324013
3278.875,0.3151765609,0.3246808638955181,0.3254420541601155,-0.009504302995518077,0.0001644329082539554
3279.358,0.3152251505,0.32469803460156765,0.3254607788129336,-0.009472884101567658,0.0001643858562759746
3279.84,0.3151879656,0.324713830075252,0.3254779958909211,-0.009525864475252,0.00016433893421747637
3280.322,0.3150360775,0.3247282870122623,0.325493745238967,-0.009692209512262295,0.0001642920445982943
3280.804,0.31519387909999996,0.3247414052144773,0.32550802647890076,-0.009547526114477345,0.0001642451873881031
3281.286,0.3151637373,0.3247531845281424,0.32552083929863174,-0.009589447228142367,0.00016419836255660827
3281.768,0.3148936983,0.32476362484385546,0.3255321834521514,-0.009869926543855434,0.00016415157007355604
3282.25,0.3151347532,0.32477272609655056,0.3255420587595323,-0.00963797289655055,0.00016410480990872698
3282.732,0.3149017773,0.32478048826548334,0.3255504651069243,-0.009878710965483317,0.0001640580820319355
3283.215,0.3149744523,0.324786923308259,0.3255574153123403,-0.009812471008258994,0.00016401128956766418
3283.697,0.3151560562,0.3247920046467564,0.325562880614841,-0.009635948446756415,0.0001639646262433657
3284.179,0.3149868307,0.32479574710532266,0.32556687701242204,-0.009808916405322665,0.00016391799511669577
3284.661,0.3147833296,0.32479815084045016,0.32556940465557793,-0.010014821240450167,0.0001638713961576133
3285.143,0.3148143323,0.32479921605288437,0.32557046376081544,-0.009984883752884366,0.00016382482933610966
3285.625,0.3147707388,0.32479894298761036,0.3255700546106317,-0.010028204187610357,0.0001637782946222091
3286.107,0.3146362384,0.32479733193384297,0.32556817755349016,-0.01016109353384298,0.00016373179198597316
3286.589,0.3148805309,0.3247943832250126,0.32556483300379124,-0.009913852325012573,0.00016368532139749738
3287.072,0.31448319210000003,0.32479008695685757,0.32556000993476275,-0.01030689485685754,0.0001636387865145914
3287.554,0.3145933113,0.3247844613419149,0.3255537288649001,-0.010191150041914898,0.00016359237999839652
3288.036,0.3145639708,0.3247774993384046,0.32554598194232665,-0.010213528538404626,0.00016354600544039554
3288.518,0.3144336694,0.3247692014566077,0.32553676984499524,-0.0103355320566077,0.00016349966281082394
3289.0,0.3142691839,0.3247595682509695,0.3255260933166134,-0.010490384350969495,0.00016345335207995147
3289.482,0.314433171,0.3247486003200909,0.3255139531665983,-0.010315429320090885,0.00016340707321808168
3289.964,0.3144268913,0.3247362983067186,0.325500350270028,-0.010309407006718563,0.00016336082619555377
3290.446,0.3142616272,0.324722662897738,0.325485285567591,-0.010461035697737986,0.00016331461098274095
3290.928,0.3145050183,0.32470769482416306,0.3254687600655304,-0.010202676524163068,0.0001632684275500508
3291.411,0.3146163953,0.3246913596598469,0.32545073600522945,-0.010074964359846894,0.00016322218015053216
3291.893,0.3143556617,0.32467372586593535,0.32543128915969366,-0.010318064165935337,0.00016317606025522877
3292.375,0.3142916407,0.3246547618670146,0.3254103849285767,-0.0103631211670146,0.0001631299720514183
3292.857,0.3144765335,0.3246344685706367,0.3253880245798797,-0.010157935070636726,0.0001630839155096431
3293.339,0.3143748642,0.3246128469284486,0.3253642094468441,-0.010237982728448614,0.00016303789060048552
3293.821,0.3142305103,0.3245898979361864,0.3253389409278804,-0.010359387636186435,0.0001629918972945565
3294.303,0.3143998217,0.3245656226336695,0.32531222048649344,-0.010165800933669478,0.00016294593556250443
3294.785,0.3145731947,0.3245400221047959,0.3252840496512043,-0.009966827404795875,0.00016290000537501288
3295.268,0.3143722324,0.3245130402417242,0.32525436705905986,-0.01014080784172422,0.00016285401151007605
3295.75,0.3142484995,0.32448478994470936,0.3252232972805904,-0.010236290444709362,0.00016280814438917864
3296.232,0.3142851591,0.3244552179400233,0.3251907820867045,-0.01017005884002331,0.00016276230872503005
3296.714,0.3144082983,0.3244243254879243,0.3251568232652905,-0.010016027187924326,0.00016271650448844842
3297.196,0.314250573,0.32439211389272693,0.32512142266882166,-0.010141540892726952,0.0001626707316502854
3297.678,0.3142940398,0.32435858450280053,0.3250845822142615,-0.010064544702800549,0.0001626249901814258
3298.16,0.3142884099,0.3243237387105653,0.3250463038829658,-0.010035328810565292,0.00016257928005278998
3298.642,0.3141603316,0.3242875779524899,0.32500658972058283,-0.010127246352489905,0.0001625336012353309
3299.125,0.31412666510000004,0.3242500245973825,0.3249653549790435,-0.010123359497382467,0.00016248785902810064
3299.607,0.31405173659999996,0.32421123567292,0.3249227725803644,-0.01015949907292002,0.0001624422428107994
3300.089,0.3139588266,0.32417113635959194,0.32487876087695233,-0.01021230975959192,0.00016239665781767398
3300.571,0.3139742404,0.324129728270131,0.32483332217069094,-0.010155487870130986,0.00016235110401981365
3301.053,0.3135814638,0.32408701306130916,0.32478645882721013,-0.010505549261309144,0.00016230558138833904
3301.535,0.3137379119,0.324042992433936,0.32473817327576726,-0.010305080533935973,0.00016226008989440454
3302.017,0.3136239777,0.3239976681328586,0.32468846800912665,-0.010373690432858573,0.000162214629509199
3302.499,0.3134388035,0.32395104194696034,0.3246373455834367,-0.010512238446960365,0.00016216920020394295
3302.981,0.313539346,0.32390311570915975,0.32458480861810324,-0.010363769709159754,0.00016212380194989017
3303.464,0.3134214931,0.3238537878229514,0.32453074640291685,-0.010432294722951374,0.00016207834062766823
3303.946,0.3134177044,0.323803264468951,0.3244753855483274,-0.010385560068951027,0.00016203300445419302
3304.428,0.3133425807,0.32375144683014156,0.3244186183964456,-0.01040886613014158,0.00016198769924582546
3304.91,0.31356009149999997,0.3236983369156762,0.32436044781852,-0.010138245415676206,0.00016194242497394876
3305.392,0.3133382278,0.32364393677874315,0.3243008767483826,-0.010305708978743167,0.0001618971816099917
3305.874,0.3133238678,0.32358824851656787,0.3242399081823072,-0.010264380716567878,0.00016185196912539803
3306.356,0.313247049,0.3235312742704125,0.32417754517886266,-0.010284225270412506,0.00016180678749166282
3306.838,0.3132679819,0.32347301622557745,0.3241137908587649,-0.010205034325577456,0.0001617616366802995
3307.321,0.3132327883,0.323413351754613,0.3240485118136853,-0.01018056345461299,0.00016171642308485863
3307.802,0.3130566413,0.32335265770126154,0.3239821210612971,-0.010296016401261543,0.00016167142741093675
3308.285,0.31302394899999997,0.3232904316571491,0.32391406981100357,-0.010266482657149134,0.00016162627544567555
3308.767,0.31293948520000003,0.3232270585094321,0.3238447798132119,-0.010287573309432085,0.0001615812477033408
3309.249,0.31297645949999997,0.32316241315517,0.3237741150363369,-0.010185953655170055,0.00016153625064140929
3309.731,0.3128589117,0.32309649804400004,0.32370207897082925,-0.010237586344000016,0.00016149128423159837
3310.213,0.3129589696,0.3230293156696042,0.32362867516816995,-0.010070346069604164,0.00016144634844565586
3310.695,0.3127180549,0.3229608685697105,0.3235539072407002,-0.010242813669710527,0.0001614014432553633
3311.177,0.312665446,0.32289115932609375,0.32347777886144696,-0.010225713326093733,0.00016135656863253454
3311.659,0.31261580370000003,0.3228201905645766,0.32340029376394863,-0.010204386864576587,0.00016131172454901736
3312.142,0.3126163257,0.3227478138047532,0.3233212907740179,-0.010131488104753228,0.00016126681803416785
3312.624,0.3124499864,0.3226743314620122,0.32324110088693847,-0.010224345062012197,0.0001612220350081506
3313.106,0.3124215554,0.3225995977489031,0.32315956585167827,-0.010178042348903127,0.00016117728243712052
3313.588,0.3125905363,0.32252361546754016,0.32307668964213143,-0.00993307916754016,0.00016113256029304926
3314.07,0.3121885278,0.3224463874640895,0.3229924762917835,-0.010257859664089486,0.0001610878685479486
3314.552,0.3120697719,0.3223679166287706,0.3229069298935202,-0.010298144728770608,0.00016104320717385526
3315.034,0.3120218437,0.32228820589585516,0.32282005459943314,-0.010266362195855139,0.0001609985761428445
3315.516,0.3119100005,0.322207258243668,0.32273185462062176,-0.01029725774366802,0.0001609539754270194
3315.999,0.3120831779,0.3221249049129361,0.32264214713046324,-0.010041727012936097,0.00016090931256021272
3316.481,0.3119674428,0.32204148998302085,0.32255130792460773,-0.010074047183020851,0.00016086477245395275
3316.963,0.3122617267,0.3219568473396254,0.32245915702853245,-0.009695120639625354,0.00016082026257932525
3317.445,0.3120931965,0.3218709801373767,0.32236569888747085,-0.009777783637376691,0.0001607757829085679
3317.927,0.3122321582,0.3217838915749528,0.322270938004641,-0.009551733374952798,0.00016073133341393945
3318.409,0.31192609050000003,0.3216955848950809,0.32217487894103203,-0.009769494395080847,0.0001606869140677416
3318.891,0.3119868709,0.32160606338453723,0.32207752631519115,-0.009619192484537242,0.00016064252484230065
3319.373,0.31206334869999997,0.3215153303741442,0.32197888480300385,-0.009451981674144239,0.0001605981657099733
3319.855,0.31216416739999997,0.3214233892387696,0.32187895913747633,-0.009259221838769649,0.00016055383664315636
3320.338,0.3121168393,0.3213300488987958,0.3217775428130296,-0.00921320959879579,0.0001605094457387779
3320.82,0.3119647852,0.3212356993256503,0.32167506062805185,-0.009270914125650342,0.00016046517678251312
3321.302,0.3119953191,0.3211401520236886,0.32157130883945906,-0.009144832923688617,0.00016042093780906566
3321.784,0.3119504239,0.3210434105440191,0.3214662924066001,-0.009092986644019085,0.00016037672879095307
3322.266,0.3118677178,0.3209454784817802,0.3213600163448042,-0.009077760681780178,0.00016033254970072535
3322.748,0.311763264,0.32084635947613394,0.3212524857251474,-0.009083095476133951,0.00016028840051096483
3323.23,0.311597473,0.32074605721026084,0.3211437056742134,-0.009148584210260824,0.0001602442811942832
3323.712,0.3116568369,0.3206445754113561,0.3210336813738547,-0.008987738511356091,0.00016020019172332384
3324.195,0.3116845673,0.3205417036485705,0.3209221859399139,-0.008857136348570493,0.00016015604069167472
3324.677,0.3114117682,0.32043787171378424,0.3208096863520752,-0.009026103513784245,0.0001601120108919999
3325.159,0.3114559817,0.3203328716996249,0.3206959584006937,-0.008876889999624882,0.00016006801085611294
3325.641,0.3115300742,0.3202267075093692,0.3205810074863609,-0.008696633309369206,0.00016002404055678144
3326.123,0.3114950698,0.3201193830902723,0.32046483906370005,-0.0086243132902723,0.0001599800999668088
3326.605,0.3114711359,0.32001090243355923,0.3203474586411118,-0.008539766533559257,0.00015993618905902428
3327.087,0.3115209169,0.31990126957441645,0.3202288717805203,-0.008380352674416447,0.00015989230780629038
3327.569,0.3112791001,0.3197904885919787,0.32010908409710886,-0.008511388491978744,0.00015984845618150455
3328.052,0.3113690094,0.3196783302135135,0.3199878490189251,-0.008309320813513488,0.000159804543271277
3328.534,0.3112873659,0.3195652630372041,0.3198656742854459,-0.008277897137204115,0.0001597607508825134
3329.016,0.3113342065,0.3194510602473801,0.3197423159036801,-0.008116853747380137,0.00015971698804050845
3329.498,0.3114289212,0.31933572609895367,0.31961777969933136,-0.007906804898953679,0.00015967325471827603
3329.98,0.3112240142,0.31921926489072694,0.3194920715500346,-0.00799525069072693,0.0001596295508888663
3330.462,0.3111403253,0.31910168096537583,0.31936519738508395,-0.007961355665375813,0.00015958587652536128
3330.944,0.3111754425,0.3189829787094342,0.3192371631851554,-0.007807536209434196,0.00015954223160086616
3331.426,0.311070528,0.3188631625532805,0.3191079749820326,-0.0077926345532804975,0.00015949861608852457
3331.908,0.3111118269,0.3187422369711168,0.3189776388583243,-0.007630410071116811,0.00015945502996150764
3332.391,0.31087347,0.3186199521602711,0.3188458869888312,-0.007746482160271129,0.00015941138285677632
3332.873,0.3108607852,0.3184968190458025,0.3187132711241098,-0.007636033845802526,0.00015936785548086976
3333.355,0.31094111210000003,0.3183725902003001,0.31857952590174227,-0.007431478100300093,0.00015932435740993102
3333.837,0.3106575367,0.31824727027316846,0.3184446576049036,-0.0075897335731684445,0.00015928088861725192
3334.319,0.310726701,0.318120863957539,0.31830867256616535,-0.00739416295753903,0.00015923744907615705
3334.801,0.31078007280000003,0.3179933759902445,0.3181715771671981,-0.007213303190244491,0.00015919403875999986
3335.283,0.3106931865,0.31786481115179777,0.3180333778384812,-0.00717162465179777,0.00015915065764216893
3335.765,0.3106023365,0.3177351742663631,0.3178940810590015,-0.007132837766363087,0.00015910730569607576
3336.248,0.3107768616,0.31760419792554584,0.31775340096570415,-0.00682733632554583,0.00015906389304411563
3336.729,0.3106245513,0.3174727038693036,0.3176122213044552,-0.0068481525693036005,0.00015902068921291892
3337.212,0.310405696,0.3173396035606944,0.31746937466510905,-0.006933907560694397,0.00015897733489250157
3337.694,0.3104941174,0.3172057254230978,0.31732575161698756,-0.0067116080230977815,0.00015893409942839795
3338.176,0.3104057434,0.3170708000236937,0.31718106424412196,-0.00666505662369371,0.00015889089300350905
3338.658,0.3101436326,0.316934832448069,0.3170353193102971,-0.006791199848069029,0.0001588477155914299
3339.14,0.3101818017,0.3167978278252558,0.3168885236256672,-0.006616026125255803,0.0001588045671657879
3339.622,0.3101277092,0.3166597913276978,0.3167406840464454,-0.006532082127697791,0.00015876144770024118
3340.104,0.31004090819999996,0.3165207281712127,0.3165918074745846,-0.006479819971212719,0.00015871835716847404
3340.586,0.3100572433,0.3163806436149563,0.3164419008574617,-0.006323400314956318,0.00015867529554420437
3341.069,0.3101181367,0.31623924916890866,0.31629065699687653,-0.006121112468908674,0.00015863217355163107
3341.551,0.3099570091,0.31609713567232467,0.3161387092108863,-0.006140126572324656,0.00015858916972346198
3342.033,0.3101276046,0.3159540168242927,0.31598575250583966,-0.0058264122242926986,0.00015854619472406188
3342.515,0.309961366,0.3158098980570092,0.3158317940076854,-0.0058485320570091925,0.00015850324852726991
3342.997,0.3097571546,0.3156647848457985,0.3156768408861763,-0.005907630245798545,0.00015846033110694953
3343.479,0.30975998390000004,0.3155186827090695,0.31552090035454206,-0.005758698809069485,0.00015841744243699595
3343.961,0.3097469934,0.31537159720826735,0.3153639796691571,-0.005624603808267348,0.0001583745824913353
3344.443,0.309806338,0.3152235339478242,0.31520608612920786,-0.005417195947824194,0.000158331751243921
3344.926,0.3096713839,0.315074188366525,0.3150468964947294,-0.005402804466525024,0.0001582888598964998
3345.408,0.30982248040000004,0.3149241845727139,0.31488707733266963,-0.0051017041727138834,0.0001582460860269656
3345.89,0.3095640581,0.3147732201019091,0.31472630748256925,-0.005209162001909129,0.00015820334077766446
3346.372,0.30940998329999997,0.314621300730059,0.31456459441158213,-0.005211317430059037,0.00015816062412266885
3346.854,0.30943662159999996,0.31446843227583,0.31440194562798085,-0.0050318106758300285,0.00015811793603608067
3347.336,0.3093969022,0.3143146206005458,0.31423836868081145,-0.004917718400545834,0.00015807527649202993
3347.818,0.3092159056,0.3141598716081297,0.31407387115955077,-0.0049439660081296855,0.00015803264546467992
3348.3,0.3093216391,0.31400419124504003,0.3139084606937572,-0.004682552145040042,0.00015799004292821878
3348.782,0.3091393142,0.3138475855002041,0.3137421449527197,-0.00470827130020407,0.00015794746885686522
3349.265,0.309201338,0.3136897326379507,0.31357458380188574,-0.004488394637950699,0.0001579048349854686
3349.747,0.3089894548,0.31353129237753813,0.31340647883738915,-0.0045418375775381215,0.00015786231782602902
3350.229,0.308822072,0.313371944969052,0.313237491856591,-0.004549872969052016,0.0001578198290544769
3350.711,0.30897688339999996,0.3132116965707109,0.31306763068426513,-0.004234813170710949,0.00015777736864514715
3351.193,0.3087915041,0.3130505533828535,0.31289690318314467,-0.004259049282853478,0.00015773493657240479
3351.675,0.3088182882,0.31288852164786374,0.31272531725356545,-0.004070233447863725,0.00015769253281064632
3352.157,0.3087409874,0.31272560765009194,0.3125528808331025,-0.003984620250091941,0.00015765015733429054
3352.639,0.3087582966,0.3125618177157742,0.3123796018962081,-0.0038035211157742,0.00015760781011779068
3353.122,0.3086595427,0.3123968156962531,0.31220512636075326,-0.0037372729962530937,0.00015756540336624123
3353.604,0.3085722124,0.3122312912505958,0.31203018475379307,-0.0036590788505957983,0.0001575231126514222
3354.086,0.308608999,0.3120649101110211,0.31185442478818776,-0.003455911111021115,0.0001574808501199341
3354.568,0.3085057329,0.31189767877055674,0.31167785458231884,-0.003391945870556745,0.00015743861574634528
3355.05,0.3086323658,0.3117296037636854,0.31150048228960964,-0.0030972379636854397,0.00015739640950525015
3355.532,0.3084915518,0.3115606916662528,0.3113223160981541,-0.0030691398662527902,0.00015735423137127285
3356.014,0.3084418877,0.31139094909537,0.31114336423034095,-0.002949061395370045,0.00015731208131906764
3356.496,0.3083715155,0.31122038270931934,0.3109636349424829,-0.002848867209319317,0.000157269959323317
3356.979,0.3085051955,0.3110486427953001,0.31078276125265103,-0.002543447295300094,0.000157227778055973
3357.461,0.3083316512,0.3108764472436924,0.3106015004576794,-0.002544796043692399,0.00015718571215536512
3357.943,0.3082464041,0.3107034481118801,0.31041948722872986,-0.0024570440118801273,0.0001571436742353747
3358.425,0.3081346732,0.3105296522218861,0.3102367299540929,-0.0023949790218861233,0.00015710166427079921
3358.907,0.3081059573,0.3103550664363819,0.31005323705408705,-0.002249109136381877,0.0001570596822364603
3359.389,0.3079789478,0.3101796976585718,0.30986901698067104,-0.002200749858571771,0.00015701772810721264
3359.871,0.3078849413,0.3100035528320836,0.3096840782170651,-0.002118611532083592,0.0001569758018579344
3360.353,0.30788772999999997,0.3098266389408483,0.30949842927736126,-0.0019389089408483051,0.00015693390346353881
3360.835,0.3080380538,0.30964896300898315,0.309312078706138,-0.0016109092089831578,0.00015689203289896204
3361.318,0.3077955067,0.30947016113218695,0.30912464630628433,-0.0016746544321869505,0.00015685010335734947
3361.8,0.30779521049999997,0.3092909808073516,0.3089369168146959,-0.0014957703073516515,0.0001568082884349429
3362.282,0.307837049,0.3091110597689797,0.3087485115222899,-0.0012740107689797053,0.00015676650126728554
3362.764,0.3077462969,0.3089304052007684,0.308559439091752,-0.0011841083007684272,0.00015672474182942803
3363.246,0.3076702984,0.3087490243259639,0.30836970821429766,-0.0010787259259639193,0.00015668301009644713
3363.728,0.3075875798,0.30856692440722755,0.30817932760927846,-0.0009793446072275391,0.00015664130604345006
3364.21,0.30746705290000004,0.30838411274649785,0.3079883060237861,-0.0009170598464978141,0.0001565996296455725
3364.692,0.3075709368,0.30820059668485045,0.30779665223225633,-0.0006296598848504198,0.0001565579808779753
3365.174,0.3076355435,0.30801638360235295,0.307604375036068,-0.00038084010235295285,0.0001565163597158501
3365.656,0.3074844018,0.30783148091792223,0.3074114832631486,-0.00034707911792225543,0.00015647476613441405
3366.139,0.3075422,0.307645510354514,0.3072175836969914,-0.00010331035451399684,0.00015643311390097422
3366.621,0.3076617227,0.3074592494857388,0.30702348812955216,0.00020247321426120068,0.00015639157546377716
3367.103,0.3074717682,0.3072723215190293,0.3068288046429276,0.00019944668097071627,0.00015635006453304135
3367.585,0.30750221910000003,0.3070847340272508,0.3066335421672636,0.0004174850727492463,0.0001563085810840935
3368.067,0.307225476,0.3068964946213425,0.3064377096572396,0.0003289813786575002,0.0001562671250922955
3368.549,0.3074277223,0.30670761095015253,0.30624131609166033,0.0007201113498474521,0.0001562256965330279
3369.031,0.3073942518,0.3065180907002736,0.30604437047305333,0.0008761610997264357,0.0001561842953817054
3369.513,0.3071003007,0.30632794159587007,0.3058468818272555,0.0007723591041299271,0.0001561429216137692
3369.996,0.30689924420000003,0.3061367749694964,0.3056484478189093,0.0007624692305036596,0.00015610148945217344
3370.478,0.3069731276,0.3059453902137055,0.30544989920787713,0.001027737386294525,0.0001560601704341219
3370.96,0.30700931189999997,0.30575340001588025,0.30525083480184145,0.0012559118841197203,0.00015601887872588905
3371.442,0.3069751538,0.30556081224879916,0.3050512637158391,0.0014143415512008484,0.0001559776143030258
3371.924,0.306908573,0.3053676348219194,0.3048511950861668,0.0015409381780805975,0.0001559363771411117
3372.406,0.3069296786,0.30517387568118826,0.3046506380699656,0.001755802918811722,0.00015589516721575074
3372.888,0.3068281441,0.30497954280885275,0.3044496018448092,0.0018486012911472227,0.00015585398450257206
3373.37,0.3066127324,0.3047846442232643,0.3042480956082888,0.0018280881767356871,0.00015581282897723857
3373.853,0.3067103635,0.30458878189372085,0.30404570908626993,0.002121581606279177,0.00015577161531510605
3374.335,0.3065786671,0.30439277494835476,0.30384328957055384,0.002185892151645219,0.00015573051414883058
3374.817,0.3065880958,0.30419622657631423,0.3036404277714059,0.002391869223685783,0.00015568944009749247
3375.299,0.3063690737,0.3039991449384304,0.30343713296235814,0.0023699287615696063,0.00015564839313685912
3375.781,0.3063302414,0.30380153823061234,0.3032334144348696,0.002528703169387636,0.00015560737324272616
3376.263,0.3064015893,0.3036034146836395,0.30302928149791203,0.002798174616360505,0.0001555663803909181
3376.745,0.3063473004,0.30340478256293735,0.30282474347754473,0.0029425178370626748,0.0001555254145572818
3377.227,0.3063851231,0.30320565016836026,0.30261980971649693,0.0031794729316397263,0.00015548447571769533
3377.709,0.306276111,0.30300602583396546,0.3024144895737456,0.003270085166034553,0.00015544356384806498
3378.192,0.3060745139,0.3028055022693036,0.30220836528113315,0.003269011630696428,0.00015540259412881845
3378.674,0.3062279875,0.3026049182160355,0.3020022997618604,0.0036230692839644973,0.00015536173618274182
3379.156,0.30635227919999997,0.3024038674455718,0.3017958760505979,0.003948411754428172,0.00015532090513444458
3379.638,0.3063483086,0.3022023584265315,0.30158910356711177,0.004145950173468527,0.00015528010095993607
3380.12,0.30608261989999996,0.3020003996605604,0.3013819917452965,0.004082220239439549,0.00015523932363525176
3380.602,0.30609099019999997,0.30179799968208487,0.30117455003275123,0.004292990517915096,0.00015519857313645992
3381.084,0.3060234027,0.30159516705806155,0.3009667878903506,0.004428235641938449,0.0001551578494396513
3381.566,0.3059259024,0.30139191038772706,0.30075871479182426,0.004533992012272947,0.00015511715252094273
3382.049,0.3060739038,0.3011878153203261,0.3005499076041508,0.004886088479673867,0.00015507639800634222
3382.531,0.3058995607,0.30098373564804537,0.3003412404679569,0.004915825051954648,0.00015503575462773165
3383.013,0.3060178362,0.30077925793631616,0.30013229088939974,0.005238578263683846,0.0001549951379556862
3383.495,0.3059850782,0.30057439091095106,0.29992306838936367,0.005410687289048921,0.00015495454796643336
3383.977,0.30588766110000004,0.30036914332871967,0.2997135824994442,0.0055185177712803735,0.00015491398463622302
3384.459,0.30589662440000004,0.30016352397707646,0.29950384276152087,0.005733100422923576,0.00015487344794133271
3384.941,0.3058024543,0.29995754167388033,0.2992938587273255,0.0058449126261196915,0.00015483293785806843
3385.423,0.30566034999999997,0.29975120526711396,0.29908363995801535,0.005909144732886007,0.00015479245436275847
3385.906,0.305736976,0.29954409448184266,0.2988727591906527,0.006192881518157334,0.00015475191352381674
3386.387,0.3056850271,0.29933750568369605,0.2986625365032139,0.006347521416303958,0.0001547115670414596
3386.87,0.3055753779,0.2991297298398964,0.29845123329547046,0.006445648060103615,0.000154671079370347
3387.352,0.3055909186,0.29892206543977273,0.2982401709731825,0.0066688531602272505,0.00015463070204563354
3387.834,0.3054828585,0.29871409163638696,0.2980289218677844,0.006768766863613052,0.00015459035119087263
3388.316,0.3056904939,0.2985058174523815,0.2978174955879468,0.007184676447618499,0.00015455002678255465
3388.798,0.3055147487,0.2982972519384408,0.2976059017487471,0.0072174967615591945,0.00015450972879719446
3389.28,0.30534239809999997,0.29808840417297733,0.2973941499712367,0.0072539939270226395,0.00015446945721133128
3389.762,0.3053649179,0.29787928326181684,0.2971822498820081,0.007485634638183136,0.00015442921200153206
3390.244,0.30542099570000003,0.29766989833787844,0.2969702111127659,0.007751097362121595,0.00015438899314439202
3390.727,0.3054241042,0.2974598233650001,0.2967576029902511,0.007964280834999893,0.00015434871725689153
3391.209,0.30541811760000004,0.2972499374208891,0.29654531553666447,0.008168180179110918,0.00015430855108949904
3391.691,0.3051784596,0.2970398150411899,0.2963329183445187,0.008138644558810082,0.00015426841120465056
3392.173,0.3050957558,0.29682946546396394,0.2961204210616352,0.008266290336036042,0.00015422829757904126
3392.655,0.3052148424,0.29661889795270646,0.29590783333878096,0.008595944447293558,0.0001541882101893931
3393.137,0.305137064,0.29640812179600373,0.2956951648292376,0.008728942203996282,0.00015414814901245727
3393.619,0.3048551247,0.296197146307182,0.2954824251883631,0.008657978392817955,0.00015410811402500506
3394.101,0.305087363,0.2959859808239599,0.2952696240731634,0.009101382176040118,0.00015406810520383885
3394.583,0.3050320454,0.2957746347080914,0.295056771141857,0.009257410691908607,0.00015402812252578323
3395.066,0.3050660227,0.29556267834081595,0.2948434343252672,0.00950334435918404,0.0001539880830974023
3395.548,0.3051562765,0.2953509988132924,0.2946305066817103,0.00980527768670758,0.00015394815269026557
3396.03,0.3049985792,0.29513916689858066,0.2944175562196929,0.009859412301419346,0.00015390824835682655
3396.512,0.3050206116,0.29492719205099505,0.2942045925979566,0.010093419549004945,0.0001538683700740065
3396.994,0.30498955980000003,0.29471508374704947,0.29399162547429003,0.010274476052950565,0.00015382851781876473
3397.476,0.3050559833,0.29450285148508104,0.2937786645050988,0.010553131814918959,0.00015378869156807922
3397.958,0.3047652448,0.2942905047848636,0.29356571934496967,0.010474740015136375,0.00015374889129895537
3398.44,0.3049793826,0.2940780531872266,0.2933527996462422,0.010901329412773442,0.00015370911698842256
3398.923,0.3047570502,0.29386506519245953,0.293139473432495,0.010891985007540461,0.0001536692861749749
3399.405,0.30483663450000004,0.2936524323367813,0.29292663370531313,0.011184202163218748,0.00015362956376655751
3399.887,0.3046562579,0.29343972334849777,0.2927138483987353,0.011216534551502233,0.00015358986724792791
3400.369,0.3049497135,0.2932269478487446,0.2925011271517771,0.011722765651255407,0.0001535501965962192
3400.851,0.304603246,0.29301411547771505,0.2922884795990436,0.01158913052228494,0.00015351055178858876
3401.333,0.304624901,0.2928012358942534,0.2920759153703017,0.011823665105746617,0.00015347093280221907
3401.815,0.3045434348,0.2925883187754385,0.2918634440900467,0.011955116024561507,0.0001534313396143179
3402.297,0.30454991540000004,0.2923753738161701,0.291651075377077,0.012174541583829912,0.00015339177220212062
3402.78,0.3043739454,0.29216196888451107,0.29143837860108107,0.012211976515488943,0.0001533521485329985
3403.262,0.3042984361,0.29194899739088453,0.2912262441167648,0.012349438709115479,0.00015331263265736387
3403.744,0.304353309,0.29173602726440273,0.29101424103752854,0.012617281735597285,0.00015327314248923332
3404.226,0.304103199,0.29152306826701,0.2908023789550541,0.01258013073298997,0.00015323367800594155
3404.708,0.3043790194,0.29131013017632157,0.2905906674531777,0.013068889223678437,0.00015319423918484933
3405.19,0.304146401,0.2910972227851778,0.2903791161074579,0.01304917821482221,0.00015315482600333758
3405.672,0.3042346463,0.2908843559012033,0.29016773448475136,0.013350290398796705,0.00015311543843881707
3406.154,0.3042641098,0.2906715393463556,0.28995653214278366,0.013592570453644426,0.0001530760764687195
3406.636,0.3042337469,0.2904587829564736,0.289745518629724,0.013774963943526397,0.00015303674007050534
3407.119,0.3042507972,0.29024565540239927,0.28953426632075113,0.014005141797600706,0.0001529973476904234
3407.601,0.30433821250000004,0.2900330490791807,0.28932365951087025,0.014305163420819333,0.0001529580624213853
3408.083,0.3042751899,0.28982053252764495,0.2891132701325372,0.014454657372355073,0.00015291880265671002
3408.565,0.3043001076,0.28960811563457445,0.28890310769141253,0.014691991965425533,0.00015287956837395185
3409.047,0.3041685956,0.2893958082983119,0.2886931816814742,0.014772787301688073,0.00015284035955069765
3409.529,0.3040802714,0.28918362042828283,0.2884835015845928,0.014896650971717162,0.00015280117616455104
3410.011,0.3041308771,0.2889715619445183,0.28827407687011064,0.01515931515548169,0.000152762018193145
3410.493,0.304118724,0.2887596427771706,0.2880649169944173,0.015359081222829418,0.00015272288561413695
3410.976,0.3041175302,0.28854743367141766,0.2878555983195884,0.015570096528582322,0.00015268369729627636
3411.458,0.3038468695,0.2883358233060622,0.2876469970351365,0.015511046193937783,0.0001526446154876988
3411.94,0.30379307440000003,0.28812438212409597,0.2874386888962425,0.01566869227590406,0.00015260555900458868
3412.422,0.3037884176,0.28791312009127334,0.2872306833032527,0.015875297508726682,0.00015256652782470384
3412.904,0.3037960401,0.287702047181001,0.28702298964146056,0.01609399291899899,0.00015252752192582318
3413.386,0.3036732614,0.28749117337383023,0.2868156172806871,0.016182088026169772,0.00015248854128574986
3413.868,0.3036777225,0.2872805086569544,0.28660857557486863,0.0163972138430456,0.00015244958588231137
3414.35,0.3035574169,0.2870700630236913,0.2864018738616346,0.016487353876308675,0.00015241065569336233
3414.833,0.3035013591,0.286859410584119,0.28619509371445107,0.016641948515880967,0.0001523716700071905
3415.314,0.3033865175,0.28664986900882067,0.2859895276794291,0.01673664849117934,0.00015233287087046413
3415.797,0.3034141703,0.2864397057846131,0.28578347557962136,0.016974464515386922,0.0001522939356071024
3416.279,0.30352967540000003,0.28623023707140643,0.28557822766455687,0.017299438328593597,0.00015225510610722797
3416.761,0.3033849459,0.28602103750294283,0.2853733661903219,0.01736390839705715,0.0001522163017114269
3417.243,0.3033556802,0.28581211709837023,0.2851689003879867,0.017543563101629744,0.00015217752239769512
3417.725,0.303328941,0.2856034858792813,0.2849648394694222,0.017725455120718714,0.00015213876814405565
3418.207,0.3035284781,0.2853951538691804,0.2847611926268975,0.018133324230819592,0.00015210003892855546
3418.689,0.3034475791,0.2851871310929355,0.2845579690326644,0.0182604480070645,0.00015206133472926657
3419.171,0.3033278124,0.28497942757623707,0.2843551778385553,0.018348384823762942,0.00015202265552428086
3419.654,0.30326660839999997,0.2847716234572978,0.28415240882828696,0.018494984942702186,0.0001519839211221622
3420.136,0.3033959569,0.28456458925168354,0.28395051075059596,0.018831367648316444,0.00015194529189191104
3420.618,0.3032040688,0.2843579044029043,0.28374907242076586,0.018846164397095688,0.00015190668759034842
3421.1,0.3033991013,0.28415157893441156,0.28354810290484084,0.01924752236558841,0.00015186810819566599
3421.582,0.30346615650000003,0.2839456228677022,0.28334761124642016,0.019520533632297832,0.0001518295536860788
3422.064,0.3031255587,0.28374004622175414,0.28314760646625725,0.01938551247824588,0.0001517910240398242
3422.546,0.3032471805,0.2835348590124584,0.28294809756185807,0.019712321487541595,0.00015175251923516662
3423.028,0.302958112,0.2833300712520511,0.2827490935070843,0.019628040747948883,0.00015171403925039087
3423.51,0.3030116033,0.2831256929485384,0.28255060325175274,0.01988591035146159,0.00015167558406380683
3423.993,0.3031401556,0.2829213113969583,0.28235222554977224,0.020218844203041708,0.00015163707394834746
3424.475,0.3031308626,0.28271778291283656,0.28215479075681216,0.020413079687163438,0.00015159866834450988
3424.957,0.3029602474,0.28251469389920636,0.28195789648290925,0.020445553500793634,0.00015156028747389435
3425.439,0.30315804199999996,0.28231205434135864,0.2817615515776962,0.02084598765864132,0.0001515219313149035
3425.921,0.3029607656,0.28210987421744593,0.2815657648647878,0.020850891382554082,0.00015148359984596757
3426.403,0.3028244719,0.2819081634978966,0.2813705451413917,0.0209163084021034,0.00015144529304553814
3426.885,0.30307376090000004,0.28170693214482,0.281175901177918,0.021366828755180034,0.00015140701089209164
3427.367,0.3028819444,0.28150619011141165,0.28098184171759,0.021375754288588344,0.0001513687533641256
3427.85,0.3031720975,0.2813055324258037,0.28078797471649664,0.02186656507419632,0.00015133044114430588
3428.332,0.3028959478,0.2811057999194287,0.2805951116392351,0.02179014788057132,0.00015129223285387686
3428.814,0.3030081491,0.2809065865534295,0.28040285914574803,0.02210156254657053,0.00015125404912452335
3429.296,0.3028284928,0.28070790223933273,0.28021122586659697,0.022120590560667286,0.000151215889934841
3429.778,0.30296163530000003,0.28050975687674323,0.2800202204032358,0.0224518784232568,0.0001511777552634438
3430.26,0.3027574651,0.28031216035273265,0.2798298513276276,0.02244530474726736,0.00015113964508897202
3430.742,0.3027686928,0.2801151225412325,0.27964012718186926,0.02265357025876752,0.000151101559390093
3431.224,0.3028566406,0.27991865330241605,0.27945105647780877,0.02293798729758395,0.00015106349814548837
3431.707,0.3026437948,0.27972235667768447,0.2792622575010209,0.022921438122315507,0.00015102538244470806
3432.189,0.3026415541,0.27952705533730254,0.2790745204926187,0.023114498762697444,0.00015098737009543493
3432.671,0.30249990709999997,0.27933235208178114,0.27888746229366546,0.02316755501821882,0.00015094938213659377
3433.153,0.30262924080000003,0.27913825671006653,0.2787010912912107,0.023490984089933498,0.00015091141854696552
3433.635,0.3029076478,0.2789447790042531,0.27851541584019146,0.02396286879574694,0.00015087347930535123
3434.117,0.3025674752,0.2787519287289601,0.27833044426306375,0.023815546471039895,0.00015083556439057674
3434.599,0.3027599927,0.27855971563070187,0.27814618484943116,0.024200277069298115,0.0001507976737814907
3435.081,0.302475933,0.2783681494372638,0.27796264585568436,0.024107783562736185,0.00015075980745696716
3435.563,0.3025071031,0.27817723985706866,0.277779835504632,0.02432986324293135,0.00015072196539589832
3436.046,0.302658914,0.27798660258227914,0.27759738501084696,0.02467231141772086,0.00015068406914218533
3436.528,0.302663923,0.2777970366857029,0.2774160580315471,0.02486688631429712,0.00015064627559503458
3437.01,0.3027116472,0.2776081564251506,0.27723548417508237,0.025103490774849413,0.0001506085062481215
3437.492,0.30265598239999997,0.2774199714252298,0.27705567152625654,0.025236010974770184,0.0001505707610804277
3437.974,0.3025755971,0.27723249128801886,0.2768766281344981,0.025343105811981126,0.00015053304007096825
3438.456,0.3027228092,0.27704572559242424,0.27669836201349973,0.025677083607575757,0.00015049534319877005
3438.938,0.3028556598,0.27685968389354526,0.27652088114087037,0.02599597590645475,0.00015045767044289323
3439.42,0.3029950462,0.2766743757220309,0.2763441934577801,0.0263206704779691,0.0001504200217824141
3439.903,0.3027026249,0.27648942844717594,0.2761679427968752,0.02621319645282405,0.00015038231916213743
3440.385,0.3028655521,0.27630561739240145,0.2759928668553739,0.026559934707598543,0.00015034471867966117
3440.867,0.3030100151,0.27612256832341353,0.2758186077210165,0.026887446776586443,0.0001503071422299101
3441.349,0.3030214854,0.2759402906665879,0.2756451731856666,0.02708119473341214,0.00015026958979205183
3441.831,0.30283764080000003,0.2757587938206345,0.2754725710030177,0.027078846979365523,0.000150232061345282
3442.313,0.30313335599999996,0.27557808715595145,0.2753008088882529,0.02755526884404852,0.0001501945568688099
3442.795,0.3029983781,0.2753981800139828,0.275129894517707,0.027600198086017214,0.00015015707634187606
3443.277,0.3028936151,0.2752190817065684,0.2749598355285279,0.027674533393431622,0.00015011961974373844
3443.76,0.3029624429,0.27504043249623455,0.2747902893915872,0.027922010403765463,0.00015008210941733514
3444.241,0.3028619341,0.2748633486908665,0.2746223140449142,0.027998585409133525,0.00015004477825100257
3444.724,0.30290088919999997,0.2746863669046976,0.2744545201424748,0.028214522295302358,0.0001500073157777218
3445.206,0.3027953312,0.2745105982034393,0.274287960099743,0.028284732996560702,0.0001499699547372645
3445.688,0.3029973362,0.27433568444819917,0.2741222930400192,0.028661651751800854,0.0001499326175221953
3446.17,0.30297568729999996,0.2741616347595344,0.2739575263582621,0.02881405254046554,0.00014989530411190877
3446.652,0.30291568879999997,0.27398845822386597,0.2737936674079322,0.028927230576134,0.0001498580144858189
3447.134,0.30273672560000003,0.2738161638928283,0.2736307235006702,0.02892056170717172,0.00014982074862336653
3447.616,0.3026490902,0.2736447607826227,0.27346870190597616,0.02900432941737735,0.00014978350650401108
3448.098,0.3027483183,0.27347425787336865,0.27330760985088975,0.029274060426631332,0.00014974628810723742
3448.581,0.30265646079999997,0.2733043132054117,0.27314712322588697,0.029352147594588263,0.00014970901626975723
3449.063,0.3025725164,0.27313563940476193,0.27298791372533804,0.02943687699523806,0.00014967184530579637
3449.545,0.302682054,0.272967892540825,0.27282965520228436,0.029714161459174993,0.00014963469800295632
3450.027,0.3023852949,0.27280108144284604,0.27267235471068973,0.02958421345715395,0.0001495975743408104
3450.509,0.3028024862,0.2726352149007566,0.27251601926049496,0.030167271299243403,0.00014956047429895224
3450.991,0.3026744643,0.2724703016645289,0.2723606558173091,0.0302041626354711,0.0001495233978569995
3451.473,0.3026916167,0.2723063504435316,0.2722062713021065,0.030385266256468424,0.00014948634499458962
3451.955,0.30260157,0.2721433699058875,0.2720528725909236,0.030458200094112486,0.00014944931569138125
3452.438,0.3026273665,0.27198103359965065,0.27190015135593454,0.03064633290034935,0.00014941223317607014
3452.92,0.30252678,0.2718200223233541,0.2717487467801545,0.03070675767664588,0.00014937525097910974
3453.402,0.3026085118,0.27166000749856256,0.2715983483778139,0.03094850430143742,0.0001493382922804246
3453.884,0.3026044839,0.27150099762191415,0.2714489628421166,0.031103486278085846,0.00014930135705976168
3454.366,0.302675431,0.2713430011455996,0.2713005968198449,0.03133242985440038,0.00014926444529689007
3454.848,0.3024801888,0.2711860264767276,0.27115325691107073,0.03129416232327237,0.00014922755697160397
3455.33,0.3025487284,0.27103008197668854,0.2710069496688665,0.03151864642331148,0.0001491906920637153
3455.812,0.3027464581,0.2708751759605238,0.2708616815990218,0.03187128213947621,0.00014915385055306002
3456.294,0.3024448073,0.2707213166962915,0.27071745915975626,0.03172349060370849,0.00014911703241949514
3456.777,0.3027227376,0.27056819648540276,0.2705739928254335,0.03215454111459726,0.0001490801613294572
3457.259,0.3026922979,0.2704164575522896,0.27043188303274623,0.032275840347710416,0.0001490433899381289
3457.741,0.3024805193,0.2702657899039035,0.2702908379701343,0.032214729396096486,0.00014900664186355387
3458.223,0.302614841,0.2701162016139903,0.27015086390265086,0.03249863938600972,0.00014896991708567426
3458.705,0.3026438082,0.2699677007061817,0.27001196704639485,0.032676107493818274,0.00014893321558445753
3459.187,0.3024978767,0.2698202951533747,0.2698741535682405,0.03267758154662531,0.0001488965373398883
3459.669,0.3027048761,0.26967399287711447,0.26973742958556945,0.033030883222885554,0.0001488598823319793
3460.151,0.3027144105,0.26952880174697663,0.26960180116600385,0.03318560875302334,0.00014882325054075806
3460.634,0.3028039476,0.2693844318435993,0.2694669963750565,0.03341951575640073,0.0001487865660189363
3461.116,0.30271986770000003,0.2692414887491403,0.26933357938820446,0.033478378950859755,0.0001487499806493353
3461.598,0.3025931407,0.2690996801075427,0.2692012758783712,0.03349346059245728,0.00014871341843660183
3462.08,0.30249708340000003,0.268959013574288,0.26907009171142504,0.03353806982571206,0.0001486768793608537
3462.562,0.30249945300000003,0.26881949674984584,0.26894003270217826,0.033679956250154186,0.000148640363402228
3463.044,0.3026143723,0.26868113717907705,0.26881110461413915,0.033933235120922944,0.0001486038705408839
3463.526,0.3027124757,0.26854394235063167,0.26868331315925675,0.03416853334936831,0.00014856740075700454
3464.008,0.3027369969,0.2684079196963576,0.26855666399767736,0.03432907720364242,0.00014853095403078852
3464.49,0.302741863,0.26827307659070815,0.26843116273749723,0.03446878640929185,0.00014849453034246
3464.973,0.30272138120000003,0.2681391442938368,0.2683065581543694,0.034582236906163244,0.00014845805417611663
3465.455,0.3026406386,0.2680066846612188,0.2681833717220369,0.034633953938781215,0.0001484216765520134
3465.937,0.3026127997,0.26787542636522627,0.2680613497119365,0.034737373334773725,0.00014838532190655635
3466.419,0.3024678381,0.26774537654476127,0.26794049752145477,0.034722461555238726,0.00014834899022005276
3466.901,0.3027755659,0.2676165422784192,0.267820820494737,0.0351590236215808,0.00014831268147282912
3467.383,0.3027070792,0.26748893058392353,0.2677023239224606,0.03521814861607647,0.00014827639564523833
3467.865,0.3026835503,0.26736254841755325,0.267585013041603,0.035321001882446745,0.00014824013271765358
3468.347,0.3026442421,0.26723740267357965,0.2674688930352174,0.03540683942642037,0.00014820389267046686
3468.83,0.3027908021,0.26711324442166523,0.2673537318474389,0.03567755767833475,0.0001481676003684488
3469.312,0.30256381099999996,0.2669905945548764,0.2672400114194444,0.03557321644512357,0.00014813140607068727
3469.794,0.3028142638,0.2668692014295194,0.26712749709967065,0.03594506237048056,0.0001480952345945852
3470.276,0.3028718571,0.26674907168614226,0.26701619385314945,0.036122785413857716,0.0001480590859206235
3470.758,0.3027509383,0.2666302119005219,0.2669061065898949,0.03612072639947811,0.00014802296002929596
3471.24,0.3026087078,0.2665126285831273,0.266797240164693,0.03609607921687269,0.00014798685690112448
3471.722,0.3027113461,0.2663963281785806,0.2666895993768915,0.03631501792141939,0.00014795077651664573
3472.204,0.30274010090000003,0.26628131706512925,0.2665831889701969,0.03645878383487078,0.00014791471885642306
3472.687,0.3028689975,0.2661673669809372,0.2664777967134458,0.03670163051906283,0.000147878609163307
3473.168,0.30277124969999997,0.2660551878894597,0.2663740779955157,0.03671606181054027,0.00014784267163108853
3473.651,0.3025081487,0.2659438531014362,0.26627117487885626,0.03656429559856378,0.00014780660738352013
3474.133,0.3029377965,0.2658340643216712,0.2661697349092325,0.0371037321783288,0.00014777064047330357
3474.615,0.3029114184,0.2657255957227651,0.26606954820676143,0.037185822677234914,0.00014773469619041454
3475.097,0.3028555682,0.2656184532736595,0.26597061917698683,0.037237114926340464,0.00014769877451554023
3475.579,0.3029794265,0.26551264287332876,0.265872952168438,0.03746678362667122,0.00014766287542938698
3476.061,0.3028833749,0.2654081703502861,0.2657765514724438,0.037475204549713925,0.00014762699891267899
3476.543,0.30288070770000003,0.26530504146209577,0.2656814213229489,0.03757566623790426,0.0001475911449461655
3477.025,0.3027870151,0.2652032618948903,0.26558756589633536,0.037583753205109705,0.00014755531351061382
3477.508,0.303027035,0.26510263032533954,0.2654947985758167,0.03792440467466046,0.00014751943031782684
3477.99,0.302999792,0.26500356899866323,0.26540350755877073,0.03799622300133676,0.00014748364393322799
3478.472,0.3030179326,0.26490587362929174,0.26531350345484445,0.03811205897070824,0.00014744788002197777
3478.954,0.30295656,0.2648095496127507,0.26522479020829093,0.03814701038724927,0.000147412138564926
3479.436,0.3029455712,0.2647146022707955,0.2651373717049348,0.03823096892920447,0.0001473764195429416
3479.918,0.3028664425,0.26462103685096217,0.26505125177200883,0.038245405649037834,0.0001473407229369176
3480.4,0.3032706848,0.26452885852612207,0.2649664341779919,0.038741826273877955,0.00014730504872776447
3480.882,0.3031780214,0.2644380723940428,0.26488292263244917,0.038739949005957175,0.00014726939689641336
3481.365,0.3031011243,0.2643484994786141,0.2648005516065539,0.03875262482138592,0.000147233693526977
3481.847,0.3032411606,0.26426051563691894,0.2647196657785791,0.03898064496308107,0.00014719808644043385
3482.329,0.3033916909,0.26417393883638285,0.2646400967800031,0.03921775206361716,0.00014716250167457132
3482.811,0.303256178,0.264088773869923,0.2645618480830719,0.039167404130076966,0.00014712693921040164
3483.293,0.3033704626,0.26400502545324456,0.26448492310036,0.039365437146755444,0.00014709139902895703
3483.775,0.3033077083,0.26392269822443637,0.26440932518462745,0.03938501007556361,0.0001470558811112918
3484.257,0.3035373252,0.2638417967435756,0.2643350576286795,0.03969552845642438,0.00014702038543847935
3484.739,0.3032339956,0.2637623254923352,0.2642621236652277,0.03947167010766478,0.000146984911991615
3485.221,0.30362827070000004,0.26368428887360035,0.26419052646675534,0.03994398182639969,0.0001469494607518118
3485.704,0.3033391554,0.2636075337935264,0.2641201247782323,0.03973162160647359,0.00014691395821899662
3486.186,0.3035096288,0.2635323823299709,0.2640512131748838,0.03997724647002909,0.0001468785513827116
3486.668,0.30359951550000003,0.26345867823965763,0.26398364749742403,0.0401408372603424,0.00014684316669691104
3487.15,0.30343075259999996,0.2633864256064367,0.26391743067599716,0.04004432699356325,0.00014680780414278854
3487.632,0.3034528533,0.26331562843354606,0.2638525655798838,0.040137224866453936,0.00014677246370156023
3488.114,0.3032603183,0.2632462906432638,0.2637890550173806,0.04001402765673617,0.00014673714535445902
3488.596,0.3034189948,0.2631784160765719,0.26372690173568497,0.04024057872342812,0.00014670184908274205
3489.078,0.3033728209,0.2631120084928227,0.2636661084207817,0.04026081240717733,0.0001466665748676797
3489.561,0.3034472094,0.2630469383767633,0.26360655581527304,0.04040027102323668,0.0001466312495761665
3490.043,0.3032633774,0.2629834787711287,0.2635484930813977,0.04027989862887127,0.000146596019463986
3490.525,0.3034922765,0.262921496940714,0.263491798009024,0.04057077955928601,0.00014656081135236315
3491.007,0.3036864723,0.26286099631500726,0.26343647303807666,0.040825475984992754,0.00014652562522265574
3491.489,0.3034423332,0.26280198024031565,0.2633825205467427,0.04064035295968438,0.00014649046105623831
3491.971,0.3036871272,0.26274445197947305,0.2633299428513729,0.04094267522052697,0.00014645531883450094
3492.453,0.3036206911,0.2626884147115597,0.26327874220638825,0.040932276388440325,0.0001464201985388587
3492.935,0.3036812846,0.2626338715316252,0.26322892080418836,0.04104741306837478,0.00014638510015074551
3493.417,0.30372941470000003,0.2625808254504225,0.26318048077506345,0.04114858924957754,0.00014635002365161315
3493.9,0.3039575782,0.26252917401337805,0.26313332799881717,0.04142840418662197,0.00014631489631821137
3494.382,0.3038042254,0.262479133944287,0.26308765973426107,0.041325091455713,0.00014627986358679547
3494.864,0.3040941521,0.2624305995034635,0.26304337886411644,0.041663552596536535,0.00014624485268879933
3495.346,0.30393134369999997,0.2623835733617619,0.26300048726927566,0.04154777033823809,0.00014620986360575612
3495.828,0.3038617964,0.2623380581045106,0.262958986768121,0.04152373829548939,0.00014617489631921327
3496.31,0.304146948,0.26229405623128826,0.2629188791164525,0.04185289176871171,0.00014613995081074287
3496.792,0.30384819360000004,0.26225157015570755,0.2628801660074188,0.04159662344429249,0.0001461050270619371
3497.274,0.3041747813,0.26221060220520837,0.26284284907145194,0.04196417909479161,0.00014607012505440237
3497.757,0.30432879679999997,0.26217107436131937,0.2628068568090521,0.0421577224386806,0.00014603517242660515
3498.239,0.3040861629,0.26213315245854796,0.2627723397638503,0.041953010441452054,0.0001460003138915354
3498.721,0.3038128402,0.26209675514836756,0.26273922340901407,0.041716085051632434,0.00014596547704264789
3499.203,0.3042178618,0.2620618844114147,0.26270750912337065,0.042155977388585286,0.00014593066186162956
3499.685,0.3041385493,0.2620285421412261,0.26267719822274194,0.04211000715877389,0.00014589586833018634
