wavenumber_cm-1,angle_deg,third_beam_ratio_percent
2500.257,10.0,1.0320426153228776e-07
2500.739,10.0,1.0303510339727546e-07
2501.221,10.0,1.0286625989795909e-07
2501.703,10.0,1.0269773037832227e-07
2502.186,10.0,1.0252916551288265e-07
2502.668,10.0,1.0236126263871191e-07
2503.15,10.0,1.0219367178397167e-07
2503.632,10.0,1.020263922987009e-07
2504.114,10.0,1.0185942353446424e-07
2504.596,10.0,1.0169276484430996e-07
2505.078,10.0,1.0152641558277974e-07
2505.56,10.0,1.0136037510592245e-07
2506.042,10.0,1.0119464277124479e-07
2506.525,10.0,1.0102887505191593e-07
2507.007,10.0,1.0086375771610536e-07
2507.489,10.0,1.0069894660260483e-07
2507.971,10.0,1.0053444107487713e-07
2508.453,10.0,1.0037024049781565e-07
2508.935,10.0,1.0020634423778979e-07
2509.417,10.0,1.0004275166263231e-07
2509.899,10.0,9.987946214164311e-08
2510.382,10.0,9.971613721198922e-08
2510.864,10.0,9.955345253847608e-08
2511.346,10.0,9.93910690344045e-08
2511.828,10.0,9.92289860748413e-08
2512.31,10.0,9.906720303633658e-08
2512.792,10.0,9.890571929682859e-08
2513.274,10.0,9.874453423570953e-08
2513.756,10.0,9.85836472337937e-08
2514.239,10.0,9.842272480873357e-08
2514.721,10.0,9.826243268856296e-08
2515.203,10.0,9.81024367773043e-08
2515.685,10.0,9.794273646146902e-08
2516.167,10.0,9.77833311289513e-08
2516.649,10.0,9.762422016906107e-08
2517.131,10.0,9.746540297251979e-08
2517.613,10.0,9.730687893143506e-08
2518.095,10.0,9.714864743932773e-08
2518.578,10.0,9.699038051873655e-08
2519.06,10.0,9.683273291447618e-08
2519.542,10.0,9.667537604680995e-08
2520.024,10.0,9.651830931479598e-08
2520.506,10.0,9.636153211887353e-08
2520.988,10.0,9.620504386085654e-08
2521.47,10.0,9.604884394392722e-08
2521.952,10.0,9.589293177264369e-08
2522.435,10.0,9.573698417750952e-08
2522.917,10.0,9.558164631053074e-08
2523.399,10.0,9.542659440979588e-08
2523.881,10.0,9.527182788530059e-08
2524.363,10.0,9.511734614838097e-08
2524.845,10.0,9.496314861173455e-08
2525.327,10.0,9.48092346893996e-08
2525.809,10.0,9.465560379674084e-08
2526.292,10.0,9.450193749336754e-08
2526.773,10.0,9.434918876863285e-08
2527.256,10.0,9.419608678066346e-08
2527.738,10.0,9.404358276892842e-08
2528.22,10.0,9.38913588825373e-08
2528.702,10.0,9.373941454483676e-08
2529.184,10.0,9.35877491804906e-08
2529.666,10.0,9.343636221548383e-08
2530.148,10.0,9.328525307710146e-08
2530.63,10.0,9.313442119394841e-08
2531.113,10.0,9.298355392795359e-08
2531.595,10.0,9.283327541852043e-08
2532.077,10.0,9.268327245672894e-08
2532.559,10.0,9.253354447638382e-08
2533.041,10.0,9.238409091257842e-08
2533.523,10.0,9.22349112016751e-08
2534.005,10.0,9.208600478133569e-08
2534.487,10.0,9.193737109050603e-08
2534.969,10.0,9.1789009569398e-08
2535.452,10.0,9.164061270097766e-08
2535.934,10.0,9.149279440683472e-08
2536.416,10.0,9.134524660954383e-08
2536.898,10.0,9.11979687544149e-08
2537.38,10.0,9.105096028800617e-08
2537.862,10.0,9.090422065813914e-08
2538.344,10.0,9.075774931388881e-08
2538.826,10.0,9.061154570557092e-08
2539.309,10.0,9.046530678948871e-08
2539.791,10.0,9.031963756167097e-08
2540.273,10.0,9.017423442714257e-08
2540.755,10.0,9.002909684120211e-08
2541.237,10.0,8.988422426039808e-08
2541.719,10.0,8.973961614251536e-08
2542.201,10.0,8.959527194656623e-08
2542.683,10.0,8.945119113278447e-08
2543.166,10.0,8.930707505796117e-08
2543.648,10.0,8.91635199377853e-08
2544.13,10.0,8.902022658672045e-08
2544.612,10.0,8.88771944698894e-08
2545.094,10.0,8.873442305362465e-08
2545.576,10.0,8.859191180547715e-08
2546.058,10.0,8.844966019418795e-08
2546.54,10.0,8.830766768972143e-08
2547.022,10.0,8.816593376321723e-08
2547.505,10.0,8.80241646364986e-08
2547.987,10.0,8.78829468179252e-08
2548.469,10.0,8.774198599686757e-08
2548.951,10.0,8.76012816492488e-08
2549.433,10.0,8.746083325218926e-08
2549.915,10.0,8.732064028398574e-08
2550.397,10.0,8.718070222411435e-08
2550.879,10.0,8.704101855322078e-08
2551.362,10.0,8.69012997432341e-08
2551.844,10.0,8.676212382204726e-08
2552.326,10.0,8.662320073776515e-08
2552.808,10.0,8.648452997571427e-08
2553.29,10.0,8.634611102239416e-08
2553.772,10.0,8.620794336545773e-08
2554.254,10.0,8.60700264937121e-08
2554.736,10.0,8.593235989712773e-08
2555.219,10.0,8.579465822892765e-08
2555.7,10.0,8.565777549502533e-08
2556.183,10.0,8.552057286946415e-08
2556.665,10.0,8.538390281062005e-08
2557.147,10.0,8.52474804929083e-08
2557.629,10.0,8.511130541315404e-08
2558.111,10.0,8.497537706932432e-08
2558.593,10.0,8.48396949605001e-08
2559.075,10.0,8.470425858691397e-08
2559.557,10.0,8.456906744990754e-08
2560.04,10.0,8.4433841334218e-08
2560.522,10.0,8.429913968509397e-08
2561.004,10.0,8.416468178227537e-08
2561.486,10.0,8.403046713158342e-08
2561.968,10.0,8.389649523996158e-08
2562.45,10.0,8.376276561542783e-08
2562.932,10.0,8.36292777671481e-08
2563.414,10.0,8.349603120536018e-08
2563.896,10.0,8.336302544141804e-08
2564.379,10.0,8.32299847902264e-08
2564.861,10.0,8.309745965746957e-08
2565.343,10.0,8.29651738621617e-08
2565.825,10.0,8.283312692004747e-08
2566.307,10.0,8.270131834793371e-08
2566.789,10.0,8.256974766372154e-08
2567.271,10.0,8.243841438638488e-08
2567.753,10.0,8.230731803598184e-08
2568.236,10.0,8.217618688552621e-08
2568.718,10.0,8.204556344253269e-08
2569.2,10.0,8.191517549211185e-08
2569.682,10.0,8.178502255859699e-08
2570.164,10.0,8.165510416741097e-08
2570.646,10.0,8.15254198450366e-08
2571.128,10.0,8.139596911899593e-08
2571.61,10.0,8.12667515178969e-08
2572.093,10.0,8.113749920928727e-08
2572.575,10.0,8.100874692928633e-08
2573.057,10.0,8.088022636536869e-08
2573.539,10.0,8.0751937050316e-08
2574.021,10.0,8.062387851799e-08
2574.503,10.0,8.049605030328171e-08
2574.985,10.0,8.036845194210173e-08
2575.467,10.0,8.024108297143918e-08
2575.949,10.0,8.011394292928914e-08
2576.432,10.0,7.998676828981508e-08
2576.914,10.0,7.986008519536422e-08
2577.396,10.0,7.973362964866035e-08
2577.878,10.0,7.960740119180111e-08
2578.36,10.0,7.948139936793761e-08
2578.842,10.0,7.93556237212214e-08
2579.324,10.0,7.923007379683688e-08
2579.806,10.0,7.910474914095926e-08
2580.289,10.0,7.897938999093562e-08
2580.771,10.0,7.885451497970149e-08
2581.253,10.0,7.872986388067757e-08
2581.735,10.0,7.860543624407217e-08
2582.217,10.0,7.848123162111839e-08
2582.699,10.0,7.835724956403595e-08
2583.181,10.0,7.823348962605133e-08
2583.663,10.0,7.810995136138306e-08
2584.146,10.0,7.798637871041706e-08
2584.627,10.0,7.786353807379927e-08
2585.11,10.0,7.77404074637377e-08
2585.592,10.0,7.76177519100505e-08
2586.074,10.0,7.749531581467843e-08
2586.556,10.0,7.737309873775294e-08
2587.038,10.0,7.725110024039275e-08
2587.52,10.0,7.712931988468283e-08
2588.002,10.0,7.700775723368496e-08
2588.484,10.0,7.688641185143197e-08
2588.967,10.0,7.67650322239747e-08
2589.449,10.0,7.664412052369343e-08
2589.931,10.0,7.652342478914619e-08
2590.413,10.0,7.640294458823204e-08
2590.895,10.0,7.628267948981486e-08
2591.377,10.0,7.616262906368484e-08
2591.859,10.0,7.604279288061798e-08
2592.341,10.0,7.592317051230991e-08
2592.823,10.0,7.580376153144197e-08
2593.306,10.0,7.568431843804546e-08
2593.788,10.0,7.556533539432997e-08
2594.27,10.0,7.544656446082485e-08
2594.752,10.0,7.532800521398054e-08
2595.234,10.0,7.520965723116934e-08
2595.716,10.0,7.509152009070578e-08
2596.198,10.0,7.497359337183836e-08
2596.68,10.0,7.485587665474693e-08
2597.163,10.0,7.473812594737969e-08
2597.645,10.0,7.462082841160468e-08
2598.127,10.0,7.450373962283717e-08
2598.609,10.0,7.43868591649658e-08
2599.091,10.0,7.427018662277932e-08
2599.573,10.0,7.41537215820128e-08
2600.055,10.0,7.403746362929144e-08
2600.537,10.0,7.392141235217097e-08
2601.02,10.0,7.380532721087159e-08
2601.502,10.0,7.368968847787808e-08
2601.984,10.0,7.357425518772974e-08
2602.466,10.0,7.345902693161019e-08
2602.948,10.0,7.334400330160412e-08
2603.43,10.0,7.322918389068585e-08
2603.912,10.0,7.31145682927496e-08
2604.394,10.0,7.300015610254913e-08
2604.876,10.0,7.288594691577437e-08
2605.359,10.0,7.277170401111119e-08
2605.841,10.0,7.265790004082064e-08
2606.323,10.0,7.254429786546136e-08
2606.805,10.0,7.243089708425885e-08
2607.287,10.0,7.231769729731327e-08
2607.769,10.0,7.220469810561279e-08
2608.251,10.0,7.209189911102954e-08
2608.733,10.0,7.197929991629765e-08
2609.216,10.0,7.186666713744847e-08
2609.698,10.0,7.175446676660361e-08
2610.18,10.0,7.16424650082532e-08
2610.662,10.0,7.153066146862244e-08
2611.144,10.0,7.141905575479696e-08
2611.626,10.0,7.130764747474042e-08
2612.108,10.0,7.119643623726801e-08
2612.59,10.0,7.10854216520629e-08
2613.073,10.0,7.097437361985084e-08
2613.554,10.0,7.086398088140213e-08
2614.037,10.0,7.075332502094804e-08
2614.519,10.0,7.064309356302751e-08
2615.001,10.0,7.053305681776411e-08
2615.483,10.0,7.042321439995275e-08
2615.965,10.0,7.031356592523042e-08
2616.447,10.0,7.020411101007494e-08
2616.929,10.0,7.009484927181138e-08
2617.411,10.0,6.998578032858596e-08
2617.894,10.0,6.987667811424399e-08
2618.376,10.0,6.97679940169572e-08
2618.858,10.0,6.965950157342093e-08
2619.34,10.0,6.955120040513321e-08
2619.822,10.0,6.944309013441257e-08
2620.304,10.0,6.933517038442034e-08
2620.786,10.0,6.922744077912913e-08
2621.268,10.0,6.911990094333828e-08
2621.75,10.0,6.901255050267e-08
2622.233,10.0,6.890516695318967e-08
2622.715,10.0,6.879819457389851e-08
2623.197,10.0,6.869141047072699e-08
2623.679,10.0,6.858481427255274e-08
2624.161,10.0,6.847840560907838e-08
2624.643,10.0,6.83721841108177e-08
2625.125,10.0,6.826614940907109e-08
2625.607,10.0,6.816030113596163e-08
2626.09,10.0,6.805441990136435e-08
2626.572,10.0,6.794894376997988e-08
2627.054,10.0,6.784365296764766e-08
2627.536,10.0,6.773854712967498e-08
2628.018,10.0,6.763362589220116e-08
2628.5,10.0,6.752888889212224e-08
2628.982,10.0,6.742433576714331e-08
2629.464,10.0,6.731996615575802e-08
2629.947,10.0,6.721556373290859e-08
2630.429,10.0,6.711156044621073e-08
2630.911,10.0,6.700773959255519e-08
2631.393,10.0,6.690410081358716e-08
2631.875,10.0,6.680064375172171e-08
2632.357,10.0,6.66973680501468e-08
2632.839,10.0,6.659427335283256e-08
2633.321,10.0,6.649135930453274e-08
2633.803,10.0,6.638862555076358e-08
2634.286,10.0,6.628585915736893e-08
2634.768,10.0,6.618348530452078e-08
2635.25,10.0,6.60812906866473e-08
2635.732,10.0,6.597927495234021e-08
2636.214,10.0,6.587743775096477e-08
2636.696,10.0,6.577577873263904e-08
2637.178,10.0,6.567429754823227e-08
2637.66,10.0,6.557299384939609e-08
2638.143,10.0,6.5471657666275e-08
2638.625,10.0,6.537070826293422e-08
2639.107,10.0,6.52699353038906e-08
2639.589,10.0,6.51693384438044e-08
2640.071,10.0,6.506891733807023e-08
2640.553,10.0,6.496867164284252e-08
2641.035,10.0,6.486860101502229e-08
2641.517,10.0,6.4768705112249e-08
2642.0,10.0,6.466877688282577e-08
2642.481,10.0,6.456943611613274e-08
2642.964,10.0,6.446985635244284e-08
2643.446,10.0,6.437065630042836e-08
2643.928,10.0,6.42716292720667e-08
2644.41,10.0,6.417277492943246e-08
2644.892,10.0,6.407409293532107e-08
2645.374,10.0,6.397558295327033e-08
2645.856,10.0,6.387724464753973e-08
2646.338,10.0,6.377907768311774e-08
2646.821,10.0,6.3680878592132e-08
2647.303,10.0,6.358305366192692e-08
2647.785,10.0,6.34853990716453e-08
2648.267,10.0,6.33879144891556e-08
2648.749,10.0,6.329059958306263e-08
2649.231,10.0,6.319345402266527e-08
2649.713,10.0,6.309647747799175e-08
2650.195,10.0,6.29996696197904e-08
2650.677,10.0,6.290303011950189e-08
2651.16,10.0,6.280635867544426e-08
2651.642,10.0,6.271005525575785e-08
2652.124,10.0,6.261391921190973e-08
2652.606,10.0,6.251795021816896e-08
2653.088,10.0,6.242214794952682e-08
2653.57,10.0,6.23265120816593e-08
2654.052,10.0,6.223104229094538e-08
2654.534,10.0,6.213573825447273e-08
2655.017,10.0,6.204040243875377e-08
2655.499,10.0,6.194542928698504e-08
2655.981,10.0,6.185062092419242e-08
2656.463,10.0,6.175597703023754e-08
2656.945,10.0,6.166149728565277e-08
2657.427,10.0,6.156718137167764e-08
2657.909,10.0,6.147302897022181e-08
2658.391,10.0,6.137903976389996e-08
2658.874,10.0,6.12850189446516e-08
2659.356,10.0,6.11913555160616e-08
2659.838,10.0,6.109785433384219e-08
2660.32,10.0,6.100451508332198e-08
2660.802,10.0,6.091133745050342e-08
2661.284,10.0,6.081832112206448e-08
2661.766,10.0,6.072546578535257e-08
2662.248,10.0,6.063277112839454e-08
2662.73,10.0,6.054023683988197e-08
2663.213,10.0,6.044767112755663e-08
2663.695,10.0,6.035545697579289e-08
2664.177,10.0,6.026340226191644e-08
2664.659,10.0,6.017150667728214e-08
2665.141,10.0,6.007976991391888e-08
2665.623,10.0,5.998819166449936e-08
2666.105,10.0,5.989677162237342e-08
2666.587,10.0,5.98055094815366e-08
2667.07,10.0,5.97142160866747e-08
2667.552,10.0,5.962326915904681e-08
2668.034,10.0,5.953247921800701e-08
2668.516,10.0,5.944184596016141e-08
2668.998,10.0,5.935136908278715e-08
2669.48,10.0,5.92610482837842e-08
2669.962,10.0,5.9170883261718166e-08
2670.444,10.0,5.908087371579595e-08
2670.927,10.0,5.899083308710274e-08
2671.408,10.0,5.8901319852413484e-08
2671.891,10.0,5.881158931922082e-08
2672.373,10.0,5.872219900254301e-08
2672.855,10.0,5.86329626670434e-08
2673.337,10.0,5.8543880015771455e-08
2673.819,10.0,5.8454950752399224e-08
2674.301,10.0,5.836617458125747e-08
2674.783,10.0,5.827755120727444e-08
2675.265,10.0,5.8189080336034744e-08
2675.748,10.0,5.810057859802162e-08
2676.23,10.0,5.80124121663864e-08
2676.712,10.0,5.792439735739021e-08
2677.194,10.0,5.7836533879105615e-08
2677.676,10.0,5.7748821440248864e-08
2678.158,10.0,5.766125975014646e-08
2678.64,10.0,5.757384851874723e-08
2679.122,10.0,5.748658745661697e-08
2679.604,10.0,5.739947627494411e-08
2680.087,10.0,5.731233442258979e-08
2680.569,10.0,5.722552244730518e-08
2681.051,10.0,5.713885948911572e-08
2681.533,10.0,5.70523452616672e-08
2682.015,10.0,5.696597947920836e-08
2682.497,10.0,5.687976185660727e-08
2682.979,10.0,5.679369210930561e-08
2683.461,10.0,5.6707769953393084e-08
2683.944,10.0,5.662181730236039e-08
2684.426,10.0,5.6536189784579377e-08
2684.908,10.0,5.645070900943185e-08
2685.39,10.0,5.636537469539736e-08
2685.872,10.0,5.62801865615533e-08
2686.354,10.0,5.619514432757663e-08
2686.836,10.0,5.611024771373185e-08
2687.318,10.0,5.602549644089632e-08
2687.801,10.0,5.594071484956647e-08
2688.283,10.0,5.5856253723799816e-08
2688.765,10.0,5.5771937104617795e-08
2689.247,10.0,5.568776471524996e-08
2689.729,10.0,5.560373627950729e-08
2690.211,10.0,5.5519851521806156e-08
2690.693,10.0,5.5436110167119167e-08
2691.175,10.0,5.535251194103976e-08
2691.657,10.0,5.5269056569710543e-08
2692.14,10.0,5.5185571079782266e-08
2692.622,10.0,5.5102400893713483e-08
2693.104,10.0,5.5019372743769755e-08
2693.586,10.0,5.493648635843328e-08
2694.068,10.0,5.4853741466744505e-08
2694.55,10.0,5.4771137798325206e-08
2695.032,10.0,5.4688675083371355e-08
2695.514,10.0,5.460635305263871e-08
2695.997,10.0,5.45240010819687e-08
2696.479,10.0,5.444195990474305e-08
2696.961,10.0,5.4360058606897324e-08
2697.443,10.0,5.427829692145961e-08
2697.925,10.0,5.419667458204011e-08
2698.407,10.0,5.411519132280266e-08
2698.889,10.0,5.403384687846926e-08
2699.371,10.0,5.3952640984331685e-08
2699.854,10.0,5.3871405329742673e-08
2700.335,10.0,5.379064379058086e-08
2700.818,10.0,5.370968448946281e-08
2701.3,10.0,5.362903044514101e-08
2701.782,10.0,5.3548513635269243e-08
2702.264,10.0,5.346813379847914e-08
2702.746,10.0,5.338789067394342e-08
2703.228,10.0,5.3307784001396374e-08
2703.71,10.0,5.3227813521109454e-08
2704.192,10.0,5.3147978973911885e-08
2704.675,10.0,5.3068114891667056e-08
2705.157,10.0,5.2988551715978625e-08
2705.639,10.0,5.290912369859825e-08
2706.121,10.0,5.282983058252416e-08
2706.603,10.0,5.275067211130154e-08
2707.085,10.0,5.267164802901601e-08
2707.567,10.0,5.259275808029694e-08
2708.049,10.0,5.25140020103036e-08
2708.531,10.0,5.243537956473527e-08
2709.014,10.0,5.235672778789331e-08
2709.496,10.0,5.227837210633487e-08
2709.978,10.0,5.220014928898754e-08
2710.46,10.0,5.2122059083682684e-08
2710.942,10.0,5.20441012387929e-08
2711.424,10.0,5.1966275503199916e-08
2711.906,10.0,5.1888581626333945e-08
2712.388,10.0,5.181101935814232e-08
2712.871,10.0,5.1733427940435414e-08
2713.353,10.0,5.165612841328696e-08
2713.835,10.0,5.157895974729289e-08
2714.317,10.0,5.1501921694496413e-08
2714.799,10.0,5.142501400746317e-08
2715.281,10.0,5.134823643926848e-08
2715.763,10.0,5.127158874352756e-08
2716.245,10.0,5.119507067435028e-08
2716.728,10.0,5.111852363794427e-08
2717.21,10.0,5.104226435398484e-08
2717.692,10.0,5.096613396153605e-08
2718.174,10.0,5.089013221677455e-08
2718.656,10.0,5.0814258876389717e-08
2719.138,10.0,5.0738513697575554e-08
2719.62,10.0,5.06628964380379e-08
2720.102,10.0,5.058740685599358e-08
2720.584,10.0,5.0512044710162756e-08
2721.067,10.0,5.043665380271826e-08
2721.549,10.0,5.036154607063685e-08
2722.031,10.0,5.0286565053459514e-08
2722.513,10.0,5.021171051192891e-08
2722.995,10.0,5.013698220726971e-08
2723.477,10.0,5.006237990122333e-08
2723.959,10.0,4.9987903356026056e-08
2724.441,10.0,4.991355233439803e-08
2724.924,10.0,4.9839172734352593e-08
2725.406,10.0,4.976507230925587e-08
2725.888,10.0,4.969109669841008e-08
2726.37,10.0,4.9617245666528025e-08
2726.852,10.0,4.954351897880921e-08
2727.334,10.0,4.9469916400947405e-08
2727.816,10.0,4.9396437699120174e-08
2728.298,10.0,4.9323082639992886e-08
2728.781,10.0,4.9249699185964007e-08
2729.262,10.0,4.917674251895697e-08
2729.745,10.0,4.910360569820457e-08
2730.227,10.0,4.9030743140650157e-08
2730.709,10.0,4.8958003065950923e-08
2731.191,10.0,4.888538524367062e-08
2731.673,10.0,4.881288944387191e-08
2732.155,10.0,4.8740515437082825e-08
2732.637,10.0,4.866826299432187e-08
2733.119,10.0,4.859613188707591e-08
2733.602,10.0,4.8523972614702334e-08
2734.084,10.0,4.84520837454109e-08
2734.566,10.0,4.838031552847593e-08
2735.048,10.0,4.830866773729877e-08
2735.53,10.0,4.823714014572633e-08
2736.012,10.0,4.816573252809842e-08
2736.494,10.0,4.80944446592049e-08
2736.976,10.0,4.802327631431889e-08
2737.458,10.0,4.795222726917048e-08
2737.941,10.0,4.788115026598215e-08
2738.423,10.0,4.7810339395734575e-08
2738.905,10.0,4.7739647154762e-08
2739.387,10.0,4.7669073320665804e-08
2739.869,10.0,4.759861767148993e-08
2740.351,10.0,4.75282799857635e-08
2740.833,10.0,4.745806004244979e-08
2741.315,10.0,4.7387957620993824e-08
2741.798,10.0,4.731782742573173e-08
2742.28,10.0,4.724795963081194e-08
2742.762,10.0,4.7178208698335805e-08
2743.244,10.0,4.710857440957744e-08
2743.726,10.0,4.703905654625129e-08
2744.208,10.0,4.69696548905179e-08
2744.69,10.0,4.6900369224995765e-08
2745.172,10.0,4.683119933276919e-08
2745.655,10.0,4.6762001851050764e-08
2746.137,10.0,4.6693063095471125e-08
2746.619,10.0,4.6624239464628304e-08
2747.101,10.0,4.655553074338933e-08
2747.583,10.0,4.648693671706403e-08
2748.065,10.0,4.641845717140363e-08
2748.547,10.0,4.6350091892597524e-08
2749.029,10.0,4.6281840667294567e-08
2749.511,10.0,4.62137032825674e-08
2749.994,10.0,4.6145538515785235e-08
2750.476,10.0,4.6077628410295717e-08
2750.958,10.0,4.600983150882627e-08
2751.44,10.0,4.5942147600207526e-08
2751.922,10.0,4.587457647370915e-08
2752.404,10.0,4.58071179190493e-08
2752.886,10.0,4.573977172636183e-08
2753.368,10.0,4.5672537686224956e-08
2753.851,10.0,4.560527644840528e-08
2754.333,10.0,4.553826631842359e-08
2754.815,10.0,4.547136771487945e-08
2755.297,10.0,4.5404580430073336e-08
2755.779,10.0,4.5337904256727634e-08
2756.261,10.0,4.527133898800823e-08
2756.743,10.0,4.5204884417495124e-08
2757.225,10.0,4.513854033919717e-08
2757.708,10.0,4.507216924753688e-08
2758.189,10.0,4.500618283739788e-08
2758.672,10.0,4.4940032159947376e-08
2759.154,10.0,4.487412822639069e-08
2759.636,10.0,4.480833376102426e-08
2760.118,10.0,4.47426485603848e-08
2760.6,10.0,4.46770724214352e-08
2761.082,10.0,4.461160514155228e-08
2761.564,10.0,4.454624651854199e-08
2762.046,10.0,4.4480996350612975e-08
2762.529,10.0,4.4415719399578375e-08
2763.011,10.0,4.4350685762076304e-08
2763.493,10.0,4.4285759976364307e-08
2763.975,10.0,4.4220941842308655e-08
2764.457,10.0,4.415623116019542e-08
2764.939,10.0,4.4091627730716476e-08
2765.421,10.0,4.402713135496524e-08
2765.903,10.0,4.3962741834457156e-08
2766.385,10.0,4.3898458971102556e-08
2766.868,10.0,4.3834149531691056e-08
2767.35,10.0,4.377007961028139e-08
2767.832,10.0,4.370611575381292e-08
2768.314,10.0,4.364225776581604e-08
2768.796,10.0,4.357850545023321e-08
2769.278,10.0,4.3514858611414776e-08
2769.76,10.0,4.345131705410458e-08
2770.242,10.0,4.3387880583444254e-08
2770.725,10.0,4.332441772056562e-08
2771.207,10.0,4.326119105726135e-08
2771.689,10.0,4.319806889804076e-08
2772.171,10.0,4.3135051049637886e-08
2772.653,10.0,4.307213731919932e-08
2773.135,10.0,4.300932751424577e-08
2773.617,10.0,4.2946621442706265e-08
2774.099,10.0,4.288401891289389e-08
2774.582,10.0,4.282139017447957e-08
2775.064,10.0,4.275899436847634e-08
2775.546,10.0,4.269670153111559e-08
2776.028,10.0,4.2634511472275274e-08
2776.51,10.0,4.257242400223453e-08
2776.992,10.0,4.251043893163664e-08
2777.474,10.0,4.2448556071545044e-08
2777.956,10.0,4.238677523338917e-08
2778.438,10.0,4.23250962289813e-08
2778.921,10.0,4.226339122219923e-08
2779.403,10.0,4.22019155325865e-08
2779.885,10.0,4.2140541114092965e-08
2780.367,10.0,4.207926778007702e-08
2780.849,10.0,4.2018095344259184e-08
2781.331,10.0,4.1957023620766605e-08
2781.813,10.0,4.189605242408583e-08
2782.295,10.0,4.183518156908798e-08
2782.778,10.0,4.177428489471551e-08
2783.26,10.0,4.171361437642241e-08
2783.742,10.0,4.165304364631004e-08
2784.224,10.0,4.159257252074699e-08
2784.706,10.0,4.153220081648689e-08
2785.188,10.0,4.147192835065807e-08
2785.67,10.0,4.141175494075943e-08
2786.152,10.0,4.1351680404656394e-08
2786.635,10.0,4.129158023184174e-08
2787.116,10.0,4.123182722716935e-08
2787.599,10.0,4.1171924302629866e-08
2788.081,10.0,4.1112243651251405e-08
2788.563,10.0,4.1052660968189616e-08
2789.045,10.0,4.0993176073523894e-08
2789.527,10.0,4.0933788787711484e-08
2790.009,10.0,4.08744989315598e-08
2790.491,10.0,4.0815306326248104e-08
2790.973,10.0,4.075621079332417e-08
2791.456,10.0,4.069708985146677e-08
2791.938,10.0,4.0638188129857486e-08
2792.42,10.0,4.057938294706536e-08
2792.902,10.0,4.052067412607463e-08
2793.384,10.0,4.046206149023884e-08
2793.866,10.0,4.0403544863263074e-08
2794.348,10.0,4.034512406921263e-08
2794.83,10.0,4.0286798932513935e-08
2795.312,10.0,4.022856927793684e-08
2795.795,10.0,4.0170314418895514e-08
2796.277,10.0,4.011227540151603e-08
2796.759,10.0,4.005433134236925e-08
2797.241,10.0,3.999648206764682e-08
2797.723,10.0,3.993872740390346e-08
2798.205,10.0,3.988106717803612e-08
2798.687,10.0,3.982350121729537e-08
2799.169,10.0,3.976602934928486e-08
2799.652,10.0,3.970853245807531e-08
2800.134,10.0,3.965124845403589e-08
2800.616,10.0,3.959405802727291e-08
2801.098,10.0,3.953696100676622e-08
2801.58,10.0,3.947995722186459e-08
2802.062,10.0,3.9423046502252186e-08
2802.544,10.0,3.936622867795741e-08
2803.026,10.0,3.930950357935338e-08
2803.509,10.0,3.925275363835391e-08
2803.991,10.0,3.9196213675130424e-08
2804.473,10.0,3.9139765930425015e-08
2804.955,10.0,3.908341023598079e-08
2805.437,10.0,3.9027146423884605e-08
2805.919,10.0,3.897097432655097e-08
2806.401,10.0,3.891489377674116e-08
2806.883,10.0,3.8858904607554075e-08
2807.365,10.0,3.880300665243321e-08
2807.848,10.0,3.874708405769886e-08
2808.33,10.0,3.869136822072259e-08
2808.812,10.0,3.863574309977267e-08
2809.294,10.0,3.858020852963736e-08
2809.776,10.0,3.852476434542183e-08
2810.258,10.0,3.846941038256455e-08
2810.74,10.0,3.8414146476848437e-08
2811.222,10.0,3.835897246436818e-08
2811.705,10.0,3.830377399197999e-08
2812.187,10.0,3.824877946126832e-08
2812.669,10.0,3.819387433375079e-08
2813.151,10.0,3.8139058446851973e-08
2813.633,10.0,3.808433163832318e-08
2814.115,10.0,3.8029693746236564e-08
2814.597,10.0,3.7975144609001397e-08
2815.079,10.0,3.792068406533522e-08
2815.562,10.0,3.786619924090107e-08
2816.043,10.0,3.781202811526434e-08
2816.526,10.0,3.775772004014307e-08
2817.008,10.0,3.7703612446841604e-08
2817.49,10.0,3.764959264527618e-08
2817.972,10.0,3.759566047611525e-08
2818.454,10.0,3.754181578033721e-08
2818.936,10.0,3.748805839925318e-08
2819.418,10.0,3.7434388174484255e-08
2819.9,10.0,3.7380804947971123e-08
2820.383,10.0,3.732719766378411e-08
2820.865,10.0,3.727378814055249e-08
2821.347,10.0,3.722046514298372e-08
2821.829,10.0,3.716722851427676e-08
2822.311,10.0,3.711407809796285e-08
2822.793,10.0,3.706101373787509e-08
2823.275,10.0,3.700803527815991e-08
2823.757,10.0,3.695514256328552e-08
2824.24,10.0,3.6902225968532787e-08
2824.722,10.0,3.684950445505444e-08
2825.204,10.0,3.6796868221352446e-08
2825.686,10.0,3.6744317113130164e-08
2826.168,10.0,3.669185097639898e-08
2826.65,10.0,3.663946965748955e-08
2827.132,10.0,3.658717300303312e-08
2827.614,10.0,3.6534960859963074e-08
2828.096,10.0,3.6482833075531185e-08
2828.579,10.0,3.643068161048394e-08
2829.061,10.0,3.637872226050673e-08
2829.543,10.0,3.63268468124263e-08
2830.025,10.0,3.627505511469662e-08
2830.507,10.0,3.622334701608551e-08
2830.989,10.0,3.617172236567012e-08
2831.471,10.0,3.612018101282099e-08
2831.953,10.0,3.606872280721148e-08
2832.436,10.0,3.60172410974162e-08
2832.918,10.0,3.596594890823153e-08
2833.4,10.0,3.59147394167954e-08
2833.882,10.0,3.5863612473979664e-08
2834.364,10.0,3.581256793095768e-08
2834.846,10.0,3.576160563919047e-08
2835.328,10.0,3.571072545044413e-08
2835.81,10.0,3.565992721677824e-08
2836.292,10.0,3.560921079054466e-08
2836.775,10.0,3.55584710577982e-08
2837.257,10.0,3.550791797363626e-08
2837.739,10.0,3.5457446255430926e-08
2838.221,10.0,3.5407055756712046e-08
2838.703,10.0,3.535674633130144e-08
2839.185,10.0,3.530651783331343e-08
2839.667,10.0,3.525637011714451e-08
2840.149,10.0,3.5206303037497836e-08
2840.632,10.0,3.515621282629984e-08
2841.114,10.0,3.5106306751464e-08
2841.596,10.0,3.505648087866005e-08
2842.078,10.0,3.500673506373728e-08
2842.56,10.0,3.495706916282574e-08
2843.042,10.0,3.4907483032346754e-08
2843.524,10.0,3.4857976529014486e-08
2844.006,10.0,3.4808549509811134e-08
2844.489,10.0,3.475909953331994e-08
2844.97,10.0,3.470993335319542e-08
2845.453,10.0,3.4660641960518636e-08
2845.935,10.0,3.461153161702017e-08
2846.417,10.0,3.456250004657331e-08
2846.899,10.0,3.451354710786753e-08
2847.381,10.0,3.4464672659870846e-08
2847.863,10.0,3.4415876561841595e-08
2848.345,10.0,3.4367158673293185e-08
2848.827,10.0,3.431851885405015e-08
2849.31,10.0,3.426985629429132e-08
2849.792,10.0,3.422137235542658e-08
2850.274,10.0,3.4172966066663955e-08
2850.756,10.0,3.412463728892475e-08
2851.238,10.0,3.40763858833993e-08
2851.72,10.0,3.402821171156196e-08
2852.202,10.0,3.398011463515011e-08
2852.684,10.0,3.393209451618894e-08
2853.167,10.0,3.3884051829295694e-08
2853.649,10.0,3.383618537132522e-08
2854.131,10.0,3.378839545820967e-08
2854.613,10.0,3.374068195306189e-08
2855.095,10.0,3.3693044719259606e-08
2855.577,10.0,3.364548362044928e-08
2856.059,10.0,3.3597998520554904e-08
2856.541,10.0,3.355058928376856e-08
2857.023,10.0,3.3503255774545685e-08
2857.506,10.0,3.3455899890627056e-08
2857.988,10.0,3.340871758739276e-08
2858.47,10.0,3.336161060642187e-08
2858.952,10.0,3.331457881324687e-08
2859.434,10.0,3.3267622073661223e-08
2859.916,10.0,3.322074025372496e-08
2860.398,10.0,3.3173933219759097e-08
2860.88,10.0,3.3127200838354844e-08
2861.363,10.0,3.3080446253182766e-08
2861.845,10.0,3.303386293190648e-08
2862.327,10.0,3.2987353864253385e-08
2862.809,10.0,3.2940918917867464e-08
2863.291,10.0,3.289455796065014e-08
2863.773,10.0,3.284827086075783e-08
2864.255,10.0,3.28020574866144e-08
2864.737,10.0,3.275591770690227e-08
2865.219,10.0,3.2709851390556756e-08
2865.702,10.0,3.266376306179242e-08
2866.184,10.0,3.2617843431770447e-08
2866.666,10.0,3.257199687321902e-08
2867.148,10.0,3.252622325610393e-08
2867.63,10.0,3.2480522450647585e-08
2868.112,10.0,3.2434894327340036e-08
2868.594,10.0,3.238933875691109e-08
2869.076,10.0,3.2343855610359665e-08
2869.559,10.0,3.2298350620606934e-08
2870.041,10.0,3.2253012085385244e-08
2870.523,10.0,3.220774558826934e-08
2871.005,10.0,3.216255100126168e-08
2871.487,10.0,3.211742819662526e-08
2871.969,10.0,3.20723770468639e-08
2872.451,10.0,3.202739742473481e-08
2872.933,10.0,3.198248920325028e-08
2873.416,10.0,3.19375593069583e-08
2873.897,10.0,3.1892886455497695e-08
2874.38,10.0,3.1848099022475434e-08
2874.862,10.0,3.1803475285592126e-08
2875.344,10.0,3.175892231787385e-08
2875.826,10.0,3.171443999381374e-08
2876.308,10.0,3.1670028188156174e-08
2876.79,10.0,3.16256867758984e-08
2877.272,10.0,3.15814156322756e-08
2877.754,10.0,3.1537214632767687e-08
2878.237,10.0,3.149299216774803e-08
2878.719,10.0,3.144893122877488e-08
2879.201,10.0,3.140494006156871e-08
2879.683,10.0,3.1361018542585335e-08
2880.165,10.0,3.131716654852377e-08
2880.647,10.0,3.127338395632251e-08
2881.129,10.0,3.122967064316328e-08
2881.611,10.0,3.1186026486468386e-08
2882.094,10.0,3.114236103075801e-08
2882.576,10.0,3.109885496306185e-08
2883.058,10.0,3.105541768527999e-08
2883.54,10.0,3.1012049075790734e-08
2884.022,10.0,3.096874901321547e-08
2884.504,10.0,3.092551737640778e-08
2884.986,10.0,3.088235404445834e-08
2885.468,10.0,3.083925889669866e-08
2885.95,10.0,3.0796231812693183e-08
2886.433,10.0,3.075318361593593e-08
2886.915,10.0,3.071029243965842e-08
2887.397,10.0,3.0667468966991013e-08
2887.879,10.0,3.062471307843974e-08
2888.361,10.0,3.0582024654741556e-08
2888.843,10.0,3.053940357685919e-08
2889.325,10.0,3.049684972600763e-08
2889.807,10.0,3.045436298361564e-08
2890.29,10.0,3.0411855293119144e-08
2890.772,10.0,3.036950255149794e-08
2891.254,10.0,3.03272165637827e-08
2891.736,10.0,3.02849972123365e-08
2892.218,10.0,3.024284437974672e-08
2892.7,10.0,3.020075794882857e-08
2893.182,10.0,3.015873780263075e-08
2893.664,10.0,3.0116783824424524e-08
2894.146,10.0,3.007489589771238e-08
2894.629,10.0,3.0032987207062174e-08
2895.111,10.0,2.9991231171186005e-08
2895.593,10.0,2.9949540838422036e-08
2896.075,10.0,2.990791609318601e-08
2896.557,10.0,2.9866356820107224e-08
2897.039,10.0,2.982486290404431e-08
2897.521,10.0,2.978343423007556e-08
2898.003,10.0,2.9742070683507107e-08
2898.486,10.0,2.970068653576552e-08
2898.968,10.0,2.9659453035329357e-08
2899.45,10.0,2.9618284319310724e-08
2899.932,10.0,2.9577180273899772e-08
2900.414,10.0,2.9536140785523144e-08
2900.896,10.0,2.9495165740806476e-08
2901.378,10.0,2.945425502661198e-08
2901.86,10.0,2.9413408530022573e-08
2902.343,10.0,2.9372541594111106e-08
2902.824,10.0,2.9331907739043156e-08
2903.307,10.0,2.9291168940757402e-08
2903.789,10.0,2.9250578321908545e-08
2904.271,10.0,2.9210051359095897e-08
2904.753,10.0,2.9169587940708458e-08
2905.235,10.0,2.9129187955350848e-08
2905.717,10.0,2.9088851291847765e-08
2906.199,10.0,2.9048577839231345e-08
2906.681,10.0,2.9008367486754774e-08
2907.164,10.0,2.896813689599773e-08
2907.646,10.0,2.8928052542749053e-08
2908.128,10.0,2.8888030958454924e-08
2908.61,10.0,2.8848072033218982e-08
2909.092,10.0,2.8808175657364666e-08
2909.574,10.0,2.8768341721424323e-08
2910.056,10.0,2.872857011614709e-08
2910.538,10.0,2.868886073248507e-08
2911.021,10.0,2.8649131270354506e-08
2911.503,10.0,2.8609546132173797e-08
2911.985,10.0,2.8570022889523565e-08
2912.467,10.0,2.85305614342048e-08
2912.949,10.0,2.8491161658228035e-08
2913.431,10.0,2.8451823453806367e-08
2913.913,10.0,2.8412546713372996e-08
2914.395,10.0,2.837333132955793e-08
2914.877,10.0,2.8334177195201768e-08
2915.36,10.0,2.8295003161052585e-08
2915.842,10.0,2.825597133149899e-08
2916.324,10.0,2.821700043095309e-08
2916.806,10.0,2.8178090353087012e-08
2917.288,10.0,2.813924099177181e-08
2917.77,10.0,2.8100452241086735e-08
2918.252,10.0,2.8061723995319287e-08
2918.734,10.0,2.8023056148952623e-08
2919.217,10.0,2.7984368560624657e-08
2919.699,10.0,2.7945821322107085e-08
2920.181,10.0,2.7907334167453315e-08
2920.663,10.0,2.786890699197063e-08
2921.145,10.0,2.7830539691161724e-08
2921.627,10.0,2.7792232160722738e-08
2922.109,10.0,2.7753984296566256e-08
2922.591,10.0,2.771579599479365e-08
2923.073,10.0,2.76776671517127e-08
2923.556,10.0,2.763951874311381e-08
2924.038,10.0,2.7601508629953643e-08
2924.52,10.0,2.756355766538284e-08
2925.002,10.0,2.7525665746505145e-08
2925.484,10.0,2.7487832770623833e-08
2925.966,10.0,2.7450058635237755e-08
2926.448,10.0,2.7412343238040525e-08
2926.93,10.0,2.737468647692419e-08
2927.413,10.0,2.733701030613766e-08
2927.895,10.0,2.7299470632777653e-08
2928.377,10.0,2.7261989290144604e-08
2928.859,10.0,2.7224566176918684e-08
2929.341,10.0,2.7187201191967023e-08
2929.823,10.0,2.714989423435959e-08
2930.305,10.0,2.7112645203351592e-08
2930.787,10.0,2.7075453998400562e-08
2931.27,10.0,2.7038243538676166e-08
2931.751,10.0,2.70012446654459e-08
2932.234,10.0,2.696414959553232e-08
2932.716,10.0,2.692718881223327e-08
2933.198,10.0,2.68902853549417e-08
2933.68,10.0,2.6853439124263462e-08
2934.162,10.0,2.681665002099116e-08
2934.644,10.0,2.6779917946121014e-08
2935.126,10.0,2.6743242800825577e-08
2935.608,10.0,2.6706624486476477e-08
2936.091,10.0,2.6669987109622252e-08
2936.573,10.0,2.6633482279411707e-08
2937.055,10.0,2.6597033985176716e-08
2937.537,10.0,2.6560642129041205e-08
2938.019,10.0,2.6524306613309487e-08
2938.501,10.0,2.648802734047952e-08
2938.983,10.0,2.6451804213240552e-08
2939.465,10.0,2.6415637134459532e-08
2939.948,10.0,2.6379451145928562e-08
2940.43,10.0,2.63433959891893e-08
2940.912,10.0,2.630739659042909e-08
2941.394,10.0,2.6271452853265514e-08
2941.876,10.0,2.623556468148459e-08
2942.358,10.0,2.6199731979073466e-08
2942.84,10.0,2.6163954650192195e-08
2943.322,10.0,2.6128232599192085e-08
2943.804,10.0,2.6092565730599588e-08
2944.287,10.0,2.605688012296001e-08
2944.769,10.0,2.602132344749714e-08
2945.251,10.0,2.5985821668926957e-08
2945.733,10.0,2.5950374692511973e-08
2946.215,10.0,2.591498242368682e-08
2946.697,10.0,2.5879644768071814e-08
2947.179,10.0,2.5844361631472408e-08
2947.661,10.0,2.5809132919858516e-08
2948.144,10.0,2.5773885619917443e-08
2948.626,10.0,2.573876558937204e-08
2949.108,10.0,2.5703699702635998e-08
2949.59,10.0,2.5668687866409543e-08
2950.072,10.0,2.5633729987560365e-08
2950.554,10.0,2.5598825973139908e-08
2951.036,10.0,2.556397573038114e-08
2951.518,10.0,2.552917916668477e-08
2952.0,10.0,2.5494436189634815e-08
2952.483,10.0,2.5459674792651102e-08
2952.965,10.0,2.542503882303783e-08
2953.447,10.0,2.539045616368001e-08
2953.929,10.0,2.535592672286023e-08
2954.411,10.0,2.53214504090395e-08
2954.893,10.0,2.5287027130844063e-08
2955.375,10.0,2.5252656797091545e-08
2955.857,10.0,2.521833931675345e-08
2956.34,10.0,2.5184003565144247e-08
2956.822,10.0,2.5149791628461045e-08
2957.304,10.0,2.5115632272983475e-08
2957.786,10.0,2.5081525408387975e-08
2958.268,10.0,2.5047470944517612e-08
2958.75,10.0,2.501346879137976e-08
2959.232,10.0,2.4979518859167344e-08
2959.714,10.0,2.4945621058236313e-08
2960.197,10.0,2.491170513372492e-08
2960.678,10.0,2.487798149248114e-08
2961.161,10.0,2.4844169599043033e-08
2961.643,10.0,2.4810479537510177e-08
2962.125,10.0,2.477684116140115e-08
2962.607,10.0,2.4743254382088807e-08
2963.089,10.0,2.470971911111057e-08
2963.571,10.0,2.4676235260179214e-08
2964.053,10.0,2.464280274117133e-08
2964.535,10.0,2.4609421466129428e-08
2965.018,10.0,2.4576022250753888e-08
2965.5,10.0,2.4542743306299986e-08
2965.982,10.0,2.450951534276212e-08
2966.464,10.0,2.447633827284827e-08
2966.946,10.0,2.4443212009431683e-08
2967.428,10.0,2.4410136465551028e-08
2967.91,10.0,2.4377111554413153e-08
2968.392,10.0,2.4344137189384722e-08
2968.875,10.0,2.431114502953376e-08
2969.357,10.0,2.4278271601907205e-08
2969.839,10.0,2.4245448461300546e-08
2970.321,10.0,2.4212675521738906e-08
2970.803,10.0,2.417995269740148e-08
2971.285,10.0,2.4147279902645227e-08
2971.767,10.0,2.411465705197184e-08
2972.249,10.0,2.408208406005817e-08
2972.731,10.0,2.4049560841735103e-08
2973.214,10.0,2.4017019991123024e-08
2973.696,10.0,2.398459616794796e-08
2974.178,10.0,2.395222186365497e-08
2974.66,10.0,2.3919896993715514e-08
2975.142,10.0,2.388762147376283e-08
2975.624,10.0,2.385539521959632e-08
2976.106,10.0,2.3823218147165937e-08
2976.588,10.0,2.3791090172584207e-08
2977.071,10.0,2.3758944709155634e-08
2977.553,10.0,2.372691478066846e-08
2978.035,10.0,2.3694933699140763e-08
2978.517,10.0,2.3663001381320262e-08
2978.999,10.0,2.3631117744099924e-08
2979.481,10.0,2.359928270454325e-08
2979.963,10.0,2.3567496179863427e-08
2980.445,10.0,2.3535758087429314e-08
2980.927,10.0,2.3504068344765248e-08
2981.41,10.0,2.3472361273456473e-08
2981.892,10.0,2.3440768083415934e-08
2982.374,10.0,2.3409222996483125e-08
2982.856,10.0,2.3377725930805794e-08
2983.338,10.0,2.334627680468174e-08
2983.82,10.0,2.331487553656912e-08
2984.302,10.0,2.3283522045067803e-08
2984.784,10.0,2.32522162489414e-08
2985.267,10.0,2.3220893265541986e-08
2985.749,10.0,2.3189682715593517e-08
2986.231,10.0,2.3158519618043785e-08
2986.713,10.0,2.3127403892273177e-08
2987.195,10.0,2.3096335457794926e-08
2987.677,10.0,2.30653142342845e-08
2988.159,10.0,2.3034340141571114e-08
2988.641,10.0,2.3003413099620478e-08
2989.124,10.0,2.2972469010796725e-08
2989.605,10.0,2.2941699848675623e-08
2990.088,10.0,2.2910849656847257e-08
2990.57,10.0,2.2880110117590367e-08
2991.052,10.0,2.2849417231057117e-08
2991.534,10.0,2.2818770918121094e-08
2992.016,10.0,2.2788171099803315e-08
2992.498,10.0,2.2757617697273166e-08
2992.98,10.0,2.2727110631848102e-08
2993.462,10.0,2.269664982499035e-08
2993.945,10.0,2.2666172145380845e-08
2994.427,10.0,2.2635803716212237e-08
2994.909,10.0,2.260548131072571e-08
2995.391,10.0,2.2575204850977958e-08
2995.873,10.0,2.254497425916317e-08
2996.355,10.0,2.2514789457627108e-08
2996.837,10.0,2.2484650368857696e-08
2997.319,10.0,2.2454556915495003e-08
2997.802,10.0,2.2424446727582286e-08
2998.284,10.0,2.2394444407784863e-08
2998.766,10.0,2.2364487492003082e-08
2999.248,10.0,2.233457590344951e-08
2999.73,10.0,2.230470956548197e-08
3000.212,10.0,2.2274888401596548e-08
3000.694,10.0,2.2245112335439994e-08
3001.176,10.0,2.221538129079642e-08
3001.658,10.0,2.218569519159615e-08
3002.141,10.0,2.2155992512171353e-08
3002.623,10.0,2.2126396169060202e-08
3003.105,10.0,2.2096844543872724e-08
3003.587,10.0,2.2067337561104416e-08
3004.069,10.0,2.203787514538866e-08
3004.551,10.0,2.2008457221504907e-08
3005.033,10.0,2.1979083714374066e-08
3005.515,10.0,2.194975454904946e-08
3005.998,10.0,2.1920408939644533e-08
3006.48,10.0,2.1891168325280237e-08
3006.962,10.0,2.186197182858161e-08
3007.444,10.0,2.1832819375166443e-08
3007.926,10.0,2.1803710890790184e-08
3008.408,10.0,2.177464630134645e-08
3008.89,10.0,2.1745625532866698e-08
3009.372,10.0,2.1716648511522752e-08
3009.854,10.0,2.1687715163616458e-08
3010.337,10.0,2.165876552363253e-08
3010.819,10.0,2.162991939231109e-08
3011.301,10.0,2.1601116714023324e-08
3011.783,10.0,2.157235741562578e-08
3012.265,10.0,2.154364142411069e-08
3012.747,10.0,2.1514968666604584e-08
3013.229,10.0,2.148633907036893e-08
3013.711,10.0,2.145775256280886e-08
3014.194,10.0,2.1429149897254196e-08
3014.676,10.0,2.1400649438790944e-08
3015.158,10.0,2.137219185185397e-08
3015.64,10.0,2.1343777064382002e-08
3016.122,10.0,2.131540500444906e-08
3016.604,10.0,2.1287075600256206e-08
3017.086,10.0,2.1258788780145764e-08
3017.568,10.0,2.1230544472587825e-08
3018.051,10.0,2.1202284140161812e-08
3018.532,10.0,2.1174183109686158e-08
3019.015,10.0,2.114600762143833e-08
3019.497,10.0,2.1117932739007198e-08
3019.979,10.0,2.108990001333159e-08
3020.461,10.0,2.1061909373679693e-08
3020.943,10.0,2.1033960749445483e-08
3021.425,10.0,2.1006054070160705e-08
3021.907,10.0,2.097818926548206e-08
3022.389,10.0,2.095036626519866e-08
3022.872,10.0,2.0922527405087395e-08
3023.354,10.0,2.0894787889855407e-08
3023.836,10.0,2.0867089969022506e-08
3024.318,10.0,2.0839433572902643e-08
3024.8,10.0,2.0811818631931646e-08
3025.282,10.0,2.078424507667621e-08
3025.764,10.0,2.0756712837832323e-08
3026.246,10.0,2.0729221846225147e-08
3026.729,10.0,2.070171512574368e-08
3027.211,10.0,2.067430650681252e-08
3027.693,10.0,2.0646938928218673e-08
3028.175,10.0,2.061961232129226e-08
3028.657,10.0,2.0592326617500897e-08
3029.139,10.0,2.0565081748431836e-08
3029.621,10.0,2.0537877645805152e-08
3030.103,10.0,2.0510714241458576e-08
3030.585,10.0,2.0483591467361002e-08
3031.068,10.0,2.0456453110567373e-08
3031.55,10.0,2.0429411477322957e-08
3032.032,10.0,2.0402410270851263e-08
3032.514,10.0,2.0375449423622362e-08
3032.996,10.0,2.034852886822759e-08
3033.478,10.0,2.0321648537386308e-08
3033.96,10.0,2.029480836394729e-08
3034.442,10.0,2.0268008280876392e-08
3034.925,10.0,2.024119274403063e-08
3035.407,10.0,2.021447272392382e-08
3035.889,10.0,2.018779259369631e-08
3036.371,10.0,2.016115228680739e-08
3036.853,10.0,2.0134551736843957e-08
3037.335,10.0,2.010799087751226e-08
3037.817,10.0,2.00814696426395e-08
3038.299,10.0,2.005498796617967e-08
3038.781,10.0,2.0028545782210284e-08
3039.264,10.0,2.0002088288355434e-08
3039.746,10.0,1.9975724973658015e-08
3040.228,10.0,1.9949400954262875e-08
3040.71,10.0,1.9923116164724452e-08
3041.192,10.0,1.9896870539724624e-08
3041.674,10.0,1.9870664014062555e-08
3042.156,10.0,1.9844496522656527e-08
3042.638,10.0,1.98183680005498e-08
3043.121,10.0,1.9792224295455208e-08
3043.603,10.0,1.9766173598048842e-08
3044.085,10.0,1.9740161675641798e-08
3044.567,10.0,1.971418846374762e-08
3045.049,10.0,1.968825389800287e-08
3045.531,10.0,1.9662357914163897e-08
3046.013,10.0,1.9636500448095912e-08
3046.495,10.0,1.961068143579432e-08
3046.978,10.0,1.9584847366456824e-08
3047.459,10.0,1.9559158517030854e-08
3047.942,10.0,1.9533401194993697e-08
3048.424,10.0,1.9507735439183407e-08
3048.906,10.0,1.9482107818711904e-08
3049.388,10.0,1.945651827027747e-08
3049.87,10.0,1.9430966730685375e-08
3050.352,10.0,1.9405453136861614e-08
3050.834,10.0,1.9379977425845018e-08
3051.316,10.0,1.935453953479614e-08
3051.799,10.0,1.9329086742812205e-08
3052.281,10.0,1.9303724381761852e-08
3052.763,10.0,1.9278399652702288e-08
3053.245,10.0,1.9253112493256458e-08
3053.727,10.0,1.922786284114987e-08
3054.209,10.0,1.9202650634230548e-08
3054.691,10.0,1.9177475810458064e-08
3055.173,10.0,1.915233830790202e-08
3055.656,10.0,1.9127186028242212e-08
3056.138,10.0,1.9102123059902508e-08
3056.62,10.0,1.9077097227548946e-08
3057.102,10.0,1.905210846970822e-08
3057.584,10.0,1.9027156725019905e-08
3058.066,10.0,1.900224193223112e-08
3058.548,10.0,1.8977364030203437e-08
3059.03,10.0,1.8952522957916592e-08
3059.512,10.0,1.8927718654451323e-08
3059.995,10.0,1.8902899712070468e-08
3060.477,10.0,1.8878168839925086e-08
3060.959,10.0,1.8853474554402224e-08
3061.441,10.0,1.8828816795032963e-08
3061.923,10.0,1.8804195501457977e-08
3062.405,10.0,1.8779610613430923e-08
3062.887,10.0,1.8755062070811268e-08
3063.369,10.0,1.8730549813573064e-08
3063.852,10.0,1.8706023039258703e-08
3064.334,10.0,1.868158324810183e-08
3064.816,10.0,1.8657179562772585e-08
3065.298,10.0,1.863281192367912e-08
3065.78,10.0,1.860848027133924e-08
3066.262,10.0,1.8584184546382635e-08
3066.744,10.0,1.8559924689539748e-08
3067.226,10.0,1.8535700641656956e-08
3067.708,10.0,1.8511512343682927e-08
3068.191,10.0,1.8487309664593877e-08
3068.673,10.0,1.8463192763584753e-08
3069.155,10.0,1.8439111435863712e-08
3069.637,10.0,1.8415065622809245e-08
3070.119,10.0,1.8391055265908123e-08
3070.601,10.0,1.836708030675552e-08
3071.083,10.0,1.8343140687050432e-08
3071.565,10.0,1.8319236348602318e-08
3072.048,10.0,1.8295317748909376e-08
3072.53,10.0,1.8271483871713264e-08
3073.012,10.0,1.8247685101707006e-08
3073.494,10.0,1.822392138112065e-08
3073.976,10.0,1.8200192652290768e-08
3074.458,10.0,1.8176498857653966e-08
3074.94,10.0,1.8152839939760085e-08
3075.422,10.0,1.812921584125365e-08
3075.905,10.0,1.8105577600453468e-08
3076.386,10.0,1.808207187352583e-08
3076.869,10.0,1.8058503129454884e-08
3077.351,10.0,1.803501780878508e-08
3077.833,10.0,1.8011567022190517e-08
3078.315,10.0,1.7988150712945743e-08
3078.797,10.0,1.7964768824426552e-08
3079.279,10.0,1.794142130010908e-08
3079.761,10.0,1.7918108083574144e-08
3080.243,10.0,1.7894829118504612e-08
3080.726,10.0,1.7871536158531848e-08
3081.208,10.0,1.7848325598621844e-08
3081.69,10.0,1.7825149121727774e-08
3082.172,10.0,1.780200667193263e-08
3082.654,10.0,1.777889819343372e-08
3083.136,10.0,1.775582363052657e-08
3083.618,10.0,1.773278292760043e-08
3084.1,10.0,1.770977602915839e-08
3084.583,10.0,1.7686755252698826e-08
3085.065,10.0,1.7663815866950804e-08
3085.547,10.0,1.764091011965787e-08
3086.029,10.0,1.7618037955719376e-08
3086.511,10.0,1.759519932012892e-08
3086.993,10.0,1.7572394157988565e-08
3087.475,10.0,1.754962241448842e-08
3087.957,10.0,1.7526884034927293e-08
3088.439,10.0,1.7504178964699085e-08
3088.922,10.0,1.7481460146865948e-08
3089.404,10.0,1.7458821600707538e-08
3089.886,10.0,1.743621620054208e-08
3090.368,10.0,1.7413643892162437e-08
3090.85,10.0,1.7391104621454124e-08
3091.332,10.0,1.73685983344054e-08
3091.814,10.0,1.7346124977091784e-08
3092.296,10.0,1.732368449569948e-08
3092.779,10.0,1.7301230381663058e-08
3093.261,10.0,1.7278855558967966e-08
3093.743,10.0,1.7256513451201812e-08
3094.225,10.0,1.7234204004936e-08
3094.707,10.0,1.7211927166834143e-08
3095.189,10.0,1.718968288365419e-08
3095.671,10.0,1.716747110226079e-08
3096.153,10.0,1.7145291769599332e-08
3096.635,10.0,1.7123144832724404e-08
3097.118,10.0,1.710098439146059e-08
3097.6,10.0,1.7078902154619398e-08
3098.082,10.0,1.7056852155171973e-08
3098.564,10.0,1.7034834340550546e-08
3099.046,10.0,1.7012848658278593e-08
3099.528,10.0,1.699089505597687e-08
3100.01,10.0,1.6968973481357047e-08
3100.492,10.0,1.694708388222906e-08
3100.975,10.0,1.692518089176993e-08
3101.457,10.0,1.6903355153496736e-08
3101.939,10.0,1.6881561234599176e-08
3102.421,10.0,1.685979908325443e-08
3102.903,10.0,1.683806864774731e-08
3103.385,10.0,1.681636987643989e-08
3103.867,10.0,1.6794702717802874e-08
3104.349,10.0,1.6773067120387534e-08
3104.832,10.0,1.6751418243804855e-08
3105.313,10.0,1.6729890403914417e-08
3105.796,10.0,1.6708304523711724e-08
3106.278,10.0,1.668679472359904e-08
3106.76,10.0,1.6665316228768987e-08
3107.242,10.0,1.66438689883321e-08
3107.724,10.0,1.6622452951484484e-08
3108.206,10.0,1.66010680675201e-08
3108.688,10.0,1.6579714285824685e-08
3109.17,10.0,1.6558391555867033e-08
3109.653,10.0,1.65370556856934e-08
3110.135,10.0,1.651579497216265e-08
3110.617,10.0,1.6494565159231663e-08
3111.099,10.0,1.6473366196739207e-08
3111.581,10.0,1.6452198034611478e-08
3112.063,10.0,1.6431060622860714e-08
3112.545,10.0,1.6409953911596307e-08
3113.027,10.0,1.6388877851013442e-08
3113.51,10.0,1.6367788760390337e-08
3113.992,10.0,1.634677391544269e-08
3114.474,10.0,1.6325789572195832e-08
3114.956,10.0,1.6304835681197535e-08
3115.438,10.0,1.6283912193092483e-08
3115.92,10.0,1.6263019058608583e-08
3116.402,10.0,1.624215622856011e-08
3116.884,10.0,1.622132365385582e-08
3117.366,10.0,1.6200521285487138e-08
3117.849,10.0,1.6179706009976283e-08
3118.331,10.0,1.615896397002822e-08
3118.813,10.0,1.6138251989819792e-08
3119.295,10.0,1.6117570020698135e-08
3119.777,10.0,1.6096918014092986e-08
3120.259,10.0,1.607629592151779e-08
3120.741,10.0,1.6055703694582706e-08
3121.223,10.0,1.6035141284977462e-08
3121.706,10.0,1.601456607655039e-08
3122.188,10.0,1.599406321863357e-08
3122.67,10.0,1.5973590033537035e-08
3123.152,10.0,1.595314647329655e-08
3123.634,10.0,1.5932732490034396e-08
3124.116,10.0,1.5912348035957444e-08
3124.598,10.0,1.5891993063357246e-08
3125.08,10.0,1.587166752461431e-08
3125.562,10.0,1.585137137218987e-08
3126.045,10.0,1.583106254176452e-08
3126.527,10.0,1.581082508042705e-08
3127.009,10.0,1.579061686320602e-08
3127.491,10.0,1.5770437842906155e-08
3127.973,10.0,1.5750287972411996e-08
3128.455,10.0,1.573016720469409e-08
3128.937,10.0,1.5710075492806016e-08
3129.419,10.0,1.569001278988476e-08
3129.902,10.0,1.566993751544921e-08
3130.384,10.0,1.5649932750151657e-08
3130.866,10.0,1.5629956853638498e-08
3131.348,10.0,1.5610009779384414e-08
3131.83,10.0,1.5590091480938513e-08
3132.312,10.0,1.5570201911939293e-08
3132.794,10.0,1.555034102610735e-08
3133.276,10.0,1.5530508777245017e-08
3133.759,10.0,1.5510664062494787e-08
3134.24,10.0,1.5490930006041886e-08
3134.723,10.0,1.54711424532324e-08
3135.205,10.0,1.5451424350889222e-08
3135.687,10.0,1.5431734655663085e-08
3136.169,10.0,1.5412073321843528e-08
3136.651,10.0,1.5392440303807125e-08
3137.133,10.0,1.5372835556009673e-08
3137.615,10.0,1.5353259032988203e-08
3138.097,10.0,1.533371068935964e-08
3138.58,10.0,1.5314150010676816e-08
3139.062,10.0,1.5294657948241988e-08
3139.544,10.0,1.527519392944364e-08
3140.026,10.0,1.5255757909221643e-08
3140.508,10.0,1.5236349842597132e-08
3140.99,10.0,1.5216969684668113e-08
3141.472,10.0,1.519761739061591e-08
3141.954,10.0,1.51782929156991e-08
3142.437,10.0,1.515895620944704e-08
3142.919,10.0,1.513968729638086e-08
3143.401,10.0,1.5120446068610253e-08
3143.883,10.0,1.510123248171227e-08
3144.365,10.0,1.5082046491339937e-08
3144.847,10.0,1.5062888053230824e-08
3145.329,10.0,1.5043757123195702e-08
3145.811,10.0,1.5024653657122942e-08
3146.293,10.0,1.5005577610983033e-08
3146.776,10.0,1.4986489449188034e-08
3147.258,10.0,1.4967468167790938e-08
3147.74,10.0,1.4948474174610894e-08
3148.222,10.0,1.492950742592537e-08
3148.704,10.0,1.4910567878095103e-08
3149.186,10.0,1.489165548755431e-08
3149.668,10.0,1.4872770210812552e-08
3150.15,10.0,1.4853912004462052e-08
3150.633,10.0,1.4835041784395645e-08
3151.115,10.0,1.4816237644835977e-08
3151.597,10.0,1.4797460445807176e-08
3152.079,10.0,1.4778710144202993e-08
3152.561,10.0,1.4759986696994661e-08
3153.043,10.0,1.4741290061231965e-08
3153.525,10.0,1.4722620194037153e-08
3154.007,10.0,1.470397705261017e-08
3154.49,10.0,1.468532199858111e-08
3154.972,10.0,1.4666732235820968e-08
3155.454,10.0,1.4648169070797159e-08
3155.936,10.0,1.4629632461007185e-08
3156.418,10.0,1.4611122364033216e-08
3156.9,10.0,1.4592638737525342e-08
3157.382,10.0,1.457418153920702e-08
3157.864,10.0,1.4555750726883065e-08
3158.346,10.0,1.4537346258428658e-08
3158.829,10.0,1.4518929990129277e-08
3159.311,10.0,1.4500578137776556e-08
3159.793,10.0,1.4482252503278222e-08
3160.275,10.0,1.4463953044811957e-08
3160.757,10.0,1.4445679720619505e-08
3161.239,10.0,1.442743248902216e-08
3161.721,10.0,1.4409211308411977e-08
3162.203,10.0,1.4391016137259788e-08
3162.686,10.0,1.4372809265627265e-08
3163.167,10.0,1.4354703657556463e-08
3163.65,10.0,1.4336548705235308e-08
3164.132,10.0,1.4318457211615938e-08
3164.614,10.0,1.430039152079556e-08
3165.096,10.0,1.4282351591681421e-08
3165.578,10.0,1.4264337383248365e-08
3166.06,10.0,1.4246348854547005e-08
3166.542,10.0,1.422838596469734e-08
3167.024,10.0,1.4210448672892949e-08
3167.507,10.0,1.4192499803661356e-08
3167.989,10.0,1.4174613638707896e-08
3168.471,10.0,1.4156752949726733e-08
3168.953,10.0,1.4138917696195194e-08
3169.435,10.0,1.4121107837662186e-08
3169.917,10.0,1.410332333375326e-08
3170.399,10.0,1.4085564144158947e-08
3170.881,10.0,1.4067830228643726e-08
3171.364,10.0,1.4050084833241809e-08
3171.846,10.0,1.4032401397686804e-08
3172.328,10.0,1.401474311584185e-08
3172.81,10.0,1.3997109947755893e-08
3173.292,10.0,1.3979501853542688e-08
3173.774,10.0,1.3961918793389654e-08
3174.256,10.0,1.3944360727550057e-08
3174.738,10.0,1.3926827616352491e-08
3175.22,10.0,1.3909319420192268e-08
3175.703,10.0,1.3891799852915675e-08
3176.185,10.0,1.387434141977868e-08
3176.667,10.0,1.3856907783202683e-08
3177.149,10.0,1.3839498903855252e-08
3177.631,10.0,1.3822114742479769e-08
3178.113,10.0,1.3804755259890148e-08
3178.595,10.0,1.3787420416960566e-08
3179.077,10.0,1.3770110174642417e-08
3179.56,10.0,1.3752788657047669e-08
3180.042,10.0,1.3735527549904196e-08
3180.524,10.0,1.3718290926543381e-08
3181.006,10.0,1.370107874818977e-08
3181.488,10.0,1.3683890976126802e-08
3181.97,10.0,1.3666727571716248e-08
3182.452,10.0,1.3649588496378556e-08
3182.934,10.0,1.3632473711607873e-08
3183.417,10.0,1.3615347746608378e-08
3183.899,10.0,1.3598281477910116e-08
3184.381,10.0,1.3581239384580605e-08
3184.863,10.0,1.3564221428374374e-08
3185.345,10.0,1.354722757112479e-08
3185.827,10.0,1.3530257774723533e-08
3186.309,10.0,1.3513312001132774e-08
3186.791,10.0,1.349639021237886e-08
3187.273,10.0,1.3479492370556682e-08
3187.756,10.0,1.3462583454492696e-08
3188.238,10.0,1.3445733442564806e-08
3188.72,10.0,1.3428907264169252e-08
3189.202,10.0,1.3412104881661768e-08
3189.684,10.0,1.3395326257468755e-08
3190.166,10.0,1.3378571354079997e-08
3190.648,10.0,1.3361840134048024e-08
3191.13,10.0,1.3345132559994453e-08
3191.613,10.0,1.3328414005084244e-08
3192.094,10.0,1.3311788200629297e-08
3192.577,10.0,1.3295116849014658e-08
3193.059,10.0,1.3278503535093602e-08
3193.541,10.0,1.3261913681149416e-08
3194.023,10.0,1.3245347250193088e-08
3194.505,10.0,1.322880420530125e-08
3194.987,10.0,1.3212284509612784e-08
3195.469,10.0,1.3195788126328049e-08
3195.951,10.0,1.3179315018716609e-08
3196.434,10.0,1.3162831045883754e-08
3196.916,10.0,1.3146404427774524e-08
3197.398,10.0,1.3130000975446668e-08
3197.88,10.0,1.3113620652423614e-08
3198.362,10.0,1.3097263422291357e-08
3198.844,10.0,1.3080929248698939e-08
3199.326,10.0,1.306461809535707e-08
3199.808,10.0,1.3048329926044063e-08
3200.291,10.0,1.3032030983155617e-08
3200.773,10.0,1.3015788720977811e-08
3201.255,10.0,1.2999569334455764e-08
3201.737,10.0,1.29833727876211e-08
3202.219,10.0,1.2967199044562182e-08
3202.701,10.0,1.2951048069431704e-08
3203.183,10.0,1.2934919826443828e-08
3203.665,10.0,1.2918814279874161e-08
3204.147,10.0,1.2902731394062744e-08
3204.63,10.0,1.2886637836861513e-08
3205.112,10.0,1.2870600212660684e-08
3205.594,10.0,1.2854585142532201e-08
3206.076,10.0,1.2838592591060842e-08
3206.558,10.0,1.2822622522895293e-08
3207.04,10.0,1.2806674902745661e-08
3207.522,10.0,1.279074969537958e-08
3208.004,10.0,1.2774846865630632e-08
3208.487,10.0,1.2758933454520939e-08
3208.969,10.0,1.2743075320984604e-08
3209.451,10.0,1.272723945985271e-08
3209.933,10.0,1.2711425836195945e-08
3210.415,10.0,1.2695634415154186e-08
3210.897,10.0,1.2679865161921477e-08
3211.379,10.0,1.2664118041749297e-08
3211.861,10.0,1.264839301996081e-08
3212.344,10.0,1.2632657506086818e-08
3212.826,10.0,1.2616976622914404e-08
3213.308,10.0,1.2601317734359814e-08
3213.79,10.0,1.2585680805979199e-08
3214.272,10.0,1.2570065803387514e-08
3214.754,10.0,1.255447269226056e-08
3215.236,10.0,1.2538901438332263e-08
3215.718,10.0,1.2523352007396865e-08
3216.2,10.0,1.2507824365306072e-08
3216.683,10.0,1.2492286330674564e-08
3217.165,10.0,1.2476802209098703e-08
3217.647,10.0,1.2461339774212258e-08
3218.129,10.0,1.2445898992103299e-08
3218.611,10.0,1.243047982891712e-08
3219.093,10.0,1.2415082250863396e-08
3219.575,10.0,1.2399706224201964e-08
3220.057,10.0,1.2384351715259858e-08
3220.54,10.0,1.2368986901467275e-08
3221.021,10.0,1.2353707116104916e-08
3221.504,10.0,1.2338385258750288e-08
3221.986,10.0,1.2323116529392352e-08
3222.468,10.0,1.230786915016586e-08
3222.95,10.0,1.2292643087740136e-08
3223.432,10.0,1.2277438308844164e-08
3223.914,10.0,1.2262254780262358e-08
3224.396,10.0,1.2247092468834702e-08
3224.878,10.0,1.223195134146416e-08
3225.361,10.0,1.2216800017824632e-08
3225.843,10.0,1.220170120327144e-08
3226.325,10.0,1.218662347374654e-08
3226.807,10.0,1.2171566796376531e-08
3227.289,10.0,1.2156531138345404e-08
3227.771,10.0,1.2141516466896707e-08
3228.253,10.0,1.2126522749325281e-08
3228.735,10.0,1.2111549952983142e-08
3229.218,10.0,1.2096567046415655e-08
3229.7,10.0,1.2081636038054914e-08
3230.182,10.0,1.2066725853253099e-08
3230.664,10.0,1.2051836459592297e-08
3231.146,10.0,1.2036967824698781e-08
3231.628,10.0,1.2022119916269094e-08
3232.11,10.0,1.200729270204254e-08
3232.592,10.0,1.1992486149821793e-08
3233.074,10.0,1.1977700227464053e-08
3233.557,10.0,1.1962904290812523e-08
3234.039,10.0,1.1948159574598001e-08
3234.521,10.0,1.1933435392078599e-08
3235.003,10.0,1.1918731711328761e-08
3235.485,10.0,1.1904048500478348e-08
3235.967,10.0,1.1889385727716674e-08
3236.449,10.0,1.1874743361280607e-08
3236.931,10.0,1.1860121369467303e-08
3237.414,10.0,1.1845489447874013e-08
3237.896,10.0,1.1830908152515852e-08
3238.378,10.0,1.1816347136927653e-08
3238.86,10.0,1.180180636962012e-08
3239.342,10.0,1.1787285819160683e-08
3239.824,10.0,1.177278545417009e-08
3240.306,10.0,1.1758305243321763e-08
3240.788,10.0,1.1743845155342581e-08
3241.271,10.0,1.172937522138328e-08
3241.753,10.0,1.1714955327131857e-08
3242.235,10.0,1.1700555462193213e-08
3242.717,10.0,1.1686175595507745e-08
3243.199,10.0,1.167181569607105e-08
3243.681,10.0,1.1657475732931489e-08
3244.163,10.0,1.1643155675192272e-08
3244.645,10.0,1.1628855492005853e-08
3245.127,10.0,1.161457515257998e-08
3245.61,10.0,1.1600285060594372e-08
3246.092,10.0,1.1586044357532357e-08
3246.574,10.0,1.1571823406107079e-08
3247.056,10.0,1.1557622175733196e-08
3247.538,10.0,1.1543440635882636e-08
3248.02,10.0,1.1529278756076656e-08
3248.502,10.0,1.1515136505890346e-08
3248.984,10.0,1.150101385495122e-08
3249.467,10.0,1.148688153375051e-08
3249.948,10.0,1.147282722957506e-08
3250.431,10.0,1.1458734036413956e-08
3250.913,10.0,1.144468952014181e-08
3251.395,10.0,1.1430664451961692e-08
3251.877,10.0,1.1416658801813078e-08
3252.359,10.0,1.1402672539682327e-08
3252.841,10.0,1.1388705635609903e-08
3253.323,10.0,1.1374758059687184e-08
3253.805,10.0,1.1360829782054668e-08
3254.288,10.0,1.1346891936047602e-08
3254.77,10.0,1.1333002205508782e-08
3255.252,10.0,1.1319131683930115e-08
3255.734,10.0,1.1305280341655493e-08
3256.216,10.0,1.1291448149082228e-08
3256.698,10.0,1.1277635076655763e-08
3257.18,10.0,1.1263841094873669e-08
3257.662,10.0,1.1250066174283791e-08
3258.145,10.0,1.1236281766056418e-08
3258.627,10.0,1.1222544919082305e-08
3259.109,10.0,1.1208827045182341e-08
3259.591,10.0,1.1195128115102429e-08
3260.073,10.0,1.118144809964015e-08
3260.555,10.0,1.1167786969641647e-08
3261.037,10.0,1.115414469600488e-08
3261.519,10.0,1.114052124967627e-08
3262.001,10.0,1.1126916601649728e-08
3262.484,10.0,1.1113302555994717e-08
3262.966,10.0,1.1099735456612873e-08
3263.448,10.0,1.1086187068758294e-08
3263.93,10.0,1.1072657363623557e-08
3264.412,10.0,1.1059146312452728e-08
3264.894,10.0,1.1045653886533659e-08
3265.376,10.0,1.1032180057208242e-08
3265.858,10.0,1.1018724795865124e-08
3266.341,10.0,1.1005260216175529e-08
3266.823,10.0,1.0991842043530086e-08
3267.305,10.0,1.0978442353265015e-08
3267.787,10.0,1.0965061116961122e-08
3268.269,10.0,1.0951698306250417e-08
3268.751,10.0,1.0938353892812934e-08
3269.233,10.0,1.0925027848375015e-08
3269.715,10.0,1.091172014471227e-08
3270.198,10.0,1.0898403201313785e-08
3270.68,10.0,1.08851321326245e-08
3271.162,10.0,1.0871879320264242e-08
3271.644,10.0,1.0858644736202786e-08
3272.126,10.0,1.0845428352450854e-08
3272.608,10.0,1.0832230141071292e-08
3273.09,10.0,1.0819050074174493e-08
3273.572,10.0,1.0805888123915907e-08
3274.054,10.0,1.0792744262499038e-08
3274.537,10.0,1.0779591248978855e-08
3275.019,10.0,1.0766483519429275e-08
3275.501,10.0,1.0753393795558262e-08
3275.983,10.0,1.0740322049756976e-08
3276.465,10.0,1.0727268254462988e-08
3276.947,10.0,1.0714232382163654e-08
3277.429,10.0,1.0701214405388825e-08
3277.911,10.0,1.0688214296717211e-08
3278.394,10.0,1.0675205113135342e-08
3278.875,10.0,1.0662267574232524e-08
3279.358,10.0,1.064929406396934e-08
3279.84,10.0,1.0636365191240173e-08
3280.322,10.0,1.0623454050144558e-08
3280.804,10.0,1.061056061354111e-08
3281.286,10.0,1.0597684854328975e-08
3281.768,10.0,1.0584826745456133e-08
3282.25,10.0,1.0571986259915116e-08
3282.732,10.0,1.0559163370746453e-08
3283.215,10.0,1.0546331502225952e-08
3283.697,10.0,1.0533543761469588e-08
3284.179,10.0,1.052077353641782e-08
3284.661,10.0,1.0508020800294922e-08
3285.143,10.0,1.0495285526364836e-08
3285.625,10.0,1.0482567687940919e-08
3286.107,10.0,1.0469867258378473e-08
3286.589,10.0,1.0457184211080086e-08
3287.072,10.0,1.0444492260146075e-08
3287.554,10.0,1.043184393368182e-08
3288.036,10.0,1.0419212909900611e-08
3288.518,10.0,1.0406599162382651e-08
3289.0,10.0,1.039400266475124e-08
3289.482,10.0,1.0381423390678409e-08
3289.964,10.0,1.0368861313879507e-08
3290.446,10.0,1.0356316408109102e-08
3290.928,10.0,1.0343788647172885e-08
3291.411,10.0,1.0331252067004325e-08
3291.893,10.0,1.0318758552756192e-08
3292.375,10.0,1.0306282104958657e-08
3292.857,10.0,1.0293822697595031e-08
3293.339,10.0,1.0281380304686519e-08
3293.821,10.0,1.0268954900298963e-08
3294.303,10.0,1.0256546458543986e-08
3294.785,10.0,1.0244154953574005e-08
3295.268,10.0,1.0231754703717755e-08
3295.75,10.0,1.0219397029961494e-08
3296.232,10.0,1.0207056215661515e-08
3296.714,10.0,1.0194732235144205e-08
3297.196,10.0,1.018242506278274e-08
3297.678,10.0,1.0170134672990256e-08
3298.16,10.0,1.0157861040221243e-08
3298.642,10.0,1.0145604138979667e-08
3299.125,10.0,1.013333856655927e-08
3299.607,10.0,1.0121115086620675e-08
2500.257,15.0,1.0324797231206274e-07
2500.739,15.0,1.0307873571433617e-07
2501.221,15.0,1.0290981391284464e-07
2501.703,15.0,1.0274120625120308e-07
2502.186,15.0,1.0257256324194168e-07
2502.668,15.0,1.0240458254534043e-07
2503.15,15.0,1.0223691402722994e-07
2503.632,15.0,1.0206955703729867e-07
2504.114,15.0,1.019025109267375e-07
2504.596,15.0,1.0173577504823525e-07
2505.078,15.0,1.0156934875596626e-07
2505.56,15.0,1.0140323140562009e-07
2506.042,15.0,1.0123742235434865e-07
2506.525,15.0,1.0107157791628114e-07
2507.007,15.0,1.0090638417689034e-07
2507.489,15.0,1.0074149681563403e-07
2507.971,15.0,1.0057691519559761e-07
2508.453,15.0,1.0041263868132776e-07
2508.935,15.0,1.0024866663884082e-07
2509.417,15.0,1.0008499843561196e-07
2509.899,15.0,9.99216334405834e-08
2510.382,15.0,9.975823303446456e-08
2510.864,15.0,9.959547319424662e-08
2511.346,15.0,9.943301467644672e-08
2511.828,15.0,9.927085685579031e-08
2512.31,15.0,9.910899910846708e-08
2512.792,15.0,9.894744081207214e-08
2513.274,15.0,9.87861813456563e-08
2513.756,15.0,9.862522008967637e-08
2514.239,15.0,9.846422340786554e-08
2514.721,15.0,9.830385733538619e-08
2515.203,15.0,9.81437876220316e-08
2515.685,15.0,9.798401365395445e-08
2516.167,15.0,9.782453481871495e-08
2516.649,15.0,9.76653505052809e-08
2517.131,15.0,9.750646010403384e-08
2517.613,15.0,9.73478630067416e-08
2518.095,15.0,9.718955860658799e-08
2518.578,15.0,9.703121877497399e-08
2519.06,15.0,9.687349855828375e-08
2519.542,15.0,9.671606922533181e-08
2520.024,15.0,9.655893017484209e-08
2520.506,15.0,9.640208080693142e-08
2520.988,15.0,9.624552052307395e-08
2521.47,15.0,9.608924872610974e-08
2521.952,15.0,9.593326482027062e-08
2522.435,15.0,9.577724548736238e-08
2522.917,15.0,9.562183617610524e-08
2523.399,15.0,9.546671297558117e-08
2523.881,15.0,9.531187529545439e-08
2524.363,15.0,9.515732254674729e-08
2524.845,15.0,9.500305414181685e-08
2525.327,15.0,9.484906949437956e-08
2525.809,15.0,9.469536801947133e-08
2526.292,15.0,9.454163113039085e-08
2526.773,15.0,9.43888122541464e-08
2527.256,15.0,9.423563996515219e-08
2527.738,15.0,9.40830659396597e-08
2528.22,15.0,9.393077218075186e-08
2528.702,15.0,9.377875811145228e-08
2529.184,15.0,9.362702315611397e-08
2529.666,15.0,9.347556674039519e-08
2530.148,15.0,9.332438829127712e-08
2530.63,15.0,9.317348723702865e-08
2531.113,15.0,9.302255079620114e-08
2531.595,15.0,9.287220339431297e-08
2532.077,15.0,9.272213167877279e-08
2532.559,15.0,9.2572335083072e-08
2533.041,15.0,9.242281304197712e-08
2533.523,15.0,9.22735649915481e-08
2534.005,15.0,9.212459036914213e-08
2534.487,15.0,9.197588861338492e-08
2534.969,15.0,9.182745916418007e-08
2535.452,15.0,9.167899436368419e-08
2535.934,15.0,9.153110841445952e-08
2536.416,15.0,9.13834930979946e-08
2536.898,15.0,9.123614785929632e-08
2537.38,15.0,9.10890721446054e-08
2537.862,15.0,9.094226540144284e-08
2538.344,15.0,9.07957270785806e-08
2538.826,15.0,9.064945662603192e-08
2539.309,15.0,9.05031508615328e-08
2539.791,15.0,9.035741505761055e-08
2540.273,15.0,9.021194548044965e-08
2540.755,15.0,9.006674158504844e-08
2541.237,15.0,8.99218028276571e-08
2541.719,15.0,8.977712866576353e-08
2542.201,15.0,8.963271855806743e-08
2542.683,15.0,8.948857196451732e-08
2543.166,15.0,8.934439010554402e-08
2543.648,15.0,8.92007694689354e-08
2544.13,15.0,8.905741073252393e-08
2544.612,15.0,8.891431336113899e-08
2545.094,15.0,8.877147682081883e-08
2545.576,15.0,8.86289005788198e-08
2546.058,15.0,8.848658410358725e-08
2546.54,15.0,8.834452686479993e-08
2547.022,15.0,8.820272833330628e-08
2547.505,15.0,8.806089459700172e-08
2547.987,15.0,8.791961243149172e-08
2548.469,15.0,8.777858739195614e-08
2548.951,15.0,8.763781895402999e-08
2549.433,15.0,8.749730659454925e-08
2549.915,15.0,8.735704979152078e-08
2550.397,15.0,8.72170480241366e-08
2550.879,15.0,8.707730077275874e-08
2551.362,15.0,8.693751837750826e-08
2551.844,15.0,8.679827912929528e-08
2552.326,15.0,8.665929284415528e-08
2552.808,15.0,8.652055900714403e-08
2553.29,15.0,8.638207710447112e-08
2553.772,15.0,8.624384662350356e-08
2554.254,15.0,8.610586705278538e-08
2554.736,15.0,8.596813788198796e-08
2555.219,15.0,8.583037363463313e-08
2555.7,15.0,8.569342870465055e-08
2556.183,15.0,8.555616374859272e-08
2556.665,15.0,8.54194316120818e-08
2557.147,15.0,8.52829473400822e-08
2557.629,15.0,8.514671042914952e-08
2558.111,15.0,8.501072037695904e-08
2558.593,15.0,8.487497668233819e-08
2559.075,15.0,8.47394788452307e-08
2559.557,15.0,8.460422636671489e-08
2560.04,15.0,8.446893890436396e-08
2560.522,15.0,8.433417615718405e-08
2561.004,15.0,8.419965727749932e-08
2561.486,15.0,8.406538177086271e-08
2561.968,15.0,8.39313491439532e-08
2562.45,15.0,8.379755890451642e-08
2562.932,15.0,8.366401056144814e-08
2563.414,15.0,8.353070362472308e-08
2563.896,15.0,8.339763760542504e-08
2564.379,15.0,8.326453669355067e-08
2564.861,15.0,8.313195154405559e-08
2565.343,15.0,8.29996058507849e-08
2565.825,15.0,8.286749912923475e-08
2566.307,15.0,8.273563089594316e-08
2566.789,15.0,8.260400066854582e-08
2567.271,15.0,8.247260796575633e-08
2567.753,15.0,8.234145230737156e-08
2568.236,15.0,8.221026184346478e-08
2568.718,15.0,8.207957932689157e-08
2569.2,15.0,8.194913241957957e-08
2569.682,15.0,8.181892064560254e-08
2570.164,15.0,8.168894353012895e-08
2570.646,15.0,8.155920059938057e-08
2571.128,15.0,8.14296913806249e-08
2571.61,15.0,8.130041540220775e-08
2572.093,15.0,8.117110471066981e-08
2572.575,15.0,8.104229428362922e-08
2573.057,15.0,8.09137156872987e-08
2573.539,15.0,8.078536845421867e-08
2574.021,15.0,8.06572521179908e-08
2574.503,15.0,8.052936621325636e-08
2574.985,15.0,8.040171027567229e-08
2575.467,15.0,8.027428384197408e-08
2575.949,15.0,8.014708644990932e-08
2576.432,15.0,8.001985445475941e-08
2576.914,15.0,7.989311423611809e-08
2577.396,15.0,7.976660167759445e-08
2577.878,15.0,7.964031632104022e-08
2578.36,15.0,7.951425770935352e-08
2578.842,15.0,7.93884253864478e-08
2579.324,15.0,7.926281889724165e-08
2579.806,15.0,7.91374377876861e-08
2580.289,15.0,7.901202217809522e-08
2580.771,15.0,7.888709093494117e-08
2581.253,15.0,7.876238371440307e-08
2581.735,15.0,7.863790006643757e-08
2582.217,15.0,7.851363954203758e-08
2582.699,15.0,7.838960169318598e-08
2583.181,15.0,7.826578607285604e-08
2583.663,15.0,7.814219223503145e-08
2584.146,15.0,7.801856400489847e-08
2584.627,15.0,7.78956681277358e-08
2585.11,15.0,7.777248215613315e-08
2585.592,15.0,7.764977146386814e-08
2586.074,15.0,7.752728033790978e-08
2586.556,15.0,7.740500833814625e-08
2587.038,15.0,7.728295502546573e-08
2587.52,15.0,7.716111996171645e-08
2588.002,15.0,7.703950270972315e-08
2588.484,15.0,7.691810283328102e-08
2588.967,15.0,7.679666870548531e-08
2589.449,15.0,7.667570272414622e-08
2589.931,15.0,7.6554952814652e-08
2590.413,15.0,7.64344185446588e-08
2590.895,15.0,7.631409948280085e-08
2591.377,15.0,7.619399519864382e-08
2591.859,15.0,7.607410526272079e-08
2592.341,15.0,7.59544292465058e-08
2592.823,15.0,7.583496672244917e-08
2593.306,15.0,7.571547007958495e-08
2593.788,15.0,7.559643370162932e-08
2594.27,15.0,7.547760953791782e-08
2594.752,15.0,7.53589971646674e-08
2595.234,15.0,7.524059615902052e-08
2595.716,15.0,7.512240609906944e-08
2596.198,15.0,7.500442656383056e-08
2596.68,15.0,7.488665713326299e-08
2597.163,15.0,7.476885370603622e-08
2597.645,15.0,7.465150366210949e-08
2598.127,15.0,7.453436246740954e-08
2598.609,15.0,7.441742970559412e-08
2599.091,15.0,7.430070496124164e-08
2599.573,15.0,7.41841878198559e-08
2600.055,15.0,7.406787786784364e-08
2600.537,15.0,7.395177469253533e-08
2601.02,15.0,7.383563764657816e-08
2601.502,15.0,7.371994721715666e-08
2601.984,15.0,7.36044623310309e-08
2602.466,15.0,7.348918257915421e-08
2602.948,15.0,7.337410755339866e-08
2603.43,15.0,7.325923684651565e-08
2603.912,15.0,7.314457005218746e-08
2604.394,15.0,7.303010676495723e-08
2604.876,15.0,7.29158465802803e-08
2605.359,15.0,7.280155267113889e-08
2605.841,15.0,7.268769790077603e-08
2606.323,15.0,7.257404502383894e-08
2606.805,15.0,7.246059363933243e-08
2607.287,15.0,7.234734334714334e-08
2607.769,15.0,7.223429374804481e-08
2608.251,15.0,7.212144444369908e-08
2608.733,15.0,7.200879503662885e-08
2609.216,15.0,7.189611203877511e-08
2609.698,15.0,7.178386165000366e-08
2610.18,15.0,7.167180997051222e-08
2610.662,15.0,7.155995660631096e-08
2611.144,15.0,7.144830116428989e-08
2611.626,15.0,7.133684325219412e-08
2612.108,15.0,7.122558247862604e-08
2612.59,15.0,7.111451845306887e-08
2613.073,15.0,7.100342097376278e-08
2613.554,15.0,7.08929790880957e-08
2614.037,15.0,7.078227397138354e-08
2614.519,15.0,7.067199345419356e-08
2615.001,15.0,7.056190774436726e-08
2615.483,15.0,7.045201645649212e-08
2615.965,15.0,7.034231920600144e-08
2616.447,15.0,7.023281560916916e-08
2616.929,15.0,7.012350528311329e-08
2617.411,15.0,7.001438784578119e-08
2617.894,15.0,6.990523713049224e-08
2618.376,15.0,6.979650472605037e-08
2618.858,15.0,6.968796406843185e-08
2619.34,15.0,6.957961477893893e-08
2619.822,15.0,6.947145647968413e-08
2620.304,15.0,6.936348879362904e-08
2620.786,15.0,6.925571134455007e-08
2621.268,15.0,6.914812375704384e-08
2621.75,15.0,6.90407256565276e-08
2622.233,15.0,6.893329444028965e-08
2622.715,15.0,6.882627458449475e-08
2623.197,15.0,6.871944309609753e-08
2623.679,15.0,6.861279960378637e-08
2624.161,15.0,6.8506343737059e-08
2624.643,15.0,6.840007512622833e-08
2625.125,15.0,6.829399340240738e-08
2625.607,15.0,6.818809819752341e-08
2626.09,15.0,6.808217002416367e-08
2626.572,15.0,6.797664714120373e-08
2627.054,15.0,6.787130967700496e-08
2627.536,15.0,6.776615726669302e-08
2628.018,15.0,6.76611895462044e-08
2628.5,15.0,6.75564061522451e-08
2628.982,15.0,6.745180672233238e-08
2629.464,15.0,6.734739089476549e-08
2629.947,15.0,6.72429422486802e-08
2630.429,15.0,6.713889292291173e-08
2630.911,15.0,6.703502611836956e-08
2631.393,15.0,6.693134147650016e-08
2631.875,15.0,6.682783863953567e-08
2632.357,15.0,6.672451725047031e-08
2632.839,15.0,6.66213769530946e-08
2633.321,15.0,6.651841739196352e-08
2633.803,15.0,6.64156382124115e-08
2634.286,15.0,6.631282638612226e-08
2634.768,15.0,6.621040728120642e-08
2635.25,15.0,6.61081674977533e-08
2635.732,15.0,6.600610668417078e-08
2636.214,15.0,6.590422448963237e-08
2636.696,15.0,6.580252056407744e-08
2637.178,15.0,6.570099455818871e-08
2637.66,15.0,6.559964612343438e-08
2638.143,15.0,6.549826519722452e-08
2638.625,15.0,6.539727122872242e-08
2639.107,15.0,6.52964537895287e-08
2639.589,15.0,6.519581253412087e-08
2640.071,15.0,6.509534711771429e-08
2640.553,15.0,6.499505719628769e-08
2641.035,15.0,6.489494242655313e-08
2641.517,15.0,6.479500246597687e-08
2642.0,15.0,6.469503017153267e-08
2642.481,15.0,6.459564560584861e-08
2642.964,15.0,6.449602194479899e-08
2643.446,15.0,6.439677816978536e-08
2643.928,15.0,6.429770750163151e-08
2644.41,15.0,6.419880960224227e-08
2644.892,15.0,6.410008413423063e-08
2645.374,15.0,6.400153076096011e-08
2645.856,15.0,6.390314914650749e-08
2646.338,15.0,6.380493895569395e-08
2646.821,15.0,6.370669663103422e-08
2647.303,15.0,6.360882863872982e-08
2647.785,15.0,6.351113106814639e-08
2648.267,15.0,6.341360358698057e-08
2648.749,15.0,6.331624586365894e-08
2649.231,15.0,6.321905756731108e-08
2649.713,15.0,6.312203836779603e-08
2650.195,15.0,6.302518793567489e-08
2650.677,15.0,6.292850594222545e-08
2651.16,15.0,6.283179199768816e-08
2651.642,15.0,6.273544624600865e-08
2652.124,15.0,6.263926795040898e-08
2652.606,15.0,6.254325678499546e-08
2653.088,15.0,6.244741242457504e-08
2653.57,15.0,6.23517345446601e-08
2654.052,15.0,6.225622282146455e-08
2654.534,15.0,6.216087693189831e-08
2655.017,15.0,6.206549925572828e-08
2655.499,15.0,6.197048440930511e-08
2655.981,15.0,6.187563443075139e-08
2656.463,15.0,6.178094899975206e-08
2656.945,15.0,6.168642779667295e-08
2657.427,15.0,6.159207050258881e-08
2657.909,15.0,6.149787679924635e-08
2658.391,15.0,6.140384636908323e-08
2658.874,15.0,6.130978431860102e-08
2659.356,15.0,6.121607982193793e-08
2659.838,15.0,6.112253764920135e-08
2660.32,15.0,6.102915748556009e-08
2660.802,15.0,6.093593901684344e-08
2661.284,15.0,6.084288192957278e-08
2661.766,15.0,6.074998591092842e-08
2662.248,15.0,6.065725064877262e-08
2662.73,15.0,6.056467583164171e-08
2663.213,15.0,6.04720695832591e-08
2663.695,15.0,6.037981505569469e-08
2664.177,15.0,6.028772004210403e-08
2664.659,15.0,6.019578423368186e-08
2665.141,15.0,6.010400732230048e-08
2665.623,15.0,6.001238900047065e-08
2666.105,15.0,5.992092896137817e-08
2666.587,15.0,5.98296268988632e-08
2667.07,15.0,5.973829357485797e-08
2667.552,15.0,5.964730687580103e-08
2668.034,15.0,5.955647723814672e-08
2668.516,15.0,5.946580435833499e-08
2668.998,15.0,5.9375287933485844e-08
2669.48,15.0,5.928492766135048e-08
2669.962,15.0,5.919472324033294e-08
2670.444,15.0,5.910467436948017e-08
2670.927,15.0,5.9014594408367745e-08
2671.408,15.0,5.892504207768202e-08
2671.891,15.0,5.8835272359641095e-08
2672.373,15.0,5.874584301271999e-08
2672.855,15.0,5.865656772022569e-08
2673.337,15.0,5.856744618504451e-08
2673.819,15.0,5.847847811070346e-08
2674.301,15.0,5.838966320137175e-08
2674.783,15.0,5.830100116183596e-08
2675.265,15.0,5.8212491697517034e-08
2675.748,15.0,5.812395135890395e-08
2676.23,15.0,5.8035746478839355e-08
2676.712,15.0,5.7947693293428117e-08
2677.194,15.0,5.785979151060411e-08
2677.676,15.0,5.7772040838921345e-08
2678.158,15.0,5.7684440987557834e-08
2678.64,15.0,5.759699166631505e-08
2679.122,15.0,5.750969258560554e-08
2679.604,15.0,5.742254345647135e-08
2680.087,15.0,5.733536364911402e-08
2680.569,15.0,5.724851386829794e-08
2681.051,15.0,5.716181317524614e-08
2681.533,15.0,5.707526128345565e-08
2682.015,15.0,5.69888579070272e-08
2682.497,15.0,5.6902602760679456e-08
2682.979,15.0,5.681649555971256e-08
2683.461,15.0,5.673053602006216e-08
2683.944,15.0,5.664454597773073e-08
2684.426,15.0,5.655888121578009e-08
2684.908,15.0,5.647336326594702e-08
2685.39,15.0,5.638799184657682e-08
2685.872,15.0,5.6302766676594086e-08
2686.354,15.0,5.621768747553497e-08
2686.836,15.0,5.613275396352038e-08
2687.318,15.0,5.604796586127734e-08
2687.801,15.0,5.596314743297215e-08
2688.283,15.0,5.587864961503968e-08
2688.765,15.0,5.579429637202977e-08
2689.247,15.0,5.571008742702185e-08
2689.729,15.0,5.562602250369406e-08
2690.211,15.0,5.5542101326313995e-08
2690.693,15.0,5.545832361971206e-08
2691.175,15.0,5.5374689109338965e-08
2691.657,15.0,5.529119752119982e-08
2692.14,15.0,5.5207675806874605e-08
2692.622,15.0,5.512446953867303e-08
2693.104,15.0,5.5041405373665246e-08
2693.586,15.0,5.4958483040176804e-08
2694.068,15.0,5.487570226711868e-08
2694.55,15.0,5.4793062783974626e-08
2695.032,15.0,5.471056432079061e-08
2695.514,15.0,5.462820660819519e-08
2695.997,15.0,5.454581894806244e-08
2696.479,15.0,5.446374222142495e-08
2696.961,15.0,5.438180544011436e-08
2697.443,15.0,5.430000833702109e-08
2697.925,15.0,5.421835064562165e-08
2698.407,15.0,5.413683209994132e-08
2698.889,15.0,5.405545243456489e-08
2699.371,15.0,5.397421138465226e-08
2699.854,15.0,5.38929405666772e-08
2700.335,15.0,5.381214407459919e-08
2700.818,15.0,5.373114974021562e-08
2701.3,15.0,5.365046079995116e-08
2701.782,15.0,5.356990915872897e-08
2702.264,15.0,5.3489494555043805e-08
2702.746,15.0,5.340921672793055e-08
2703.228,15.0,5.332907541699422e-08
2703.71,15.0,5.324907036236907e-08
2704.192,15.0,5.3169201304756895e-08
2704.675,15.0,5.3089302704482216e-08
2705.157,15.0,5.300970514594836e-08
2705.639,15.0,5.293024280925098e-08
2706.121,15.0,5.285091543724574e-08
2706.603,15.0,5.277172277335198e-08
2707.085,15.0,5.2692664561522016e-08
2707.567,15.0,5.261374054626044e-08
2708.049,15.0,5.253495047258829e-08
2708.531,15.0,5.2456294086080886e-08
2709.014,15.0,5.237760836067979e-08
2709.496,15.0,5.22992188633906e-08
2709.978,15.0,5.222096229266243e-08
2710.46,15.0,5.214283839619153e-08
2710.942,15.0,5.2064846922224784e-08
2711.424,15.0,5.198698761951409e-08
2711.906,15.0,5.190926023736672e-08
2712.388,15.0,5.183166452559385e-08
2712.871,15.0,5.175403965668608e-08
2713.353,15.0,5.16767068091171e-08
2713.835,15.0,5.1599504884018766e-08
2714.317,15.0,5.152243363331125e-08
2714.799,15.0,5.144549280943581e-08
2715.281,15.0,5.136868216534318e-08
2715.763,15.0,5.1292001454521834e-08
2716.245,15.0,5.121545043095357e-08
2716.728,15.0,5.1138870432542255e-08
2717.21,15.0,5.1062578315327394e-08
2717.692,15.0,5.098641514993492e-08
2718.174,15.0,5.0910380692421085e-08
2718.656,15.0,5.0834474699350585e-08
2719.138,15.0,5.0758696927794105e-08
2719.62,15.0,5.068304713533892e-08
2720.102,15.0,5.060752508006743e-08
2720.584,15.0,5.053213052058808e-08
2721.067,15.0,5.045670719187714e-08
2721.549,15.0,5.038156716504604e-08
2722.031,15.0,5.0306553912327205e-08
2722.513,15.0,5.023166719433366e-08
2722.995,15.0,5.0156906772175603e-08
2723.477,15.0,5.0082272407471504e-08
2723.959,15.0,5.00077638623373e-08
2724.441,15.0,4.993338089937383e-08
2724.924,15.0,4.9858969350378345e-08
2725.406,15.0,4.9784837100903915e-08
2725.888,15.0,4.971082972391602e-08
2726.37,15.0,4.9636946984007094e-08
2726.852,15.0,4.956318864626333e-08
2727.334,15.0,4.9489554476253346e-08
2727.816,15.0,4.941604424004186e-08
2728.298,15.0,4.934265770416859e-08
2728.781,15.0,4.926924276579611e-08
2729.262,15.0,4.919625480210167e-08
2729.745,15.0,4.9123086611933285e-08
2730.227,15.0,4.905019280714397e-08
2730.709,15.0,4.897742154226284e-08
2731.191,15.0,4.8904772586730994e-08
2731.673,15.0,4.883224571050658e-08
2732.155,15.0,4.875984068399166e-08
2732.637,15.0,4.868755727809009e-08
2733.119,15.0,4.861539526417642e-08
2733.602,15.0,4.854320507754306e-08
2734.084,15.0,4.8471285414295176e-08
2734.566,15.0,4.839948645952638e-08
2735.048,15.0,4.832780798652425e-08
2735.53,15.0,4.825624976902465e-08
2736.012,15.0,4.818481158124833e-08
2736.494,15.0,4.811349319787205e-08
2736.976,15.0,4.8042294394057054e-08
2737.458,15.0,4.797121494541862e-08
2737.941,15.0,4.7900107531157655e-08
2738.423,15.0,4.782926636807338e-08
2738.905,15.0,4.775854388936285e-08
2739.387,15.0,4.768793987251206e-08
2739.869,15.0,4.7617454095458854e-08
2740.351,15.0,4.754708633661588e-08
2740.833,15.0,4.7476836374838214e-08
2741.315,15.0,4.740670398945644e-08
2741.798,15.0,4.733654382269998e-08
2742.28,15.0,4.7266646172710404e-08
2742.762,15.0,4.71968654393763e-08
2743.244,15.0,4.712720140385011e-08
2743.726,15.0,4.7057653847741704e-08
2744.208,15.0,4.698822255309827e-08
2744.69,15.0,4.6918907302436864e-08
2745.172,15.0,4.684970787872244e-08
2745.655,15.0,4.678048085796524e-08
2746.137,15.0,4.671151267799535e-08
2746.619,15.0,4.664265967608773e-08
2747.101,15.0,4.657392163700601e-08
2747.583,15.0,4.650529834594826e-08
2748.065,15.0,4.643678958855845e-08
2748.547,15.0,4.636839515092417e-08
2749.029,15.0,4.630011481957416e-08
2749.511,15.0,4.623194838148486e-08
2749.994,15.0,4.6163754553800375e-08
2750.476,15.0,4.609581550009635e-08
2750.958,15.0,4.602798970277165e-08
2751.44,15.0,4.596027695055178e-08
2751.922,15.0,4.5892677032602754e-08
2752.404,15.0,4.582518973853077e-08
2752.886,15.0,4.575781485836667e-08
2753.368,15.0,4.5690552182587625e-08
2753.851,15.0,4.562326230159829e-08
2754.333,15.0,4.555622363942552e-08
2754.815,15.0,4.5489296555207505e-08
2755.297,15.0,4.54224808411378e-08
2755.779,15.0,4.53557762898331e-08
2756.261,15.0,4.528918269436015e-08
2756.743,15.0,4.522269984819124e-08
2757.225,15.0,4.515632754523447e-08
2757.708,15.0,4.5089928221409084e-08
2758.189,15.0,4.5023913746690475e-08
2758.672,15.0,4.495773493875836e-08
2759.154,15.0,4.4891802983601676e-08
2759.636,15.0,4.482598054711531e-08
2760.118,15.0,4.476026742573566e-08
2760.6,15.0,4.469466341632045e-08
2761.082,15.0,4.462916831614755e-08
2761.564,15.0,4.4563781922925446e-08
2762.046,15.0,4.4498504034751903e-08
2762.529,15.0,4.4433199355994507e-08
2763.011,15.0,4.4368138097999225e-08
2763.493,15.0,4.430318474146439e-08
2763.975,15.0,4.423833908615562e-08
2764.457,15.0,4.417360093225959e-08
2764.939,15.0,4.4108970080365426e-08
2765.421,15.0,4.404444633147626e-08
2765.903,15.0,4.398002948699494e-08
2766.385,15.0,4.391571934874174e-08
2766.868,15.0,4.385138262697063e-08
2767.35,15.0,4.3787285528611585e-08
2767.832,15.0,4.3723294543968154e-08
2768.314,15.0,4.3659409476473604e-08
2768.796,15.0,4.359563012997478e-08
2769.278,15.0,4.35319563087204e-08
2769.76,15.0,4.3468387817356946e-08
2770.242,15.0,4.340492446093047e-08
2770.725,15.0,4.334143470484718e-08
2771.207,15.0,4.327818125215821e-08
2771.689,15.0,4.3215032351547006e-08
2772.171,15.0,4.3151987809655693e-08
2772.653,15.0,4.3089047433524063e-08
2773.135,15.0,4.302621103059042e-08
2773.617,15.0,4.296347840867847e-08
2774.099,15.0,4.290084937600988e-08
2774.582,15.0,4.283819412731988e-08
2775.064,15.0,4.277577191329976e-08
2775.546,15.0,4.271345271514745e-08
2776.028,15.0,4.265123634265518e-08
2776.51,15.0,4.2589122605994844e-08
2776.992,15.0,4.252711131572852e-08
2777.474,15.0,4.246520228281976e-08
2777.956,15.0,4.240339531859715e-08
2778.438,15.0,4.234169023478717e-08
2778.921,15.0,4.227995914121431e-08
2779.403,15.0,4.221845746534032e-08
2779.885,15.0,4.215705710696628e-08
2780.367,15.0,4.209575787936225e-08
2780.849,15.0,4.2034559596153204e-08
2781.331,15.0,4.197346207137459e-08
2781.813,15.0,4.1912465119415794e-08
2782.295,15.0,4.1851568555061436e-08
2782.778,15.0,4.17906461639645e-08
2783.26,15.0,4.1729950027972635e-08
2783.742,15.0,4.166935372580363e-08
2784.224,15.0,4.160885707373854e-08
2784.706,15.0,4.154845988844203e-08
2785.188,15.0,4.148816198694309e-08
2785.67,15.0,4.142796318665515e-08
2786.152,15.0,4.136786330535247e-08
2786.635,15.0,4.1307737779997e-08
2787.116,15.0,4.124795957267762e-08
2787.599,15.0,4.1188031385709374e-08
2788.081,15.0,4.1128325569081214e-08
2788.563,15.0,4.106871776551268e-08
2789.045,15.0,4.100920779498732e-08
2789.527,15.0,4.094979547787756e-08
2790.009,15.0,4.089048063490203e-08
2790.491,15.0,4.083126308715031e-08
2790.973,15.0,4.0772142656081256e-08
2791.456,15.0,4.0712996808768466e-08
2791.938,15.0,4.065407027743146e-08
2792.42,15.0,4.059524032894115e-08
2792.902,15.0,4.0536506786195536e-08
2793.384,15.0,4.047786947246252e-08
2793.866,15.0,4.04193282113562e-08
2794.348,15.0,4.036088282685484e-08
2794.83,15.0,4.030253314330061e-08
2795.312,15.0,4.024427898537646e-08
2795.795,15.0,4.018599961570139e-08
2796.277,15.0,4.012793618182049e-08
2796.759,15.0,4.006996774941619e-08
2797.241,15.0,4.001209414460075e-08
2797.723,15.0,3.995431519383969e-08
2798.205,15.0,3.9896630723941396e-08
2798.687,15.0,3.983904056207802e-08
2799.169,15.0,3.978154453576264e-08
2799.652,15.0,3.972402347899744e-08
2800.134,15.0,3.966671540212702e-08
2800.616,15.0,3.960950094509731e-08
2801.098,15.0,3.9552379936805014e-08
2801.58,15.0,3.949535220651383e-08
2802.062,15.0,3.943841758382405e-08
2802.544,15.0,3.938157589867826e-08
2803.026,15.0,3.932482698136911e-08
2803.509,15.0,3.9268053214438684e-08
2803.991,15.0,3.9211489516633836e-08
2804.473,15.0,3.915501807924077e-08
2804.955,15.0,3.909863873392055e-08
2805.437,15.0,3.9042351312675306e-08
2805.919,15.0,3.8986155647838666e-08
2806.401,15.0,3.893005157208671e-08
2806.883,15.0,3.8874038918442067e-08
2807.365,15.0,3.8818117520256694e-08
2807.848,15.0,3.876217147527078e-08
2808.33,15.0,3.870643227786834e-08
2808.812,15.0,3.865078383764662e-08
2809.294,15.0,3.859522598931131e-08
2809.776,15.0,3.8539758567885664e-08
2810.258,15.0,3.8484381408727286e-08
2810.74,15.0,3.84290943475391e-08
2811.222,15.0,3.8373897220333427e-08
2811.705,15.0,3.831867562605844e-08
2812.187,15.0,3.826365806196015e-08
2812.669,15.0,3.820872994156208e-08
2813.151,15.0,3.815389110221158e-08
2813.633,15.0,3.809914138157354e-08
2814.115,15.0,3.804448061764878e-08
2814.597,15.0,3.7989908648761244e-08
2815.079,15.0,3.7935425313552335e-08
2815.562,15.0,3.7880917690443624e-08
2816.043,15.0,3.7826723900404896e-08
2816.526,15.0,3.7772393106594774e-08
2817.008,15.0,3.771826288147784e-08
2817.49,15.0,3.7664220487810605e-08
2817.972,15.0,3.76102657661818e-08
2818.454,15.0,3.755639855749917e-08
2818.936,15.0,3.7502618702986814e-08
2819.418,15.0,3.744892604419112e-08
2819.9,15.0,3.739532042297835e-08
2820.383,15.0,3.734169073699898e-08
2820.865,15.0,3.7288258897569274e-08
2821.347,15.0,3.723491362288865e-08
2821.829,15.0,3.7181654756093145e-08
2822.311,15.0,3.71284821406256e-08
2822.793,15.0,3.707539562024853e-08
2823.275,15.0,3.7022395039030725e-08
2823.757,15.0,3.6969480241363705e-08
2824.24,15.0,3.6916541556758404e-08
2824.722,15.0,3.686379803776235e-08
2825.204,15.0,3.6811139837020216e-08
2825.686,15.0,3.6758566800170895e-08
2826.168,15.0,3.670607877314009e-08
2826.65,15.0,3.665367560218859e-08
2827.132,15.0,3.660135713387048e-08
2827.614,15.0,3.6549123215045255e-08
2828.096,15.0,3.649697369289228e-08
2828.579,15.0,3.6444800483099864e-08
2829.061,15.0,3.639281947131893e-08
2829.543,15.0,3.634092239923867e-08
2830.025,15.0,3.62891091152472e-08
2830.507,15.0,3.6237379468035963e-08
2830.989,15.0,3.6185733306604276e-08
2831.471,15.0,3.61341704802515e-08
2831.953,15.0,3.608269083858057e-08
2832.436,15.0,3.603118768572978e-08
2832.918,15.0,3.597987413521785e-08
2833.4,15.0,3.592864331967613e-08
2833.882,15.0,3.5877495089902025e-08
2834.364,15.0,3.5826429296995116e-08
2834.846,15.0,3.5775445792346125e-08
2835.328,15.0,3.572454442764567e-08
2835.81,15.0,3.567372505488417e-08
2836.292,15.0,3.562298752634077e-08
2836.775,15.0,3.5572226684329785e-08
2837.257,15.0,3.552165257128769e-08
2837.739,15.0,3.54711598607775e-08
2838.221,15.0,3.542074840624797e-08
2838.703,15.0,3.537041806145252e-08
2839.185,15.0,3.532016868044129e-08
2839.667,15.0,3.527000011753107e-08
2840.149,15.0,3.5219912227357644e-08
2840.632,15.0,3.516980119871668e-08
2841.114,15.0,3.511987438564644e-08
2841.596,15.0,3.5070027810612166e-08
2842.078,15.0,3.502026132939304e-08
2842.56,15.0,3.4970574798046516e-08
2843.042,15.0,3.492096807292838e-08
2843.524,15.0,3.487144101067673e-08
2844.006,15.0,3.482199346820927e-08
2844.489,15.0,3.477252296157157e-08
2844.97,15.0,3.4723336371749917e-08
2845.453,15.0,3.4674024520036915e-08
2845.935,15.0,3.462489379526927e-08
2846.417,15.0,3.457584187886273e-08
2846.899,15.0,3.452686862943575e-08
2847.381,15.0,3.44779739058907e-08
2847.863,15.0,3.442915756741298e-08
2848.345,15.0,3.438041947345362e-08
2848.827,15.0,3.4331759483765264e-08
2849.31,15.0,3.428307674671914e-08
2849.792,15.0,3.423457270720972e-08
2850.274,15.0,3.418614635256401e-08
2850.756,15.0,3.413779754363913e-08
2851.238,15.0,3.4089526141555045e-08
2851.72,15.0,3.4041332007718416e-08
2852.202,15.0,3.399321500380436e-08
2852.684,15.0,3.394517499176604e-08
2853.167,15.0,3.3897112404987924e-08
2853.649,15.0,3.3849226122662573e-08
2854.131,15.0,3.3801416419421823e-08
2854.613,15.0,3.3753683158306667e-08
2855.095,15.0,3.370602620263215e-08
2855.577,15.0,3.365844541597982e-08
2856.059,15.0,3.3610940662203056e-08
2856.541,15.0,3.356351180543184e-08
2857.023,15.0,3.3516158710054344e-08
2857.506,15.0,3.34687832332182e-08
2857.988,15.0,3.3421581411364114e-08
2858.47,15.0,3.337445494541007e-08
2858.952,15.0,3.332740370082137e-08
2859.434,15.0,3.328042754332472e-08
2859.916,15.0,3.323352633891928e-08
2860.398,15.0,3.318669995385805e-08
2860.88,15.0,3.3139948254670886e-08
2861.363,15.0,3.30931743449877e-08
2861.845,15.0,3.3046571772423774e-08
2862.327,15.0,3.300004348660115e-08
2862.809,15.0,3.29535893551034e-08
2863.291,15.0,3.290720924576185e-08
2863.773,15.0,3.286090302667233e-08
2864.255,15.0,3.281467056619436e-08
2864.737,15.0,3.2768511732947575e-08
2865.219,15.0,3.272242639580391e-08
2865.702,15.0,3.2676319039552594e-08
2866.184,15.0,3.263038045408305e-08
2866.666,15.0,3.258451497263207e-08
2867.148,15.0,3.253872246509945e-08
2867.63,15.0,3.249300280165e-08
2868.112,15.0,3.244735585270614e-08
2868.594,15.0,3.2401781488940234e-08
2869.076,15.0,3.2356279581284944e-08
2869.559,15.0,3.231075582378015e-08
2870.041,15.0,3.2265398591804105e-08
2870.523,15.0,3.222011342998439e-08
2871.005,15.0,3.217490021025888e-08
2871.487,15.0,3.212975880483196e-08
2871.969,15.0,3.2084689086143366e-08
2872.451,15.0,3.203969092689051e-08
2872.933,15.0,3.199476420002544e-08
2873.416,15.0,3.194981579173686e-08
2873.897,15.0,3.190512453649087e-08
2874.38,15.0,3.186031865478193e-08
2874.862,15.0,3.181567653894082e-08
2875.344,15.0,3.1771105223702875e-08
2875.826,15.0,3.172660458350214e-08
2876.308,15.0,3.168217449301974e-08
2876.79,15.0,3.163781482719333e-08
2877.272,15.0,3.159352546120116e-08
2877.754,15.0,3.154930627046039e-08
2878.237,15.0,3.1505065607640466e-08
2878.719,15.0,3.146098653959578e-08
2879.201,15.0,3.141697727427678e-08
2879.683,15.0,3.137303768807702e-08
2880.165,15.0,3.132916765764153e-08
2880.647,15.0,3.1285367059846563e-08
2881.129,15.0,3.1241635771818356e-08
2881.611,15.0,3.119797367091347e-08
2882.094,15.0,3.1154290264465354e-08
2882.576,15.0,3.111076631377487e-08
2883.058,15.0,3.1067311183484164e-08
2883.54,15.0,3.10239247519166e-08
2884.022,15.0,3.098060689763407e-08
2884.504,15.0,3.0937357499429584e-08
2884.986,15.0,3.0894176436341117e-08
2885.468,15.0,3.085106358763621e-08
2885.95,15.0,3.080801883282513e-08
2886.433,15.0,3.076495295877622e-08
2886.915,15.0,3.0722044171861856e-08
2887.397,15.0,3.0679203118522734e-08
2887.879,15.0,3.0636429679211426e-08
2888.361,15.0,3.059372373460022e-08
2888.843,15.0,3.055108516560438e-08
2889.325,15.0,3.0508513853376866e-08
2889.807,15.0,3.0466009679291534e-08
2890.29,15.0,3.0423484550652125e-08
2890.772,15.0,3.038111443659082e-08
2891.254,15.0,3.0338811105948907e-08
2891.736,15.0,3.029657444102936e-08
2892.218,15.0,3.025440432436334e-08
2892.7,15.0,3.021230063871783e-08
2893.182,15.0,3.017026326707863e-08
2893.664,15.0,3.0128292092660406e-08
2894.146,15.0,3.0086386998913584e-08
2894.629,15.0,3.004446113482544e-08
2895.111,15.0,3.00026879901588e-08
2895.593,15.0,2.996098057761834e-08
2896.075,15.0,2.991933878155601e-08
2896.557,15.0,2.9877762486551827e-08
2897.039,15.0,2.9836251577408285e-08
2897.521,15.0,2.979480593914949e-08
2898.003,15.0,2.9753425457022988e-08
2898.486,15.0,2.971202436735728e-08
2898.968,15.0,2.9670773988730265e-08
2899.45,15.0,2.962958842309012e-08
2899.932,15.0,2.9588467556576806e-08
2900.414,15.0,2.954741127555767e-08
2900.896,15.0,2.950641946660724e-08
2901.378,15.0,2.94654920165348e-08
2901.86,15.0,2.9424628812366762e-08
2902.343,15.0,2.9383745162552133e-08
2902.824,15.0,2.9343094690922032e-08
2903.307,15.0,2.930233923517979e-08
2903.789,15.0,2.9261732021478193e-08
2904.271,15.0,2.9221188491848098e-08
2904.753,15.0,2.91807085346206e-08
2905.235,15.0,2.914029203835255e-08
2905.717,15.0,2.9099938891812015e-08
2906.199,15.0,2.905964898398007e-08
2906.681,15.0,2.9019422204054282e-08
2907.164,15.0,2.897917517956892e-08
2907.646,15.0,2.89390744543094e-08
2908.128,15.0,2.889903652561455e-08
2908.61,15.0,2.8859061283539306e-08
2909.092,15.0,2.8819148618349042e-08
2909.574,15.0,2.8779298420529827e-08
2910.056,15.0,2.873951058077513e-08
2910.538,15.0,2.869978498998876e-08
2911.021,15.0,2.8660039314491163e-08
2911.503,15.0,2.8620438023786182e-08
2911.985,15.0,2.85808986558069e-08
2912.467,15.0,2.8541421102305734e-08
2912.949,15.0,2.8502005255240022e-08
2913.431,15.0,2.8462651006770953e-08
2913.913,15.0,2.8423358249279577e-08
2914.395,15.0,2.8384126875347722e-08
2914.877,15.0,2.8344956777766285e-08
2915.36,15.0,2.830576677419174e-08
2915.842,15.0,2.8266719035091097e-08
2916.324,15.0,2.822773225173772e-08
2916.806,15.0,2.8188806317748495e-08
2917.288,15.0,2.814994112694864e-08
2917.77,15.0,2.8111136573366743e-08
2918.252,15.0,2.807239255123403e-08
2918.734,15.0,2.8033708954988872e-08
2919.217,15.0,2.7995005610626024e-08
2919.699,15.0,2.795644267510977e-08
2920.181,15.0,2.7917939849792524e-08
2920.663,15.0,2.7879497029932335e-08
2921.145,15.0,2.7841114110983912e-08
2921.627,15.0,2.7802790988593653e-08
2922.109,15.0,2.7764527558626023e-08
2922.591,15.0,2.7726323717130767e-08
2923.073,15.0,2.768817936036587e-08
2923.556,15.0,2.76500154319723e-08
2924.038,15.0,2.7611989857117506e-08
2924.52,15.0,2.7574023456747816e-08
2925.002,15.0,2.753611612791409e-08
2925.484,15.0,2.7498267767875933e-08
2925.966,15.0,2.746047827407713e-08
2926.448,15.0,2.7422747544169258e-08
2926.93,15.0,2.738507547599552e-08
2927.413,15.0,2.7347383992074207e-08
2927.895,15.0,2.7309829062865825e-08
2928.377,15.0,2.7272332489893738e-08
2928.859,15.0,2.723489417178463e-08
2929.341,15.0,2.719751400736544e-08
2929.823,15.0,2.7160191895652487e-08
2930.305,15.0,2.7122927735856548e-08
2930.787,15.0,2.7085721427383525e-08
2931.27,15.0,2.704849585810579e-08
2931.751,15.0,2.701148196300755e-08
2932.234,15.0,2.6974371833942936e-08
2932.716,15.0,2.6937396047780095e-08
2933.198,15.0,2.6900477612655194e-08
2933.68,15.0,2.6863616429129935e-08
2934.162,15.0,2.6826812397953346e-08
2934.644,15.0,2.6790065420067238e-08
2935.126,15.0,2.6753375396604346e-08
2935.608,15.0,2.6716742228886107e-08
2936.091,15.0,2.6680089992679485e-08
2936.573,15.0,2.6643570358612295e-08
2937.055,15.0,2.6607107285178674e-08
2937.537,15.0,2.657070067445948e-08
2938.019,15.0,2.6534350428714556e-08
2938.501,15.0,2.649805645039627e-08
2938.983,15.0,2.6461818642142715e-08
2939.465,15.0,2.6425636906775912e-08
2939.948,15.0,2.638943625571621e-08
2940.43,15.0,2.6353366491171346e-08
2940.912,15.0,2.6317352508897378e-08
2941.394,15.0,2.6281394212470504e-08
2941.876,15.0,2.624549150562967e-08
2942.358,15.0,2.6209644292316397e-08
2942.84,15.0,2.617385247664701e-08
2943.322,15.0,2.6138115962927452e-08
2943.804,15.0,2.6102434655639726e-08
2944.287,15.0,2.606673460340179e-08
2944.769,15.0,2.6031163537206042e-08
2945.251,15.0,2.5995647391792654e-08
2945.733,15.0,2.596018607237788e-08
2946.215,15.0,2.5924779484356165e-08
2946.697,15.0,2.588942753330027e-08
2947.179,15.0,2.5854130124971773e-08
2947.661,15.0,2.5818887165297866e-08
2948.144,15.0,2.5783625611432358e-08
2948.626,15.0,2.57484913800788e-08
2949.108,15.0,2.571341131606935e-08
2949.59,15.0,2.5678385326062604e-08
2950.072,15.0,2.56434133168821e-08
2950.554,15.0,2.5608495195536354e-08
2951.036,15.0,2.5573630869211174e-08
2951.518,15.0,2.5538820245267307e-08
2952.0,15.0,2.5504063231245856e-08
2952.483,15.0,2.5469287791470537e-08
2952.965,15.0,2.543463783135328e-08
2953.447,15.0,2.5400041204635238e-08
2953.929,15.0,2.5365497819558863e-08
2954.411,15.0,2.5331007584537615e-08
2954.893,15.0,2.5296570408164107e-08
2955.375,15.0,2.526218619920328e-08
2955.857,15.0,2.5227854866589958e-08
2956.34,15.0,2.519350525692408e-08
2956.822,15.0,2.5159279513747277e-08
2957.304,15.0,2.512510637457944e-08
2957.786,15.0,2.5090985749057174e-08
2958.268,15.0,2.5056917546977902e-08
2958.75,15.0,2.5022901678308365e-08
2959.232,15.0,2.4988938053200058e-08
2959.714,15.0,2.4955026581966297e-08
2960.197,15.0,2.4921096981413007e-08
2960.678,15.0,2.4887359743218338e-08
2961.161,15.0,2.485353421880953e-08
2961.643,15.0,2.4819830576975423e-08
2962.125,15.0,2.478617864295123e-08
2962.607,15.0,2.4752578328067052e-08
2963.089,15.0,2.4719029543821348e-08
2963.571,15.0,2.4685532201880717e-08
2964.053,15.0,2.4652086214084552e-08
2964.535,15.0,2.4618691492432756e-08
2965.018,15.0,2.4585278824758013e-08
2965.5,15.0,2.455198647797499e-08
2965.982,15.0,2.4518745134164302e-08
2966.464,15.0,2.4485554705991448e-08
2966.946,15.0,2.4452415106292695e-08
2967.428,15.0,2.4419326248062347e-08
2967.91,15.0,2.4386288044470752e-08
2968.392,15.0,2.4353300408841075e-08
2968.875,15.0,2.4320294972736117e-08
2969.357,15.0,2.4287408318139148e-08
2969.839,15.0,2.4254571972292828e-08
2970.321,15.0,2.4221785849185017e-08
2970.803,15.0,2.4189049862954994e-08
2971.285,15.0,2.415636392791793e-08
2971.767,15.0,2.412372795853634e-08
2972.249,15.0,2.4091141869447053e-08
2972.731,15.0,2.4058605575442537e-08
2973.214,15.0,2.402605164353906e-08
2973.696,15.0,2.3993614787593564e-08
2974.178,15.0,2.3961227471907216e-08
2974.66,15.0,2.392888961190666e-08
2975.142,15.0,2.3896601123191566e-08
2975.624,15.0,2.3864361921518355e-08
2976.106,15.0,2.3832171922799442e-08
2976.588,15.0,2.380003104310978e-08
2977.071,15.0,2.3767872668999926e-08
2977.553,15.0,2.3735829877688145e-08
2978.035,15.0,2.3703835954399352e-08
2978.517,15.0,2.3671890815837468e-08
2978.999,15.0,2.363999437886447e-08
2979.481,15.0,2.360814656049893e-08
2979.963,15.0,2.3576347277919974e-08
2980.445,15.0,2.3544596448453455e-08
2980.927,15.0,2.3512893989591973e-08
2981.41,15.0,2.3481174196557138e-08
2981.892,15.0,2.344956833190857e-08
2982.374,15.0,2.341801059108453e-08
2982.856,15.0,2.338650089219309e-08
2983.338,15.0,2.335503915349711e-08
2983.82,15.0,2.332362529341513e-08
2984.302,15.0,2.329225923051191e-08
2984.784,15.0,2.3260940883508068e-08
2985.267,15.0,2.322960534374469e-08
2985.749,15.0,2.319838228390459e-08
2986.231,15.0,2.3167206696879e-08
2986.713,15.0,2.313607850200713e-08
2987.195,15.0,2.3104997618768682e-08
2987.677,15.0,2.307396396680412e-08
2988.159,15.0,2.3042977465898458e-08
2988.641,15.0,2.3012038035985642e-08
2989.124,15.0,2.298108155375275e-08
2989.605,15.0,2.2950300069654166e-08
2990.088,15.0,2.29194375247747e-08
2990.57,15.0,2.2888685678142396e-08
2991.052,15.0,2.2857980504278807e-08
2991.534,15.0,2.2827321924017806e-08
2992.016,15.0,2.2796709858349085e-08
2992.498,15.0,2.276614422840279e-08
2992.98,15.0,2.2735624955458907e-08
2993.462,15.0,2.2705151960943813e-08
2993.945,15.0,2.2674662088278278e-08
2994.427,15.0,2.264428151111028e-08
2994.909,15.0,2.261394697737739e-08
2995.391,15.0,2.2583658409098304e-08
2995.873,15.0,2.255341572843572e-08
2996.355,15.0,2.2523218857697227e-08
2996.837,15.0,2.249306771933429e-08
2997.319,15.0,2.2462962235951518e-08
2997.802,15.0,2.243284001265945e-08
2998.284,15.0,2.24028257019242e-08
2998.766,15.0,2.2372856814670407e-08
2999.248,15.0,2.234293327407792e-08
2999.73,15.0,2.2313055003465186e-08
3000.212,15.0,2.2283221926298432e-08
3000.694,15.0,2.2253433966186313e-08
3001.176,15.0,2.222369104687546e-08
3001.658,15.0,2.219399309226268e-08
3002.141,15.0,2.216427855210958e-08
3002.623,15.0,2.2134670392034185e-08
3003.105,15.0,2.210510696903169e-08
3003.587,15.0,2.2075588207562935e-08
3004.069,15.0,2.204611403222848e-08
3004.551,15.0,2.20166843677722e-08
3005.033,15.0,2.1987299139078684e-08
3005.515,15.0,2.1957958271169337e-08
3005.998,15.0,2.192860095390256e-08
3006.48,15.0,2.1899348674843045e-08
3006.962,15.0,2.1870140532323618e-08
3007.444,15.0,2.1840976451927685e-08
3007.926,15.0,2.181185635937566e-08
3008.408,15.0,2.1782780180526994e-08
3008.89,15.0,2.175374784137999e-08
3009.372,15.0,2.1724759268070026e-08
3009.854,15.0,2.169581438686779e-08
3010.337,15.0,2.1666853208354796e-08
3010.819,15.0,2.1637995581012794e-08
3011.301,15.0,2.1609181425273528e-08
3011.783,15.0,2.1580410667956385e-08
3012.265,15.0,2.155168323602361e-08
3012.747,15.0,2.1522999056566812e-08
3013.229,15.0,2.149435805681592e-08
3013.711,15.0,2.146576016413817e-08
3014.194,15.0,2.143714610827013e-08
3014.676,15.0,2.140863430142748e-08
3015.158,15.0,2.1380165384413882e-08
3015.64,15.0,2.1351739285133145e-08
3016.122,15.0,2.1323355931622156e-08
3016.604,15.0,2.12950152520554e-08
3017.086,15.0,2.1266717174738794e-08
3017.568,15.0,2.1238461628110724e-08
3018.051,15.0,2.1210190051454294e-08
3018.532,15.0,2.118207784134374e-08
3019.015,15.0,2.1153891145046706e-08
3019.497,15.0,2.1125805095797607e-08
3019.979,15.0,2.109776122127636e-08
3020.461,15.0,2.1069759450719266e-08
3020.943,15.0,2.1041799713486794e-08
3021.425,15.0,2.1013881939077695e-08
3021.907,15.0,2.098600605711886e-08
3022.389,15.0,2.095817199736583e-08
3022.872,15.0,2.0930322072672363e-08
3023.354,15.0,2.0902571533531413e-08
3023.836,15.0,2.0874862606506132e-08
3024.318,15.0,2.0847195221874617e-08
3024.8,15.0,2.081956931004232e-08
3025.282,15.0,2.0791984801545286e-08
3025.764,15.0,2.0764441627047272e-08
3026.246,15.0,2.0736939717341667e-08
3026.729,15.0,2.0709422073685788e-08
3027.211,15.0,2.0682002571707105e-08
3027.693,15.0,2.0654624127527012e-08
3028.175,15.0,2.062728667244316e-08
3028.657,15.0,2.0599990137892867e-08
3029.139,15.0,2.0572734455431996e-08
3029.621,15.0,2.0545519556746987e-08
3030.103,15.0,2.0518345373647557e-08
3030.585,15.0,2.0491211838071268e-08
3031.068,15.0,2.046406271476632e-08
3031.55,15.0,2.043701035453025e-08
3032.032,15.0,2.040999843824833e-08
3032.514,15.0,2.038302689835524e-08
3032.996,15.0,2.0356095667416925e-08
3033.478,15.0,2.032920467811857e-08
3033.96,15.0,2.030235386328247e-08
3034.442,15.0,2.0275543155838742e-08
3034.925,15.0,2.0248716989626107e-08
3035.407,15.0,2.0221986379143497e-08
3035.889,15.0,2.0195295675471686e-08
3036.371,15.0,2.0168644812046512e-08
3036.853,15.0,2.0142033722419336e-08
3037.335,15.0,2.0115462340266995e-08
3037.817,15.0,2.0088930599388174e-08
3038.299,15.0,2.0062438433707136e-08
3038.781,15.0,2.0035985777267995e-08
3039.264,15.0,2.0009517805991412e-08
3039.746,15.0,1.9983144052277097e-08
3040.228,15.0,1.9956809610527796e-08
3040.71,15.0,1.9930514415267573e-08
3041.192,15.0,1.9904258401150867e-08
3041.674,15.0,1.987804150294652e-08
3042.156,15.0,1.98518636555424e-08
3042.638,15.0,1.9825724793952803e-08
3043.121,15.0,1.9799570744459514e-08
3043.603,15.0,1.9773509740546325e-08
3044.085,15.0,1.9747487528057523e-08
3044.567,15.0,1.9721504042477832e-08
3045.049,15.0,1.9695559219416475e-08
3045.531,15.0,1.9669652994596375e-08
3046.013,15.0,1.964378530386133e-08
3046.495,15.0,1.96179560831689e-08
3046.978,15.0,1.9592111800566513e-08
3047.459,15.0,1.9566412796352663e-08
3047.942,15.0,1.9540645293530545e-08
3048.424,15.0,1.9514969394193794e-08
3048.906,15.0,1.948933164633305e-08
3049.388,15.0,1.9463731986614734e-08
3049.87,15.0,1.9438170351816775e-08
3050.352,15.0,1.9412646678836e-08
3050.834,15.0,1.9387160904682203e-08
3051.316,15.0,1.9361712966488703e-08
3051.799,15.0,1.9336250122528036e-08
3052.281,15.0,1.9310877746265028e-08
3052.763,15.0,1.9285543017898903e-08
3053.245,15.0,1.926024587502257e-08
3053.727,15.0,1.923498625533749e-08
3054.209,15.0,1.9209764096661357e-08
3054.691,15.0,1.9184579336923912e-08
3055.173,15.0,1.915943191416876e-08
3055.656,15.0,1.9134269709517483e-08
3056.138,15.0,1.9109196852456716e-08
3056.62,15.0,1.9084161147064387e-08
3057.102,15.0,1.9059162531838707e-08
3057.584,15.0,1.903420094539102e-08
3058.066,15.0,1.900927632644159e-08
3058.548,15.0,1.8984388613823556e-08
3059.03,15.0,1.895953774648563e-08
3059.512,15.0,1.8934723663485945e-08
3059.995,15.0,1.8909894936817167e-08
3060.477,15.0,1.888515431611544e-08
3060.959,15.0,1.8860450297469517e-08
3061.441,15.0,1.883578282038031e-08
3061.923,15.0,1.8811151824464576e-08
3062.405,15.0,1.878655724944695e-08
3062.887,15.0,1.876199903515925e-08
3063.369,15.0,1.87374771215472e-08
3063.852,15.0,1.8712940686141978e-08
3064.334,15.0,1.8688491269153788e-08
3064.816,15.0,1.8664077973208337e-08
3065.298,15.0,1.863970073868563e-08
3065.78,15.0,1.861535950607722e-08
3066.262,15.0,1.8591054215985326e-08
3066.744,15.0,1.8566784809113447e-08
3067.226,15.0,1.8542551226283557e-08
3067.708,15.0,1.8518353408413166e-08
3068.191,15.0,1.8494141204752598e-08
3068.673,15.0,1.8470014813906214e-08
3069.155,15.0,1.8445924011321258e-08
3069.637,15.0,1.842186873834914e-08
3070.119,15.0,1.8397848936453142e-08
3070.601,15.0,1.837386454719897e-08
3071.083,15.0,1.8349915512258847e-08
3071.565,15.0,1.8326001773418067e-08
3072.048,15.0,1.8302073768691632e-08
3072.53,15.0,1.8278230520737774e-08
3073.012,15.0,1.8254422394736942e-08
3073.494,15.0,1.8230649332892558e-08
3073.976,15.0,1.8206911277515218e-08
3074.458,15.0,1.8183208171017092e-08
3074.94,15.0,1.8159539955919635e-08
3075.422,15.0,1.8135906574842497e-08
3075.905,15.0,1.811225904686516e-08
3076.386,15.0,1.8088744085769817e-08
3076.869,15.0,1.806516608371799e-08
3077.351,15.0,1.804167153878292e-08
3077.833,15.0,1.801821154242633e-08
3078.315,15.0,1.7994786037896722e-08
3078.797,15.0,1.79713949685486e-08
3079.279,15.0,1.7948038277829505e-08
3079.761,15.0,1.79247159092942e-08
3080.243,15.0,1.7901427806600772e-08
3080.726,15.0,1.7878125704442594e-08
3081.208,15.0,1.78549060356178e-08
3081.69,15.0,1.783172046410836e-08
3082.172,15.0,1.7808568933973212e-08
3082.654,15.0,1.7785451389387248e-08
3083.136,15.0,1.776236777461657e-08
3083.618,15.0,1.7739318034029165e-08
3084.1,15.0,1.7716302112099614e-08
3084.583,15.0,1.769327230762734e-08
3085.065,15.0,1.7670323926697715e-08
3085.547,15.0,1.7647409198325294e-08
3086.029,15.0,1.762452806738164e-08
3086.511,15.0,1.7601680478839764e-08
3086.993,15.0,1.7578866377772878e-08
3087.475,15.0,1.7556085709348393e-08
3087.957,15.0,1.7533338418840422e-08
3088.439,15.0,1.7510624451617734e-08
3088.922,15.0,1.7487896732304572e-08
3089.404,15.0,1.746524931701119e-08
3089.886,15.0,1.744263506159342e-08
3090.368,15.0,1.7420053911815073e-08
3090.85,15.0,1.73975058135399e-08
3091.332,15.0,1.7374990712728563e-08
3091.814,15.0,1.7352508555437404e-08
3092.296,15.0,1.733005928782362e-08
3092.779,15.0,1.7307596383115056e-08
3093.261,15.0,1.7285212801670452e-08
3093.743,15.0,1.726286194884155e-08
3094.225,15.0,1.7240543771175124e-08
3094.707,15.0,1.7218258215310205e-08
3095.189,15.0,1.7196005227981074e-08
3095.671,15.0,1.717378475602888e-08
3096.153,15.0,1.715159674637534e-08
3096.635,15.0,1.712944114604989e-08
3097.118,15.0,1.71072720369234e-08
3097.6,15.0,1.708518116367547e-08
3098.082,15.0,1.7063122541291215e-08
3098.564,15.0,1.704109611718091e-08
3099.046,15.0,1.7019101838845918e-08
3099.528,15.0,1.6997139653881752e-08
3100.01,15.0,1.6975209509977542e-08
3100.492,15.0,1.6953311354918488e-08
3100.975,15.0,1.6931399804149842e-08
3101.457,15.0,1.6909565536612274e-08
3101.939,15.0,1.6887763101733348e-08
3102.421,15.0,1.68659924476699e-08
3102.903,15.0,1.6844253522680904e-08
3103.385,15.0,1.6822546275108587e-08
3103.867,15.0,1.680087065339553e-08
3104.349,15.0,1.677922660607512e-08
3104.832,15.0,1.6757569275242544e-08
3105.313,15.0,1.6736033029204554e-08
3105.796,15.0,1.6714438721028327e-08
3106.278,15.0,1.6692920523482386e-08
3106.76,15.0,1.6671433644272827e-08
3107.242,15.0,1.664997803248788e-08
3107.724,15.0,1.6628553637302146e-08
3108.206,15.0,1.6607160407985025e-08
3108.688,15.0,1.6585798293899782e-08
3109.17,15.0,1.6564467244494024e-08
3109.653,15.0,1.6543123050570905e-08
3110.135,15.0,1.652185404343215e-08
3110.617,15.0,1.650061594976676e-08
3111.099,15.0,1.6479408719390792e-08
3111.581,15.0,1.6458232302208404e-08
3112.063,15.0,1.6437086648209358e-08
3112.545,15.0,1.641597170748111e-08
3113.027,15.0,1.6394887430195076e-08
3113.51,15.0,1.6373790118601657e-08
3113.992,15.0,1.6352767082435145e-08
3114.474,15.0,1.6331774560663397e-08
3114.956,15.0,1.6310812503814783e-08
3115.438,15.0,1.6289880862509437e-08
3115.92,15.0,1.6268979587454967e-08
3116.402,15.0,1.6248108629443175e-08
3116.884,15.0,1.6227267939361556e-08
3117.366,15.0,1.6206457468178923e-08
3117.849,15.0,1.6185634085623403e-08
3118.331,15.0,1.616488396794804e-08
3118.813,15.0,1.6144163922511168e-08
3119.295,15.0,1.6123473900637017e-08
3119.777,15.0,1.6102813853734088e-08
3120.259,15.0,1.6082183733295332e-08
3120.741,15.0,1.60615834909086e-08
3121.223,15.0,1.604101307824033e-08
3121.706,15.0,1.6020429862553342e-08
3122.188,15.0,1.5999919026316005e-08
3122.67,15.0,1.597943787522454e-08
3123.152,15.0,1.595898636129318e-08
3123.634,15.0,1.5938564436623886e-08
3124.116,15.0,1.5918172053401324e-08
3124.598,15.0,1.589780916389749e-08
3125.08,15.0,1.5877475720467577e-08
3125.562,15.0,1.5857171675555398e-08
3126.045,15.0,1.5836854948483504e-08
3126.527,15.0,1.5816609619018014e-08
3127.009,15.0,1.5796393545803372e-08
3127.491,15.0,1.5776206681624067e-08
3127.973,15.0,1.575604897934245e-08
3128.455,15.0,1.5735920391910654e-08
3128.937,15.0,1.5715820872358636e-08
3129.419,15.0,1.569575037380543e-08
3129.902,15.0,1.567566729961134e-08
3130.384,15.0,1.5655654762704663e-08
3130.866,15.0,1.5635671106551417e-08
3131.348,15.0,1.5615716284603343e-08
3131.83,15.0,1.559579025039158e-08
3132.312,15.0,1.5575892957532123e-08
3132.794,15.0,1.5556024359726897e-08
3133.276,15.0,1.5536184410755634e-08
3133.759,15.0,1.5516331991802367e-08
3134.24,15.0,1.5496590274849623e-08
3134.723,15.0,1.5476795041513824e-08
3135.205,15.0,1.5457069286344785e-08
3135.687,15.0,1.5437371950053194e-08
3136.169,15.0,1.541770298691342e-08
3136.651,15.0,1.5398062351279217e-08
3137.133,15.0,1.5378449997585627e-08
3137.615,15.0,1.5358865880350494e-08
3138.097,15.0,1.533930995417174e-08
3138.58,15.0,1.5319741688884664e-08
3139.062,15.0,1.5300242067187595e-08
3139.544,15.0,1.5280770500728294e-08
3140.026,15.0,1.5261326944428847e-08
3140.508,15.0,1.5241911353288548e-08
3140.99,15.0,1.522252368238557e-08
3141.472,15.0,1.5203163886881513e-08
3141.954,15.0,1.5183831922016517e-08
3142.437,15.0,1.5164487721795148e-08
3142.919,15.0,1.5145211341751545e-08
3143.401,15.0,1.5125962658444917e-08
3143.883,15.0,1.510674162743607e-08
3144.365,15.0,1.5087548204356983e-08
3144.847,15.0,1.5068382344925404e-08
3145.329,15.0,1.5049244004932332e-08
3145.811,15.0,1.5030133140246933e-08
3146.293,15.0,1.5011049706821913e-08
3146.776,15.0,1.4991954153755606e-08
3147.258,15.0,1.4972925507689956e-08
3147.74,15.0,1.4953924161108643e-08
3148.222,15.0,1.4934950070270844e-08
3148.704,15.0,1.491600319151601e-08
3149.186,15.0,1.4897083481261296e-08
3149.668,15.0,1.4878190895995715e-08
3150.15,15.0,1.4859325392293797e-08
3150.633,15.0,1.4840447870922545e-08
3151.115,15.0,1.4821636456321999e-08
3151.597,15.0,1.480285199336246e-08
3152.079,15.0,1.4784094438925797e-08
3152.561,15.0,1.4765363749960161e-08
3153.043,15.0,1.4746659883495727e-08
3153.525,15.0,1.4727982796639331e-08
3154.007,15.0,1.4709332446568617e-08
3154.49,15.0,1.4690670179974948e-08
3154.972,15.0,1.4672073230577222e-08
3155.454,15.0,1.4653502889877841e-08
3155.936,15.0,1.4634959115356463e-08
3156.418,15.0,1.461644186457579e-08
3156.9,15.0,1.4597951095168725e-08
3157.382,15.0,1.4579486764838786e-08
3157.864,15.0,1.4561048831373604e-08
3158.346,15.0,1.454263725262669e-08
3158.829,15.0,1.4524213870149616e-08
3159.311,15.0,1.4505854929174052e-08
3159.793,15.0,1.4487522216848544e-08
3160.275,15.0,1.4469215691331873e-08
3160.757,15.0,1.44509353108467e-08
3161.239,15.0,1.4432681033698212e-08
3161.721,15.0,1.441445281825794e-08
3162.203,15.0,1.4396250622978966e-08
3162.686,15.0,1.4378036723363994e-08
3163.167,15.0,1.4359924127057956e-08
3163.65,15.0,1.4341762168115894e-08
3164.132,15.0,1.4323663693022187e-08
3164.614,15.0,1.4305591031340599e-08
3165.096,15.0,1.42875441419611e-08
3165.578,15.0,1.4269522983837432e-08
3166.06,15.0,1.4251527516004754e-08
3166.542,15.0,1.4233557697563405e-08
3167.024,15.0,1.4215613487690119e-08
3167.507,15.0,1.4197657696572833e-08
3167.989,15.0,1.4179764634564284e-08
3168.471,15.0,1.416189705899483e-08
3168.953,15.0,1.4144054929326999e-08
3169.435,15.0,1.4126238205090556e-08
3169.917,15.0,1.4108446845894137e-08
3170.399,15.0,1.4090680811408534e-08
3170.881,15.0,1.40729400613834e-08
3171.364,15.0,1.4055187827685784e-08
3171.846,15.0,1.4037497578349135e-08
3172.328,15.0,1.4019832493048712e-08
3172.81,15.0,1.4002192531817418e-08
3173.292,15.0,1.3984577654750139e-08
3173.774,15.0,1.3966987822018206e-08
3174.256,15.0,1.3949422993856954e-08
3174.738,15.0,1.393188313057759e-08
3175.22,15.0,1.3914368192558198e-08
3175.703,15.0,1.389684187967134e-08
3176.185,15.0,1.3879376725087861e-08
3176.667,15.0,1.3861936377236406e-08
3177.149,15.0,1.3844520796765416e-08
3177.631,15.0,1.3827129944403717e-08
3178.113,15.0,1.3809763780945911e-08
3178.595,15.0,1.3792422267250164e-08
3179.077,15.0,1.3775105364248883e-08
3179.56,15.0,1.3757777182252425e-08
3180.042,15.0,1.374050943456525e-08
3180.524,15.0,1.3723266180693697e-08
3181.006,15.0,1.3706047381845572e-08
3181.488,15.0,1.3688852999286554e-08
3181.97,15.0,1.3671682994362453e-08
3182.452,15.0,1.365453732847733e-08
3182.934,15.0,1.3637415963106529e-08
3183.417,15.0,1.3620283413819696e-08
3183.899,15.0,1.3603210584388758e-08
3184.381,15.0,1.358616194022505e-08
3184.863,15.0,1.356913744306605e-08
3185.345,15.0,1.3552137054728491e-08
3185.827,15.0,1.3535160737088155e-08
3186.309,15.0,1.3518208452087743e-08
3186.791,15.0,1.350128016173986e-08
3187.273,15.0,1.3484375828121086e-08
3187.756,15.0,1.3467460416605414e-08
3188.238,15.0,1.345060393244798e-08
3188.72,15.0,1.3433771291571866e-08
3189.202,15.0,1.3416962456315636e-08
3189.684,15.0,1.3400177389088787e-08
3190.166,15.0,1.338341605236534e-08
3190.648,15.0,1.3366678408683335e-08
3191.13,15.0,1.3349964420645284e-08
3191.613,15.0,1.3333239448124095e-08
3192.094,15.0,1.3316607262245387e-08
3192.577,15.0,1.3299929512311448e-08
3193.059,15.0,1.3283309822929486e-08
3193.541,15.0,1.326671360310819e-08
3194.023,15.0,1.3250140815845619e-08
3194.505,15.0,1.3233591424199225e-08
3194.987,15.0,1.3217065391293257e-08
3195.469,15.0,1.3200562680312494e-08
3195.951,15.0,1.318408325451018e-08
3196.434,15.0,1.3167592959895257e-08
3196.916,15.0,1.3151160042574398e-08
3197.398,15.0,1.3134750300494331e-08
3197.88,15.0,1.3118363697158567e-08
3198.362,15.0,1.3102000196137916e-08
3198.844,15.0,1.3085659761067477e-08
3199.326,15.0,1.3069342355640512e-08
3199.808,15.0,1.3053047943620063e-08
3200.291,15.0,1.3036742754463332e-08
3200.773,15.0,1.3020494268304134e-08
3201.255,15.0,1.3004268667132345e-08
3201.737,15.0,1.2988065914961737e-08
3202.219,15.0,1.2971885975867153e-08
3202.701,15.0,1.2955728813982883e-08
3203.183,15.0,1.2939594393508801e-08
3203.665,15.0,1.2923482678705983e-08
3204.147,15.0,1.2907393633897548e-08
3204.63,15.0,1.2891293914172284e-08
3205.112,15.0,1.2875250149419992e-08
3205.594,15.0,1.2859228947931399e-08
3206.076,15.0,1.2843230274274617e-08
3206.558,15.0,1.2827254093082392e-08
3207.04,15.0,1.2811300369050036e-08
3207.522,15.0,1.2795369066931129e-08
3208.004,15.0,1.2779460151541941e-08
3208.487,15.0,1.2763540651291374e-08
3208.969,15.0,1.274767645031588e-08
3209.451,15.0,1.2731834530810855e-08
3209.933,15.0,1.2716014857834805e-08
3210.415,15.0,1.270021739650929e-08
3210.897,15.0,1.2684442112014102e-08
3211.379,15.0,1.2668688969589452e-08
3211.861,15.0,1.265295793453836e-08
3212.344,15.0,1.2637216403931689e-08
3212.826,15.0,1.2621529525455507e-08
3213.308,15.0,1.2605864650543535e-08
3213.79,15.0,1.2590221744736187e-08
3214.272,15.0,1.2574600773636532e-08
3214.754,15.0,1.2559001702901535e-08
3215.236,15.0,1.2543424498253764e-08
3215.718,15.0,1.2527869125470465e-08
3216.2,15.0,1.2512335550390246e-08
3216.683,15.0,1.2496791579329459e-08
3217.165,15.0,1.2481301542452695e-08
3217.647,15.0,1.2465833201078541e-08
3218.129,15.0,1.2450386521279747e-08
3218.611,15.0,1.2434961469188738e-08
3219.093,15.0,1.2419558010997774e-08
3219.575,15.0,1.2404176112954485e-08
3220.057,15.0,1.2388815741370024e-08
3220.54,15.0,1.2373445061524043e-08
3221.021,15.0,1.2358159443091455e-08
3221.504,15.0,1.2342831737127644e-08
3221.986,15.0,1.2327557179957496e-08
3222.468,15.0,1.2312303981588188e-08
3222.95,15.0,1.2297072108672075e-08
3223.432,15.0,1.2281861527921944e-08
3223.914,15.0,1.226667220611279e-08
3224.396,15.0,1.2251504110065964e-08
3224.878,15.0,1.2236357206671027e-08
3225.361,15.0,1.2221200103631627e-08
3225.843,15.0,1.220609553021912e-08
3226.325,15.0,1.2191012050388104e-08
3226.807,15.0,1.2175949631249464e-08
3227.289,15.0,1.2160908239974116e-08
3227.771,15.0,1.2145887843790525e-08
3228.253,15.0,1.21308884099792e-08
3228.735,15.0,1.2115909905879122e-08
3229.218,15.0,1.2100921288205238e-08
3229.7,15.0,1.2085984589024842e-08
3230.182,15.0,1.2071068721843186e-08
3230.664,15.0,1.2056173654224994e-08
3231.146,15.0,1.2041299353787196e-08
3231.628,15.0,1.2026445788209819e-08
3232.11,15.0,1.2011612925217982e-08
3232.592,15.0,1.199680073260243e-08
3233.074,15.0,1.198200917820477e-08
3233.557,15.0,1.1967207606195653e-08
3234.039,15.0,1.1952457274627643e-08
3234.521,15.0,1.1937727485067026e-08
3235.003,15.0,1.1923018205577994e-08
3235.485,15.0,1.1908329404274367e-08
3235.967,15.0,1.1893661049330443e-08
3236.449,15.0,1.1879013108971946e-08
3236.931,15.0,1.1864385551481511e-08
3237.414,15.0,1.1849748060920207e-08
3237.896,15.0,1.1835161216351213e-08
3238.378,15.0,1.1820594659753984e-08
3238.86,15.0,1.1806048359631282e-08
3239.342,15.0,1.1791522284531649e-08
3239.824,15.0,1.1777016403064542e-08
3240.306,15.0,1.1762530683889285e-08
3240.788,15.0,1.1748065095720316e-08
3241.271,15.0,1.173358965830705e-08
3241.753,15.0,1.1719164280114113e-08
3242.235,15.0,1.1704758939329927e-08
3242.717,15.0,1.1690373604882673e-08
3243.199,15.0,1.1676008245752712e-08
3243.681,15.0,1.1661662830975347e-08
3244.163,15.0,1.1647337329640934e-08
3244.645,15.0,1.1633031710888563e-08
3245.127,15.0,1.1618745943913324e-08
3245.61,15.0,1.1604450421145548e-08
3246.092,15.0,1.159020430654247e-08
3246.574,15.0,1.1575977951552813e-08
3247.056,15.0,1.1561771325578322e-08
3247.538,15.0,1.1547584398074823e-08
3248.02,15.0,1.1533417138554801e-08
3248.502,15.0,1.1519269516577292e-08
3248.984,15.0,1.1505141501758607e-08
3249.467,15.0,1.1491003813470426e-08
3249.948,15.0,1.1476944172300598e-08
3250.431,15.0,1.1462845627842061e-08
3250.913,15.0,1.1448795779218033e-08
3251.395,15.0,1.143476538653126e-08
3251.877,15.0,1.142075441970945e-08
3252.359,15.0,1.1406762848725606e-08
3252.841,15.0,1.1392790643605727e-08
3253.323,15.0,1.1378837774430305e-08
3253.805,15.0,1.1364904211325206e-08
3254.288,15.0,1.135096107667374e-08
3254.77,15.0,1.1337066076202833e-08
3255.252,15.0,1.1323190292434804e-08
3255.734,15.0,1.1309333695701385e-08
3256.216,15.0,1.1295496256387275e-08
3256.698,15.0,1.1281677944923181e-08
3257.18,15.0,1.1267878731795709e-08
3257.662,15.0,1.1254098587538487e-08
3258.145,15.0,1.1240308952497205e-08
3258.627,15.0,1.1226566897193424e-08
3259.109,15.0,1.1212843822605545e-08
3259.591,15.0,1.1199139699465196e-08
3260.073,15.0,1.1185454498559415e-08
3260.555,15.0,1.117178819072163e-08
3261.037,15.0,1.1158140746835603e-08
3261.519,15.0,1.1144512137837195e-08
3262.001,15.0,1.113090233470863e-08
3262.484,15.0,1.1117283130831914e-08
3262.966,15.0,1.1103710891457491e-08
3263.448,15.0,1.1090157371139117e-08
3263.93,15.0,1.1076622541057622e-08
3264.412,15.0,1.1063106372445359e-08
3264.894,15.0,1.1049608836576063e-08
3265.376,15.0,1.1036129904781179e-08
3265.858,15.0,1.102266954843383e-08
3266.341,15.0,1.1009199870650482e-08
3266.823,15.0,1.0995776617915273e-08
3267.305,15.0,1.0982371854991207e-08
3267.787,15.0,1.0968985553447642e-08
3268.269,15.0,1.0955617684903386e-08
3268.751,15.0,1.0942268221027213e-08
3269.233,15.0,1.0928937133533073e-08
3269.715,15.0,1.0915624394183935e-08
3270.198,15.0,1.0902302412031939e-08
3270.68,15.0,1.0889026322374872e-08
3271.162,15.0,1.0875768496382144e-08
3271.644,15.0,1.0862528906009164e-08
3272.126,15.0,1.0849307523255323e-08
3272.608,15.0,1.0836104320172484e-08
3273.09,15.0,1.082291926885826e-08
3273.572,15.0,1.080975234145694e-08
3274.054,15.0,1.0796603510159512e-08
3274.537,15.0,1.0783445523719253e-08
3275.019,15.0,1.0770332838793298e-08
3275.501,15.0,1.07572381667715e-08
3275.983,15.0,1.0744161480035032e-08
3276.465,15.0,1.0731102751008705e-08
3276.947,15.0,1.0718061952168328e-08
3277.429,15.0,1.0705039056031448e-08
3277.911,15.0,1.0692034035166816e-08
3278.394,15.0,1.0679019936378496e-08
3278.875,15.0,1.0666077509751496e-08
3279.358,15.0,1.0653099098588388e-08
3279.84,15.0,1.064016534223447e-08
3280.322,15.0,1.0627249324624814e-08
3280.804,15.0,1.0614351018603829e-08
3281.286,15.0,1.060147039706143e-08
3281.768,15.0,1.0588607432932181e-08
3282.25,15.0,1.0575762099198977e-08
3282.732,15.0,1.056293436888963e-08
3283.215,15.0,1.055009765624617e-08
3283.697,15.0,1.0537305088432806e-08
3284.179,15.0,1.0524530043341783e-08
3284.661,15.0,1.0511772494184342e-08
3285.143,15.0,1.0499032414213683e-08
3285.625,15.0,1.0486309776733702e-08
3286.107,15.0,1.0473604555086754e-08
3286.589,15.0,1.0460916722662946e-08
3287.072,15.0,1.0448219983646678e-08
3287.554,15.0,1.043556688595897e-08
3288.036,15.0,1.0422931097881488e-08
3288.518,15.0,1.0410312592980506e-08
3289.0,15.0,1.039771134487137e-08
3289.482,15.0,1.0385127327213484e-08
3289.964,15.0,1.0372560513710059e-08
3290.446,15.0,1.0360010878105561e-08
3290.928,15.0,1.034747839419613e-08
3291.411,15.0,1.0334937088122501e-08
3291.893,15.0,1.0322438864599096e-08
3292.375,15.0,1.0309957714351962e-08
3292.857,15.0,1.0297493611352691e-08
3293.339,15.0,1.0285046529611483e-08
3293.821,15.0,1.027261644318518e-08
3294.303,15.0,1.0260203326171102e-08
3294.785,15.0,1.024780715271556e-08
3295.268,15.0,1.0235402231465965e-08
3295.75,15.0,1.0223039902744057e-08
3296.232,15.0,1.021069444021569e-08
3296.714,15.0,1.0198365818197933e-08
3297.196,15.0,1.0186054011050842e-08
3297.678,15.0,1.0173758993177608e-08
3298.16,15.0,1.0161480739021726e-08
3298.642,15.0,1.0149219223076105e-08
3299.125,15.0,1.0136949033071077e-08
3299.607,15.0,1.01247209517764e-08
