wavenumber_cm-1,angle_deg,measured_reflectance_percent,double_reflectance_percent,airy_reflectance_percent,selected_model,selected_residual_percentage_point
1500.347,10.0,39.19804386770058,30.86342519805828,30.758256552789405,double,-8.334618669642296
1500.829,10.0,39.18371332712549,30.88744285638354,30.77810827767066,double,-8.296270470741952
1501.311,10.0,39.17336305945798,30.91110367677449,30.797647764533686,double,-8.262259382683485
1501.793,10.0,39.166655130486355,30.93440694782881,30.816874892221925,double,-8.232248182657548
1502.276,10.0,39.16325160599892,30.957399210796343,30.835828467683378,double,-8.205852395202578
1502.758,10.0,39.162814551783995,30.97998459049941,30.85442990873353,double,-8.182829961284583
1503.24,10.0,39.16500603362988,31.002210415586482,30.872718692441374,double,-8.162795618043395
1503.722,10.0,39.16948811732489,31.024076061532348,30.89069474110444,double,-8.145412055792539
1504.204,10.0,39.175922868657324,31.04558092551756,30.90835798771717,double,-8.130341943139763
1504.686,10.0,39.1839723534155,31.066724426425264,30.92570837590854,double,-8.117247926990235
1505.168,10.0,39.19329863738772,31.087506004836886,30.9427458598806,double,-8.105792632550834
1505.65,10.0,39.2035637863623,31.10792512302619,30.959470404348146,double,-8.095638663336107
1506.133,10.0,39.214429866127546,31.12802249754616,30.97591570806344,double,-8.086407368581389
1506.615,10.0,39.225558942471764,31.147714414258882,30.992013660079408,double,-8.077844528212886
1507.097,10.0,39.23661308118327,31.16704238669191,31.007798629224016,double,-8.069570694491363
1507.579,10.0,39.247254348048955,31.186005963852647,31.023270621699666,double,-8.061248384196308
1508.061,10.0,39.254643088703226,31.20460471639416,31.03842965393379,double,-8.050038372309059
1508.543,10.0,39.26024234986512,31.222838236602552,31.053275752524666,double,-8.03740411326257
1509.025,10.0,39.26307620031005,31.240706138382734,31.067808954187704,double,-8.022370061927319
1509.507,10.0,39.26618010348732,31.25820805724309,31.082029305702896,double,-8.007972046244237
1509.99,10.0,39.26752851135566,31.275378820281,31.095965392615305,double,-7.992149691074663
1510.471,10.0,39.26738102240026,31.29211259615593,31.10953169542423,double,-7.975268426244325
1510.954,10.0,39.264205855190234,31.308548242495437,31.12284110850723,double,-7.955657612694794
1511.436,10.0,39.259428546106406,31.324582254078326,31.135810078363097,double,-7.93484629202808
1511.918,10.0,39.25122124656043,31.340248783208747,31.1484665813787,double,-7.91097246335169
1512.4,10.0,39.24173215770615,31.355547594673883,31.1608107236926,double,-7.886184563032267
1512.882,10.0,39.23028802961333,31.370478474724422,31.172842621167057,double,-7.859809554888902
1513.364,10.0,39.21768104802773,31.38504123105002,31.184562399343257,double,-7.8326398169777045
1513.846,10.0,39.20256014930995,31.399235692753326,31.19597019339752,double,-7.8033244565566315
1514.328,10.0,39.189322876665614,31.41306171032314,31.207066148098328,double,-7.776261166342469
1514.811,10.0,39.17481170601539,31.42654669240974,31.217872467884312,double,-7.748265013605648
1515.293,10.0,39.16399164323957,31.43963469359085,31.228344570210815,double,-7.72435694964872
1515.775,10.0,39.154443685999205,31.452353929979214,31.23850532499689,double,-7.702089756019992
1516.257,10.0,39.14432303865165,31.464704337359517,31.248354914989168,double,-7.679618701292135
1516.739,10.0,39.13469253274003,31.476685872750522,31.257893532325976,double,-7.658006659989514
1517.221,10.0,39.12525087015028,31.488298514371316,31.26712137850024,double,-7.63695235577897
1517.703,10.0,39.115212646540215,31.499542261606244,31.276038664322957,double,-7.615670384933971
1518.185,10.0,39.10653242934232,31.51041713496906,31.284645609887995,double,-7.596115294373263
1518.667,10.0,39.0983997405386,31.52092317606563,31.292942444537474,double,-7.577476564472974
1519.15,10.0,39.089565021885555,31.531081095958978,31.300945655348432,double,-7.5584839259265735
1519.632,10.0,39.08038967701346,31.540848916709912,31.30862235090859,double,-7.539540760303548
1520.114,10.0,39.07234984690527,31.55024815641595,31.315989679280694,double,-7.522101690489319
1520.596,10.0,39.06168042341554,31.55927894070134,31.323047906492395,double,-7.502401482714194
1521.078,10.0,39.05286166817739,31.567941416080135,31.32979730766081,double,-7.484920252097255
1521.56,10.0,39.04334219973974,31.576235749912307,31.336238166963536,double,-7.4671064498274315
1522.042,10.0,39.03412832030804,31.58416213035905,31.342370777610373,double,-7.449966189948992
1522.524,10.0,39.02381977990254,31.591720766336728,31.348195441816152,double,-7.432099013565807
1523.007,10.0,39.01311441174702,31.598926424948132,31.353723597327154,double,-7.414187986798887
1523.489,10.0,39.00204968472003,31.605749519836753,31.358932673939776,double,-7.396300164883273
1523.971,10.0,38.99271629147702,31.612205621645195,31.363834765217913,double,-7.3805106698318195
1524.453,10.0,38.98096398009366,31.618295021872957,31.368430209159403,double,-7.362668958220708
1524.935,10.0,38.96849270981862,31.624018032528987,31.372719352643642,double,-7.3444746772896305
1525.417,10.0,38.95491403890345,31.62937498607955,31.376702551409487,double,-7.325539052823904
1525.899,10.0,38.94079867418508,31.634366235394808,31.380380170034,double,-7.306432438790278
1526.381,10.0,38.925062842808806,31.638992153694502,31.383752581912038,double,-7.286070689114305
1526.864,10.0,38.90930058540158,31.64326159563383,31.38682621693134,double,-7.266038989767754
1527.346,10.0,38.89277314275117,31.64715729685239,31.389588739482548,double,-7.2456158458987785
1527.828,10.0,38.875055469629515,31.650688909173784,31.392047229025177,double,-7.224366560455731
1528.31,10.0,38.85837602489396,31.653856886693227,31.394202094055657,double,-7.204519138200727
1528.792,10.0,38.839619299053126,31.656661703568044,31.396053751798398,double,-7.182957595485079
1529.274,10.0,38.820731850684226,31.659103853957205,31.397602628190246,double,-7.161627996727021
1529.756,10.0,38.803395797166175,31.661183851959695,31.398849157865783,double,-7.142211945206478
1530.238,10.0,38.78386913238005,31.66290223155216,31.39979378414329,double,-7.120966900827891
1530.72,10.0,38.76332508075704,31.664259546525308,31.400436959011692,double,-7.09906553423173
1531.203,10.0,38.74313994470992,31.665258064197676,31.400779540488767,double,-7.077881880512238
1531.685,10.0,38.72233625792359,31.66589424419133,31.40082058013201,double,-7.056442013732256
1532.167,10.0,38.70134853568676,31.66617114046416,31.40056157723658,double,-7.035177395222602
1532.649,10.0,38.681051372907916,31.666089385448903,31.400003018375124,double,-7.014961987459012
1533.131,10.0,38.660623163008026,31.665649631060035,31.399145398736415,double,-6.994973531947996
1533.613,10.0,38.63976745560485,31.66485254862431,31.397989222116617,double,-6.974914906980533
1534.095,10.0,38.62009990096232,31.663698828810638,31.396535000911452,double,-6.956401072151685
1534.577,10.0,38.598686576931584,31.662189181558574,31.39478325610891,double,-6.936497395373009
1535.06,10.0,38.57638520888123,31.660320098320554,31.39272995843484,double,-6.9160651105606705
1535.542,10.0,38.55558211495767,31.65810006814942,31.390384149250593,double,-6.897482046808251
1536.024,10.0,38.534280617077194,31.655526356868545,31.38774243206841,double,-6.878754260208647
1536.506,10.0,38.51416671836751,31.652599750808758,31.384805362205263,double,-6.861566967558757
1536.988,10.0,38.49188074706608,31.649321055201195,31.3815735035448,double,-6.84255969186488
1537.47,10.0,38.470574646461365,31.645691094100435,31.378047428534384,double,-6.8248835523609275
1537.952,10.0,38.447770895718115,31.64171071030696,31.374227718182652,double,-6.806060185411155
1538.434,10.0,38.42396856338623,31.637380765288363,31.370114962057684,double,-6.786587798097865
1538.917,10.0,38.39831893162872,31.632692070573786,31.365700315280197,double,-6.765626861054935
1539.398,10.0,38.37272821594059,31.62767573030384,31.36101271355224,double,-6.745052485636749
1539.881,10.0,38.34612863901572,31.622290948096587,31.356013791693137,double,-6.723837690919132
1540.363,10.0,38.31924769694272,31.616571026681772,31.350734317067474,double,-6.702676670260943
1540.845,10.0,38.29195877993594,31.610506130570126,31.3451648742063,double,-6.6814526493658155
1541.327,10.0,38.26368332505881,31.604097231568883,31.339306104051413,double,-6.6595860934899225
1541.809,10.0,38.236023363710835,31.59734531957714,31.33315865610948,double,-6.6386780441336946
1542.291,10.0,38.20780267172682,31.59025140250019,31.326723188455137,double,-6.617551269226629
1542.773,10.0,38.179487656660584,31.58281650616312,31.320000367734778,double,-6.596671150497463
1543.255,10.0,38.14927970159738,31.575041674223463,31.31299086917093,double,-6.5742380273739185
1543.738,10.0,38.12009479599116,31.56691078315482,31.305679943879174,double,-6.553184012836333
1544.22,10.0,38.08923280492129,31.558458582185022,31.298098558438316,double,-6.530774222736263
1544.702,10.0,38.0570735190936,31.54966968498786,31.29023257379222,double,-6.507403834105735
1545.184,10.0,38.0255299295355,31.540545205697292,31.28208269953946,double,-6.484984723838211
1545.666,10.0,37.993898826486664,31.5310862758306,31.273649653884245,double,-6.462812550656066
1546.148,10.0,37.96237233445208,31.521294044196264,31.264934163644003,double,-6.441078290255814
1546.63,10.0,37.929831527261264,31.511169676800975,31.255936964257337,double,-6.418661850460289
1547.112,10.0,37.89718760805811,31.500714356755832,31.24665879979245,double,-6.396473251302276
1547.594,10.0,37.8649217194981,31.489929284181706,31.23710042295622,double,-6.374992435316395
1548.077,10.0,37.83255146654936,31.478792278177337,31.22724189471643,double,-6.353759188372027
1548.559,10.0,37.798650659219,31.467350690714934,31.217124808489682,double,-6.331299968504061
1549.041,10.0,37.76431824812081,31.45558305479983,31.206729821564288,double,-6.30873519332098
1549.523,10.0,37.73161015429433,31.443490637665604,31.196057721317842,double,-6.2881195166287265
1550.005,10.0,37.696556956008365,31.431074723071127,31.18510930381813,double,-6.265482232937236
1550.487,10.0,37.66267135781845,31.418336611201497,31.173885373834466,double,-6.244334746616959
1550.969,10.0,37.628867663456035,31.405277618568178,31.16238674484976,double,-6.223590044887856
1551.451,10.0,37.59418292594264,31.39189907790839,31.15061423907295,double,-6.202283848034246
1551.934,10.0,37.55926450716621,31.37817359178844,31.138543413431364,double,-6.181090915377774
1552.416,10.0,37.52145378329526,31.36415936178092,31.12622509180075,double,-6.157294421514337
1552.898,10.0,37.48292202967204,31.3498296811783,31.113635414259083,double,-6.13309234849374
1553.38,10.0,37.44367451046181,31.33518594663377,31.100775238068234,double,-6.108488563828041
1553.862,10.0,37.40330465004215,31.320229570512588,31.087645429283462,double,-6.083075079529565
1554.344,10.0,37.361909518825655,31.3049619807873,31.07424686276761,double,-6.056947538038354
1554.826,10.0,37.32057166287763,31.289384620932314,31.060580422206037,double,-6.031187041945318
1555.308,10.0,37.27732520533591,31.27349894981778,31.04664700012171,double,-6.003826255518136
1555.791,10.0,37.23562581457244,31.25727252926168,31.03241776238268,double,-5.978353285310756
1556.273,10.0,37.19440525914014,31.240774041343478,31.017952541056037,double,-5.953631217796662
1556.755,10.0,37.15358422084811,31.223971713215786,31.00322307087162,double,-5.929612507632321
1557.237,10.0,37.111896095636254,31.206867064287913,30.988230279877303,double,-5.905029031348342
1557.719,10.0,37.07043170354505,31.189461628824244,30.97297510503792,double,-5.880970074720803
1558.201,10.0,37.029476571101924,31.171756955834105,30.957458492251792,double,-5.85771961526782
1558.683,10.0,36.989628322726965,31.153754608961215,30.941681396367805,double,-5.835873713765749
1559.165,10.0,36.950817034965816,31.135456166372354,30.92564478120221,double,-5.815360868593461
1559.647,10.0,36.91333442467257,31.11686322064561,30.909349619555904,double,-5.796471204026959
1560.13,10.0,36.87448619814006,31.097937893070483,30.892762284424176,double,-5.7765483050695785
1560.612,10.0,36.837440478012645,31.078760173273817,30.875952452970267,double,-5.758680304738828
1561.094,10.0,36.80053348678199,31.059292816820506,30.858887049604792,double,-5.741240669961478
1561.576,10.0,36.764121672932255,31.039537472832045,30.841567083261506,double,-5.724584200100208
1562.058,10.0,36.72903504517818,31.01949580427289,30.823993571947295,double,-5.7095392409052925
1562.54,10.0,36.69358498444606,30.999169487835086,30.806167542760278,double,-5.694415496610972
1563.022,10.0,36.65766071070655,30.978560213822327,30.788090031907807,double,-5.679100496884226
1563.504,10.0,36.62246046377865,30.95766968603354,30.769762084724995,double,-5.66479077774511
1563.987,10.0,36.586856581187895,30.93645541097124,30.751145955021098,double,-5.650401170216651
1564.469,10.0,36.54864315227497,30.915006965869118,30.73231979371378,double,-5.633636186405849
1564.951,10.0,36.5127971265393,30.893282461817485,30.71324638926576,double,-5.619514664721814
1565.433,10.0,36.47277886708334,30.87128365544791,30.69392682372536,double,-5.601495211635426
1565.915,10.0,36.431532700019936,30.849012316296708,30.674362188360547,double,-5.582520383723227
1566.397,10.0,36.38648465281901,30.826470226685444,30.654553583677558,double,-5.560014426133564
1566.879,10.0,36.34043749037691,30.803659181600718,30.634502119439233,double,-5.536778308776186
1567.361,10.0,36.29386105294542,30.780580988573714,30.61420891468334,double,-5.513280064371701
1567.844,10.0,36.24656258676684,30.757188762479025,30.593632247133367,double,-5.489373824287814
1568.325,10.0,36.19805592156106,30.733630450813603,30.572901806256137,double,-5.464425470747453
1568.808,10.0,36.14943108425395,30.709711992015798,30.55184634769028,double,-5.439719092238149
1569.29,10.0,36.10179245106859,30.685582992120576,30.530597066538647,double,-5.416209458948018
1569.772,10.0,36.05312111572325,30.661196069742658,30.50911178225439,double,-5.391925045980594
1570.254,10.0,36.00530063190791,30.63655310514644,30.48739166992905,double,-5.368747526761464
1570.736,10.0,35.9559132525642,30.611655990283566,30.465437914056203,double,-5.344257262280633
1571.218,10.0,35.905787874025414,30.58650662866866,30.443251708549557,double,-5.3192812453567555
1571.7,10.0,35.853684634480466,30.561106935254724,30.42083425676003,double,-5.292577699225742
1572.182,10.0,35.80235611975401,30.535458836308027,30.398186771493485,double,-5.2668972834459815
1572.665,10.0,35.75045510631787,30.509510291261766,30.375262776836127,double,-5.240944815056103
1573.147,10.0,35.698068530930065,30.483370699405153,30.352158430068403,double,-5.214697831524911
1573.629,10.0,35.64456731331555,30.456988551514485,30.328827747725956,double,-5.18757876180106
1574.111,10.0,35.5913340364554,30.43036581787306,30.305271980623278,double,-5.16096821858234
1574.593,10.0,35.53856527448655,30.403504479446,30.2814923891137,double,-5.135060795040553
1575.075,10.0,35.486817310242444,30.376406527752792,30.257490243105046,double,-5.11041078248965
1575.557,10.0,35.43560720760821,30.349073964739702,30.23326682207549,double,-5.0865332428685015
1576.039,10.0,35.38387032283724,30.321508802651543,30.208823415089086,double,-5.062361520185698
1576.521,10.0,35.33303413855269,30.293713063903237,30.184161320810865,double,-5.03932107464945
1577.004,10.0,35.28108661461296,30.265630403129485,30.159230005304927,double,-5.015456211483476
1577.486,10.0,35.22843741274624,30.237379150551185,30.134134024032765,double,-4.991058262195053
1577.968,10.0,35.17598785556048,30.20890345255667,30.108823311980338,double,-4.967084403003813
1578.45,10.0,35.123455100532674,30.180205370970235,30.083299206381202,double,-4.943249729562438
1578.932,10.0,35.06916377546139,30.151286977138962,30.057563054140402,double,-4.917876798322424
1579.414,10.0,35.01585224352894,30.122150351802123,30.031616211847446,double,-4.893701891726815
1579.896,10.0,34.96045422923123,30.092797584960827,30.005460045788794,double,-4.867656644270402
1580.378,10.0,34.90631085510341,30.063230775746803,29.979095931959982,double,-4.84308007935661
1580.861,10.0,34.85282341724823,30.033390031828045,29.952469916439284,double,-4.819433385420186
1581.343,10.0,34.80016427025662,30.0034010380316,29.92569364975079,double,-4.796763232225021
1581.825,10.0,34.747998793092094,29.973204357147832,29.89871362457214,double,-4.774794435944263
1582.307,10.0,34.69497087222346,29.942802123534157,29.871531255866795,double,-4.7521687486893
1582.789,10.0,34.64286413757486,29.912196480019777,29.844147968360495,double,-4.730667657555082
1583.271,10.0,34.59103348363008,29.881389577773078,29.816565196550382,double,-4.7096439058570025
1583.753,10.0,34.538056597533405,29.850383576168937,29.788784384713736,double,-4.6876730213644695
1584.235,10.0,34.4829043175779,29.819180642655663,29.76080698691567,double,-4.663723674922232
1584.718,10.0,34.42921403183921,29.78771761125062,29.732575815997244,double,-4.641496420588586
1585.2,10.0,34.374466498457664,29.75612695063703,29.704209247438783,double,-4.6183395478206375
1585.682,10.0,34.318688260766294,29.724345912120732,29.675650517001408,double,-4.594342348645563
1586.164,10.0,34.26213414556557,29.6923766941257,29.646901117990566,double,-4.569757451439871
1586.646,10.0,34.20585800123854,29.660221502481154,29.617962553530496,double,-4.545636498757388
1587.128,10.0,34.14750121917564,29.627882550287556,29.58883633656851,double,-4.519618668888087
1587.61,10.0,34.08841693244898,29.595362057782037,29.559523989878368,double,-4.4930548746669405
1588.092,10.0,34.0297942860176,29.56266225220418,29.530027046063328,double,-4.467132033813415
1588.574,10.0,33.971722696659725,29.529785367661145,29.50034704755811,double,-4.441937328998585
1589.057,10.0,33.91297084659804,29.496664892768678,29.470423405719657,double,-4.416305953829369
1589.539,10.0,33.85410848387583,29.46344022368219,29.44038159278064,double,-4.390668260193636
1590.021,10.0,33.796104950888676,29.430045222492247,29.41016141472582,double,-4.366059728396427
1590.503,10.0,33.737387718391965,29.39648214944024,29.379764453342183,double,-4.340905568951725
1590.985,10.0,33.67876274607929,29.362753270959796,29.349192300247477,double,-4.316009475119498
1591.467,10.0,33.61991439275742,29.328860859540928,29.318446556887253,double,-4.291053533216493
1591.949,10.0,33.560327763872806,29.294807193594945,29.287528834531734,double,-4.265520570277859
1592.431,10.0,33.500780105554476,29.260594557318388,29.256440754271473,double,-4.2401855482360915
1592.914,10.0,33.441076108595226,29.226153773643777,29.225118924609607,double,-4.214922334951448
1593.396,10.0,33.381264425399756,29.191629753847792,29.193694686126115,double,-4.189634671551968
1593.878,10.0,33.32183162036689,29.156953654444873,29.16210501530965,double,-4.16487796592202
1594.36,10.0,33.2620080403406,29.122127781426084,29.130351572491676,double,-4.139880258914524
1594.842,10.0,33.2022480903942,29.087154445888196,29.09843602778904,double,-4.115093644506001
1595.324,10.0,33.14314003183014,29.052035963897747,29.066360061094343,double,-4.091104067932394
1595.806,10.0,33.08294211576685,29.016774656354883,29.034125362064994,double,-4.066167459411963
1596.288,10.0,33.022902291432736,28.981372848857053,29.00173363011144,double,-4.041529442575687
1596.771,10.0,32.963546120077694,28.945758995162187,28.969118889105015,double,-4.017787124915512
1597.252,10.0,32.903227638907715,28.910157059057052,28.936485913762166,double,-3.993070579850666
1597.735,10.0,32.842813716305834,28.874273319895238,28.903565061372195,double,-3.9685403964105967
1598.217,10.0,32.782094876653694,28.838332588071548,28.87056207674571,double,-3.943762288582148
1598.699,10.0,32.72221996395171,28.802263054848982,28.837410705698375,double,-3.9199569091027286
1599.181,10.0,32.66366051690247,28.766067071157366,28.804112705874925,double,-3.897593445745101
1599.663,10.0,32.60240602108995,28.729746991670265,28.770669844561848,double,-3.872659029419684
1600.145,10.0,32.54142881535428,28.693305174668794,28.737083898666928,double,-3.8481236406854857
1600.627,10.0,32.48107860604597,28.656743981905297,28.703356654697732,double,-3.8243346241406684
1601.109,10.0,32.419520179315256,28.62006577846749,28.669489908739166,double,-3.799454400847768
1601.592,10.0,32.35778723847796,28.583196481411278,28.63541477591676,double,-3.774590757066687
1602.074,10.0,32.29507957361094,28.546291134088055,28.601274172405432,double,-3.7487884395228876
1602.556,10.0,32.23209652911504,28.509275894933218,28.56699951617473,double,-3.7228206341818226
1603.038,10.0,32.1688134870117,28.472153141020783,28.53259264138846,double,-3.6966603459909098
1603.52,10.0,32.10458971650609,28.434925252079957,28.498055391656706,double,-3.6696644644261314
1604.002,10.0,32.04080180516521,28.397594610359235,28.463389620005863,double,-3.643207194805975
1604.484,10.0,31.976853846390814,28.36016360049087,28.428597188847444,double,-3.6166902458999397
1604.966,10.0,31.912215879535715,28.32263460935526,28.393679969945783,double,-3.5895812701804584
1605.448,10.0,31.846334570860428,28.2850100259454,28.358639844384047,double,-3.5613245449150286
1605.931,10.0,31.77995306849214,28.247213893343492,28.32340562962251,double,-3.532739175148647
1606.413,10.0,31.712564728022937,28.20940511422737,28.288125125940518,double,-3.5031596137955647
1606.895,10.0,31.646483519968537,28.171507926108564,28.252727418374214,double,-3.4749755938599747
1607.377,10.0,31.58011904334299,28.133524725081305,28.21721442493754,double,-3.4465943182616865
1607.859,10.0,31.51438942934057,28.095457908676607,28.18158807277429,double,-3.418931520663965
1608.341,10.0,31.449326950375056,28.057309875727455,28.14585029811651,double,-3.392017074647602
1608.823,10.0,31.385557403326818,28.01908302623437,28.110003046240994,double,-3.366474377092449
1609.305,10.0,31.323071683221652,27.9807797612307,28.074048271424708,double,-3.3422919219909533
1609.788,10.0,31.262158053553335,27.942322786468747,28.03791301456404,double,-3.3198352670845868
1610.27,10.0,31.201053720285067,27.90387375093315,28.001748879609277,double,-3.2971799693519155
1610.752,10.0,31.14036795549085,27.86535551283048,27.965483142195414,double,-3.275012442660369
1611.234,10.0,31.078289121489433,27.82677047598619,27.929117792141817,double,-3.2515186455032428
1611.716,10.0,31.01426705519153,27.788121044589076,27.89265482802251,double,-3.226146010602454
1612.198,10.0,30.952219863955815,27.749409623057698,27.85609625711253,double,-3.2028102408981187
1612.68,10.0,30.888650349235427,27.710638615907325,27.81944409533298,double,-3.178011733328101
1613.162,10.0,30.824263495994447,27.67181042761713,27.782700367194284,double,-3.1524530683773144
1613.645,10.0,30.759901403676725,27.63284673717259,27.74579059652847,double,-3.1270546665041365
1614.127,10.0,30.69493261766904,27.593911293073315,27.708869663877962,double,-3.1010213245957265
1614.609,10.0,30.630572827399043,27.554925884714464,27.671863293608734,double,-3.075646942684579
1615.091,10.0,30.56664259932746,27.51589291510418,27.634773544009118,double,-3.0507496842232804
1615.573,10.0,30.500470855874124,27.476814786553078,27.59760248165061,double,-3.0236560693210457
1616.055,10.0,30.435135429133307,27.437693900542335,27.560352181321523,double,-2.9974415285909717
1616.537,10.0,30.368661814648522,27.39853265759273,27.523024725959633,double,-2.9701291570557897
1617.019,10.0,30.302804226076375,27.359333457133577,27.485622206582622,double,-2.943470768942796
1617.501,10.0,30.23744217628166,27.320098697371996,27.448146722217427,double,-2.917343478909662
1617.984,10.0,30.17000708313877,27.2807492736338,27.410522410660775,double,-2.889257809504975
1618.466,10.0,30.10282655919905,27.241450523004573,27.372907184655464,double,-2.861376036194474
1618.948,10.0,30.035536334833594,27.20212340402236,27.335225342475955,double,-2.8334129308112352
1619.43,10.0,29.96680890464146,27.1627703087001,27.297479014459913,double,-2.8040385959413605
1619.912,10.0,29.89747789273834,27.123393627178928,27.259670338574526,double,-2.774084265559412
1620.394,10.0,29.82877222063398,27.08399574759911,27.221801460336014,double,-2.744776473034871
1620.876,10.0,29.760224891040497,27.044579055971486,27.18387453272657,double,-2.715645835069014
1621.358,10.0,29.693961497311104,27.005145936049214,27.14589171611033,double,-2.6888155612618925
1621.841,10.0,29.626607232086112,26.965616915653513,27.107776209832412,double,-2.6609903164325988
1622.323,10.0,29.560886113522056,26.926158058994034,27.06968802071336,double,-2.634728054528024
1622.805,10.0,29.494939776004614,26.886689915401497,27.031550471636436,double,-2.608249860603118
1623.287,10.0,29.430249628795597,26.84721485831556,26.993365751630094,double,-2.583034770480036
1623.769,10.0,29.364832405406982,26.807735258281262,26.955136056657008,double,-2.55709714712572
1624.251,10.0,29.299103111205355,26.76825348282267,26.916863589519284,double,-2.5308496283826862
1624.733,10.0,29.23222345567901,26.728771896317294,26.878550559762026,double,-2.5034515593617135
1625.215,10.0,29.163626066871245,26.68929285987018,26.84019918357507,double,-2.474333207001067
1625.698,10.0,29.094872361234682,26.64973684139194,26.801732005571743,double,-2.445135519842739
1626.179,10.0,29.02733917033773,26.610351864459574,26.763390289292886,double,-2.4169873058781546
1626.662,10.0,28.960520939588413,26.570812760317974,26.724857426417437,double,-2.389708179270439
1627.144,10.0,28.89479620419656,26.531367492586245,26.686374897069104,double,-2.363428711610316
1627.626,10.0,28.831095148195963,26.491936531844335,26.647865203018085,double,-2.339158616351628
1628.108,10.0,28.76952830614419,26.452522216940665,26.609330598172225,double,-2.3170060892035216
1628.59,10.0,28.708719440146613,26.413126882583626,26.57077334234642,double,-2.2955925575629865
1629.072,10.0,28.64838285187783,26.37375285921873,26.532195701149952,double,-2.2746299926591
1629.554,10.0,28.58851700524016,26.334402472907126,26.493599945872347,double,-2.254114532333035
1630.036,10.0,28.527991422124575,26.29507804520391,26.454988353367103,double,-2.2329133769206697
1630.519,10.0,28.467083998949338,26.255700396747596,26.416283058268924,double,-2.211383602201744
1631.001,10.0,28.405139896357568,26.216434898157726,26.377646622539153,double,-2.188704998199842
1631.483,10.0,28.341022140587523,26.177202299378997,26.339001217100616,double,-2.163819841208525
1631.965,10.0,28.27515532737689,26.138004902726063,26.30034913987633,double,-2.1371504246508244
1632.447,10.0,28.20619690744363,26.098845005406503,26.261692693745566,double,-2.10735190203713
1632.929,10.0,28.138270687645882,26.059724899402227,26.2230341864168,double,-2.0785457882436575
1633.411,10.0,28.067913889802824,26.020646871351016,26.184375930299318,double,-2.0472670184518096
1633.893,10.0,27.997779597134205,25.98161320242881,26.145720242372484,double,-2.016166394705393
1634.375,10.0,27.926756291885944,25.94262616823234,26.107069444053543,double,-1.9841301236536046
1634.858,10.0,27.856295826451632,25.903607306568844,26.068345696770667,double,-1.9526885198827892
1635.34,10.0,27.78589105531805,25.86472045422174,26.029711681226463,double,-1.9211706010963114
1635.822,10.0,27.714507867510385,25.825887033427712,25.991089549665507,double,-1.8886208340826716
1636.304,10.0,27.643299596525456,25.787109296290232,25.952481639905805,double,-1.856190300235222
1636.786,10.0,27.57057603836185,25.748389488754114,25.913890293514807,double,-1.822186549607735
1637.268,10.0,27.49866277588232,25.70972985049096,25.875317855666296,double,-1.7889329253913622
1637.75,10.0,27.429668281744394,25.67113261478543,25.836766674995886,double,-1.7585356669589658
1638.232,10.0,27.361118382886072,25.632600008421967,25.798239103454314,double,-1.7285183744641053
1638.715,10.0,27.295041109342737,25.594054518123748,25.7596576459313,double,-1.7009865912189892
1639.197,10.0,27.230438314892346,25.555657969813822,25.721184422231534,double,-1.6747803450785248
1639.679,10.0,27.16880862352214,25.51733269564369,25.68274188681496,double,-1.6514759278784485
1640.161,10.0,27.110018307505356,25.479080895259976,25.644332403399407,double,-1.6309374122453812
1640.643,10.0,27.051836178433664,25.440904761250433,25.60595833825924,double,-1.6109314171832312
1641.125,10.0,26.996088342315755,25.402806479033714,25.56762206006852,double,-1.5932818632820422
1641.607,10.0,26.942135253344173,25.36478822675016,25.52932593974266,double,-1.5773470265940115
1642.089,10.0,26.888345828395238,25.326852175152613,25.4910723502779,double,-1.5614936532426238
1642.572,10.0,26.83415607571246,25.288922046218705,25.45278444378972,double,-1.5452340294937583
1643.054,10.0,26.77923656518865,25.251157059897793,25.414623143117588,double,-1.528079505290858
1643.536,10.0,26.723352777814803,25.21348074556481,25.376511508090637,double,-1.5098720322499926
1644.018,10.0,26.667198199840293,25.175895243328927,25.33845191839696,double,-1.4913029565113645
1644.5,10.0,26.609743535192703,25.138402685375837,25.300446754979554,double,-1.4713408498168656
1644.982,10.0,26.551473219167825,25.101005195862026,25.262498399866306,double,-1.450468023305801
1645.464,10.0,26.493695932157006,25.063704890810246,25.22460923599821,double,-1.429991041346762
1645.946,10.0,26.43607193357677,25.026503878005098,25.186781647056495,double,-1.409568055571675
1646.428,10.0,26.378735433433175,24.989404256889337,25.149018017287574,double,-1.3893311765438399
1646.911,10.0,26.320021666045175,24.95233147200323,25.11124259180869,double,-1.3676901940419428
1647.393,10.0,26.260260535442487,24.91544111988689,25.073614179572633,double,-1.3448194155555981
1647.875,10.0,26.197903916901684,24.878658411004324,25.036056885817803,double,-1.3192455058973596
1648.357,10.0,26.134937008436726,24.84198541038895,24.99857309527323,double,-1.2929515980477757
1648.839,10.0,26.068445452166124,24.805424174223493,24.9611651923363,double,-1.2630212779426304
1649.321,10.0,26.00140302632327,24.76897674973973,24.923835560888968,double,-1.2324262765835425
1649.803,10.0,25.933079032302643,24.73264517511954,24.88658658411274,double,-1.200433857183103
1650.285,10.0,25.863505139687614,24.69643147939608,24.84942064430188,double,-1.1670736602915373
1650.768,10.0,25.794409049649197,24.66026292499008,24.81226328257595,double,-1.134146124659119
1651.25,10.0,25.724114125632614,24.624291292082432,24.775270743715623,double,-1.0998228335501792
1651.732,10.0,25.655438531975015,24.588443573444064,24.73836838642699,double,-1.0669949585309535
1652.214,10.0,25.588871291423903,24.552721760520306,24.701558587558768,double,-1.0361495309035962
1652.696,10.0,25.523734516379914,24.517127835124285,24.664843722118622,double,-1.0066066812556285
1653.178,10.0,25.458849902713222,24.481663769342177,24.628226163078775,double,-0.9771861333710441
1653.66,10.0,25.396433476980583,24.4463315254394,24.591708281180086,double,-0.9501019515411824
1654.142,10.0,25.335056490926387,24.411133055766943,24.55529244473485,double,-0.9239234351594461
1654.625,10.0,25.273123638633944,24.37599770078694,24.51890579469607,double,-0.8971259378470042
1655.106,10.0,25.212350717491265,24.34114519839042,24.482776368120877,double,-0.8712055191008455
1655.589,10.0,25.15231315248267,24.306287642241532,24.44660607875793,double,-0.8460255102411385
1656.071,10.0,25.093020038810916,24.271643886998813,24.410622285471266,double,-0.8213761518121032
1656.553,10.0,25.03420958265054,24.237143519742066,24.374752340670362,double,-0.7970660629084747
1657.035,10.0,24.97603077534748,24.20278843139287,24.338998593884842,double,-0.7732423439546054
1657.517,10.0,24.918959720743374,24.16858050232405,24.3033633908034,double,-0.7503792184193225
1657.999,10.0,24.863617767099928,24.134521602271988,24.267849073068398,double,-0.7290961648279415
1658.481,10.0,24.809097863260313,24.100613590249363,24.232457978068407,double,-0.7084842730109508
1658.963,10.0,24.755831170295405,24.066858314458866,24.197192438730823,double,-0.6889728558365393
1659.446,10.0,24.703530225780284,24.033188063154416,24.161982018160238,double,-0.6703421626258699
1659.928,10.0,24.653307831629213,23.99974408714002,24.12697484259008,double,-0.653563744489194
1660.41,10.0,24.602484946814776,23.96645833000669,24.092100197407788,double,-0.6360266168080858
1660.892,10.0,24.55082924742556,23.933332595843986,24.057360395587285,double,-0.6174966515815755
1661.374,10.0,24.497393911236863,23.90036867750995,24.022757744588073,double,-0.5970252337269139
1661.856,10.0,24.443726445567943,23.867568356549114,23.98829454614254,double,-0.57615808901883
1662.338,10.0,24.389842335611426,23.834933403111066,23.953973096042226,double,-0.5549089325003587
1662.82,10.0,24.33526217772084,23.802465575869995,23.91979568392351,double,-0.5327966018508434
1663.302,10.0,24.280868300316655,23.77016662194467,23.885764593052734,double,-0.5107016783719831
1663.785,10.0,24.22691403348179,23.737971799046825,23.85181196052494,double,-0.4889422344349664
1664.267,10.0,24.172203616676253,23.706016145813123,23.818080650748715,double,-0.4661874708631275
1664.749,10.0,24.116111212203613,23.674234540671414,23.784502476327717,double,-0.4418766715321987
1665.231,10.0,24.05939717088902,23.642628683710477,23.751079692871368,double,-0.4167684871785454
1665.713,10.0,24.003649414276623,23.611200263075567,23.717814548535408,double,-0.3924491512010547
1666.195,10.0,23.948637026532673,23.579950954892926,23.684709283803677,double,-0.36868607163974554
1666.677,10.0,23.89390656172227,23.548882423195042,23.65176613126948,double,-0.3450241385272307
1667.159,10.0,23.840114986091777,23.517996319726024,23.618987315279263,double,-0.32211866636575326
1667.642,10.0,23.787922355061344,23.487230779215817,23.586307566132852,double,-0.30069157584552697
1668.124,10.0,23.73776003965837,23.456714825205914,23.55386441498591,double,-0.281045214452455
1668.606,10.0,23.686381290485553,23.426386184212628,23.52159222705965,double,-0.25999510627292555
1669.088,10.0,23.63564059127229,23.396246458585995,23.48949319207269,double,-0.23939413268629361
1669.57,10.0,23.586661738441872,23.36629723815985,23.457569490544916,double,-0.22036450028202204
1670.052,10.0,23.537502246560997,23.336540100182766,23.42582329357758,double,-0.20096214637822796
1670.534,10.0,23.48787843637999,23.30697660924962,23.394256762633,double,-0.18090182713036973
1671.016,10.0,23.437861828436823,23.277608317234016,23.36287204931459,double,-0.16025351120280695
1671.499,10.0,23.387907520718144,23.248376446894756,23.33160675599673,double,-0.13953107382338736
1671.981,10.0,23.338246812038804,23.219403570031012,23.30059248049221,double,-0.11884324200779339
1672.463,10.0,23.289675110711073,23.19063047384026,23.26976642045807,double,-0.09904463687080978
1672.945,10.0,23.241019220384448,23.162058658623803,23.239130685838795,double,-0.07896056176064647
1673.427,10.0,23.193215870397594,23.133689611635468,23.208687375619768,double,-0.05952625876212703
1673.909,10.0,23.146999588324586,23.105524807018632,23.17843857760772,double,-0.04147478130595572
1674.391,10.0,23.10276508447688,23.077565705744295,23.148386368211675,double,-0.025199378732582156
1674.873,10.0,23.059133151518036,23.049813755549525,23.11853281222401,double,-0.009319395968510058
1675.355,10.0,23.01758015392475,23.022270390877225,23.088879962601716,double,0.004690236952475946
1675.838,10.0,22.97677300717584,22.994880543884694,23.059368972615776,double,0.0181075367088529
1676.32,10.0,22.936949574179586,22.967759040184394,23.030124073110997,double,0.03080946600480805
1676.802,10.0,22.89877090687652,22.940850347855683,23.0010859698223,double,0.04207944097916194
1677.284,10.0,22.85978372171928,22.9141558475477,22.972256666162547,double,0.054372125828422435
1677.766,10.0,22.821146299296384,22.887676906324927,22.9436381526231,double,0.06653060702854485
1678.248,10.0,22.781306599386387,22.86141487761154,22.91523240655828,double,0.08010827822515498
1678.73,10.0,22.740134292614215,22.83537110113652,22.887041391970538,double,0.09523680852230598
1679.212,10.0,22.697697583077357,22.809546902879784,22.85906705929639,double,0.11184931980242618
1679.695,10.0,22.65518545086986,22.783890706640683,22.831253989313304,double,0.12870525577082514
1680.177,10.0,22.61206080946122,22.758510049810578,22.803719275988975,double,0.14644924034935836
1680.659,10.0,22.569256137793715,22.733352868765692,22.776407016306617,double,0.16409673097197708
1681.141,10.0,22.52453766801315,22.708420433936407,22.74931910428325,double,0.18388276592325725
1681.623,10.0,22.483279876604517,22.683714001745958,22.722457419310988,double,0.200434125141441
1682.105,10.0,22.441193754752963,22.65923481456141,22.695823825948274,double,0.21804105980844646
1682.587,10.0,22.398879185454756,22.634984100645312,22.669420173711924,double,0.23610491519055476
1683.069,10.0,22.35595661976662,22.610963074108277,22.64324829687038,double,0.25500645434165803
1683.552,10.0,22.31519725367905,22.587123818558535,22.617256444447627,double,0.27192656487948774
1684.033,10.0,22.275071689726175,22.563614868575186,22.59160712897053,double,0.2885431788490128
1684.516,10.0,22.234012326066555,22.540241898140085,22.566088842742214,double,0.30622957207352974
1684.998,10.0,22.192705050830437,22.517151965074362,22.540862595611106,double,0.32444691424392547
1685.48,10.0,22.15388017464882,22.49429757841397,22.515877062957728,double,0.3404174037651503
1685.962,10.0,22.115626686160603,22.471679866377514,22.49113398324876,double,0.35605318021691146
1686.444,10.0,22.078584509953707,22.449299942722508,22.466635078288373,double,0.37071543276880337
1686.926,10.0,22.043277832210762,22.427158906704545,22.4423820530217,double,0.38388107449378317
1687.408,10.0,22.009297777403397,22.40525784303733,22.418376595339616,double,0.3959600656339324
1687.89,10.0,21.976116968421707,22.383597821853435,22.394620375885467,double,0.4074808534317298
1688.373,10.0,21.94552802896979,22.362135715525582,22.371066543560538,double,0.41660768655579217
1688.855,10.0,21.915948520769774,22.34096143670059,22.347814268145648,double,0.4250129159308169
1689.337,10.0,21.88799739990416,22.320031325005154,22.324816140828272,double,0.4320339251009886
1689.819,10.0,21.860496834455688,22.299346391842196,22.302073761320006,double,0.43884955738650866
1690.301,10.0,21.833803371586846,22.278907633850203,22.27958871114112,double,0.4451042622633572
1690.783,10.0,21.808722866962515,22.25871603286931,22.257362553437112,double,0.4499931659067924
1691.265,10.0,21.785305231181344,22.238772555907634,22.235396832797154,double,0.45346732472628937
1691.747,10.0,21.760873205020964,22.219078155109152,22.213693075074374,double,0.45820495008818685
1692.229,10.0,21.736994589675632,22.199633767721878,22.192252787208027,double,0.4626391780462452
1692.712,10.0,21.712866808634075,22.180400757106955,22.171033801272255,double,0.4675339484728813
1693.194,10.0,21.687411372374594,22.161459671978445,22.150125451668927,double,0.4740482996038492
1693.676,10.0,21.661178400642367,22.142771324162112,22.12948498049487,double,0.48159292351974414
1694.158,10.0,21.635957894556817,22.124336590991813,22.10911381725524,double,0.4883786964349962
1694.64,10.0,21.608633932393815,22.10615633476002,22.0890133716823,double,0.4975224023662045
1695.122,10.0,21.581974846681405,22.088231402691115,22.069185033570275,double,0.5062565560097126
1695.604,10.0,21.553426598030377,22.070562626915788,22.049630172612062,double,0.5171360288854093
1696.086,10.0,21.52699396560546,22.05315082444607,22.030350138238315,double,0.5261568588406124
1696.569,10.0,21.498239524865244,22.035961476387804,22.011307120298696,double,0.5377219515225601
1697.051,10.0,21.46950102305212,22.019066548214074,21.99258128254397,double,0.5495655251619519
1697.533,10.0,21.439259324759067,22.002430955018664,21.97413419916849,double,0.5631716302595957
1698.015,10.0,21.410142811773937,21.986055453075437,21.95596713694825,double,0.5759126413015014
1698.497,10.0,21.380034356672308,21.969940783427607,21.938081341627623,double,0.5899064267552961
1698.979,10.0,21.350222367758363,21.954087671868063,21.920478037772618,double,0.6038653041096992
1699.461,10.0,21.32101698563884,21.93849682892034,21.903158428626885,double,0.6174798432815015
1699.943,10.0,21.291646038862623,21.923168949820386,21.886123695970362,double,0.631522910957763
1700.426,10.0,21.26392541230888,21.908073735419613,21.869340549775945,double,0.6441483231107353
1700.908,10.0,21.236447293324147,21.893274357525144,21.852879625857735,double,0.656827064200996
1701.39,10.0,21.211253985044245,21.878739938623212,21.836706995903647,double,0.6674859535789696
1701.872,10.0,21.186093443229094,21.864471112603006,21.82082375443024,double,0.6783776693739113
1702.354,10.0,21.162620095900753,21.850468497987833,21.805230973822187,double,0.6878484020870823
1702.836,10.0,21.140166969024424,21.83673269792214,21.789929704206905,double,0.6965657288977162
1703.318,10.0,21.119240505489184,21.823264300159153,21.77492097333195,double,0.7040237946699668
1703.8,10.0,21.09896595741253,21.810063877049434,21.76020578644513,double,0.7110979196369022
1704.282,10.0,21.07991982171732,21.79713198553026,21.745785126177637,double,0.7172121638129414
1704.765,10.0,21.062844886208172,21.78444317577656,21.73163095490152,double,0.721598289568387
1705.247,10.0,21.047031821948888,21.77205051641972,21.71780282067725,double,0.7250186944708331
1705.729,10.0,21.031986676877597,21.759927967935326,21.70427202601265,double,0.7279412910577293
1706.211,10.0,21.017269680749582,21.748076025485965,21.691039461913096,double,0.7308063447363844
1706.693,10.0,21.003547914436503,21.73649516878041,21.678105996226154,double,0.7329472543439075
1707.175,10.0,20.989583171766878,21.72518586206788,21.665472473542398,double,0.7356026903010043
1707.657,10.0,20.975542079603862,21.71414855413336,21.65313971509918,double,0.738606474529499
1708.139,10.0,20.96272314364674,21.70338367829354,21.641108518687663,double,0.7406605346468004
1708.622,10.0,20.949480920504865,21.692870168613606,21.629355639630155,double,0.7433892481087417
1709.104,10.0,20.933630918976906,21.68265196234664,21.61793049599778,double,0.7490210433697353
1709.586,10.0,20.91984311236552,21.67270739607452,21.606809167691278,double,0.752864283709001
1710.068,10.0,20.90457083325742,21.66303684118585,21.595992357798117,double,0.7584660079284322
1710.55,10.0,20.891463781648564,21.65364065359355,21.585480745540536,double,0.7621768719449834
1711.032,10.0,20.878639523616403,21.644519173735972,21.57527498620138,double,0.7658796501195664
1711.514,10.0,20.86611372086992,21.635672726578548,21.56537571105306,double,0.7695590057086282
1711.996,10.0,20.85492109995173,21.62710162161657,21.555783527289783,double,0.7721805216648392
1712.479,10.0,20.84561484968679,21.618789229081294,21.546480075713976,double,0.7731743793945062
1712.96,10.0,20.83790844252732,21.610786598930478,21.53752274192041,double,0.7728781564031589
1713.443,10.0,20.83023995820737,21.60302744504602,21.528837572686786,double,0.7727874868386525
1713.925,10.0,20.82492509352439,21.59556106829611,21.52047998482213,double,0.7706359747717217
1714.407,10.0,20.82008784318967,21.58837134978003,21.51243216198025,double,0.7682835065903615
1714.889,10.0,20.817363645944248,21.581458506240892,21.504694565595713,double,0.7640948602966435
1715.371,10.0,20.81544768856332,21.57482273899278,21.49726763264239,double,0.7593750504294589
1715.853,10.0,20.814279243024842,21.568464233930147,21.49015177559226,double,0.7541849909053044
1716.335,10.0,20.812234446829066,21.56238316153744,21.48334738237729,double,0.7501487147083735
1716.817,10.0,20.8112526993005,21.556579676900157,21.476854816354958,double,0.7453269775996557
1717.3,10.0,20.81018733275889,21.55104274427532,21.470661918587886,double,0.7408554115164334
1717.782,10.0,20.81051970732457,21.54579541544196,21.46479464718101,double,0.7352757081173916
1718.264,10.0,20.810200424859207,21.540826047555463,21.459240145872048,double,0.7306256226962543
1718.746,10.0,20.810938365031113,21.53613473419666,21.453998679391194,double,0.7251963691655483
1719.228,10.0,20.811317542198672,21.53172155361301,21.449070487771984,double,0.7204040114143384
1719.71,10.0,20.811299517948495,21.527586568734282,21.4444557863372,double,0.7162870507857882
1720.192,10.0,20.809772685675263,21.523729827188742,21.440154765688064,double,0.7139571415134799
1720.674,10.0,20.808724723580003,21.520151361320373,21.43616759169687,double,0.71142663774037
1721.156,10.0,20.80731790436876,21.516851188206786,21.432494405503,double,0.7095332838380264
1721.639,10.0,20.805218959953752,21.513823329499836,21.429128681040805,double,0.7086043695460842
1722.121,10.0,20.803004871880134,21.51108030947943,21.426084446865858,double,0.7080754375992926
1722.603,10.0,20.800663798813087,21.508615541963696,21.423354475634156,double,0.7079517431506088
1723.085,10.0,20.796590333524385,21.50642898312781,21.42093880953111,double,0.7098386496034254
1723.567,10.0,20.79312719327765,21.50452057398186,21.41883746604082,double,0.7113933807042117
1724.049,10.0,20.792097800797112,21.502890240393363,21.41705043796252,double,0.71079243959625
1724.531,10.0,20.789667784183706,21.501537893110726,21.41557769343062,double,0.711870108927018
1725.013,10.0,20.78964749887174,21.500463427787295,21.41441917593783,double,0.7108159289155536
1725.496,10.0,20.790079386675362,21.499665360738494,21.41357337903843,double,0.7095859740631316
1725.978,10.0,20.789450297355916,21.499146861880305,21.41304369908178,double,0.7096965645243897
1726.46,10.0,20.78982412415034,21.498905841298217,21.412827928781574,double,0.7090817171478775
1726.942,10.0,20.791924122224962,21.49894213449094,21.412925913314407,double,0.707018012265978
1727.424,10.0,20.795256886711762,21.49925556199428,21.413337473382743,double,0.7039986752825161
1727.906,10.0,20.79892184985364,21.499845929409844,21.41406240525836,double,0.7009240795562033
1728.388,10.0,20.805761886075704,21.500713027434525,21.41510048082927,double,0.6949511413588211
1728.87,10.0,20.812793324307073,21.501856631890575,21.416451447649848,double,0.6890633075835012
1729.353,10.0,20.820897775712673,21.503279736554482,21.418118805165058,double,0.6823819608418075
1729.835,10.0,20.83176358698985,21.504976194365604,21.420095347708205,double,0.6732126073757533
1730.317,10.0,20.84172439690592,21.50694839656816,21.42238387801406,double,0.66522399966224
1730.799,10.0,20.853565293279672,21.509196059772474,21.424984046820143,double,0.6556307664928013
1731.281,10.0,20.865140367195128,21.511718885876462,21.42789548083062,double,0.6465785186813344
1731.763,10.0,20.878290633229106,21.51451656210041,21.431117782786036,double,0.6362259288713062
1732.245,10.0,20.89190283566717,21.51758876102206,21.434650531536235,double,0.6256859253548908
1732.727,10.0,20.905745118808035,21.52093514061303,21.438493282116536,double,0.6151900218049955
1733.209,10.0,20.92117588739535,21.524555344275292,21.44264556582699,double,0.6033794568799433
1733.692,10.0,20.93525676150598,21.528457362993176,21.44711646706787,double,0.5932006014871954
1734.174,10.0,20.95047158157373,21.53262465303368,21.451886955953768,double,0.5821530714599482
1734.656,10.0,20.96567596354663,21.537064609468747,21.456965429155225,double,0.571388645922119
1735.138,10.0,20.98329063188013,21.541776817775258,21.46235132383838,double,0.5584861858951268
1735.62,10.0,21.00013595112373,21.54676084905548,21.46804405387752,double,0.5466248979317495
1736.102,10.0,21.017435238524886,21.552016260078176,21.474043009952762,double,0.5345810215532903
1736.584,10.0,21.034137267080858,21.557542593320527,21.480347559651033,double,0.5234053262396676
1737.066,10.0,21.052234932797308,21.56333937701055,21.486957047569614,double,0.5111044442132395
1737.549,10.0,21.070110639260044,21.56941899206727,21.493885455092933,double,0.4993083528072234
1738.031,10.0,21.08679401084059,21.57575576308145,21.50110339086801,double,0.4889617522408629
1738.513,10.0,21.10364862133811,21.58236148308607,21.50862416027472,double,0.47871286174796246
1738.995,10.0,21.1194291407334,21.589235623722246,21.51644701700153,double,0.4698064829888493
1739.477,10.0,21.13476267561761,21.596377642604846,21.52457119231011,double,0.46161496698723936
1739.959,10.0,21.14939818655704,21.603786983369137,21.53299589515611,double,0.4543887968120969
1740.441,10.0,21.16342024523537,21.61146307571822,21.541720312313085,double,0.4480428304828532
1740.923,10.0,21.17766205991936,21.61940533547088,21.550743608498834,double,0.4417432755515177
1741.406,10.0,21.19206120884847,21.627630468937824,21.56008457452541,double,0.4355692600893524
1741.887,10.0,21.20688758388235,21.63608595133322,21.569683387327444,double,0.42919836745087536
1742.37,10.0,21.2216218853648,21.644841471233867,21.579618967533342,double,0.4232195858690668
1742.852,10.0,21.237638091411924,21.653842829226424,21.589829602199778,double,0.41620473781449896
1743.334,10.0,21.253206757426685,21.663107225809657,21.600334611283305,double,0.4099004683829732
1743.816,10.0,21.269297082604155,21.672633994513422,21.611133029928872,double,0.4033369119092661
1744.298,10.0,21.287289450978104,21.682422455337726,21.62222387218505,double,0.3951330043596185
1744.78,10.0,21.305989787955557,21.692471914806088,21.633606131151325,double,0.38648212685053196
1745.262,10.0,21.32544249134417,21.702781666019384,21.64527877912766,double,0.3773391746752147
1745.744,10.0,21.34624966316336,21.713350988710342,21.657240767766318,double,0.36710132554698127
1746.227,10.0,21.368569233642678,21.724201882907423,21.6695167426098,double,0.3556326492647449
1746.709,10.0,21.392779034826827,21.735288669228787,21.68205478038146,double,0.3425096344019607
1747.191,10.0,21.41765950580872,21.746632784981276,21.694878889118304,double,0.3289732791725536
1747.673,10.0,21.445081862553586,21.758233456955512,21.70798793940638,double,0.3131515944019253
1748.155,10.0,21.472778886834103,21.770089898856277,21.72138078197846,double,0.297311012022175
1748.637,10.0,21.50197108090731,21.78220131136045,21.7350562478796,double,0.2802302304531379
1749.119,10.0,21.53116696559029,21.7945668821761,21.74901314863456,double,0.2633999165858075
1749.601,10.0,21.560724606135338,21.80718578610179,21.763250276417374,double,0.24646117996645067
1750.083,10.0,21.59016477917508,21.820057185086768,21.77776640422307,double,0.2298924059116858
1750.566,10.0,21.619338756001856,21.833207715508856,21.79259126659233,double,0.21386895950699925
1751.048,10.0,21.649887340763716,21.846582058752233,21.807662209883993,double,0.19669471798851867
1751.53,10.0,21.679126981027643,21.860206304585418,21.823008356173123,double,0.18107932355777567
1752.012,10.0,21.708130317670378,21.874079564146832,21.838628403455697,double,0.16594924647645448
1752.494,10.0,21.73681110019742,21.88820093603505,21.85452103143622,double,0.15138983583762866
1752.976,10.0,21.765613033383787,21.902569506372366,21.870684901710458,double,0.13695647298857805
1753.458,10.0,21.793869522695147,21.91718434886885,21.887118657950055,double,0.12331482617370382
1753.94,10.0,21.820398949718104,21.932044524887246,21.903820926088986,double,0.11164557516914198
1754.423,10.0,21.846316522474694,21.947180674135648,21.920825797407733,double,0.10086415166095097
1754.905,10.0,21.872304804157377,21.962529156233764,21.938061446929545,double,0.09022435207638457
1755.387,10.0,21.89691072254548,21.97812008047769,21.9555613786373,double,0.0812093579322104
1755.869,10.0,21.923535324887478,21.99395245947447,21.973324149374537,double,0.07041713458699195
1756.351,10.0,21.949264316323415,22.01002529381602,21.991348299202755,double,0.060760977492604895
1756.833,10.0,21.975852992384695,22.026337572147213,22.00963235159708,double,0.05048457976251919
1757.315,10.0,22.004393946617682,22.042888271234773,22.028174813643226,double,0.03849432461709157
1757.797,10.0,22.03249748097201,22.059676356035997,22.046974176235572,double,0.02717887506398231
1758.28,10.0,22.06284932747014,22.076736345091202,22.066068711323954,double,0.013887017621061482
1758.762,10.0,22.095432436305213,22.093996536329666,22.085377808940844,double,-0.0014358999755464952
1759.244,10.0,22.129459747538903,22.11149093576633,22.10493918139588,double,-0.017968811772570148
1759.726,10.0,22.162755923091535,22.12921846180022,22.124751256794262,double,-0.03353746129131363
1760.208,10.0,22.197100081335037,22.147178021374913,22.144812448060087,double,-0.049922059960122445
1760.69,10.0,22.230266116735983,22.165368510051067,22.16512115314164,double,-0.06489760668491606
1761.172,10.0,22.265490628702818,22.18378881207888,22.18567575521759,double,-0.08170181662393583
1761.654,10.0,22.29856715977775,22.2024378004718,22.206474622904526,double,-0.09612935930594924
1762.136,10.0,22.33402821369826,22.221314337079978,22.227516110465068,double,-0.11271387661828391
1762.619,10.0,22.366625209118425,22.240457139848992,22.248842961790757,double,-0.12616806926943336
1763.101,10.0,22.399743354611395,22.259785780243906,22.270365190211823,double,-0.13995757436749134
1763.583,10.0,22.43224183947943,22.27933848572959,22.292125013750784,double,-0.15290335374984199
1764.065,10.0,22.46274459682699,22.299114074228648,22.31412073132609,double,-0.16363052259834032
1764.547,10.0,22.49378445072829,22.319111352877137,22.336350628556502,double,-0.1746730978511496
1765.029,10.0,22.52407335078795,22.33932911810075,22.35881297797358,double,-0.18474423268720064
1765.511,10.0,22.555194011156036,22.359766155692363,22.381506039235603,double,-0.1954278554636757
1765.993,10.0,22.584973939665492,22.38042124088943,22.40442805934148,double,-0.20455269877606153
1766.476,10.0,22.61737062208232,22.401336665657585,22.427625535195034,double,-0.21603395642473544
1766.958,10.0,22.650387247328545,22.422424575879102,22.451000630232876,double,-0.22796267144944427
1767.44,10.0,22.684930434229145,22.44372679425272,22.47459934757865,double,-0.24120363997642558
1767.922,10.0,22.720278829576497,22.465242054558228,22.498419885720736,double,-0.25503677501827193
1768.404,10.0,22.757815955914854,22.48696908041503,22.52246043156626,double,-0.2708468754998222
1768.886,10.0,22.797712036447766,22.508906585362205,22.546719160657837,double,-0.2888054510855609
1769.368,10.0,22.838662936010916,22.531053272939474,22.571194237390344,double,-0.3076096630714453
1769.85,10.0,22.87998238205298,22.553407836767946,22.59588381522835,double,-0.3265745452850327
1770.333,10.0,22.92408163537384,22.576015981743147,22.620837921032212,double,-0.3480656536306942
1770.814,10.0,22.96805218117018,22.598735318560752,22.645899034730636,double,-0.36931686260942564
1771.297,10.0,23.013591084798453,22.6217534420647,22.671273681523086,double,-0.39183764273375
1771.779,10.0,23.05868926391767,22.644926670433186,22.69680301494089,double,-0.41376259348448463
1772.261,10.0,23.10311870339285,22.668301094429555,22.722537456493964,double,-0.4348176089632949
1772.743,10.0,23.147659794082497,22.69187534987124,22.74847509861279,double,-0.4557844442112602
1773.225,10.0,23.192995684269572,22.715648063236575,22.774614024320908,double,-0.47734762103299744
1773.707,10.0,23.23743625687145,22.73961785174911,22.800952307452807,double,-0.4978184051223411
1774.189,10.0,23.280479285666072,22.763783323462278,22.827488012871125,double,-0.5166959622037948
1774.671,10.0,23.32360214041984,22.788143077344497,22.854219196683964,double,-0.5354590630753442
1775.154,10.0,23.3660122658218,22.812746841929865,22.881199966666475,double,-0.5532654238919354
1775.636,10.0,23.407408391650492,22.837491316867503,22.908316637053957,double,-0.5699170747829885
1776.118,10.0,23.447368804874273,22.862425814254067,22.935622899709333,double,-0.5849429906202075
1776.6,10.0,23.488232629519842,22.887548897557696,22.963116777874152,double,-0.6006837319621455
1777.082,10.0,23.526476299258945,22.912859121592476,22.990796287118446,double,-0.6136171776664673
1777.564,10.0,23.565427431257124,22.93835503260555,23.018659435555733,double,-0.6270723986515736
1778.046,10.0,23.602913530249943,22.964035168364592,23.04670422405827,double,-0.6388783618853505
1778.528,10.0,23.639707649938487,22.989898058245924,23.07492864647172,double,-0.6498095916925628
1779.01,10.0,23.678112656656047,23.015942223322476,23.10333068982869,double,-0.6621704333335726
1779.493,10.0,23.71522869898692,23.04222076884739,23.131967805414604,double,-0.6730079301395298
1779.975,10.0,23.75374963311575,23.068623383105162,23.160719383577224,double,-0.6851262500105842
1780.457,10.0,23.79423015847119,23.095202783716907,23.18964250081447,double,-0.6990273747542852
1780.939,10.0,23.835718518821075,23.12195745941441,23.218735119024657,double,-0.7137610594066646
1781.421,10.0,23.87768360676323,23.14888589107216,23.24799519435506,double,-0.728797715691068
1781.903,10.0,23.920708426340536,23.175986551797266,23.277420677412152,double,-0.7447218745432693
1782.385,10.0,23.964654679630044,23.203257907020014,23.30700951347114,double,-0.761396772610029
1782.867,10.0,24.008986497504452,23.230698414584378,23.33675964268474,double,-0.7782880829200756
1783.35,10.0,24.051191583198655,23.258363976219577,23.36673121698289,double,-0.7928276069790796
1783.832,10.0,24.09279874182238,23.28613847497845,23.39679805741438,double,-0.8066602668439282
1784.314,10.0,24.134358087292092,23.314077451750943,23.42701997849147,double,-0.8202806355411513
1784.796,10.0,24.175975317480177,23.342179334933316,23.45739490193929,double,-0.8337959825468616
1785.278,10.0,24.21580767885342,23.370442545792997,23.487920745391726,double,-0.8453651330604217
1785.76,10.0,24.255381667066583,23.39886549856111,23.518595422595343,double,-0.8565161685054723
1786.242,10.0,24.295896588383197,23.427446600524988,23.5494168436117,double,-0.8684499878582108
1786.724,10.0,24.33777403901117,23.45618425212082,23.580382915018745,double,-0.8815897868903466
1787.207,10.0,24.37962970303584,23.485136950114967,23.611556227555365,double,-0.8944927529208724
1787.689,10.0,24.423841246423436,23.514183191775746,23.642805595758382,double,-0.9096580546476912
1788.171,10.0,24.467840861576633,23.54338114083515,23.674193310819103,double,-0.9244597207414829
1788.653,10.0,24.512892711258097,23.572729171244276,23.705717267369973,double,-0.9401635400138192
1789.135,10.0,24.5577416746184,23.60222565057077,23.73737535755168,double,-0.9555160240476313
1789.617,10.0,24.603561233836714,23.631868940092982,23.76916547120822,double,-0.9716922937437339
1790.099,10.0,24.650605188549026,23.66165739489428,23.801085496080443,double,-0.9889477936547458
1790.581,10.0,24.697885864586034,23.69158936395774,23.833133317998666,double,-1.0062965006282925
1791.063,10.0,24.74581258873205,23.721663190260827,23.865306821073894,double,-1.0241493984712247
1791.546,10.0,24.792899428160705,23.751940040135228,23.89767102122487,double,-1.040959388025478
1792.028,10.0,24.839709051094268,23.782292871961317,23.93008978277554,double,-1.0574161791329528
1792.51,10.0,24.88642202177988,23.812782551396584,23.962627864994523,double,-1.0736394703832974
1792.992,10.0,24.93245967360817,23.843407398336254,23.995283147000986,double,-1.0890522752719178
1793.474,10.0,24.97962007339986,23.87416572714675,24.028053507132007,double,-1.1054543462531097
1793.956,10.0,25.025935277470033,23.90505584676179,24.060936823126383,double,-1.1208794307082437
1794.438,10.0,25.072922324241194,23.936076060778174,24.09393097230625,double,-1.1368462634630205
1794.92,10.0,25.120225344261414,23.967224667552365,24.127033831758315,double,-1.1530006767090484
1795.403,10.0,25.167105278569235,23.99856497729894,24.160312287104052,double,-1.168540301270296
1795.885,10.0,25.213382292459407,24.029965501677026,24.193626412836167,double,-1.1834167907823823
1796.367,10.0,25.260406194988477,24.06148927983608,24.227042876067152,double,-1.1989169151523953
1796.849,10.0,25.305965241740424,24.0931345901253,24.260559554719425,double,-1.2128306516151266
1797.331,10.0,25.350173379744266,24.124899706136695,24.294174327361613,double,-1.2252736736075742
1797.813,10.0,25.394694151601882,24.15678289680237,24.327885073380497,double,-1.237911254799512
1798.295,10.0,25.44040728076459,24.18878242649125,24.36168967315136,double,-1.2516248542733366
1798.777,10.0,25.484970570116396,24.22089655510682,24.395586008206866,double,-1.2640740150095753
1799.26,10.0,25.52993351026403,24.253190515244555,24.4296425633706,double,-1.2767429950194753
1799.741,10.0,25.574541234766002,24.285461626988535,24.46364541709191,double,-1.2890796077774658
1800.224,10.0,25.62076158300647,24.317976499408005,24.497875217538645,double,-1.3027850835984622
1800.706,10.0,25.668236461137724,24.35053175826304,24.53211750860923,double,-1.3177047028746836
1801.188,10.0,25.714885775475878,24.383192848333323,24.566440961414685,double,-1.3316929271425526
1801.67,10.0,25.760396351550302,24.415958004769756,24.600843467895604,double,-1.3444383467805465
1802.152,10.0,25.80754712554767,24.448825458941904,24.63532292228876,double,-1.3587216666057667
1802.634,10.0,25.854323971771752,24.481793438535867,24.66987722128306,double,-1.3725305332358855
1803.116,10.0,25.900015606150355,24.514860167652497,24.70450426417414,double,-1.3851554384978593
1803.598,10.0,25.945535165768113,24.548023866905368,24.73920195301728,double,-1.397511298862747
1804.081,10.0,25.99118049821325,24.581351853067375,24.77404039171378,double,-1.4098286451458775
1804.563,10.0,26.035887911727258,24.614704332896753,24.80887322613023,double,-1.4211835788305038
1805.045,10.0,26.079013018714814,24.648148421048365,24.843770426397764,double,-1.430864597666448
1805.527,10.0,26.12368258603507,24.681682325164363,24.878729907114064,double,-1.4420002608707043
1806.009,10.0,26.165695178905935,24.715304249891844,24.91374958637676,double,-1.4503909290140893
1806.491,10.0,26.208986179555133,24.749012396981026,24.94882738592612,double,-1.4599737825741061
1806.973,10.0,26.252954354516206,24.78280496538428,24.983961231286596,double,-1.470149389131925
1807.455,10.0,26.296612668036275,24.81668015135434,25.019149051906137,double,-1.479932516681931
1807.938,10.0,26.34184867004052,24.850706679418508,25.05446194529368,double,-1.491141990622011
1808.42,10.0,26.387470263318907,24.884741840998302,25.0897516224327,double,-1.5027284223206039
1808.902,10.0,26.43440304413092,24.918854189931345,25.12508908382154,double,-1.5155488541995776
1809.384,10.0,26.48175252688853,24.953041912653152,25.16047227597362,double,-1.528710614235379
1809.866,10.0,26.530171635148214,24.987303193392872,25.195899149998457,double,-1.5428684417553407
1810.348,10.0,26.57829544308935,25.021636214271915,25.23136766173093,double,-1.5566592288174363
1810.83,10.0,26.627159321047696,25.0560391554023,25.266875771858928,double,-1.5711201656453955
1811.312,10.0,26.675346244391807,25.0905101949854,25.302421446049184,double,-1.5848360494064073
1811.794,10.0,26.725770123190472,25.125047509410475,25.338002655071673,double,-1.600722613779998
1812.277,10.0,26.77482204887153,25.15972112697309,25.373691297814855,double,-1.6151009218984436
1812.759,10.0,26.824127978981753,25.19438564151595,25.40933757307532,double,-1.629742337465806
1813.241,10.0,26.873160001218583,25.229110946385514,25.44501332314006,double,-1.6440490548330688
1813.723,10.0,26.921591309437808,25.26389521170452,25.480716540409677,double,-1.657696097733291
1814.205,10.0,26.969478451135657,25.298736606275916,25.516445222983037,double,-1.670741844859741
1814.687,10.0,27.01724628051476,25.333633297681164,25.55219737477088,double,-1.6836129828335988
1815.169,10.0,27.064003125666947,25.368583452378772,25.58797100560809,double,-1.6954196732881732
1815.651,10.0,27.11020221012948,25.403585235802105,25.623764131363913,double,-1.706616974327374
1816.134,10.0,27.155469018830054,25.438709584057417,25.659649086829837,double,-1.7167594347726356
1816.616,10.0,27.200447161796987,25.473809215209965,25.695475304916616,double,-1.726637946587023
1817.098,10.0,27.243131562292483,25.508954962408193,25.7313150987441,double,-1.7341765998842906
1817.58,10.0,27.2847461269249,25.54414498796528,25.767166509402585,double,-1.7406011389596243
1818.062,10.0,27.32703002431089,25.579377453659614,25.803027584543255,double,-1.7476525706512758
1818.544,10.0,27.368325200493516,25.614650520832548,25.838896378478527,double,-1.753674679660966
1819.026,10.0,27.410460525500085,25.64996235048598,25.874770952280347,double,-1.760498175014108
1819.508,10.0,27.453237035460642,25.685311103379917,25.910649373876808,double,-1.7679259320807272
1819.99,10.0,27.495528471777764,25.720694940130052,25.946529718147637,double,-1.7748335316477126
1820.473,10.0,27.537510334644583,25.756185534007592,25.982484506252916,double,-1.7813248006369908
1820.955,10.0,27.580200023994365,25.791634083469066,26.018362942845783,double,-1.7885659405252996
1821.437,10.0,27.62305797086766,25.827112194923675,26.054237565443938,double,-1.7959457759439856
1821.919,10.0,27.664716416837926,25.862618029381945,26.090106477665437,double,-1.8020983874559804
1822.401,10.0,27.70932289895543,25.898149748195344,26.125967790529952,double,-1.811173150760087
1822.883,10.0,27.7527406236647,25.93370551315361,26.16181962254466,double,-1.8190351105110913
1823.365,10.0,27.796897490795857,25.969283486580576,26.19766009978709,double,-1.8276140042152833
1823.847,10.0,27.84152286897969,26.00488183143107,26.23348735598715,double,-1.8366410375486197
1824.33,10.0,27.88698191898576,26.040572623322632,26.26937381476878,double,-1.8464092956631262
1824.812,10.0,27.93277978352514,26.076206235628508,26.305169024039955,double,-1.8565735478966339
1825.294,10.0,27.980729031357075,26.111854709164422,26.340945456352426,double,-1.868874322192654
1825.776,10.0,28.02732895142281,26.14751621037199,26.376701276848685,double,-1.879812741050818
1826.258,10.0,28.07552981738094,26.18318890680379,26.412434658708793,double,-1.8923409105771505
1826.74,10.0,28.1223897148731,26.21887096721861,26.448143783222683,double,-1.9035187476544924
1827.222,10.0,28.17054457755588,26.254560561676797,26.483826839860868,double,-1.9159840158790797
1827.704,10.0,28.21964980790879,26.290255861635416,26.51948202634352,double,-1.9293939462733778
1828.187,10.0,28.26652614292953,26.326029107493774,26.555181428504266,double,-1.940497035435751
1828.668,10.0,28.31299771959248,26.36165627143533,26.590701621374947,double,-1.9513414481571512
1829.151,10.0,28.35823765912731,26.39743180042169,26.626336209133427,double,-1.960805858705622
1829.633,10.0,28.40240945534129,26.43313166300757,26.661861985083547,double,-1.969277792333718
1830.115,10.0,28.44743514027809,26.468828108870703,26.697351001891857,double,-1.9786070314073867
1830.597,10.0,28.490002743443217,26.504519319838714,26.73280150815942,double,-1.9854834236045005
1831.079,10.0,28.531627599533827,26.5402034797966,26.76821176117814,double,-1.9914241197372284
1831.561,10.0,28.573487113194453,26.575878774779632,26.80358002698735,double,-1.997608338414819
1832.043,10.0,28.61420038134188,26.611543393067322,26.83890458042978,double,-2.002656988274559
1832.525,10.0,28.655997180205272,26.647195525275656,26.874183705205112,double,-2.008801654929615
1833.008,10.0,28.697915144916564,26.682907285766493,26.90948873915786,double,-2.01500785915007
1833.49,10.0,28.738116659527748,26.718528992204927,26.944671790313613,double,-2.0195876673228197
1833.972,10.0,28.777965888996853,26.754132795625285,26.979804314068613,double,-2.023833093371569
1834.454,10.0,28.816969799411453,26.789716896922677,27.014884630082527,double,-2.027252902488774
1834.936,10.0,28.855428780129415,26.82527949979069,27.049911067120963,double,-2.030149280338728
1835.418,10.0,28.891421332579615,26.860818810813292,27.084881963101658,double,-2.0306025217663226
1835.9,10.0,28.927544257169558,26.89633303955601,27.11979566513825,double,-2.031211217613549
1836.382,10.0,28.961755906122942,26.931820398656892,27.154650529583265,double,-2.029935507466052
1836.865,10.0,28.996864669840207,26.967352638674335,27.18951704561656,double,-2.02951203116587
1837.347,10.0,29.03128749721405,27.002780844158192,27.224249210583174,double,-2.0285066530558558
1837.829,10.0,29.0670003753271,27.038176833572187,27.258917659515326,double,-2.0288235417549147
1838.311,10.0,29.10520293721102,27.073538832757094,27.2935207861426,double,-2.031664104453923
1838.793,10.0,29.144159318977625,27.10886507107765,27.328056993627847,double,-2.035294247899977
1839.275,10.0,29.185026043110497,27.14415378151204,27.362524694602218,double,-2.0408722615984587
1839.757,10.0,29.22589256862167,27.179403200740747,27.3969223111989,double,-2.0464893678809215
1840.239,10.0,29.267504368230323,27.21461156923546,27.431248275085572,double,-2.0528927989948653
1840.721,10.0,29.311121910213334,27.24977713134773,27.465501027495698,double,-2.0613447788656036
1841.204,10.0,29.35396540295577,27.284970953019382,27.499749849171756,double,-2.068994449936384
1841.686,10.0,29.399038988497285,27.320045553496776,27.53385138084766,double,-2.078993435000509
1842.168,10.0,29.443659832839476,27.35507210119163,27.567875079271374,double,-2.088587731647845
1842.65,10.0,29.487174483289476,27.390048856861977,27.601819424247143,double,-2.0971256264274984
1843.132,10.0,29.53116631819998,27.42497408558327,27.635682905282955,double,-2.1061922326167104
1843.614,10.0,29.57416544559911,27.459846056835424,27.669464021614697,double,-2.1143193887636857
1844.096,10.0,29.619081408253567,27.494663044588798,27.70316128222906,double,-2.1244183636647707
1844.578,10.0,29.661816106712457,27.529423327390155,27.736773205885136,double,-2.1323927793223008
1845.061,10.0,29.705166682699925,27.56419712209313,27.770367784063644,double,-2.140969560606792
1845.543,10.0,29.746849174949897,27.59883872282937,27.8038044446279,double,-2.1480104521205243
1846.025,10.0,29.788496485087425,27.633418479030347,27.83715138034628,double,-2.1550780060570762
1846.507,10.0,29.828238283804176,27.66793468841154,27.87040714928456,double,-2.1603035953926373
1846.989,10.0,29.869331835175394,27.702385653689575,27.903570319373706,double,-2.166946181485818
1847.471,10.0,29.908705833096317,27.736769682666186,27.93663946842505,double,-2.1719361504301316
1847.953,10.0,29.946133277179637,27.771085088311388,27.96961318414465,double,-2.1750481888682502
1848.435,10.0,29.98347042856704,27.805330188846924,28.00249006414677,double,-2.1781402397201166
1848.917,10.0,30.019874685157188,27.839503307828878,28.035268715965817,double,-2.180371377328311
1849.4,10.0,30.051786977248398,27.8736734422929,28.068015451409323,double,-2.1781135349554948
1849.882,10.0,30.08242170379608,27.907697432595434,28.100593298273225,double,-2.1747242712006454
1850.364,10.0,30.11145821887242,27.941644441402335,28.133068796370388,double,-2.1698137774700865
1850.846,10.0,30.141193061656324,27.97551281443869,28.165440593040202,double,-2.165680247217633
1851.328,10.0,30.1702137586004,28.009300903172253,28.197707345589233,double,-2.1609128554281485
1851.81,10.0,30.199249461285206,28.043007064893732,28.229867721297747,double,-2.1562423963914723
1852.292,10.0,30.229532491833282,28.076629662797014,28.261920397425268,double,-2.152902829036268
1852.774,10.0,30.261951083901234,28.110167066058466,28.293864061215412,double,-2.1517840178427674
1853.257,10.0,30.29195199166137,28.14368695809588,28.325763338621012,double,-2.1482650335654885
1853.739,10.0,30.32443526708761,28.177048918770573,28.357484846533847,double,-2.147386348317032
1854.221,10.0,30.356366157402093,28.210320825681144,28.3890934611284,double,-2.146045331720947
1854.703,10.0,30.391212640000937,28.243501072736706,28.42058790963578,double,-2.147711567264232
1855.185,10.0,30.42558353473953,28.27658806022123,28.451966929282058,double,-2.1489954745183004
1855.667,10.0,30.45892467055711,28.309580194871074,28.48322926728819,double,-2.1493444756860325
1856.149,10.0,30.493234269027127,28.34247588995158,28.51437368086882,double,-2.150758379075546
1856.631,10.0,30.5273537954039,28.375273565333337,28.545398937230427,double,-2.1520802300705633
1857.114,10.0,30.56148217145204,28.408039381298384,28.57636780559171,double,-2.153442790153659
1857.595,10.0,30.596043331455082,28.44056856996492,28.60708709706539,double,-2.1554747614901615
1858.078,10.0,30.628508956510185,28.473130080166708,28.637811067379502,double,-2.1553788763434776
1858.56,10.0,30.66187163923645,28.505519792271528,28.668347308189556,double,-2.156351846964921
1859.042,10.0,30.693093823860774,28.537803682552287,28.69875837513006,double,-2.1552901413084857
1859.524,10.0,30.724612741123387,28.56998021210504,28.729043095298817,double,-2.154632529018347
1860.006,10.0,30.753733834653573,28.60204784915349,28.759200305751907,double,-2.1516859855000847
1860.488,10.0,30.78336311475368,28.63400506912168,28.789228853496308,double,-2.1493580456319994
1860.97,10.0,30.811952623825377,28.665850354706468,28.819127595481454,double,-2.14610226911891
1861.452,10.0,30.84177345646871,28.697582195949366,28.848895398590408,double,-2.144191260519346
1861.935,10.0,30.87024911002115,28.729264564998914,28.878592486518283,double,-2.140984545022234
1862.417,10.0,30.898773639263734,28.76076477428765,28.908094774762972,double,-2.138008864976082
1862.899,10.0,30.928814740963606,28.79214705106013,28.93746278200589,double,-2.1366676899034767
1863.381,10.0,30.958332428429475,28.823409915461706,28.966695414784205,double,-2.1349225129677682
1863.863,10.0,30.98709431485075,28.8545518953348,28.995791589515225,double,-2.132542419515948
1864.345,10.0,31.017921497896555,28.885571526288135,29.024750232484074,double,-2.1323499716084218
1864.827,10.0,31.049061288250485,28.916467351765174,29.053570279830442,double,-2.1325939364853106
1865.309,10.0,31.082722447967342,28.94723792311238,29.08225067753522,double,-2.135484524854964
1865.792,10.0,31.11380094420559,28.97794524345978,29.110849445440223,double,-2.135855700745809
1866.274,10.0,31.1474919577843,29.008460725227113,29.139247125987964,double,-2.139031232557187
1866.756,10.0,31.181773196402972,29.038846652047525,29.16750205162504,double,-2.14292654435545
1867.238,10.0,31.2157866222438,29.069101607567028,29.195613207571697,double,-2.1466850146767746
1867.72,10.0,31.247725799764275,29.09922418366786,29.223579588813863,double,-2.148501616096415
1868.202,10.0,31.282515001935383,29.129212980533335,29.2514002000869,double,-2.153302021402048
1868.684,10.0,31.314943550458995,29.159066606712702,29.27907405585848,double,-2.1558769437462932
1869.166,10.0,31.347899468710583,29.18878367918515,29.30660018031127,double,-2.1591157895254343
1869.648,10.0,31.380549822764582,29.218362823423533,29.333977607325057,double,-2.1621869993410483
1870.131,10.0,31.410945182952666,29.24786360624535,29.361261713391386,double,-2.1630815767073153
1870.613,10.0,31.442160401871668,29.277162511509864,29.38833857243678,double,-2.1649978903618026
1871.095,10.0,31.473260835389716,29.30631941375944,29.415263891746964,double,-2.166941421630275
1871.577,10.0,31.502702276342294,29.33533297308508,29.44203674382394,double,-2.1673693032572103
1872.059,10.0,31.531182629214165,29.364201858381804,29.46865621077177,double,-2.1669807708323607
1872.541,10.0,31.55652773506713,29.392924747409104,29.49512138427628,double,-2.1636029876580256
1873.023,10.0,31.58282113892091,29.421500326851074,29.52143136558473,double,-2.1613208120698335
1873.505,10.0,31.60634955296479,29.449927292375488,29.547585265484845,double,-2.156422260589302
1873.988,10.0,31.628490012700865,29.478262858061044,29.573635976075558,double,-2.150227154639822
1874.47,10.0,31.651486742509743,29.506388403969485,29.59947475522936,double,-2.145098338540258
1874.952,10.0,31.674983824403768,29.534361474813842,29.625154840592117,double,-2.140622349589927
1875.434,10.0,31.69707374066829,29.56218080280035,29.650675380918557,double,-2.134892937867944
1875.916,10.0,31.719711819539775,29.58984512940851,29.676035534395105,double,-2.1298666901312657
1876.398,10.0,31.742569233993205,29.617353205447127,29.701234468617077,double,-2.1252160285460784
1876.88,10.0,31.767200831869637,29.64470379111006,29.72627136056605,double,-2.1224970407595745
1877.362,10.0,31.791994353233772,29.671895656031232,29.75114539658649,double,-2.120098697202538
1877.844,10.0,31.81658775644138,29.69892757933943,29.775855772362505,double,-2.117660177101949
1878.327,10.0,31.842034230088867,29.725853929845016,29.80045244654321,double,-2.116180300243853
1878.809,10.0,31.867320719847182,29.752562007483718,29.82483278248898,double,-2.1147587123634626
1879.291,10.0,31.89182537744552,29.77910653593801,29.849047099441783,double,-2.1127188415075104
1879.773,10.0,31.916770485865985,29.805486332870213,29.873094630225,double,-2.1112841529957738
1880.255,10.0,31.941046008355624,29.83170022570181,29.896974616881366,double,-2.1093457826538153
1880.737,10.0,31.966068798738874,29.857747051664933,29.920686310648257,double,-2.108321747073938
1881.219,10.0,31.98864527135491,29.883625657852896,29.944228971933164,double,-2.1050196135020127
1881.701,10.0,32.0104990891201,29.909334901270178,29.967601870288362,double,-2.1011641878499243
1882.184,10.0,32.031399439159536,29.934926455825067,29.990852244461262,double,-2.0964729833344684
1882.666,10.0,32.05408884498723,29.96029322739058,30.013883106154793,double,-2.09379561759665
1883.148,10.0,32.074839251825125,29.98548726486029,30.036742066744132,double,-2.089351986964838
1883.63,10.0,32.096356502232645,30.01050746539424,30.059428432127667,double,-2.0858490368384053
1884.112,10.0,32.1182804405611,30.035352736305658,30.081941517221534,double,-2.0829277042554386
1884.594,10.0,32.13872142679833,30.060021995107633,30.104280645934185,double,-2.078699431690695
1885.076,10.0,32.15962537389814,30.084514169559263,30.126445151140352,double,-2.0751112043388753
1885.558,10.0,32.180844118917854,30.108828197710913,30.148434374654986,double,-2.072015921206938
1886.041,10.0,32.2000577786246,30.133012913211545,30.17029273967575,double,-2.0670448654130533
1886.522,10.0,32.219830530775475,30.15691761904208,30.191884388415207,double,-2.0629129117333944
1887.005,10.0,32.23885786877021,30.180740073284706,30.213388243944628,double,-2.0581177954855034
1887.487,10.0,32.2590290536706,30.20433072487973,30.234669567162847,double,-2.0546983287908716
1887.969,10.0,32.277633538451674,30.227738074265257,30.255772449690753,double,-2.049895464186413
1888.451,10.0,32.297709329764245,30.25096112218465,30.276696286453976,double,-2.046748207579596
1888.933,10.0,32.31700903418431,30.27399887997475,30.29744048113469,double,-2.043010154209557
1889.415,10.0,32.33645250941233,30.29685036960671,30.318004446145107,double,-2.0396021398056243
1889.897,10.0,32.35436729784392,30.319514623726096,30.33838760260121,double,-2.0348526741178263
1890.379,10.0,32.372670915338105,30.341990685692537,30.358589380296063,double,-2.0306802296455704
1890.862,10.0,32.39172325585687,30.36432365079126,30.37865056309439,double,-2.027399605065611
1891.344,10.0,32.40980293391026,30.38642010627428,30.398487528036732,double,-2.0233828276359778
1891.826,10.0,32.42708199488812,30.40832556244838,30.418141454274846,double,-2.018756432439739
1892.308,10.0,32.44452940376868,30.43003910593592,30.43761180606332,double,-2.014490297832766
1892.79,10.0,32.462389185810345,30.451559834262497,30.456898056201553,double,-2.0108293515478493
1893.272,10.0,32.47872577845571,30.47288685589258,30.47599968600714,double,-2.005838922563136
1893.754,10.0,32.494973835038785,30.494019290265374,30.49491618528959,double,-2.0009545447734145
1894.236,10.0,32.511072415828544,30.51495626782914,30.513647052323893,double,-1.996116147999405
1894.719,10.0,32.52700306464036,30.535739755836328,30.532230074577026,double,-1.9912633088040366
1895.201,10.0,32.5410242143744,30.556282845409697,30.550587818013792,double,-1.9847413689647042
1895.683,10.0,32.55527844577495,30.576627934189656,30.568758473577585,double,-1.9786505115853004
1896.165,10.0,32.56902050889761,30.596774197020295,30.586741573160054,double,-1.9722463118773181
1896.647,10.0,32.58385336660011,30.616720819919706,30.604536656987126,double,-1.9671325466804057
1897.129,10.0,32.59913912073905,30.6364670001113,30.622143273593196,double,-1.9626721206277564
1897.611,10.0,32.6136627670764,30.656011946054072,30.639560979794894,double,-1.9576508210223276
1898.093,10.0,32.62915569565259,30.67535487747272,30.656789340665654,double,-1.9538008181798683
1898.575,10.0,32.64534504230949,30.694495025386757,30.673827929509518,double,-1.9508500169227339
1899.058,10.0,32.66044488706324,30.713470707605072,30.690711085030532,double,-1.9469741794581719
1899.54,10.0,32.67505195847896,30.73220260228984,30.707368486669512,double,-1.9428493561891247
1900.022,10.0,32.689708701979825,30.75072947306847,30.723834884496526,double,-1.9389792289113528
1900.504,10.0,32.703857602386336,30.769050596444146,30.740109884499923,double,-1.9348070059421851
1900.986,10.0,32.718037818046156,30.78716526035221,30.756193100771522,double,-1.9308725576939467
1901.468,10.0,32.731693818956266,30.80507276418557,30.772084155481384,double,-1.9266210547706941
1901.95,10.0,32.74506221135387,30.8227724188198,30.787782678852903,double,-1.922289792534071
1902.432,10.0,32.7571235857163,30.84026354663743,30.803288309137905,double,-1.916860039078866
1902.915,10.0,32.76909297702786,30.85758111827707,30.81863225990167,double,-1.9115118587507862
1903.397,10.0,32.78083471250161,30.874652769714523,30.833750648760983,double,-1.9061819427870885
1903.879,10.0,32.79383302470204,30.891513929436897,30.848675106520485,double,-1.9023190952651425
1904.361,10.0,32.80523451548877,30.908163966109782,30.863405303316192,double,-1.8970705493789874
1904.843,10.0,32.816073364868885,30.92460226001791,30.877940917190173,double,-1.891471104850978
1905.325,10.0,32.82766514620371,30.94082820308614,30.892281634066666,double,-1.8868369431175647
1905.807,10.0,32.83948157688931,30.956841198899284,30.906427147728078,double,-1.8826403779900303
1906.289,10.0,32.850525104203506,30.972640662721563,30.920377159791514,double,-1.8778844414819418
1906.771,10.0,32.861365471762404,30.988226021515164,30.93413137968501,double,-1.873139450247241
1907.254,10.0,32.87307047333587,31.003628379833813,30.94771744954444,double,-1.8694420935020606
1907.736,10.0,32.88201086172195,31.01878340927,30.961078836864463,double,-1.8632274524519543
1908.218,10.0,32.89111488443911,31.033722683827303,30.974243606386143,double,-1.8573922006118126
1908.7,10.0,32.89977871898154,31.048445677459735,30.987211498566047,double,-1.8513330415218021
1909.182,10.0,32.90760460612483,31.06295187590369,30.99998226155677,double,-1.8446527302211413
1909.664,10.0,32.915409119581184,31.07724077669311,31.01255565118451,double,-1.8381683428880746
1910.146,10.0,32.92334660035174,31.091311889173767,31.02493143092681,double,-1.8320347111779767
1910.628,10.0,32.93010316299205,31.105164734516983,31.037109371890438,double,-1.8249384284750647
1911.111,10.0,32.937842646548525,31.118826904579432,31.049113901281935,double,-1.8190157419690933
1911.593,10.0,32.94636098189082,31.132241371314727,31.060895096843126,double,-1.8141196105760926
1912.075,10.0,32.95295723936176,31.145436204600873,31.072477812083925,double,-1.8075210347608839
1912.557,10.0,32.96072121341069,31.15841097306117,31.083861848426984,double,-1.802310240349525
1913.039,10.0,32.96879583861041,31.17116525720396,31.095047014816863,double,-1.7976305814064508
1913.521,10.0,32.97558755014545,31.183698649432422,31.106033127699074,double,-1.7918889007130234
1914.003,10.0,32.98299991300822,31.196010754054228,31.116820010999447,double,-1.7869891589539943
1914.485,10.0,32.989850331817,31.208101187290072,31.127407496103736,double,-1.781749144526934
1914.968,10.0,32.99664355786211,31.219993969432746,31.137816766001375,double,-1.7766495884293576
1915.449,10.0,33.00174917805626,31.231615564100483,31.147983634445726,double,-1.7701336139557766
1915.932,10.0,33.00822417772761,31.243062267626854,31.157992502447,double,-1.7651619101007598
1916.414,10.0,33.01343371367058,31.25426195288214,31.16778044204591,double,-1.7591717607884416
1916.896,10.0,33.01861076541191,31.26523822615446,31.17736825131079,double,-1.7533725392574528
1917.378,10.0,33.02299968136802,31.275990775316952,31.18675580598508,double,-1.7470089060510674
1917.86,10.0,33.028389556962104,31.286519300199682,31.19594298913526,double,-1.7418702567624234
1918.342,10.0,33.033798803582606,31.29682351259349,31.20492969113205,double,-1.7369752909891123
1918.824,10.0,33.038135011353866,31.306903136253066,31.213715809631974,double,-1.7312318751007971
1919.306,10.0,33.04207995298699,31.316757906899582,31.222301249559305,double,-1.725322046087402
1919.789,10.0,33.0465040173929,31.32640731661627,31.23070310992307,double,-1.72009670077663
1920.271,10.0,33.05121621456247,31.33581116851113,31.23888651968516,double,-1.7154050460513437
1920.753,10.0,33.055798996098524,31.344989445909665,31.246869008929977,double,-1.7108095501888576
1921.235,10.0,33.06056490521674,31.353941932436623,31.2546505114899,double,-1.706622972780114
1921.717,10.0,33.06424952521775,31.36266842368654,31.26223096837741,double,-1.7015811015312077
1922.199,10.0,33.067188571886774,31.371168727222653,31.269610327768284,double,-1.6960198446641206
1922.681,10.0,33.07016070199598,31.379442662575062,31.276788544985056,double,-1.6907180394209187
1923.163,10.0,33.0731123248082,31.387490061238438,31.283765582480648,double,-1.6856222635697637
1923.646,10.0,33.07412887643122,31.39532675644956,31.29055525838077,double,-1.6788021199816594
1924.128,10.0,33.07662114437034,31.402920153301107,31.297129434718197,double,-1.673700991069238
1924.61,10.0,33.07727595188273,31.410286579438484,31.303502361289887,double,-1.6669893724442497
1925.092,10.0,33.07799376331058,31.417425914202912,31.309674028926715,double,-1.6605678491076692
1925.574,10.0,33.07959137556359,31.42433804887884,31.315644435511857,double,-1.655253326684747
1926.056,10.0,33.08054348121937,31.431022886687998,31.32141358596618,double,-1.649520594531373
1926.538,10.0,33.08053264894209,31.43748034278271,31.326981492233287,double,-1.6430523061593816
1927.02,10.0,33.08206012927579,31.44371034423854,31.332348173265324,double,-1.638349785037252
1927.502,10.0,33.08379470173307,31.44971283004656,31.337513655008742,double,-1.6340818716865102
1927.985,10.0,33.082821028456706,31.455499495688045,31.342488060714658,double,-1.6273215327686608
1928.467,10.0,33.08302862048117,31.461046342558387,31.34725083239964,double,-1.62198227792279
1928.949,10.0,33.081482593932485,31.466365562118327,31.35181252456782,double,-1.6151170318141561
1929.431,10.0,33.08110425543921,31.471457140954218,31.356173191020677,double,-1.609647114484991
1929.913,10.0,33.0802274452228,31.476321077519366,31.36033289248679,double,-1.6039063677034393
1930.395,10.0,33.080025801114196,31.480957382122433,31.364291696609197,double,-1.599068418991767
1930.877,10.0,33.07880900295868,31.485366076915405,31.368049677932973,double,-1.5934429260432703
1931.359,10.0,33.0774986187803,31.489547195880984,31.37160691789289,double,-1.5879514228993086
1931.842,10.0,33.07691173060657,31.493508750807,31.374970260161472,double,-1.5834029797995697
1932.324,10.0,33.0760981651146,31.497234395454615,31.37812587320599,double,-1.5788637696599883
1932.806,10.0,33.07366940847795,31.500732637226847,31.381081030629698,double,-1.5729367712510989
1933.288,10.0,33.071642053474406,31.50400355731441,31.383835841323183,double,-1.5676384961599954
1933.77,10.0,33.069645120466,31.507047248666275,31.386390421009093,double,-1.5625978717997258
1934.252,10.0,33.06820985728975,31.509863815973432,31.38874489223158,double,-1.558346041316322
1934.734,10.0,33.06787723354721,31.512453375651962,31.390899384345417,double,-1.5554238578952495
1935.216,10.0,33.06676660833839,31.51481605582578,31.39285403350598,double,-1.5519505525126154
1935.698,10.0,33.064934767569866,31.516951996308457,31.394608982658944,double,-1.547982771261408
1936.181,10.0,33.062626518174575,31.51886507447006,31.39616740117463,double,-1.5437614437045166
1936.663,10.0,33.06094991113746,31.52054753209292,31.397522992748982,double,-1.540402379044542
1937.145,10.0,33.058649437525375,31.522003739789906,31.39867935414299,double,-1.536645697735467
1937.627,10.0,33.05549614732616,31.52323388396605,31.399636655381258,double,-1.5322622633601068
1938.109,10.0,33.05234147428945,31.524238162617436,31.40039507323159,double,-1.5281033116720133
1938.591,10.0,33.05020894896636,31.52501678530965,31.400954791196312,double,-1.5251921636567078
1939.073,10.0,33.04659529995534,31.525569973155765,31.401315999503687,double,-1.5210253267995744
1939.555,10.0,33.043483186650654,31.52589795879377,31.401478895099633,double,-1.517585227856888
1940.038,10.0,33.03962211485574,31.52600096644566,31.401443402793717,double,-1.513621148410077
1940.52,10.0,33.03541260504483,31.52587882565041,31.40120988027999,double,-1.509533779394423
1941.002,10.0,33.031243166090434,31.525532250041614,31.400778676575925,double,-1.5057109160488191
1941.484,10.0,33.02605425237217,31.524961518143012,31.40015001543318,double,-1.5010927342291536
1941.966,10.0,33.02048584722807,31.524166919881647,31.399324127282767,double,-1.496318927346424
1942.448,10.0,33.01285042581236,31.52314875656177,31.398301249227988,double,-1.4897016692505871
1942.93,10.0,33.00754596550494,31.52190734083846,31.39708162503766,double,-1.4856386246664743
1943.412,10.0,33.000898838968396,31.520442996690367,31.39566550513945,double,-1.4804558422780278
1943.895,10.0,32.99483479690852,31.518752328375854,31.394049597663788,double,-1.4760824685326634
1944.376,10.0,32.98796820154195,31.51684687548605,31.392244813186277,double,-1.471121326055902
1944.859,10.0,32.97984448629471,31.514711151042153,31.390236414226045,double,-1.4651333352525553
1945.341,10.0,32.972012012082956,31.512358099280746,31.388036543571694,double,-1.4596539128022112
1945.823,10.0,32.964736522063745,31.50978390865499,31.38564152960881,double,-1.454952613408761
1946.305,10.0,32.95585299545337,31.506988970508253,31.38305166260431,double,-1.448864024945118
1946.787,10.0,32.94654350801683,31.503973687302206,31.3802672394431,double,-1.4425698207146231
1947.269,10.0,32.936577629607484,31.50073847258551,31.37728856362316,double,-1.435839157021973
1947.751,10.0,32.927489921234546,31.497283750961678,31.374115945250473,double,-1.430206170272863
1948.233,10.0,32.91722126620269,31.493609958056645,31.370749701034466,double,-1.4236113081460444
1948.716,10.0,32.90675461825143,31.48970923798633,31.36718256862203,double,-1.4170453802651028
1949.198,10.0,32.895377611514654,31.4855982011743,31.363429649227974,double,-1.4097794103403505
1949.68,10.0,32.883890916514154,31.48126946674259,31.359484094399647,double,-1.4026214497715628
1950.162,10.0,32.873502354811244,31.476723514092864,31.35534624722993,double,-1.3967788407183768
1950.644,10.0,32.86288130058635,31.471960833478384,31.35101645739416,double,-1.39092046710797
1951.126,10.0,32.85114555470406,31.466981925968234,31.34649508114635,double,-1.3841636287358294
1951.608,10.0,32.8400150968974,31.46178730341115,31.341782481315626,double,-1.378227793486253
1952.09,10.0,32.82813023049433,31.45637748839871,31.336879027302842,double,-1.3717527420956166
1952.573,10.0,32.81807236822311,31.450741122432614,31.33177432901603,double,-1.367331245790504
1953.055,10.0,32.80592995721391,31.44490208941938,31.326489907125378,double,-1.3610278677945342
1953.537,10.0,32.79421940662942,31.438849496969247,31.32101577946796,double,-1.3553699096601812
1954.019,10.0,32.78292368009591,31.432583910289523,31.315352341714174,double,-1.3503397698063857
1954.501,10.0,32.77075783865895,31.426105905138908,31.30949999609133,double,-1.3446519335200469
1954.983,10.0,32.75932940302847,31.419416067787644,31.30345915138112,double,-1.3399133352408221
1955.465,10.0,32.747338193085085,31.412514994977336,31.29723022291715,double,-1.3348231981077485
1955.947,10.0,32.73524427639685,31.405403293880063,31.290813632582804,double,-1.3298409825167834
1956.429,10.0,32.72397251738785,31.39808158205716,31.28420980880885,double,-1.3258909353306925
1956.912,10.0,32.71087812968334,31.390534645527975,31.277404904272508,double,-1.3203434841553618
1957.394,10.0,32.69829609974805,31.38279437387581,31.2704275389225,double,-1.3155017258722368
1957.876,10.0,32.6855872720678,31.37484600745324,31.263264265626777,double,-1.3107412646145622
1958.358,10.0,32.67275869290914,31.366690204977026,31.255915539000245,double,-1.306068487932116
1958.84,10.0,32.65904262866099,31.35832763533941,31.24838182019618,double,-1.3007149933215778
1959.322,10.0,32.645192954345085,31.349758977563834,31.24066357690468,double,-1.2954339767812462
1959.804,10.0,32.63132449077141,31.340984920760295,31.232761283351095,double,-1.2903395700111175
1960.286,10.0,32.6173929063827,31.332006164080234,31.22467542029491,double,-1.2853867423024634
1960.769,10.0,32.60274972965603,31.322804153777252,31.216389129568277,double,-1.2799455758787825
1961.251,10.0,32.58922873244701,31.313417713764707,31.207937217618664,double,-1.2758110186823046
1961.733,10.0,32.57336972349161,31.30382873264288,31.199303218681422,double,-1.2695409908487276
1962.215,10.0,32.55831815802594,31.294037949288644,31.190487639653742,double,-1.264280208737295
1962.697,10.0,32.54385150809572,31.284046112387475,31.181490993961265,double,-1.2598053957082411
1963.179,10.0,32.528789784683845,31.27385398038573,31.172313801557173,double,-1.2549358042981185
1963.661,10.0,32.51257471672652,31.26346232144209,31.162956588921443,double,-1.2491123952844296
1964.143,10.0,32.49749950841729,31.25287191337889,31.15341988905988,double,-1.2446275950384056
1964.625,10.0,32.483111314506885,31.24208354363275,31.143704241503528,double,-1.2410277708741368
1965.108,10.0,32.46678442393453,31.23107501324562,31.13378948016921,double,-1.2357094106889122
1965.59,10.0,32.44996061792785,31.219892714114827,31.12371721351107,double,-1.2300679038130258
1966.072,10.0,32.43426140594888,31.208514874500604,31.1134676580622,double,-1.2257465314482796
1966.554,10.0,32.418174604108465,31.19694231981508,31.103041379461217,double,-1.2212322842933832
1967.036,10.0,32.40214292574462,31.185175884831732,31.09243894986877,double,-1.2169670409128863
1967.518,10.0,32.38550449466363,31.173216413633575,31.081660947966917,double,-1.2122880810300496
1968.0,10.0,32.36968275243488,31.161064759560798,31.070707958958643,double,-1.2086179928740837
1968.482,10.0,32.35442243342487,31.148721785158063,31.05958057456736,double,-1.205700648266811
1968.965,10.0,32.337389183953746,31.13616216180789,31.04825576635845,double,-1.2012270221458565
1969.447,10.0,32.3208991638233,31.12343877855891,31.036781033763027,double,-1.1974603852643928
1969.929,10.0,32.3043901748416,31.1105267191631,31.025133721346677,double,-1.193863455678501
1970.411,10.0,32.28875881034873,31.097426882466305,31.013314446922536,double,-1.1913319278824275
1970.893,10.0,32.271565879094815,31.08414017624885,31.00132383482134,double,-1.1874257028459623
1971.375,10.0,32.25376955740809,31.070667517170524,30.98916251589095,double,-1.1831020402375658
1971.857,10.0,32.235988261548044,31.057009830714865,30.97683112749568,double,-1.1789784308331774
1972.339,10.0,32.21941694264725,31.043168051133364,30.964330313515703,double,-1.176248891513887
1972.822,10.0,32.20217812055098,31.029113834298983,30.951634263904893,double,-1.1730642862520013
1973.303,10.0,32.18425048964188,31.0149359930991,30.93882301689699,double,-1.1693144965427837
1973.786,10.0,32.166554181241644,31.00051758737007,30.925790699321542,double,-1.1660365938715778
1974.268,10.0,32.147381254467454,30.985948578184853,30.912618406769397,double,-1.1614326762826033
1974.75,10.0,32.130144295066096,30.97120027869829,30.89928000715495,double,-1.1589440163678078
1975.232,10.0,32.111618108177645,30.95627367458902,30.88577618345052,double,-1.1553444335886232
1975.714,10.0,32.09281481144996,30.941169759900696,30.872107625138344,double,-1.151645051549266
1976.196,10.0,32.07324773544531,30.92588953698307,30.858275028209402,double,-1.1473581984622394
1976.678,10.0,32.05448056258962,30.910434016432458,30.844279095162285,double,-1.144046546157157
1977.16,10.0,32.03486975240254,30.894804217032046,30.830120535001782,double,-1.1400655353704936
1977.643,10.0,32.013082622211414,30.878968199900047,30.81577018490842,double,-1.1341144223113664
1978.125,10.0,31.99253466633317,30.86299257538108,30.801288189890386,double,-1.1295420909520903
1978.607,10.0,31.970839918472922,30.846845779052405,30.786645735314778,double,-1.1239941394205144
1979.089,10.0,31.950502259493252,30.8305288618564,30.771843556210047,double,-1.119973397636853
1979.571,10.0,31.92797673249052,30.814042882618054,30.75688239410287,double,-1.1139338498724671
1980.053,10.0,31.906565314983187,30.797388907983166,30.74176299701619,double,-1.1091764070000232
1980.535,10.0,31.885043584868917,30.780568012356003,30.72648611946718,double,-1.104475572512914
1981.017,10.0,31.86288466389613,30.763581277836927,30.711052522465003,double,-1.0993033860592027
1981.5,10.0,31.840768059695495,30.746394039672058,30.695430468470107,double,-1.0943740200234364
1981.982,10.0,31.818250727611364,30.729078565758567,30.67968542040793,double,-1.0891721618527972
1982.464,10.0,31.795105220741103,30.711600547099682,30.663785976473314,double,-1.0835046736414222
1982.946,10.0,31.773633628114954,30.69396109596303,30.647732923631505,double,-1.0796725321519263
1983.428,10.0,31.74978903496196,30.676161331994646,30.631527055326224,double,-1.073627702967317
1983.91,10.0,31.72706614207086,30.658202382154244,30.61516917147664,double,-1.0688637599166162
1984.392,10.0,31.705132598779333,30.640085380650568,30.59866007847385,double,-1.0650472181287673
1984.874,10.0,31.68285705386579,30.621811468876214,30.582000589177294,double,-1.0610455849895728
1985.356,10.0,31.66071796837383,30.603381795342283,30.565191522911274,double,-1.0573361730315478
1985.839,10.0,31.639065651459074,30.584758799108368,30.548198369216607,double,-1.054306852350706
1986.321,10.0,31.617863152864683,30.566020758599155,30.53109232680668,double,-1.0518423942655286
1986.803,10.0,31.59750645047011,30.547130446349435,30.513839205893944,double,-1.0503760041206733
1987.285,10.0,31.575628715169263,30.528089038698546,30.496439851633117,double,-1.0475396764707157
1987.767,10.0,31.554172207777214,30.508897718772545,30.47889511562148,double,-1.0452744890046717
1988.249,10.0,31.53221696586499,30.489557676417277,30.461205855894097,double,-1.0426592894477116
1988.731,10.0,31.509888553977035,30.470070108131054,30.44337293691841,double,-1.0398184458459803
1989.213,10.0,31.488125524853768,30.450436216996724,30.42539722958868,double,-1.0376893078570426
1989.696,10.0,31.464501484993313,30.430616027332803,30.407241875896297,double,-1.0338854576605105
1990.178,10.0,31.440710449623715,30.410692828475973,30.388982938554733,double,-1.030017621147744
1990.66,10.0,31.41746558727464,30.390626957389255,30.37058386589713,double,-1.0268386298853849
1991.142,10.0,31.393150635632416,30.37041964282477,30.352045554477847,double,-1.0227309928076467
1991.624,10.0,31.3685457307664,30.350072119776716,30.333368907246307,double,-1.0184736109896841
1992.106,10.0,31.342806842302455,30.32958562941198,30.314554833540015,double,-1.013221212890475
1992.588,10.0,31.31868466604095,30.308961419000735,30.29560424907688,double,-1.0097232470402173
1993.07,10.0,31.293314099269786,30.288200741846687,30.276518075947816,double,-1.0051133574230986
1993.552,10.0,31.269729989608553,30.267304857216914,30.257297242608182,double,-1.0024251323916378
1994.035,10.0,31.243522016110724,30.246231261573687,30.237902390828392,double,-0.9972907545370391
1994.517,10.0,31.218303014752653,30.22506848937006,30.21841477334751,double,-0.9932345253825914
1994.999,10.0,31.191115497267575,30.203774325224458,30.198795321097748,double,-0.9873411720431158
1995.481,10.0,31.16484982128618,30.182350051565066,30.17904498791939,double,-0.9824997697211124
1995.963,10.0,31.13765271397806,30.1607969564299,30.159164733972364,double,-0.9768557575481618
1996.445,10.0,31.111416362838412,30.139116333395588,30.139155525725986,double,-0.9723000294428241
1996.927,10.0,31.08488891674881,30.117309481505682,30.11901833594857,double,-0.9675794352431266
1997.409,10.0,31.05909746370098,30.09537770519884,30.098754143696816,double,-0.9637197585021406
1997.892,10.0,31.03150409433098,30.073276428578765,30.07832150065787,double,-0.9582276657522149
1998.374,10.0,31.005109475542426,30.051098485611572,30.057806007370303,double,-0.9540109899308535
1998.856,10.0,30.978873413460317,30.028799565937963,30.037166488471414,double,-0.9500738475223536
1999.338,10.0,30.9526298148194,30.006380994865932,30.016403948068692,double,-0.9462488199534658
1999.82,10.0,30.926711501955612,29.983844102736416,29.995519396498416,double,-0.9428673992191938
2000.302,10.0,30.90079389256134,29.96119022340765,29.97451384898805,double,-0.939603669153688
2000.784,10.0,30.875281015159178,29.938420691642765,29.953388323303987,double,-0.9368603235164141
2001.266,10.0,30.84957644902105,29.915536851868417,29.93214384784274,double,-0.9340395971526305
2001.749,10.0,30.822824478613526,29.89249222608551,29.910737015484035,double,-0.9303322525280155
2002.23,10.0,30.797795735373555,29.869431651687005,29.889302193919242,double,-0.9283640836865503
2002.713,10.0,30.770901853510885,29.846164719458024,29.86766218125044,double,-0.924737134052861
2003.195,10.0,30.743469708108922,29.822836966316874,29.84595208162911,double,-0.920632741792049
2003.677,10.0,30.71542902722713,29.79940170237788,29.82412827111417,double,-0.9160273248492501
2004.159,10.0,30.688364026380743,29.775860299942096,29.80219181541538,double,-0.912503726438646
2004.641,10.0,30.660348599756215,29.752214135609755,29.780143786324416,double,-0.9081344641464595
2005.123,10.0,30.63325308783387,29.728464590205505,29.75798526169719,double,-0.9047884976283671
2005.605,10.0,30.60507247823735,29.704613048703987,29.735717325436262,double,-0.9004594295333623
2006.087,10.0,30.577476281053617,29.680660900154532,29.713341067472093,double,-0.8968153808990853
2006.57,10.0,30.54994460631097,29.656559536349867,29.690810826815284,double,-0.8933850699611001
2007.052,10.0,30.52404291012531,29.632410155292042,29.668221000229405,double,-0.8916327548332659
2007.534,10.0,30.496602021463165,29.608164360943068,29.645526160013713,double,-0.8884376605200972
2008.016,10.0,30.469645290070712,29.583823557907934,29.62272742002936,double,-0.8858217321627782
2008.498,10.0,30.441393212418777,29.559389154489956,29.59982590006606,double,-0.8820040579288202
2008.98,10.0,30.41443329352101,29.534862562614926,29.576822725820673,double,-0.8795707309060818
2009.462,10.0,30.387494890886767,29.51024519775555,29.55371902887507,double,-0.8772496931312157
2009.944,10.0,30.36041637213361,29.485538478855332,29.530515946673873,double,-0.8748778932782753
2010.427,10.0,30.333167321652272,29.460692296652713,29.5071661781789,double,-0.8724750249995583
2010.909,10.0,30.30643830273125,29.435810962016294,29.483767560895895,double,-0.8706273407149578
2011.391,10.0,30.277727884940774,29.410844553202743,29.460273008035685,double,-0.8668833317380331
2011.873,10.0,30.250611838419385,29.385794502284863,29.436683680269393,double,-0.8648173361345213
2012.355,10.0,30.221099887899623,29.360662244425363,29.413000744010088,double,-0.86043764347426
2012.837,10.0,30.193392539916005,29.335449217800267,29.389225371386818,double,-0.857943322115734
2013.319,10.0,30.1638375841227,29.31015686352252,29.365358740218294,double,-0.8536807206001806
2013.801,10.0,30.134548896285708,29.28478662556526,29.341402033985908,double,-0.8497622707204444
2014.283,10.0,30.10487801867523,29.259339950685114,29.317356441806062,double,-0.8455380679901148
2014.766,10.0,30.07513267568302,29.233765261896295,29.293172999026453,double,-0.8413674137867255
2015.248,10.0,30.044523945898415,29.20816991313898,29.268953046509722,double,-0.8363540327594343
2015.73,10.0,30.01571311773278,29.182502486682687,29.244647811428255,double,-0.8332106310500909
2016.212,10.0,29.98488471341788,29.15676443965506,29.22025850516235,double,-0.8281202737628224
2016.694,10.0,29.954450764249113,29.130957231582816,29.195786344580675,double,-0.8234935326662973
2017.176,10.0,29.922819855472692,29.10508232431446,29.171232552008618,double,-0.8177375311582358
2017.658,10.0,29.891303368212096,29.07914118194342,29.146598355196673,double,-0.8121621862686779
2018.14,10.0,29.86006141395888,29.053135270730824,29.121884987287828,double,-0.8069261432280594
2018.623,10.0,29.8280209772747,29.027011908745827,29.09704217240244,double,-0.801009068528874
2019.105,10.0,29.796603592450143,29.000880740169833,29.07217402532404,double,-0.7957228522803117
2019.587,10.0,29.765729491627013,28.9746892168264,29.04723044119552,double,-0.791040274800614
2020.069,10.0,29.736105831177024,28.948438812879207,29.022212674403256,double,-0.7876670182978163
2020.551,10.0,29.707006404680907,28.922131004273243,28.99712198455382,double,-0.7848754004076641
2021.033,10.0,29.678115958088735,28.895767268657647,28.971959636437838,double,-0.7823486894310894
2021.515,10.0,29.64961845860446,28.869349085308176,28.94672689999268,double,-0.7802693732962829
2021.997,10.0,29.620770265470675,28.842877935050193,28.921425050264975,double,-0.7778923304204821
2022.479,10.0,29.593648793814296,28.8163553001811,28.896055367372014,double,-0.7772934936331966
2022.962,10.0,29.565670034574737,28.78972748349732,28.870566295917044,double,-0.7759425510774187
2023.444,10.0,29.537619353585765,28.763106232688855,28.84506467308674,double,-0.774513120896908
2023.926,10.0,29.50910054880368,28.736437955305323,28.819499090164747,double,-0.7726625934983578
2024.408,10.0,29.479566248576155,28.709724138761416,28.79387084716334,double,-0.769842109814739
2024.89,10.0,29.450880257790434,28.68296627155722,28.76818124896297,double,-0.7679139862332152
2025.372,10.0,29.420386635378666,28.65616584320084,28.742431605269736,double,-0.7642207921778277
2025.854,10.0,29.390408684565646,28.629324344130993,28.716623230571827,double,-0.7610843404346535
2026.336,10.0,29.361585901932415,28.602443265639987,28.690757444095883,double,-0.7591426362924258
2026.819,10.0,29.33073316454744,28.575468212348376,28.664781732557422,double,-0.755264952199064
2027.301,10.0,29.302742269769404,28.548512377549628,28.638804986709488,double,-0.7542298922197765
2027.783,10.0,29.272920071385343,28.521521444654397,28.612774817512566,double,-0.751398626730948
2028.265,10.0,29.243155433981162,28.494496907598094,28.58669256270102,double,-0.748658526383067
2028.747,10.0,29.214321495918664,28.467440260783878,28.560559564516762,double,-0.7468812351347887
2029.229,10.0,29.18452904937301,28.440352999005324,28.53437716966041,double,-0.7441760503676842
2029.711,10.0,29.155016262099277,28.41323661736971,28.508146729242355,double,-0.7417796447295677
2030.193,10.0,29.125365104961038,28.38609261122094,28.481869598733017,double,-0.7392724937401007
2030.676,10.0,29.093790185230027,28.35886608036432,28.455492480822443,double,-0.7349241048657085
2031.157,10.0,29.063337050201206,28.331727707482358,28.42918071081758,double,-0.7316093427188475
2031.64,10.0,29.032909414112623,28.304453309372978,28.402716851855047,double,-0.7284561047396443
2032.122,10.0,29.002428266223056,28.277213717310364,28.37626651699594,double,-0.7252145489126949
2032.604,10.0,28.970871829327514,28.249953981419797,28.349776335859655,double,-0.7209178479077205
2033.086,10.0,28.939220691448053,28.22267559685323,28.323247688995814,double,-0.7165450945948226
2033.568,10.0,28.90932780871876,28.195380058462895,28.29668196094405,double,-0.7139477502558667
2034.05,10.0,28.878206648015958,28.168068860724656,28.270080540177844,double,-0.710137787291304
2034.532,10.0,28.84760904555262,28.14074349766178,28.243444819048147,double,-0.7068655478908392
2035.014,10.0,28.816510350314473,28.11340546276892,28.216776193725963,double,-0.7031048875455526
2035.497,10.0,28.784940490420652,28.085999497243318,28.19002063790873,double,-0.6989409931773327
2035.979,10.0,28.75299634373646,28.058640578133364,28.16329034671472,double,-0.6943557656030941
2036.461,10.0,28.722121635786213,28.031273466838773,28.136531365098694,double,-0.6908481689474388
2036.943,10.0,28.69083411024167,28.003899653978277,28.109745103929427,double,-0.6869344562633939
2037.425,10.0,28.658426198966513,27.976520629262424,28.082932977597107,double,-0.6819055697040888
2037.907,10.0,28.62535049393871,27.949137881418352,28.05609640395109,double,-0.6762126125203605
2038.389,10.0,28.593945189465053,27.921752898114132,28.02923680423732,double,-0.6721922913509204
2038.871,10.0,28.56199689095459,27.894367165883732,28.002355603034545,double,-0.6676297250708563
2039.354,10.0,28.53011000875113,27.86692535650287,27.975398396231014,double,-0.663184652248261
2039.836,10.0,28.498660765057128,27.839542587257917,27.948478241400675,double,-0.6591181777992117
2040.318,10.0,28.469105591522904,27.81216352420722,27.921540781146803,double,-0.6569420673156801
2040.8,10.0,28.4391992141713,27.78478964859473,27.89458745273495,double,-0.6544095655765692
2041.282,10.0,28.409709958051373,27.75742244015578,27.867619696434065,double,-0.6522875178955945
2041.764,10.0,28.38113175133482,27.73006337704239,27.840638955448128,double,-0.6510683742924295
2042.246,10.0,28.349832597018914,27.702713935749156,27.813646675847316,double,-0.6471186612697577
2042.728,10.0,28.31965864076651,27.67537559103918,27.786644306498122,double,-0.6442830497273289
2043.21,10.0,28.290537893979177,27.64804981586982,27.759633298992824,double,-0.64248807810936
2043.693,10.0,28.258890136199827,27.620681433583904,27.732559046781667,double,-0.6382087026159222
2044.175,10.0,28.22884403956619,27.59338524247998,27.70553511792106,double,-0.6354587970862136
2044.657,10.0,28.198898174138947,27.566106031259196,27.67850692434939,double,-0.6327921428797512
2045.139,10.0,28.169024958779453,27.538845264915267,27.651475927846285,double,-0.6301796938641857
2045.621,10.0,28.13910148131864,27.51160440626874,27.624443592553007,double,-0.6274970750498987
2046.103,10.0,28.10793348333402,27.484384915893845,27.59741138489702,double,-0.6235485674401742
2046.585,10.0,28.075267483778955,27.457188252045743,27.570380773516167,double,-0.6180792317332096
2047.067,10.0,28.043257578751145,27.430015870587926,27.543353229182078,double,-0.6132417081632202
2047.55,10.0,28.011714065102648,27.4028129318373,27.516274166140082,double,-0.6089011332653493
2048.032,10.0,27.97971728892104,27.375693530731958,27.4892571903745,double,-0.6040237581890817
2048.514,10.0,27.94791023980586,27.34860276753573,27.462247709060673,double,-0.599307472270133
2048.996,10.0,27.9160750938457,27.321542087817324,27.435247200727186,double,-0.5945330060283749
2049.478,10.0,27.88462020033372,27.29451293439337,27.408257145641603,double,-0.5901072659403483
2049.96,10.0,27.85406964840026,27.26751674725699,27.38127902572936,double,-0.5865529011432669
2050.442,10.0,27.823638895052095,27.240554963506604,27.354314324491856,double,-0.5830839315454917
2050.924,10.0,27.79499893934273,27.213629017274847,27.32736452692368,double,-0.5813699220678814
2051.406,10.0,27.76485216786532,27.1867403396578,27.300431119429568,double,-0.5781118282075226
2051.889,10.0,27.735090045886356,27.159834694503566,27.2734597680087,double,-0.5752553513827918
2052.371,10.0,27.70559280685309,27.133024919623505,27.246563646823933,double,-0.5725678872295858
2052.853,10.0,27.677210563472563,27.10625669066808,27.219688385635227,double,-0.5709538728044861
2053.335,10.0,27.649000735994566,27.079531425876496,27.192835475641246,double,-0.5694693101180703
2053.817,10.0,27.620351011343946,27.052850540100536,27.166006409022884,double,-0.5675004712434095
2054.299,10.0,27.59244306375167,27.026215444735147,27.139202678855572,double,-0.5662276190165239
2054.781,10.0,27.564504098120164,26.999627547649176,27.11242577902105,double,-0.5648765504709885
2055.263,10.0,27.535947181831354,26.97308825311646,27.08567720411835,double,-0.5628589287148933
2055.746,10.0,27.50903650332999,26.9465440576588,27.058903048308224,double,-0.5624924456711922
2056.228,10.0,27.480927290137558,26.92010627441903,27.032215676011607,double,-0.5608210157185267
2056.71,10.0,27.45336644493076,26.893721287183954,27.005561118951064,double,-0.5596451577468076
2057.192,10.0,27.42706311612907,26.86739048515442,26.978940873691336,double,-0.5596726309746503
2057.674,10.0,27.4000493837719,26.841115253594904,26.95235643705884,double,-0.5589341301769968
2058.156,10.0,27.37256470644255,26.814896973766345,26.92580930604874,double,-0.5576677326762036
2058.638,10.0,27.34592497462639,26.788737022858477,26.899300977731265,double,-0.5571879517679124
2059.12,10.0,27.318059798973643,26.762636773923443,26.872832949157356,double,-0.5554230250502001
2059.603,10.0,27.29028097325517,26.736543637047845,26.84635193554228,double,-0.5537373362073272
2060.084,10.0,27.26216285858736,26.710620853090894,26.82002377877716,double,-0.5515420054964637
2060.567,10.0,27.232815245225034,26.684654211965398,26.79363103425342,double,-0.5481610332596365
2061.049,10.0,27.20257166345135,26.658806552933033,26.767339269024404,double,-0.5437651105183183
2061.531,10.0,27.17400324051476,26.633025399541655,26.741095288261395,double,-0.5409778409731059
2062.013,10.0,27.143912330954638,26.60731209861669,26.714900586882706,double,-0.5366002323379526
2062.495,10.0,27.114033878023097,26.58166799238485,26.68875665910957,double,-0.5323658856382474
2062.977,10.0,27.082980737517488,26.556094418409483,26.662664998367134,double,-0.5268863191080053
2063.459,10.0,27.054137832184296,26.530592709526267,26.63662709718467,double,-0.5235451226580257
2063.941,10.0,27.024136956955246,26.505164193778874,26.61064444709531,double,-0.518972763176373
2064.424,10.0,26.99523708478921,26.479757671071706,26.58466481035915,double,-0.5154794137175012
2064.906,10.0,26.966305168691523,26.45447966494133,26.558797254924205,double,-0.5118255037501906
2065.388,10.0,26.93795146795535,26.42927880941013,26.53298942127971,double,-0.5086726585452228
2065.87,10.0,26.908563980501622,26.404156412709135,26.50724279595777,double,-0.5044075677924864
2066.352,10.0,26.88012873859445,26.379113777961607,26.481558863984837,double,-0.5010149606328451
2066.834,10.0,26.852199577269747,26.35415220312072,26.455939108778182,double,-0.4980473741490299
2067.316,10.0,26.82467882495202,26.329272980907557,26.430385012042102,double,-0.49540584404446086
2067.798,10.0,26.79847809288811,26.304477398749825,26.404898053663604,double,-0.49400069413828573
2068.281,10.0,26.770194399074786,26.27971556095346,26.379427048808633,double,-0.49047883812132764
2068.763,10.0,26.744073459908037,26.25509127986775,26.354078945964645,double,-0.48898218004028715
2069.245,10.0,26.718160841651382,26.230554471379076,26.328802412239977,double,-0.4876063702723088
2069.727,10.0,26.69430088035803,26.206106401119634,26.303598919194826,double,-0.4881944792383963
2070.209,10.0,26.669804056043144,26.181748329124776,26.27846993604322,double,-0.4880557269183683
2070.691,10.0,26.644586079484334,26.15748150977348,26.25341692954612,double,-0.4871045697108556
2071.173,10.0,26.61986029528169,26.13330719172896,26.22844136390422,double,-0.4865531035527282
2071.655,10.0,26.594846065963253,26.109226617879756,26.203544700649807,double,-0.48561944808349633
2072.137,10.0,26.570538424299787,26.085241025281324,26.178728398539164,double,-0.4852973990184639
2072.62,10.0,26.546464119364,26.061302182931513,26.153942683141533,double,-0.48516193643248773
2073.102,10.0,26.522573326925947,26.037510443798862,26.129291642206336,double,-0.48506288312708534
2073.584,10.0,26.49780804308734,26.01381736402606,26.104725323943946,double,-0.48399067906128024
2074.066,10.0,26.473771168901877,25.990224156743846,26.080245174910633,double,-0.483547012158031
2074.548,10.0,26.449413765133045,25.966732028961935,26.055852638340593,double,-0.4826817361711089
2075.03,10.0,26.42408560545158,25.943342181512598,26.031549154035805,double,-0.48074342393898406
2075.512,10.0,26.397803851044664,25.92005580899437,26.00733615825591,double,-0.47774804205029664
2075.994,10.0,26.37290853699774,25.89687409971647,25.983215083607302,double,-0.4760344372812697
2076.477,10.0,26.347314942413863,25.873750471249057,25.9591376069076,double,-0.4735644711648057
2076.959,10.0,26.3220971631197,25.850781851197734,25.935204855281413,double,-0.47131531192196596
2077.441,10.0,26.29742924621,25.827921423444998,25.911368302522032,double,-0.4695078227650029
2077.923,10.0,26.275294939169864,25.805170350578997,25.887629365504473,double,-0.4701245885908645
2078.405,10.0,26.250991599196148,25.782529788625187,25.86398945689418,double,-0.4684618105709637
2078.887,10.0,26.228560570818154,25.760000886992973,25.840449985035175,double,-0.46855968382518154
2079.369,10.0,26.205247953295657,25.737584788422517,25.8170123538379,double,-0.46766316487313886
2079.851,10.0,26.18160864734359,25.715282628931902,25.79367796266726,double,-0.4663260184116891
2080.333,10.0,26.15807444318644,25.693095537765053,25.770448206230256,double,-0.4649789054213871
2080.816,10.0,26.135298771177144,25.670978968644594,25.747276611090285,double,-0.46431980253255345
2081.298,10.0,26.11177992435138,25.649025619028958,25.724260513325813,double,-0.46275430532242146
2081.78,10.0,26.088860887250565,25.62719068659789,25.701353208202104,double,-0.46167020065267517
2082.262,10.0,26.065421912282417,25.605475272967848,25.678556070658974,double,-0.4599466393145679
2082.744,10.0,26.04203009003143,25.583880472725003,25.655870470415465,double,-0.45814961730643033
2083.226,10.0,26.02050870132681,25.562407373375294,25.633297771857027,double,-0.4581013279515156
2083.708,10.0,25.99631496541115,25.54105705529478,25.61083933392265,double,-0.45525791011636896
2084.19,10.0,25.973031729519754,25.51983059168066,25.588496509992385,double,-0.4532011378390932
2084.673,10.0,25.94852008231478,25.498685399957168,25.566224658540403,double,-0.4498346823576138
2085.155,10.0,25.924247918479203,25.477710098370753,25.54411734679272,double,-0.4465378201084502
2085.637,10.0,25.90064596043896,25.45686182945627,25.522129677473593,double,-0.443784130982694
2086.119,10.0,25.877715647404276,25.43614163719602,25.500262980587422,double,-0.4415740102082566
2086.601,10.0,25.855875606434513,25.415550558153537,25.478518580016406,double,-0.4403250482809762
2087.083,10.0,25.833754125721605,25.395089621426813,25.45689779340792,double,-0.438664504294789
2087.565,10.0,25.812136413371515,25.37475984860218,25.43540193206235,double,-0.4373765647693373
2088.047,10.0,25.79004191201243,25.354562253708185,25.41403230082103,double,-0.4354796583042442
2088.53,10.0,25.769915504463636,25.334456354901526,25.392746260663817,double,-0.43545914956211185
2089.011,10.0,25.748188211368277,25.314567615766308,25.37167691504918,double,-0.43362059560196897
2089.494,10.0,25.727305327650008,25.294731635202183,25.350650339465407,double,-0.43257369244782407
2089.976,10.0,25.705799705804523,25.27507302308425,25.32979881785844,double,-0.4307266827202727
2090.458,10.0,25.685759397709667,25.255551546115907,25.309079952392427,double,-0.4302078515937613
2090.94,10.0,25.6662501548115,25.23616817202437,25.288495006794314,double,-0.4300819827871283
2091.422,10.0,25.64782079789675,25.216923860670015,25.26804523755229,double,-0.4308969372267324
2091.904,10.0,25.62892693351714,25.197819564004,25.24773189380514,double,-0.43110736951313955
2092.386,10.0,25.60918582349691,25.17885622602612,25.227556217232255,double,-0.430329597470791
2092.868,10.0,25.590982106615527,25.1600347827435,25.207519441943877,double,-0.4309473238720274
2093.351,10.0,25.572748383836686,25.14131755890755,25.187581661528714,double,-0.4314308249291354
2093.833,10.0,25.55307502031358,25.12278298003197,25.167826654827113,double,-0.43029204028161017
2094.315,10.0,25.533553993135904,25.104393057390222,25.148214207736224,double,-0.4291609357456816
2094.797,10.0,25.514694206082623,25.086148694594534,25.128745522981692,double,-0.4285455114880876
2095.279,10.0,25.495516244570837,25.06805078706303,25.10942179517616,double,-0.4274654575078085
2095.761,10.0,25.47645558325321,25.05010022198091,25.090244210711642,double,-0.42635536127230145
2096.243,10.0,25.45767206643857,25.032297878262067,25.071213947652605,double,-0.42537418817650274
2096.725,10.0,25.437333807836083,25.014644626511046,25.052332175629132,double,-0.42268918132503663
2097.208,10.0,25.418138240685717,24.997105171560925,25.033561348775457,double,-0.4210330691247932
2097.69,10.0,25.398446579093036,24.97975299589623,25.01498034751052,double,-0.4186935831968053
2098.172,10.0,25.377558399398424,24.962552475529158,24.996551296870408,double,-0.41500592386926605
2098.654,10.0,25.3589040179362,24.94550444743851,24.97827533167316,double,-0.41339957049769116
2099.136,10.0,25.340124324435344,24.92860974011059,24.96015357777673,double,-0.4115145843247514
2099.618,10.0,25.321476139001014,24.91186917350396,24.94218715197539,double,-0.4096069654970558
2100.1,10.0,25.30315487446365,24.89528355901453,24.9243771618969,double,-0.4078713154491209
2100.582,10.0,25.28420644061392,24.878853699441468,24.906724705900295,double,-0.40535274117245446
2101.064,10.0,25.26618386001427,24.862580388953088,24.889230872974068,double,-0.40360347106118133
2101.547,10.0,25.24792775227638,24.846431141508152,24.871860946463407,double,-0.40149661076822607
2102.029,10.0,25.230443994096586,24.830473605838204,24.85468792331551,double,-0.3999703882583805
2102.511,10.0,25.211699196770258,24.814674951226444,24.837676735163228,double,-0.39702424554381444
2102.993,10.0,25.19454151293064,24.79903593697086,24.820828432489105,double,-0.3955055759597814
2103.475,10.0,25.176553313056033,24.783557313576257,24.804144055906637,double,-0.3929959994797755
2103.957,10.0,25.15940177485298,24.768239822723366,24.78762463606265,double,-0.39116195212961224
2104.439,10.0,25.14141823663375,24.75308419723825,24.771271193540585,double,-0.38833403939550204
2104.921,10.0,25.123578767082734,24.738091161062027,24.755084738764342,double,-0.38548760602070686
2105.404,10.0,25.107544663294686,24.723230832388637,24.739033213880766,double,-0.38431383090604676
2105.886,10.0,25.09209093724453,24.708565451965285,24.72318407635256,double,-0.3835254852792458
2106.368,10.0,25.076014811306617,24.694064780508572,24.707504897957623,double,-0.381950030798045
2106.85,10.0,25.060275039036416,24.679729506110277,24.691996647515598,double,-0.3805455329261409
2107.332,10.0,25.046967519689673,24.66556030783386,24.676660283218364,double,-0.38140721185581095
2107.814,10.0,25.031095849342822,24.65155785568733,24.661496752539026,double,-0.37953799365549323
2108.296,10.0,25.013770920457194,24.637722810596458,24.646506992141727,double,-0.3760481098607382
2108.778,10.0,24.99875469359098,24.62405582437854,24.631691927792204,double,-0.37469886921243645
2109.26,10.0,24.9850997267278,24.610557539716517,24.617052474269745,double,-0.37454218701128417
2109.743,10.0,24.971650965367704,24.597201113169344,24.602559713289384,double,-0.374449852198358
2110.225,10.0,24.95764115648308,24.58404247626032,24.588274550360577,double,-0.3735986802227642
2110.707,10.0,24.945200933758844,24.57105441516624,24.574167677624057,double,-0.37414651859260517
2111.189,10.0,24.931317871745495,24.55823753576542,24.560239965024493,double,-0.37308033598007495
2111.671,10.0,24.919115235522423,24.545592434680206,24.546492271092408,double,-0.3735228008422159
2112.153,10.0,24.906998545417252,24.533119699253927,24.532925442861707,double,-0.37387884616332523
2112.635,10.0,24.89501740526355,24.52081990752865,24.519540315788266,double,-0.3741974977348961
2113.117,10.0,24.88298315625556,24.508693628223167,24.506337713669517,double,-0.3742895280323927
2113.6,10.0,24.870830484771083,24.496716804930912,24.493291628777147,double,-0.3741136798401712
2114.082,10.0,24.858808843874126,24.484939582073196,24.480456883782118,double,-0.37386926180092983
2114.564,10.0,24.84681341038237,24.473337522752637,24.467807066019105,double,-0.3734758876297345
2115.046,10.0,24.835577055531523,24.46191115816637,24.455342951844678,double,-0.3736658973651552
2115.528,10.0,24.825144189534964,24.450661010086115,24.443065305571395,double,-0.3744831794488479
2116.01,10.0,24.814181644527377,24.439587590839267,24.430974879393744,double,-0.37459405368810983
2116.492,10.0,24.802829736694434,24.428691403290365,24.419072413315824,double,-0.3741383334040699
2116.974,10.0,24.791510281516967,24.417972940823063,24.407358635079866,double,-0.3735373406939052
2117.457,10.0,24.78229968901216,24.407411005155243,24.39581054797806,double,-0.37488868385691654
2117.938,10.0,24.771577496995782,24.397071117159584,24.384499991372664,double,-0.37450637983619806
2118.421,10.0,24.760854165208947,24.386867756356505,24.37333359901899,double,-0.37398640885243917
2118.903,10.0,24.75126181124899,24.376865310922838,24.36238199984824,double,-0.3743965003261518
2119.385,10.0,24.741850126488142,24.367042915597363,24.351622542253246,double,-0.3748072108907763
2119.867,10.0,24.733538912883134,24.357401006509285,24.34105587894613,double,-0.3761379063738468
2120.349,10.0,24.72424124440199,24.34794001019494,24.330682649910855,double,-0.3763012342070493
2120.831,10.0,24.71486089248471,24.33866034358395,24.320503482341962,double,-0.3762005489007597
2121.313,10.0,24.70568406935699,24.32956241398552,24.3105189905842,double,-0.3761216553714697
2121.795,10.0,24.69778774705241,24.320646619075585,24.3007297760735,double,-0.37714112797682664
2122.278,10.0,24.68876728394795,24.311895418058104,24.291116728069447,double,-0.37687186588984956
2122.76,10.0,24.680089909414633,24.303345426806857,24.281720228582383,double,-0.37674448260777704
2123.242,10.0,24.674109015334338,24.294978706103954,24.272520733781192,double,-0.3791303092303855
2123.724,10.0,24.667528345739843,24.28679561495165,24.263518792876432,double,-0.38073273078819136
2124.206,10.0,24.66011406663579,24.278796502661198,24.254714941894985,double,-0.3813175639745897
2124.688,10.0,24.653457459546093,24.27098170884283,24.246109703629156,double,-0.382475750703265
2125.17,10.0,24.647384594355476,24.263351563396228,24.237703587587074,double,-0.38403303095924657
2125.652,10.0,24.639638553322005,24.255906386501522,24.229497089944708,double,-0.38373216682048295
2126.135,10.0,24.633473446731852,24.248631619389027,24.221474291050427,double,-0.38484182734282446
2126.617,10.0,24.627371631685843,24.24155768654387,24.21366888177413,double,-0.38581394514197176
2127.099,10.0,24.620734477633867,24.234669624984075,24.206064499903484,double,-0.3860648526497923
2127.581,10.0,24.613925900573502,24.227967715910786,24.198661587804178,double,-0.3859581846627158
2128.063,10.0,24.60645015215202,24.22145223076779,24.19146057429023,double,-0.38499792138422806
2128.545,10.0,24.60072643836903,24.215123431235615,24.18446187458418,double,-0.38560300713341433
2129.027,10.0,24.59536290022159,24.208981569225795,24.177665890279105,double,-0.3863813309957942
2129.509,10.0,24.590086582309773,24.20302688687595,24.171073009301917,double,-0.38705969543382235
2129.991,10.0,24.58356084988789,24.197259616545168,24.164683605878086,double,-0.38630123334272015
2130.474,10.0,24.57808982370627,24.19166859999701,24.158485419506594,double,-0.3864212237092657
2130.956,10.0,24.57222522507547,24.186277201587025,24.152504462863842,double,-0.38594802348844715
2131.438,10.0,24.566661013923685,24.18107385397514,24.14672802458893,double,-0.3855871599485472
2131.92,10.0,24.562961867305223,24.17605875035041,24.14115642375057,double,-0.38690311695481205
2132.402,10.0,24.558181291031584,24.17123207410803,24.135789965562182,double,-0.38694921692355444
2132.884,10.0,24.5538062816363,24.16659399884786,24.130628941355724,double,-0.38721228278844333
2133.366,10.0,24.550232075640746,24.16214468837309,24.125673628556864,double,-0.3880873872676577
2133.848,10.0,24.546581861712138,24.1578842966899,24.12092429066186,double,-0.3886975650222363
2134.331,10.0,24.544053777135336,24.15380471789253,24.116371966204536,double,-0.39024905924280595
2134.813,10.0,24.54183893808791,24.149922979281243,24.112035741356284,double,-0.39191595880666563
2135.295,10.0,24.539764347455893,24.146230562947235,24.10790619855927,double,-0.3935337845086595
2135.777,10.0,24.537939929429804,24.14272758369192,24.10398354536087,double,-0.3952123457378831
2136.259,10.0,24.535495031303604,24.13941414652403,24.100267975285636,double,-0.39608088477957604
2136.741,10.0,24.533650231998315,24.136290346662115,24.096759667821367,double,-0.3973598853362015
2137.223,10.0,24.531988801036643,24.133356269537234,24.093458788406537,double,-0.3986325314994099
2137.705,10.0,24.53196120576816,24.130611990796382,24.090365488419312,double,-0.40134921497177733
2138.188,10.0,24.530436461393606,24.128052474095135,24.087474134489774,double,-0.40238398729847136
2138.67,10.0,24.52957537897981,24.12568837402417,24.08479682252741,double,-0.4038870049556442
2139.152,10.0,24.52988541274561,24.12351424070089,24.082327459891157,double,-0.40637117204472273
2139.634,10.0,24.529020773195604,24.121530110659194,24.08006614161032,double,-0.4074906625364083
2140.116,10.0,24.528872689410594,24.119736010673066,24.078012948622394,double,-0.4091366787375289
2140.598,10.0,24.528646332854823,24.118131957762838,24.076167947771467,double,-0.4105143750919832
2141.08,10.0,24.52907599006182,24.116717959201985,24.074531191808102,double,-0.4123580308598329
2141.562,10.0,24.529381323136956,24.115494012524298,24.07310271939071,double,-0.4138873106126595
2142.044,10.0,24.529853032226853,24.114460105531787,24.07188255508872,double,-0.41539292669506567
2142.527,10.0,24.529412030168,24.113614662997808,24.070868826668484,double,-0.41579736717019256
2143.009,10.0,24.530341680961815,24.112961154018176,24.070065728148858,double,-0.41738052694363925
2143.491,10.0,24.53072469454559,24.112497589727226,24.069470926920566,double,-0.4182271048183611
2143.973,10.0,24.530991267235454,24.112223919066466,24.069084391228746,double,-0.41876734816898575
2144.455,10.0,24.53127612084451,24.112140081291468,24.068906075267776,double,-0.4191360395530419
2144.937,10.0,24.532733934729634,24.112246005982534,24.06893591919367,double,-0.4204879287470986
2145.419,10.0,24.532297630368223,24.11254161305587,24.069173849137883,double,-0.41975601731235046
2145.901,10.0,24.533696480196316,24.113026812775086,24.069619777222695,double,-0.4206696674212307
2146.384,10.0,24.536347492900326,24.1137031024449,24.070275174089645,double,-0.4226443904554261
2146.865,10.0,24.53764615673388,24.114565583015658,24.07113520636022,double,-0.4230805737182236
2147.348,10.0,24.539235194472788,24.115621307924872,24.072206895898518,double,-0.4236138865479133
2147.83,10.0,24.541428262245056,24.11686418050622,24.073484088562115,double,-0.42456408173883464
2148.312,10.0,24.542780504919744,24.11829605240625,24.07496863014406,double,-0.42448445251349054
2148.794,10.0,24.545936122547413,24.119916776223377,24.076660349091483,double,-0.4260193463240358
2149.276,10.0,24.547891149920247,24.121726194997944,24.07855905999277,double,-0.42616495492230344
2149.758,10.0,24.549817840213503,24.12372414222751,24.080664563605225,double,-0.4260936979859936
2150.24,10.0,24.55208226472458,24.125910441882773,24.082976646883917,double,-0.426171822841806
2150.722,10.0,24.55440150357785,24.128284908423808,24.085495083012443,double,-0.4261165951540413
2151.205,10.0,24.559021868275998,24.130852858335015,24.08822549810379,double,-0.4281690099409846
2151.687,10.0,24.563533785045134,24.133603453409602,24.091156331375203,double,-0.42993033163553074
2152.169,10.0,24.56751810381144,24.136541601403096,24.094292754174813,double,-0.43097650240834506
2152.651,10.0,24.570811245574003,24.139667078886053,24.097634484906326,double,-0.4311441666879523
2153.133,10.0,24.57508520671062,24.142979653007053,24.101181228376728,double,-0.4321055537035712
2153.615,10.0,24.58003122946115,24.14647908151156,24.10493267583539,double,-0.43355214794958685
2154.097,10.0,24.58508659496929,24.15016511276179,24.10888850501516,double,-0.43492148220750093
2154.579,10.0,24.590216103667846,24.154037485756437,24.113048380174266,double,-0.43617861791140633
2155.062,10.0,24.59591397449604,24.158104543388475,24.117421216686864,double,-0.43780943110756365
2155.544,10.0,24.602175279499576,24.162349164679913,24.121988544370033,double,-0.4398261148196636
2156.026,10.0,24.608016940044628,24.166779288128986,24.126758829609713,double,-0.44123765191564357
2156.508,10.0,24.612771188175884,24.171394615470494,24.131731683188796,double,-0.4413765727053903
2156.99,10.0,24.617423220772707,24.176194839182642,24.136906702647785,double,-0.44122838159006417
2157.472,10.0,24.624128350646306,24.181179642509875,24.142283472335528,double,-0.4429487081364314
2157.954,10.0,24.630362648302288,24.18634869948573,24.14786156346097,double,-0.4440139488165573
2158.436,10.0,24.63719053278605,24.19170167495667,24.15364053414647,double,-0.44548885782938474
2158.918,10.0,24.64303375333313,24.197238224606128,24.159619929482652,double,-0.4457955287270027
2159.401,10.0,24.648840397976674,24.202970051929693,24.165812309339728,double,-0.44587034604698095
2159.883,10.0,24.654371839059692,24.20887305944726,24.17219155074414,double,-0.44549877961243267
2160.365,10.0,24.661209836506348,24.21495855268137,24.1787697734081,double,-0.4462512838249777
2160.847,10.0,24.66816758763083,24.221226150893422,24.18554647084073,double,-0.44694143673740805
2161.329,10.0,24.67521686888778,24.227675464308618,24.192521123812266,double,-0.44754140457916314
2161.811,10.0,24.68257256995766,24.23430609414248,24.199693200416483,double,-0.44826647581517887
2162.293,10.0,24.690403780316643,24.241117632628175,24.207062156134377,double,-0.44928614768846853
2162.775,10.0,24.698263839238678,24.248109663043763,24.21462743389904,double,-0.45015417619491405
2163.258,10.0,24.707301945921863,24.255296826487495,24.222404768966975,double,-0.45200511943436494
2163.74,10.0,24.715512705682197,24.26264892713979,24.23036137406978,double,-0.4528637785424089
2164.222,10.0,24.724480303106606,24.27018021517923,24.23851255415356,double,-0.45430008792737564
2164.704,10.0,24.73455140312178,24.277890238329615,24.24685770260828,double,-0.4566611647921687
2165.186,10.0,24.746587991211577,24.28577853550383,24.255396200619256,double,-0.46080945570774745
2165.668,10.0,24.75780740088697,24.29384463683406,24.264127417238914,double,-0.4639627640529137
2166.15,10.0,24.767857576766232,24.302088063702108,24.273050709460342,double,-0.46576951306412095
2166.632,10.0,24.77928165205595,24.310508328770375,24.282165422291474,double,-0.4687733232855734
2167.115,10.0,24.7911096427092,24.319122954256418,24.291490392596955,double,-0.47198668845278013
2167.597,10.0,24.80276365727589,24.327895763269282,24.300986327742734,double,-0.47486789400660867
2168.079,10.0,24.814193134111765,24.336843895394487,24.310671645927837,double,-0.4773492387172784
2168.561,10.0,24.824023770461242,24.345966828716374,24.320545644962085,double,-0.4780569417448671
2169.043,10.0,24.83401019411075,24.35526403276055,24.330607611058934,double,-0.4787461613501992
2169.525,10.0,24.84534672231684,24.36473496852737,24.340856818916254,double,-0.48061175378947274
2170.007,10.0,24.8555218292498,24.374379088525576,24.351292531798364,double,-0.4811427407242247
2170.489,10.0,24.865811963001438,24.384195836806597,24.361914001618914,double,-0.4816161261948393
2170.971,10.0,24.87688093778352,24.394184648999097,24.372720469024927,double,-0.4826962887844205
2171.454,10.0,24.888754585510288,24.404366209674034,24.383734156715164,double,-0.48438837583625327
2171.936,10.0,24.900922324877257,24.414697777034338,24.394908676363393,double,-0.48622454784292
2172.418,10.0,24.91191645346862,24.42519966377495,24.40626584713546,double,-0.4867167896936725
2172.9,10.0,24.923961538598565,24.435871272169454,24.417804865447472,double,-0.48809026642911146
2173.382,10.0,24.935742218566208,24.446711996247426,24.42952491688294,double,-0.4890302223187787
2173.864,10.0,24.947502559995065,24.457721221831306,24.44142517628235,double,-0.48978133816375835
2174.346,10.0,24.95992878198313,24.468898326573512,24.453504807833674,double,-0.491030455409619
2174.828,10.0,24.972201651265163,24.48024267999443,24.465762965163627,double,-0.49195897127073396
2175.311,10.0,24.985921816162524,24.49177769793059,24.478224775985645,double,-0.4941441182319345
2175.792,10.0,24.99920948011641,24.503430570520923,24.490811419413593,double,-0.4957789095954873
2176.275,10.0,25.012035916061404,24.515297546684003,24.50362668613871,double,-0.49673836937740024
2176.757,10.0,25.025196126626675,24.527304769612932,24.51659063708393,double,-0.4978913570137439
2177.239,10.0,25.03758324023675,24.53947596678389,24.52972872490305,double,-0.498107273452858
2177.721,10.0,25.05163067329671,24.551810459719633,24.543040041798054,double,-0.4998202135770763
2178.203,10.0,25.06621929482164,24.564307562084732,24.556523670071616,double,-0.5019117327369094
2178.685,10.0,25.08017649801913,24.576966579726513,24.57017868222482,double,-0.5032099182926186
2179.167,10.0,25.094991938265863,24.58978681071583,24.58400414105529,double,-0.5052051275500347
2179.649,10.0,25.10909996655588,24.602767545388552,24.597999099756223,double,-0.5063324211673298
2180.132,10.0,25.122533586682284,24.615935494474634,24.612192161407787,double,-0.5065980922076496
2180.614,10.0,25.137040897310257,24.629235406034322,24.626523588172304,double,-0.5078054912759367
2181.096,10.0,25.151590667369916,24.642693644765828,24.641021615727855,double,-0.5088970226040879
2181.578,10.0,25.165102238461028,24.65630947046978,24.655685259833987,double,-0.5087927679912507
2182.06,10.0,25.178704744541523,24.670082135423943,24.67051352715051,double,-0.5086226091175816
2182.542,10.0,25.192250492571656,24.684010884426673,24.685505415340575,double,-0.5082396081449808
2183.024,10.0,25.20632330604218,24.69809495484062,24.70065991317349,double,-0.508228351201559
2183.506,10.0,25.220409592759747,24.7123335766369,24.7159760006289,double,-0.5080760161228465
2183.989,10.0,25.2346369040713,24.72675599148635,24.731484924414442,double,-0.5078809125849515
2184.471,10.0,25.247863073779058,24.741301693201745,24.74712142629487,double,-0.5065613805773139
2184.953,10.0,25.262548027378003,24.755999590659457,24.762916403865876,double,-0.5065484367185458
2185.435,10.0,25.27779438994247,24.77084888469756,24.778868802979495,double,-0.5069455052449101
2185.917,10.0,25.292710518511583,24.785848768988416,24.794977561224897,double,-0.5068617495231686
2186.399,10.0,25.30773843492174,24.800998430084547,24.811241608035097,double,-0.5067400048371917
2186.881,10.0,25.32325596286693,24.816297047465376,24.827659864794207,double,-0.5069589154015564
2187.363,10.0,25.338523549157756,24.831743793583733,24.84423124494487,double,-0.5067797555740217
2187.845,10.0,25.354081203532314,24.847337833913112,24.86095465409636,double,-0.5067433696192003
2188.328,10.0,25.368419088252715,24.86311113526936,24.877864155248037,double,-0.5053079529833554
2188.81,10.0,25.383625645762066,24.87899753395773,24.8948886181018,double,-0.5046281118043366
2189.292,10.0,25.39929929677531,24.89502868009495,24.912061778542103,double,-0.5042706166803634
2189.774,10.0,25.416237883596022,24.91120371169951,24.929382511915275,double,-0.5050341718965096
2190.256,10.0,25.432408322731426,24.927521760050748,24.94684968627917,double,-0.5048865626806787
2190.738,10.0,25.44821974106088,24.943981949737353,24.96446216251298,double,-0.5042377913235252
2191.22,10.0,25.464419114986452,24.96058339870703,24.982218794427364,double,-0.5038357162794216
2191.702,10.0,25.48132016308434,24.97732521831558,25.000118428874675,double,-0.5039949447687597
2192.185,10.0,25.498558408850343,24.994241681170518,25.01819748294654,double,-0.5043167276798238
2192.667,10.0,25.51545794754384,25.011261836562284,25.03637992637827,double,-0.5041961109815585
2193.149,10.0,25.53211367320265,25.02841965571883,25.05470186981651,double,-0.5036940174838189
2193.631,10.0,25.549311227736982,25.045714224116512,25.07316213337495,double,-0.5035970036204707
2194.113,10.0,25.567151988906968,25.063144620892174,25.091759530764218,double,-0.5040073680147916
2194.595,10.0,25.58616086713125,25.080709918893916,25.110492869402947,double,-0.5054509482373348
2195.077,10.0,25.6046518641532,25.098409184732805,25.12936095052951,double,-0.5062426794203934
2195.559,10.0,25.621458546974512,25.116241478834596,25.148362569313676,double,-0.5052170681399182
2196.042,10.0,25.6401564230813,25.134243262622835,25.167536348661212,double,-0.5059131604584655
2196.524,10.0,25.658243828087873,25.152339041108647,25.186801675298,double,-0.5059047869792277
2197.006,10.0,25.677458217900796,25.170564990550776,25.206196887265147,double,-0.5068932273500193
2197.488,10.0,25.695745929629986,25.188920147144287,25.225720756564062,double,-0.5068257824856981
2197.97,10.0,25.713557006093733,25.207403541161703,25.245372049686825,double,-0.5061534649320298
2198.452,10.0,25.732072633227922,25.226014197006684,25.26514952772824,double,-0.506058436221235
2198.934,10.0,25.751446806449685,25.24475113326714,25.285051946497394,double,-0.5066956731825445
2199.416,10.0,25.771194250093128,25.263613362769533,25.30507805662998,double,-0.5075808873235943
2199.898,10.0,25.791019580473346,25.28259989263265,25.325226603699768,double,-0.5084196878406944
2200.381,10.0,25.811629471259067,25.30174949875203,25.345538506788536,double,-0.509879972507038
2200.863,10.0,25.83171587573879,25.32098188081674,25.365928392230934,double,-0.5107339949220524
2201.345,10.0,25.85276116347668,25.340335548797377,25.386436919440726,double,-0.5124256146793016
2201.827,10.0,25.872575334554643,25.35980948751701,25.407062814851678,double,-0.5127658470376328
2202.309,10.0,25.892938529750314,25.379402676365103,25.427804800393815,double,-0.5135358533852108
2202.791,10.0,25.913711890291317,25.399114089353485,25.448661593604715,double,-0.5145978009378327
2203.273,10.0,25.93336405622822,25.418942695171715,25.469631907740464,double,-0.5144213610565052
2203.755,10.0,25.953969737623705,25.438887457243275,25.490714451886593,double,-0.51508228038043
2204.238,10.0,25.97296562966941,25.458989070718275,25.51195201535877,double,-0.5139765589511347
2204.719,10.0,25.991886352373427,25.479121277846282,25.53321104636335,double,-0.5127650745271439
2205.202,10.0,26.010932918802794,25.499450443274924,25.554667028806687,double,-0.5114824755278691
2205.684,10.0,26.029208649826145,25.519849592417753,25.576185724995838,double,-0.5093590574083928
2206.166,10.0,26.048653142355228,25.540359635703762,25.597810135210487,double,-0.5082935066514638
2206.648,10.0,26.067169143238022,25.560979506136455,25.619538945823134,double,-0.5061896371015673
2207.13,10.0,26.0870998230924,25.581708131851187,25.6413708398064,double,-0.5053916912412137
2207.612,10.0,26.105657152981166,25.602544436172494,25.663304496841764,double,-0.5031127168086735
2208.094,10.0,26.125718850655353,25.623487337672234,25.685338593428575,double,-0.5022315129831201
2208.576,10.0,26.145363843333076,25.644535750227416,25.707471802992345,double,-0.5008280931056597
2209.059,10.0,26.16521813570844,25.665732576409283,25.72974901910675,double,-0.4994855592991565
2209.541,10.0,26.184893546086634,25.686988947444046,25.752076661865043,double,-0.49790459864259007
2210.023,10.0,26.20365955966839,25.708347541293353,25.774499417740728,double,-0.49531201837503813
2210.505,10.0,26.224127260833324,25.72980725363003,25.797015948936508,double,-0.4943200072032916
2210.987,10.0,26.244322889694683,25.751366975725396,25.819624915118588,double,-0.49295591396928407
2211.469,10.0,26.265424371507812,25.77302559450791,25.842324973522967,double,-0.49239877699990275
2211.951,10.0,26.285866477264708,25.79478199262313,25.865114779061393,double,-0.4910844846415796
2212.433,10.0,26.307932693848795,25.816635048492675,25.887992984426944,double,-0.4912976453561202
2212.916,10.0,26.32921765493889,25.838629271385514,25.911005975509283,double,-0.4905883835533753
2213.398,10.0,26.35207872306105,25.860672456109835,25.934057106650855,double,-0.4914062669512165
2213.88,10.0,26.373239248390203,25.882808906751485,25.957192580625353,double,-0.4904303416387146
2214.362,10.0,26.3943811493185,25.90503748542704,25.980411042293873,double,-0.48934366389146167
2214.844,10.0,26.417140098930197,25.927357050329082,26.003711134820033,double,-0.48978304860111677
2215.326,10.0,26.438246119960635,25.94976645578692,26.027091499772858,double,-0.48847966417371325
2215.808,10.0,26.460072635801463,25.97226455232698,26.05055077722904,double,-0.48780808347448357
2216.29,10.0,26.48147700478417,25.994850186733647,26.07408760587485,double,-0.4866268180505229
2216.772,10.0,26.502910191218593,26.017522202110023,26.097700623107578,double,-0.48538798910857106
2217.255,10.0,26.52394063157454,26.040326739900653,26.121437686870188,double,-0.48361389167388413
2217.737,10.0,26.543936936664036,26.063168205284313,26.1451991398028,double,-0.48076873137972154
2218.219,10.0,26.56397229597539,26.08609255704431,26.169032683950675,double,-0.4778797389310807
2218.701,10.0,26.58335075555168,26.109098624163085,26.192936952556146,double,-0.47425213138859723
2219.183,10.0,26.603834419581418,26.132185232248222,26.216910578071463,double,-0.47164918733319516
2219.665,10.0,26.624452015516294,26.15535120359408,26.240952192257012,double,-0.46910081192221287
2220.147,10.0,26.644475953105527,26.178595357243818,26.26506042627885,double,-0.4658805958617118
2220.629,10.0,26.665183818990855,26.20191650905092,26.289233910805688,double,-0.46326730993993537
2221.112,10.0,26.685776912975083,26.2253620911376,26.31352162654892,double,-0.46041482183748483
2221.594,10.0,26.706889570988025,26.248833827946804,26.337821630849557,double,-0.4580557430412191
2222.076,10.0,26.726460405228085,26.272378989478216,26.362182772794853,double,-0.4540814157498685
2222.558,10.0,26.747063357809743,26.29599637944221,26.386603682021708,double,-0.4510669783675314
2223.04,10.0,26.766820682000258,26.3196847986706,26.41108298814573,double,-0.4471358833296579
2223.522,10.0,26.788093042935646,26.343443045179537,26.43561932085464,double,-0.44464999775610803
2224.004,10.0,26.80934951133487,26.367269914231738,26.460211310000865,double,-0.44207959710312883
2224.486,10.0,26.829526129598598,26.391164198399373,26.48485758569377,double,-0.4383619311992215
2224.969,10.0,26.850708936103807,26.415174466164437,26.509608075586378,double,-0.4355344699393693
2225.451,10.0,26.87264730361518,26.439200081407606,26.534358921707025,double,-0.43344722220757803
2225.933,10.0,26.894500075829765,26.46328947144373,26.559159944315248,double,-0.4312106043860342
2226.415,10.0,26.916469819068713,26.48744141870596,26.584009775456497,double,-0.429028400362752
2226.897,10.0,26.938762893163165,26.511654703251935,26.608907047883783,double,-0.42710818991122945
2227.379,10.0,26.960097073160128,26.535928102826517,26.633850395145775,double,-0.42416897033361045
2227.861,10.0,26.98189336718278,26.56026039292533,26.658838451673972,double,-0.42163297425745205
2228.343,10.0,27.002078642800125,26.58465034685783,26.68386985286978,double,-0.4174282959422959
2228.825,10.0,27.023585903326975,26.609096735810724,26.70894323519016,double,-0.4144891675162521
2229.308,10.0,27.0460951241764,26.633649218621752,26.734109381248285,double,-0.4124459055546481
2229.79,10.0,27.06722852697952,26.658204893692556,26.759262719870836,double,-0.40902363328696456
2230.272,10.0,27.090180611242836,26.682813302678266,26.784453953353264,double,-0.40736730856457126
2230.754,10.0,27.112484407976584,26.7074732089056,26.80968172322472,double,-0.4050111990709815
2231.236,10.0,27.133715554103592,26.73218337389628,26.834944672489623,double,-0.4015321802073146
2231.718,10.0,27.15543632026296,26.756942557430826,26.860241445709914,double,-0.3984937628321361
2232.2,10.0,27.177133634374595,26.781749517611896,26.885570689085505,double,-0.39538411676269813
2232.682,10.0,27.198219126213008,26.80660301092854,26.910931050535012,double,-0.3916161152844655
2233.165,10.0,27.22037975531301,26.83155349575462,26.9363738863997,double,-0.38882625955839467
2233.646,10.0,27.242379814387746,26.856444615237407,26.961739728399927,double,-0.385935199150339
2234.129,10.0,27.26447630166755,26.881482112707978,26.98723816891291,double,-0.3829941889595734
2234.611,10.0,27.286653532272258,26.90650935830272,27.01270957096778,double,-0.3801441739695377
2235.093,10.0,27.30791973955105,26.93157689490637,27.03820535644485,double,-0.37634284464467815
2235.575,10.0,27.330293807628713,26.95668347066223,27.063724185224046,double,-0.3736103369664845
2236.057,10.0,27.35219464577211,26.981827832546745,27.089264719445428,double,-0.3703668132253646
2236.539,10.0,27.373671838705672,27.007008726433384,27.114825623583748,double,-0.3666631122722863
2237.021,10.0,27.39606721887555,27.03222489715662,27.140405564521974,double,-0.3638423217189324
2237.503,10.0,27.419471070407557,27.057475088575877,27.16600321162398,double,-0.3619959818316809
2237.986,10.0,27.44344749411066,27.082810531088214,27.191670394043122,double,-0.3606369630224482
2238.468,10.0,27.46613071941959,27.10812505595348,27.217299501702463,double,-0.35800566346610996
2238.95,10.0,27.48888820889881,27.13346982526955,27.242942336479786,double,-0.35541838362925793
2239.432,10.0,27.511960725240197,27.158843579633395,27.268597578382682,double,-0.35311714560680163
2239.914,10.0,27.5349797646638,27.18424505898629,27.29426391025274,double,-0.35073470567750786
2240.396,10.0,27.557831289258804,27.209673002678304,27.319940017833922,double,-0.3481582865805022
2240.878,10.0,27.579899837618594,27.23512614953181,27.345624589840302,double,-0.34477368808678577
2241.36,10.0,27.603102685003567,27.260603237905222,27.371316318022405,double,-0.34249944709834335
2241.843,10.0,27.625419987756118,27.28615593253949,27.397067216891745,double,-0.33926405521662595
2242.325,10.0,27.647373718430607,27.31167716061379,27.422769353240007,double,-0.33569655781681695
2242.807,10.0,27.668900274360425,27.337218540519093,27.448474737201188,double,-0.3316817338413325
2243.289,10.0,27.69140837315201,27.362778809396417,27.47418207333189,double,-0.3286295637555947
2243.771,10.0,27.713032840731135,27.388356704241666,27.499890069547728,double,-0.3246761364894657
2244.253,10.0,27.733849339719914,27.41395096196968,27.525597437185723,double,-0.3198983777502329
2244.735,10.0,27.755378758757228,27.439560319477703,27.5513028910656,double,-0.3158184392795249
2245.217,10.0,27.77634139281021,27.465183513708784,27.577005149550217,double,-0.3111578791014258
2245.699,10.0,27.79672109673073,27.490819281715552,27.6027029346057,double,-0.30590181501518043
2246.182,10.0,27.816491255902537,27.516519581312814,27.62844826798544,double,-0.29997167458972185
2246.664,10.0,27.836380088494302,27.542176728318907,27.654133270909032,double,-0.2942033601753935
2247.146,10.0,27.857911782041683,27.567842658931106,27.67980998588362,double,-0.29006912311057564
2247.628,10.0,27.878173792008305,27.593516111274567,27.705477149879194,double,-0.2846576807337353
2248.11,10.0,27.898550145092543,27.61919582390087,27.731133503756944,double,-0.2793543211916716
2248.592,10.0,27.919251670919216,27.64488053585096,27.756777792324666,double,-0.2743711350682576
2249.074,10.0,27.93960363547074,27.67056898671828,27.782408764390826,double,-0.26903464875245864
2249.556,10.0,27.96086831542523,27.696259916711895,27.80802517281883,double,-0.2646083987133341
2250.039,10.0,27.98200230802812,27.722005370330127,27.833678870570328,double,-0.2599969376979927
2250.521,10.0,28.00334012237841,27.74769748059284,27.859262390146313,double,-0.2556426417855695
2251.003,10.0,28.0241132612782,27.773388292322654,27.88482762697198,double,-0.25072496895554575
2251.485,10.0,28.043834637812733,27.799076548820988,27.910373350661267,double,-0.24475808899174223
2251.967,10.0,28.064873458135313,27.82476099431862,27.935898335140575,double,-0.24011246381669404
2252.449,10.0,28.084996172405713,27.85044037403841,27.96140135869806,double,-0.234555798367303
2252.931,10.0,28.10431993779958,27.876113434257523,27.986881204032215,double,-0.22820650354206107
2253.413,10.0,28.125519668369915,27.901778922369715,28.01233665829974,double,-0.22374074600020055
2253.896,10.0,28.147061968142385,27.92748880650262,28.03781924475101,double,-0.21957316163976337
2254.378,10.0,28.168392607978575,27.95313537516126,28.063222239565732,double,-0.21525723281731746
2254.86,10.0,28.188780823327946,27.97877061862596,28.088597229516377,double,-0.21001020470198806
2255.342,10.0,28.209081930790784,28.004393289380936,28.113943020065268,double,-0.20468864140985032
2255.824,10.0,28.229823289374057,28.030002141337075,28.139258421361014,double,-0.1998211480369827
2256.306,10.0,28.249517760332694,28.055595929893506,28.16454224828201,double,-0.19392183043918654
2256.788,10.0,28.269910511547174,28.081173411999295,28.18979332047913,double,-0.18873709954788098
2257.27,10.0,28.29033161998989,28.106733346214764,28.21501046241788,double,-0.18359827377512627
2257.752,10.0,28.31150767391041,28.132274492772837,28.240192503419557,double,-0.17923318113757247
2258.235,10.0,28.33171683373142,28.1578485403489,28.265390408852774,double,-0.17386829338251752
2258.717,10.0,28.35279513660936,28.18334835389063,28.29049867671608,double,-0.1694467827187296
2259.199,10.0,28.37410020123066,28.20882566856052,28.315568358751005,double,-0.16527453267013992
2259.681,10.0,28.394338638763266,28.234279251895796,28.340598304111776,double,-0.16005938686747267
2260.163,10.0,28.4151089018202,28.25970787341065,28.365587367004597,double,-0.15540102840955194
2260.645,10.0,28.436056094535335,28.28511030465699,28.390534406724893,double,-0.15094578987834284
2261.127,10.0,28.4579856652887,28.310485319284407,28.415438287693505,double,-0.1475003460042923
2261.609,10.0,28.47944500427343,28.335831693100523,28.440297879492892,double,-0.14361331117290765
2262.092,10.0,28.500522138727874,28.361200696124158,28.46516349061168,double,-0.13932144260371815
2262.573,10.0,28.522277283981186,28.386433632679687,28.489879699929954,double,-0.13584365130149822
2263.056,10.0,28.543718164183428,28.411739119351925,28.514650929844677,double,-0.1319790448315039
2263.538,10.0,28.565431905221956,28.43695866246323,28.539322062924168,double,-0.1284732427587254
2264.02,10.0,28.587367239487303,28.46214347575397,28.563943331087017,double,-0.12522376373333421
2264.502,10.0,28.60872232596622,28.48729234924,28.58851363560898,double,-0.12142997672621725
2264.984,10.0,28.629299746511265,28.512404075512094,28.613031883159078,double,-0.11689567099917308
2265.466,10.0,28.648768198618658,28.53747744979479,28.63749698583028,double,-0.1112907488238668
2265.948,10.0,28.668753544244097,28.562511270005196,28.661907861169034,double,-0.10624227423889909
2266.43,10.0,28.689185760708856,28.587504336811342,28.686263432204974,double,-0.101681423897515
2266.913,10.0,28.709106432383447,28.61250717505792,28.710612981404587,double,-0.09659925732552477
2267.395,10.0,28.728782230918178,28.63741505760696,28.73485461472005,double,-0.09136717331121313
2267.877,10.0,28.74899591159266,28.662278603377118,28.75903774380804,double,-0.0867173082155448
2268.359,10.0,28.769577157424397,28.68709662462837,28.783161313921735,double,-0.08248053279602541
2268.841,10.0,28.78812595018403,28.711867936661672,28.80722427593414,double,-0.07625801352235673
2269.323,10.0,28.80595771098795,28.736591357876218,28.831225586363807,double,-0.06936635311173278
2269.805,10.0,28.824644932532085,28.761265709827022,28.855164207399824,double,-0.06337922270506224
2270.287,10.0,28.84398175979167,28.785889817281596,28.879039106926186,double,-0.058091942510074546
2270.77,10.0,28.863081536783277,28.810513434705065,28.902898589185988,double,-0.05256810207820983
2271.252,10.0,28.88285327310444,28.835033430293834,28.926642834736455,double,-0.04781984281060914
2271.734,10.0,28.901580090671438,28.859499673117682,28.950320294733828,double,-0.04208041755375258
2272.216,10.0,28.920246036771136,28.883911001367768,28.973929960085755,double,-0.03633503540336758
2272.698,10.0,28.93841089091615,28.9082662567299,28.99747082750809,double,-0.03014463418625213
2273.18,10.0,28.955735224540373,28.93256428444042,29.020941899545583,double,-0.023170940099953574
2273.662,10.0,28.97458877265242,28.95680393334161,29.044342184592598,double,-0.01778483931080821
2274.144,10.0,28.99242723642429,28.980984055937075,29.067670696912796,double,-0.011443180487213933
2274.626,10.0,29.010540740073797,29.005103508446794,29.090926456658384,double,-0.0054372316270034915
2275.109,10.0,29.026600602381414,29.02921099794299,29.1141565080825,double,0.002610395561575274
2275.591,10.0,29.043605084793178,29.053205562308683,29.13726369081312,double,0.009600477515503414
2276.073,10.0,29.059931359497398,29.077136045749512,29.160295214952527,double,0.017204686252114687
2276.555,10.0,29.078311754806325,29.101001319905823,29.183250124402083,double,0.022689565099498488
2277.037,10.0,29.095380809315373,29.124800260406424,29.2061274690403,double,0.029419451091050597
2277.519,10.0,29.112217502054783,29.14853174692258,29.22892630473909,double,0.03631424486779666
2278.001,10.0,29.129570347902696,29.17219466322109,29.25164569337929,double,0.04262431531839583
2278.483,10.0,29.14516040738292,29.19578789721785,29.27428470286587,double,0.05062748983493126
2278.966,10.0,29.162310818112015,29.219359068428908,29.29688912220338,double,0.05704825031689342
2279.448,10.0,29.177704095433278,29.242809468129018,29.319364429723606,double,0.06510537269573957
2279.93,10.0,29.19451112095659,29.266186872421308,29.341756596204803,double,0.07167575146471705
2280.412,10.0,29.21142322647889,29.28949018635408,29.364064713803145,double,0.0780669598751893
2280.894,10.0,29.227681508038195,29.31271831938703,29.38628788076749,double,0.08503681134883756
2281.376,10.0,29.244773977978532,29.33587018544319,29.408425201451756,double,0.09109620746465819
2281.858,10.0,29.26123336138231,29.358944702960134,29.43047578632675,double,0.09771134157782191
2282.34,10.0,29.277915556464727,29.381940794941315,29.45243875199145,double,0.10402523847658496
2282.823,10.0,29.294154741825228,29.404904850428697,29.474358511303073,double,0.11075010860346901
2283.305,10.0,29.30920140035794,29.42774071061165,29.496143426600383,double,0.11853931025371245
2283.787,10.0,29.324364582112416,29.450494939972028,29.51783810757316,double,0.1261303578596107
2284.269,10.0,29.339762265642598,29.473166480293596,29.539441695451252,double,0.13340421465099506
2284.751,10.0,29.35569521363835,29.49575427817772,29.560953337643152,double,0.14005906453937178
2285.233,10.0,29.370736008399195,29.518257285093398,29.582372187744788,double,0.14752127669420134
2285.715,10.0,29.385531343567568,29.54067445742653,29.603697405547962,double,0.15514311385896318
2286.197,10.0,29.398284277103816,29.563004756528727,29.624928157048235,double,0.1647204794249124
2286.679,10.0,29.411949900333667,29.585247148766214,29.646063614452554,double,0.1732972484325468
2287.162,10.0,29.42487869697741,29.607446473937927,29.667146505794427,double,0.1825677769605183
2287.644,10.0,29.438130293616098,29.629509784147977,29.688088714563975,double,0.19137949053187886
2288.126,10.0,29.452274940298274,29.651482115055195,29.708933181524564,double,0.1992071747569213
2288.608,10.0,29.46408624325408,29.673362453576484,29.729679103809715,double,0.20927621032240662
2289.09,10.0,29.47615831508541,29.695149791882937,29.750325684796476,double,0.2189914767975254
2289.572,10.0,29.489412570108158,29.716843127446484,29.77087213411075,double,0.22743055733832618
2290.054,10.0,29.50338811214274,29.738441463086872,29.79131766763222,double,0.23505335094413105
2290.536,10.0,29.517288187667067,29.7599438070178,29.811661507498886,double,0.24265561935073454
2291.019,10.0,29.531353426858086,29.78139348087641,29.831944769620307,double,0.2500400540183245
2291.5,10.0,29.545154470123325,29.802656579853583,29.852041026137055,double,0.25750210973025656
2291.983,10.0,29.559140439878618,29.823908950035094,29.872116636528478,double,0.26476851015647673
2292.465,10.0,29.572855169475133,29.84501731048165,29.892045830379253,double,0.27216214100652114
2292.947,10.0,29.585664249827037,29.86602480080766,29.91186953373561,double,0.28036055098062396
2293.429,10.0,29.59937380300431,29.886930462560592,29.931587006376155,double,0.28755665955628174
2293.911,10.0,29.612360261186122,29.907733342998288,29.95119751436073,double,0.2953730818121669
2294.393,10.0,29.62590509813627,29.928432495133062,29.97070033003222,double,0.30252739699679343
2294.875,10.0,29.63934849748302,29.949026977774988,29.990094732018203,double,0.3096784802919694
2295.357,10.0,29.652722750307365,29.969515855575473,30.009380005232366,double,0.31679310526810944
2295.84,10.0,29.666610086252355,29.989940374706052,30.028595109272832,double,0.32333028845369927
2296.322,10.0,29.67959630694808,30.01021503645965,30.047659774771628,double,0.330618729511567
2296.804,10.0,29.692178248774354,30.030381320903786,30.066613202527538,double,0.3382030721294338
2297.286,10.0,29.705219607837957,30.050438316493633,30.085454702619487,double,0.3452187086556757
2297.768,10.0,29.718659241769597,30.070385117737164,30.104183591415058,double,0.3517258759675679
2298.25,10.0,29.73144628341789,30.09022082523667,30.122799191570138,double,0.3587745418187793
2298.732,10.0,29.7445830077884,30.109944545729483,30.141300832028232,double,0.3653615379410835
2299.214,10.0,29.758350723501824,30.129555392128914,30.1596878480199,double,0.3712046686270898
2299.697,10.0,29.77062226860548,30.14909281510586,30.177997368931504,double,0.37847054650038126
2300.179,10.0,29.78187582161184,30.168475038237514,30.19615292562069,double,0.38659921662567154
2300.661,10.0,29.79386418689448,30.187741761677344,30.214191899910738,double,0.3938775747828638
2301.143,10.0,29.80598805242082,30.20689212345504,30.232113652179436,double,0.4009040710342249
2301.625,10.0,29.81746772158555,30.22592526797448,30.24991754908384,double,0.4084575463889295
2302.107,10.0,29.828788210785667,30.24484034605233,30.267602963557707,double,0.4160521352666646
2302.589,10.0,29.840193229883656,30.26363651495629,30.285169274809153,double,0.4234432850726333
2303.071,10.0,29.852546308328392,30.282312938442946,30.30261586831804,double,0.42976663011455307
2303.553,10.0,29.864674980810946,30.300868786795533,30.319942135832946,double,0.436193805984586
2304.036,10.0,29.876183604358324,30.31934135584735,30.337183044974765,double,0.44315775148902614
2304.518,10.0,29.887218151808014,30.337653336671277,30.35426660806798,double,0.4504351848632626
2305.0,10.0,29.897702729023102,30.35584229106696,30.371228056777145,double,0.45813956204385775
2305.482,10.0,29.907348266468748,30.373907415806233,30.388066807905712,double,0.46655914933748655
2305.964,10.0,29.91839167826064,30.391847914370185,30.40478228450864,double,0.4734562361095429
2306.446,10.0,29.928270746715484,30.409662996984423,30.421373915888,double,0.48139225026893606
2306.928,10.0,29.93753739054803,30.427351880654285,30.437841137588865,double,0.4898144901062551
2307.41,10.0,29.9457289012033,30.444913789199468,30.454183391394917,double,0.499184887996168
2307.893,10.0,29.954093325600105,30.462383990433306,30.47043363914281,double,0.5082906648331997
2308.375,10.0,29.963111737200876,30.479689380217696,30.486524045331475,double,0.516577643016819
2308.857,10.0,29.972704844826513,30.49686550600436,30.502487845248318,double,0.5241606611778471
2309.339,10.0,29.98120344249362,30.513911619224988,30.518324505596915,double,0.5327081767313668
2309.821,10.0,29.990342980332628,30.530826978293724,30.53403349929483,double,0.5404839979610943
2310.303,10.0,29.999742984663712,30.547610848639874,30.549614305468552,double,0.5478678639761592
2310.785,10.0,30.007693795111678,30.564262502739894,30.565066409447798,double,0.5565687076282133
2311.267,10.0,30.016924944048885,30.580781220149305,30.58038930275997,double,0.5638562761004218
2311.75,10.0,30.025872145798303,30.597200142029845,30.59561386906412,double,0.571327996231541
2312.232,10.0,30.034309596634586,30.613450573720545,30.610676569731552,double,0.5791409770859623
2312.714,10.0,30.041688501847453,30.629565948730264,30.625608570432085,double,0.5878774468828118
2313.196,10.0,30.05035765300227,30.64554557525557,30.640409387437817,double,0.5951879222533041
2313.678,10.0,30.05797827604403,30.661388768725274,30.65507854318869,double,0.6034104926812445
2314.16,10.0,30.06511205825355,30.677094851829935,30.669615566285778,double,0.6119827935763822
2314.642,10.0,30.072117874206633,30.692663154551035,30.684019991485233,double,0.6205452803444034
2315.124,10.0,30.079147776804472,30.708093014189508,30.69829135969135,double,0.6289452373850368
2315.606,10.0,30.085156222152843,30.723383775394396,30.712429217950216,double,0.6382275532415549
2316.089,10.0,30.0920946822944,30.738566078119632,30.72646203362593,double,0.6464713958252322
2316.571,10.0,30.098916481762505,30.753576414015466,30.740331258374443,double,0.65465993225296
2317.053,10.0,30.105889572552268,30.768445728484238,30.75406565020057,double,0.6625561559319704
2317.535,10.0,30.112527073011364,30.783173395858064,30.76766478066132,double,0.6706463228467019
2318.017,10.0,30.118818029778478,30.797758797952966,30.781128227420595,double,0.6789407681744908
2318.499,10.0,30.12468903115981,30.81220132409498,30.794455574242217,double,0.6875122929351662
2318.981,10.0,30.13203369559403,30.826500371145787,30.80764641098262,double,0.6944666755517581
2319.463,10.0,30.139282440207232,30.840655343527835,30.820700333583424,double,0.7013729033206018
2319.946,10.0,30.14616269712502,30.85469456950174,30.8336435990029,double,0.7085318723767164
2320.427,10.0,30.153139909888697,30.86853071992886,30.84639585051505,double,0.7153908100401618
2320.91,10.0,30.15893491651525,30.882278282026498,30.859062749040866,double,0.7233433655112476
2321.392,10.0,30.163946222793946,30.895850847760375,30.87156480827381,double,0.7319046249664285
2321.874,10.0,30.16755500963691,30.909276474058256,30.88392802332505,double,0.7417214644213466
2322.356,10.0,30.17107947672154,30.92255461123168,30.89615202650332,double,0.7514751345101378
2322.838,10.0,30.174407073510906,30.9356847173187,30.908236456149684,double,0.7612776438077951
2323.32,10.0,30.176154628415347,30.948666258105963,30.920180956629984,double,0.7725116296906143
2323.802,10.0,30.176931784294602,30.961498707150316,30.931985178326716,double,0.7845669228557117
2324.284,10.0,30.17863149955803,30.97418154580001,30.9436487776315,double,0.7955500462419829
2324.767,10.0,30.179371938520518,30.9867401083034,30.95519517606935,double,0.807368169782885
2325.249,10.0,30.18032272570729,30.9991218884629,30.96657623028517,double,0.8187991627556124
2325.731,10.0,30.181553912086095,31.011352548209125,30.977815666589866,double,0.8297986361230303
2326.213,10.0,30.181994868884555,31.023431600277306,30.988913165344478,double,0.8414367313927529
2326.695,10.0,30.182741911553173,31.03535856529439,30.999868412879618,double,0.8526166537412172
2327.177,10.0,30.184887635261337,31.047132971797964,31.010681101487215,double,0.8622453365366267
2327.659,10.0,30.187966226024816,31.05875435625468,31.021350929412648,double,0.8707881302298659
2328.141,10.0,30.190307403056867,31.07022226307821,31.03187760084668,double,0.8799148600213469
2328.624,10.0,30.195251990384197,31.081559557326603,31.04228221856814,double,0.886307566942407
2329.106,10.0,30.20017802926275,31.092718853290314,31.052521414846378,double,0.8925408240275601
2329.588,10.0,30.20704231838096,31.10372335183129,31.062616602226868,double,0.8966810334503306
2330.07,10.0,30.214202785931775,31.11457262934029,31.072567508613897,double,0.9003698434085161
2330.552,10.0,30.222741416688176,31.125266270239106,31.08237386781677,double,0.9025248535509289
2331.034,10.0,30.230919278694447,31.1358038669962,31.092035419542107,double,0.904884588301752
2331.516,10.0,30.240760918287922,31.146185020141893,31.10155190938544,double,0.9054241018539688
2331.998,10.0,30.250590382036542,31.156409338282998,31.110923088823426,double,0.9058189562464569
2332.48,10.0,30.261831877708495,31.166476438117343,31.120148715205698,double,0.904644560408846
2332.963,10.0,30.27230664077959,31.17640633951526,31.129247237872754,double,0.904099698735672
2333.445,10.0,30.28100445111026,31.186157557167128,31.138180750460766,double,0.9051531060568663
2333.927,10.0,30.288918380947443,31.195750454551824,31.146968016738924,double,0.90683207360438
2334.409,10.0,30.29550680272417,31.20518468088276,31.15560881748096,double,0.9096778781585879
2334.891,10.0,30.300778618334444,31.214459893529735,31.164102939293493,double,0.9136812751952883
2335.373,10.0,30.303171460942398,31.2235757580308,31.17245017460839,double,0.9204042970884063
2335.855,10.0,30.30377573581043,31.23253194810377,31.180650321674563,double,0.9287562122933413
2336.337,10.0,30.302774366639635,31.24132814565716,31.18870318455025,double,0.9385537790175258
2336.82,10.0,30.30081580045701,31.249981790751256,31.196624820888264,double,0.9491659902942484
2337.302,10.0,30.298499038589277,31.258456748295266,31.204382244222153,double,0.9599577097059886
2337.784,10.0,30.293755994767857,31.26677080769351,31.21199182995299,double,0.9730148129256544
2338.266,10.0,30.28959927729491,31.274923683736546,31.21945340530972,double,0.9853244064416344
2338.748,10.0,30.285780315219874,31.282915099454556,31.22676680329158,double,0.9971347842346823
2339.23,10.0,30.28154559144699,31.290744786126,31.233931862660192,double,1.0091991946790113
2339.712,10.0,30.27855918324192,31.29841248328565,31.24094842793218,double,1.019853300043727
2340.194,10.0,30.27515470461819,31.305917938732307,31.24781634937122,double,1.0307632341141182
2340.677,10.0,30.27555257543829,31.313275973845066,31.25454926833062,double,1.0377233984067757
2341.159,10.0,30.276791760216337,31.320455884518992,31.261119166730957,double,1.0436641243026568
2341.641,10.0,30.281238627165468,31.327472846068243,31.26754000622809,double,1.0462342189027751
2342.123,10.0,30.285775755193576,31.334326639433634,31.273811660010864,double,1.048550884240057
2342.605,10.0,30.293244131263965,31.341017053852383,31.279934006977804,double,1.0477729225884191
2343.087,10.0,30.30193124806546,31.34754388686319,31.285906931729617,double,1.0456126387977271
2343.569,10.0,30.310739707987594,31.353906944311138,31.29173032456199,double,1.0431672363235445
2344.051,10.0,30.321327924910435,31.36010604035193,31.29740408145809,double,1.0387781154414966
2344.533,10.0,30.330318647610405,31.36614099745604,31.30292810408159,double,1.0358223498456332
2345.016,10.0,30.338901889911956,31.372023655270816,31.30831329374695,double,1.0331217653588576
2345.498,10.0,30.34733361848613,31.377729493805106,31.313537264390412,double,1.030395875318979
2345.98,10.0,30.35382315240159,31.383270710427347,31.318611239599868,double,1.029447558025759
2346.462,10.0,30.358177087693328,31.388647160915173,31.32353514370072,double,1.0304700732218453
2346.944,10.0,30.36039296502976,31.393858709374406,31.32830890666337,double,1.033465744344647
2347.426,10.0,30.35974765465763,31.39890522824058,31.332932464096164,double,1.0391575735829495
2347.908,10.0,30.357426516480867,31.40378659827997,31.337405757238635,double,1.0463600817991026
2348.39,10.0,30.353874171623957,31.408502708590234,31.341728732954554,double,1.054628536966279
2348.873,10.0,30.348153891752382,31.413062726026205,31.345909844260213,double,1.06490883427382
2349.354,10.0,30.339342655548517,31.41743874807188,31.349923547643023,double,1.0780960925233618
2349.837,10.0,30.329685409124206,31.421667079625383,31.353803184695384,double,1.0919816705011742
2350.319,10.0,30.320355816175482,31.425720864937624,31.35752415937938,double,1.1053650487621414
2350.801,10.0,30.31163387199912,31.429608960838074,31.361094635039542,double,1.1179750888389517
2351.283,10.0,30.30137688327731,31.433331306420136,31.364514592157132,double,1.131954423142828
2351.765,10.0,30.29030601268979,31.436887849101492,31.367784016791546,double,1.146581836411703
2352.247,10.0,30.27933693323484,31.440278544621385,31.37090290057406,double,1.1609416113865456
2352.729,10.0,30.269332794723358,31.443503357037617,31.3738712407015,double,1.1741705623142584
2353.211,10.0,30.2596228023662,31.44656225872287,31.37668903992994,double,1.1869394563566726
2353.694,10.0,30.24911850462629,31.449461059884143,31.37936168384733,double,1.200342555257855
2354.176,10.0,30.238961777184688,31.45218774618427,31.38187811949116,double,1.2132259689995817
2354.658,10.0,30.22863876116992,31.454748488723755,31.384244055844622,double,1.2261097275538368
2355.14,10.0,30.222336063904276,31.457143293109507,31.386459517851385,double,1.2348072292052314
2355.622,10.0,30.214625522178107,31.45937217323982,31.388524535984114,double,1.2447466510617122
2356.104,10.0,30.20782900753558,31.46143515129841,31.39043914623866,double,1.253606143762831
2356.586,10.0,30.200334124305726,31.4633322577481,31.39220339012815,double,1.2629981334423723
2357.068,10.0,30.194576021778673,31.465063531324034,31.393817314677385,double,1.2704875095453594
2357.551,10.0,30.189054020419594,31.466632094629322,31.395283852888838,double,1.2775780742097287
2358.033,10.0,30.184726479671287,31.468031507939898,31.396596990277537,double,1.283305028268611
2358.515,10.0,30.180247794789096,31.46926525428263,31.397759982550777,double,1.2890174594935355
2358.997,10.0,30.175798955431222,31.47033340542334,31.3987728987348,double,1.2945344499921185
2359.479,10.0,30.171862196868165,31.47123604136021,31.3996358133396,double,1.2993738444920466
2359.961,10.0,30.16925477166239,31.471973250314612,31.400348806353495,double,1.3027184786522206
2360.443,10.0,30.16609041728884,31.472545128721595,31.400911963237803,double,1.3064547114327585
2360.925,10.0,30.165850928144337,31.472951781219848,31.40132537492163,double,1.3071008530755102
2361.407,10.0,30.166101885443354,31.473193320641258,31.401589137796538,double,1.3070914351979046
2361.89,10.0,30.167855381314528,31.473269855391596,31.401703435293864,double,1.3054144740770657
2362.372,10.0,30.171667690940374,31.47318119797433,31.40166790162453,double,1.3015135070339579
2362.854,10.0,30.177081840119257,31.47292781531881,31.40148304128435,double,1.29584597519955
2363.336,10.0,30.183606587465807,31.472509852934838,31.40114897247523,double,1.2889032654690324
2363.818,10.0,30.19220299220845,31.471927464467452,31.400665818836305,double,1.2797244722590029
2364.3,10.0,30.202321363836514,31.471180811684214,31.400033709439057,double,1.2688594478476978
2364.782,10.0,30.214284998372875,31.470270064461957,31.39925277878254,double,1.2559850660890826
2365.264,10.0,30.227957762224634,31.469195400773174,31.39832316678855,double,1.2412376385485424
2365.747,10.0,30.23986328486291,31.467954267325965,31.397242627676313,double,1.2280909824630537
2366.229,10.0,30.253209788360735,31.466551997855074,31.396015786747395,double,1.2133422094943391
2366.711,10.0,30.2669340428617,31.46498639469593,31.39464071706547,double,1.1980523518342334
2367.193,10.0,30.279245230547,31.463257668077127,31.393117580207726,double,1.1840124375301242
2367.675,10.0,30.290642927031985,31.4613660362492,31.39144654315099,double,1.1707231092172143
2368.157,10.0,30.30091854216294,31.459311725468766,31.38962777826711,double,1.1583931833058225
2368.639,10.0,30.310230529922066,31.457094969982137,31.387661463318683,double,1.1468644400600692
2369.121,10.0,30.319633573460337,31.45471601200881,31.3855477814545,double,1.1350824385484737
2369.604,10.0,30.328223009925093,31.452169661954876,31.383282077765962,double,1.1239466520297836
2370.086,10.0,30.33497784564964,31.449466722281578,31.380873928298136,double,1.114488876631936
2370.568,10.0,30.340436261686648,31.446602355005766,31.378318994054162,double,1.1061660933191164
2371.05,10.0,30.34515708021229,31.44357683408108,31.3756174796958,double,1.0984197538687956
2371.532,10.0,30.349469755046954,31.440390441344878,31.372769595249693,double,1.0909206862979248
2372.014,10.0,30.353617156949063,31.437043466499475,31.369775556103228,double,1.0834263095504115
2372.496,10.0,30.357209067314116,31.433536207092715,31.366635583000306,double,1.076327139778599
2372.978,10.0,30.358772254406848,31.429868968498187,31.363349902037328,double,1.0710967140913408
2373.46,10.0,30.36008592281619,31.426042063895228,31.359918744659154,double,1.0659561410790386
2373.943,10.0,30.36048277158148,31.422047378608948,31.356334776935093,double,1.0615646070274654
2374.425,10.0,30.36025539468392,31.417901783084744,31.352613081865183,double,1.0576463884008236
2374.907,10.0,30.36168678214069,31.413597508423628,31.34874663728382,double,1.0519107262829397
2375.389,10.0,30.362418460875645,31.409134898835134,31.3447356960005,double,1.0467164379594884
2375.871,10.0,30.36233547374753,31.404514306228354,31.340580516153288,double,1.0421788324808223
2376.353,10.0,30.361746040589477,31.399736090189545,31.336281361204826,double,1.0379900496000682
2376.835,10.0,30.361403691473278,31.39480061795946,31.331838499938524,double,1.0333969264861853
2377.317,10.0,30.360139991383285,31.38970826441036,31.327252206454638,double,1.029568273027076
2377.799,10.0,30.35858428972487,31.3844594120224,31.322522760166482,double,1.0258751222975315
2378.281,10.0,30.35824166669727,31.37905445086005,31.317650445796573,double,1.0208127841627779
2378.764,10.0,30.35673902535942,31.373482080301873,31.31262500102614,double,1.0167430549424539
2379.246,10.0,30.355669209480162,31.36776578021465,31.307467530996085,double,1.0120965707344887
2379.728,10.0,30.35399995037914,31.361894587672367,31.30216807949797,double,1.0078946372932274
2380.21,10.0,30.35157990196271,31.35586892284681,31.29672695246388,double,1.004289020884097
2380.692,10.0,30.349917708223213,31.349689213369615,31.291144461116193,double,0.9997715051464018
2381.174,10.0,30.34775295185249,31.343355894306267,31.285420921963603,double,0.9956029424537771
2381.656,10.0,30.345207834934705,31.336869408129996,31.279556656797492,double,0.9916615731952905
2382.138,10.0,30.341801496311994,31.33023020469502,31.273551992687963,double,0.9884287083830268
2382.621,10.0,30.337361908816796,31.323424493083486,31.267394368210855,double,0.9860625842666892
2383.103,10.0,30.33416174938713,31.316480919641858,31.26110961898191,double,0.9823191702547307
2383.585,10.0,30.330836364398756,31.30938602350506,31.254685484372008,double,0.9785496591063036
2384.067,10.0,30.326195726253346,31.3021402837931,31.248122312539657,double,0.9759445575397541
2384.549,10.0,30.321853598070515,31.294744186868574,31.24142045690308,double,0.9728905887980588
2385.031,10.0,30.315651287396022,31.287198226308,31.234580276136587,double,0.9715469389119769
2385.513,10.0,30.31029679077554,31.279502902872725,31.22760213416656,double,0.9692061120971873
2385.995,10.0,30.304612337835913,31.27165872447958,31.220486400167637,double,0.9670463866436663
2386.478,10.0,30.298263864607065,31.263649470345094,31.213218258566556,double,0.9653856057380283
2386.96,10.0,30.290688983418885,31.25550882813148,31.205828185509343,double,0.9648198447125944
2387.442,10.0,30.283090346298845,31.24722089844979,31.198301660201523,double,0.9641305521509436
2387.924,10.0,30.276116267580065,31.23878621755288,31.190639072782382,double,0.9626699499728164
2388.406,10.0,30.269856222447096,31.23020532869716,31.182840818619738,double,0.9603491062500635
2388.888,10.0,30.262221721434855,31.221478782111113,31.174907298305797,double,0.9592570606762552
2389.37,10.0,30.255935184526173,31.2126071349638,31.166838917653262,double,0.9566719504376264
2389.852,10.0,30.248513014111573,31.203590951332682,31.15863608769096,double,0.9550779372211105
2390.334,10.0,30.241634985525256,31.194430802171336,31.15029922465993,double,0.9527958166460793
2390.817,10.0,30.23442171202946,31.185107814686415,31.14181103781648,double,0.9506861026569557
2391.299,10.0,30.22747496983308,31.175661179006692,31.133207102328143,double,0.9481862091736126
2391.781,10.0,30.21995587137519,31.166072332820114,31.124470414625844,double,0.9461164614449236
2392.263,10.0,30.213036294007424,31.156341874269007,31.11560141176725,double,0.9433055802615831
2392.745,10.0,30.20540762016779,31.146470408205317,31.106600536000627,double,0.9410627880375277
2393.227,10.0,30.197223653253047,31.136458546156355,31.097468234760363,double,0.9392348929033068
2393.709,10.0,30.188156324610105,31.126306906290313,31.08820496066239,double,0.9381505816802083
2394.191,10.0,30.179578740246672,31.116016113381338,31.078811171499588,double,0.9364373731346687
2394.674,10.0,30.17191803705525,31.105565017640867,31.069267436365593,double,0.9336469805856173
2395.156,10.0,30.163297414781002,31.094997533818226,31.05961374278028,double,0.9317001190372209
2395.638,10.0,30.153972738238384,31.08429281190187,31.049830939511068,double,0.9303200736634876
2396.12,10.0,30.14459994190609,31.07345150274889,31.039919505022173,double,0.9288515608427972
2396.602,10.0,30.13441674059353,31.062474263643598,31.029879922930682,double,0.9280575230500687
2397.084,10.0,30.125888771240707,31.051361758260764,31.019712682001522,double,0.9254729870200595
2397.566,10.0,30.117684743752587,31.04011465662879,31.009418276142398,double,0.9224299128762048
2398.048,10.0,30.106665129165677,31.028733635092507,30.99899720439856,double,0.9220685059268319
2398.531,10.0,30.09559072508134,31.017195349748818,30.988427957928078,double,0.921604624667477
2399.012,10.0,30.08529804158655,31.00557256904244,30.977777085093184,double,0.9202745274558888
2399.495,10.0,30.074473726954132,30.9937693348302,30.966956529001454,double,0.9192956078760695
2399.977,10.0,30.063358521627,30.981859250766043,30.956033628732598,double,0.9185007291390435
2400.459,10.0,30.05228340477798,30.969818723417887,30.944986635772537,double,0.917535318639906
2400.941,10.0,30.04024586219632,30.95764846624348,30.933816079887233,double,0.9174026040471628
2401.423,10.0,30.028572497612437,30.945349198748374,30.922522495940914,double,0.9167767011359351
2401.905,10.0,30.018211958431536,30.932921646446264,30.911106423890004,double,0.914709688014731
2402.387,10.0,30.006356345926726,30.920366540819455,30.899568408777046,double,0.9140101948927282
2402.869,10.0,29.99501905094543,30.907684619278626,30.88790900072422,double,0.912665568333193
2403.352,10.0,29.984666477917827,30.894849921987323,30.876104189360525,double,0.9101834440694956
2403.834,10.0,29.97496536113049,30.88191634513825,30.864203417129133,double,0.9069509840077594
2404.316,10.0,29.965144659888708,30.86885820134608,30.852182933916694,double,0.9037135414573683
2404.798,10.0,29.956079045017642,30.85567625134168,30.840043310109554,double,0.8995972063240376
2405.28,10.0,29.947016402875864,30.842371261580237,30.827785121140682,double,0.8953548587043725
2405.762,10.0,29.937244947272674,30.82894400419959,30.815408947482346,double,0.8916990569269201
2406.244,10.0,29.926939116175493,30.815395256978395,30.802915374638918,double,0.8884561408029013
2406.726,10.0,29.918006734024615,30.801725803294012,30.790304993139678,double,0.8837190692693953
2407.208,10.0,29.907904802375313,30.787936432080198,30.77757839853106,double,0.880031629704886
2407.691,10.0,29.897313106696277,30.773998958713,30.764709428026215,double,0.8766858520167231
2408.173,10.0,29.886079964126754,30.75997189660511,30.751751975898134,double,0.8738919324783545
2408.655,10.0,29.875764060269944,30.74582731835615,30.738680128598272,double,0.8700632580862067
2409.137,10.0,29.866032089130297,30.731566034707914,30.725494501674234,double,0.8655339455776179
2409.619,10.0,29.854817601843408,30.71718886174296,30.71219571565107,double,0.8623712598995525
2410.101,10.0,29.843376269259725,30.70269662084072,30.698784396022504,double,0.8593203515809944
2410.583,10.0,29.831634764410907,30.688090138633704,30.685261173242562,double,0.8564553742227976
2411.065,10.0,29.81885062815649,30.673370246962982,30.671626682716546,double,0.854519618806493
2411.548,10.0,29.8068804853918,30.65850689365124,30.65785293339978,double,0.8516264082594371
2412.03,10.0,29.793196000206233,30.643562468261447,30.64399760585279,double,0.8503664680552137
2412.512,10.0,29.780094952085097,30.628507161499822,30.63003294774636,double,0.8484122094147284
2412.994,10.0,29.7675021802841,30.61334182560511,30.615959614208997,double,0.8458396453210115
2413.476,10.0,29.75463783379811,30.598067317799714,30.601778265273538,double,0.8434294840016066
2413.958,10.0,29.74054734017388,30.5826845002443,30.58748956586713,double,0.8421371600704219
2414.44,10.0,29.72691499900592,30.567194239991764,30.573094185800997,double,0.8402792409858417
2414.922,10.0,29.71351767429361,30.551597408941223,30.558592799759985,double,0.8380797346476121
2415.405,10.0,29.698527677616493,30.535862196680867,30.543955673896804,double,0.8373345190643755
2415.887,10.0,29.684158423948787,30.52005464235118,30.529244103017216,double,0.8358962184023933
2416.369,10.0,29.670455805652697,30.50414316337808,30.514428580787268,double,0.8336873577253878
2416.851,10.0,29.65631041893918,30.488128650590664,30.499509801288184,double,0.8318182316514822
2417.333,10.0,29.64400177113354,30.472011999430627,30.48448846341968,double,0.828010228297088
2417.815,10.0,29.63173042737987,30.455794109905288,30.469365270888094,double,0.8240636825254166
2418.297,10.0,29.61849730212858,30.439475886539963,30.45414093219462,double,0.8209785844113804
2418.779,10.0,29.60549537721302,30.423058238330334,30.438816160622828,double,0.8175628611173158
2419.261,10.0,29.59302306705022,30.406542078694432,30.42339167422648,double,0.8135190116442148
2419.744,10.0,29.581043965264385,30.389893756247748,30.407835887032032,double,0.8088497909833625
2420.226,10.0,29.568882246852013,30.37318313186144,30.392213941056013,double,0.8043008850094235
2420.708,10.0,29.557030101399494,30.356376764283088,30.37649446443349,double,0.7993466628835932
2421.19,10.0,29.54463627959648,30.339475584147134,30.360678194179158,double,0.7948393045506541
2421.672,10.0,29.5310061196258,30.32248052626827,30.344765872011912,double,0.7914744066424673
2422.154,10.0,29.51896238892199,30.305392529592506,30.32875824434096,double,0.7864301406705132
2422.636,10.0,29.507106857351562,30.28821253714812,30.3126560622515,double,0.7811056797965565
2423.118,10.0,29.4946339926888,30.27094149599624,30.296460081490217,double,0.7763075033074385
2423.601,10.0,29.482387413058913,30.253544245226838,30.280137171622425,double,0.7711568321679241
2424.083,10.0,29.469083778222227,30.236093779779548,30.26375568869033,double,0.7670100015573222
2424.565,10.0,29.45663276978558,30.218555132503393,30.247282703748883,double,0.7619223627178151
2425.047,10.0,29.44323384870155,30.200929266102705,30.2307189910503,double,0.7576954174011552
2425.529,10.0,29.43035002296285,30.183217147065633,30.21406532943188,double,0.7528671241027851
2426.011,10.0,29.417289472870827,30.165419745613825,30.197322502299713,double,0.7481302727429973
2426.493,10.0,29.40485894642225,30.147538035652012,30.180491297612257,double,0.7426790892297586
2426.975,10.0,29.392669520698718,30.12957299471758,30.163572507863567,double,0.7369034740188629
2427.458,10.0,29.379913876924828,30.111488076290154,30.146531559123908,double,0.7315741993653258
2427.939,10.0,29.366842975245184,30.09339684793808,30.129475365734194,double,0.7265538726928977
2428.422,10.0,29.354211409736035,30.07514985372429,30.11226289648119,double,0.720938443988256
2428.904,10.0,29.340699342058812,30.056861171477355,30.095001607341125,double,0.7161618294185434
2429.386,10.0,29.325883040343786,30.038494100719475,30.07765676473204,double,0.7126110603756897
2429.868,10.0,29.312342001362087,30.020049639719804,30.06022918800197,double,0.7077076383577185
2430.35,10.0,29.298308989698622,30.001528790021847,30.04271970090856,double,0.7032198003232237
2430.832,10.0,29.283809739813904,29.982932556391717,30.025129131600053,double,0.6991228165778129
2431.314,10.0,29.270925510401426,29.964261946766474,30.007458312595336,double,0.6933364363650496
2431.796,10.0,29.25700666322274,29.94551797220212,29.989708080764487,double,0.6885113089793782
2432.279,10.0,29.24278292230152,29.926662534298607,29.971842207000194,double,0.6838796119970902
2432.761,10.0,29.22804647568406,29.907774728303384,29.95393551705344,double,0.6797282526193216
2433.243,10.0,29.213046340082894,29.888816610848707,29.935951952559524,double,0.6757702707658131
2433.725,10.0,29.19863936996053,29.869789204950415,29.91789236759515,double,0.6711498349898815
2434.207,10.0,29.183792978097856,29.85069353648179,29.899757620483385,double,0.6669005583839316
2434.689,10.0,29.16809436200624,29.831530634120675,29.88154857377161,double,0.6634362721144316
2435.171,10.0,29.15243771599856,29.812301529296914,29.863266094209152,double,0.6598638132983559
2435.653,10.0,29.13771645691776,29.793007256139507,29.844911052724672,double,0.6552907992217472
2436.135,10.0,29.122519870636033,29.773648851423662,29.826484324403257,double,0.6511289807876297
2436.618,10.0,29.107563655904517,29.754186996093836,29.807948338839964,double,0.6466233401893173
2437.1,10.0,29.091441257670112,29.73470332125569,29.78938073445727,double,0.6432620635855757
2437.582,10.0,29.074475601365123,29.715158642700086,29.770744095039948,double,0.6406830413349607
2438.064,10.0,29.05788229881381,29.69555400726056,29.752039312068945,double,0.637671708446752
2438.546,10.0,29.041680879192004,29.675890464150523,29.733267281060783,double,0.6342095849585172
2439.028,10.0,29.026223653091286,29.656169064909875,29.7144289015424,double,0.6299454118185888
2439.51,10.0,29.009559612847585,29.63639086335137,29.695525077025408,double,0.6268312505037843
2439.992,10.0,28.993463277977526,29.61655691550704,29.6765567149801,double,0.6230936375295149
2440.475,10.0,28.978230801760517,29.59662696073131,29.657485175851573,double,0.6183961589707909
2440.957,10.0,28.964710534067123,29.57668458686199,29.638390347711752,double,0.6119740527948669
2441.439,10.0,28.949240758386058,29.556689649786627,29.619233729851814,double,0.6074488914005693
2441.921,10.0,28.93435049837999,29.536643213880083,29.60001624531698,double,0.6022927155000912
2442.403,10.0,28.918762465539466,29.51654634546713,29.580738820975157,double,0.5977838799276658
2442.885,10.0,28.90512868392252,29.49640011276806,29.561402387488734,double,0.5912714288455412
2443.367,10.0,28.89084340356455,29.476205585844863,29.542007879285514,double,0.5853621822803134
2443.849,10.0,28.877596163650505,29.455963836546783,29.522556234529862,double,0.5783676728962794
2444.332,10.0,28.865232082237824,29.435633800155465,29.503007864638285,double,0.5704017179176402
2444.814,10.0,28.85141061936089,29.41530073613895,29.483444662429047,double,0.5638901167780597
2445.296,10.0,28.83801932768124,29.394923677712665,29.463827162254276,double,0.556904350031423
2445.778,10.0,28.826148892056818,29.37450370333562,29.444156316931767,double,0.5483548112788006
2446.26,10.0,28.812427166172494,29.35404189298226,29.424433082863576,double,0.5416147268097637
2446.742,10.0,28.797829623281405,29.33353932808822,29.404658420004615,double,0.5357097048068138
2447.224,10.0,28.78342248278793,29.31299709149554,29.384833291830404,double,0.5295746087076114
2447.706,10.0,28.7683854762362,29.29241626739829,29.36495866530471,double,0.524030791162089
2448.188,10.0,28.75355354807664,29.27179794128793,29.3450355108466,double,0.5182443932112923
2448.671,10.0,28.73764250372534,29.25110031063913,29.325023320536857,double,0.5134578069137918
2449.153,10.0,28.72229458252097,29.230410169731925,29.305005939511013,double,0.5081155872109555
2449.635,10.0,28.706614667181707,29.20968579278461,29.284942964244166,double,0.5030711256029052
2450.117,10.0,28.690364246598232,29.18892826993411,29.264835378646058,double,0.498564023335879
2450.599,10.0,28.672451296576995,29.168138692341106,29.244684169910574,double,0.4956873957641106
2451.081,10.0,28.655151566246325,29.147318152135675,29.224490328480424,double,0.49216658588935314
2451.563,10.0,28.638635643171188,29.12646774236216,29.204254848011235,double,0.48783209919097126
2452.045,10.0,28.62133640197795,29.105588556924754,29.183978725335248,double,0.48425215494680707
2452.528,10.0,28.60520587593386,29.084638287276682,29.163620771021893,double,0.4794324113428228
2453.01,10.0,28.588927834023654,29.063704781371634,29.143266287831228,double,0.47477694734798237
2453.492,10.0,28.57280063010516,29.042745788400737,29.12287417371019,double,0.46994515829557604
2453.974,10.0,28.556177958481133,29.02176240516059,29.102445437831093,double,0.46558444667945675
2454.456,10.0,28.540043730066735,29.0007557290336,29.081981092354383,double,0.4607119989668673
2454.938,10.0,28.524862315165333,28.979726857933123,29.061482152389683,double,0.4548645427677911
2455.42,10.0,28.50913376217008,28.95867689024868,29.04094963595611,double,0.4495431280786
2455.902,10.0,28.493375958461925,28.93760692479144,29.02038456394278,double,0.44423096632951187
2456.385,10.0,28.47977284198604,28.916474289026752,28.99974519645909,double,0.43670144704071046
2456.867,10.0,28.465086956201834,28.895367590084632,28.979118025009853,double,0.4302806338827958
2457.349,10.0,28.451503253915455,28.874244194066122,28.95846137959891,double,0.42274094015066765
2457.831,10.0,28.437458025503084,28.85310520092138,28.93777629219204,double,0.4156471754182989
2458.313,10.0,28.42392962489534,28.83195171074827,28.917063797418308,double,0.40802208585293265
2458.795,10.0,28.409988305401964,28.8107848237379,28.89632493252791,double,0.40079651833593855
2459.277,10.0,28.395663712737385,28.789605640119976,28.875560737348792,double,0.3939419273825906
2459.759,10.0,28.38125521646476,28.768415260108277,28.854772254243162,double,0.38716004364351964
2460.241,10.0,28.367373179407423,28.74721478384602,28.83396052806374,double,0.3798416044385966
2460.724,10.0,28.352971484242083,28.725961299707777,28.813083359860155,double,0.37298981546569077
2461.206,10.0,28.335910480340782,28.704743915579932,28.792228249051767,double,0.368833435239152
2461.688,10.0,28.321665190342806,28.683519736944184,28.771353046409097,double,0.36185454660138117
2462.17,10.0,28.30679751939225,28.662289863116463,28.750458806302724,double,0.3554923437242119
2462.652,10.0,28.291449434271414,28.641055393069752,28.729546585367103,double,0.349605958798338
2463.134,10.0,28.275197081237742,28.619817425380223,28.708617442453832,double,0.3446203441424822
2463.616,10.0,28.258424469138436,28.59857705817261,28.68767243858458,double,0.34015258903417056
2464.098,10.0,28.241305377171606,28.57733538906631,28.666712636903448,double,0.3360300118947057
2464.581,10.0,28.224516479531808,28.55604944539114,28.645695575537626,double,0.33153296585933245
2465.062,10.0,28.208114645598144,28.534852532783628,28.62475290300644,double,0.32673788718548535
2465.545,10.0,28.191608015722526,28.513569476352842,28.60371153205405,double,0.3219614606303156
2466.027,10.0,28.17607726787138,28.492333571377415,28.582703190606296,double,0.31625630350603506
2466.509,10.0,28.159135589341698,28.471101845396397,28.56168539943718,double,0.3119662560546965
2466.991,10.0,28.142240889575294,28.44987539186058,28.5406592334057,double,0.30763450228528666
2467.473,10.0,28.12461208414401,28.42865530333784,28.51962576914794,double,0.30404321919382804
2467.955,10.0,28.10772806849935,28.407442671459275,28.498586085025586,double,0.29971460295992736
2468.438,10.0,28.08995776135404,28.38619460463011,28.47749759502144,double,0.2962368432760709
2468.919,10.0,28.07299974252706,28.365044139155003,28.456492378953314,double,0.292044396627944
2469.402,10.0,28.05636197489636,28.343816479098916,28.435396843497184,double,0.2874545042025556
2469.884,10.0,28.038961219740123,28.32264459514041,28.41434309344252,double,0.28368337540028987
2470.366,10.0,28.022814537812735,28.30148561231287,28.393288541653284,double,0.2786710745001364
2470.848,10.0,28.00630499131056,28.280340615503007,28.37223427575023,double,0.274035624192448
2471.33,10.0,27.989142440421695,28.25921068828786,28.351181384709577,double,0.27006824786616757
2471.812,10.0,27.97341023053192,28.23809691288155,28.33013095880824,double,0.26468668234962967
2472.294,10.0,27.957495948401267,28.217000370082562,28.30908408956886,double,0.25950442168129473
2472.776,10.0,27.941348097254544,28.195922139221008,28.288041869704205,double,0.2545740419664655
2473.259,10.0,27.925210008142397,28.174819628466665,28.26696175564839,double,0.2496096203242648
2473.741,10.0,27.909765119577322,28.153781296911767,28.24593213247822,double,0.24401617733444403
2474.223,10.0,27.89478579212965,28.132764508176187,28.22491044567574,double,0.23797871604653853
2474.705,10.0,27.880760950058676,28.111770335187636,28.203897792153,double,0.23100938512896074
2475.187,10.0,27.865926589503502,28.090799849143256,28.18289526972827,double,0.2248732596397518
2475.669,10.0,27.851025188416443,28.069854119457638,28.161903977068057,double,0.21882893104119283
2476.151,10.0,27.83798480274954,28.04893421371051,28.140925013628724,double,0.21094941096096997
2476.633,10.0,27.825018063191443,28.02804119759543,28.1199594795976,double,0.2030231344039901
2477.115,10.0,27.81056493139652,28.007176134867656,28.099008475833724,double,0.19661120347113648
2477.598,10.0,27.797040213474588,27.98629688987497,28.078029686440054,double,0.18925667640038446
2478.08,10.0,27.78345574742443,27.965490980673515,28.05711108403961,double,0.18203523324908377
2478.562,10.0,27.770518173237967,27.944716206173204,28.036210320203615,double,0.1741980329352355
2479.044,10.0,27.756535618006893,27.923973621857634,28.015328497878656,double,0.16743800385073948
2479.526,10.0,27.743886012211572,27.903264281015705,27.994466720380817,double,0.15937826880413342
2480.008,10.0,27.729526770350923,27.882589234690336,27.973626091334125,double,0.15306246433941517
2480.49,10.0,27.717024578592397,27.861949531628028,27.952807714608497,double,0.14492495303563002
2480.972,10.0,27.70249693255741,27.84134621822808,27.932012694257434,double,0.13884928567067245
2481.455,10.0,27.687762435146148,27.820737710327027,27.91119906820041,double,0.13297527518087993
2481.937,10.0,27.67309305338257,27.800210386713804,27.89045412736646,double,0.12711733333123365
2482.419,10.0,27.65898482700579,27.779722579526712,27.869735857831234,double,0.12073775252092189
2482.901,10.0,27.644354857430507,27.759275325267723,27.84904536375156,double,0.1149204678372151
2483.383,10.0,27.630915902434044,27.738869657840574,27.828383749150596,double,0.1079537554065313
2483.865,10.0,27.6172613985024,27.71850660850108,27.807752117853262,double,0.10124520999867936
2484.347,10.0,27.602071051658434,27.698187205807546,27.78715157342111,double,0.09611615414911179
2484.829,10.0,27.58757507755691,27.677912475571542,27.766583219087725,double,0.09033739801463381
2485.312,10.0,27.573665023854815,27.65764152006517,27.746005589203428,double,0.08397649621035286
2485.794,10.0,27.560035476636696,27.63745929892425,27.725504995631255,double,0.0774238222875534
2486.276,10.0,27.546699495087502,27.617324812810228,27.705039901516294,double,0.07062531772272784
2486.758,10.0,27.531618736789394,27.597239076050496,27.684611408118588,double,0.06562033926110211
2487.24,10.0,27.517603400782715,27.577203099980935,27.664220616038694,double,0.05959969919822061
2487.722,10.0,27.50417633958138,27.55721789289769,27.64386862515068,double,0.053041553316307555
2488.204,10.0,27.491217679914076,27.53728446000893,27.623556534534554,double,0.04606678009485554
2488.686,10.0,27.47677389023464,27.517403803386852,27.603285442408566,double,0.04062991315221254
2489.168,10.0,27.463375429428687,27.49757692191985,27.58305644606106,double,0.03420149249116489
2489.651,10.0,27.44975837376988,27.47776384791141,27.562828808178292,double,0.02800547414153476
2490.133,10.0,27.436934454667846,27.458047617166887,27.54268738421175,double,0.02111316249904238
2490.615,10.0,27.42334198749927,27.43838814071269,27.522591343893865,double,0.01504615321341607
2491.097,10.0,27.410501536061314,27.4187864042204,27.502541780104938,double,0.008284868159080805
2491.579,10.0,27.39688168309539,27.399243389941287,27.48253978445101,double,0.002361706845893652
2492.061,10.0,27.383745133614152,27.379760076659853,27.46258644719394,double,-0.003985056954297628
2492.543,10.0,27.369856264214814,27.360337439647132,27.442682857181588,double,-0.009518824567683604
2493.025,10.0,27.354993423250107,27.34097645061442,27.422830101777596,double,-0.014016972635688685
2493.508,10.0,27.339963749143532,27.321638105308143,27.402988240943948,double,-0.018325643835387373
2493.99,10.0,27.327735795425255,27.302403445810636,27.383240521652308,double,-0.02533234961462072
2494.472,10.0,27.313494885822664,27.283233329598854,27.36354689169329,double,-0.03026155622380955
2494.954,10.0,27.301457400914188,27.264128713678964,27.343908431783593,double,-0.03732868723522187
2495.436,10.0,27.288010788760275,27.24509055126904,27.324326220800987,double,-0.04292023749123408
2495.918,10.0,27.274980860566323,27.226119791753966,27.3048013357131,double,-0.04886106881235586
2496.4,10.0,27.26176751531807,27.207217380640646,27.285334851505628,double,-0.054550134677422424
2496.882,10.0,27.24893036930836,27.188384259513555,27.26592784111049,double,-0.06054610979480679
2497.365,10.0,27.235833963881117,27.16958251247489,27.24654130111549,double,-0.06625145140622957
2497.846,10.0,27.22350966399033,27.150929633676846,27.22729652278283,double,-0.07258003031348492
2498.329,10.0,27.210391274445385,27.132271437743995,27.20803453566199,double,-0.07811983670139022
2498.811,10.0,27.196087372448215,27.113724964851194,27.18887623958407,double,-0.08236240759701974
2499.293,10.0,27.182533037994784,27.095252431389934,27.1697827508414,double,-0.08728060660485037
2499.775,10.0,27.17019601257462,27.076854754476447,27.150755128518036,double,-0.09334125809817295
2500.257,10.0,27.15674661833456,27.058532844188704,27.131794426029497,double,-0.09821377414585553
2500.739,10.0,27.143906163720338,27.040287594695528,27.112901681236036,double,-0.10361856902481037
2501.221,10.0,27.130643581864746,27.022119909022823,27.094077943778483,double,-0.10852367284192033
2501.703,10.0,27.116960428585337,27.00403068803563,27.07532426294023,double,-0.11292974054970539
2502.186,10.0,27.10245459206598,26.985983546470237,27.056602999262157,double,-0.11647104559573962
2502.668,10.0,27.088940247228276,26.96805410727372,27.037992718829212,double,-0.12088613995455688
2503.15,10.0,27.074880785332233,26.950205810689866,27.019455627665078,double,-0.12467497464236921
2503.632,10.0,27.063033553539327,26.932439539765447,27.000992763229693,double,-0.13059401377388258
2504.114,10.0,27.05050136002735,26.914756172991016,26.982605159843843,double,-0.13574518703633465
2504.596,10.0,27.03769885113464,26.897156584260106,26.9642938486151,double,-0.14054226687453264
2505.078,10.0,27.025389283522145,26.8796416428282,26.946059857363693,double,-0.14574764069394397
2505.56,10.0,27.014734796004696,26.862212213272503,26.92790421054839,double,-0.1525225827321952
2506.042,10.0,27.00336041289822,26.844869155451335,26.909827929192264,double,-0.15849125744688553
2506.525,10.0,26.992666341574523,26.82757761524791,26.891794779181566,double,-0.1650887263266121
2507.007,10.0,26.981047293940787,26.810410045009615,26.873880447623943,double,-0.17063724893117138
2507.489,10.0,26.97093103421787,26.79333139911898,26.85604852533067,double,-0.17759963509889065
2507.971,10.0,26.962426927620637,26.77634251815174,26.838300018831962,double,-0.18608440946889515
2508.453,10.0,26.95477919476696,26.75944423776746,26.82063593085112,double,-0.19533495699949888
2508.935,10.0,26.946237435623466,26.742637388670587,26.803057260230183,double,-0.2036000469528787
2509.417,10.0,26.93911336577313,26.725922796572277,26.78556500185581,double,-0.2131905692008551
2509.899,10.0,26.930289109426685,26.70930128215182,26.76816014658492,double,-0.22098782727486554
2510.382,10.0,26.922354572198447,26.692739469513672,26.75080784745745,double,-0.22961510268477703
2510.864,10.0,26.913209873322934,26.67630674949143,26.733580940914337,double,-0.23690312383150558
2511.346,10.0,26.904135015075386,26.659969540283413,26.716444387152695,double,-0.24416547479197415
2511.828,10.0,26.896431159408486,26.643728642055407,26.69939916016165,double,-0.25270251735307614
2512.31,10.0,26.888101982808223,26.627584849754637,26.682446229530633,double,-0.2605171330535838
2512.792,10.0,26.87821929321676,26.61153895307343,26.665586560375548,double,-0.2666803401433271
2513.274,10.0,26.869348239512643,26.595591736412615,26.64882111326539,double,-0.27375650310002553
2513.756,10.0,26.85920680256452,26.579743978845947,26.632150844148523,double,-0.2794628237185681
2514.239,10.0,26.84943025344934,26.563963887596476,26.615542418680466,double,-0.28546636585286556
2514.721,10.0,26.839405477577156,26.54831757429261,26.599065556928466,double,-0.2910879032845426
2515.203,10.0,26.82933758708166,26.532773026561863,26.582686714506504,double,-0.2965645605197964
2515.685,10.0,26.81784524827895,26.517331001803484,26.566406828137666,double,-0.300514246475464
2516.167,10.0,26.805595561891042,26.5019922519137,26.550226829558664,double,-0.3036033099773461
2516.649,10.0,26.793312246604362,26.486757523251676,26.534147645447288,double,-0.30655472335268663
2517.131,10.0,26.78315180966837,26.47162755660537,26.518170197349832,double,-0.31152425306300024
2517.613,10.0,26.772272619571297,26.456603087158026,26.502295401608976,double,-0.3156695324132708
2518.095,10.0,26.761700591159933,26.44168484445465,26.486524169291535,double,-0.3200157467052822
2518.578,10.0,26.750312744674954,26.426842935221362,26.470825011679544,double,-0.3234698094535915
2519.06,10.0,26.738677585429322,26.41213953604537,26.455263837488317,double,-0.3265380493839509
2519.542,10.0,26.728073905626516,26.397544519562445,26.439808929399778,double,-0.33052938606407123
2520.024,10.0,26.716255084836742,26.383058592425456,26.42446117664988,double,-0.33319649241128624
2520.506,10.0,26.704367318200084,26.368682455486532,26.40922146284175,double,-0.33568486271355336
2520.988,10.0,26.693267912386553,26.354416803765684,26.39409066587497,double,-0.338851108620869
2521.47,10.0,26.682038110074892,26.340262326419563,26.379069657875387,double,-0.34177578365532923
2521.952,10.0,26.672017926964365,26.326219706710457,26.36415930512488,double,-0.3457982202539067
2522.435,10.0,26.661580015825727,26.312260838831413,26.34932988152392,double,-0.3493191769943116
2522.917,10.0,26.652077061914305,26.298444196014582,26.334643648409756,double,-0.3536328658997223
2523.399,10.0,26.642194867430536,26.284741426324924,26.32007063538436,double,-0.3574534411056096
2523.881,10.0,26.63324533622516,26.271153189131464,26.305611684646518,double,-0.3620921470936955
2524.363,10.0,26.623624993491823,26.257680137758722,26.291267632205223,double,-0.3659448557331024
2524.845,10.0,26.614999670047588,26.24432291945765,26.2770393078115,double,-0.37067675058993776
2525.327,10.0,26.60649840833963,26.231082175376784,26.262927534890746,double,-0.3754162329628441
2525.809,10.0,26.598272873306765,26.217958540533825,26.24893313047498,double,-0.3803143327729408
2526.292,10.0,26.591428607486158,26.20492578342073,26.235028239692582,double,-0.3865028240654267
2526.773,10.0,26.58305761397721,26.1920651078101,26.221299662919296,double,-0.39099250616710934
2527.256,10.0,26.576466518754238,26.179270182374093,26.207634032848524,double,-0.3971963363801456
2527.738,10.0,26.570508147566045,26.166621459802506,26.194117393537407,double,-0.4038866877635383
2528.22,10.0,26.563305345832806,26.154092929868217,26.180722111280787,double,-0.40921241596458824
2528.702,10.0,26.55700096990096,26.141685190211277,26.167448963343343,double,-0.41531577968968447
2529.184,10.0,26.55052254358385,26.129398832150862,26.15429872013555,double,-0.42112371143298577
2529.666,10.0,26.543481384706304,26.117234440659075,26.141272145149518,double,-0.4262469440472261
2530.148,10.0,26.53657867262318,26.10519259433559,26.128369994895294,double,-0.4313860782875878
2530.63,10.0,26.528633308578282,26.09327386538244,26.1155930188377,double,-0.43535944319584297
2531.113,10.0,26.52088057292251,26.081454477486933,26.102915843723302,double,-0.43942609543558
2531.595,10.0,26.515564454605183,26.06978393250689,26.090391699481565,double,-0.44578052209829355
2532.077,10.0,26.5080218942371,26.058238184009998,26.07799493643743,double,-0.44978371022710295
2532.559,10.0,26.50000890973007,26.046817778348508,26.065726275237193,double,-0.45319113138156397
2533.041,10.0,26.491438214543493,26.035523255355663,26.05358642917313,double,-0.45591495918783087
2533.523,10.0,26.482731216402133,26.02435514832272,26.04157610412318,double,-0.45837606807941356
2534.005,10.0,26.474169290839388,26.013313983975973,26.029695998491487,double,-0.4608553068634169
2534.487,10.0,26.465241355809553,26.00240028245412,26.017946803149094,double,-0.46284107335543556
2534.969,10.0,26.45710159760346,25.99161455728621,26.006329201375443,double,-0.46548704031725285
2535.452,10.0,26.450006079313447,25.980935338815325,25.994820178267663,double,-0.46907074049812314
2535.934,10.0,26.442043163996427,25.97040734851033,25.983468059306265,double,-0.47163581548609335
2536.416,10.0,26.433919995386862,25.960008836287884,25.97224953898688,double,-0.4739111590989775
2536.898,10.0,26.425936081959822,25.949740289008815,25.961165269632176,double,-0.47619579295100634
2537.38,10.0,26.418973115887418,25.93960218681812,25.95021589568891,double,-0.4793709290692949
2537.862,10.0,26.412060245684167,25.929595003124952,25.939402053672943,double,-0.48246524255921575
2538.344,10.0,26.4043050131025,25.91971920458259,25.928724372114857,double,-0.4845858085199106
2538.826,10.0,26.397627783619242,25.909975251069227,25.918183471506097,double,-0.48765253255001473
2539.309,10.0,26.39118311286588,25.9003437923089,25.907758523446432,double,-0.49083932055697943
2539.791,10.0,26.384673131347018,25.890865157153865,25.897493300713805,double,-0.4938079741931556
2540.273,10.0,26.376653576541685,25.8815197067255,25.88736667287011,double,-0.4951338698161889
2540.755,10.0,26.370074814023738,25.87230787359882,25.877379227708353,double,-0.4977669404249152
2541.237,10.0,26.364776368565142,25.863230083481227,25.86753154472301,double,-0.5015462850839147
2541.719,10.0,26.360271527614593,25.85428675519529,25.85782419506044,double,-0.5059847724193045
2542.201,10.0,26.35465273307217,25.845478300661483,25.84825774146958,double,-0.5091744324106862
2542.683,10.0,26.34873633813335,25.836805124881668,25.838832738253593,double,-0.5119312132516818
2543.166,10.0,26.342917611874878,25.82825005457734,25.82953061985013,double,-0.5146675572975379
2543.648,10.0,26.338003442965995,25.819848906255245,25.820390442537207,double,-0.5181545367107521
2544.13,10.0,26.332815639754344,25.811584210808512,25.811393328447906,double,-0.5212314289458286
2544.612,10.0,26.328457509120312,25.803456345389677,25.80253979761393,double,-0.5250011637306373
2545.094,10.0,26.323448273133852,25.795465680154305,25.793830361389738,double,-0.5279825929795479
2545.576,10.0,26.320631032069038,25.78761257824639,25.785265522408316,double,-0.5330184538226479
2546.058,10.0,26.317379905443488,25.77989739578411,25.776845774537804,double,-0.537482509659376
2546.54,10.0,26.31323336364655,25.772320481845924,25.768571602838996,double,-0.5409128818006259
2547.022,10.0,26.309134736201912,25.764882178457015,25.760443483523566,double,-0.5442525577448953
2547.505,10.0,26.304821633534303,25.75756782134221,25.75244547720383,double,-0.5472538121920945
2547.987,10.0,26.300976540851522,25.75040802613387,25.74461116109293,double,-0.5505685147176531
2548.469,10.0,26.297595859740184,25.74338782575911,25.736924273421756,double,-0.554208033981074
2548.951,10.0,26.29488465146837,25.736507533887256,25.729385254584038,double,-0.5583771175811159
2549.433,10.0,26.29202525757212,25.72976745707188,25.72199453592683,double,-0.5622578005002432
2549.915,10.0,26.2902794400385,25.72316789473974,25.714752539713654,double,-0.5671115452987596
2550.397,10.0,26.28686539150882,25.71670913917935,25.707659679088124,double,-0.5701562523294679
2550.879,10.0,26.284998841758593,25.71039147553068,25.70071635803859,double,-0.5746073662279139
2551.362,10.0,26.282545689533897,25.704202515029717,25.693909033325646,double,-0.5783431745041812
2551.844,10.0,26.281098036388993,25.698168156114903,25.687266278861337,double,-0.5829298802740912
2552.326,10.0,26.280266303337115,25.69227570207723,25.680774221435577,double,-0.5879906012598857
2552.808,10.0,26.278074510370185,25.686525409347116,25.674433228058646,double,-0.59154910102307
2553.29,10.0,26.276157079367046,25.680917527158286,25.66824365642083,double,-0.5952395522087595
2553.772,10.0,26.272295400691753,25.67545229753907,25.66220585486207,double,-0.5968431031526833
2554.254,10.0,26.269545402614085,25.670129955304432,25.656320162342507,double,-0.5994154473096536
2554.736,10.0,26.265611291991174,25.664950728047998,25.650586908413725,double,-0.6006605639431783
2555.219,10.0,26.263811184275532,25.659904537371926,25.644994994409508,double,-0.603906646903607
2555.7,10.0,26.262145320066814,25.655022492693753,25.639578987326793,double,-0.6071228273730633
2556.183,10.0,26.259169469453003,25.650264201338246,25.634294149592286,double,-0.6089052681147566
2556.665,10.0,26.256745722617126,25.645659864111735,25.629174075516868,double,-0.6110858585053891
2557.147,10.0,26.254112529374122,25.641199671654057,25.62420794629674,double,-0.612912857720066
2557.629,10.0,26.253690789155705,25.63688380807232,25.619396034460195,double,-0.6168069810833843
2558.111,10.0,26.252304535542592,25.632712450207805,25.614738602951036,double,-0.6195920853347858
2558.593,10.0,26.250248789229524,25.62868576763102,25.610235905107125,double,-0.6215630215985035
2559.075,10.0,26.247712983614193,25.624803922637142,25.60588818463968,double,-0.6229090609770505
2559.557,10.0,26.246134202004324,25.621067070241754,25.601695675613524,double,-0.6250671317625689
2560.04,10.0,26.24501084623124,25.617468057463867,25.59765038848348,double,-0.6275427887673712
2560.522,10.0,26.242652915579,25.614021927728636,25.593769288998768,double,-0.6286309878503649
2561.004,10.0,26.24094282368801,25.610721212193567,25.590044045503333,double,-0.6302216114944414
2561.486,10.0,26.23859915813335,25.607566036706135,25.58647485327733,double,-0.6310331214272158
2561.968,10.0,26.237984233170263,25.604556519818665,25.583061897869573,double,-0.6334277133515975
2562.45,10.0,26.2365189228942,25.601692772786343,25.579805355083383,double,-0.6348261501078534
2562.932,10.0,26.235142196670107,25.59897489956544,25.576705390963223,double,-0.6361672971046672
2563.414,10.0,26.235500769723004,25.596402996812103,25.573762161782426,double,-0.6390977729109015
2563.896,10.0,26.235014980475345,25.593977153881287,25.570975814031716,double,-0.6410378265940597
2564.379,10.0,26.23485022081108,25.59169287512305,25.568341192677636,double,-0.643157345688028
2564.861,10.0,26.234825121103324,25.589559694121668,25.565869334229703,double,-0.645265426981656
2565.343,10.0,26.235257504846878,25.587572797329074,25.56355473812123,double,-0.6476847075178038
2565.825,10.0,26.23521664637382,25.585732244878212,25.56139751159685,double,-0.6494844014956092
2566.307,10.0,26.235581434417103,25.584038089601485,25.55939775207563,double,-0.6515433448156194
2566.789,10.0,26.234999238342677,25.582490377031952,25.5575555471453,double,-0.6525088613107244
2567.271,10.0,26.234055896443596,25.581089145404967,25.555870974557347,double,-0.6529667510386306
2567.753,10.0,26.2325209239752,25.579834425660053,25.554344102223276,double,-0.652686498315147
2568.236,10.0,26.231533600223557,25.578724094641515,25.552972311750455,double,-0.6528095055820415
2568.718,10.0,26.2320853903449,25.577762766369073,25.551761331727374,double,-0.6543226239758282
2569.2,10.0,26.23092463599461,25.576947999057932,25.550708196697023,double,-0.6539766369366817
2569.682,10.0,26.231428639713894,25.576279794475536,25.54981293517035,double,-0.6551488452383569
2570.164,10.0,26.23102080566192,25.575758147108385,25.549075565813062,double,-0.6552626585535348
2570.646,10.0,26.23036016161703,25.575383044166266,25.548496097447458,double,-0.6549771174507613
2571.128,10.0,26.23046620651438,25.575154465586493,25.548074529055093,double,-0.6553117409278886
2571.61,10.0,26.23124601640214,25.575072384038855,25.54781084978055,double,-0.6561736323632827
2572.093,10.0,26.231775214461596,25.575137050720375,25.547704983495734,double,-0.6566381637412189
2572.575,10.0,26.230595654901478,25.57534815593052,25.5477573379928,double,-0.6552474989709567
2573.057,10.0,26.229925511666575,25.57570563252014,25.54796748997674,double,-0.6542198791464338
2573.539,10.0,26.23001246478822,25.576209424128436,25.548335389279714,double,-0.6538030406597839
2574.021,10.0,26.23282325693606,25.576859467156197,25.548860975929532,double,-0.655963789779862
2574.503,10.0,26.2340722012904,25.577655690772794,25.549544180159018,double,-0.6564165105176045
2574.985,10.0,26.23603403506125,25.578598016923248,25.55038492241628,double,-0.6574360181380023
2575.467,10.0,26.238224184544517,25.5796863603361,25.551383113376136,double,-0.6585378242084161
2575.949,10.0,26.241235147314256,25.580920628531047,25.552538653951963,double,-0.6603145187832116
2576.432,10.0,26.244529268094922,25.582303736603468,25.553854322292402,double,-0.662225531491456
2576.914,10.0,26.2466782348944,25.583829850333206,25.55532455171134,double,-0.6628483845611932
2577.396,10.0,26.250384669840297,25.58550156799313,25.556951774778092,double,-0.664883101847169
2577.878,10.0,26.254416108974688,25.5873187683401,25.558735853480997,double,-0.667097340634587
2578.36,10.0,26.256088945293836,25.589281322967295,25.560676640121937,double,-0.6668076223265429
2578.842,10.0,26.259957316265627,25.59138909631431,25.562773977333908,double,-0.6685682199513154
2579.324,10.0,26.262754232662633,25.593641945677636,25.56502769809972,double,-0.6691122869849964
2579.806,10.0,26.26594567571147,25.59603972122123,25.56743762577155,double,-0.6699059544902408
2580.289,10.0,26.269122212211627,25.598587691351522,25.570009059684356,double,-0.6705345208601055
2580.771,10.0,26.27247959693606,25.6012751411091,25.572731155883023,double,-0.6712044558269625
2581.253,10.0,26.275700419390308,25.604107024494628,25.57560887103316,double,-0.6715933948956809
2581.735,10.0,26.27935846325622,25.607083163242056,25.57864199015808,double,-0.6722753000141635
2582.217,10.0,26.283268243823514,25.610203372011853,25.581830288761598,double,-0.6730648718116627
2582.699,10.0,26.28703134743257,25.613467458403726,25.585173532853084,double,-0.6735638890288442
2583.181,10.0,26.290895638530763,25.61687522296989,25.588671478973367,double,-0.674020415560872
2583.663,10.0,26.29394034383059,25.620426459228373,25.59232387422117,double,-0.6735138846022171
2584.146,10.0,26.298131241483542,25.624128767368003,25.59613851384387,double,-0.674002474115537
2584.627,10.0,26.30146755718786,25.627958485807778,25.600090953450945,double,-0.6735090713800795
2585.11,10.0,26.305135193195543,25.631947234381453,25.604213779717256,double,-0.6731879588140921
2585.592,10.0,26.309401862154996,25.636070447951436,25.608481572438645,double,-0.6733314142035596
2586.074,10.0,26.31397376704831,25.64033599528069,25.61290240851549,double,-0.6736377717676212
2586.556,10.0,26.316935706162475,25.64474362797049,25.617475978984565,double,-0.6721920781919855
2587.038,10.0,26.320166013486773,25.649293090692105,25.622201965651715,double,-0.6708729227946686
2587.52,10.0,26.323574353646546,25.653984121202544,25.62708004112535,double,-0.6695902324440006
2588.002,10.0,26.32680798624539,25.6588164503615,25.63210986885091,double,-0.6679915358838939
2588.484,10.0,26.330383062781948,25.663789802147818,25.637291103145888,double,-0.6665932606341296
2588.967,10.0,26.33300907719392,25.66891464992402,25.642634608837223,double,-0.6640944272699012
2589.449,10.0,26.336967466415278,25.67416948254942,25.648117895139322,double,-0.6627979838658593
2589.931,10.0,26.34099339245937,25.679564468005772,25.653751495777545,double,-0.6614289244535998
2590.413,10.0,26.344995228393238,25.685099302910004,25.659535028907477,double,-0.6598959254832337
2590.895,10.0,26.34901221007389,25.6907736770876,25.665468103745116,double,-0.6582385329862939
2591.377,10.0,26.353717245975396,25.696587273591188,25.67155032060654,double,-0.6571299723842072
2591.859,10.0,26.35688926927705,25.702539768719856,25.677781270949097,double,-0.6543495005571942
2592.341,10.0,26.359934890921295,25.70863083203834,25.684160537412488,double,-0.6513040588829511
2592.823,10.0,26.362361821010282,25.714860126397227,25.690687693861513,double,-0.6475016946130563
2593.306,10.0,26.367835645996635,25.72124066096396,25.69737630614355,double,-0.6465949850326724
2593.788,10.0,26.37115000590562,25.727745664174627,25.704198233809798,double,-0.6434043417309909
2594.27,10.0,26.375991579103108,25.734387846144823,25.711166719892407,double,-0.6416037329582847
2594.752,10.0,26.380162291516907,25.741166843057627,25.718281303576052,double,-0.6389954484592786
2595.234,10.0,26.38370039645168,25.748082284485253,25.725541515493,double,-0.6356181119664295
2595.716,10.0,26.3878990642998,25.755133793410756,25.73294687777004,double,-0.6327652708890408
2596.198,10.0,26.392535934011597,25.762320986250188,25.740496904075872,double,-0.6302149477614094
2596.68,10.0,26.398144295552704,25.769643472874627,25.74819109966921,double,-0.6285008226780797
2597.163,10.0,26.40197783203668,25.777116468330075,25.756045371558855,double,-0.6248613637066025
2597.645,10.0,26.40778043472249,25.784708624681425,25.76402668457265,double,-0.6230718100410648
2598.127,10.0,26.41349794114983,25.7924348645331,25.77215063159551,double,-0.6210630766167347
2598.609,10.0,26.42002908224398,25.800294771792444,25.780416684724482,double,-0.6197343104515363
2599.091,10.0,26.42469621648505,25.808287923938337,25.788824307897862,double,-0.6164082925467107
2599.573,10.0,26.43116748996266,25.816413892044775,25.797372956947186,double,-0.6147535979178831
2600.055,10.0,26.43693975462541,25.824672240805835,25.806062079650122,double,-0.6122675138195754
2600.537,10.0,26.442977696753022,25.833062528560134,25.814891115783915,double,-0.6099151681928872
2601.02,10.0,26.44805253767425,25.84160212372506,25.82387824823061,double,-0.6064504139491889
2601.502,10.0,26.45465106995254,25.850255210568985,25.83298568612602,double,-0.6043958593835552
2601.984,10.0,26.460697359160747,25.8590388725791,25.8422313081061,double,-0.6016584865816466
2602.466,10.0,26.467618376616507,25.867952642912662,25.851614522477355,double,-0.5996657337038469
2602.948,10.0,26.474624240309495,25.876996048499766,25.861134729822567,double,-0.5976281918097293
2603.43,10.0,26.482034045594165,25.88616861006972,25.87079132305775,double,-0.5958654355244453
2603.912,10.0,26.49084076512798,25.895469842177988,25.880583687489846,double,-0.5953709229499948
2604.394,10.0,26.498368921296457,25.904899253233232,25.89051120087508,double,-0.5934696680632234
2604.876,10.0,26.50671058940951,25.91445634552465,25.90057323347742,double,-0.5922542438848599
2605.359,10.0,26.5152353557691,25.924160838943404,25.910790440202113,double,-0.5910745168256959
2605.841,10.0,26.523446387362792,25.933972038497256,25.921119868110807,double,-0.5894743488655374
2606.323,10.0,26.531680503223846,25.943909388639764,25.93158188031192,double,-0.5877711145840847
2606.805,10.0,26.54036159707257,25.953972367449563,25.942175817684532,double,-0.5863892296230078
2607.287,10.0,26.549346336410217,25.964160447027,25.952901013917383,double,-0.5851858893832163
2607.769,10.0,26.559363107346606,25.974473093523308,25.96375679557097,double,-0.5848900138232971
2608.251,10.0,26.56689429377699,25.984909767169995,25.9747424821397,double,-0.5819845266069934
2608.733,10.0,26.575108283323956,25.995469922308324,25.98585738611483,double,-0.579638361015633
2609.216,10.0,26.583133914603152,26.006175298896107,25.997124272773558,double,-0.5769586157070461
2609.698,10.0,26.59114371182128,26.016981009932817,26.008495785796086,double,-0.5741627018884643
2610.18,10.0,26.5995250380211,26.027908529270462,26.019994410838894,double,-0.5716165087506386
2610.662,10.0,26.60673417706144,26.03895728797966,26.03161943300407,double,-0.5677768890817836
2611.144,10.0,26.613368546673133,26.050126711393208,26.043370130711697,double,-0.5632418352799262
2611.626,10.0,26.619203991423866,26.061416219137275,26.055245775765002,double,-0.5577877722865943
2612.108,10.0,26.627241413478675,26.072825225162987,26.06724563341654,double,-0.5544161883156873
2612.59,10.0,26.633727920658366,26.084353137778127,26.079368962434334,double,-0.5493747828802409
2613.073,10.0,26.639843080325676,26.09602364453022,26.091640548965756,double,-0.5438194357954562
2613.554,10.0,26.645239142119586,26.10776328798411,26.10398303761813,double,-0.5374758541354774
2614.037,10.0,26.65251894567303,26.11966908499386,26.11649830623476,double,-0.5328498606791743
2614.519,10.0,26.65853052290733,26.13166683633205,26.12910823012774,double,-0.5268636865752796
2615.001,10.0,26.665674920922296,26.143780450989006,26.14183782269516,double,-0.5218944699332873
2615.483,10.0,26.672054214341244,26.156009304083227,26.154686305197483,double,-0.5160449102580178
2615.965,10.0,26.678747491979028,26.168352765319792,26.16765289288498,double,-0.5103947266592357
2616.447,10.0,26.684402519123328,26.180810199023963,26.180736795066583,double,-0.5035923200993664
2616.929,10.0,26.69072263709582,26.193380964175333,26.193937215179155,double,-0.49734167292048714
2617.411,10.0,26.697655252435087,26.20606441444202,26.20725335085734,double,-0.4915908379930667
2617.894,10.0,26.705665715296856,26.2188865608659,26.220712378120492,double,-0.4867791544309552
2618.376,10.0,26.712903451859702,26.231793651680803,26.234257750833557,double,-0.4811098001789027
2618.858,10.0,26.719798459714895,26.244811455715052,26.24791639619718,double,-0.47498700399984384
2619.34,10.0,26.728386418378054,26.257939305728495,26.261687489327233,double,-0.47044711264955796
2619.822,10.0,26.73722927367384,26.271176529344743,26.275570199889692,double,-0.4660527443290985
2620.304,10.0,26.746986423392716,26.284522449087262,26.289563692171953,double,-0.46246397430545483
2620.786,10.0,26.75748904459304,26.2979763824147,26.303667125153922,double,-0.45951266217834075
2621.268,10.0,26.766876407119078,26.31153764175774,26.317879652579922,double,-0.455338765361335
2621.75,10.0,26.777156829964667,26.325205534555085,26.33220042303034,double,-0.45195129540958057
2622.233,10.0,26.78776332193655,26.3390080493322,26.34665862496054,double,-0.44875527260434533
2622.715,10.0,26.797946684910563,26.352887329163956,26.361193527013103,double,-0.4450593557466076
2623.197,10.0,26.808447753662712,26.36687113371069,26.37583408576645,double,-0.44157661995202213
2623.679,10.0,26.818508719556128,26.38095875080261,26.390579429857375,double,-0.43754996875352004
2624.161,10.0,26.82830434137532,26.395149463463845,26.405428683120725,double,-0.43315487791147356
2624.643,10.0,26.83788040614931,26.40944254995,26.42038096466234,double,-0.42843785619930963
2625.125,10.0,26.84653465453438,26.423837283786213,26.435435388931715,double,-0.4226973707481707
2625.607,10.0,26.855570781376333,26.438332933805263,26.450591065795372,double,-0.41723784757106697
2626.09,10.0,26.864549639637026,26.452959149616227,26.465878855833292,double,-0.41159049002079673
2626.572,10.0,26.87500254959253,26.46765462545656,26.4812345549273,double,-0.4073479241359701
2627.054,10.0,26.883749484957075,26.482448794659113,26.496688807570084,double,-0.4013006902979621
2627.536,10.0,26.89252101130757,26.497340907664146,26.512240706019817,double,-0.39518010364342215
2628.018,10.0,26.90348380360102,26.51233021041387,26.527889338318555,double,-0.39115359318714904
2628.5,10.0,26.913571931873854,26.5274159443917,26.543633788365913,double,-0.3861559874821563
2628.982,10.0,26.92359003443629,26.542597346661957,26.559473135992643,double,-0.38099268777433415
2629.464,10.0,26.933902873072153,26.55787364990971,26.575406457034422,double,-0.376029223162444
2629.947,10.0,26.942739964675955,26.573276068654494,26.591466169202732,double,-0.36946389602146024
2630.429,10.0,26.95172638881894,26.588740047465098,26.607584839105158,double,-0.36298634135384367
2630.911,10.0,26.961416185381786,26.604296597810507,26.6237946847512,double,-0.3571195875712807
2631.393,10.0,26.97196696273238,26.619944935251993,26.640094766726097,double,-0.35202202748038647
2631.875,10.0,26.981175743366414,26.635684271173552,26.65648414198896,double,-0.34549147219286036
2632.357,10.0,26.990336153698095,26.651513812822913,26.672961863946508,double,-0.33882234087518337
2632.839,10.0,26.999178223626302,26.66743276335258,26.68952698252699,double,-0.33174546027372465
2633.321,10.0,27.010421606429414,26.68344032186133,26.7061785442537,double,-0.3269812845680842
2633.803,10.0,27.02196452173935,26.69953568343556,26.72291559231888,double,-0.3224288383037899
2634.286,10.0,27.033496945923808,26.71575170241025,26.739772153386188,double,-0.3177452435135564
2634.768,10.0,27.04385145499448,26.732020417485902,26.75667746311239,double,-0.3118310375085809
2635.25,10.0,27.055522244787188,26.748374495531515,26.77366536749495,double,-0.30714774925567623
2635.732,10.0,27.06654529843366,26.764813115994734,26.790734897131195,double,-0.3017321824389241
2636.214,10.0,27.077929719230504,26.78133545452099,26.80788507965507,double,-0.29659426470951544
2636.696,10.0,27.089922959973755,26.797940682996124,26.82511493981039,double,-0.29198227697763146
2637.178,10.0,27.100637907628723,26.814627969588923,26.84242349952409,double,-0.28600993803979957
2637.66,10.0,27.111530717585243,26.83139647879416,26.859809777979272,double,-0.2801342387910799
2638.143,10.0,27.122181621925414,26.84828041065856,26.877309101089512,double,-0.27390121126685263
2638.625,10.0,27.13306073083228,26.86520900823521,26.894848020095708,double,-0.2678517225970678
2639.107,10.0,27.142744155207847,26.88221629853501,26.912461697605362,double,-0.2605278566728375
2639.589,10.0,27.152533826505255,26.89930143178047,26.93014914254975,double,-0.25323239472478387
2640.071,10.0,27.162839583818432,26.916463554736737,26.947909361480203,double,-0.2463760290816963
2640.553,10.0,27.17265185021847,26.933701810755068,26.965741358640116,double,-0.23895003946340365
2641.035,10.0,27.183115266434466,26.95101533981699,26.983644136037277,double,-0.23209992661747392
2641.517,10.0,27.19324051151891,26.968403278578144,27.00161669351567,double,-0.22483723294076108
2642.0,10.0,27.203617102601918,26.98590106339833,27.01969552978174,double,-0.21771603920358595
2642.481,10.0,27.214247822447206,27.003398915457478,27.03776713770445,double,-0.21084890698973013
2642.964,10.0,27.22266418505111,27.02104147156334,27.0559807919216,double,-0.20162271348777017
2643.446,10.0,27.23238254779557,27.038718496944742,27.07422256278047,double,-0.19366405085082805
2643.928,10.0,27.242342345985477,27.056465565141174,27.092529080893748,double,-0.18587678084430181
2644.41,10.0,27.251629190213407,27.07428179378013,27.110899334620463,double,-0.17734739643327502
2644.892,10.0,27.2609315814471,27.092166297475494,27.1293323106543,double,-0.16876528397160584
2645.374,10.0,27.272266159234544,27.110118187872846,27.14782699409417,double,-0.162147971361698
2645.856,10.0,27.281257163798195,27.128136573694466,27.16638236851432,double,-0.15312059010372803
2646.338,10.0,27.28966517273944,27.14622056078489,27.184997416033884,double,-0.14344461195455183
2646.821,10.0,27.299917036248388,27.16440697167898,27.203709919768727,double,-0.13551006456941073
2647.303,10.0,27.311020676541652,27.182619598993806,27.22244137288301,double,-0.12840107754784613
2647.785,10.0,27.32022390319045,27.20089512642393,27.241229435299385,double,-0.11932877676651965
2648.267,10.0,27.330745821953716,27.21923264875281,27.260073084009118,double,-0.11151317320090559
2648.749,10.0,27.341191607533656,27.237631258114803,27.278971294894305,double,-0.10356034941885195
2649.231,10.0,27.352347833971113,27.25609004404085,27.297923042796246,double,-0.09625778993026524
2649.713,10.0,27.36478371663569,27.274608093505005,27.316927301583384,double,-0.09017562313068384
2650.195,10.0,27.37568786384471,27.293184490970386,27.335983044219187,double,-0.0825033728743263
2650.677,10.0,27.386751647042196,27.311818318435577,27.355089242829333,double,-0.07493332860661894
2651.16,10.0,27.398960864449418,27.330547490215864,27.37428466139722,double,-0.06841337423355576
2651.642,10.0,27.410501285203793,27.34929352841541,27.393488784658622,double,-0.06120775678838397
2652.124,10.0,27.422908788201063,27.368094226366846,27.41274027377829,double,-0.054814561834215514
2652.606,10.0,27.435009644221893,27.386948656671372,27.432038098198763,double,-0.04806098755051891
2653.088,10.0,27.446899055852995,27.405855889699005,27.451381226857528,double,-0.04104316615399228
2653.57,10.0,27.458688218609602,27.424814993635128,27.470768628252806,double,-0.033873224974473315
2654.052,10.0,27.471651045365586,27.443825034527762,27.490199270508743,double,-0.027826010837822546
2654.534,10.0,27.48273955651333,27.462885076334704,27.50967212144027,double,-0.01985448017862712
2655.017,10.0,27.494455939198133,27.482033876764312,27.529226676237478,double,-0.012422062433820047
2655.499,10.0,27.50557865244922,27.501191203007835,27.548780929262545,double,-0.00438744944138425
2655.981,10.0,27.51780237076249,27.520395708011293,27.568374291053665,double,0.0025933372488018414
2656.463,10.0,27.52917854351808,27.539646447838916,27.58800572883093,double,0.010467904320837773
2656.945,10.0,27.54098335093137,27.55894247670088,27.607674209824413,double,0.017959125769512196
2657.427,10.0,27.552211230557212,27.57828284700114,27.627378701337246,double,0.02607161644392897
2657.909,10.0,27.56480057636973,27.59766660938437,27.647118170807843,double,0.032866033014639084
2658.391,10.0,27.578041629541943,27.61709281278447,27.666891585871888,double,0.039051183242527765
2658.874,10.0,27.589798330643166,27.636600936338386,27.686739039889762,double,0.04680260569521755
2659.356,10.0,27.601796053255157,27.65610924506856,27.70657731521765,double,0.05431319181340433
2659.838,10.0,27.613762353107518,27.675657129841074,27.726446438705636,double,0.06189477673355648
2660.32,10.0,27.62376142957531,27.69524363321879,27.746345379392558,double,0.07148220364348035
2660.802,10.0,27.635123346011753,27.714867796292253,27.766273106819217,double,0.07974445028050003
2661.284,10.0,27.64719465049047,27.73452865872763,27.78622859108793,double,0.08733400823716098
2661.766,10.0,27.65855944372335,27.754225258814856,27.80621080292208,double,0.09566581509150573
2662.248,10.0,27.668527294565703,27.773956633515674,27.82621871372486,double,0.10542933894996942
2662.73,10.0,27.681994821290353,27.79372181851133,27.846251295637703,double,0.1117269972209789
2663.213,10.0,27.6929524155658,27.81356095647327,27.866349155891747,double,0.1206085409074742
2663.695,10.0,27.703564265010638,27.8333909293539,27.88642804555176,double,0.1298266643432633
2664.177,10.0,27.714900462632237,27.85325181036435,27.906528525629238,double,0.138351347732113
2664.659,10.0,27.72643002418042,27.873142630544322,27.926649571798162,double,0.14671260636390238
2665.141,10.0,27.73734616174034,27.893062419894243,27.94679016075718,double,0.155716258153904
2665.623,10.0,27.7493164115927,27.913010207423632,27.966949270285923,double,0.16369379583093258
2666.105,10.0,27.76079161189202,27.93298502119922,27.987125879300322,double,0.1721934093071975
2666.587,10.0,27.773162234214805,27.95298588839344,28.00731896790807,double,0.17982365417863466
2667.07,10.0,27.7845282361877,27.973053408334703,28.027569459280055,double,0.1885251721470027
2667.552,10.0,27.796102336331295,27.99310350954471,28.047792481346246,double,0.19700117321341248
2668.034,10.0,27.80599826061181,28.01317673878344,28.068028928916988,double,0.20717847817163237
2668.516,10.0,27.817014733997386,28.033272120127762,28.08827778741233,double,0.21625738613037515
2668.998,10.0,27.826102566776235,28.05338867700207,28.108538043713327,double,0.22728611022583278
2669.48,10.0,27.837030513814355,28.0735254322266,28.128808686214747,double,0.23649491841224446
2669.962,10.0,27.84744247793105,28.09368140806598,28.149088704877013,double,0.2462389301349288
2670.444,10.0,27.859303618577226,28.113855626277427,28.16937709127792,double,0.2545520077002039
2670.927,10.0,27.869670785734673,28.134089016467033,28.189714952977994,double,0.2644182307323606
2671.408,10.0,27.880169955358497,28.154254874599772,28.20997494200128,double,0.2740849192412742
2671.891,10.0,27.893204437905766,28.174519917934116,28.230324534545858,double,0.28131548002834905
2672.373,10.0,27.90543178444334,28.19475734345668,28.250636349799773,double,0.289325559013337
2672.855,10.0,27.917918049035308,28.215008112188638,28.27095151464829,double,0.2970900631533324
2673.337,10.0,27.92959303077866,28.235271243859305,28.29126903143806,double,0.3056782130806457
2673.819,10.0,27.94195116233898,28.255545758029676,28.31158790448226,double,0.31359459569069714
2674.301,10.0,27.95354914809689,28.275830674140312,28.331907140108868,double,0.322281526043422
2674.783,10.0,27.966052995350406,28.296125011560093,28.35222574670848,double,0.33007201620968707
2675.265,10.0,27.9779316461786,28.316427789634265,28.37254273478103,double,0.33849614345566326
2675.748,10.0,27.991520566120954,28.336780172230803,28.39289925961169,double,0.34525960610984896
2676.23,10.0,28.004293978486206,28.35709690222048,28.413210042329318,double,0.35280292373427447
2676.712,10.0,28.01694682554355,28.377419129207908,28.43351624910601,double,0.3604723036643609
2677.194,10.0,28.02952945680555,28.397745872927004,28.453816899347718,double,0.36821641612145295
2677.676,10.0,28.041200696043088,28.418076153329373,28.474111014799114,double,0.37687545728628535
2678.158,10.0,28.052596296247355,28.438408990632634,28.494397619588323,double,0.3858126943852791
2678.64,10.0,28.06555683190516,28.458743405367958,28.51467574027029,double,0.3931865734628004
2679.122,10.0,28.077288486931955,28.47907841842863,28.534944405870927,double,0.40178993149667663
2679.604,10.0,28.087811997875427,28.499413051117884,28.555202647929967,double,0.4116010532424552
2680.087,10.0,28.099407765287697,28.51978850832209,28.57549149395362,double,0.4203807430343931
2680.569,10.0,28.110281914966134,28.540119440194328,28.59572596718827,double,0.42983752522819385
2681.051,10.0,28.120355922566496,28.56044705651709,28.61594712501652,double,0.44009113395059307
2681.533,10.0,28.129182115673984,28.580770380713673,28.636154009460213,double,0.4515882650396874
2682.015,10.0,28.138342908468,28.60108843685685,28.656345665263782,double,0.4627455283888471
2682.497,10.0,28.146530251736284,28.6214002497165,28.67652113993422,double,0.4748699979802151
2682.979,10.0,28.15599804068865,28.641704844807318,28.696679483781217,double,0.4857068041186685
2683.461,10.0,28.16367861720397,28.66200124843607,28.71681974995644,double,0.49832263123210097
2683.944,10.0,28.17324414963395,28.682330567257132,28.736982719386937,double,0.5090864176231835
2684.426,10.0,28.181426937545762,28.702607648250357,28.757083958843555,double,0.521180710704594
2684.908,10.0,28.19087260337244,28.722873619917706,28.777164295579826,double,0.5320010165452638
2685.39,10.0,28.199325513180302,28.74312751221222,28.797222794506872,double,0.5438019990319176
2685.872,10.0,28.208575497773285,28.763368356116143,28.817258523568334,double,0.5547928583428563
2686.354,10.0,28.21902358424512,28.78359518368856,28.837270553776982,double,0.5645715994434364
2686.836,10.0,28.22755271471231,28.803807028112004,28.857257959250905,double,0.5762543133996934
2687.318,10.0,28.237144472715148,28.82400292373984,28.87721981724952,double,0.586858451024691
2687.801,10.0,28.246708140025284,28.84422375300213,28.897196539792407,double,0.5975156129768455
2688.283,10.0,28.255722550193145,28.864384820928034,28.917104489597488,double,0.6086622707348888
2688.765,10.0,28.265713038958445,28.884527048617535,28.936984141013294,double,0.6188140096590911
2689.247,10.0,28.275904741335832,28.90464947557833,28.956834584220147,double,0.6287447342424979
2689.729,10.0,28.286407770198203,28.924751142722794,28.97665491271232,double,0.6383433725245913
2690.211,10.0,28.297872891786835,28.944831092414525,28.996444223330787,double,0.6469582006276897
2690.693,10.0,28.308677764373552,28.964888368514785,29.01620161629632,double,0.656210604141233
2691.175,10.0,28.319190559813933,28.984922016428545,29.0359261952414,double,0.66573145661461
2691.657,10.0,28.33035047862676,29.004931083151238,29.055617067242473,double,0.6745806045244773
2692.14,10.0,28.341915719351807,29.024956049728722,29.07531408692782,double,0.6830403303769161
2692.622,10.0,28.353572515995545,29.04491304571777,29.094934805668395,double,0.691340529722223
2693.104,10.0,28.366843329152598,29.06484260953828,29.114519157841702,double,0.697999280385686
2693.586,10.0,28.3786651369552,29.084743795010006,29.134066264616543,double,0.706078658054804
2694.068,10.0,28.391440476912734,29.104615657772637,29.153575250758458,double,0.7131751808599041
2694.55,10.0,28.404098871068868,29.12445725533107,29.17304524465876,double,0.7203583842622041
2695.032,10.0,28.41516369091111,29.144267647101056,29.192475378363714,double,0.7291039561899471
2695.514,10.0,28.42653071479826,29.164045894454578,29.21186478760288,double,0.7375151796563173
2695.997,10.0,28.43802414010415,29.183831990804077,29.231252708708478,double,0.7458078506999255
2696.479,10.0,28.448737502779853,29.203543069949657,29.250558002135474,double,0.7548055671698028
2696.961,10.0,28.45931286320153,29.223219199051233,29.269819998896985,double,0.7639063358497011
2697.443,10.0,28.46875321435635,29.242859447761195,29.28903784973958,double,0.7741062334048421
2697.925,10.0,28.4778497577308,29.262462887913088,29.308210709229236,double,0.7846131301822878
2698.407,10.0,28.48748020183638,29.282028593566338,29.327337735777103,double,0.7945483917299601
2698.889,10.0,28.497447735870157,29.301555641050687,29.346418091665328,double,0.8041079051805289
2699.371,10.0,28.5070348337658,29.32104310901056,29.365450943072158,double,0.8140082752447597
2699.854,10.0,28.515607433147938,29.34053038212452,29.38447479624424,double,0.8249229489765808
2700.335,10.0,28.524643140152683,29.359895632772908,29.403370816782804,double,0.8352524926202254
2700.818,10.0,28.532905349086857,29.379298985866846,29.42229531989421,double,0.8463936367799907
2701.3,10.0,28.541426855608243,29.398618879353183,29.44112978769471,double,0.8571920237449404
2701.782,10.0,28.54917458916775,29.417894620915973,29.45991263951423,double,0.8687200317482213
2702.264,10.0,28.556250513769836,29.437125304016575,29.47864306542225,double,0.8808747902467384
2702.746,10.0,28.56327104753665,29.456310024737498,29.497320259549337,double,0.8930389772008496
2703.228,10.0,28.57076053488926,29.47544788182587,29.515943420109526,double,0.9046873469366057
2703.71,10.0,28.579127437056318,29.49453797673619,29.53451174942191,double,0.9154105396798728
2704.192,10.0,28.587380620271,29.513579413673373,29.553024453931727,double,0.9261987934023774
2704.675,10.0,28.596943103228835,29.532610649762724,29.57151897610245,double,0.9356675465338915
2705.157,10.0,28.606267398073605,29.55155198901105,29.58991794746818,double,0.9452845909374452
2705.639,10.0,28.61566700295377,29.570441997992663,29.60825893671656,double,0.9547749950388928
2706.121,10.0,28.626754772758613,29.589279792346172,29.626541167012334,double,0.9625250195875623
2706.603,10.0,28.637750834406905,29.60806449067277,29.64476386574768,double,0.9703136562658643
2707.085,10.0,28.64882060202244,29.626795214578372,29.66292626456118,double,0.9779746125559319
2707.567,10.0,28.659815383517028,29.64547108871508,29.681027599356568,double,0.9856557051980519
2708.049,10.0,28.670386145106676,29.664091240822977,29.69906711032097,double,0.9937050957163018
2708.531,10.0,28.68057181708564,29.68265480177148,29.717044041943357,double,1.0020829846858426
2709.014,10.0,28.69129007226109,29.701199239681387,29.7349947418285,double,1.0099091674202976
2709.496,10.0,28.70027080369095,29.71964690175275,29.752844131813728,double,1.0193760980617972
2709.978,10.0,28.710694679867515,29.738035382680938,29.770628700372235,double,1.027340702813423
2710.46,10.0,28.720724581731204,29.75636382627046,29.788347709381835,double,1.0356392445392548
2710.942,10.0,28.729928690202232,29.77463137965966,29.806000425107044,double,1.0447026894574274
2711.424,10.0,28.73950308399837,29.792837193361134,29.823586118215072,double,1.0533341093627635
2711.906,10.0,28.749145314835662,29.810980421302073,29.84110406379155,double,1.0618351064664133
2712.388,10.0,28.75932292248861,29.829060220863873,29.85855354135577,double,1.0697372983752618
2712.871,10.0,28.768949823123656,29.84711306215867,29.87596982116516,double,1.0781632390350127
2713.353,10.0,28.779535414664757,29.865063355188415,29.89328007332445,double,1.0855279405236562
2713.835,10.0,28.7886377206502,29.882947711384656,29.910519721318344,double,1.0943099907344545
2714.317,10.0,28.79722925813124,29.90076530235014,29.92768806255752,double,1.1035360442189002
2714.799,10.0,28.80547124317017,29.918515303339095,29.9447843989585,double,1.1130440601689218
2715.281,10.0,28.813439521146712,29.936196893296206,29.96180803695696,double,1.1227573721494966
2715.763,10.0,28.822074429455945,29.953809254895162,29.978758287520975,double,1.1317348254392179
2716.245,10.0,28.829195215778125,29.97135157457698,29.995634466163835,double,1.1421563587988515
2716.728,10.0,28.835690367576078,29.988859216237486,30.012470672514986,double,1.1531688486614067
2717.21,10.0,28.84295263420162,30.006258877166513,30.029196514911998,double,1.1633062429648955
2717.692,10.0,28.851161089610656,30.023586076827268,30.045846257936415,double,1.1724249872166137
2718.174,10.0,28.859376637490126,30.040840017118743,30.062419235414577,double,1.1814633796286167
2718.656,10.0,28.86648356345736,30.058019903896472,30.07891478577814,double,1.1915363404391088
2719.138,10.0,28.875484721152777,30.075124947009613,30.095332252074915,double,1.199640225856835
2719.62,10.0,28.88282136615531,30.092154360337897,30.111670981979838,double,1.209332994182588
2720.102,10.0,28.890796739250664,30.109107361828652,30.12793032780554,double,1.2183106225779894
2720.584,10.0,28.8992720897138,30.125983173532887,30.1441096465126,double,1.2267110838190876
2721.067,10.0,28.906546765761938,30.142815790371735,30.160241615123024,double,1.2362690246097985
2721.549,10.0,28.913332537046195,30.15953474110934,30.176258799790133,double,1.246202204063146
2722.031,10.0,28.919948303647462,30.1761741916156,30.192194054906764,double,1.2562258879681376
2722.513,10.0,28.926961126512264,30.192733380727212,30.208046756132767,double,1.2657722542149474
2722.995,10.0,28.933231809360883,30.209211551563875,30.223816283823368,double,1.2759797422029928
2723.477,10.0,28.94230341687934,30.225607951563926,30.239502023038,double,1.2833045346845873
2723.959,10.0,28.950445632201415,30.241921832519186,30.25510336354883,double,1.2914762003177704
2724.441,10.0,28.95838713938212,30.25815245060965,30.270619699848922,double,1.2997653112275298
2724.924,10.0,28.966661973073087,30.27433247781033,30.286082355725206,double,1.3076705047372406
2725.406,10.0,28.975175821466248,30.29039417987215,30.301426706549773,double,1.3152183584059007
2725.888,10.0,28.984392452068946,30.30637041277142,30.316684263825124,double,1.321977960702475
2726.37,10.0,28.993424484280496,30.322260450593046,30.331854441015356,double,1.3288359663125526
2726.852,10.0,29.00219329087873,30.338063571980356,30.346936656343114,double,1.3358702811016254
2727.334,10.0,29.01121712099502,30.353779060168367,30.361930332796263,double,1.3425619391733479
2727.816,10.0,29.020787013805215,30.369406203017025,30.376834898134653,double,1.3486191892118082
2728.298,10.0,29.029119923779934,30.38494429304376,30.391649784896423,double,1.355824369263825
2728.781,10.0,29.035952616929894,30.400424584156937,30.40640488526781,double,1.3644719672270433
2729.262,10.0,29.04470477223074,30.41575050818516,30.42100827677058,double,1.3710457359544181
2729.745,10.0,29.051264432194333,30.43104882041112,30.435580846713062,double,1.379784388216787
2730.227,10.0,29.057619506446535,30.44622352737145,30.45003124909439,double,1.3886040209249162
2730.709,10.0,29.06388259311859,30.461305713680787,30.464389206349303,double,1.3974231205621968
2731.191,10.0,29.070113288232353,30.47629470048847,30.478654179817415,double,1.406181412256119
2731.673,10.0,29.075919089789643,30.491189813824338,30.49282563565533,double,1.4152707240346951
2732.155,10.0,29.083395844359362,30.50599038462988,30.506903044841366,double,1.4225945402705165
2732.637,10.0,29.08844453262916,30.520695748788523,30.520885883179933,double,1.4322512161593637
2733.119,10.0,29.094813367466855,30.535305247156163,30.534773631306088,double,1.4404918796893096
2733.602,10.0,29.100153591283217,30.549848234721612,30.548594289359563,double,1.4496946434383928
2734.084,10.0,29.104500561619957,30.564263841847804,30.56229011837444,double,1.4597632802278493
2734.566,10.0,29.109055709237513,30.578581634553565,30.575889327063145,double,1.4695259253160509
2735.048,10.0,29.112746436327207,30.592800973893098,30.58939141543242,double,1.4800545375658891
2735.53,10.0,29.116429211629054,30.606921226040797,30.602795888338402,double,1.4904920144117428
2736.012,10.0,29.12064422322477,30.620941762320054,30.616102255489935,double,1.5002975390952855
2736.494,10.0,29.12390669900695,30.634861959231717,30.629310031451595,double,1.5109552602247667
2736.976,10.0,29.128454493400724,30.648681198482365,30.642418735646583,double,1.5202267050816398
2737.458,10.0,29.13412828796235,30.662398867012186,30.655427892359512,double,1.528270579049834
2737.941,10.0,29.13950318788651,30.676042498294255,30.66836370889098,double,1.5365393104077418
2738.423,10.0,29.144264304920586,30.689554993414653,30.681172153997377,double,1.5452906884940665
2738.905,10.0,29.148805236534503,30.702964109079,30.69387965271747,double,1.5541588725444977
2739.387,10.0,29.15485945316106,30.716269253447276,30.706485748815833,double,1.5614098002862176
2739.869,10.0,29.160518474533287,30.729469840049205,30.718989990929902,double,1.5689513655159193
2740.351,10.0,29.16645013968245,30.74256528781012,30.73139193257156,double,1.5761151481276714
2740.833,10.0,29.17238691130243,30.755555021077164,30.743691132129147,double,1.5831681097747352
2741.315,10.0,29.178685040391315,30.768438469645066,30.7558871528687,double,1.5897534292537485
2741.798,10.0,29.184729145142047,30.78124146479024,30.768004542923087,double,1.5965123196481967
2742.28,10.0,29.190073581283215,30.793910431844623,30.77999269905648,double,1.6038368505614076
2742.762,10.0,29.195422436365632,30.806471435380033,30.791876394579365,double,1.6110489990144028
2743.244,10.0,29.1998419545161,30.818923927245212,30.803655212291748,double,1.619081972729114
2743.726,10.0,29.206601180052555,30.83126736486107,30.815328739877014,double,1.6246661848085153
2744.208,10.0,29.211358126758995,30.843501211244984,30.82689656990276,double,1.6321430844859874
2744.69,10.0,29.21723274726562,30.855624935034342,30.838358299821454,double,1.6383921877687224
2745.172,10.0,29.22240654419453,30.867638010510195,30.849713531970657,double,1.6452314663156664
2745.655,10.0,29.2268819407685,30.879564494456936,30.860985098999834,double,1.6526825536884338
2746.137,10.0,29.23266344844268,30.891354486601873,30.87212593919697,double,1.6586910381591935
2746.619,10.0,29.237473459883677,30.903032286319775,30.883159117163117,double,1.6655588264360977
2747.101,10.0,29.241090689098968,30.914597390707577,30.89408425478987,double,1.673506701608607
2747.583,10.0,29.245521556608317,30.926049302619035,30.904900978854805,double,1.6805277460107182
2748.065,10.0,29.249097160162773,30.937387530686454,30.915608921021487,double,1.6882903705236818
2748.547,10.0,29.25431864778943,30.948611589342466,30.92620771783895,double,1.6942929415530383
2749.029,10.0,29.259164867394045,30.959720998840833,30.93669701074142,double,1.7005561314467899
2749.511,10.0,29.26389064340173,30.970715285277517,30.947076446047916,double,1.706824641875787
2749.994,10.0,29.26892517211747,30.98161643004055,30.957366865617164,double,1.7126912579230769
2750.476,10.0,29.27398934555968,30.992378830862656,30.967525314512933,double,1.7183894853029735
2750.958,10.0,29.277655852711053,31.00302472122821,30.977572873373404,double,1.7253688685171575
2751.44,10.0,29.282927425051035,31.013553650817215,30.987509208059826,double,1.7306262257661797
2751.922,10.0,29.287614992109383,31.02396517525173,30.997333989314278,double,1.7363501831423434
2752.404,10.0,29.290822185669906,31.034258856115247,31.007046892758883,double,1.743436670445342
2752.886,10.0,29.295587053412852,31.044434260971254,31.016647598894366,double,1.7488472075584016
2753.368,10.0,29.300384428246502,31.05449096338186,31.02613579309909,double,1.754106535135358
2753.851,10.0,29.30455316465362,31.064449036194507,31.035530499117957,double,1.7598958715408897
2754.333,10.0,29.309808394699132,31.074266830056263,31.044792510084125,double,1.7644584353571302
2754.815,10.0,29.314862762965895,31.083964677489785,31.053941093889538,double,1.7691019145238907
2755.297,10.0,29.318736603214646,31.093542176242916,31.062975955419493,double,1.7748055730282708
2755.779,10.0,29.3228482019577,31.102998930150022,31.071896804429677,double,1.7801507281923201
2756.261,10.0,29.327440847721682,31.112334549148613,31.08070335554465,double,1.7848937014269317
2756.743,10.0,29.33186197494384,31.12154864929583,31.089395328256032,double,1.7896866743519868
2757.225,10.0,29.335985716437424,31.130640852784364,31.097972446920842,double,1.7946551363469398
2757.708,10.0,29.340086403118576,31.13962927043018,31.106451876906295,double,1.7995428673116043
2758.189,10.0,29.345357753205548,31.148458089328347,31.11478104385452,double,1.8031003361227982
2758.672,10.0,29.34945240006064,31.15720036971504,31.12302895141156,double,1.8077479696543997
2759.154,10.0,29.351618435662825,31.165801075484705,31.131143753965816,double,1.8141826398218819
2759.636,10.0,29.35430970788549,31.17427808742027,31.139142396656084,double,1.819968379534781
2760.118,10.0,29.357336017938078,31.182631064860832,31.147024633001045,double,1.8252950469227536
2760.6,10.0,29.358835175607208,31.190859673384836,31.15479022137065,double,1.832024497777629
2761.082,10.0,29.359542259018067,31.198963584823623,31.16243892498375,double,1.839421325805557
2761.564,10.0,29.361122685358442,31.20694247727481,31.16997051190622,double,1.84581979191637
2762.046,10.0,29.362797478513457,31.21479603511508,31.17738475504823,double,1.8519985566016195
2762.529,10.0,29.364989037982575,31.222539851211494,31.184696448135284,double,1.8575508132289198
2763.011,10.0,29.36697989336936,31.230141556528057,31.191875097226564,double,1.8631616631586967
2763.493,10.0,29.36832892252297,31.237617017554374,31.19893574987507,double,1.8692880950314072
2763.975,10.0,29.36921169629282,31.244965943920132,31.205878198354863,double,1.8757542476273148
2764.457,10.0,29.369026566361576,31.252188051594143,31.212702239772177,double,1.883161485232565
2764.939,10.0,29.370155843228808,31.259283062895427,31.219407676062826,double,1.8891272196666198
2765.421,10.0,29.371898538858293,31.266250706504085,31.225994313989748,double,1.8943521676457908
2765.903,10.0,29.372677471413656,31.273090717471664,31.23246196514008,double,1.900413246058008
2766.385,10.0,29.37219624679438,31.27980283723121,31.238810445922788,double,1.9076065904368278
2766.868,10.0,29.373690102983076,31.28640033993294,31.24505237689078,double,1.912710236949866
2767.35,10.0,29.374180669449864,31.29285566053189,31.251161737287212,double,1.918674991082031
2767.832,10.0,29.374203872410725,31.29918235211775,31.257151405099492,double,1.9249784797070235
2768.314,10.0,29.37495324988974,31.30538018175787,31.263021216005654,double,1.9304269318681289
2768.796,10.0,29.377588203572618,31.311448922947033,31.268771010491626,double,1.933860719374414
2769.278,10.0,29.37848429267263,31.31738835561552,31.274400633848153,double,1.9389040629428922
2769.76,10.0,29.380221846542586,31.323198266137187,31.27990993616809,double,1.9429764195945998
2770.242,10.0,29.383092523722276,31.3288784473368,31.285298772343296,double,1.9457859236145236
2770.725,10.0,29.385348291371177,31.334440078343707,31.290577806534216,double,1.9490917869725288
2771.207,10.0,29.387794214970132,31.33985993504897,31.29572504363793,double,1.9520657200788383
2771.689,10.0,29.391311253891157,31.345149479300964,31.300751407771653,double,1.9538382254098097
2772.171,10.0,29.39410559529575,31.350308529811343,31.305656773004042,double,1.956202934515594
2772.653,10.0,29.39667448253207,31.35533691177599,31.310441018187984,double,1.958662429243918
2773.135,10.0,29.399437799461992,31.360234456880438,31.31510402695757,double,1.9607966574184454
2773.617,10.0,29.401126880437822,31.36500100330536,31.319645687724908,double,1.9638741228675372
2774.099,10.0,29.404371040026255,31.369636395731483,31.32406589367718,double,1.9652653557052258
2774.582,10.0,29.406540393207564,31.37414969333989,31.32837333470635,double,1.967609300132328
2775.064,10.0,29.407932275033843,31.378522064983038,31.332550077182354,double,1.9705897899491953
2775.546,10.0,29.41019005826976,31.382762855440514,31.33660507283695,double,1.9725727971707574
2776.028,10.0,29.412602989596486,31.386871935450667,31.34053823393621,double,1.9742689458541796
2776.51,10.0,29.415030168789524,31.39084918227222,31.344349477505638,double,1.9758190134826936
2776.992,10.0,29.417567044110587,31.394694479687235,31.348038725326933,double,1.9771274355766477
2777.474,10.0,29.418209623160035,31.39840771800413,31.35160590393487,double,1.9801980948440934
2777.956,10.0,29.419160500201198,31.401988794059815,31.355050944614156,double,1.9828282938586184
2778.438,10.0,29.41990617827987,31.40543761122211,31.358373783396193,double,1.985531432942239
2778.921,10.0,29.420320442865773,31.40876082239521,31.361580874129817,double,1.988440379529438
2779.403,10.0,29.42151175419958,31.411944583167074,31.36465888236207,double,1.9904328289674922
2779.885,10.0,29.42186666666393,31.414995834196898,31.36761452514098,double,1.9931291675329643
2780.367,10.0,29.420081754116655,31.417914505003953,31.370447757462415,double,1.9978327508872962
2780.849,10.0,29.419284966655844,31.420700531644176,31.3731585390528,double,2.001415564988329
2781.331,10.0,29.419228558713677,31.4233538567102,31.37574683436588,double,2.0041252979965227
2781.813,10.0,29.41712995921121,31.42587442933153,31.378212612579482,double,2.0087444701203214
2782.295,10.0,29.4159038726969,31.428262205173763,31.38055584759224,double,2.01235833247686
2782.778,10.0,29.416120685603158,31.430521686635558,31.382780997802552,double,2.014401001032401
2783.26,10.0,29.415519578666157,31.432643486374367,31.384878832644436,double,2.0171239077082124
2783.742,10.0,29.414200048899747,31.434632395494987,31.386854074253634,double,2.020432346595241
2784.224,10.0,29.41278443387295,31.43648839581099,31.388706715389077,double,2.0237039619380393
2784.706,10.0,29.411067916933924,31.438211475665216,31.390436753514063,double,2.0271435587312925
2785.188,10.0,29.409732214594964,31.439801629927445,31.392044190793055,double,2.0300694153324805
2785.67,10.0,29.408264401126466,31.441258859991738,31.393529034088242,double,2.0329944588652724
2786.152,10.0,29.407440926000568,31.442583173773464,31.394891294956416,double,2.0351422477728978
2786.635,10.0,29.40429986866312,31.443776919377385,31.39613343423272,double,2.0394770507142668
2787.116,10.0,29.402189630603665,31.44483311673713,31.39724813909116,double,2.0426434861334664
2787.599,10.0,29.401250604027673,31.4457605767397,31.39824470512273,double,2.0445099727120275
2788.081,10.0,29.400042040309394,31.446553159329483,31.399116591531556,double,2.046511119020089
2788.563,10.0,29.397861356060233,31.447212962997177,31.399866023675838,double,2.0493516069369444
2789.045,10.0,29.395849667162473,31.447740034718997,31.400493041219292,double,2.051890367556525
2789.527,10.0,29.394203312746452,31.448134427962703,31.40099768849679,double,2.053931115216251
2790.009,10.0,29.392883257195834,31.448396202682094,31.401380014511094,double,2.0555129454862597
2790.491,10.0,29.391677463203518,31.448525425311146,31.40164007292945,double,2.0568479621076277
2790.973,10.0,29.389725255666864,31.448522168757865,31.40177792208025,double,2.058796913090999
2791.456,10.0,29.389102044137893,31.448386093382418,31.401793530603676,double,2.0592840492445252
2791.938,10.0,29.386639026617416,31.448117848635516,31.40168690163056,double,2.061478822018098
2792.42,10.0,29.386334905205747,31.447717382406648,31.401458266463038,double,2.0613824772009015
2792.902,10.0,29.385769076460676,31.447184793445704,31.40110770204997,double,2.0614157169850267
2793.384,10.0,29.38545551695516,31.446520186941164,31.400635289984436,double,2.0610646699860014
2793.866,10.0,29.384766110429737,31.44572367451207,31.400041116500432,double,2.060957564082333
2794.348,10.0,29.38544172428856,31.444795374199852,31.399325272469312,double,2.0593536499112886
2794.83,10.0,29.38495873372431,31.443735410459446,31.39848785339656,double,2.0587766767351354
2795.312,10.0,29.38597968447969,31.442543914150534,31.397528959418164,double,2.056564229670843
2795.795,10.0,29.3856714523996,31.441218141453348,31.396446327996664,double,2.0555466890537497
2796.277,10.0,29.386315893574643,31.43976372600592,31.39524455165884,double,2.0534478324312766
2796.759,10.0,29.386647353583744,31.438178209220847,31.393921628814027,double,2.0515308556371012
2797.241,10.0,29.387615787943133,31.43646174749405,31.39247767809578,double,2.0488459595509156
2797.723,10.0,29.387676879000875,31.434614503576764,31.390912822750998,double,2.0469376245758895
2798.205,10.0,29.386615836608314,31.432636646564703,31.389227190636454,double,2.0460208099563895
2798.687,10.0,29.384114615440343,31.43052835188706,31.387420914215227,double,2.046413736446717
2799.169,10.0,29.381688042748472,31.428289801294945,31.385494130553294,double,2.0466017585464735
2799.652,10.0,29.37942646860953,31.425916133632292,31.383442609099383,double,2.0464896650227606
2800.134,10.0,29.374730585059126,31.423417372453144,31.381274991285075,double,2.048686787394016
2800.616,10.0,29.37013139582765,31.42078893884918,31.37898730532732,double,2.0506575430215337
2801.098,10.0,29.36401247160579,31.41803103975245,31.37657970667749,double,2.0540185681466596
2801.58,10.0,29.358813286017753,31.415143888355402,31.374052355372093,double,2.0563306023376473
2802.062,10.0,29.352161751124445,31.412127704097703,31.371405416028974,double,2.0599659529732586
2802.544,10.0,29.346210195599117,31.408982712652723,31.368639057843907,double,2.062772517053607
2803.026,10.0,29.339712214325985,31.405709145913676,31.365753454586766,double,2.065996931587688
2803.509,10.0,29.33406524034783,31.40230005084988,31.362742427199468,double,2.0682348105020507
2803.991,10.0,29.328909439701654,31.398769788516322,31.35961862693265,double,2.069860348814667
2804.473,10.0,29.32321839459295,31.3951116842711,31.356376130705506,double,2.0718932896781506
2804.955,10.0,29.317386022805103,31.391325994755615,31.353015130557253,double,2.0739399719505114
2805.437,10.0,29.311813913672736,31.38741298275764,31.349535823082796,double,2.0755990690849044
2805.919,10.0,29.308283273405767,31.38337291719565,31.345938409428793,double,2.0750896437898847
2806.401,10.0,29.303699062253983,31.379206073103006,31.342223095290013,double,2.0755070108490203
2806.883,10.0,29.30017574984322,31.374912731611747,31.338390090905442,double,2.0747369817685266
2807.365,10.0,29.297280739852326,31.370493179936233,31.334439611054403,double,2.0732124400839047
2807.848,10.0,29.295853188454814,31.365938150239813,31.330363314033526,double,2.0700849617850015
2808.33,10.0,29.293608518023017,31.361266803781398,31.326178303159715,double,2.067658285758378
2808.812,10.0,29.292719890716924,31.356470145745785,31.321876488838985,double,2.0637502550288622
2809.294,10.0,29.290969296075403,31.351548487518254,31.317458103982254,double,2.0605791914428515
2809.776,10.0,29.290288274365423,31.346502146479704,31.312923386020998,double,2.0562138721142817
2810.258,10.0,29.28954360159972,31.34133144598833,31.308272576903196,double,2.0517878443886084
2810.74,10.0,29.28934859362621,31.336036715361317,31.303505923089247,double,2.0466881217351016
2811.222,10.0,29.28881344338353,31.330618289855966,31.29862367554786,double,2.041804846472439
2811.705,10.0,29.28813174744561,31.325064885197463,31.293615601602426,double,2.0369331377518507
2812.187,10.0,29.28711576227927,31.319399844537,31.288502699046273,double,2.0322840822577293
2812.669,10.0,29.284979573195436,31.31361215095775,31.283274983229926,double,2.0286325777623126
2813.151,10.0,29.283164634070147,31.307702163296714,31.27793272312247,double,2.0245375292265666
2813.633,10.0,29.28012055974615,31.30167024623297,31.272476192179937,double,2.021549686486823
2814.115,10.0,29.27728373977042,31.29551677026742,31.266905668340943,double,2.0182330304969964
2814.597,10.0,29.27326954078872,31.28924211170191,31.261221434022367,double,2.0159725709131884
2815.079,10.0,29.27009489172512,31.282846652618417,31.255423776114768,double,2.0127517608933
2815.562,10.0,29.26523809324701,31.276317137555022,31.249500605531555,double,2.011079044308012
2816.043,10.0,29.260578544294642,31.269694889997744,31.24348935943556,double,2.009116345703105
2816.526,10.0,29.254749879902892,31.26292523968546,31.237340349374186,double,2.0081753597825713
2817.008,10.0,29.25093372118917,31.256050267292444,31.231091722804067,double,2.0051165461032747
2817.49,10.0,29.2447671138497,31.249056491596715,31.22473117468827,double,2.004289377747015
2817.972,10.0,29.239207725929784,31.24194432891659,31.21825901867149,double,2.002736602986804
2818.454,10.0,29.234384201011192,31.234714201195978,31.211675572839226,double,2.0003300001847855
2818.936,10.0,29.229244901826245,31.22736653598125,31.20498115971272,double,1.9981216341550034
2819.418,10.0,29.22373630994233,31.219901766397975,31.19817610624413,double,1.9961654564556452
2819.9,10.0,29.219293958663133,31.21232033112703,31.191260743811334,double,1.9930263724638964
2820.383,10.0,29.2170490645434,31.20460658363794,31.184220718746257,double,1.9875575190945405
2820.865,10.0,29.212410341447036,31.196792915417493,31.17708552309838,double,1.9843825739704557
2821.347,10.0,29.208377932276235,31.188863931594636,31.169841039842332,double,1.9804859993183987
2821.829,10.0,29.20455484521688,31.18082009284173,31.16248761801616,double,1.9762652476248532
2822.311,10.0,29.199705578465945,31.172661865264384,31.15502561105721,double,1.9729562867984385
2822.793,10.0,29.19496363326825,31.164389720376274,31.147455376796717,double,1.9694260871080227
2823.275,10.0,29.190455089720867,31.156004135073694,31.139777277454293,double,1.9655490453528268
2823.757,10.0,29.18598724290421,31.14750559160987,31.131991679632147,double,1.9615183487056598
2824.24,10.0,29.18066174321263,31.138876595822936,31.124082468261566,double,1.9582148526103016
2824.722,10.0,29.176050072331854,31.130153372291204,31.11608276970419,double,1.9541032999593477
2825.204,10.0,29.17036186035087,31.12131867027771,31.107976699504203,double,1.9509568099268404
2825.686,10.0,29.16437696234197,31.11237299321228,31.09976464174536,double,1.9479960308703081
2826.168,10.0,29.159345911860623,31.10331684974944,31.09144698486441,double,1.943970937888817
2826.65,10.0,29.15473287807966,31.09415075374104,31.083024121645163,double,1.9394178756613811
2827.132,10.0,29.14851474491553,31.084875224209124,31.07449644921202,double,1.9363604792935918
2827.614,10.0,29.143295925919677,31.07549078531803,31.06586436902383,double,1.9321948593983562
2828.096,10.0,29.135497737433486,31.065997966346657,31.057128286867208,double,1.9305002289131734
2828.579,10.0,29.129537468150446,31.056377271536817,31.048270165880876,double,1.926839803386371
2829.061,10.0,29.12274847482756,31.046669078495604,31.039327100798825,double,1.9239206036680445
2829.543,10.0,29.115399553599936,31.036854124749922,31.030281277882825,double,1.9214545711499886
2830.025,10.0,29.10725993024267,31.026932959763226,31.021133120173435,double,1.9196730295205577
2830.507,10.0,29.100058156873267,31.01690613797043,31.011883055005292,double,1.916847981097164
2830.989,10.0,29.093011068506396,31.0067742187485,31.002531514000054,double,1.9137631502421037
2831.471,10.0,29.086283395978334,30.99653776638709,30.99307893305919,double,1.9102543704087538
2831.953,10.0,29.079659466380804,30.986197350058504,30.983525752356638,double,1.9065378836777003
2832.436,10.0,29.07435293462835,30.97573176906745,30.97385228486278,double,1.9013788344390992
2832.918,10.0,29.06836525346342,30.965184939007063,30.96409903582076,double,1.8968196855436437
2833.4,10.0,29.063594741234677,30.954535882708655,30.954246534043428,double,1.8909411414739785
2833.882,10.0,29.058651473768816,30.943785188583796,30.94429523672822,double,1.8851337148149794
2834.364,10.0,29.054862512134672,30.932933449774637,30.93424560530682,double,1.878070937639964
2834.846,10.0,29.050496433614093,30.921981264122966,30.924098105437135,double,1.8714848305088738
2835.328,10.0,29.044339909525714,30.910929234138752,30.91385320699504,double,1.8665893246130383
2835.81,10.0,29.040182966060247,30.899777966968813,30.903511384066313,double,1.8595950009085649
2836.292,10.0,29.034462749365943,30.888528074364952,30.893073114937874,double,1.8540653249990102
2836.775,10.0,29.02880276524621,30.8771565278373,30.88251692741769,double,1.8483537625910929
2837.257,10.0,29.024427694848793,30.865711036479475,30.871887019937184,double,1.841283341630684
2837.739,10.0,29.01831374468195,30.854168783555075,30.861162127262666,double,1.8358550388731243
2838.221,10.0,29.01238991197187,30.842530398923852,30.850342744408376,double,1.830140486951981
2838.703,10.0,29.005389072571518,30.830796516888835,30.839429370545663,double,1.8254074443173174
2839.185,10.0,28.99798923897965,30.818967776163262,30.828422508993874,double,1.8209785371836151
2839.667,10.0,28.990916650277054,30.807044819837458,30.817322667210767,double,1.8161281695604048
2840.149,10.0,28.98476601837494,30.795028295345528,30.806130356783278,double,1.8102622769705867
2840.632,10.0,28.979143675142055,30.782893634978358,30.794822586857784,double,1.8037499598363038
2841.114,10.0,28.972545877734834,30.770691742936602,30.78344670121702,double,1.7981458652017668
2841.596,10.0,28.964148505331156,30.758398252131002,30.771979907459578,double,1.7942497467998475
2842.078,10.0,28.95638759547677,30.746013827041807,30.76042273359801,double,1.789626231565039
2842.56,10.0,28.947236178510444,30.733539136323106,30.7487757117238,double,1.7863029578126632
2843.042,10.0,28.9408361786237,30.720974852768347,30.737039377996723,double,1.7801386741446434
2843.524,10.0,28.932510657912815,30.708321653275828,30.725214272634283,double,1.7758109953630141
2844.006,10.0,28.92558753972897,30.69558021881357,30.71330093990087,double,1.7699926790846032
2844.489,10.0,28.918066401278164,30.682724527703485,30.701274938972233,double,1.7646581264253225
2844.97,10.0,28.911400190712893,30.669835388990542,30.689211789546437,double,1.758435198277647
2845.453,10.0,28.903997129108085,30.656806311378272,30.677011732254538,double,1.7528091822701874
2845.935,10.0,28.89834535704215,30.64371865028374,30.664750835369837,double,1.7453732932415922
2846.417,10.0,28.893284123751627,30.630546220330963,30.65240449392226,double,1.737262096579334
2846.899,10.0,28.887203318242467,30.617289726172103,30.63997327622824,double,1.7300864079296374
2847.381,10.0,28.881469991680635,30.60394987627969,30.62745775457026,double,1.722479884599054
2847.863,10.0,28.87666959921729,30.59052738291043,30.614858505184678,double,1.7138577836931401
2848.345,10.0,28.871503181236708,30.577022962068835,30.602176108249108,double,1.7055197808321265
2848.827,10.0,28.866120798373935,30.56343733347034,30.58941114786995,double,1.6973165350964048
2849.31,10.0,28.860617247385967,30.54974278441377,30.576537473872456,double,1.6891255370278024
2849.792,10.0,28.85434564847607,30.535996749394656,30.563608986348278,double,1.6816511009185853
2850.274,10.0,28.848942225609246,30.522171689182276,30.55059971238273,double,1.6732294635730283
2850.756,10.0,28.842332792116476,30.508268337974,30.537510251674778,double,1.665935545857522
2851.238,10.0,28.83573376090604,30.494287433492634,30.52434120778572,double,1.6585536725865935
2851.72,10.0,28.82914945614217,30.480229716948703,30.511093188125848,double,1.6510802608065367
2852.202,10.0,28.82065083955808,30.466095933002713,30.49776680393976,double,1.6454450934446307
2852.684,10.0,28.81232959146424,30.451886829727304,30.484362670292697,double,1.6395572382630619
2853.167,10.0,28.80426532842551,30.437573447406553,30.470853356882166,double,1.6333081189810417
2853.649,10.0,28.795745075170377,30.423215810795668,30.45729542663731,double,1.6274707356252915
2854.131,10.0,28.789705737082606,30.408785120740568,30.443661616207073,double,1.619079383657962
2854.613,10.0,28.78245537993526,30.394282138586853,30.42995255579919,double,1.611826758651591
2855.095,10.0,28.77327572583778,30.379707628900476,30.416168879367234,double,1.606431903062694
2855.577,10.0,28.76421458631913,30.365062359428773,30.402311224595074,double,1.6008477731096427
2856.059,10.0,28.7543830988391,30.350347101061697,30.38838023288124,double,1.5959640022225996
2856.541,10.0,28.746307465380717,30.33556262779281,30.374376549322673,double,1.5892551624120954
2857.023,10.0,28.73818398894731,30.320709716679882,30.360300822698726,double,1.5825257277325755
2857.506,10.0,28.730029114865996,30.305758122481425,30.34612428083311,double,1.5757290076154284
2857.988,10.0,28.720967989118197,30.290770540986394,30.33190628299539,double,1.569802551868199
2858.47,10.0,28.713245786051157,30.275716872446868,30.31761821173084,double,1.5624710863957114
2858.952,10.0,28.704528941336825,30.260597905789442,30.30326073038848,double,1.556068964452617
2859.434,10.0,28.696053585285657,30.245414432807188,30.28883450591503,double,1.5493608475215304
2859.916,10.0,28.68766741694407,30.230167248119766,30.274340208837124,double,1.5424998311756977
2860.398,10.0,28.681239224003424,30.214857149133007,30.259778513243486,double,1.5336179251295823
2860.88,10.0,28.673568076373734,30.199484935999077,30.245150096766793,double,1.5259168596253425
2861.363,10.0,28.66520983344624,30.18401932864113,30.23042508596796,double,1.5188094951948894
2861.845,10.0,28.657359222070976,30.168525173760653,30.215665139829404,double,1.5111659516896747
2862.327,10.0,28.649281643109504,30.15297132294207,30.200840528215593,double,1.503689679832565
2862.809,10.0,28.641058912725242,30.13735858692347,30.18595194275577,double,1.496299674198226
2863.291,10.0,28.63335460077155,30.12168777898624,30.171000078528564,double,1.4883331782146902
2863.773,10.0,28.625213798162598,30.105959714914466,30.155985634042526,double,1.4807459167518688
2864.255,10.0,28.616406668302147,30.09017521295384,30.140909311215967,double,1.4737685446516935
2864.737,10.0,28.60786927800889,30.074335093770678,30.125771815356998,double,1.466465815761786
2865.219,10.0,28.599822821713005,30.058440180410706,30.110573855143073,double,1.4586173586977003
2865.702,10.0,28.590947313335008,30.042458153764116,30.09528442597822,double,1.45151084042911
2866.184,10.0,28.582655091653347,30.026456021109738,30.079967554722508,double,1.4438009294563903
2866.666,10.0,28.5743379438204,30.010401579003425,30.064592366645815,double,1.436063635183027
2867.148,10.0,28.566252018995847,29.994295659599622,30.049159583699904,double,1.4280436406037766
2867.63,10.0,28.559335332287382,29.978139097224943,30.03366993109955,double,1.4188037649375596
2868.112,10.0,28.550942340272012,29.961932728336272,30.01812413730055,double,1.4109903880642594
2868.594,10.0,28.543936906944072,29.945677391479208,30.00252293397741,double,1.4017404845351356
2869.076,10.0,28.535279110188082,29.929373927246022,29.986867056000744,double,1.3940948170579393
2869.559,10.0,28.526050968360796,29.912989206951057,29.971124592884763,double,1.3869382385902629
2870.041,10.0,28.517862165023754,29.89659192224946,29.955361473291337,double,1.3787297572257051
2870.523,10.0,28.508492249742133,29.880149045566718,29.939545904150123,double,1.3716567958245829
2871.005,10.0,28.499934817487098,29.863661425265377,29.923678632890994,double,1.3637266077782761
2871.487,10.0,28.491460983468492,29.847129911543735,29.90776041002261,double,1.3556689280752432
2871.969,10.0,28.482465619323488,29.83055535639398,29.891791989108285,double,1.3480897370704903
2872.451,10.0,28.473200806595205,29.813938613559415,29.875774126741174,double,1.3407378069642095
2872.933,10.0,28.46413771138335,29.797280538492117,29.859707582519647,double,1.333142827108763
2873.416,10.0,28.454807092391544,29.78054730253711,29.84355963724369,double,1.325740210145565
2873.897,10.0,28.44592286409849,29.763843821756176,29.827431501780843,double,1.3179209576576867
2874.38,10.0,28.438432886211945,29.74703205256982,29.811189825013894,double,1.3085991663578767
2874.862,10.0,28.430932216128014,29.730217158055638,29.794936114742338,double,1.2992849419276253
2875.344,10.0,28.423180849602588,29.713365234502113,29.77863756640297,double,1.2901843848995287
2875.826,10.0,28.415440577056316,29.69647714672121,29.76229495709199,double,1.281036569664895
2876.308,10.0,28.40939299102436,29.679553760934596,29.7459090667283,double,1.2701607699102335
2876.79,10.0,28.40215250195874,29.662595944730658,29.72948067802641,double,1.260443442771919
2877.272,10.0,28.393994994366466,29.645604567021365,29.71301057646879,double,1.2516095726548992
2877.754,10.0,28.38643511464354,29.62858049799936,29.696499550278045,double,1.2421453833558194
2878.237,10.0,28.377909805216905,29.61148919096171,29.679914010714125,double,1.233579385744804
2878.719,10.0,28.370924933960968,29.59440229150141,29.663323429953092,double,1.2234773575404423
2879.201,10.0,28.363959001026394,29.577285320373292,29.646694307039756,double,1.2133263193468968
2879.683,10.0,28.357860774101525,29.56013915246365,29.630027440878372,double,1.202278378362126
2880.165,10.0,28.350692922385477,29.54296466372361,29.613323632969724,double,1.19227174133813
2880.647,10.0,28.344556014924667,29.525762731125816,29.596583687381173,double,1.1812067162011497
2881.129,10.0,28.337533895479826,29.508534232621063,29.579808410717046,double,1.171000337141237
2881.611,10.0,28.329271758626756,29.49128004709516,29.562998612088,double,1.1620082884684024
2882.094,10.0,28.320708414340174,29.473965180616307,29.54612012356369,double,1.153256766276134
2882.576,10.0,28.312142174133886,29.456662212503698,29.529243650807857,double,1.1445200383698118
2883.058,10.0,28.30432083938214,29.439336201032347,29.512335099847174,double,1.1350153616502046
2883.54,10.0,28.294991416729697,29.421988028395376,29.49539528951428,double,1.126996611665676
2884.022,10.0,28.285925850561227,29.404618577503694,29.47842504099225,double,1.1186927269424662
2884.504,10.0,28.27581103663667,29.38722873194267,29.461425177782395,double,1.1114176953059995
2884.986,10.0,28.2654586162969,29.369819375928465,29.444396525671824,double,1.1043607596315619
2885.468,10.0,28.256144018734965,29.352391394264732,29.427339912700745,double,1.0962473755297686
2885.95,10.0,28.24671196622915,29.334945672299067,29.410256169129312,double,1.0882337060699188
2886.433,10.0,28.237523345705334,29.317446849562522,29.39311060263414,double,1.0799235038571886
2886.915,10.0,28.227871878371936,29.299968272786693,29.375975045395197,double,1.0720963944147566
2887.397,10.0,28.21875572824452,29.282474616420473,29.358814863058846,double,1.0637188881759518
2887.879,10.0,28.21002886535545,29.26496676755287,29.34163089443239,double,1.054937902197417
2888.361,10.0,28.202330170039446,29.247445613599293,29.324423980373016,double,1.0451154435598464
2888.843,10.0,28.194535069755293,29.229912042257965,29.307194963752664,double,1.0353769725026718
2889.325,10.0,28.186621826878355,29.212366941466485,29.289944689422953,double,1.025745114588128
2889.807,10.0,28.178823522507845,29.194811199358263,29.27267400417947,double,1.0159876768504161
2890.29,10.0,28.172731154496926,29.177209251761127,29.25534786509806,double,1.0044780972641998
2890.772,10.0,28.165683124111645,29.15963487451785,29.23803886807459,double,0.9939517504062023
2891.254,10.0,28.15701451845587,29.142052522941707,29.22071201359796,double,0.9850380044858387
2891.736,10.0,28.149348310949552,29.12446308551484,29.203368155881293,double,0.9751147745652888
2892.218,10.0,28.14136484608556,29.106867450697838,29.186008150899085,double,0.9655026046122783
2892.7,10.0,28.135207285894438,29.089266506886375,29.168632856349674,double,0.9540592209919374
2893.182,10.0,28.12781047962484,29.071661142367834,29.151243131617377,double,0.9438506627429899
2893.664,10.0,28.120007131868753,29.05405224527793,29.133839837734577,double,0.9340451134091765
2894.146,10.0,28.11243924447367,29.03644070355742,29.11642383734322,double,0.9240014590837509
2894.629,10.0,28.10519967369603,29.018790861584765,29.098959825596438,double,0.9135911878887348
2895.111,10.0,28.09792589626758,29.001176692547116,29.081520984486342,double,0.9032507962795366
2895.593,10.0,28.090042656885437,28.983562542938373,29.06407203586321,double,0.8935198860529348
2896.075,10.0,28.08137149993023,28.96594929948573,29.046613848420044,double,0.8845777995554971
2896.557,10.0,28.074076600376184,28.94833784850527,29.02914729226299,double,0.8742612481290823
2897.039,10.0,28.067123776900605,28.930729075858526,29.01167323887054,double,0.8636052989579202
2897.521,10.0,28.058815773402777,28.91312386690962,28.994192561053595,double,0.8543080935068392
2898.003,10.0,28.0509702420619,28.895523106482134,28.976706132914043,double,0.8445528644202338
2898.486,10.0,28.043868032138747,28.877891179935954,28.959178536333862,double,0.8340231477972082
2898.968,10.0,28.0357256300172,28.860301982460037,28.941683227430747,double,0.8245763524428351
2899.45,10.0,28.02806304303672,28.842719886134315,28.924184799667827,double,0.8146568430975942
2899.932,10.0,28.019810832523017,28.825145773189277,28.90668413189984,double,0.805334940666258
2900.414,10.0,28.012235054088393,28.807580525100036,28.889182104063977,double,0.7953454710116437
2900.896,10.0,28.00358305645567,28.790025022543976,28.87167959713729,double,0.7864419660883026
2901.378,10.0,27.994909339032276,28.772480145357843,28.854177493093424,double,0.7775708063255671
2901.86,10.0,27.985373487922953,28.754946772495156,28.836676674859874,double,0.7695732845722003
2902.343,10.0,27.976304764850855,28.737389444860966,28.819141724892773,double,0.7610846800101101
2902.824,10.0,27.96754241538984,28.71991805088293,28.801682432039577,double,0.752375635493091
2903.307,10.0,27.958049652494708,28.702388176775667,28.78415449265327,double,0.7443385242809575
2903.789,10.0,27.948995607501274,28.68490962364025,28.766667675411618,double,0.7359140161389777
2904.271,10.0,27.940649370301358,28.667446956672126,28.749186573228673,double,0.7267975863707699
2904.753,10.0,27.932539401745395,28.650001048631445,28.731712073830764,double,0.7174616468860529
2905.235,10.0,27.922750456870276,28.632572771098562,28.71424506558694,double,0.7098223142282867
2905.717,10.0,27.913594009370023,28.61516299443185,28.69678643746365,double,0.7015689850618234
2906.199,10.0,27.90464367587321,28.59777258772573,28.67933707897896,double,0.6931289118525197
2906.681,10.0,27.895336521875834,28.58040241876874,28.66189788015625,double,0.6850658968929058
2907.164,10.0,27.886502869115194,28.563017382629397,28.64443358559795,double,0.6765145135142037
2907.646,10.0,27.876844471865724,28.545690333581046,28.627017403660094,double,0.6688458617153226
2908.128,10.0,27.869417227476,28.528386119184223,28.609614055872445,double,0.6589688917082226
2908.61,10.0,27.861461384907493,28.511105601583203,28.592224433815115,double,0.6496442166757099
2909.092,10.0,27.85430773849632,28.49384964140797,28.57484942933936,double,0.63954190291165
2909.574,10.0,27.84642845112146,28.47661909773262,28.557489934519776,double,0.6301906466111562
2910.056,10.0,27.84009153563456,28.45941482803433,28.54014684160664,double,0.6193232923997705
2910.538,10.0,27.83312947228235,28.442237688151963,28.522821042977576,double,0.6091082158696082
2911.021,10.0,27.827545495927815,28.425052982764253,28.505477542704867,double,0.5975074868364405
2911.503,10.0,27.82163940745679,28.407932723983166,28.488189050555256,double,0.5862933165263762
2911.985,10.0,27.815599603003356,28.39084215405724,28.470920531953336,double,0.5752425510538839
2912.467,10.0,27.8111694664759,28.37378212185831,28.453672879299518,double,0.5626126553824107
2912.949,10.0,27.805665666506236,28.356753474415164,28.43644698487735,double,0.5510878079089288
2913.431,10.0,27.80065583568411,28.33975705687315,28.419243740803402,double,0.5391012211890367
2913.913,10.0,27.79485868666703,28.32279371245351,28.40206403897777,double,0.5279350257864801
2914.395,10.0,27.789847560437874,28.305864282413097,28.38490877103389,double,0.516016721975221
2914.877,10.0,27.784251708476106,28.288969606004084,28.36777882828812,double,0.5047178975279787
2915.36,10.0,27.778616562656506,28.27207558065406,28.35063964464902,double,0.4934590179975551
2915.842,10.0,27.77326615033271,28.255252997483982,28.333563081891633,double,0.48198684715127227
2916.324,10.0,27.766843005633557,28.238467674998624,28.316514517719938,double,0.4716246693650672
2916.806,10.0,27.761213669721936,28.221720444026467,28.29949484167411,double,0.460506774304531
2917.288,10.0,27.755199865801416,28.205012133191588,28.282504942722586,double,0.44981226739017055
2917.77,10.0,27.749087933214707,28.188343568874195,28.26554570921055,double,0.4392556356594912
2918.252,10.0,27.742423532339995,28.171715575171163,28.24861802880796,double,0.42929204283116973
2918.734,10.0,27.734676945498048,28.155128973856748,28.231722788457915,double,0.42045202835869766
2919.217,10.0,27.726179106693323,28.1385503043299,28.214825926356568,double,0.4123711976365796
2919.699,10.0,27.717848046722644,28.12204903374802,28.19799829566935,double,0.4042009870253771
2920.181,10.0,27.709513122530105,28.10559160823792,28.18120576281285,double,0.39607848570781257
2920.663,10.0,27.701036235953104,28.089178839887747,28.164449211296528,double,0.3881426039346436
2921.145,10.0,27.69186293951969,28.07281153826835,28.147729523640074,double,0.3809485987486594
2921.627,10.0,27.681802806821747,28.056490510394937,28.131047581320427,double,0.3746877035731899
2922.109,10.0,27.672836698702625,28.04021656068859,28.11440426471855,double,0.36737986198596695
2922.591,10.0,27.663355070855523,28.02399049093815,28.097800453065968,double,0.36063542008262783
2923.073,10.0,27.653983528550942,28.00781310026209,28.08123702439141,double,0.3538295717111506
2923.556,10.0,27.64465778758219,27.991651776646265,28.064680620605074,double,0.3469939890640761
2924.038,10.0,27.635318226919836,27.97557423571955,28.048200675218972,double,0.34025600879971085
2924.52,10.0,27.62682025914352,27.959547756459973,28.031763740954034,double,0.332727497316454
2925.002,10.0,27.61814853221764,27.943573126921216,28.015370690486186,double,0.3254245947035772
2925.484,10.0,27.60935880348673,27.92765113229823,27.999022395018414,double,0.31829232881149805
2925.966,10.0,27.602284111519896,27.91178255489036,27.982719724226552,double,0.30949844337046506
2926.448,10.0,27.59479080355752,27.895968174064322,27.966463546204746,double,0.3011773705068055
2926.93,10.0,27.58782220072103,27.88020876621724,27.95025472741081,double,0.292386565496211
2927.413,10.0,27.580772799516662,27.864472583012656,27.934060655134218,double,0.28369978349599423
2927.895,10.0,27.575748194268407,27.84882555630692,27.917949250086675,double,0.2730773620385152
2928.377,10.0,27.570821774783127,27.833235815177087,27.9018877950596,double,0.2624140403939601
2928.859,10.0,27.565939729568235,27.817704123770625,27.885877149413417,double,0.2517643942023917
2929.341,10.0,27.561568959626882,27.802231243083362,27.86991817059739,double,0.2406622834564831
2929.823,10.0,27.55814559213371,27.78681793092417,27.85401171409442,double,0.22867233879045878
2930.305,10.0,27.55396170210338,27.771464941878865,27.83815863336587,double,0.21750323977548502
2930.787,10.0,27.551231561644272,27.756173027274798,27.822359779796134,double,0.20494146563052595
2931.27,10.0,27.54730831858533,27.74091140222556,27.806583397038764,double,0.19360308364023138
2931.751,10.0,27.543952552107413,27.725775410195958,27.790928148952837,double,0.18182285808854282
2932.234,10.0,27.53935212964408,27.710639923539475,27.77526469352143,double,0.17128779389539717
2932.716,10.0,27.533846307410283,27.69559988721352,27.759691339347704,double,0.16175357980323657
2933.198,10.0,27.52850252383358,27.680624633378702,27.74417643789779,double,0.15212210954512195
2933.68,10.0,27.52272671359392,27.665714893068525,27.72872082692267,double,0.14298817947460685
2934.162,10.0,27.517157229833177,27.65087139381439,27.713325341706952,double,0.13371416398121339
2934.644,10.0,27.510074186524452,27.636094859611404,27.69799081501304,double,0.12602067308695175
2935.126,10.0,27.50349885274955,27.62138601088463,27.682718077025402,double,0.11788715813507711
2935.608,10.0,27.496060521447095,27.60674556445515,27.667507955294685,double,0.11068504300805193
2936.091,10.0,27.48841258870162,27.592144074867818,27.65232991655099,double,0.10373148616619754
2936.573,10.0,27.480311567213096,27.57764271451376,27.63724763335049,double,0.09733114730066661
2937.055,10.0,27.473359762985165,27.563211886423634,27.622230434394456,double,0.08985212343846638
2937.537,10.0,27.465467792732362,27.548852292662218,27.607279136133865,double,0.08338449992985608
2938.019,10.0,27.456354909799806,27.534564631524628,27.59239455210656,double,0.0782097217248201
2938.501,10.0,27.448088742323822,27.52034959750399,27.57757749288143,double,0.07226085518016734
2938.983,10.0,27.439707772569555,27.50620788125888,27.562828766002667,double,0.06650010868932688
2939.465,10.0,27.431684355106718,27.49214016958138,27.54814917593389,double,0.06045581447466364
2939.948,10.0,27.424118815073346,27.478118192303292,27.53350928677607,double,0.0539993772299463
2940.43,10.0,27.417253431207435,27.46420069157589,27.51897051870088,double,0.04694726036845731
2940.912,10.0,27.408413408831056,27.450359233670273,27.504503283432314,double,0.04194582483921794
2941.394,10.0,27.401829149910036,27.43659448958635,27.490108372548406,double,0.03476533967631812
2941.876,10.0,27.39551861224293,27.422907126299663,27.475786574268323,double,0.027388514056730928
2942.358,10.0,27.390104560373175,27.40929780673051,27.46153867339713,double,0.019193246357335214
2942.84,10.0,27.38462667274146,27.39576718971325,27.447365451270255,double,0.011140516971785974
2943.322,10.0,27.378631018696563,27.38231592996571,27.433267685698322,double,0.003684911269147273
2943.804,10.0,27.374271986192777,27.368944678059158,27.419246150911924,double,-0.005327308133618036
2944.287,10.0,27.369177685452556,27.355626590819803,27.405272767514568,double,-0.01355109463275217
2944.769,10.0,27.36394257269091,27.342417458900965,27.391406164534875,double,-0.02152511378994415
2945.251,10.0,27.35943403950959,27.329290262675805,27.377618094580946,double,-0.03014377683378533
2945.733,10.0,27.354410081456205,27.31624563582122,27.36390931700528,double,-0.03816444563498611
2946.215,10.0,27.34988602206799,27.303284207719248,27.35028058730562,double,-0.04660181434874566
2946.697,10.0,27.344960503681904,27.29040660342793,27.336732657070662,double,-0.054553900253973
2947.179,10.0,27.339989925328183,27.277613443652736,27.32326627392563,double,-0.06237648167544685
2947.661,10.0,27.33591891741838,27.26490534471798,27.309882181477818,double,-0.07101357270039577
2948.144,10.0,27.329678984067186,27.25225682041101,27.296553610518526,double,-0.07742216365617671
2948.626,10.0,27.32548682853073,27.239720854097023,27.283336488495074,double,-0.08576597443371026
2949.108,10.0,27.320378257974554,27.227271772273852,27.270203864856757,double,-0.09310648570070024
2949.59,10.0,27.315668226047162,27.214910173451045,27.257156466591503,double,-0.10075805259611714
2950.072,10.0,27.310566034786167,27.202636651617716,27.244195016400454,double,-0.10792938316844802
2950.554,10.0,27.30619556840736,27.190451796215363,27.231320232644734,double,-0.11574377219199516
2951.036,10.0,27.30307352421988,27.178356192111025,27.218532829292325,double,-0.1247173321088535
2951.518,10.0,27.29952424746591,27.166350419570445,27.20583351586518,double,-0.1331738278954664
2952.0,10.0,27.295001481117442,27.15443505423183,27.1932229973867,double,-0.14056642688561327
2952.483,10.0,27.28986260265956,27.142586230121058,27.180676090616494,double,-0.1472763725385018
2952.965,10.0,27.286281596778277,27.13085357797103,27.1682454466875,double,-0.15542801880724655
2953.447,10.0,27.28180212736176,27.11921303307077,27.15590568669083,double,-0.162589094290988
2953.929,10.0,27.27785792263934,27.107665152278177,27.14365749712302,double,-0.17019277036116054
2954.411,10.0,27.274334504517178,27.096210487694776,27.13150155972167,double,-0.17812401682240075
2954.893,10.0,27.27113142153407,27.084849586640697,27.119438551414397,double,-0.18628183489337036
2955.375,10.0,27.26733654873803,27.07358299162987,27.107469144267505,double,-0.19375355710816167
2955.857,10.0,27.264506218005902,27.062411240345508,27.095594005435476,double,-0.2020949776603942
2956.34,10.0,27.261527563429105,27.051311985095953,27.08378945598062,double,-0.21021557833315052
2956.822,10.0,27.25783544895949,27.040331714387587,27.07210503433557,double,-0.21750373457189998
2957.304,10.0,27.253568238178826,27.029447872309497,27.060516853840515,double,-0.22412036586932915
2957.786,10.0,27.250214189089938,27.018660976971432,27.049025561488804,double,-0.2315532121185071
2958.268,10.0,27.245952850005096,27.007971541533493,27.037631799111892,double,-0.23798130847160204
2958.75,10.0,27.241294756306033,26.99738007418288,27.02633620333022,double,-0.24391468212315304
2959.232,10.0,27.236478635209867,26.986887078111426,27.015139405504424,double,-0.2495915570984386
2959.714,10.0,27.233696667579167,26.976493051492778,27.004042031686833,double,-0.25720361608638775
2960.197,10.0,27.229596648781516,26.966177233174115,26.99302199096174,double,-0.2634194156074021
2960.678,10.0,27.22580324272731,26.95600387408486,26.982148033455545,double,-0.26979936864244825
2961.161,10.0,27.222003663070122,26.945888856804523,26.971330342769228,double,-0.27611480626559826
2961.643,10.0,27.217680341724176,26.93589579845112,26.960637029645017,double,-0.2817845432730559
2962.125,10.0,27.214514108153548,26.926004125352286,26.950046190728948,double,-0.2885099828012605
2962.607,10.0,27.210522315281665,26.91621430510357,26.939558419212307,double,-0.29430801017809594
2963.089,10.0,27.208884372835517,26.906526800131758,26.92917430264796,double,-0.30235757270375974
2963.571,10.0,27.20586306935589,26.896942067674424,26.918894422904664,double,-0.30892100168146697
2964.053,10.0,27.203152075229088,26.887460559759756,26.90871935612169,double,-0.3156915154693296
2964.535,10.0,27.200934785132002,26.878082723186502,26.898649672663787,double,-0.3228520619455
2965.018,10.0,27.199316732605965,26.8687898679423,26.88866537594709,double,-0.3305268646636661
2965.5,10.0,27.19736914588335,26.85962091078931,26.87880836845773,double,-0.3377482350940375
2965.982,10.0,27.194243366512328,26.850556934690783,26.86905842143758,double,-0.3436864318215438
2966.464,10.0,27.191357547819837,26.84159836532257,26.859416081699067,double,-0.3497591824972668
2966.946,10.0,27.1877307681495,26.832745623035336,26.849881890061116,double,-0.3549851451141617
2967.428,10.0,27.186011524671898,26.823999122836064,26.8404563813065,double,-0.36201240183583727
2967.91,10.0,27.1827686649783,26.815359274369925,26.831140084139694,double,-0.3674093906083753
2968.392,10.0,27.18044860020128,26.80682648190268,26.821933521145258,double,-0.3736221182985999
2968.875,10.0,27.177359153932695,26.798383776322137,26.812818451689118,double,-0.37897537761055755
2969.357,10.0,27.17419693593694,26.790066511200756,26.803833130427268,double,-0.3841304247361843
2969.839,10.0,27.170078636907718,26.781857483222943,26.794959074999845,double,-0.3882211536847757
2970.321,10.0,27.167644985635597,26.773757074951813,26.786196783090016,double,-0.39388791068378226
2970.803,10.0,27.164083608237476,26.765765663485773,26.77754674605895,double,-0.3983179447517027
2971.285,10.0,27.15927536350798,26.757883620442307,26.769009448906733,double,-0.40139174306567105
2971.767,10.0,27.15429918127216,26.75011131194206,26.760585370234026,double,-0.40418786933010264
2972.249,10.0,27.15097139372337,26.74244909859307,26.752274982203872,double,-0.4085222951303036
2972.731,10.0,27.147166342015417,26.734897335475555,26.74407875050413,double,-0.41226900653986154
2973.214,10.0,27.143568218388147,26.727441049858896,26.73598048692942,double,-0.41612716852925113
2973.696,10.0,27.140605325360546,26.720111461200236,26.728014178065063,double,-0.42049386416030954
2974.178,10.0,27.13819097930938,26.712893355392648,26.720163384293905,double,-0.42529762391673165
2974.66,10.0,27.13421008272125,26.705787065244614,26.712428545023503,double,-0.4284230174766368
2975.142,10.0,27.131771036483006,26.69879291796405,26.704810093005804,double,-0.4329781185189563
2975.624,10.0,27.128895123154052,26.69191123514426,26.697308454302448,double,-0.4369838880097898
2976.106,10.0,27.125764691268117,26.685142332750722,26.689924048250845,double,-0.4406223585173952
2976.588,10.0,27.12248461072408,26.678486521107846,26.68265728743071,double,-0.4439980896162321
2977.071,10.0,27.120549715958177,26.67193064949097,26.67549386927436,double,-0.44861906646720406
2977.553,10.0,27.1183297192214,26.665502163881527,26.668463855617507,double,-0.4528275553398742
2978.035,10.0,27.116257304020674,26.65918766662458,26.661552684863786,double,-0.45706963739609585
2978.517,10.0,27.114030581529015,26.6529874453424,26.6547607422231,double,-0.46104313618661186
2978.999,10.0,27.112229839993972,26.64690178195442,26.648088405988048,double,-0.4653280580395547
2979.481,10.0,27.11139214429269,26.640930952665908,26.641536047503745,double,-0.4704611916267809
2979.963,10.0,27.110543326145255,26.63507522795672,26.63510403113808,double,-0.4754680981885362
2980.445,10.0,27.109431432575633,26.629334872570386,26.628792714252548,double,-0.48009656000524426
2980.927,10.0,27.10779610852871,26.62371014550347,26.622602447173875,double,-0.4840859630252381
2981.41,10.0,27.107271080298357,26.618189991486386,26.61652110856304,double,-0.4890810888119712
2981.892,10.0,27.107282886476934,26.61279751619364,26.61057421669405,double,-0.494485370283293
2982.374,10.0,27.10561281310653,26.607521412121727,26.604749383801128,double,-0.4980914009848014
2982.856,10.0,27.103773107655016,26.602361915166696,26.599046931782667,double,-0.5014111924883213
2983.338,10.0,27.10165395648604,26.597319255428854,26.59346717536818,double,-0.5043347010571853
2983.82,10.0,27.100984005410094,26.59239365720363,26.588010422093195,double,-0.5085903482064669
2984.302,10.0,27.099986252298557,26.587585338973053,26.582676972274744,double,-0.5124009133255059
2984.784,10.0,27.098611076379857,26.58289451339736,26.57746711898773,double,-0.5157165629824989
2985.267,10.0,27.09538010093037,26.578312021982185,26.572370725204287,double,-0.5170680789481852
2985.749,10.0,27.09315380271215,26.573857041181615,26.567409172999756,double,-0.5192967615305355
2986.231,10.0,27.091973626091665,26.569520156405613,26.562572053423615,double,-0.5224534696860517
2986.713,10.0,27.090545141851596,26.565301556937467,26.557859630340452,double,-0.5252435849141313
2987.195,10.0,27.08881793381337,26.56120142620114,26.553272160262452,double,-0.5276165076122274
2987.677,10.0,27.08725521815658,26.557219941754774,26.548809892329604,double,-0.5300352764018079
2988.159,10.0,27.085116327285917,26.553357275284295,26.544473068289843,double,-0.5317590520016235
2988.641,10.0,27.08332175538077,26.549613592597375,26.54026192248041,double,-0.5337081627833917
2989.124,10.0,27.081173858288043,26.545981657784612,26.536168337237953,double,-0.5351922005034315
2989.605,10.0,27.078338370239706,26.54248381237936,26.53221756573867,double,-0.5358545578603491
2990.088,10.0,27.0755664554647,26.53909111681353,26.528376965910883,double,-0.5364753386511711
2990.57,10.0,27.073000957614568,26.535825157828818,26.524670990295103,double,-0.5371757997857496
2991.052,10.0,27.071156659161744,26.532678923577386,26.52109175321885,double,-0.5384777355843584
2991.534,10.0,27.071003017282884,26.529652544474196,26.517639444178386,double,-0.5413504728086882
2992.016,10.0,27.070822635872226,26.52674614502173,26.5143142451449,double,-0.544076490850498
2992.498,10.0,27.070964959173878,26.52395984380611,26.5111163305508,double,-0.5470051153677657
2992.98,10.0,27.070719413043832,26.521293753493868,26.508045867276653,double,-0.5494256595499625
2993.462,10.0,27.071096644262354,26.51874798082845,26.50510301463872,double,-0.5523486634339048
2993.945,10.0,27.072837150928347,26.516317720014037,26.502282216850837,double,-0.5565194309143096
2994.427,10.0,27.0738586807888,26.514013129289737,26.49959529862968,double,-0.5598455514990608
2994.909,10.0,27.074754197829957,26.511829141056825,26.497036423768925,double,-0.5629250567731336
2995.391,10.0,27.075344444560667,26.50976583832918,26.494605721200916,double,-0.5655786062314871
2995.873,10.0,27.076756931606884,26.507823298186327,26.49230331224145,double,-0.5689336334205541
2996.355,10.0,27.07795993959252,26.506001591771998,26.490129310581413,double,-0.5719583478205226
2996.837,10.0,27.07734734903433,26.504300784293,26.488083822278817,double,-0.5730465647413308
2997.319,10.0,27.07760617179396,26.5027209350184,26.48616694575204,double,-0.574885236775563
2997.802,10.0,27.078191263728428,26.50125919646959,26.484375195713305,double,-0.5769320672588396
2998.284,10.0,27.07872380470325,26.499921668862136,26.482716074673117,double,-0.5788021358411166
2998.766,10.0,27.078395173242033,26.498705241715324,26.48118581491189,double,-0.5796899315267057
2999.248,10.0,27.077841890437902,26.497609950532198,26.479784484214818,double,-0.5802319399057065
2999.73,10.0,27.077898401899127,26.496635824878016,26.478512142701767,double,-0.5812625770211077
3000.212,10.0,27.078804143109565,26.49578288838135,26.477368842824152,double,-0.5830212547282165
3000.694,10.0,27.07911402211755,26.495051158735134,26.476354629362532,double,-0.5840628633824174
3001.176,10.0,27.07841691936601,26.494440647698152,26.475469539424846,double,-0.5839762716678576
3001.658,10.0,27.07915009703614,26.493951361096833,26.474713602445476,double,-0.5851987359393074
3002.141,10.0,27.07959024660233,26.493582661221694,26.47408567413585,double,-0.5860075853806379
3002.623,10.0,27.079085783082256,26.493336068731683,26.473588368716133,double,-0.5857497143505752
3003.105,10.0,27.08036605274754,26.49321068255307,26.47322025852074,double,-0.5871553701944698
3003.587,10.0,27.080514666791426,26.493206484793685,26.47298134227641,double,-0.5873081819977422
3004.069,10.0,27.079869319320505,26.49332345164199,26.47287161104112,double,-0.5865458676785118
3004.551,10.0,27.08028131780265,26.493561553370636,26.472891048206993,double,-0.5867197644320143
3005.033,10.0,27.081723375754923,26.493920754340227,26.473039629504,double,-0.5878026214146959
3005.515,10.0,27.083739520904082,26.494401013003255,26.47331732300433,double,-0.5893385079008273
3005.998,10.0,27.085386670146672,26.495003655108118,26.473725067179554,double,-0.5903830150385536
3006.48,10.0,27.087314970012176,26.495726131793752,26.474261126330568,double,-0.5915888382184264
3006.962,10.0,27.0888197839964,26.49656950599789,26.47492615588617,double,-0.5922502779985073
3007.444,10.0,27.09085590106183,26.497533712574818,26.475720093328185,double,-0.593322188487011
3007.926,10.0,27.09182064067453,26.49861868049534,26.476642868512414,double,-0.5932019601791905
3008.408,10.0,27.09365179667008,26.499824332852466,26.47769440367693,double,-0.5938274638176144
3008.89,10.0,27.0950572538791,26.501150586867517,26.478874613451108,double,-0.5939066670115845
3009.372,10.0,27.096602387505353,26.502597353896395,26.480183404865386,double,-0.5940050336089575
3009.854,10.0,27.09737699104767,26.504164539436143,26.481620677361462,double,-0.59321245161153
3010.337,10.0,27.099588985209877,26.505855669174593,26.483189704394817,double,-0.5937333160352831
3010.819,10.0,27.100183202962935,26.50766363411481,26.484883873049114,double,-0.5925195688481266
3011.301,10.0,27.098870903681917,26.509591698736045,26.486706175428303,double,-0.5892792049458695
3011.783,10.0,27.10077909353933,26.511639745159787,26.48865648072044,double,-0.5891393483795415
3012.265,10.0,27.101305659289153,26.513807649685937,26.49073465058664,double,-0.5874980096032156
3012.747,10.0,27.102744212561475,26.51609528280112,26.49294053917519,double,-0.5866489297603528
3013.229,10.0,27.104660216561882,26.518502509187304,26.495273993136575,double,-0.5861577073745794
3013.711,10.0,27.10559228221665,26.521029187730516,26.497734851639045,double,-0.5845630944861346
3014.194,10.0,27.107468906541655,26.523680785035676,26.50032844801704,double,-0.5837881215059793
3014.676,10.0,27.109873652645412,26.526446168455735,26.50304386668227,double,-0.5834274841896747
3015.158,10.0,27.11126838160688,26.529330545674114,26.50588616227745,double,-0.5819378359327665
3015.64,10.0,27.113497882251032,26.53233375247558,26.50885514419503,double,-0.5811641297754522
3016.122,10.0,27.114534414716395,26.53545561889757,26.511950614432635,double,-0.579078795818827
3016.604,10.0,27.11710774449898,26.538695969240635,26.51517236761264,double,-0.5784117752583473
3017.086,10.0,27.11981170831838,26.542054622079082,26.518520191002015,double,-0.5777570862393
3017.568,10.0,27.122409743700114,26.54553139027228,26.521993864533044,double,-0.5768783534278343
3018.051,10.0,27.124910787350636,26.549133661283552,26.525600758667167,double,-0.5757771260670841
3018.532,10.0,27.127115710879806,26.552838495652843,26.52931784520392,double,-0.5742772152269648
3019.015,10.0,27.130776419219384,26.556676498025666,26.53317579284694,double,-0.5740999211937159
3019.497,10.0,27.13385182924567,26.560623985490977,26.537150779188845,double,-0.5732278437546923
3019.979,10.0,27.135740408003883,26.564688566834437,26.541250405539508,double,-0.5710518411694454
3020.461,10.0,27.137944484519206,26.56887002086078,26.545474408276025,double,-0.5690744636584255
3020.943,10.0,27.14135202791895,26.573168120744583,26.54982251660246,double,-0.5681839071743633
3021.425,10.0,27.143095951370256,26.57758263404359,26.554294452575334,double,-0.5655133173266658
3021.907,10.0,27.146670649787687,26.582113322712352,26.55888993112982,double,-0.5645573270753323
3022.389,10.0,27.149318648934205,26.58675994311579,26.56360866010615,double,-0.5625587058184167
3022.872,10.0,27.152557072744504,26.59153224641564,26.568460512852955,double,-0.5610248263288653
3023.354,10.0,27.15574298178587,26.596410216303468,26.57342509207875,double,-0.559332765482401
3023.836,10.0,27.157633046478963,26.601403353079213,26.57851200229714,double,-0.5562296933997513
3024.318,10.0,27.160071017700517,26.606511390881042,26.583720923233066,double,-0.553559626819472
3024.8,10.0,27.16327337552841,26.611734058330473,26.589051527659013,double,-0.5515393171979355
3025.282,10.0,27.164327749242634,26.617071078547415,26.594503481424635,double,-0.5472566706952176
3025.764,10.0,27.16653623969465,26.622522169166217,26.600076443487797,double,-0.5440140705284313
3026.246,10.0,27.17140895336641,26.62808704235115,26.605770065945457,double,-0.5433219110152598
3026.729,10.0,27.17415511954701,26.63377730341307,26.611596180964725,double,-0.5403778161339412
3027.211,10.0,27.17762464829512,26.6395690909452,26.61753030168461,double,-0.5380555573499146
3027.693,10.0,27.180829034510108,26.645473764242677,26.62358399747423,double,-0.5353552702674291
3028.175,10.0,27.18274413153407,26.651491013742778,26.629756893296243,double,-0.5312531177912916
3028.657,10.0,27.186623618911966,26.657620524496085,26.63604860741671,double,-0.5290030944158808
3029.139,10.0,27.18935332168575,26.663861976183757,26.642458751439367,double,-0.5254913455019938
3029.621,10.0,27.190838335534472,26.67021504313558,26.648986930340644,double,-0.5206232923988918
3030.103,10.0,27.193570691828334,26.676679394347435,26.655632742504963,double,-0.5168912974808981
3030.585,10.0,27.19544703202451,26.6832546934998,26.66239577976066,double,-0.5121923385247085
3031.068,10.0,27.19956072899084,26.689954584884358,26.66929002209234,double,-0.5096061441064836
3031.55,10.0,27.202082301192277,26.696750978179075,26.67628650000357,double,-0.5053313230132028
3032.032,10.0,27.20402787464965,26.703657278011818,26.683398938627807,double,-0.5003705966378336
3032.514,10.0,27.207269466117946,26.710673126976808,26.690626903925008,double,-0.49659633914113654
3032.996,10.0,27.20981529036206,26.717798162447316,26.697969955486183,double,-0.4920171279147456
3033.478,10.0,27.213070272823376,26.725032016595364,26.705427646571945,double,-0.4880382562280128
3033.96,10.0,27.215265698343654,26.73237431641178,26.71299952415218,double,-0.482891381931877
3034.442,10.0,27.21853414642233,26.73982468372601,26.72068512894534,double,-0.47870946269631953
3034.925,10.0,27.223678602108443,26.747398527500465,26.728500293089063,double,-0.4762800746079765
3035.407,10.0,27.22768315035296,26.755064096954563,26.73641218317021,double,-0.4726190533983987
3035.889,10.0,27.230807494407966,26.76283656781151,26.744436384519283,double,-0.467970926596456
3036.371,10.0,27.2369976649783,26.770715541451963,26.752572413243787,double,-0.46628212352634035
3036.853,10.0,27.241075626152334,26.778700614199813,26.760819779405487,double,-0.4623750119525205
3037.335,10.0,27.245745770303408,26.78679137734381,26.769177987062676,double,-0.4589543929595985
3037.817,10.0,27.251216608785562,26.794987417159298,26.777646534312993,double,-0.45622919162626174
3038.299,10.0,27.256413540993062,26.803288314930356,26.786224913336664,double,-0.4531252260627061
3038.781,10.0,27.26359260615031,26.811693646972135,26.794912610440015,double,-0.45189895917817635
3039.264,10.0,27.269884586083563,26.820220746694368,26.803727468822846,double,-0.4496638393891972
3039.746,10.0,27.275170653937746,26.82883387088545,26.81263246181261,double,-0.44633678305229796
3040.228,10.0,27.28178157725052,26.837550127790248,26.82164519589193,double,-0.4442314494602695
3040.71,10.0,27.28748448009004,26.846369074065425,26.830765134303498,double,-0.44111540602461696
3041.192,10.0,27.292504514108646,26.8552902615135,26.839991734639913,double,-0.43721425259514723
3041.674,10.0,27.29746683651637,26.864313237106806,26.84932444888979,double,-0.43315359940956366
3042.156,10.0,27.300961468069605,26.873437543011157,26.858762723483576,double,-0.4275239250584484
3042.638,10.0,27.303835659368026,26.882662716610128,26.868305999340446,double,-0.42117294275789696
3043.121,10.0,27.308582248376013,26.89200774223213,26.877973836083445,double,-0.4165745061438797
3043.603,10.0,27.311354419903978,26.90143345118954,26.887725630308257,double,-0.40992096871443895
3044.085,10.0,27.314454324919645,26.910958610548736,26.89758071475693,double,-0.4034957143709106
3044.567,10.0,27.318147458732977,26.920582738799947,26.907538508764446,double,-0.3975647199330301
3045.049,10.0,27.32138937514717,26.930305349775175,26.917598426392512,double,-0.39108402537199605
3045.531,10.0,27.325546885989517,26.940125952673398,26.927759876477992,double,-0.38542093331611627
3046.013,10.0,27.32869196181013,26.950044052086465,26.938022262681578,double,-0.37864790972366724
3046.495,10.0,27.332338025824694,26.960059148024772,26.948384983537142,double,-0.37227887779991975
3046.978,10.0,27.337258642624164,26.970191814292445,26.958869242070406,double,-0.3670668283317191
3047.459,10.0,27.34092221430482,26.980378306768856,26.96940899800211,double,-0.3605439075359651
3047.942,10.0,27.34481512863792,26.990702821407876,26.980091281769493,double,-0.3541123072300423
3048.424,10.0,27.34901392159474,27.001101009294427,26.99084942818762,double,-0.3479129123003133
3048.906,10.0,27.353329578867463,27.011593624869462,27.00170482545875,double,-0.3417359539980014
3049.388,10.0,27.359750758464997,27.022180141201247,27.012656842393113,double,-0.3375706172637494
3049.87,10.0,27.36438386460819,27.0328600269635,27.02370484302564,double,-0.3315238376446872
3050.352,10.0,27.370779078839146,27.04363274646321,27.03484818666768,double,-0.32714633237593826
3050.834,10.0,27.377866229367008,27.05449775966825,27.046086227958057,double,-0.3233684696987593
3051.316,10.0,27.385002454178416,27.06545452223535,27.05741831691514,double,-0.31954793194306497
3051.799,10.0,27.393294014284592,27.076525501043903,27.068867599933554,double,-0.31676851324068944
3052.281,10.0,27.399927080888897,27.087664299689752,27.080386007762492,double,-0.3122627811991463
3052.763,10.0,27.40649354503997,27.098893187922922,27.09199648472878,double,-0.30760035711704936
3053.245,10.0,27.413504713874033,27.110211604429878,27.103698362880845,double,-0.30329310944415266
3053.727,10.0,27.419280823727405,27.12161898372891,27.11549096990855,double,-0.29766183999849205
3054.209,10.0,27.423857050844408,27.133114756198616,27.127373629195965,double,-0.2907422946457905
3054.691,10.0,27.429383073899317,27.14469834810769,27.139345659874664,double,-0.2846847257916285
3055.173,10.0,27.43419342301146,27.15636918164409,27.151406376877052,double,-0.2778242413673693
3055.656,10.0,27.43907072379819,27.168151157761244,27.16358038678319,double,-0.27091956603694234
3056.138,10.0,27.44307427449088,27.179994902906923,27.175816585105228,double,-0.26307937158395744
3056.62,10.0,27.446937549665318,27.191924130829726,27.18813938843723,double,-0.25501341883559236
3057.102,10.0,27.452740165236158,27.203938247685418,27.200548095442738,double,-0.24880191755073944
3057.584,10.0,27.45774145962891,27.216036655699305,27.213042000855136,double,-0.24170480392960436
3058.066,10.0,27.46220098142788,27.228218753196963,27.2256203955319,double,-0.23398222823091674
3058.548,10.0,27.467365843535273,27.240483934634756,27.23828256650873,double,-0.22688190890051696
3059.03,10.0,27.472413203980206,27.25283159063106,27.251027797054295,double,-0.21958161334914572
3059.512,10.0,27.47872780893117,27.26526110799699,27.263855366724528,double,-0.2134667009341784
3059.995,10.0,27.483665277955332,27.277797909728747,27.276791418292813,double,-0.20586736822658658
3060.477,10.0,27.488707317007815,27.290389461817384,27.289781657360727,double,-0.198317855190433
3060.959,10.0,27.493404886302997,27.303061011881425,27.302852050972366,double,-0.1903438744215724
3061.441,10.0,27.498380830454067,27.315811931810774,27.316001864373874,double,-0.18256889864329273
3061.923,10.0,27.503376857238372,27.328641589846413,27.32923035937326,double,-0.17473526739195666
3062.405,10.0,27.508226669559132,27.34154935061247,27.34253679439555,double,-0.16667731894666193
3062.887,10.0,27.51388942892611,27.354534575148726,27.35592042453785,double,-0.15935485377738257
3063.369,10.0,27.519670498488246,27.367596620942695,27.36938050162463,double,-0.1520738775455499
3063.852,10.0,27.527729834869074,27.380762178416518,27.382944434941294,double,-0.14696765645255683
3064.334,10.0,27.533098628025108,27.393976081158538,27.396555303269306,double,-0.13912254686657133
3064.816,10.0,27.538954138879596,27.40726485527726,27.41024035335759,double,-0.13168928360233756
3065.298,10.0,27.544938603247065,27.420627844372547,27.423998824487317,double,-0.12431075887451848
3065.78,10.0,27.551461815851987,27.434064388656733,27.437829952943844,double,-0.11739742719525381
3066.262,10.0,27.557031361895067,27.447573824988286,27.45173297207259,double,-0.10945753690678184
3066.744,10.0,27.561080747989713,27.461155486904904,27.46570711233411,double,-0.09992526108481004
3067.226,10.0,27.566944203525157,27.47480870465766,27.479751601359926,double,-0.09213549886749606
3067.708,10.0,27.571898668657123,27.488532805244414,27.493865664007732,double,-0.0833658634127099
3068.191,10.0,27.57598995958138,27.50235580384734,27.5080780184065,double,-0.07363415573404253
3068.673,10.0,27.5811729085924,27.516219781792593,27.52232903235169,double,-0.06495312679980492
3069.155,10.0,27.586053003383583,27.53015260296836,27.536647276777483,double,-0.05590040041522082
3069.637,10.0,27.59021016486604,27.544153581695063,27.551031965996614,double,-0.04605658317097805
3070.119,10.0,27.594438623605043,27.558222029211375,27.565482311825427,double,-0.036216594393667645
3070.601,10.0,27.598249955649738,27.572357253708923,27.57999752363955,double,-0.025892701940816165
3071.083,10.0,27.60253573366875,27.586558560367035,27.59457680842897,double,-0.015977173301712222
3071.565,10.0,27.60779203306201,27.60082525138775,27.609219370853587,double,-0.006966781674261346
3072.048,10.0,27.61233816850645,27.6151864259239,27.62395498607847,double,0.002848257417448208
3072.53,10.0,27.617692270311483,27.629581912546964,27.638721835843015,double,0.011889642235479725
3073.012,10.0,27.62260741942565,27.644040671157015,27.6535495621276,double,0.021433251731367564
3073.494,10.0,27.627066604470652,27.658561992392883,27.668437360819244,double,0.03149538792223128
3073.976,10.0,27.633149888965548,27.67314516409253,27.683384425750347,double,0.039995275126986085
3074.458,10.0,27.6364977476823,27.687789471329015,27.69838994875411,double,0.05129172364671808
3074.94,10.0,27.641695497224216,27.702494196446214,27.713453119719144,double,0.060798699221997765
3075.422,10.0,27.645930211994163,27.71725861909472,27.728573126644086,double,0.0713284071005571
3075.905,10.0,27.65162096768129,27.732112831004983,27.7437806988993,double,0.08049186332369507
3076.386,10.0,27.65564368487514,27.74696366233844,27.758980391247505,double,0.0913199774633
3076.869,10.0,27.66011359133079,27.761933882501626,27.774297784849566,double,0.10182029117083435
3077.351,10.0,27.665715204228963,27.77692995624096,27.78963709000507,double,0.11121475201199549
3077.833,10.0,27.672098323629307,27.791982085107804,27.80502914297222,double,0.11988376147849533
3078.315,10.0,27.677918618887677,27.80708953334914,27.820473121552002,double,0.12917091446146278
3078.797,10.0,27.68186061549906,27.82225156277358,27.835968202035932,double,0.14039094727452128
3079.279,10.0,27.687226960084963,27.837467432787854,27.851513559260077,double,0.15024047270288943
3079.761,10.0,27.693902425962204,27.852736400434154,27.867108366658954,double,0.15883397447195025
3080.243,10.0,27.70060584856712,27.86805772042679,27.8827517963187,double,0.16745187185967514
3080.726,10.0,27.7069838942138,27.883462592347495,27.898475622539763,double,0.17647869813369743
3081.208,10.0,27.713977973925598,27.89888647677784,27.914213904423345,double,0.18490850285224347
3081.69,10.0,27.720391427099834,27.914360462540365,27.929998315544935,double,0.19396903544053323
3082.172,10.0,27.726523537980608,27.92988379540603,27.945828023128794,double,0.2033602574254223
3082.654,10.0,27.733060557840044,27.945455719004862,27.961702193317066,double,0.21239516116481894
3083.136,10.0,27.74012824831128,27.961075474863232,27.977619991222003,double,0.2209472265519541
3083.618,10.0,27.746249350868663,27.976742302441682,27.993580580978794,double,0.2304929515730192
3084.1,10.0,27.7531925735474,27.992455439172627,28.0095831257977,double,0.23926286562522825
3084.583,10.0,27.760206248344648,28.008246861669818,28.025660115782458,double,0.2480406133251678
3085.065,10.0,27.7653959548812,28.024050413182287,28.041744139611534,double,0.2586544583010886
3085.547,10.0,27.771864444194584,28.039897972758393,28.05786760136278,double,0.26803352856381024
3086.029,10.0,27.779766484259298,28.055788770093514,28.07402966106489,double,0.2760222858342154
3086.511,10.0,27.786205782819316,28.07172203304492,28.090229478080776,double,0.2855162502256037
3086.993,10.0,27.79277199329965,28.087696987670153,28.106466211158356,double,0.29492499437050457
3087.475,10.0,27.79865792042473,28.103712858265162,28.122739018481695,double,0.30505493784043214
3087.957,10.0,27.804913215814558,28.119768867402918,28.139047057721744,double,0.31485565158835827
3088.439,10.0,27.81126250641725,28.135864235971564,28.155389486087056,double,0.32460172955431355
3088.922,10.0,27.817202681262028,28.15203169569278,28.171799469709878,double,0.3348290144307542
3089.404,10.0,27.82397622988373,28.168203516843143,28.188208213322163,double,0.3442272869594143
3089.886,10.0,27.82971031766409,28.184412348738476,28.204648813660793,double,0.35470203107438314
3090.368,10.0,27.836997696242307,28.200657405910988,28.22112042658449,double,0.36365970966868444
3090.85,10.0,27.843571423208637,28.216937901401433,28.237622207739154,double,0.3733664781927992
3091.332,10.0,27.849899877319263,28.23325304679807,28.25415331260672,double,0.38335316947880616
3091.814,10.0,27.85654817669837,28.249602052275314,28.27071289655434,double,0.39305387557694305
3092.296,10.0,27.863524359663277,28.26598412663287,28.287300114883074,double,0.40245976696959285
3092.779,10.0,27.87052568044597,28.28243256500489,28.3039486190342,double,0.4119068845589213
3093.261,10.0,27.877276163645483,28.298878462708466,28.320588624955523,double,0.4216022990629842
3093.743,10.0,27.88415851228943,28.3153550461821,28.337253729495693,double,0.4311965338926693
3094.225,10.0,27.892013246282755,28.331861519114128,28.35394308817383,double,0.4398482728313724
3094.707,10.0,27.898985101030462,28.348397084013726,28.370655856683126,double,0.44941198298326657
3095.189,10.0,27.90594402704724,28.36496094224993,28.387391190938015,double,0.45901691520268684
3095.671,10.0,27.912853124168286,28.38155229409075,28.40414824712064,double,0.4686991699224652
3096.153,10.0,27.92028656292953,28.398170338742943,28.42092618172843,double,0.4778837758134147
3096.635,10.0,27.927970861006184,28.414814274390775,28.437724151619857,double,0.48684341338459114
3097.118,10.0,27.934924576964313,28.431517906794433,28.45457622380547,double,0.4965933298301195
3097.6,10.0,27.942545372929533,28.44821126464111,28.471411773711132,double,0.5056658917115764
3098.082,10.0,27.94993314859947,28.464928100626572,28.48826483035803,double,0.5149949520271035
3098.564,10.0,27.955655768765308,28.481667609238425,28.505134552509865,double,0.5260118404731173
3099.046,10.0,27.962118250003048,28.498428984139302,28.522020099520017,double,0.5363107341362527
3099.528,10.0,27.967772364426143,28.515211418206153,28.53892063137609,double,0.5474390537800133
3100.01,10.0,27.974584869440804,28.532014103570003,28.555835308744363,double,0.5574292341291975
3100.492,10.0,27.981170422422906,28.548836231655482,28.572763293014475,double,0.5676658092325759
3100.975,10.0,27.987368000565287,28.565711951367284,28.589738904892236,double,0.5783439508019961
3101.457,10.0,27.992765927572066,28.582570572677913,28.606691013509323,double,0.5898046451058458
3101.939,10.0,27.99835333950249,28.599446205458868,28.623653916239107,double,0.6010928659563763
3102.421,10.0,28.004444312561443,28.6163380387037,28.64062677780188,double,0.6118937261422541
3102.903,10.0,28.009078016146237,28.63324526089752,28.657608763857812,double,0.6241672447512836
3103.385,10.0,28.01384978035495,28.650167060056802,28.674599041049724,double,0.6363172797018535
3103.867,10.0,28.018544276304997,28.667102623768848,28.691596777044914,double,0.6485583474638512
3104.349,10.0,28.024958439280024,28.684051139231475,28.70860114057744,double,0.6590926999514524
3104.832,10.0,28.03116404527658,28.70104699342564,28.725646597730826,double,0.6698829481490587
3105.313,10.0,28.035359817227235,28.717983772491063,28.742626430772766,double,0.682623955263828
3105.796,10.0,28.0389947903681,28.735001506838326,28.759681014028253,double,0.6960067164702266
3106.278,10.0,28.043930678131268,28.7519937141545,28.77670360384853,double,0.7080630360232321
3106.76,10.0,28.048704591836394,28.768994803067805,28.793728680609433,double,0.7202902112314113
3107.242,10.0,28.0535588770533,28.786003959271923,28.810755420310088,double,0.732445082218619
3107.724,10.0,28.05827974331278,28.803020368348847,28.82778300030132,double,0.7447406250360666
3108.206,10.0,28.063045814769954,28.820043215808166,28.84481059932473,double,0.7569974010382119
3108.688,10.0,28.06905248936294,28.837071687127203,28.861837397552137,double,0.7680191977642636
3109.17,10.0,28.075371260389332,28.85410496779015,28.878862576624307,double,0.7787337074008194
3109.653,10.0,28.082056086223083,28.871177593960194,28.89592063348556,double,0.7891215077371116
3110.135,10.0,28.088210221158878,28.888218055741717,28.91294011764549,double,0.8000078345828388
3110.617,10.0,28.095991859979787,28.905260882068696,28.929955535083078,double,0.8092690220889098
3111.099,10.0,28.10264638836587,28.922305258849523,28.94696607370039,double,0.8196588704836527
3111.581,10.0,28.1103820528547,28.93935037219767,28.963970923058046,double,0.8289683193429709
3112.063,10.0,28.117623146206906,28.95639540847068,28.98096927441207,double,0.8387722622637761
3112.545,10.0,28.12550945363536,28.973439554310232,28.99796032075075,double,0.8479301006748707
3113.027,10.0,28.132457194682992,28.990481996680977,29.01494325683079,double,0.8580248019979864
3113.51,10.0,28.141098486480942,29.007557272275307,29.03195248520525,double,0.8664587857943662
3113.992,10.0,28.147965157500256,29.024593862343135,29.048916771303457,double,0.87662870484288
3114.474,10.0,28.155577078878558,29.041626310485828,29.065870540725218,double,0.8860492316072721
3114.956,10.0,28.162526638558,29.058653805355817,29.08281299566201,double,0.8961271667978166
3115.438,10.0,28.168876829335638,29.075675536125345,29.099743340250804,double,0.9067987067897076
3115.92,10.0,28.175053799286083,29.09269069252598,29.116660780608317,double,0.9176368932398982
3116.402,10.0,28.181979927920924,29.10969846488755,29.133564524865253,double,0.9277185369666263
3116.884,10.0,28.187654354670848,29.126698044177434,29.15045378320007,double,0.9390436895065857
3117.366,10.0,28.193855185752863,29.14368862203952,29.167327767872354,double,0.9498334362866567
3117.849,10.0,28.19919759307716,29.160704609887635,29.184220650967486,double,0.9615070168104756
3118.331,10.0,28.205533954645574,29.17767473986408,29.201061697827203,double,0.972140785218506
3118.813,10.0,28.21123162562848,29.194633446122452,29.21788511900154,double,0.9834018204939732
3119.295,10.0,28.215222429065633,29.21157992340444,29.234690135407686,double,0.9963574943388065
3119.777,10.0,28.21976297500759,29.228513367323135,29.251475970206688,double,1.0087503923155439
3120.259,10.0,28.224734036482968,29.24543297440185,29.268241848834904,double,1.0206989379188847
3120.741,10.0,28.229489935720505,29.26233794211245,29.28498699903531,double,1.0328480063919454
3121.223,10.0,28.23495140233897,29.27922746891445,29.301710650888246,double,1.044276066575478
3121.706,10.0,28.240099607461833,29.296135743671826,29.318446663344165,double,1.0560361362099924
3122.188,10.0,28.246452816311056,29.312991951992945,29.33512496967033,double,1.0665391356818876
3122.67,10.0,28.252473509885732,29.329830319438965,29.351779480639927,double,1.0773568095532315
3123.152,10.0,28.259300994893323,29.346650048806804,29.368409435991328,double,1.0873490539134834
3123.634,10.0,28.266147047758118,29.363450344073307,29.385014077950245,double,1.0973032963151885
3124.116,10.0,28.272579020196183,29.3802304104332,29.401592651258856,double,1.1076513902370189
3124.598,10.0,28.27929836414804,29.396989454337596,29.418144403204394,double,1.1176910901895543
3125.08,10.0,28.287026031296392,29.413726683531927,29.434668583647728,double,1.126700652235535
3125.562,10.0,28.293881466163416,29.430441307094,29.451164445051152,double,1.1365598409305844
3126.045,10.0,28.30023846140864,29.447167139710352,29.46766537525941,double,1.1469286783017119
3126.527,10.0,28.30587293337951,29.463834133769367,29.484102303906713,double,1.1579612003898565
3127.009,10.0,28.313021480097078,29.48047615617227,29.50050868525534,double,1.1674546760751914
3127.491,10.0,28.319716185026795,29.49709242170816,29.516883782454173,double,1.1773762366813656
3127.973,10.0,28.326448651880874,29.513682146687543,29.53322686138955,double,1.1872334948066665
3128.455,10.0,28.331484314425115,29.530244548979695,29.549537190711394,double,1.19876023455458
3128.937,10.0,28.337545648962482,29.54677884805027,29.565814041859074,double,1.2092331990877891
3129.419,10.0,28.341395370830213,29.563284264998657,29.582056689087153,double,1.2218888941684436
3129.902,10.0,28.34631490586207,29.57979417329569,29.59829799866027,double,1.2334792674336181
3130.384,10.0,28.351705921731213,29.59623943207071,29.6144699974969,double,1.244533510339496
3130.866,10.0,28.35622735493275,29.612653480592034,29.63060563083501,double,1.2564261256592824
3131.348,10.0,28.36073367413186,29.62903554686902,29.64670418444565,double,1.2683018727371598
3131.83,10.0,28.36484712800283,29.645384860729983,29.662764947038667,double,1.280537732727155
3132.312,10.0,28.368358599604615,29.661700653859153,29.678787210286345,double,1.293342054254537
3132.794,10.0,28.373055317397107,29.67798215983293,29.694770268846803,double,1.3049268424358218
3133.276,10.0,28.377396748840127,29.694228614157016,29.710713420387446,double,1.3168318653168865
3133.759,10.0,28.38222685623521,29.710472848579272,29.726648915746612,double,1.3282459923440626
3134.24,10.0,28.386251612115483,29.726613319741947,29.742477208262063,double,1.340361707626464
3134.723,10.0,28.39044744775204,29.742783491351116,29.75832923106203,double,1.3523360435990728
3135.205,10.0,28.3947051428112,29.758882054176382,29.774105702901654,double,1.3641769113651836
3135.687,10.0,28.398353519386188,29.774941771523768,29.789838800565615,double,1.3765882521375783
3136.169,10.0,28.40176613944282,29.790961891238755,29.80552784025381,double,1.3891957517959352
3136.651,10.0,28.406552493372427,29.806941663348574,29.821172141329516,double,1.4003891699761462
3137.133,10.0,28.411815795073313,29.822880340098084,29.836771026340315,double,1.4110645450247705
3137.615,10.0,28.416617312299525,29.838777175985115,29.852323821038855,double,1.4221598636855903
3138.097,10.0,28.42122428204065,29.854631427795788,29.86782985440296,double,1.4334071457551334
3138.58,10.0,28.42630022140358,29.870475111843874,29.883320480684887,double,1.4441748904402973
3139.062,10.0,28.43007023457174,29.88624188300625,29.89873089084686,double,1.4561716484345066
3139.544,10.0,28.434665022907268,29.901963853008652,29.914092544790183,double,1.4672988301013823
3140.026,10.0,28.438818090690667,29.917640288147417,29.929404784598113,double,1.4788221974567528
3140.508,10.0,28.443921549157647,29.933270457182616,29.94466695567685,double,1.4893489080249678
3140.99,10.0,28.450196714094446,29.94885363137234,29.95987840677394,double,1.4986569172778963
3141.472,10.0,28.45684338115279,29.96438908450755,29.975038489996496,double,1.5075457033547568
3141.954,10.0,28.462708716074424,29.979876092946174,29.99014656082982,double,1.5171673768717475
3142.437,10.0,28.467393887495195,29.995345912760396,30.005233158284216,double,1.5279520252652001
3142.919,10.0,28.472671900758417,30.01073376708017,30.020235173171777,double,1.5380618663217493
3143.401,10.0,28.478522182786932,30.026071020039268,30.035183261257753,double,1.5475488372523383
3143.883,10.0,28.48441811964708,30.04135695861055,30.050076791721892,double,1.5569388389634675
3144.365,10.0,28.490989194588934,30.056590872503687,30.064915137208626,double,1.565601677914752
3144.847,10.0,28.497406164503992,30.071772054198764,30.079697673843377,double,1.5743658896947732
3145.329,10.0,28.503283615188586,30.086899798979662,30.09442378124902,double,1.5836161837910756
3145.811,10.0,28.508999552959853,30.101973404967232,30.109092842561857,double,1.5929738520073788
3146.293,10.0,28.514472407984627,30.11699217315238,30.123704244447396,double,1.6025197651677536
3146.776,10.0,28.520742288355745,30.13198639327482,30.138287509345396,double,1.611244104919074
3147.258,10.0,28.52571574527151,30.146893283100397,30.152781643791304,double,1.6211775378288884
3147.74,10.0,28.531280597653954,30.161743254216255,30.167216298889272,double,1.6304626565623037
3148.222,10.0,28.53606208428152,30.17653561942748,30.18159087558202,double,1.6404735351459587
3148.704,10.0,28.539845977256544,30.191269694572277,30.195904778416633,double,1.651423717315731
3149.186,10.0,28.54518566219031,30.20594479855433,30.210157415559014,double,1.6607591363640206
3149.668,10.0,28.549101176645763,30.220560253374472,30.224348198807917,double,1.6714590767287096
3150.15,10.0,28.553924753630287,30.235115384162743,30.238476543608673,double,1.681190630532453
3150.633,10.0,28.559022920204256,30.249639526160372,30.252570984330518,double,1.6906166059561134
3151.115,10.0,28.563790593929607,30.264071868322755,30.26657258068486,double,1.7002812743931506
3151.597,10.0,28.56917819704014,30.278441879556954,30.280510005755808,double,1.709263682516815
3152.079,10.0,28.57260779415815,30.292748897831075,30.294382689716603,double,1.720141103672923
3152.561,10.0,28.577464345117804,30.306992264399252,30.30819006645299,double,1.7295279192814483
3153.043,10.0,28.58249902029022,30.32117132383202,30.321931573575377,double,1.7386723035417995
3153.525,10.0,28.58736949513499,30.33528542404733,30.335606652431302,double,1.7479159289123414
3154.007,10.0,28.593098130950544,30.349333916340825,30.349214748117358,double,1.756235785390281
3154.49,10.0,28.598530145252294,30.363345094894978,30.3627833313598,double,1.7648149496426846
3154.972,10.0,28.604923122217606,30.37726029944266,30.37625566923602,double,1.772337177225053
3155.454,10.0,28.610823077692377,30.391107969203002,30.38965938071919,double,1.780284891510625
3155.936,10.0,28.615662217041148,30.404887469291133,30.40299392602579,double,1.7892252522499819
3156.418,10.0,28.62009250709373,30.418598168349554,30.41625876917802,double,1.7985056612558226
3156.9,10.0,28.6257042555233,30.432239438577735,30.429453378014713,double,1.8065351830544363
3157.382,10.0,28.631091868601473,30.445810655761264,30.442577224201838,double,1.8147187871597914
3157.864,10.0,28.635355098382025,30.45931119930083,30.4556297832427,double,1.8239561009188054
3158.346,10.0,28.639374210400437,30.472740452241208,30.468610534488317,double,1.8333662418407726
3158.829,10.0,28.641815721187168,30.486125438474826,30.481545666577535,double,1.8443097172876566
3159.311,10.0,28.644655166090594,30.49941012299606,30.494381104079217,double,1.8547549569054689
3159.793,10.0,28.646046192013337,30.512621686948872,30.507143193969693,double,1.866575494935535
3160.275,10.0,28.647356237940123,30.525759528246464,30.519831431095255,double,1.8784032903063408
3160.757,10.0,28.64842153684901,30.53882304858756,30.53244531419742,double,1.8904015117385486
3161.239,10.0,28.649890607098783,30.551811653484034,30.544984345921733,double,1.901921046385252
3161.721,10.0,28.650553089678414,30.56472475228844,30.557448032826667,double,1.9141716626100258
3162.203,10.0,28.653026674189487,30.57756175822137,30.5698358853921,double,1.9245350840318864
3162.686,10.0,28.65469460909191,30.590348482005993,30.58217288095743,double,1.9356538729140838
3163.167,10.0,28.65669925342804,30.6030051638572,30.594382149081124,double,1.946305910429158
3163.65,10.0,28.659303136546654,30.61563648024579,30.606564743114205,double,1.9563333436991348
3164.132,10.0,28.66278567228637,30.628163161954646,30.618644280035294,double,1.9653774896682796
3164.614,10.0,28.666677724326007,30.64061087468441,30.63064559315412,double,1.9739331503584034
3165.096,10.0,28.669828504162187,30.652979055434304,30.642568216657175,double,1.983150551272117
3165.578,10.0,28.67323864299321,30.665267145257342,30.654411688707206,double,1.9920285022641315
3166.06,10.0,28.67856896825462,30.67747458928574,30.666175551450625,double,1.9989056210311218
3166.542,10.0,28.683788188474047,30.689600836756657,30.677859351024306,double,2.005812648282612
3167.024,10.0,28.690968710678522,30.70164534103731,30.689462637562414,double,2.0106766303587875
3167.507,10.0,28.69635856446556,30.71363229162134,30.701008785983596,double,2.017273727155783
3167.989,10.0,28.702338547017884,30.725511513878335,30.712449543538163,double,2.0231729668604483
3168.471,10.0,28.707352507194848,30.737307376973533,30.72380846160546,double,2.029954869778683
3168.953,10.0,28.71209293169884,30.74901935105214,30.73508510638254,double,2.036926419353302
3169.435,10.0,28.717289024645552,30.7606469105128,30.74627904809536,double,2.0433578858672474
3169.917,10.0,28.721948103315793,30.772189534031526,30.757389861004846,double,2.050241430715732
3170.399,10.0,28.725236395323073,30.78364670458559,30.768417123412593,double,2.058410309262515
3170.881,10.0,28.72887608500555,30.795017909477174,30.779360417666346,double,2.0661418244716234
3171.364,10.0,28.731357194904422,30.806325962421464,30.790241771030303,double,2.074968767517044
3171.846,10.0,28.733171023429044,30.817523534337205,30.801015715892856,double,2.0843525109081606
3172.328,10.0,28.734017839003933,30.828633627646308,30.81170446313851,double,2.0946157886423733
3172.81,10.0,28.735332733890168,30.839655747190896,30.822307611361232,double,2.1043230133007294
3173.292,10.0,28.735769273707135,30.85058940225236,30.83282476322674,double,2.114820128545225
3173.774,10.0,28.736463783584774,30.86143410657395,30.843255525477463,double,2.1249703229891725
3174.256,10.0,28.736595039866504,30.872189378382654,30.853599508936924,double,2.1355943385161504
3174.738,10.0,28.737861649494373,30.882854740411013,30.863856328514384,double,2.1449930909166417
3175.22,10.0,28.739122591351997,30.893429719918696,30.874025603208988,double,2.1543071285667015
3175.703,10.0,28.740824242367264,30.903935505257017,30.884127780130232,double,2.163111262889755
3176.185,10.0,28.743245963431075,30.914328129789936,30.894120654868683,double,2.171082166358862
3176.667,10.0,28.745113261203343,30.92462898000892,30.904024865541935,double,2.1795157188055745
3177.149,10.0,28.74676034961572,30.934837601503055,30.913840047557972,double,2.1880772518873384
3177.631,10.0,28.748852352715126,30.944953544493046,30.923565840434406,double,2.1961011917779216
3178.113,10.0,28.750724616213958,30.95497636385155,30.933201887801975,double,2.204251747637592
3178.595,10.0,28.753127300862563,30.964905619123005,30.942747837407996,double,2.2117783182604436
3179.077,10.0,28.7556530643078,30.974740874543354,30.952203341119688,double,2.219087810235554
3179.56,10.0,28.757945946072393,30.984501809782046,30.961587389181883,double,2.2265558637096508
3180.042,10.0,28.759504539275948,30.99414757983272,30.97086078378567,double,2.234643040556772
3180.524,10.0,28.762262901209407,31.003698070213893,30.980042712155342,double,2.241435169004485
3181.006,10.0,28.764665427563944,31.01315286413039,30.989132842677225,double,2.2484874365664433
3181.488,10.0,28.76811268386691,31.02251154957386,30.998130847872353,double,2.2543988657069525
3181.97,10.0,28.771186867273723,31.031773719340915,31.007036404399297,double,2.2605868520671923
3182.452,10.0,28.77326127424106,31.040938971051425,31.01584919305656,double,2.2676776968103605
3182.934,10.0,28.774953163216686,31.05000690716616,31.02456889878504,double,2.2750537439494734
3183.417,10.0,28.777792578092807,31.058995643598436,31.033213010286985,double,2.2812030655056272
3183.899,10.0,28.78102990351096,31.067867571437198,31.04174542684643,double,2.286837667926239
3184.381,10.0,28.782701558555956,31.076641019494,31.05018383955378,double,2.2939394609380437
3184.863,10.0,28.784097725588015,31.085315609777297,31.058527949950648,double,2.301217884189283
3185.345,10.0,28.785833750206276,31.093890969222276,31.0667774637318,double,2.308057219016002
3185.827,10.0,28.787110620215383,31.102366729706898,31.074932090746877,double,2.3152561094915147
3186.309,10.0,28.790091498524607,31.11074252806838,31.08299154500226,double,2.3206510295437743
3186.791,10.0,28.793601008731912,31.119018006118825,31.09095554466276,double,2.325416997386914
3187.273,10.0,28.795725438395177,31.127192810661043,31.0988238120531,double,2.331467372265866
3187.756,10.0,28.79776551168064,31.13528323883997,31.1066120986983,double,2.337517727159333
3188.238,10.0,28.800155525627453,31.14325544615947,31.11428788515167,double,2.3430999205320155
3188.72,10.0,28.80328208345837,31.151125949779292,31.121867130737346,double,2.34784386632092
3189.202,10.0,28.806418629612686,31.158894416626637,31.1293495744426,double,2.3524757870139523
3189.684,10.0,28.808692005028803,31.16656051869403,31.136734959421098,double,2.357868513665229
3190.166,10.0,28.811365346916755,31.174123933053078,31.14402303299415,double,2.362758586136321
3190.648,10.0,28.81421468966325,31.181584341868795,31.15121354665161,double,2.3673696522055474
3191.13,10.0,28.81547815043178,31.18894143241291,31.15830625605291,double,2.373463281981131
3191.613,10.0,28.817290761746367,31.19620983782986,31.16531533069942,double,2.3789190760834913
3192.094,10.0,28.818737344064093,31.2033444333878,31.17219730557661,double,2.3846070893237092
3192.577,10.0,28.820633403940725,31.210404252296875,31.17900917877995,double,2.3897708483561484
3193.059,10.0,28.821954783264214,31.21734482793064,31.185708106078756,double,2.3953900446664234
3193.541,10.0,28.824254435343295,31.224180598124306,31.192308069527485,double,2.3999261627810133
3194.023,10.0,28.82500825931943,31.23091128107388,31.198808849825845,double,2.405903021754452
3194.505,10.0,28.825791463441185,31.2375366001707,31.20521023184723,double,2.411745136729515
3194.987,10.0,28.828345421162894,31.244056284013087,31.211512004639218,double,2.4157108628501955
3195.469,10.0,28.830831389576282,31.25047006641757,31.2177139614236,double,2.4196386768412848
3195.951,10.0,28.833163008428542,31.25677768643007,31.22381589959673,double,2.423614678001529
3196.434,10.0,28.833788803991283,31.26299164310492,31.229829968122473,double,2.4292028391136364
3196.916,10.0,28.834676987289896,31.269085954881916,31.235731069439552,double,2.4344089675920166
3197.398,10.0,28.83745557610677,31.275073352384865,31.241531568992396,double,2.4376177762780946
3197.88,10.0,28.84012499482555,31.280953595694083,31.24723128088479,double,2.4408286008685334
3198.362,10.0,28.842358511148735,31.286726450170764,31.252830023394836,double,2.4443679390220296
3198.844,10.0,28.844139248509435,31.292391686466893,31.258327618975144,double,2.4482524379574544
3199.326,10.0,28.84545160688541,31.29794908053416,31.263723894252394,double,2.4524974736487515
3199.808,10.0,28.846402206357553,31.303398413633253,31.269018680026996,double,2.4569962072757026
3200.291,10.0,28.847645732222656,31.308750440681067,31.27422247962231,double,2.4611047084584117
3200.773,10.0,28.849078240381214,31.31398279162506,31.27931358408699,double,2.464904551243846
3201.255,10.0,28.85011875772675,31.319106456907686,31.284302716168778,double,2.4689876991809356
3201.737,10.0,28.849452744094428,31.32412123912146,31.289189723367954,double,2.4746684950270326
3202.219,10.0,28.849973037037092,31.329026946209066,31.293974457356335,double,2.4790539091719745
3202.701,10.0,28.850404227054288,31.33382339147085,31.29865677397654,double,2.4834191644165617
3203.183,10.0,28.85062481397106,31.33851039357204,31.303236533241517,double,2.487885579600979
3203.665,10.0,28.850478638574156,31.343087776549577,31.307713599333585,double,2.492609137975421
3204.147,10.0,28.85122243396095,31.34755536981893,31.312087840603898,double,2.496332935857981
3204.63,10.0,28.852647102127598,31.35192193451436,31.316367884061957,double,2.499274832386761
3205.112,10.0,28.85390034348669,31.356169229543173,31.320535883437646,double,2.502268886056486
3205.594,10.0,28.85343690611284,31.360306255129018,31.324600687805948,double,2.5068693490161778
3206.076,10.0,28.853417286841925,31.364332862273937,31.328562182192837,double,2.5109155754320103
3206.558,10.0,28.854443265958118,31.36824890738789,31.332420255788463,double,2.513805641429773
3207.04,10.0,28.85630248911314,31.372054252293868,31.336174801946136,double,2.515751763180729
3207.522,10.0,28.856689206335307,31.375748764232736,31.339825718181164,double,2.5190595578974295
3208.004,10.0,28.85671164525026,31.379332315867757,31.34337290616978,double,2.5226206706174983
3208.487,10.0,28.856876620133466,31.382811874030985,31.346823307673645,double,2.5259352538975213
3208.969,10.0,28.85659694321972,31.386172913939127,31.350162545159034,double,2.5295759707194057
3209.451,10.0,28.856619833274323,31.389422643884817,31.353397784206184,double,2.5328028106104963
3209.933,10.0,28.855715928814828,31.392560958272707,31.356528943131334,double,2.5368450294578793
3210.415,10.0,28.85417876860045,31.395587756948864,31.359555944405255,double,2.5414089883484148
3210.897,10.0,28.852700151482434,31.398502945203617,31.36247871465197,double,2.5458027937211805
3211.379,10.0,28.852511283231852,31.401306433774256,31.365297184647268,double,2.5487951505424045
3211.861,10.0,28.851923148281916,31.403998138847676,31.368011289317266,double,2.552074990565761
3212.344,10.0,28.850870152651414,31.40658321810261,31.37062627341668,double,2.555713065451198
3212.826,10.0,28.848632127693374,31.409050894248814,31.37313125198232,double,2.560418766555439
3213.308,10.0,28.845901002495683,31.41140656804148,31.375531694782882,double,2.565505565545795
3213.79,10.0,28.842954644299713,31.41365017749592,31.37782755333903,double,2.57069553319621
3214.272,10.0,28.84035844051267,31.415781666085294,31.38001878331389,double,2.575423225572626
3214.754,10.0,28.837752844607124,31.41780098274135,31.382105344511302,double,2.5800481381342277
3215.236,10.0,28.835150614338133,31.41970808185518,31.384087200874212,double,2.5845574675170457
3215.718,10.0,28.83304611709878,31.421502923277387,31.385964320482763,double,2.5884568061786073
3216.2,10.0,28.831768892751526,31.423185472318295,31.38773667555274,double,2.5914165795667685
3216.683,10.0,28.83066692133682,31.424758840705614,31.389407593174568,double,2.5940919193687906
3217.165,10.0,28.83003655382949,31.42621648964972,31.390970134886448,double,2.596179935820225
3217.647,10.0,28.8295583062362,31.427561774865946,31.39242785347368,double,2.598003468629745
3218.129,10.0,28.83050111229344,31.428794683510088,31.39378073768395,double,2.5982935712166477
3218.611,10.0,28.832317878296067,31.429915208193943,31.3950287803909,double,2.5975973298978774
3219.093,10.0,28.833645646604296,31.43092334698393,31.396171978592168,double,2.5972777003796352
3219.575,10.0,28.83437074282939,31.431819103399288,31.397210333407312,double,2.5974483605698984
3220.057,10.0,28.83546207712507,31.432602486409934,31.398143850075943,double,2.597140409284865
3220.54,10.0,28.83848806098694,31.433274785816344,31.398974148264237,double,2.5947867248294063
3221.021,10.0,28.8410214329022,31.433832195336564,31.39969641051844,double,2.5928107624343664
3221.504,10.0,28.843039279682458,31.434279375775866,31.40031666081682,double,2.5912400960934057
3221.986,10.0,28.84353058084031,31.434613230879517,31.400830742265875,double,2.5910826500392057
3222.468,10.0,28.84381863369904,31.434834839180446,31.401240073547488,double,2.591016205481406
3222.95,10.0,28.844443754387694,31.434944242306962,31.401544684583776,double,2.5905004879192672
3223.432,10.0,28.843454770826156,31.434941487316404,31.401744609401312,double,2.591486716490249
3223.914,10.0,28.842390877574054,31.434826626691116,31.40183988612877,double,2.5924357491170613
3224.396,10.0,28.84216611039942,31.434599718334045,31.401830556994586,double,2.592433607934624
3224.878,10.0,28.840464204038817,31.43426082556409,31.401716668324564,double,2.5937966215252684
3225.361,10.0,28.838955956416207,31.433808965538447,31.401497708832093,double,2.5948530091222386
3225.843,10.0,28.836461888715725,31.43324608358271,31.40117463979344,double,2.5967841948669856
3226.325,10.0,28.835062834927683,31.432571439786507,31.400747174881516,double,2.5975086048588225
3226.807,10.0,28.832948445564753,31.43178511909192,31.400215376795117,double,2.598836673527166
3227.289,10.0,28.830059493362302,31.430887211829763,31.399579312317883,double,2.6008277184674577
3227.771,10.0,28.827531751236712,31.429877813713304,31.39883905231554,double,2.6023460624765904
3228.253,10.0,28.82485959224086,31.42875702583194,31.397994671733397,double,2.6038974335910794
3228.735,10.0,28.821273159501448,31.427524954644305,31.397046249593462,double,2.6062517951428554
3229.218,10.0,28.819045782117485,31.42617880967893,31.395991577624994,double,2.607133027561442
3229.7,10.0,28.817408722603883,31.424724282419326,31.394835110322184,double,2.6073155598154427
3230.182,10.0,28.816390519418526,31.423158823634047,31.393574863154782,double,2.6067683042155174
3230.664,10.0,28.81575400660227,31.421482561197582,31.392210931432952,double,2.6057285545953155
3231.146,10.0,28.814876232560405,31.419695628316376,31.39074341452964,double,2.6048193957559693
3231.628,10.0,28.813907869279987,31.41779816352023,31.38917241587768,double,2.603890294240246
3232.11,10.0,28.81396239512588,31.415790310654067,31.387498042966932,double,2.6018279155281876
3232.592,10.0,28.81367199615632,31.413672218868925,31.38572040734111,double,2.6000002227126062
3233.074,10.0,28.813245100087965,31.41144404261315,31.383839624595044,double,2.5981989425251872
3233.557,10.0,28.812901971590644,31.409100976638104,31.381851591570765,double,2.5961990050474615
3234.039,10.0,28.81325400782889,31.40665288838578,31.37976466419463,double,2.593398880556891
3234.521,10.0,28.81471251117402,31.404095211055306,31.37757496102634,double,2.5893826998812877
3235.003,10.0,28.813992590092003,31.401428120199316,31.375282613841648,double,2.587435530107313
3235.485,10.0,28.813341760606715,31.398651796618466,31.372887758451583,double,2.5853100360117507
3235.967,10.0,28.811462460284137,31.395766426351233,31.370390534699006,double,2.5843039660670977
3236.449,10.0,28.809904213939717,31.392772200662876,31.36779108645542,double,2.5828679867231585
3236.931,10.0,28.807403811041542,31.389669316034528,31.365089561617616,double,2.5822655049929866
3237.414,10.0,28.80549429214984,31.386451199018584,31.362280189976005,double,2.5809569068687424
3237.896,10.0,28.803519909683473,31.383131382393138,31.35937476075031,double,2.579611472709664
3238.378,10.0,28.80103650738799,31.379703527897362,31.356367723073863,double,2.578667020509373
3238.86,10.0,28.798992859858412,31.37616785277102,31.353259240918234,double,2.5771749929126067
3239.342,10.0,28.79493777792697,31.372524579410833,31.350049482262747,double,2.5775868014838608
3239.824,10.0,28.791486178744048,31.36877393535784,31.346738619090818,double,2.577287756613794
3240.306,10.0,28.787324359088874,31.36491615328471,31.3433268273864,double,2.577591794195838
3240.788,10.0,28.7850506576236,31.3609514709827,31.339814287130054,double,2.5759008133591
3241.271,10.0,28.780593235558683,31.356871573886785,31.336193581820403,double,2.5762783383281027
3241.753,10.0,28.776884492401646,31.352693604403502,31.332479892317867,double,2.575809112001859
3242.235,10.0,28.7738382619567,31.34840947917301,31.32866601854981,double,2.5745712172163095
3242.717,10.0,28.770483971010197,31.344019456336476,31.324752156453616,double,2.5735354853262784
3243.199,10.0,28.766919580883794,31.339523799084795,31.32073850594393,double,2.5726042182010023
3243.681,10.0,28.764675776308003,31.334922775644316,31.316625270908606,double,2.570246999336312
3244.163,10.0,28.761617317898665,31.33021665926211,31.312412659204664,double,2.5685993413634476
3244.645,10.0,28.75843739375061,31.32540572819099,31.308100882654088,double,2.566968334440378
3245.127,10.0,28.75653795021133,31.32049026567435,31.303690157039586,double,2.5639523154630197
3245.61,10.0,28.753957701867723,31.315460037445597,31.299171243910457,double,2.5615023355778757
3246.092,10.0,28.752006096754968,31.31033616629746,31.294563079204686,double,2.5583300695424915
3246.574,10.0,28.75012591532611,31.305108643846047,31.289856636981174,double,2.554982728519939
3247.056,10.0,28.747182096443506,31.29977777315084,31.285052148830523,double,2.5525956767073312
3247.538,10.0,28.74467625078975,31.294343862182572,31.28014985028218,double,2.5496676113928194
3248.02,10.0,28.743605266089578,31.288807223806597,31.27514998079983,double,2.545201957717019
3248.502,10.0,28.741661357847093,31.28316817576602,31.270052783776762,double,2.541506817918926
3248.984,10.0,28.740387354829593,31.27742704066466,31.264858506531024,double,2.537039685835063
3249.467,10.0,28.7368207600374,31.271571918212594,31.259556322425052,double,2.534751158175191
3249.948,10.0,28.734365283890167,31.265639823895018,31.254179720240018,double,2.531274540004852
3250.431,10.0,28.73180366979875,31.259581764385754,31.2486842478924,double,2.527778094587002
3250.913,10.0,28.729707695162286,31.253435395022805,31.24310400226531,double,2.523727699860517
3251.395,10.0,28.727557480209303,31.247188624641346,31.237427972267962,double,2.519631144432044
3251.877,10.0,28.72540532193143,31.240841804648966,31.23165642867326,double,2.515436482717537
3252.359,10.0,28.722483803434105,31.234395291188328,31.225789646144214,double,2.5119114877542206
3252.841,10.0,28.719472069751227,31.227849445118338,31.219827903228612,double,2.50837737536711
3253.323,10.0,28.717231875085435,31.221204631995036,31.213771482353675,double,2.5039727569096004
3253.805,10.0,28.713238247765183,31.21446122205237,31.207620669820624,double,2.501222974287187
3254.288,10.0,28.70996486816259,31.207605294086722,31.201362701931203,double,2.4976404259241303
3254.77,10.0,28.706526482564453,31.200665617225976,31.195023786141256,double,2.4941391346615216
3255.252,10.0,28.70406977659419,31.193628482920445,31.1885913614078,double,2.489558706326256
3255.734,10.0,28.70148244124278,31.186494279927796,31.182065729480446,double,2.485011838685014
3256.216,10.0,28.69980177911921,31.1792634015838,31.175447195954586,double,2.4794616224645907
3256.698,10.0,28.696544256592162,31.171936245781772,31.168736070265467,double,2.4753919891896126
3257.18,10.0,28.692883081767604,31.164513214951718,31.16193266568219,double,2.4716301331841106
3257.662,10.0,28.689114455689136,31.156994716039353,31.155037299301714,double,2.4678802603502192
3258.145,10.0,28.68580930419859,31.149365266203198,31.148035701141147,double,2.4635559620046097
3258.627,10.0,28.682890308280907,31.141656874005218,31.14095718862504,double,2.458766565724313
3259.109,10.0,28.680046163778933,31.133854262319772,31.13378768919295,double,2.453808098540838
3259.591,10.0,28.676472225055104,31.125957855950148,31.126527535198527,double,2.449485630895043
3260.073,10.0,28.67337176909595,31.11796808410712,31.119177062791493,double,2.4445963150111663
3260.555,10.0,28.670554838706636,31.109885380386594,31.111736611910988,double,2.439330541679957
3261.037,10.0,28.665913687098783,31.101710182747222,31.104206526279082,double,2.4357964956484404
3261.519,10.0,28.662952359219325,31.093442933487626,31.096587153393752,double,2.430490574268301
3262.001,10.0,28.659139492527043,31.08508407922362,31.088878844522092,double,2.425944586696577
3262.484,10.0,28.655672867031036,31.076616445288007,31.081065686741873,double,2.4209435782569733
3262.966,10.0,28.653234997557885,31.068075550319563,31.073180392081902,double,2.4148405527616768
3263.448,10.0,28.65086295947415,31.059444416822735,31.065207238536672,double,2.4085814573485855
3263.93,10.0,28.64742974067953,31.050723508457835,31.057146592386285,double,2.403293767778303
3264.412,10.0,28.644972190127397,31.04191329308493,31.04899882364378,double,2.396941102957534
3264.894,10.0,28.644340344128814,31.03301424273972,31.040764306047652,double,2.3886738986109046
3265.376,10.0,28.64162798408231,31.02402683360934,31.032443417054267,double,2.3823988495270343
3265.858,10.0,28.63950090962887,31.01495154600789,31.024036537830106,double,2.3754506363790173
3266.341,10.0,28.6368952872444,31.00576976413112,31.01552634526365,double,2.3688744768867176
3266.823,10.0,28.635501442215585,30.99651999712273,31.00694846748635,double,2.361018554907146
3267.305,10.0,28.63326478457578,30.987183818125942,30.998285765976675,double,2.353919033550161
3267.787,10.0,28.63160424662351,30.977761723722608,30.9895386366693,double,2.346157477099098
3268.269,10.0,28.62878329520274,30.968254214496483,30.980707479168622,double,2.33947091929374
3268.751,10.0,28.628202339261797,30.95866179500749,30.97179269674023,double,2.3304594557456926
3269.233,10.0,28.625342167567997,30.94898497376606,30.962794696302275,double,2.3236428061980616
3269.715,10.0,28.623044874967125,30.939224263207176,30.953713888417013,double,2.3161793882400525
3270.198,10.0,28.62029499287996,30.929359669948557,30.944531591132684,double,2.3090646770686005
3270.68,10.0,28.617629291593676,30.919432562276494,30.935286244934236,double,2.301803270682817
3271.162,10.0,28.613949330218414,30.909423126967972,30.92595934562814,double,2.2954737967495586
3271.644,10.0,28.611668651157846,30.89933189190095,30.916551318270603,double,2.287663240743104
3272.126,10.0,28.607799487607434,30.88915938874533,30.907062591516404,double,2.281359901137897
3272.608,10.0,28.605157640172912,30.878906152936192,30.89749359760966,double,2.2737485127632793
3273.09,10.0,28.602587896329247,30.86857272364637,30.887844772373928,double,2.2659848273171246
3273.572,10.0,28.598410907544736,30.858159643759365,30.87811655520284,double,2.2597487362146285
3274.054,10.0,28.593522722889062,30.847667459841478,30.868309389050015,double,2.2541447369524126
3274.537,10.0,28.590876173117596,30.837074709850565,30.85840312944169,double,2.2461985367329684
3275.019,10.0,28.586592932789962,30.826425810916202,30.84843924691213,double,2.239832878126241
3275.501,10.0,28.58198902210435,30.81569947063074,30.83839776646611,double,2.2337104485263937
3275.983,10.0,28.580030693939722,30.804896250021365,30.828279145203545,double,2.2248655560816397
3276.465,10.0,28.576062546436432,30.794016713658028,30.81808384373298,double,2.217954167221597
3276.947,10.0,28.573018518506416,30.783061429625135,30.80781232616091,double,2.2100429111187205
3277.429,10.0,28.57065124850844,30.772030969492537,30.797465060081098,double,2.201379720984098
3277.911,10.0,28.56617875116998,30.760925908287028,30.787042516563318,double,2.1947471571170496
3278.394,10.0,28.56159763742036,30.749723554800003,30.776523313989113,double,2.188125917379641
3278.875,10.0,28.557613398073613,30.738494299874127,30.765973498807032,double,2.1808809018005135
3279.358,10.0,28.5538310553251,30.727145347777817,30.75530582143321,double,2.173314292452716
3279.84,10.0,28.549004229948416,30.71574755134865,30.744586796301764,double,2.166743321400233
3280.322,10.0,28.54566874026392,30.704278081043455,30.733794901844867,double,2.158609340779538
3280.804,10.0,28.541988019428654,30.692737532022385,30.722930629756917,double,2.1507495125937304
3281.286,10.0,28.537000104780052,30.68112650269608,30.71199447512708,double,2.14412639791603
3281.768,10.0,28.531028391242792,30.669445594695745,30.70098693642721,double,2.1384172034529527
3282.25,10.0,28.525417198459902,30.6576954128429,30.689908515499358,double,2.132278214382999
3282.732,10.0,28.518985196244305,30.645876565119114,30.67875971754319,double,2.126891368874806
3283.215,10.0,28.51285008292446,30.633964930694805,30.667517703588253,double,2.1211148477703503
3283.697,10.0,28.50478186230154,30.62201044838352,30.656229537182377,double,2.117228586081976
3284.179,10.0,28.499048988888664,30.60998914408407,30.644872530437304,double,2.1109401551954066
3284.661,10.0,28.494042301852563,30.59790163811803,30.6334472018612,double,2.103859336265468
3285.143,10.0,28.487757809480225,30.585748553813062,30.621954073254376,double,2.097990744332839
3285.625,10.0,28.482401868673268,30.573530517471788,30.610393669695913,double,2.0911286487985183
3286.107,10.0,28.4773536367479,30.561248158340497,30.598766519529807,double,2.0838945215925997
3286.589,10.0,28.4717609624775,30.54890210857758,30.587073154350975,double,2.077141146100081
3287.072,10.0,28.467196751045602,30.536467193086338,30.57528964472992,double,2.0692704420407324
3287.554,10.0,28.46204947973404,30.52399554119428,30.56346532265556,double,2.0619460614602403
3288.036,10.0,28.456758712236823,30.51146211363523,30.551576400843434,double,2.0547034013984056
3288.518,10.0,28.452786676491048,30.498867553905196,30.53962342375609,double,2.046080877414147
3289.0,10.0,28.44908478883102,30.486212508253423,30.52760693903457,double,2.0371277194224047
3289.482,10.0,28.445555262144808,30.47349762564985,30.51552749748353,double,2.027942363505042
3289.964,10.0,28.441115574805337,30.460723557752935,30.503385653055886,double,2.019607982947597
3290.446,10.0,28.43868594032257,30.447890958877466,30.491181962837555,double,2.0092050185548938
3290.928,10.0,28.43574010664678,30.435000485961446,30.478916987031646,double,1.9992603793146657
3291.411,10.0,28.43340274742441,30.422025877096537,30.46656565422696,double,1.988623129672129
3291.893,10.0,28.43090823366265,30.409021520606146,30.454179676031913,double,1.9781132869434948
3292.375,10.0,28.42823941012741,30.395961277685267,30.44173411258865,double,1.967721867557859
3292.857,10.0,28.42678486289817,30.38284581544368,30.42922953641632,double,1.956060952545513
3293.339,10.0,28.426348574342192,30.36967580344999,30.416666523070308,double,1.9433272291077996
3293.821,10.0,28.42564259829204,30.356451913698766,30.404045651125877,double,1.9308093154067285
3294.303,10.0,28.4244582176489,30.34317482057698,30.391367502160833,double,1.9187166029280778
3294.785,10.0,28.42371370281423,30.329845200830697,30.378632660738695,double,1.9061314980164668
3295.268,10.0,28.420945824376574,30.316435917728,30.365815119246225,double,1.8954900933514263
3295.75,10.0,28.41854919281524,30.303003178795034,30.352968543896075,double,1.8844539859797949
3296.232,10.0,28.416519603038726,30.289519958714607,30.340067048752122,double,1.87300035567588
3296.714,10.0,28.414056925134997,30.275986943337184,30.32711123015045,double,1.8619300182021903
3297.196,10.0,28.411534935571847,30.262404820703452,30.314101687323756,double,1.8508698851316063
3297.678,10.0,28.408637892309635,30.248774281010416,30.301039022383137,double,1.8401363887007804
3298.16,10.0,28.405624802903223,30.23509601657724,30.287923840299268,double,1.8294712136740165
3298.642,10.0,28.4023202666306,30.22137072181108,30.274756748883807,double,1.819050455180482
3299.125,10.0,28.39762329167054,30.207570473649348,30.26151088182456,double,1.8099471819788049
3299.607,10.0,28.391411448526643,30.193753115667043,30.248241701932265,double,1.8023416671404002
3300.089,10.0,28.38636126005966,30.17989082421272,30.234922454278486,double,1.7935295641530569
3300.571,10.0,28.379999531753462,30.16598430170555,30.22155375785166,double,1.785984769952087
3301.053,10.0,28.373812837487105,30.15203425248022,30.208136234383858,double,1.7782214149931141
3301.535,10.0,28.368073506977442,30.1380413827522,30.194670508330578,double,1.7699678757747583
3302.017,10.0,28.36183145574982,30.12400640058306,30.18115720685064,double,1.762174944833239
3302.499,10.0,28.35517110526241,30.109930015845478,30.167596959785204,double,1.7547589105830652
3302.981,10.0,28.348783973295582,30.09581294018834,30.153990399637586,double,1.7470289668927552
3303.464,10.0,28.341535312834466,30.08162647446138,30.14030979036643,double,1.7400911616269166
3303.946,10.0,28.335419603545354,30.067430078128705,30.12661241932697,double,1.732010474583351
3304.428,10.0,28.32846774960461,30.05319513761848,30.11287064980654,double,1.7247273880138747
3304.91,10.0,28.323223496440487,30.03892237133701,30.09908512474928,double,1.7156988748965207
3305.392,10.0,28.3175057769734,30.024612499290527,30.08525648965388,double,1.7071067223171255
3305.874,10.0,28.312295004826577,30.010266243050587,30.071385392551726,double,1.6979712382240109
3306.356,10.0,28.30674064041562,29.995884325717842,30.057472483984476,double,1.6891436853022246
3306.838,10.0,28.30295729005764,29.98146747188723,30.043518416981506,double,1.67851018182959
3307.321,10.0,28.299669510987968,29.966986391093698,30.02949477101303,double,1.6673168801057292
3307.802,10.0,28.295683127376886,29.95253186036845,30.015489432087595,double,1.6568487329915615
3308.285,10.0,28.291421143844676,29.937984406595863,30.001386593875544,double,1.6465632627511884
3308.767,10.0,28.287384512272222,29.923435015677146,29.98727439314539,double,1.6360505034049233
3309.249,10.0,28.284454136399034,29.908854333917535,29.973124337019275,double,1.6244001975184996
3309.731,10.0,28.28077862716959,29.89424309412987,29.958937092971183,double,1.6134644669602793
3310.213,10.0,28.277848394237036,29.879602030370865,29.944713330798635,double,1.6017536361338292
3310.695,10.0,28.27437191399434,29.864931877905253,29.93045372259805,double,1.5905599639109147
3311.177,10.0,28.27012967670038,29.850233373169644,29.9161589427401,double,1.580103696469265
3311.659,10.0,28.267356609570232,29.835507253736683,29.901829667844925,double,1.5681506441664494
3312.142,10.0,28.262733513059967,29.8207236229799,29.88743674313311,double,1.5579901099199323
3312.624,10.0,28.258368248301146,29.805944437778532,29.873040448860312,double,1.5475761894773843
3313.106,10.0,28.25384866617758,29.791139858590377,29.858611704074782,double,1.5372911924127985
3313.588,10.0,28.24741878300334,29.776310627172908,29.844151194145518,double,1.5288918441695665
3314.07,10.0,28.242180140405505,29.761457486238758,29.829659606562913,double,1.5192773458332531
3314.552,10.0,28.23702295720194,29.74658117941943,29.81513763091253,double,1.5095582222174886
3315.034,10.0,28.23269641100011,29.731682451229023,29.800585958848636,double,1.4989860402289168
3315.516,10.0,28.228154095564772,29.716762047028155,29.786005284067464,double,1.4886079514633832
3315.999,10.0,28.222961055787245,29.701789693130387,29.771365964247774,double,1.4788286373431436
3316.481,10.0,28.217586372319758,29.686828135097183,29.75672931659872,double,1.4692417627774235
3316.963,10.0,28.21167272457479,29.671847143401315,29.74206576075464,double,1.4601744188265264
3317.445,10.0,28.206244253596928,29.656847466426317,29.72737599831098,double,1.4506032128293878
3317.927,10.0,28.20111139749014,29.641829853220013,29.71266073276747,double,1.4407184557298724
3318.409,10.0,28.196131875283655,29.626795053458103,29.69792066950021,double,1.4306631781744517
3318.891,10.0,28.19131945417131,29.61174381740762,29.683156515733085,double,1.4204243632363112
3319.373,10.0,28.18731886205178,29.596676895890468,29.668368980509108,double,1.4093580338386869
3319.855,10.0,28.183129502870873,29.58159504024689,29.653558774661583,double,1.3984655373760146
3320.338,10.0,28.179343664239063,29.56646766849741,29.638695816330397,double,1.3871240042583444
3320.82,10.0,28.17390015193448,29.55135817343165,29.62384236541995,double,1.3774580214971743
3321.302,10.0,28.170586224689053,29.53623600256702,29.608968388321532,double,1.3656497778779642
3321.784,10.0,28.165739687432506,29.52110190895263,29.594074602738864,double,1.3553622215201233
3322.266,10.0,28.160180014647594,29.505956645973193,29.579161728017667,double,1.3457766313255959
3322.748,10.0,28.155006352603912,29.490800967312353,29.564230485115285,double,1.335794614708441
3323.23,10.0,28.150036613434125,29.475635626916308,29.54928159657021,double,1.3255990134821816
3323.712,10.0,28.145498521284264,29.46046137895706,29.534315786471115,double,1.3149628576727967
3324.195,10.0,28.140706049408443,29.44524747108661,29.519302681094484,double,1.3045414216781681
3324.677,10.0,28.13560438230661,29.430057656672382,29.50430517486303,double,1.29445327436577
3325.159,10.0,28.130902300406525,29.414861199766662,29.489292929846744,double,1.283958899360138
3325.641,10.0,28.12631751048337,29.399658855079668,29.47426667602536,double,1.273341344596296
3326.123,10.0,28.121866816227126,29.384451377364616,29.45922714477134,double,1.262584561137492
3326.605,10.0,28.11568990665488,29.369239521381367,29.4441750688173,double,1.2535496147264902
3327.087,10.0,28.110023169710797,29.354024041859724,29.42911118222386,double,1.244000872148926
3327.569,10.0,28.104493800207315,29.338805693463016,29.414036220346706,double,1.2343118932557018
3328.052,10.0,28.096637121857626,29.323553651353773,29.39891961226439,double,1.226916529496147
3328.534,10.0,28.092180754134905,29.308331826711477,29.383824691751858,double,1.2161510725765712
3329.016,10.0,28.085827016952177,29.293109397985162,29.36872091099768,double,1.207282381032987
3329.498,10.0,28.080018835345342,29.277887119207087,29.35360901020898,double,1.1978682838617416
3329.98,10.0,28.073061486885436,29.262665744160664,29.338489730720912,double,1.1896042572752286
3330.462,10.0,28.066611771985045,29.24744602634422,29.3233638149626,double,1.1808342543591754
3330.944,10.0,28.061598697557898,29.232228718934422,29.308232006423022,double,1.170630021376523
3331.426,10.0,28.056642815815565,29.217014574750173,29.29309504961626,double,1.1603717589346085
3331.908,10.0,28.05368510503692,29.201804346216075,29.277953690046676,double,1.1481192411791574
3332.391,10.0,28.05046346943473,29.18656724389297,29.262777249697137,double,1.1361037744582358
3332.873,10.0,28.04670368996967,29.171367114199153,29.247629319644375,double,1.1246634242294828
3333.355,10.0,28.044168805319053,29.15617315614797,29.232479230373233,double,1.1120043508289157
3333.837,10.0,28.042722055386804,29.140986060616473,29.217327670077864,double,1.098264005229671
3334.319,10.0,28.03965343650016,29.125806528693314,29.202175338570314,double,1.086153092193154
3334.801,10.0,28.036527517605432,29.110635311507473,29.18702298811338,double,1.0741077939020405
3335.283,10.0,28.033855409882708,29.09547315958447,29.17187137175827,double,1.0616177497017598
3335.765,10.0,28.031449267465884,29.080320822809725,29.156721243307395,double,1.0488715553438388
3336.248,10.0,28.028039758813843,29.0651476474276,29.141541932982896,double,1.0371078886137586
3336.729,10.0,28.024424613501886,29.050048590828006,29.12642846886263,double,1.0256239773261178
3337.212,10.0,28.020863290520793,29.034898838946226,29.111255925179076,double,1.0140355484254349
3337.694,10.0,28.01646436552332,29.01979327489128,29.096119310238812,double,1.003328909367962
3338.176,10.0,28.011938833328966,29.004701266084474,29.08098796375175,double,0.9927624327555118
3338.658,10.0,28.00751153383559,28.989623557805544,29.065862643243623,double,0.9821120239699554
3339.14,10.0,28.002609580936404,28.974560894440042,29.05074410672728,double,0.9719513135036384
3339.622,10.0,27.997290193339076,28.959514019443123,29.035633112664378,double,0.9622238261040472
3340.104,10.0,27.991014275799387,28.94448367530368,29.020530419926494,double,0.953469399504292
3340.586,10.0,27.98431913792093,28.92947060350811,29.005436787756047,double,0.9451514655871796
3341.069,10.0,27.976777734078283,28.914444453661115,28.990321692246624,double,0.9376667195828303
3341.551,10.0,27.968985756928927,28.899468186496556,28.975248482966588,double,0.9304824295676306
3342.033,10.0,27.961707707478023,28.884511411292685,28.96018661539166,double,0.9228037038146619
3342.515,10.0,27.954116011753477,28.869574865165472,28.94513684985479,double,0.9154588534119934
3342.997,10.0,27.94838288299627,28.854659284049355,28.930099946861805,double,0.9062764010530855
3343.479,10.0,27.940636518647,28.839765402661733,28.91507666705153,double,0.8991288840147327
3343.961,10.0,27.934913098882614,28.824893954467417,28.900067771155147,double,0.8899808555848043
3344.443,10.0,27.928877198776437,28.810045671643042,28.885074019955816,double,0.8811684728666058
3344.926,10.0,27.924327801468312,28.79519055439935,28.870065116940825,double,0.8708627529310398
3345.408,10.0,27.920134271411683,28.780390845363623,28.85510397285737,double,0.8602565739519397
3345.89,10.0,27.916617336446574,28.765616491654768,28.840160257302315,double,0.848999155208191
3346.372,10.0,27.913366304144017,28.750868219940774,28.825234730857286,double,0.8375019157967567
3346.854,10.0,27.90958946665893,28.736146755425278,28.810328153950593,double,0.8265572887663497
3347.336,10.0,27.90797178467288,28.72145282181244,28.795441286815183,double,0.8134810371395629
3347.818,10.0,27.90645687774701,28.706787141272073,28.78057488944728,double,0.800330263525062
3348.3,10.0,27.905949950575405,28.692150434404763,28.76572972156419,double,0.7862004838293579
3348.782,10.0,27.902902348583297,28.67754342020715,28.750906542562156,double,0.774641071623855
3349.265,10.0,27.900245122268196,28.662936606227795,28.7360754293585,double,0.7626914839595988
3349.747,10.0,27.899490550807986,28.64839119308921,28.721298554369394,double,0.748900642281225
3350.229,10.0,27.897834308892726,28.63387762111963,28.706545945673607,double,0.7360433122269028
3350.711,10.0,27.89701313782487,28.61939660255024,28.691818360958376,double,0.722383464725368
3351.193,10.0,27.895299855671972,28.604948847835843,28.67711655737692,double,0.7096489921638693
3351.675,10.0,27.893097103747618,28.590535065620447,28.662441291505452,double,0.6974379618728321
3352.157,10.0,27.89099736893216,28.576155962703382,28.647793319300202,double,0.6851585937712179
3352.639,10.0,27.888422691130565,28.56181224400493,28.633173396053667,double,0.673389552874365
3353.122,10.0,27.886567322155948,28.54747496664934,28.618552034783374,double,0.6609076444933915
3353.604,10.0,27.883535562889083,28.53320420051627,28.60399053456657,double,0.6496686376271876
3354.086,10.0,27.87942624443626,28.51897092319975,28.58945934633197,double,0.6395446787634873
3354.568,10.0,27.87494373424008,28.50477583176249,28.574959222280803,double,0.6298320975224092
3355.05,10.0,27.87085012356964,28.4906196212199,28.560490913732096,double,0.6197694976502577
3355.532,10.0,27.866116989582384,28.476502984506475,28.546055171078727,double,0.6103859949240897
3356.014,10.0,27.86187431116394,28.46242661244265,28.531652743743148,double,0.6005523012787062
3356.496,10.0,27.85703772493277,28.44839119370167,28.517284380133102,double,0.5913534687689015
3356.979,10.0,27.852200183474586,28.43436842579959,28.502921126640114,double,0.5821682423250041
3357.461,10.0,27.847261414327047,28.42041705948889,28.488623205968445,double,0.5731556451618436
3357.943,10.0,27.84200120398424,28.40650870071999,28.47436158925689,double,0.56450749673575
3358.425,10.0,27.837210647677228,28.392644029243097,28.460137020406517,double,0.5554333815658674
3358.907,10.0,27.832219415069286,28.378823722497025,28.445950242080333,double,0.5466043074277394
3359.389,10.0,27.825795931903148,28.365048455576837,28.43180199565839,double,0.5392525236736889
3359.871,10.0,27.820595907075557,28.351318901201335,28.417693021192992,double,0.5307229941257763
3360.353,10.0,27.815397677220165,28.337635729681065,28.403624057363295,double,0.5222380524608994
3360.835,10.0,27.808496213850763,28.323999608886087,28.38959584143036,double,0.5155033950353216
3361.318,10.0,27.80235921982811,28.31038306256418,28.37558013470687,double,0.5080238427360717
3361.8,10.0,27.796682210857536,28.29684313796747,28.36163570880291,double,0.5001609271099328
3362.282,10.0,27.790271522586735,28.28335225411219,28.347734235135487,double,0.49308073152545817
3362.764,10.0,27.785641429264864,28.269911068783227,28.333876444836438,double,0.4842696395183643
3363.246,10.0,27.77973213367886,28.256520237166388,28.320063067392333,double,0.47678810348752987
3363.728,10.0,27.775792312631225,28.243180411817292,28.3062948305991,double,0.46738809918606683
3364.21,10.0,27.772032349974733,28.22989224263025,28.29257246051619,double,0.4578598926555155
3364.692,10.0,27.769097425569843,28.216656376807116,28.278896681421195,double,0.4475589512372702
3365.174,10.0,27.765012582104383,28.20347345882648,28.2652682157638,double,0.43846087672209655
3365.656,10.0,27.7612910069259,28.190344130412992,28.251687784120307,double,0.4290531234870887
3366.139,10.0,27.75847684623422,28.1772419605555,28.23812808230071,double,0.41876511432127894
3366.621,10.0,27.75540868276673,28.164221839767723,28.22464597606818,double,0.4088131570009923
3367.103,10.0,27.751766151316637,28.15125721820276,28.21121405536024,double,0.3994910668861207
3367.585,10.0,27.749691149433737,28.138348726258833,28.197833032796858,double,0.3886575768250966
3368.067,10.0,27.745842278679362,28.12549699142871,28.18450361889538,double,0.3796547127493499
3368.549,10.0,27.74321883005564,28.112702638269717,28.17122652202448,double,0.3694838082140772
3369.031,10.0,27.74041546631512,28.099966288374134,28.1580024483584,double,0.3595508220590127
3369.513,10.0,27.737843585174467,28.08728856033958,28.144832101830925,double,0.3494449751651141
3369.996,10.0,27.73541616596726,28.07464395230118,28.131689029706173,double,0.33922778633392325
3370.478,10.0,27.733672252367302,28.062085436460993,28.118628355165594,double,0.3284131840936899
3370.96,10.0,27.73133495832139,28.04958738127512,28.105623507107524,double,0.3182524229537298
3371.442,10.0,27.7282321869441,28.037150393063854,28.092675180040484,double,0.3089182061197515
3371.924,10.0,27.725940827317242,28.024775075007458,28.0797840660032,double,0.29883424769021616
3372.406,10.0,27.724252747277806,28.01246202711759,28.06695085451869,double,0.28820927983978506
3372.888,10.0,27.723269073683916,28.000211846208707,28.054176232548755,double,0.2769427725247908
3373.37,10.0,27.720905717134215,27.988025125869985,28.0414608844479,double,0.267119408735772
3373.853,10.0,27.717740072261122,27.97587737265908,28.028779298712024,double,0.25813730039795924
3374.335,10.0,27.716016620189123,27.96381947589781,28.01618466725814,double,0.24780285570868976
3374.817,10.0,27.71313250772174,27.951826802049283,28.003651348037895,double,0.23869429432754607
3375.299,10.0,27.71034186614221,27.939899931514876,27.991180014515006,double,0.22955806537267032
3375.781,10.0,27.709196610365076,27.92803944133159,27.978771337318037,double,0.2188428309665147
3376.263,10.0,27.70778304066238,27.916245905145075,27.96642598419494,double,0.2084628644826947
3376.745,10.0,27.707548250296316,27.904519893182123,27.954144619967614,double,0.19697164288580704
3377.227,10.0,27.706748715969287,27.89286197222426,27.94192790648672,double,0.18611325625497166
3377.709,10.0,27.704774331158887,27.881272705580546,27.929776502586346,double,0.1764983744216575
3378.192,10.0,27.70212051547277,27.8697288248718,27.917666059539314,double,0.1676083093990255
3378.674,10.0,27.700568063433128,27.858278688089953,27.905647377899218,double,0.15771062465682606
3379.156,10.0,27.699908385043,27.846898875594515,27.893695965136878,double,0.14699049055151847
3379.638,10.0,27.696987894711324,27.83558993653444,27.881812467563687,double,0.13860204182311597
3380.12,10.0,27.695607733703127,27.824352416455255,27.8699975282498,double,0.1287446827521299
3380.602,10.0,27.693135470717994,27.813186857273635,27.858251786979604,double,0.12005138655564185
3381.084,10.0,27.689605237333424,27.802093797251736,27.846575880207126,double,0.11248855991831119
3381.566,10.0,27.6860824439529,27.79107377097215,27.83497044101172,double,0.10499132701925484
3382.049,10.0,27.683105719901928,27.78010467564766,27.823412243224148,double,0.0969989557457307
3382.531,10.0,27.678799565308953,27.769232460018785,27.811949774153522,double,0.09043289470982985
3383.013,10.0,27.676186211016308,27.75843486063339,27.80055965249637,double,0.08224864961708378
3383.495,10.0,27.6732276936738,27.74771239709833,27.78924249738475,double,0.07448470342452662
3383.977,10.0,27.67038013763376,27.737065585216925,27.777998924355995,double,0.06668544758316464
3384.459,10.0,27.668522031270122,27.726494936965246,27.766829545309378,double,0.05797290569512503
3384.941,10.0,27.66609988974722,27.716000960467678,27.755734968462427,double,0.04990107072045946
3385.423,10.0,27.66179227464357,27.70558415997362,27.74471579830794,double,0.04379188533004674
3385.906,10.0,27.65774652064923,27.695223666457956,27.733750011337843,double,0.03747714580872863
3386.387,10.0,27.65445732394279,27.68498408447616,27.7229060771651,double,0.030526760533372554
3386.87,10.0,27.65170174563862,27.67478075542147,27.71209441224104,double,0.02307900978285038
3387.352,10.0,27.647469993469542,27.66467778783499,27.701382999777014,double,0.01720779436544806
3387.834,10.0,27.643814786245347,27.654654459554294,27.690749960306317,double,0.01083967330894886
3388.316,10.0,27.641198361202367,27.644711251081468,27.680195875066527,double,0.0035128898790981467
3388.798,10.0,27.638507666046134,27.63484863888257,27.669721321272867,double,-0.003659027163566142
3389.28,10.0,27.637135506647816,27.625067095365612,27.659326872076228,double,-0.012068411282201152
3389.762,10.0,27.635812584884246,27.615367088858534,27.64901309652188,double,-0.020445496025711662
3390.244,10.0,27.63503270351909,27.6057490835874,27.638780559507936,double,-0.029283619931691485
3390.727,10.0,27.63250984016991,27.596193842404105,27.628608847539343,double,-0.03631599776580674
3391.209,10.0,27.63065767734253,27.58674138826712,27.618540636945276,double,-0.043916289075407455
3391.691,10.0,27.628032803690992,27.577372304152174,27.60855533543533,double,-0.05066049953881824
3392.173,10.0,27.626191616341416,27.56808703765603,27.598653490901746,double,-0.05810457868538621
3392.655,10.0,27.62422700083833,27.558886032168132,27.588835646886658,double,-0.06534096867019668
3393.137,10.0,27.62265984438065,27.54976972684986,27.5791023425419,double,-0.07289011753078833
3393.619,10.0,27.621398079436776,27.540738556614343,27.569454112589526,double,-0.08065952282243494
3394.101,10.0,27.62139201501368,27.53179295210655,27.559891487282318,double,-0.08959906290713082
3394.583,10.0,27.620069199926213,27.522933339683103,27.5504149923646,double,-0.09713586024310827
3395.066,10.0,27.618873072907295,27.514142029854526,27.54100575846391,double,-0.10473104305276926
3395.548,10.0,27.618763542767756,27.505455843999748,27.531703264711233,double,-0.11330769876800595
3396.03,10.0,27.61744435335122,27.496856904228473,27.522488452200633,double,-0.12058744912274988
3396.512,10.0,27.61582816991508,27.488345619541516,27.51336182824714,double,-0.12748255037356437
3396.994,10.0,27.61534391224697,27.479922394555565,27.504323895465575,double,-0.1354215176914031
3397.476,10.0,27.61512376617759,27.471587629484535,27.495375151733235,double,-0.14353613669305654
3397.958,10.0,27.61434040421986,27.46334172012127,27.48651609015259,double,-0.15099868409859107
3398.44,10.0,27.61212321714635,27.455185057819488,27.477747199014647,double,-0.15693815932686372
3398.923,10.0,27.610498230044517,27.4471013863427,27.469051051687643,double,-0.1633968437018185
3399.405,10.0,27.60797637982812,27.439124561529347,27.460464136444106,double,-0.16885181829877083
3399.887,10.0,27.605076148138362,27.43123813180519,27.45196882825952,double,-0.17383801633317209
3400.369,10.0,27.602592042831454,27.42344247058125,27.44356559580542,double,-0.17914957225020345
3400.851,10.0,27.598913026053218,27.415737946742176,27.43525490276196,double,-0.18317507931104315
3401.333,10.0,27.595582117910837,27.408124924629483,27.427037207782934,double,-0.18745719328135402
3401.815,10.0,27.59103829710792,27.40060376402502,27.418912964461217,double,-0.19043453308290048
3402.297,10.0,27.589163074639522,27.393174820134714,27.41088262129439,double,-0.1959882545048086
3402.78,10.0,27.586159214330085,27.3858233193383,27.402930255295963,double,-0.20033589499178772
3403.262,10.0,27.58353508528368,27.378580049232482,27.39508923447588,double,-0.20495503605119647
3403.744,10.0,27.58136284472952,27.37143003454635,27.38734342928731,double,-0.20993281018316656
3404.226,10.0,27.57787677649007,27.36437361201386,27.379693267499988,double,-0.21350316447620865
3404.708,10.0,27.57466626139855,27.35741111371469,27.372139171622344,double,-0.21725514768385912
3405.19,10.0,27.571024277511402,27.350542867059612,27.364681558868963,double,-0.22048141045178937
3405.672,10.0,27.5694450598989,27.343769194775696,27.35732084112922,double,-0.2256758651232038
3406.154,10.0,27.567228058653082,27.33709041489177,27.350057424935503,double,-0.2301376437613134
3406.636,10.0,27.56588046486402,27.33050684072442,27.342891711432515,double,-0.2353736241395954
3407.119,10.0,27.564520669903963,27.324005419656984,27.33580953548917,double,-0.24051525024698095
3407.601,10.0,27.563599307287916,27.31761337705828,27.328840613832593,double,-0.24598593022963633
3408.083,10.0,27.56542281307516,27.311317452328073,27.321970566461818,double,-0.2541053607470867
3408.565,10.0,27.56617010019519,27.305117939785838,27.315199772656197,double,-0.261052160409353
3409.047,10.0,27.56617245111136,27.299015128971067,27.30852860615804,double,-0.2671573221402934
3409.529,10.0,27.566419874997493,27.293009304630377,27.301957435143798,double,-0.27341057036711636
3410.011,10.0,27.5667786798625,27.287100746705008,27.29548662219593,double,-0.2796779331574961
3410.493,10.0,27.56723870903532,27.281289730318502,27.289116524275038,double,-0.2859489787168157
3410.976,10.0,27.567934479419588,27.27556477450307,27.28283459170181,double,-0.2923697049165175
3411.458,10.0,27.570749394170317,27.26994985098608,27.276667182846413,double,-0.30079954318423807
3411.94,10.0,27.572379651920343,27.26443326588801,27.270601526596217,double,-0.3079463860323317
3412.422,10.0,27.573943439050485,27.259015274932814,27.264637957142757,double,-0.31492816411767266
3412.904,10.0,27.57542076475177,27.25369612896862,27.258776802922924,double,-0.32172463578314936
3413.386,10.0,27.577071583393696,27.24847607395691,27.253018386593673,double,-0.32859550943679094
3413.868,10.0,27.57866140732129,27.24335535096173,27.24736302500729,double,-0.33530605635956334
3414.35,10.0,27.579239290225534,27.238334196139434,27.24181102918689,double,-0.3409050940860969
3414.833,10.0,27.57957130071395,27.233402734346456,27.236351508698238,double,-0.34616856636749405
3415.314,10.0,27.579737261923377,27.228591511039145,27.231018349648085,double,-0.3511457508842297
3415.797,10.0,27.579815271899104,27.223860738025024,27.2257674956414,double,-0.35595453387408105
3416.279,10.0,27.580411745550638,27.21924032760355,27.220632172912364,double,-0.36117141794708707
3416.761,10.0,27.5816175094034,27.2147205926064,27.21560168338499,double,-0.3668969167969993
3417.243,10.0,27.582006149102057,27.21030173952815,27.21067630260897,double,-0.3717044095739086
3417.725,10.0,27.58275890632423,27.205983969889463,27.20585630014689,double,-0.376774936434765
3418.207,10.0,27.58199049929318,27.201767480228796,27.201141939553686,double,-0.38022301906438516
3418.689,10.0,27.581974387071522,27.197652462094133,27.196533478356343,double,-0.3843219249773877
3419.171,10.0,27.5834310023936,27.193639102035043,27.192031168034113,double,-0.3897919003585548
3419.654,10.0,27.583687384618287,27.18971957239257,27.187626244611412,double,-0.39396781222572064
3420.136,10.0,27.58338727195675,27.185910279933047,27.18333718767092,double,-0.39747699202370423
3420.618,10.0,27.582976540057665,27.182203175481966,27.179155000044535,double,-0.4007733645756961
3421.1,10.0,27.583444745191656,27.178598425510025,27.175079908820166,double,-0.40484631968162876
3421.582,10.0,27.583906914647617,27.175096191453484,27.17111213494658,double,-0.4088107231941307
3422.064,10.0,27.583447615177498,27.171696629707597,27.16725189321641,double,-0.41175098546989974
3422.546,10.0,27.58393443167664,27.168399891620286,27.16349939224999,double,-0.4155345400563504
3423.028,10.0,27.58223031946509,27.16520612348633,27.159854834479415,double,-0.41702419597876017
3423.51,10.0,27.58107387730916,27.162115466541596,27.156318416133146,double,-0.41895841076756146
3423.993,10.0,27.579188369785644,27.15912196642933,27.15288332774034,double,-0.4200664033563173
3424.475,10.0,27.578837740594626,27.156238149918355,27.149563977358248,double,-0.4225995906762703
3424.957,10.0,27.577294053461447,27.153457838152974,27.146353318080646,double,-0.42383621530847626
3425.439,10.0,27.576322959411492,27.1507811520703,27.143251521165524,double,-0.42554180734118985
3425.921,10.0,27.57539515927194,27.148208207523695,27.140258751598132,double,-0.4271869517482485
3426.403,10.0,27.573814837198938,27.14573911527829,27.13737516807869,double,-0.428075721920651
3426.885,10.0,27.572696190201263,27.1433739810072,27.134600923010744,double,-0.4293222091940607
3427.367,10.0,27.571112042921452,27.14111290528769,27.13193616248968,double,-0.4299991376337631
3427.85,10.0,27.567943022761682,27.13895161698775,27.12937583922752,double,-0.4289914057739319
3428.332,10.0,27.565474338163643,27.136899156067773,27.12693068864876,double,-0.4285751820958694
3428.814,10.0,27.56218111143091,27.13495102499427,27.124595423207204,double,-0.42723008643664184
3429.296,10.0,27.560349431442038,27.13310730391815,27.122370163650643,double,-0.42724212752389135
3429.778,10.0,27.55895819868948,27.13136806787977,27.120255024370366,double,-0.427590130809713
3430.26,10.0,27.55643096437661,27.129733386806404,27.118250113392833,double,-0.42669757757020643
3430.742,10.0,27.55394957435841,27.128203325510334,27.116355532372218,double,-0.42574624884807455
3431.224,10.0,27.55102499604715,27.126777943687237,27.114571376583275,double,-0.4242470523599162
3431.707,10.0,27.548638152748538,27.12545466488729,27.112894377566487,double,-0.4231834878612506
3432.189,10.0,27.546999165536484,27.124239018064067,27.11133156205002,double,-0.4227601474724174
3432.671,10.0,27.544463954057065,27.123128199173575,27.109879419401185,double,-0.4213357548834895
3433.153,10.0,27.54382639390538,27.122122247421782,27.108538019303552,double,-0.421704146483598
3433.635,10.0,27.542635090290247,27.121221196892986,27.107307425033667,double,-0.42141389339726
3434.117,10.0,27.541442391993154,27.120425076549694,27.10618769345725,double,-0.42101731544346155
3434.599,10.0,27.541340733918524,27.11973391023257,27.10517887502592,double,-0.4216068236859549
3435.081,10.0,27.541841383827514,27.119147716660773,27.104281013774234,double,-0.4226936671667403
3435.563,10.0,27.54188974756197,27.118666509432455,27.103494147317342,double,-0.42322323812951645
3436.046,10.0,27.54213379884925,27.118289625646863,27.102817020120217,double,-0.42384417320238676
3436.528,10.0,27.542563944516157,27.118018629258557,27.10225246083008,double,-0.42454531525760175
3437.01,10.0,27.54329683197495,27.11785262928214,27.10179897068079,double,-0.4254442026928096
3437.492,10.0,27.54387809744466,27.117791618831355,27.10145656158454,double,-0.42608647861330784
3437.974,10.0,27.545132207284894,27.117835585905258,27.10122523903067,double,-0.42729662137963587
3438.456,10.0,27.546968606957257,27.117984513390386,27.101105002086594,double,-0.42898409356686984
3438.938,10.0,27.549071171409672,27.118238379062802,27.101095843399207,double,-0.4308327923468691
3439.42,10.0,27.550059120717997,27.118597155590763,27.10119774919685,double,-0.43146196512723334
3439.903,10.0,27.553235475603223,27.119061881472835,27.101411256509845,double,-0.43417359413038814
3440.385,10.0,27.555061820524852,27.119630594769163,27.101735454596565,double,-0.43543122575568916
3440.867,10.0,27.557888324839748,27.12030410621409,27.10217063729468,double,-0.43758421862565844
3441.349,10.0,27.560749012902246,27.12108236806412,27.102716765175384,double,-0.439666644838127
3441.831,10.0,27.562685111429897,27.12196532748432,27.10337379240925,double,-0.44071978394557565
3442.313,10.0,27.5646846433128,27.12295292655228,27.104141666771277,double,-0.44173171676051837
3442.795,10.0,27.56746757641625,27.12404510226226,27.1050203296466,double,-0.44342247415398717
3443.277,10.0,27.569176782372363,27.125241786529873,27.106009716036727,double,-0.44393499584248763
3443.76,10.0,27.571925172612023,27.126545714121985,27.107112151773638,double,-0.44537945849003613
3444.241,10.0,27.57340117997778,27.127948383035484,27.108320367490425,double,-0.4454527969422972
3444.724,10.0,27.572952632946734,27.129461374349802,27.109644326372866,double,-0.44349125859693417
3445.206,10.0,27.57377128223686,27.131075526657934,27.11107605835894,double,-0.4426957555789257
3445.688,10.0,27.575282833400777,27.13279377089647,27.11261809316015,double,-0.44248906250430875
3446.17,10.0,27.576419393322908,27.13461600860665,27.114270327623235,double,-0.44180338471626057
3446.652,10.0,27.576495613910428,27.136542136289243,27.116032652269485,double,-0.43995347762118553
3447.134,10.0,27.576310922062923,27.138572045411212,27.117904951305366,double,-0.43773887665171096
3447.616,10.0,27.576023826123,27.14070562241243,27.119887102633232,double,-0.4353182037105663
3448.098,10.0,27.576759708424536,27.142942748712645,27.121978977863005,double,-0.43381695971189127
3448.581,10.0,27.57732537950554,27.145288264057832,27.1241851234984,double,-0.43203711544770873
3449.063,10.0,27.578257958903862,27.1477323273428,27.126496263171664,double,-0.4305256315610628
3449.545,10.0,27.5786120194661,27.150279553855693,27.128916703631123,double,-0.4283324656104037
3450.027,10.0,27.57858295104058,27.152929804999665,27.131446291428084,double,-0.4256531460409163
3450.509,10.0,27.578917626162426,27.15568293719609,27.13408486688622,double,-0.4232346889663341
3450.991,10.0,27.580217104065152,27.15853880189305,27.136832264116006,double,-0.42167830217210156
3451.473,10.0,27.58026646595108,27.161497245573997,27.139688311029843,double,-0.4187692203770854
3451.955,10.0,27.580893083889197,27.164558109766567,27.142652829357427,double,-0.41633497412262854
3452.438,10.0,27.582617150479344,27.167727899724053,27.14573212220941,double,-0.4148892507552904
3452.92,10.0,27.583301222521012,27.17099332136955,27.1489132479676,double,-0.41230790115145965
3453.402,10.0,27.58445314318437,27.174360658102835,27.15220227298082,double,-0.4100924850815313
3453.884,10.0,27.586319026007715,27.17782973171191,27.15559899440052,double,-0.40848929429580516
3454.366,10.0,27.58959308196079,27.18140035907719,27.159103203280388,double,-0.4081927228835991
3454.848,10.0,27.59290300698759,27.185072352181482,27.162714684594967,double,-0.40783065480610725
3455.33,10.0,27.59628891631007,27.188845518120853,27.166433217258433,double,-0.4074433981892167
3455.812,10.0,27.600195082969993,27.192719659115316,27.170258574144086,double,-0.40747542385467517
3456.294,10.0,27.60445295840836,27.196694572519842,27.174190522104308,double,-0.4077583858885181
3456.777,10.0,27.609411874810423,27.200778610575192,27.17823731058972,double,-0.40863326423523083
3457.259,10.0,27.613310893850773,27.20495464943731,27.18238193715392,double,-0.40835624441346585
3457.741,10.0,27.617324806358607,27.209230823242347,27.18663241890254,double,-0.4080939831162589
3458.223,10.0,27.62178817559311,27.21360690999005,27.190988498799918,double,-0.4081812656030581
3458.705,10.0,27.624926891115408,27.21808268287379,27.195449913895963,double,-0.40684420824161904
3459.187,10.0,27.62759636775612,27.22265791029297,27.200016395348804,double,-0.4049384574631498
3459.669,10.0,27.630792218486217,27.2273323558657,27.204687668447892,double,-0.4034598626205199
3460.151,10.0,27.632931297475,27.23210577844175,27.2094634526377,double,-0.4008255190332488
3460.634,10.0,27.633988807212084,27.236988142775644,27.21435369418097,double,-0.3970006644364421
3461.116,10.0,27.634706368967564,27.241958980951807,27.219337850945802,double,-0.39274738801575726
3461.598,10.0,27.636704540800917,27.24702804366731,27.224425641682814,double,-0.3896764971336064
3462.08,10.0,27.637638356706468,27.25219507082172,27.2296167626891,double,-0.38544328588474563
3462.562,10.0,27.63980535613411,27.257459797614146,27.234910904541422,double,-0.3823455585199642
3463.044,10.0,27.640242902103374,27.262821954557314,27.24030775212235,double,-0.3774209475460588
3463.526,10.0,27.63947260419458,27.26828126749209,27.245806984646837,double,-0.37119133670249216
3464.008,10.0,27.639562214708285,27.273837457602273,27.25140827568957,double,-0.3657247571060118
3464.49,10.0,27.63923263227123,27.27949024142934,27.257111293212116,double,-0.35974239084189397
3464.973,10.0,27.63875372685714,27.28525135836638,27.26292784708418,double,-0.3535023684907601
3465.455,10.0,27.63916996582063,27.29109665964826,27.268833508417,double,-0.34807330617236953
3465.937,10.0,27.638257773397747,27.297037675949177,27.27483986598862,double,-0.34122009744856907
3466.419,10.0,27.63882276381942,27.30307410538576,27.28094656558048,double,-0.33574865843366
3466.901,10.0,27.639275700863607,27.30920564151045,27.28715324750479,double,-0.33007005935316025
3467.383,10.0,27.638774587003766,27.315431973327577,27.29345954663433,double,-0.3233426136761919
3467.865,10.0,27.64062684656287,27.321752785309904,27.299865092432718,double,-0.31887406125296613
3468.347,10.0,27.642328815591082,27.32816775741523,27.306369508985284,double,-0.3141610581758547
3468.83,10.0,27.644248876458715,27.33469016616811,27.312986216117345,double,-0.30955871029060833
3469.312,10.0,27.646927317619603,27.341292674069816,27.319687428203547,double,-0.30563464354978476
3469.794,10.0,27.649166863921547,27.347988354351894,27.326486350523314,double,-0.3011785095696551
3470.276,10.0,27.65303596354538,27.354776869074314,27.33338258595192,double,-0.298259094471065
3470.758,10.0,27.657099763891217,27.361657875868694,27.340375732145226,double,-0.295441888022524
3471.24,10.0,27.660824000239682,27.368631027956305,27.34746538157288,double,-0.29219297228337826
3471.722,10.0,27.664873806817702,27.375695974166103,27.35465112155137,double,-0.28917783265159924
3472.204,10.0,27.66788765324201,27.382852358953425,27.36193253427767,double,-0.28503529428858254
3472.687,10.0,27.67052909320965,27.390114953073535,27.36932459985846,double,-0.2804141401361149
3473.168,10.0,27.673384399800817,27.39743800032401,27.376780681368608,double,-0.2759463994768063
3473.651,10.0,27.67619565994441,27.404882029648313,27.38436234948426,double,-0.2713136302960939
3474.133,10.0,27.678664714409972,27.412400712751527,27.392022368438795,double,-0.266264001658445
3474.615,10.0,27.68217707853274,27.42000899097161,27.399775894610578,double,-0.26216808756112653
3475.097,10.0,27.6859617717727,27.427706482909407,27.407622480194473,double,-0.2582552888632905
3475.579,10.0,27.689932382824374,27.435492802926404,27.415561672510723,double,-0.2544395798979693
3476.061,10.0,27.69421747663669,27.44336756116451,27.423593014041046,double,-0.25084991547217883
3476.543,10.0,27.698358810368106,27.451330363566594,27.43171604246526,double,-0.2470284468015116
3477.025,10.0,27.70201363409852,27.459380811896583,27.439930290698122,double,-0.24263282220193805
3477.508,10.0,27.705851932591795,27.467535477346573,27.44825261121161,double,-0.23831645524522438
3477.99,10.0,27.708892493516053,27.47576018594686,27.456648065718483,double,-0.23313230756918935
3478.472,10.0,27.713760138900824,27.48407132004521,27.4651333095578,double,-0.2296888188556112
3478.954,10.0,27.717259673467513,27.492468464889917,27.473707856948828,double,-0.22479120857759605
3479.436,10.0,27.72171317442615,27.50095120165566,27.482371217534592,double,-0.22076197277048903
3479.918,10.0,27.725159089329583,27.50951910746482,27.491122896420183,double,-0.21563998186476252
3480.4,10.0,27.727752832890097,27.51817175540936,27.499962394211753,double,-0.20958107748073607
3480.882,10.0,27.73113040958845,27.52690871457284,27.50888920705553,double,-0.2042216950156106
3481.365,10.0,27.733741942757632,27.535747937426386,27.517921617013275,double,-0.1979940053312479
3481.847,10.0,27.736888955285693,27.544652383003292,27.527021709255052,double,-0.19223657228240043
3482.329,10.0,27.739717331293374,27.55363982229857,27.536207577545873,double,-0.18607750899480302
3482.811,10.0,27.74203287384369,27.56270980857729,27.545478700579395,double,-0.1793230652664013
3483.293,10.0,27.745779648647,27.571861891208577,27.55483455278854,double,-0.1739177574384243
3483.775,10.0,27.748811681830336,27.581095615688827,27.564274604386252,double,-0.16771606614151002
3484.257,10.0,27.751722190939454,27.59041052366503,27.57379832140609,double,-0.16131166727442192
3484.739,10.0,27.755057178843177,27.599806152958205,27.58340516574327,double,-0.15525102588497264
3485.221,10.0,27.757934656272642,27.609282037586773,27.5930945951959,double,-0.14865261868586832
3485.704,10.0,27.761225589364972,27.618857615441716,27.602886421160328,double,-0.1423679739232575
3486.186,10.0,27.764656289553063,27.628492761759453,27.61273954654576,double,-0.13616352779360907
3486.668,10.0,27.765847991957752,27.63820674189883,27.622673605119502,double,-0.12764125005892413
3487.15,10.0,27.767874728856327,27.64799907490075,27.63268803869935,double,-0.1198756539555812
3487.632,10.0,27.770545989896878,27.657869276124725,27.64278228521522,double,-0.11267671377215294
3488.114,10.0,27.77198005179394,27.66781685727323,27.65295577875124,double,-0.10416319452070666
3488.596,10.0,27.774442703570656,27.677841326416676,27.66320794958883,double,-0.09660137715398198
3489.078,10.0,27.77736368568412,27.687942188018468,27.673538224249178,double,-0.08942149766565377
3489.561,10.0,27.779674545781184,27.6981401351023,27.683967698671086,double,-0.08153441067888512
3490.043,10.0,27.781751177358704,27.708392436595773,27.694452604746246,double,-0.07335874076292992
3490.525,10.0,27.784792726894548,27.718719621494042,27.705013870859652,double,-0.06607310540050482
3491.007,10.0,27.78704468264538,27.72912118007837,27.715650908915023,double,-0.057923502567008844
3491.489,10.0,27.788805692394604,27.7395965991507,27.72636312727199,double,-0.04920909324390155
3491.971,10.0,27.79031775853071,27.750145362059442,27.73714993078983,double,-0.04017239647126636
3492.453,10.0,27.791152510914163,27.76076694872569,27.74801072087142,double,-0.030385562188472992
3492.935,10.0,27.79218537104943,27.77146083566982,27.75894489550711,double,-0.020724535379612607
3493.417,10.0,27.793325382886003,27.782226496037477,27.769951849318787,double,-0.011098886848526224
3493.9,10.0,27.794634423916243,27.793085956516624,27.781054033936027,double,-0.0015484673996202236
3494.382,10.0,27.796174371631484,27.803993715947854,27.792204864535673,double,0.007819344316373211
3494.864,10.0,27.79800710352307,27.814971647143206,27.803426637128958,double,0.016964543620134886
3495.346,10.0,27.800194497082337,27.826019210011633,27.81471873330046,double,0.025824712929295446
3495.828,10.0,27.802798429800617,27.837135861222684,27.826080531488408,double,0.03433743142206569
3496.31,10.0,27.805880779169257,27.848321054233473,27.83751140702967,double,0.042440275064214994
3496.792,10.0,27.809503422679587,27.859574239316416,27.849010732204082,double,0.05007081663682689
3497.274,10.0,27.813728237822954,27.870894863586983,27.860577876280008,double,0.05716662576402687
3497.757,10.0,27.81861710209068,27.882306065703023,27.872236412569006,double,0.06368896361234055
3498.239,10.0,27.824231892974122,27.89376003422481,27.883937427833906,double,0.06952814125069096
3498.721,10.0,27.830634487964602,27.90527976344805,27.895704350854412,double,0.07464527548344813
3499.203,10.0,27.83788676455346,27.916864688133636,27.907536539296153,double,0.07897792358017575
3499.685,10.0,27.84605060023204,27.92851424002627,27.919433348038698,double,0.082463639794228
1500.347,15.0,42.4876267232806,33.3856702942413,33.30762999043907,double,-9.101956429039292
1500.829,15.0,42.517266735662645,33.39491370631084,33.315957230986534,double,-9.12235302935181
1501.311,15.0,42.54523830123181,33.4039948752182,33.324135430818615,double,-9.141243426013613
1501.793,15.0,42.57161414161544,33.41291335876833,33.33216430055593,double,-9.158700782847113
1502.276,15.0,42.59646697844088,33.42168671742833,33.340059747581215,double,-9.17478026101255
1502.758,15.0,42.61986953333548,33.430278195420456,33.347788799624865,double,-9.18959133791502
1503.24,15.0,42.6418945279266,33.43870570789292,33.35536768571602,double,-9.203188820033676
1503.722,15.0,42.662614683841575,33.446968844258706,33.36279613836921,double,-9.21564583958287
1504.204,15.0,42.68210272270777,33.45506720188018,33.370073895561326,double,-9.227035520827586
1504.686,15.0,42.700431366152536,33.46300038608873,33.377200700728125,double,-9.237430980063804
1505.168,15.0,42.717673335803205,33.470768010204374,33.384176302761134,double,-9.246905325598831
1505.65,15.0,42.73390135328715,33.478369695554676,33.39100045600453,double,-9.255531657732474
1506.133,15.0,42.74918814023171,33.48582032445357,33.3976866056946,double,-9.263367815778139
1506.615,15.0,42.76360641826423,33.493088682215,33.40420683075073,double,-9.270517736049227
1507.097,15.0,42.777228909012074,33.500190012696386,33.41057490226345,double,-9.277038896315688
1507.579,15.0,42.79012833410101,33.50712396945487,33.416790596367385,double,-9.283004364646146
1508.061,15.0,42.802641110086455,33.513890214144304,33.422853694634405,double,-9.28875089594215
1508.543,15.0,42.8145444667039,33.52048841653236,33.42876398407091,double,-9.294056050171545
1509.025,15.0,42.825851442562936,33.526918254516445,33.43452125711476,double,-9.298933188046487
1509.507,15.0,42.837456884435724,33.53317941413969,33.44012531163266,double,-9.304277470296036
1509.99,15.0,42.84772602347607,33.539284053108496,33.44558709968945,double,-9.308441970367575
1510.471,15.0,42.858676439973195,33.54519448329813,33.45087298368534,double,-9.313481956675057
1510.954,15.0,42.86903958747546,33.55095956567463,33.45602673470396,double,-9.318080021800835
1511.436,15.0,42.87869863005207,33.55654268305896,33.46101568263829,double,-9.322155946993115
1511.918,15.0,42.88716277437403,33.56195567445599,33.46585048236205,double,-9.325207099918043
1512.4,15.0,42.898329943036195,33.56719827511241,33.4705309642713,double,-9.331131667923787
1512.882,15.0,42.90933251507077,33.572270228520885,33.475056964173156,double,-9.337062286549891
1513.364,15.0,42.91942142649862,33.57717128643281,33.47942832328369,double,-9.342250140065817
1513.846,15.0,42.93065977931892,33.581901208870555,33.483644888225626,double,-9.348758570448368
1514.328,15.0,42.94386541022296,33.58645976413959,33.48770651102641,double,-9.357405646083372
1514.811,15.0,42.954663610775086,33.5908556519078,33.49162099266062,double,-9.363807958867282
1515.293,15.0,42.96669594391898,33.59507045428348,33.49537198669357,double,-9.371625489635498
1515.775,15.0,42.977394963335506,33.59911324379729,33.4989676268074,double,-9.378281719538217
1516.257,15.0,42.98660148226159,33.60298382201487,33.502407786639544,double,-9.383617660246719
1516.739,15.0,42.99418218537212,33.60668199883856,33.50569234522267,double,-9.387500186533554
1517.221,15.0,43.00151010660176,33.61020759251671,33.508821186983006,double,-9.391302514085053
1517.703,15.0,43.00609088583323,33.613560429652814,33.511794201738766,double,-9.392530456180415
1518.185,15.0,43.0106833168576,33.61674034521423,33.51461128469865,double,-9.393942971643366
1518.667,15.0,43.01310107773332,33.61974718254048,33.517272336460536,double,-9.393353895192835
1519.15,15.0,43.01434152116643,33.62258649204486,33.5197822975991,double,-9.391755029121573
1519.632,15.0,43.01341065621345,33.62524637662604,33.52213068612503,double,-9.388164279587413
1520.114,15.0,43.01306540371977,33.627732763036164,33.52432277740138,double,-9.385332640683608
1520.596,15.0,43.01066427058497,33.630045528195524,33.52635849358125,double,-9.380618742389446
1521.078,15.0,43.006698353847185,33.632184557431984,33.52823776220127,double,-9.3745137964152
1521.56,15.0,43.000191446818164,33.634149744486685,33.529960516180445,double,-9.36604170233148
1522.042,15.0,42.99450252169732,33.63594099151959,33.53152669381952,double,-9.358561530177735
1522.524,15.0,42.98764727448426,33.637558209114495,33.53293623880018,double,-9.350089065369765
1523.007,15.0,42.97925226735411,33.639004129242856,33.53419153657738,double,-9.340248138111257
1523.489,15.0,42.970855042820794,33.64027269198602,33.53528734359941,double,-9.330582350834776
1523.971,15.0,42.962848506326715,33.641367007505366,33.53622638121043,double,-9.321481498821344
1524.453,15.0,42.9552350617398,33.642287020139676,33.537008614621904,double,-9.312948041600123
1524.935,15.0,42.948128989680946,33.643032682670494,33.53763401442394,double,-9.305096307010452
1525.417,15.0,42.94206012514257,33.64360395632486,33.53810255658531,double,-9.29845616881771
1525.899,15.0,42.9352363395505,33.6440008107774,33.53841422245325,double,-9.2912355287731
1526.381,15.0,42.930726836320645,33.64422322415206,33.538568998753384,double,-9.286503612168584
1526.864,15.0,42.92847773655019,33.644271101173516,33.53856671009227,double,-9.284206635376673
1527.346,15.0,42.924021372070456,33.64414423861969,33.53840736343101,double,-9.27987713345077
1527.828,15.0,42.920419339237014,33.64384292008344,33.53809111966298,double,-9.276576419153571
1528.31,15.0,42.916306993170686,33.64336715751316,33.53761798704087,double,-9.272939835657523
1528.792,15.0,42.91161502498987,33.64271697130899,33.53698797919718,double,-9.268898053680875
1529.274,15.0,42.906370260549586,33.64189239032258,33.53620111514493,double,-9.264477870227006
1529.756,15.0,42.90017504468044,33.64089345185566,33.535257419278174,double,-9.259281592824776
1530.238,15.0,42.89239908172059,33.639720201658626,33.53415692137276,double,-9.252678880061966
1530.72,15.0,42.88367494992768,33.63837269392849,33.532899656587155,double,-9.245302255999194
1531.203,15.0,42.875331315498514,33.63684765322024,33.53148256898627,double,-9.238483662278279
1531.685,15.0,42.86845902307158,33.635151465617,33.529911572439225,double,-9.233307557454584
1532.167,15.0,42.86098422188339,33.63328123390052,33.52818394690481,double,-9.227702987982871
1532.649,15.0,42.85547232711952,33.631237046044646,33.526299749093184,double,-9.224235281074872
1533.131,15.0,42.85081447685255,33.62901899845416,33.52425904110256,double,-9.221795478398393
1533.613,15.0,42.84840115662705,33.62662719596036,33.52206189042068,double,-9.22177396066669
1534.095,15.0,42.84696184435482,33.62406175181618,33.51970836992615,double,-9.222900092538644
1534.577,15.0,42.846755671746884,33.621322787691014,33.51719855788991,double,-9.225432884055873
1535.06,15.0,42.84310386510314,33.618404211293345,33.51452684449872,double,-9.224699653809793
1535.542,15.0,42.83790349481494,33.61531824655898,33.5117043819684,double,-9.22258524825596
1536.024,15.0,42.83032018581604,33.6120591776061,33.50872589528223,double,-9.218261008209943
1536.506,15.0,42.821039159180394,33.608627159727135,33.505591484309114,double,-9.212411999453257
1536.988,15.0,42.80899290948983,33.60502235659886,33.50230125431944,double,-9.203970552890972
1537.47,15.0,42.793196543366854,33.60124494027471,33.498855315987015,double,-9.191951603092146
1537.952,15.0,42.777432906144696,33.59729509117656,33.49525378539106,double,-9.18013781496813
1538.434,15.0,42.75834027740266,33.59317299808654,33.49149678401875,double,-9.165167279316123
1538.917,15.0,42.73694984397259,33.58886977043284,33.48757616047974,double,-9.148080073539749
1539.398,15.0,42.71231426059004,33.58441287680583,33.48351688194589,double,-9.127901383784215
1539.881,15.0,42.68732638552178,33.579765468048905,33.47928532953438,double,-9.107560917472874
1540.363,15.0,42.65987213969309,33.57495609831814,33.47490744688375,double,-9.084916041374951
1540.845,15.0,42.63161815359642,33.56997555406899,33.47037478240517,double,-9.061642599527431
1541.327,15.0,42.60091039202699,33.56482407406062,33.465687490094304,double,-9.036086317966374
1541.809,15.0,42.56835730360349,33.55950190534164,33.460845729372096,double,-9.008855398261856
1542.291,15.0,42.53542146189251,33.554009303238416,33.455849665087904,double,-8.98141215865409
1542.773,15.0,42.50140063456113,33.548346531342936,33.450699467522085,double,-8.953054103218195
1543.255,15.0,42.46723522923299,33.5425138615002,33.44539531238905,double,-8.924721367732797
1543.738,15.0,42.43308160773233,33.536498944797835,33.439925897609356,double,-8.896582662934499
1544.22,15.0,42.398211899355346,33.53032697654249,33.434314057783375,double,-8.867884922812852
1544.702,15.0,42.36555248791941,33.52398597588625,33.42854882057263,double,-8.841566512033161
1545.184,15.0,42.33414823973051,33.51747624757042,33.42263038347009,double,-8.81667199216009
1545.666,15.0,42.306293016076964,33.510798104520795,33.41655894941857,double,-8.795494911556167
1546.148,15.0,42.28027951137072,33.50395186783279,33.41033472681417,double,-8.776327643537934
1546.63,15.0,42.25737231945647,33.49693786675614,33.40395792950962,double,-8.760434452700332
1547.112,15.0,42.23786453034939,33.489756438679095,33.39742877681766,double,-8.748108091670293
1547.594,15.0,42.221525131818694,33.48240792911253,33.39074749351476,double,-8.73911720270616
1548.077,15.0,42.2067966250799,33.474876926830724,33.38389997537756,double,-8.731919698249174
1548.559,15.0,42.19267963053546,33.46719497844809,33.37691481264624,double,-8.725484652087367
1549.041,15.0,42.17861478551169,33.459347034451916,33.36977822695707,double,-8.719267751059773
1549.523,15.0,42.1643329214951,33.45133347269086,33.36249046498858,double,-8.712999448804236
1550.005,15.0,42.153025092692396,33.443154679049556,33.35505177890128,double,-8.70987041364284
1550.487,15.0,42.14465920128781,33.434811047430344,33.34746242634159,double,-8.709848153857463
1550.969,15.0,42.13835427315857,33.42630297973428,33.33972267044558,double,-8.712051293424288
1551.451,15.0,42.13513695460159,33.41763088584199,33.331832779842905,double,-8.717506068759606
1551.934,15.0,42.130760272813745,33.40877668248518,33.323776193092534,double,-8.721983590328557
1552.416,15.0,42.12626356903884,33.399777459556965,33.31558655092019,double,-8.726486109481874
1552.898,15.0,42.115822913588346,33.39061548866146,33.307247613528624,double,-8.72520742492689
1553.38,15.0,42.10078696515473,33.381291211413725,33.29875967157304,double,-8.719495753741013
1553.862,15.0,42.08046846100972,33.37180507730634,33.290123021222264,double,-8.708663383703385
1554.344,15.0,42.05500994326374,33.36215754368793,33.28133796416295,double,-8.692852399575813
1554.826,15.0,42.02326248811459,33.352349075741095,33.272404807603515,double,-8.670913412373494
1555.308,15.0,41.98745274365004,33.342380146460236,33.26332386427844,double,-8.6450725971898
1555.791,15.0,41.94724805074681,33.332230056331376,33.25407615330042,double,-8.61501799441543
1556.273,15.0,41.903776873496334,33.32194132411575,33.24470029183336,double,-8.581835549380584
1556.755,15.0,41.85666463399993,33.311493597228605,33.235177615690894,double,-8.54517103677132
1557.237,15.0,41.807752363928124,33.30088737969666,33.225508459764875,double,-8.506864984231461
1557.719,15.0,41.756905671085576,33.290123183241086,33.21569316449411,double,-8.466782487844487
1558.201,15.0,41.703980471715575,33.27920152725292,33.2057320758687,double,-8.424778944462652
1558.683,15.0,41.65069880632574,33.268122938768215,33.195625545434105,double,-8.382575867557524
1559.165,15.0,41.595322977588765,33.25688795244262,33.18537393029558,double,-8.33843502514615
1559.647,15.0,41.539195105787776,33.245497110525704,33.17497759312218,double,-8.293697995262072
1560.13,15.0,41.48562832184906,33.23392684711727,33.16441488370082,double,-8.251701474731792
1560.612,15.0,41.43294075826123,33.222225630541494,33.153729914420694,double,-8.210715127719737
1561.094,15.0,41.38167556094099,33.21037023160426,33.142901345331786,double,-8.17130532933673
1561.576,15.0,41.33458050512544,33.198361222682195,33.13192956141269,double,-8.13621928244324
1562.058,15.0,41.28981812667463,33.186199183611876,33.120814953226954,double,-8.103618943062758
1562.54,15.0,41.24834902747452,33.17388470166194,33.109557916927265,double,-8.074464325812581
1563.022,15.0,41.20884718745529,33.16141837150481,33.09815885425965,double,-8.047428815950486
1563.504,15.0,41.173953726504756,33.1488007951881,33.08661817256749,double,-8.025152931316654
1563.987,15.0,41.14296415751294,33.136005935877165,33.07491190202008,double,-8.006958221635779
1564.469,15.0,41.11509585691127,33.123087392140924,33.06308893506763,double,-7.992008464770345
1564.951,15.0,41.088805931203915,33.11001945364975,33.0511256056317,double,-7.978786477554167
1565.433,15.0,41.06144718698307,33.09680275167384,33.03902234349756,double,-7.964644435309226
1565.915,15.0,41.033129467999345,33.083437924710054,33.02677958406786,double,-7.949691543289289
1566.397,15.0,41.00166536758475,33.06992561845126,33.014397768366706,double,-7.931739749133493
1566.879,15.0,40.9652115299227,33.05626648575516,33.00187734304346,double,-7.908945044167536
1567.361,15.0,40.926756673004924,33.04246118661303,32.98921876037658,double,-7.88429548639189
1567.844,15.0,40.88712079045461,33.02848129377278,32.97639578715672,double,-7.85863949668183
1568.325,15.0,40.846093082628734,33.014414764431606,32.96348896029336,double,-7.831678318197133
1568.808,15.0,40.804984764157716,33.00014530430669,32.95039141699927,double,-7.804839459851026
1569.29,15.0,40.764173954146585,32.985761783935686,32.93718455818748,double,-7.778412170210896
1569.772,15.0,40.723012850462695,32.97123550440124,32.9238418889918,double,-7.751777346061456
1570.254,15.0,40.681026702829975,32.956567167830066,32.91036389555326,double,-7.7244595349999114
1570.736,15.0,40.6383398707509,32.941757483252516,32.89675106966683,double,-7.696582387498385
1571.218,15.0,40.595139399051035,32.92680716656832,32.88300390878461,double,-7.668332232482716
1571.7,15.0,40.549829321526516,32.91171694051233,32.86912291601919,double,-7.6381123810141895
1572.182,15.0,40.50323817479682,32.896487534619475,32.85510860014658,double,-7.606750640177346
1572.665,15.0,40.453960053700655,32.88108765828726,32.84093198703412,double,-7.572872395413399
1573.147,15.0,40.40372283142034,32.865581823440984,32.826652300030865,double,-7.5381410079793545
1573.629,15.0,40.35184148198157,32.84993903937232,32.812240851355455,double,-7.501902442609248
1574.111,15.0,40.30204931560681,32.834160062475426,32.79769817247858,double,-7.467889253131382
1574.593,15.0,40.251456281784385,32.818245655765395,32.78302480054839,double,-7.433210626018994
1575.075,15.0,40.20081188292707,32.802196588841404,32.768221278392964,double,-7.398615294085664
1575.557,15.0,40.15026753820769,32.78601363784952,32.7532881545227,double,-7.36425390035817
1576.039,15.0,40.09982752048193,32.76969758544544,32.73822598313257,double,-7.330129935036483
1576.521,15.0,40.04818761169743,32.75324922075661,32.72303532410433,double,-7.294938390940819
1577.004,15.0,39.99587219782242,32.736634805093935,32.70768482914042,double,-7.259237392728485
1577.486,15.0,39.94196584807826,32.7199239385597,32.6922386336219,double,-7.222041909518556
1577.968,15.0,39.889057320314066,32.703083167254746,32.67666566545258,double,-7.185974153059327
1578.45,15.0,39.83218302905611,32.6861133058227,32.66096650729133,double,-7.146069723233412
1578.932,15.0,39.775997187006375,32.66901517518534,32.64514174749231,double,-7.106982011821028
1579.414,15.0,39.71933860438629,32.651789602503,32.6291919801063,double,-7.067549001883289
1579.896,15.0,39.66337125810659,32.63443742113461,32.61311780488182,double,-7.028933836971973
1580.378,15.0,39.60970145271373,32.61695947059754,32.596919827266056,double,-6.992741982116191
1580.861,15.0,39.55837991665447,32.59931994677352,32.58056466942973,double,-6.959059969880949
1581.343,15.0,39.50892014561291,32.581592744360684,32.56412067251344,double,-6.9273274012522315
1581.825,15.0,39.46327857938983,32.563742329660364,32.547554725044826,double,-6.899536249729471
1582.307,15.0,39.41888553019376,32.54576956642748,32.530867455284316,double,-6.8731159637662795
1582.789,15.0,39.37464328553909,32.52767532436961,32.514059497193536,double,-6.8469679611694865
1583.271,15.0,39.33114312237194,32.509460479104995,32.49713149043506,double,-6.821682643266946
1583.753,15.0,39.285867225524946,32.4911259121202,32.480084080372386,double,-6.794741313404745
1584.235,15.0,39.241089403932264,32.47267251072761,32.462917918069216,double,-6.768416893204654
1584.718,15.0,39.19459818466034,32.454062516288765,32.445597678531875,double,-6.740535668371578
1585.2,15.0,39.14677770428619,32.43537388921772,32.4281957447929,double,-6.711403815068468
1585.682,15.0,39.09840882723493,32.416569126083076,32.410677047591776,double,-6.681839701151854
1586.164,15.0,39.047905105552246,32.397649137080485,32.3930422607971,double,-6.650255968471763
1586.646,15.0,38.996277081593306,32.37861483801421,32.37529206397261,double,-6.6176622435790975
1587.128,15.0,38.94341387343071,32.35946715025285,32.357427142375386,double,-6.5839467231778634
1587.61,15.0,38.889953053257784,32.340207000684686,32.339448186953966,double,-6.549746052573102
1588.092,15.0,38.837310502334546,32.32083532167305,32.32135589434619,double,-6.516475180661491
1588.574,15.0,38.7839784687811,32.301353051011176,32.303150966876814,double,-6.482625417769921
1589.057,15.0,38.728528431906796,32.28172037141966,32.284795994928906,double,-6.446808060487136
1589.539,15.0,38.67409366933223,32.2620195278009,32.266367697457824,double,-6.412074141531327
1590.021,15.0,38.61919640085007,32.242210940020875,32.2478289076915,double,-6.376985460829193
1590.503,15.0,38.56208824178546,32.222295567147455,32.22918035068521,double,-6.339792674638006
1590.985,15.0,38.50572636612462,32.20227437344907,32.210422757165425,double,-6.3034519926755515
1591.467,15.0,38.44807695193108,32.182148328348035,32.191556863525804,double,-6.265928623583039
1591.949,15.0,38.39075984889943,32.16191840637396,32.172583411823275,double,-6.228841442525473
1592.431,15.0,38.33177097985301,32.141585587116204,32.153503149773286,double,-6.190185392736808
1592.914,15.0,38.27153980922201,32.12110835421516,32.13427691538375,double,-6.150431455006855
1593.396,15.0,38.21222613715508,32.10057249080918,32.1149850807282,double,-6.111653646345899
1593.878,15.0,38.151817125786884,32.0799367008411,32.095588714366905,double,-6.071880424945785
1594.36,15.0,38.0925029159052,32.05920198367406,32.076088586611185,double,-6.033300932231144
1594.842,15.0,38.03267263766777,32.038369343491915,32.05648547340454,double,-5.994303294175863
1595.324,15.0,37.973599457069135,32.017439789250545,32.03678015631622,double,-5.956159667818589
1595.806,15.0,37.91474270791147,31.996414334628952,32.01697342253466,double,-5.918328373282522
1596.288,15.0,37.85443777291199,31.97529399798047,31.997066064860828,double,-5.8791437749315225
1596.771,15.0,37.79514771508815,31.954035692574955,31.97701726981065,double,-5.841112022513196
1597.252,15.0,37.733590765056796,31.9327727750908,31.956952677058716,double,-5.800817989965995
1597.735,15.0,37.67448381978528,31.911329457869936,31.936706241125297,double,-5.763154361915346
1598.217,15.0,37.61445574053562,31.88983968117696,31.91640422666564,double,-5.724616059358661
1598.699,15.0,37.55545691305863,31.868260184768392,31.896005637950996,double,-5.687196728290234
1599.181,15.0,37.49557004756565,31.84659201400926,31.875511301306293,double,-5.64897803355639
1599.663,15.0,37.437485313211326,31.824836218589247,31.854922048611794,double,-5.61264909462208
1600.145,15.0,37.379342525726244,31.802993852471783,31.834238717293395,double,-5.576348673254461
1600.627,15.0,37.31979223496378,31.78106597384309,31.813462150312827,double,-5.538726261120686
1601.109,15.0,37.259976198863065,31.75905364506099,31.7925931961573,double,-5.500922553802074
1601.592,15.0,37.201703731563036,31.736912004941242,31.771589127787546,double,-5.464791726621793
1602.074,15.0,37.142838744763566,31.71473380969621,31.750537779569797,double,-5.428104935067357
1602.556,15.0,37.08361295353999,31.692474378118995,31.729396624483797,double,-5.391138575420995
1603.038,15.0,37.023627939805536,31.67013478874574,31.708166533019895,double,-5.353493151059796
1603.52,15.0,36.96223656696197,31.64771612402495,31.68684838113688,double,-5.31452044293702
1604.002,15.0,36.89957795094923,31.625219470265197,31.665443050249436,double,-5.2743584806840325
1604.484,15.0,36.83510640660704,31.602645917582432,31.64395142721516,double,-5.232460489024604
1604.966,15.0,36.76873916749591,31.579996559847245,31.622374404321064,double,-5.188742607648667
1605.448,15.0,36.703358858814546,31.55727249463198,31.600712879269928,double,-5.146086364182562
1605.931,15.0,36.63658952180878,31.534427449336228,31.578922554529008,double,-5.102162072472555
1606.413,15.0,36.57015754395359,31.51155712715158,31.557094569254318,double,-5.058600416802012
1606.895,15.0,36.50333689028892,31.488615414184796,31.535184809182425,double,-5.014721476104128
1607.377,15.0,36.43713258819265,31.465603422288947,31.513194193543537,double,-4.971529165903704
1607.859,15.0,36.3733506881785,31.442522266751304,31.491123646908402,double,-4.930828421427192
1608.341,15.0,36.311861067853904,31.419373066239164,31.468974099171543,double,-4.892488001614737
1608.823,15.0,36.25409997014634,31.39615694274587,31.446746485534717,double,-4.8579430274004745
1609.305,15.0,36.19782118869423,31.372875021536327,31.424441746489624,double,-4.824946167157901
1609.788,15.0,36.14471800305665,31.349479927744078,31.402014315829145,double,-4.795238075312574
1610.27,15.0,36.0909575844299,31.326069669068445,31.379558013429122,double,-4.764887915361454
1610.752,15.0,36.03626627538045,31.30259700991277,31.35702744064487,double,-4.733669265467682
1611.234,15.0,35.98028364146803,31.279063088088165,31.33442355895656,double,-4.701220553379865
1611.716,15.0,35.920896544136646,31.255469044403263,31.311747335040874,double,-4.665427499733388
1612.198,15.0,35.86012577815323,31.231816022608854,31.288999740751056,double,-4.62830975554438
1612.68,15.0,35.79572187841616,31.208105169342637,31.266181753096312,double,-4.587616709073522
1613.162,15.0,35.7304345135279,31.184337634073522,31.243294354220723,double,-4.5460968794543755
1613.645,15.0,35.664373831428605,31.160465086677615,31.220290834754227,double,-4.50390874475099
1614.127,15.0,35.59668433424688,31.13658753524761,31.197267441435955,double,-4.460096798999269
1614.609,15.0,35.52837495918874,31.112656769055956,31.174177615995102,double,-4.415718190132783
1615.091,15.0,35.46086816780337,31.088673948343846,31.151022360905362,double,-4.3721942194595185
1615.573,15.0,35.395078550669176,31.064640235903784,31.12780268366262,double,-4.330438314765395
1616.055,15.0,35.32959215606811,31.040556797023434,31.104519596760692,double,-4.2890353590446795
1616.537,15.0,35.26233560979953,31.016424799428954,31.081174117666922,double,-4.245910810370574
1617.019,15.0,35.19498840741304,30.99224541322859,31.057767268796923,double,-4.202742994184449
1617.501,15.0,35.12738419676587,30.968019810855875,31.03430007748895,double,-4.159364385909992
1617.984,15.0,35.058347233922305,30.943698766975587,31.010724704874583,double,-4.1146484669467185
1618.466,15.0,34.987576526001384,30.91938416879546,30.98713981044771,double,-4.068192357205924
1618.948,15.0,34.916754502370075,30.89502688757517,30.96349768703591,double,-4.0217276147949015
1619.43,15.0,34.844738086619245,30.87062810448463,30.93979938141086,double,-3.9741099821346157
1619.912,15.0,34.77211263633408,30.846189002733702,30.916045945130442,double,-3.9259236336003758
1620.394,15.0,34.69969561617937,30.821710767515032,30.89223843450992,double,-3.877984848664334
1620.876,15.0,34.628460640833026,30.797194585946386,30.868377910592304,double,-3.8312660548866395
1621.358,15.0,34.55891195491939,30.772641647013355,30.84446543911857,double,-3.7862703079060314
1621.841,15.0,34.489901578294855,30.748002091870376,30.820452321864234,double,-3.7418994864244826
1622.323,15.0,34.42311019387783,30.723379142273355,30.796439068935406,double,-3.699731051604477
1622.805,15.0,34.35568098452704,30.698723015377542,30.77237709579584,double,-3.6569579691494933
1623.287,15.0,34.28877830922721,30.674034907065597,30.748267486675392,double,-3.6147434021616185
1623.769,15.0,34.219794855333,30.6493160147986,30.72411133034293,double,-3.570478840534397
1624.251,15.0,34.15074384264617,30.624567537558256,30.69990972007277,double,-3.5261763050879136
1624.733,15.0,34.077199403887946,30.59979067578861,30.67566375361066,double,-3.477408728099335
1625.215,15.0,34.00098655589827,30.574986631337925,30.65137453313914,double,-3.4259999245603465
1625.698,15.0,33.92316379274325,30.550105066657736,30.626992642183648,double,-3.3730587260855147
1626.179,15.0,33.845370837899495,30.525301808458,30.602670760869476,double,-3.320069029441491
1626.662,15.0,33.76890161110103,30.500371801686544,30.57820774659929,double,-3.268529809414483
1627.144,15.0,33.694834923954716,30.475471025898106,30.553756540068722,double,-3.21936389805661
1627.626,15.0,33.6258674517553,30.45054909819868,30.529267658073188,double,-3.1753183535566167
1628.108,15.0,33.56111008405887,30.425607227638046,30.504742228662764,double,-3.1355028564208243
1628.59,15.0,33.50203203095239,30.400646624260798,30.480181384064704,double,-3.1013854066915925
1629.072,15.0,33.44778340075015,30.37566849904778,30.45558626064381,double,-3.072114901702366
1629.554,15.0,33.39653329608739,30.350674063857298,30.43095799886246,double,-3.045859232230097
1630.036,15.0,33.3469540828535,30.325664531366435,30.406297743239747,double,-3.021289551487061
1630.519,15.0,33.29431309733019,30.300589185620474,30.381555384694813,double,-2.9937239117097167
1631.001,15.0,33.23951617419742,30.275553074517582,30.35683453056337,double,-2.963963099679839
1631.483,15.0,33.17978552057319,30.250505510990422,30.332085142474575,double,-2.9292800095827687
1631.965,15.0,33.11740241322968,30.225447710403618,30.30730838076236,double,-2.8919547028260606
1632.447,15.0,33.05230183566572,30.200380888645935,30.282505409604134,double,-2.851920947019787
1632.929,15.0,32.9819970486812,30.17530626207141,30.257677396976224,double,-2.806690786609789
1633.411,15.0,32.90890670934456,30.150225047440284,30.232825514608745,double,-2.758681661904283
1633.893,15.0,32.832842147297846,30.125138461859986,30.20795093793973,double,-2.7077036854378624
1634.375,15.0,32.75431690900075,30.10004772272611,30.183054846068647,double,-2.654269186274638
1634.858,15.0,32.675342579490184,30.074901983889735,30.158086707569776,double,-2.6004405956004506
1635.34,15.0,32.59377036865694,30.04980658839419,30.13315109851613,double,-2.5439637802627537
1635.822,15.0,32.5107198450681,30.024710695196976,30.108197535525782,double,-2.4860091498711268
1636.304,15.0,32.42530064446643,29.999615522255716,30.083227211873915,double,-2.425685122210713
1636.786,15.0,32.34031323570014,29.974522287520735,30.058241324255246,double,-2.3657909481794026
1637.268,15.0,32.25566612778427,29.949432208875727,30.033241072733457,double,-2.30623391890854
1637.75,15.0,32.17170847635137,29.924346504079114,30.00822766069048,double,-2.247361972272255
1638.232,15.0,32.09057904415095,29.899266390704604,29.983202294774735,double,-2.1913126534463423
1638.715,15.0,32.013450414655544,29.874141074699978,29.95811423238463,double,-2.1393093399555694
1639.197,15.0,31.938658344598924,29.849075813772817,29.93306857296172,double,-2.0895825308261062
1639.679,15.0,31.870092550065603,29.824019797814337,29.908014601210418,double,-2.0460727522512654
1640.161,15.0,31.808048744861843,29.798974243068287,29.882953536322056,double,-2.009074501793556
1640.643,15.0,31.748835770499422,29.773940365298397,29.857886600486346,double,-1.974895405201027
1641.125,15.0,31.692952051550083,29.74891937972948,29.83281501883594,double,-1.9440326718206058
1641.607,15.0,31.639096458874395,29.72391250098832,29.807740019390028,double,-1.915183957886074
1642.089,15.0,31.587005491987956,29.698920943044904,29.78266283299771,double,-1.888084548943053
1642.572,15.0,31.53379637160571,29.673894121779483,29.757532663811016,double,-1.8599022498262285
1643.054,15.0,31.47983607117392,29.648936882497622,29.732454808978115,double,-1.8308991886762993
1643.536,15.0,31.422804115062082,29.62399860390594,29.70737847871947,double,-1.798805511156143
1644.018,15.0,31.364032144275345,29.59908049675609,29.68230491462685,double,-1.7649516475192528
1644.5,15.0,31.302724880360906,29.57418377084855,29.65723536082757,double,-1.7285411095123548
1644.982,15.0,31.239890730265852,29.54930963497384,29.632171063923664,double,-1.6905810952920097
1645.464,15.0,31.17749483590747,29.524459296853845,29.607113272930434,double,-1.6530355390536267
1645.946,15.0,31.114687448109922,29.4996339630832,29.582063239214385,double,-1.615053485026724
1646.428,15.0,31.054694982920317,29.4748348390708,29.55702221643054,double,-1.5798601438495152
1646.911,15.0,30.991997753307622,29.450011764723094,29.531939540974534,double,-1.5419859885845266
1647.393,15.0,30.92411681600658,29.425268732038322,29.506920335075836,double,-1.4988480839682572
1647.875,15.0,30.85216714034272,29.400555520129917,29.48191391678433,double,-1.4516116202128004
1648.357,15.0,30.774230840125306,29.375873329075997,29.456921548272646,double,-1.3983575110493085
1648.839,15.0,30.69134064894319,29.351223357476776,29.43194449367835,double,-1.340117291466414
1649.321,15.0,30.604162948411286,29.326606802396327,29.406984019037264,double,-1.2775561460149576
1649.803,15.0,30.513297060536882,29.302024859304645,29.382041392216284,double,-1.2112722012322386
1650.285,15.0,30.420194186991534,29.277478722019413,29.357117882845664,double,-1.1427154649721216
1650.768,15.0,30.32709793772872,29.25291877309664,29.3321631181018,double,-1.074179164632083
1651.25,15.0,30.23603711213766,29.228447902443765,29.30728170549768,double,-1.0075892096938932
1651.732,15.0,30.14514307886231,29.20401641102176,29.28242323177116,double,-0.9411266678405528
1652.214,15.0,30.055945092924404,29.17962548545673,29.257588972917002,double,-0.8763196074676738
1652.696,15.0,29.970887278036145,29.155276310433365,29.232780206344078,double,-0.8156109676027812
1653.178,15.0,29.88918715858221,29.130970068637506,29.207998210804,double,-0.7582170899447016
1653.66,15.0,29.81123024743043,29.106707940698783,29.18324426631874,double,-0.7045223067316475
1654.142,15.0,29.73592601878041,29.082491105133133,29.158519654107824,double,-0.6534349136472772
1654.625,15.0,29.6620459086166,29.05827064141535,29.133774456868615,double,-0.6037752672012509
1655.106,15.0,29.587939303032616,29.034198014273628,29.10916355693346,double,-0.553741288758991
1655.589,15.0,29.515227684820466,29.010074210613475,29.08448357777852,double,-0.505153474206993
1656.071,15.0,29.4412531257963,28.98605039034231,29.059889201073723,double,-0.45520273545399115
1656.553,15.0,29.369296562407694,28.96207772373924,29.03533058078107,double,-0.40721883866844943
1657.035,15.0,29.299354259069638,28.938157375435352,29.010809003743333,double,-0.3611968836342849
1657.517,15.0,29.232273916626518,28.914290507549474,28.98632575747374,double,-0.3179834090770439
1657.999,15.0,29.167129388113022,28.89047827963202,28.96188213007882,double,-0.27665110848100194
1658.481,15.0,29.10586373777831,28.866721848608524,28.93747941017982,double,-0.23914188916978607
1658.963,15.0,29.04875429620788,28.843022368723492,28.913118886834283,double,-0.20573192748438718
1659.446,15.0,28.995045139849303,28.819332004178634,28.88875144526969,double,-0.1757131356706687
1659.928,15.0,28.94284202537363,28.795750002419783,28.864479277787485,double,-0.14709202295384305
1660.41,15.0,28.892585841444006,28.772228400260826,28.840253178528823,double,-0.12035744118318314
1660.892,15.0,28.8406080889028,28.748768340656667,28.81607443749752,double,-0.09183974824613639
1661.374,15.0,28.786552497463834,28.725370963601943,28.791944344731533,double,-0.06118153386189262
1661.856,15.0,28.72981592315906,28.70203740607581,28.767864190220717,double,-0.027778517083248966
1662.338,15.0,28.671582386940024,28.67876880198661,28.743835263824487,double,0.007186415046583905
1662.82,15.0,28.611346260673464,28.65556628211681,28.719858855188598,double,0.04422002144334192
1663.302,15.0,28.550023193621186,28.632430974068086,28.695936253661735,double,0.082407780446897
1663.785,15.0,28.486596034299723,28.60931621723183,28.672019288731104,double,0.12272018293210674
1664.267,15.0,28.421523014520172,28.586318847898273,28.648208286177816,double,0.16479583337810078
1664.749,15.0,28.354976026538576,28.563392055874104,28.6244549588244,double,0.2084160293355286
1665.231,15.0,28.288893154437254,28.54053695548422,28.600760593983466,double,0.2516438010469635
1665.713,15.0,28.221074558183844,28.51775465760027,28.577126478244985,double,0.29668009941642426
1666.195,15.0,28.153238209157657,28.495046269586656,28.553553897389705,double,0.3418080604289997
1666.677,15.0,28.085769795371636,28.472412895246567,28.530044136302013,double,0.3866430998749337
1667.159,15.0,28.02010144205078,28.44985563464678,28.506598478756995,double,0.4297541925959991
1667.642,15.0,27.955447489098002,28.427329026013403,28.48316976944386,double,0.4718815369154028
1668.124,15.0,27.89389407483266,28.404927441779616,28.459856305396396,double,0.5110333669469558
1668.606,15.0,27.83110065010721,28.38260525141368,28.436610791975266,double,0.5515046013064684
1669.088,15.0,27.769263492605944,28.360363539971868,28.413434508121217,double,0.5911000473659223
1669.57,15.0,27.706185567377915,28.3382033886311,28.390328731347836,double,0.6320178212531835
1670.052,15.0,27.641190795210868,28.316125874636565,28.36729473765191,double,0.6749350794256981
1670.534,15.0,27.573177650134518,28.294132071249244,28.344333801422838,double,0.7209544211147279
1671.016,15.0,27.506404825675023,28.27222304769413,28.321447195352224,double,0.7658182220191045
1671.499,15.0,27.437231516586134,28.25035468277639,28.298588944073938,double,0.8131231661902549
1671.981,15.0,27.36526453457279,28.228618591559744,28.27585496994727,double,0.8633540569869536
1672.463,15.0,27.29393985119733,28.206970465303904,28.25319913558112,double,0.9130306141065747
1672.945,15.0,27.22396763778748,28.185411356563762,28.23062270595711,double,0.9614437187762781
1673.427,15.0,27.155798707471984,28.163942313600625,28.208126943900275,double,1.008143606128642
1673.909,15.0,27.090200553435174,28.142564380331326,28.185713109985848,double,1.0523638268961522
1674.391,15.0,27.027929993863935,28.121278596277755,28.163382462446542,double,1.0933486024138184
1674.873,15.0,26.9698159035727,28.10008599651609,28.14113625707886,double,1.1302700929433862
1675.355,15.0,26.916653944841794,28.078987611626804,28.118975747149445,double,1.1623336667850093
1675.838,15.0,26.870209569131408,28.057940992369097,28.096856478771958,double,1.1877314232376868
1676.32,15.0,26.826492992584743,28.037034311506137,28.074871293200122,double,1.2105413189213932
1676.802,15.0,26.78589230811817,28.016224911888077,28.052975549326675,double,1.230332603769907
1677.284,15.0,26.746752092033628,27.995513805604656,28.03117048935023,double,1.2487617135710283
1677.766,15.0,26.706546082823397,27.974902000001865,28.009457352466725,double,1.2683559171784708
1678.248,15.0,26.663146043916537,27.95439049763316,27.987837374774227,double,1.2912444537166223
1678.73,15.0,26.61724682509865,27.933980296210624,27.966311789177254,double,1.316733471111975
1679.212,15.0,26.5690848842644,27.913672388556794,27.944881825291322,double,1.3445875042923938
1679.695,15.0,26.519208370732194,27.89342595228863,27.923504551292066,double,1.3742175815564361
1680.177,15.0,26.46540678151589,27.873325808174787,27.902269710772977,double,1.4079190266588937
1680.659,15.0,26.41084264938019,27.85333090850156,27.881134162641974,double,1.4424882591213717
1681.141,15.0,26.353630589827155,27.83344222604264,27.860099122389535,double,1.4798116362154834
1681.623,15.0,26.295894507438643,27.813660728443146,27.839165801735255,double,1.5177662210045018
1682.105,15.0,26.23622703322993,27.793987378173007,27.81833540853156,double,1.5577603449430766
1682.587,15.0,26.17537197427048,27.77442313248001,27.79760914666663,double,1.5990511582095301
1683.069,15.0,26.11115536981806,27.75496894334345,27.776988215967613,double,1.6438135735253878
1683.552,15.0,26.046481073872062,27.73558574237808,27.756431362661022,double,1.6891046685060196
1684.033,15.0,25.979890397733936,27.716394516036825,27.73606712648744,double,1.7365041183028895
1684.516,15.0,25.911636944723515,27.697236608403774,27.715727348631404,double,1.7855996636802596
1684.998,15.0,25.843543978824034,27.678232295387716,27.69553988586989,double,1.8346883165636818
1685.48,15.0,25.775325777862367,27.65934272010062,27.675463691532354,double,1.8840169422382536
1685.962,15.0,25.707717399400437,27.64056880193721,27.655499939028594,double,1.9328514025367727
1686.444,15.0,25.64194347549307,27.621911454705504,27.635649797026325,double,1.979967979212438
1686.926,15.0,25.58041233090009,27.603371586582348,27.61591442935379,double,2.0229592556822604
1687.408,15.0,25.521240335534536,27.58495010006926,27.59629499490226,double,2.063709764534727
1687.89,15.0,25.4661880902792,27.566647891948747,27.576792647528798,double,2.1004598016695466
1688.373,15.0,25.415938428922143,27.54842825669942,27.557368443659737,double,2.1324898277772784
1688.855,15.0,25.37091929548499,27.53036752468432,27.53810396024992,double,2.159448229199329
1689.337,15.0,25.33180084085156,27.512428728478604,27.518959996666503,double,2.180627887627046
1689.819,15.0,25.29890510978169,27.49461274154317,27.49993768564536,double,2.1957076317614788
1690.301,15.0,25.269615975363646,27.4769204314047,27.481038154401837,double,2.2073044560410535
1690.783,15.0,25.24142060330783,27.45935265961348,27.46226252453373,double,2.2179320563056493
1691.265,15.0,25.21498102094662,27.441910281701574,27.44361191192457,double,2.2269292607549565
1691.747,15.0,25.187253859630005,27.424594147141214,27.425087426646815,double,2.2373402875112083
1692.229,15.0,25.156572883586932,27.40740509930351,27.406690172865243,double,2.2508322157165805
1692.712,15.0,25.123452234659837,27.39030871244903,27.388383480565317,double,2.266856477789192
1693.194,15.0,25.08715824997888,27.37337661154703,27.37024424779887,double,2.2862183615681486
1693.676,15.0,25.04860304684813,27.356574092170703,27.35223552486037,double,2.3079710453225766
1694.158,15.0,25.006627234059174,27.339901972866766,27.3343583913087,double,2.333274738807589
1694.64,15.0,24.96200894616151,27.323361065878828,27.31661392031477,double,2.3613521197173135
1695.122,15.0,24.91540317776532,27.306952177107675,27.29900317856605,double,2.391548999342352
1695.604,15.0,24.866507997838127,27.29067610607242,27.28152722617152,double,2.4241681082342925
1696.086,15.0,24.815619806845106,27.27453364587143,27.264187116566884,double,2.458913839026322
1696.569,15.0,24.762576644400976,27.258492511643368,27.246948348110184,double,2.4959158672423905
1697.051,15.0,24.70847952558613,27.242619907788445,27.22988334446208,double,2.5341403822023127
1697.533,15.0,24.654575830728216,27.2268832567526,27.21295730506128,double,2.572307426024384
1698.015,15.0,24.599994842100447,27.21128332555514,27.196171255692114,double,2.611288483454693
1698.497,15.0,24.545508893253242,27.19582087460489,27.179526214995388,double,2.6503119813516496
1698.979,15.0,24.492262354948057,27.180496657663205,27.163023194375402,double,2.6882343027151476
1699.461,15.0,24.439484034698285,27.16531142180727,27.146663197907273,double,2.7258273871089838
1699.943,15.0,24.386767150675638,27.150265907393788,27.130447222244904,double,2.7634987567181497
1700.426,15.0,24.337467180785865,27.135330071171225,27.114343065695923,double,2.797862890385361
1700.908,15.0,24.290026026666137,27.120566487310356,27.09841839536411,double,2.830540460644218
1701.39,15.0,24.244100148037358,27.10594480676727,27.08264069236741,double,2.861844658729909
1701.872,15.0,24.200561295743906,27.091465742645532,27.067010922743716,double,2.8909044469016267
1702.354,15.0,24.159798565853116,27.077130001151374,27.051530044654566,double,2.9173314352982564
1702.836,15.0,24.120879640542167,27.062938281559212,27.03619900829537,double,2.942058641017045
1703.318,15.0,24.084435882733494,27.048891276177713,27.02101875580628,double,2.964455393444218
1703.8,15.0,24.049284933391803,27.034989670316058,27.00599022118365,double,2.985704736924255
1704.282,15.0,24.016292695069424,27.021234142250528,26.991114330191824,double,3.0049414471811033
1704.765,15.0,23.98460373973825,27.007597282217134,26.976361616280958,double,3.0229935424788827
1705.247,15.0,23.95508090865624,26.99413622279834,26.96179407789505,double,3.0390553141420975
1705.729,15.0,23.926979954221007,26.980823234834556,26.947381912027595,double,3.0538432806135467
1706.211,15.0,23.899198092224854,26.967658968128923,26.933126010626907,double,3.0684608759040666
1706.693,15.0,23.872057416741992,26.95464406528999,26.919027256976847,double,3.0825866485479967
1707.175,15.0,23.84581316814254,26.94177916170043,26.90508652561218,double,3.0959659935578894
1707.657,15.0,23.8195276662738,26.929064885486003,26.89130468223448,double,3.1095372192122053
1708.139,15.0,23.7956774566975,26.916501857484974,26.877682583628648,double,3.120824400787475
1708.622,15.0,23.772801846625708,26.904065100191882,26.864193316663247,double,3.1312632535661744
1709.104,15.0,23.75317721993949,26.89180671878027,26.850893577661317,double,3.1386294988407784
1709.586,15.0,23.734130824780227,26.879701405306033,26.837756101173238,double,3.145570580525808
1710.068,15.0,23.716244827210197,26.867749751143222,26.824781707477076,double,3.151504923933024
1710.55,15.0,23.70104838163127,26.855952340230626,26.81197120752692,double,3.154903958599356
1711.032,15.0,23.686252940793977,26.84430974904341,26.79932540287374,double,3.158056808249432
1711.514,15.0,23.670059556586274,26.832822546564817,26.78684508558664,double,3.162762989978543
1711.996,15.0,23.6538782213815,26.821491294258603,26.77453103817513,double,3.167613072877104
1712.479,15.0,23.636147544776183,26.81029352498244,26.762359006429115,double,3.1741459802062613
1712.96,15.0,23.616659120285334,26.79929884825656,26.750404834757504,double,3.1826397279712233
1713.443,15.0,23.595597324323155,26.788416372483297,26.738569867615723,double,3.192819048160142
1713.925,15.0,23.570742576659086,26.7777147127593,26.726928882945984,double,3.2069721361002115
1714.407,15.0,23.54569642340901,26.76717169786545,26.71545793614768,double,3.2214752744564423
1714.889,15.0,23.5211452677866,26.75678784356994,26.704157750761446,double,3.23564257578334
1715.371,15.0,23.494224765275735,26.746563657937365,26.69302904024577,double,3.2523388926616326
1715.853,15.0,23.464873639951637,26.73649964130401,26.682072507905495,double,3.2716260013523764
1716.335,15.0,23.435040200236802,26.726596286253233,26.67128884682142,double,3.291556086016434
1716.817,15.0,23.403884871701056,26.716854077591567,26.660678739780845,double,3.312969205890512
1717.3,15.0,23.372748173853957,26.7072537839259,26.650221389573204,double,3.3345056100719446
1717.782,15.0,23.341890893472723,26.69783562801049,26.63996076098488,double,3.3559447345377693
1718.264,15.0,23.31036339579247,26.6885800269566,26.629875673699388,double,3.3782166311641273
1718.746,15.0,23.280593826542802,26.679487434213918,26.619966768630515,double,3.3988936076711163
1719.228,15.0,23.251108597417517,26.670558295340545,26.610234676064337,double,3.4194496979230298
1719.71,15.0,23.22318610763897,26.66179304798133,26.600680015595437,double,3.438606940342359
1720.192,15.0,23.196045978879745,26.653192121846402,26.591303396063708,double,3.457146142966658
1720.674,15.0,23.170708598256837,26.644755938690096,26.582105415492492,double,3.474047340433259
1721.156,15.0,23.147494924936982,26.63648491229045,26.573086661027535,double,3.488989987353466
1721.639,15.0,23.1264550700558,26.628362804492834,26.564229558099907,double,3.501907734437032
1722.121,15.0,23.107331564309014,26.620423645658143,26.555571348261854,double,3.5130920813491286
1722.603,15.0,23.091118105848103,26.61265083765569,26.547094061245257,double,3.521532731807586
1723.085,15.0,23.077535916445736,26.605044762142704,26.538798240072857,double,3.5275088456969694
1723.567,15.0,23.066900951605003,26.597605792702694,26.53068441660011,double,3.53070484109769
1724.049,15.0,23.056226799922324,26.590334294827088,26.52275311146032,double,3.534107494904765
1724.531,15.0,23.048127006181804,26.58323062589738,26.51500483401119,double,3.5351036197155765
1725.013,15.0,23.040370732079268,26.57629513516756,26.507440082281942,double,3.535924403088292
1725.496,15.0,23.03166704579451,26.56951429979485,26.500044221796625,double,3.5378472540003396
1725.978,15.0,23.023495882247133,26.562916531287893,26.492848353265497,double,3.5394206490407614
1726.46,15.0,23.016559065432485,26.55648794047389,26.48583743701257,double,3.5399288750414035
1726.942,15.0,23.01012841737404,26.550228843912503,26.47901192522576,double,3.5401004265384617
1727.424,15.0,23.002765592122753,26.544139549954295,26.472372258518174,double,3.5413739578315395
1727.906,15.0,22.995666074081495,26.538220358725418,26.465918865882198,double,3.5425542846439226
1728.388,15.0,22.9891679684874,26.532471562112892,26.45965216464478,double,3.543303593625491
1728.87,15.0,22.984712367585384,26.526893443750367,26.453572560423893,double,3.5421810761649795
1729.353,15.0,22.97934540415127,26.521475238712327,26.44766841794779,double,3.542129834561056
1729.835,15.0,22.97268187301263,26.516239650168995,26.441964567733923,double,3.543557777156364
1730.317,15.0,22.967036762932747,26.5111755416465,26.43644896147425,double,3.544138778713757
1730.799,15.0,22.960915912674878,26.50628316361191,26.431121957513966,double,3.5453672509370318
1731.281,15.0,22.954527933301843,26.501562758213016,26.42598390228905,double,3.5470348249111714
1731.763,15.0,22.949648569611885,26.49701455926643,26.421035130289937,double,3.547365989654547
1732.245,15.0,22.9435462025596,26.492638792246037,26.41627596402626,double,3.5490925896864365
1732.727,15.0,22.93771063617473,26.48843567427187,26.41170671399278,double,3.5507250380971382
1733.209,15.0,22.93280480710708,26.48440541409939,26.40732767863685,double,3.5516006069923085
1733.692,15.0,22.928144872593986,26.48054038964336,26.403130652639,double,3.552395517049373
1734.174,15.0,22.9239095756044,26.476856797464844,26.39913328970961,double,3.5529472218604417
1734.656,15.0,22.919331521708152,26.47334663943765,26.395326964736686,double,3.554015117729498
1735.138,15.0,22.915702078782676,26.470010090742136,26.391711927649485,double,3.554308011959459
1735.62,15.0,22.911452372996454,26.466847318146435,26.388288416184537,double,3.555394945149981
1736.102,15.0,22.907584012303765,26.463858479998198,26.385056655860527,double,3.556274467694434
1736.584,15.0,22.904008540829395,26.461043726216687,26.38201685995426,double,3.5570351853872917
1737.066,15.0,22.90224708128647,26.458403198285254,26.379169229477974,double,3.556156116998782
1737.549,15.0,22.90092973275578,26.455932094044392,26.376508644361884,double,3.5550023612886115
1738.031,15.0,22.90129974367296,26.453640770607322,26.374046298234173,double,3.5523410269343607
1738.513,15.0,22.900804510091206,26.45152404701861,26.371776647105737,double,3.5507195369274047
1738.995,15.0,22.90306522102962,26.44958203093386,26.36969984270373,double,3.5465168099042375
1739.477,15.0,22.90434031708281,26.447814821541506,26.367816024396518,double,3.5434745044586933
1739.959,15.0,22.907741022885215,26.446222509557842,26.366125319178796,double,3.538481486672629
1740.441,15.0,22.91202450139973,26.444805177222275,26.36462784165781,double,3.5327806758225444
1740.923,15.0,22.9155415728387,26.443562898293205,26.363323694041213,double,3.528021325454506
1741.406,15.0,22.92107188116917,26.44249370609489,26.362210862825975,double,3.521421824925719
1741.887,15.0,22.925782304544633,26.441603753260566,26.361295735287964,double,3.5158214487159336
1742.37,15.0,22.931208804288797,26.440885687354054,26.360570766333247,double,3.5096768830652576
1742.852,15.0,22.937609888592565,26.440344553542893,26.36004111379289,double,3.502734664950327
1743.334,15.0,22.943172232803306,26.439978714652362,26.35970511592902,double,3.4968064818490547
1743.816,15.0,22.94809753267387,26.43978819347176,26.359562800339255,double,3.4916906607978886
1744.298,15.0,22.952957079623005,26.439773004291318,26.35961418217186,double,3.4868159246683126
1744.78,15.0,22.957943403605206,26.439933152901464,26.359859264123774,double,3.481989749296255
1745.262,15.0,22.96240671615956,26.440268636592144,26.360298036440234,double,3.4778619204325842
1745.744,15.0,22.968846673002517,26.440779444152845,26.360930476915435,double,3.4719327711503296
1746.227,15.0,22.97631972651248,26.44146716155119,26.361758465992047,double,3.4651474350387126
1746.709,15.0,22.984205731983202,26.442328912828316,26.362778527949406,double,3.458123180845116
1747.191,15.0,22.992786174273625,26.44336590326124,26.36399211663365,double,3.4505797289876154
1747.673,15.0,23.00163591909717,26.444578087627153,26.36539916004363,double,3.4429421685299832
1748.155,15.0,23.011285026338545,26.445965412208484,26.366999573751016,double,3.4346803858699397
1748.637,15.0,23.02048832042389,26.447527814795198,26.368793260908873,double,3.4270394943713063
1749.119,15.0,23.029804528593576,26.4492652246877,26.370780112261805,double,3.419460696094126
1749.601,15.0,23.0410637246589,26.45117756269993,26.372960006157204,double,3.410113838041029
1750.083,15.0,23.052907620919388,26.453264741163064,26.375332808557832,double,3.400357120243674
1750.566,15.0,23.064481592773976,26.455531538290256,26.377903896071274,double,3.391049945516278
1751.048,15.0,23.07762620925896,26.457968462946248,26.38066246332168,double,3.380342253687288
1751.53,15.0,23.093433517738077,26.460579913948557,26.383613462436074,double,3.3671463962104795
1752.012,15.0,23.108476191726346,26.463365769723836,26.386756709965564,double,3.3548895779974885
1752.494,15.0,23.124646580228724,26.46632590024019,26.39009201015935,double,3.3416793200114645
1752.976,15.0,23.14056382486114,26.46946016701318,26.393619154985032,double,3.3288963421520408
1753.458,15.0,23.158248179008172,26.47276842311236,26.397337924150357,double,3.3145202441041857
1753.94,15.0,23.1759952617314,26.476250513168093,26.401248085126184,double,3.30025525143669
1754.423,15.0,23.19590825450418,26.479914038355247,26.405358100629183,double,3.2840057838510655
1754.905,15.0,23.216062595473943,26.483743656265048,26.409650694575603,double,3.267681060791103
1755.387,15.0,23.23753439144219,26.487746591079343,26.414133909001546,double,3.2502121996371534
1755.869,15.0,23.26055343787054,26.491922653731613,26.418807462660197,double,3.231369215861074
1756.351,15.0,23.28206462840548,26.496271646756863,26.42367106220176,double,3.2142070183513836
1756.833,15.0,23.3042094455154,26.50079336430087,26.42872440220393,double,3.196583918785467
1757.315,15.0,23.32633925475597,26.505487592129974,26.433967165203796,double,3.179148337374005
1757.797,15.0,23.347239045994716,26.51035410764125,26.439399021730715,double,3.163115061646532
1758.28,15.0,23.369309247620766,26.515403312030173,26.44503148731845,double,3.1460940644094078
1758.762,15.0,23.390898175717638,26.520614057886117,26.450840885122577,double,3.129715882168477
1759.244,15.0,23.412756300539158,26.52599637298484,26.45683831557435,double,3.1132400724456804
1759.726,15.0,23.434487146414373,26.531550001338676,26.463023401502618,double,3.097062854924304
1760.208,15.0,23.457164909298385,26.53727467864747,26.46939575391197,double,3.0801097693490846
1760.69,15.0,23.479543954306976,26.54317013231129,26.475954972023175,double,3.063626178004311
1761.172,15.0,23.50132066426653,26.54923608144332,26.482700643314516,double,3.047915417176789
1761.654,15.0,23.52375946949557,26.555472236883283,26.489632343564534,double,3.0317127673877122
1762.136,15.0,23.545094171661614,26.561878301211262,26.496749636895796,double,3.0167841295496487
1762.619,15.0,23.56639898163734,26.568467787311217,26.504067418249868,double,3.0020688056738742
1763.101,15.0,23.5896741405978,26.575213095078638,26.511554926395466,double,2.985538954480835
1763.583,15.0,23.61288313333518,26.5821273693832,26.51922664952167,double,2.9692442360480187
1764.065,15.0,23.63660559021151,26.58921027989509,26.52708210556475,double,2.9526046896835827
1764.547,15.0,23.660615897165705,26.59646148809981,26.53512080104149,double,2.9358455909341052
1765.029,15.0,23.685166207621766,26.603880647314316,26.543342231099853,double,2.918714439692549
1765.511,15.0,23.712949260936554,26.611467402703582,26.55174587957065,double,2.898518141767026
1765.993,15.0,23.74139177093757,26.61922139129761,26.56033121902044,double,2.877829620360037
1766.476,15.0,23.768276716242454,26.627158848499977,26.569116086475564,double,2.858882132257523
1766.958,15.0,23.79814594059476,26.635246527141287,26.578063554911658,double,2.837100586546526
1767.44,15.0,23.827199288774555,26.643500300631185,26.58719106381048,double,2.8163010118566314
1767.922,15.0,23.85903526763794,26.651919773620627,26.596498041208783,double,2.7928845059826846
1768.404,15.0,23.891340298889833,26.66050454271629,26.605983904159476,double,2.769164243826455
1768.886,15.0,23.92518922700997,26.669254196500102,26.61564805879091,double,2.7440649694901342
1769.368,15.0,23.95893858372753,26.678168315548778,26.62548990036699,double,2.719229731821249
1769.85,15.0,23.992927972880125,26.687246472453996,26.63550881334845,double,2.694318499573872
1770.333,15.0,24.027309838770506,26.696507575375616,26.645725506624462,double,2.669197736605111
1770.814,15.0,24.06206919728906,26.705893150398975,26.656075337729167,double,2.643823953109914
1771.297,15.0,24.09770682538088,26.715480795547936,26.66664372656935,double,2.617773970167056
1771.779,15.0,24.131860354209877,26.725211006953764,26.677364917262143,double,2.5933506527438865
1772.261,15.0,24.166695217502422,26.735102999152666,26.688259940430825,double,2.568407781650242
1772.743,15.0,24.201651734237178,26.7451562972536,26.699328117036387,double,2.543504563016424
1773.225,15.0,24.2354164130864,26.75537041853213,26.71056875769271,double,2.5199540054457295
1773.707,15.0,24.268638020068906,26.76574487245355,26.721981162735347,double,2.497106852384645
1774.189,15.0,24.30145504389032,26.776279160696358,26.733564622291283,double,2.4748241168060376
1774.671,15.0,24.335753279044535,26.7869727771763,26.74531841634965,double,2.4512194981317625
1775.154,15.0,24.3695284697261,26.797847888214,26.757266727965966,double,2.428319418487901
1775.636,15.0,24.402441382026634,26.80885893984717,26.769359340368204,double,2.406417557820534
1776.118,15.0,24.436051703463583,26.820027754026967,26.781620065566113,double,2.38397605056338
1776.6,15.0,24.468644873427177,26.831353793848905,26.79404814370058,double,2.36270892042173
1777.082,15.0,24.50221226145529,26.84283651477117,26.80664280514099,double,2.3406242533158816
1777.564,15.0,24.53744447340493,26.85447536464051,26.81940327056054,double,2.317030891235583
1778.046,15.0,24.570171025762093,26.866269783719133,26.8323287510131,double,2.296098757957038
1778.528,15.0,24.603991601324836,26.878219204711367,26.845418448010218,double,2.2742276033865307
1779.01,15.0,24.63863208647298,26.890323052791043,26.858671553599255,double,2.2516909663180624
1779.493,15.0,24.67473048573276,26.902606336040314,26.872115252279244,double,2.2278758503075533
1779.975,15.0,24.711310002807284,26.915017601170955,26.885693048477364,double,2.203707598363669
1780.457,15.0,24.748218185607367,26.9275815227589,26.899431771671757,double,2.1793633371515297
1780.939,15.0,24.785809749284184,26.940297496120703,26.913330576828955,double,2.15448774683652
1781.421,15.0,24.82535253235021,26.95316490918434,26.927388609852525,double,2.1278123768341315
1781.903,15.0,24.863472745699386,26.966183142518663,26.94160500766533,double,2.1027103968192766
1782.385,15.0,24.904052006348593,26.979351569363235,26.95597889829251,double,2.075299563014643
1782.867,15.0,24.94332182271526,26.992669555658434,26.970509400945087,double,2.049347732943174
1783.35,15.0,24.983192403667832,27.00616455406305,26.98522625670253,double,2.0229721503952165
1783.832,15.0,25.022865582758737,27.01978003497132,27.000067626477332,double,1.9969144522125837
1784.314,15.0,25.06220488809598,27.03354312829575,27.015062911981648,double,1.9713382401997714
1784.796,15.0,25.10254249032472,27.04745317107423,27.030211198001343,double,1.944910680749512
1785.278,15.0,25.141716480609883,27.061509493201648,27.04551156093557,double,1.919793012591764
1785.76,15.0,25.18096485921034,27.075711417462315,27.06096306888415,double,1.8947465582519751
1786.242,15.0,25.22007799342007,27.090058259562532,27.076564781735215,double,1.8699802661424625
1786.724,15.0,25.260570651026505,27.10454932816355,27.092315751253548,double,1.843978677137048
1787.207,15.0,25.301705995056235,27.119214435857725,27.108248160696757,double,1.8175084408014908
1787.689,15.0,25.343688412623223,27.13399215100567,27.124295071463894,double,1.7903037383824483
1788.171,15.0,25.386808304863084,27.148911975217782,27.140488344317994,double,1.7621036703546977
1788.653,15.0,25.430426704014664,27.163973189297298,27.156826999407237,double,1.7335464852826332
1789.135,15.0,25.47582045627374,27.17917506717249,27.17331004920544,double,1.7033546108987496
1789.617,15.0,25.521008554469717,27.1945168759316,27.189936498603263,double,1.6735083214618862
1790.099,15.0,25.567092278048438,27.20999787585815,27.206705344999694,double,1.642905597809713
1790.581,15.0,25.614594981369297,27.225617320466668,27.223615578394167,double,1.6110223390973677
1791.063,15.0,25.661117350485483,27.241374456538626,27.240666181478822,double,1.58025710605314
1791.546,15.0,25.707547082776916,27.257301641211974,27.257891937658734,double,1.549754558435057
1792.028,15.0,25.75419211055222,27.273332155503383,27.275220485315575,double,1.5191400449511616
1792.51,15.0,25.800283970295368,27.289498059958184,27.292686305662784,double,1.4892140896628159
1792.992,15.0,25.846520107950337,27.3057985747785,27.310288353080463,double,1.4592784668281622
1793.474,15.0,25.892531482672755,27.322232913618315,27.328025575108917,double,1.4297014309455625
1793.956,15.0,25.939484314909585,27.338800283621435,27.345896912543143,double,1.3993159687118506
1794.438,15.0,25.985707223570714,27.35549988545971,27.36390129952757,double,1.3697926618889966
1794.92,15.0,26.03068899458093,27.372330913371623,27.382037663651065,double,1.3416419187906925
1795.403,15.0,26.076658460045586,27.38932788053537,27.40034296024335,double,1.3126694204897815
1795.885,15.0,26.121718133787112,27.406419586200908,27.41874030385504,double,1.2847014524137945
1796.367,15.0,26.16699704827898,27.423640260727694,27.4372663667218,double,1.256643212448716
1796.849,15.0,26.21292225305903,27.44098907299947,27.45592005115254,double,1.2280668199404432
1797.331,15.0,26.257124139995014,27.45846518566427,27.474700253379382,double,1.2013410456692575
1797.813,15.0,26.30267010231173,27.47606775517464,27.493605863654082,double,1.1733976528629064
1798.295,15.0,26.348063406550782,27.493795931828398,27.512635766344474,double,1.1457325252776152
1798.777,15.0,26.39194670637887,27.51164885980973,27.53178884003119,double,1.119702153430857
1799.26,15.0,26.436426576743926,27.529663101713698,27.551104073554345,double,1.0932365249697706
1799.741,15.0,26.480659890974888,27.54772551617145,27.570459986361207,double,1.0670656251965616
1800.224,15.0,26.525915557465936,27.565985434039064,27.590016401028162,double,1.0400698765731298
1800.706,15.0,26.571504354758886,27.584328939024772,27.6096510770803,double,1.0128245842658867
1801.188,15.0,26.61779434265149,27.602792824165956,27.629403231227652,double,0.9849984815144652
1801.67,15.0,26.66506397952984,27.621376197830372,27.649271709354085,double,0.9563122183005313
1802.152,15.0,26.711457709655228,27.640078162567463,27.669255352236345,double,0.9286204529122322
1802.634,15.0,26.757935633518105,27.658897815151768,27.689352995641613,double,0.9009621816336633
1803.116,15.0,26.80401254799783,27.6778342466265,27.709563470424836,double,0.8738216986286684
1803.598,15.0,26.85060381629189,27.696886542347453,27.729885602626204,double,0.8462827260555639
1804.081,15.0,26.89715665121352,27.716093666927133,27.75036071889988,double,0.8189370157136111
1804.563,15.0,26.94383279823647,27.735375160265097,27.77090285080737,double,0.7915423620286244
1805.045,15.0,26.990613699381182,27.754769738297146,27.791553087870923,double,0.7641560389159641
1805.527,15.0,27.036973397967483,27.77427646406248,27.812310237837117,double,0.7373030660949964
1806.009,15.0,27.083355804822574,27.793894395136764,27.833173104125386,double,0.7105385903141914
1806.491,15.0,27.130042163930675,27.81362258367729,27.854140485924773,double,0.6835804197466155
1806.973,15.0,27.17728094715648,27.83346007646912,27.875211178291572,double,0.6561791293126396
1807.455,15.0,27.224165024645608,27.85340591497092,27.896383972246152,double,0.629240890325311
1807.938,15.0,27.27200625650322,27.873500850504847,27.917701895171156,double,0.6014945940016225
1808.42,15.0,27.31876034339876,27.89366070349183,27.939075455225016,double,0.5749003600930669
1808.902,15.0,27.366128170942496,27.913925993044824,27.96054746414657,double,0.5477978221023305
1809.384,15.0,27.412654219673406,27.93429573977232,27.982116697774405,double,0.5216415200989144
1809.866,15.0,27.46132357467998,27.95476895919084,28.003781928395295,double,0.49344538451085995
1810.348,15.0,27.509242122391576,27.97534466177226,28.025541924840446,double,0.46610253938068613
1810.83,15.0,27.558949155136037,27.99602185299196,28.047395452581824,double,0.4370726978559225
1811.312,15.0,27.607259009289137,28.016799533376574,28.069341273827735,double,0.40954052408743724
1811.794,15.0,27.655701474937832,28.037676698552616,28.09137814761906,double,0.3819752236147833
1812.277,15.0,27.704707393712226,28.058695958883874,28.113550828395205,double,0.3539885651716479
1812.759,15.0,27.75271368418953,28.079769262308783,28.1357662546454,double,0.32705557811925634
1813.241,15.0,27.799220358784527,28.100939006370684,28.15806898991503,double,0.30171864758615774
1813.723,15.0,27.847390969513626,28.122204167573194,28.18045778152153,double,0.2748131980595703
1814.205,15.0,27.895520123358292,28.143563717764714,28.202931374089967,double,0.24804359440642187
1814.687,15.0,27.943112489610694,28.16501662418831,28.225488509647555,double,0.22190413457761626
1815.169,15.0,27.991217136279715,28.186561849531643,28.248127927717633,double,0.19534471325192704
1815.651,15.0,28.03825266111034,28.20819835197715,28.270848365413364,double,0.16994569086680733
1816.134,15.0,28.085261698358792,28.229970254528926,28.29369594285989,double,0.14470855617013112
1816.616,15.0,28.131292832123577,28.251786351882945,28.316574783489767,double,0.12049351975936817
1817.098,15.0,28.17834136775205,28.273690572166476,28.339530838920524,double,0.0953492044144244
1817.58,15.0,28.22564455090505,28.29568185603807,28.362562837551707,double,0.07003730513301942
1818.062,15.0,28.272777055651733,28.317759139905142,28.38566950583671,double,0.04498208425340877
1818.544,15.0,28.320219081236726,28.339921355975584,28.408849568374805,double,0.01970227473885866
1819.026,15.0,28.367307149545955,28.362167432309327,28.43210174800227,double,-0.005139717236629648
1819.508,15.0,28.417075133982195,28.384496292870033,28.455424765883574,double,-0.032578841112163026
1819.99,15.0,28.466401042778845,28.406906857577486,28.478817341602003,double,-0.05949418520135863
1820.473,15.0,28.515977569484267,28.429444787618795,28.502326937298484,double,-0.08653278186547264
1820.955,15.0,28.566428796600253,28.452015668334564,28.525854919220972,double,-0.11441312826568906
1821.437,15.0,28.618021101374243,28.474664986945896,28.549448606477313,double,-0.14335611442834462
1821.919,15.0,28.667864951104242,28.497391647712888,28.573106713222206,double,-0.17047330339135525
1822.401,15.0,28.717599179813924,28.5201945511147,28.596827952476477,double,-0.19740462869922704
1822.883,15.0,28.767365286789342,28.54307259390312,28.620611036215415,double,-0.22429269288622433
1823.365,15.0,28.818385582115468,28.56602466915571,28.644454675456505,double,-0.25236091295975926
1823.847,15.0,28.868619227926967,28.589049666329398,28.668357580346544,double,-0.2795695615975702
1824.33,15.0,28.92004733095963,28.612194463866114,28.692368230986997,double,-0.30785286709351656
1824.812,15.0,28.971414062971967,28.635362104535456,28.71638591082542,double,-0.3360519584365118
1825.294,15.0,29.022929524984303,28.65859931198209,28.74045897971518,double,-0.3643302130022119
1825.776,15.0,29.074877543050835,28.681904961712767,28.764586145183518,double,-0.3929725813380691
1826.258,15.0,29.1271152734887,28.70527792588432,28.78876611431688,double,-0.4218373476043813
1826.74,15.0,29.177902560458058,28.728717073357934,28.81299759384499,double,-0.4491854871001233
1827.222,15.0,29.229542461247814,28.7522212697543,28.837279290225105,double,-0.4773211914935127
1827.704,15.0,29.280040597146296,28.77578937750821,28.861609909725278,double,-0.5042512196380855
1828.187,15.0,29.33125188096265,28.79946934709954,28.886038784399894,double,-0.5317825338631121
1828.668,15.0,29.38090362669427,28.823112761229964,28.910412742709223,double,-0.5577908654643082
1829.151,15.0,29.429934679543894,28.846915088759463,28.934933181308388,double,-0.5830195907844338
1829.633,15.0,29.477788211325677,28.87072752640234,28.95944664449551,double,-0.6070606849233384
1830.115,15.0,29.524758067134144,28.89459813932892,28.984002559505505,double,-0.6301599278052239
1830.597,15.0,29.5730379388057,28.918525772015347,29.00859963319459,double,-0.6545121667903553
1831.079,15.0,29.619905736075392,28.94250926614084,29.033236572799215,double,-0.6773964699345547
1831.561,15.0,29.666596914715292,28.9665474606435,29.05791208601501,double,-0.7000494540717939
1832.043,15.0,29.712795098984678,28.990639191776946,29.082624881075514,double,-0.7221559072077333
1832.525,15.0,29.758564044184393,29.014783293166335,29.10737366683004,double,-0.7437807510180583
1833.008,15.0,29.805152429624783,29.039028845999717,29.132208606017766,double,-0.7661235836250668
1833.49,15.0,29.852051672002172,29.06327428112253,29.15702557053448,double,-0.7887773908796414
1833.972,15.0,29.90013512735458,29.087568569734223,29.181874654086325,double,-0.8125665576203589
1834.454,15.0,29.94739857217913,29.11191053550778,29.20675456875636,double,-0.8354880366713502
1834.936,15.0,29.994299570259823,29.136298999771636,29.23166402762471,double,-0.8580005704881877
1835.418,15.0,30.040420535505046,29.160732781566846,29.2566017448434,double,-0.879687753938202
1835.9,15.0,30.086650096072344,29.185210697704218,29.281566435709983,double,-0.9014393983681257
1836.382,15.0,30.13049976421068,29.209731562821535,29.306556816740848,double,-0.9207682013891438
1836.865,15.0,30.17653209049645,29.234345191833505,29.331623528129725,double,-0.9421868986629445
1837.347,15.0,30.223811909150513,29.25894847335614,29.356661490928026,double,-0.964863435794372
1837.829,15.0,30.27016247129127,29.283591132835372,29.381721298824043,double,-0.9865713384558938
1838.311,15.0,30.31752433963285,29.30827197678879,29.406801673933675,double,-1.0092523628440597
1838.793,15.0,30.364251165985362,29.332989809848986,29.43190133994878,double,-1.031261356136376
1839.275,15.0,30.411601300413516,29.357743434822247,29.457019022207266,double,-1.0538578655912678
1839.757,15.0,30.459723650440818,29.38253165274575,29.48215344776163,double,-1.077191997695065
1840.239,15.0,30.50829452833949,29.407353262946234,29.507303345447543,double,-1.100941265393257
1840.721,15.0,30.556636692530002,29.43220706309801,29.532467445951514,double,-1.1244296294319944
1841.204,15.0,30.603428431529906,29.457143508842044,29.557696728960263,double,-1.1462849226878624
1841.686,15.0,30.651640581928323,29.48205813613206,29.58288545779505,double,-1.1695824457962634
1842.168,15.0,30.699037794196492,29.50700133455898,29.608084590660333,double,-1.1920364596375133
1842.65,15.0,30.746906035115696,29.531971895767818,29.633292866314275,double,-1.2149341393478785
1843.132,15.0,30.793407657496118,29.556968610043473,29.65850902569498,double,-1.2364390474526477
1843.614,15.0,30.84133644821004,29.581990266369097,29.68373181198401,double,-1.2593461818409424
1844.096,15.0,30.887549137035,29.60703565248513,29.70895997066992,double,-1.2805134845498667
1844.578,15.0,30.935040670042373,29.63210355494772,29.73419224961059,double,-1.3029371150946545
1845.061,15.0,30.982140973688853,29.657244832778773,29.75947975629545,double,-1.3248961409100812
1845.543,15.0,31.028022384897262,29.68235416356899,29.78471653117904,double,-1.3456682213282722
1846.025,15.0,31.074087500558097,29.707482361333103,29.809953682143775,double,-1.3666051392249912
1846.507,15.0,31.120431507579028,29.732628208477664,29.835189967143183,double,-1.3878032991013645
1846.989,15.0,31.165717448596318,29.75779048651989,29.86042414680338,double,-1.4079269620764279
1847.471,15.0,31.210737015829608,29.782967976146878,29.885654984481715,double,-1.4277690396827303
1847.953,15.0,31.255380489589342,29.808159457274336,29.910881246324568,double,-1.4472210323150048
1848.435,15.0,31.29901514620578,29.833363709106248,29.936101701325097,double,-1.46565143709953
1848.917,15.0,31.342086790137426,29.85857951019361,29.961315121379396,double,-1.4835072799438132
1849.4,15.0,31.385531602486495,29.883857984746783,29.98657256477129,double,-1.5016736177397128
1849.882,15.0,31.4272175650277,29.90909323530137,30.01176822157322,double,-1.518124329726328
1850.364,15.0,31.46979651652128,29.934336364902414,30.03695317456787,double,-1.535460151618867
1850.846,15.0,31.512722747165423,29.959586150081662,30.06212620782458,double,-1.5531365970837596
1851.328,15.0,31.555884308328334,29.984841367014546,30.087286108589584,double,-1.5710429413137883
1851.81,15.0,31.59824210535533,30.010100791579674,30.11243166733868,double,-1.588141313775654
1852.292,15.0,31.64054637434613,30.035363199418214,30.137561677829655,double,-1.6051831749279155
1852.774,15.0,31.682540338533606,30.06062736599305,30.162674937153323,double,-1.6219129725405568
1853.257,15.0,31.72468535040335,30.085944482745486,30.18782229125029,double,-1.6387408676578674
1853.739,15.0,31.76776133527038,30.11120849006057,30.212898412133853,double,-1.6565528452098077
1854.221,15.0,31.81030397395377,30.136470579485508,30.23795419115639,double,-1.6738333944682604
1854.703,15.0,31.852817652267042,30.16172952636496,30.26298843925062,double,-1.6910881259020794
1855.185,15.0,31.896177560551,30.186984106162875,30.287999970930212,double,-1.7091934543881249
1855.667,15.0,31.938280327622483,30.212233094521384,30.31298760433708,double,-1.7260472331010968
1856.149,15.0,31.98205743953673,30.237475267320836,30.33795016128873,double,-1.7445821722158972
1856.631,15.0,32.0255887001738,30.26270940073854,30.362886467324135,double,-1.7628792994352604
1857.114,15.0,32.068828463207474,30.2879865945877,30.38784700061815,double,-1.7808418686197702
1857.595,15.0,32.112465195910474,30.313148655980992,30.41267564768344,double,-1.7993165399294797
1858.078,15.0,32.1552471685073,30.338403606872422,30.43757771751582,double,-1.8168435616348788
1858.56,15.0,32.19676989400937,30.363593324463878,30.462397285960584,double,-1.8331765695454916
1859.042,15.0,32.23866962593069,30.3887688875639,30.487184786191122,double,-1.8499007383667887
1859.524,15.0,32.27988755102928,30.413929075381336,30.511939067020776,double,-1.8659584756479497
1860.006,15.0,32.31968788369386,30.439072667837486,30.536658981290554,double,-1.8806152158563738
1860.488,15.0,32.35946544749808,30.46419844562578,30.561343385910778,double,-1.8952670018723028
1860.97,15.0,32.399087228531556,30.48930519027038,30.585991141901285,double,-1.9097820382611819
1861.452,15.0,32.43774317569304,30.514391684185792,30.610601114431613,double,-1.9233514915072525
1861.935,15.0,32.47768217934559,30.539508689706913,30.63522310892684,double,-1.9381734896386782
1862.417,15.0,32.518292273733294,30.564550984940652,30.659754042600817,double,-1.953741288792643
1862.899,15.0,32.55864319039018,30.58956938010186,30.684243811288137,double,-1.9690738102883187
1863.381,15.0,32.60165792254106,30.614562661758725,30.708691297153322,double,-1.987095260782329
1863.863,15.0,32.645141817691226,30.639529617664707,30.733095386701372,double,-2.0056122000265186
1864.345,15.0,32.68681669014243,30.6644690368175,30.75745497081402,double,-2.0223476533249296
1864.827,15.0,32.73186658422676,30.689379709517805,30.78176894478534,double,-2.0424868747089544
1865.309,15.0,32.77540198782875,30.71426042742803,30.806036208357074,double,-2.0611415604007197
1865.792,15.0,32.8185349947253,30.739161505497805,30.830305863137642,double,-2.0793734892274927
1866.274,15.0,32.863215712990026,30.763978626151495,30.854476320519176,double,-2.0992370868385346
1866.756,15.0,32.90782239017477,30.788762173262864,30.87859679150377,double,-2.119060216911911
1867.238,15.0,32.949835296567734,30.81351094453072,30.902666193972216,double,-2.1363243520370165
1867.72,15.0,32.99285615581438,30.838223739308248,30.926683450419716,double,-2.1546324165061304
1868.202,15.0,33.034591745746624,30.862899358661434,30.950647487987293,double,-2.1716923870851943
1868.684,15.0,33.07522809551505,30.88753660542738,30.974557238493095,double,-2.187691490087673
1869.166,15.0,33.116368720207134,30.91213428427231,30.99841163846276,double,-2.2042344359348265
1869.648,15.0,33.15587094138621,30.93669120174972,31.022209629159235,double,-2.21917973963649
1870.131,15.0,33.19464542645447,30.96125698284542,31.045999350357256,double,-2.2333884436090523
1870.613,15.0,33.23227935921916,30.985728714344962,31.06968124290993,double,-2.246550644874201
1871.095,15.0,33.26952600478696,31.01015611357886,31.093303576531962,double,-2.2593698912081015
1871.577,15.0,33.30646453199497,31.034537995232704,31.1168653117339,double,-2.2719265367622645
1872.059,15.0,33.3422624594841,31.05887317616847,31.140365413905037,double,-2.283389283315629
1872.541,15.0,33.37577775911904,31.083160475481836,31.163802853339945,double,-2.292617283637205
1873.023,15.0,33.410323543042594,31.107398714559654,31.187176605264543,double,-2.3029248284829382
1873.505,15.0,33.443041942850456,31.131586717137004,31.210485649861475,double,-2.3114552257134546
1873.988,15.0,33.47528697903612,31.155773331018153,31.23377712593677,double,-2.319513648017968
1874.47,15.0,33.50739099853556,31.179857231172658,31.256953576884538,double,-2.3275337673629046
1874.952,15.0,33.53990493062577,31.20388737827109,31.28006228896229,double,-2.3360175523546745
1875.434,15.0,33.57300105960038,31.227862606017876,31.303102262435722,double,-2.345138453582507
1875.916,15.0,33.60519896231652,31.251781750750617,31.326072502647328,double,-2.3534172115659056
1876.398,15.0,33.639052433578534,31.275643651496456,31.348972020038712,double,-2.3634087820820824
1876.88,15.0,33.672604713311564,31.299447150028687,31.371799830172755,double,-2.3731575632828794
1877.362,15.0,33.70632660556863,31.323191090922908,31.39455495375491,double,-2.383135514645718
1877.844,15.0,33.74182493433493,31.346874321613218,31.41723641665416,double,-2.3949506127217135
1878.327,15.0,33.77567150375448,31.370544634342657,31.4398900738206,double,-2.405126869411828
1878.809,15.0,33.80977139966509,31.39410286673283,31.462421155886368,double,-2.415668532932258
1879.291,15.0,33.84477918227304,31.417596946562558,31.484875684076684,double,-2.427182235710479
1879.773,15.0,33.87911398406392,31.441025733265448,31.507252705125726,double,-2.4380882507984705
1880.255,15.0,33.91397243284639,31.46438808941221,31.52955127102856,double,-2.4495843434341857
1880.737,15.0,33.94802506321752,31.487682880766286,31.551770439059666,double,-2.460342182451231
1881.219,15.0,33.98036030187158,31.510908976338957,31.573909271790395,double,-2.469451325532618
1881.701,15.0,34.01274374330043,31.53406524844416,31.59596683710621,double,-2.4786784948562737
1882.184,15.0,34.04568193413369,31.557198393089003,31.617987714198915,double,-2.4884835410446837
1882.666,15.0,34.07747833287774,31.580211498003365,31.63987979628774,double,-2.4972668348743787
1883.148,15.0,34.10936173974902,31.603151414441673,31.661687844772818,double,-2.5062103253073453
1883.63,15.0,34.140295604180196,31.626017028482988,31.683410948970213,double,-2.514278575697204
1884.112,15.0,34.169533666147025,31.648807229781884,31.70504820358947,double,-2.5207264363651447
1884.594,15.0,34.20023182546445,31.671520911622352,31.72659870874814,double,-2.5287109138420973
1885.076,15.0,34.23109360189685,31.694156970971598,31.748061569986042,double,-2.5369366309252515
1885.558,15.0,34.26230697739589,31.71671430853369,31.769435898278797,double,-2.5455926688621955
1886.041,15.0,34.292612217197686,31.739238378934836,31.790764876061168,double,-2.5533738382628455
1886.522,15.0,34.323277487184534,31.761588440117993,31.811915427191153,double,-2.56168904706654
1887.005,15.0,34.35381012335705,31.78394926460635,31.83306256478044,double,-2.5698608587507055
1887.487,15.0,34.38412572282312,31.806180625176523,31.8540737883868,double,-2.5779450976466
1887.969,15.0,34.4142881818119,31.82832782316261,31.874992114136603,double,-2.5859603586492863
1888.451,15.0,34.444075381871556,31.850389782815007,31.895816685898765,double,-2.59368559905655
1888.933,15.0,34.47448853496085,31.872365432491655,31.916546653063367,double,-2.6021231024691893
1889.415,15.0,34.504239093215475,31.89425370470985,31.9371811705519,double,-2.609985388505626
1889.897,15.0,34.53403448970147,31.91605353619864,31.95771939882799,double,-2.6179809535028298
1890.379,15.0,34.56237828364625,31.937763867950043,31.97816050390685,double,-2.6246144156962083
1890.862,15.0,34.59048469266637,31.9594284047204,31.99854576068549,double,-2.6310562879459765
1891.344,15.0,34.62002217729475,31.980956386143923,32.018789933892485,double,-2.6390657911508297
1891.826,15.0,34.647856043852535,32.002391714735076,32.03893451366259,double,-2.645464329117464
1892.308,15.0,34.67543582813103,32.023733349061594,32.05897868832164,double,-2.651702479069434
1892.79,15.0,34.7021479118756,32.04498025221022,32.07892165179141,double,-2.657167659665377
1893.272,15.0,34.72882253950832,32.06613139183706,32.09876260359749,double,-2.662691147671259
1893.754,15.0,34.755014446534304,32.08718574021796,32.11850074887679,double,-2.667828706316344
1894.236,15.0,34.7807726069216,32.108142274298444,32.13813529838453,double,-2.6726303326231546
1894.719,15.0,34.80581986018887,32.129043145542965,32.157705878483824,double,-2.676776714645901
1895.201,15.0,34.83052911671633,32.1498007925868,32.177130672248516,double,-2.680728324129522
1895.683,15.0,34.85499556673554,32.170457582594345,32.19644953468873,double,-2.6845379841411887
1896.165,15.0,34.87947604228513,32.191012511695945,32.21566169911069,double,-2.6884635305891855
1896.647,15.0,34.90384143990066,32.21146458093844,32.234766404470165,double,-2.69237685896222
1897.129,15.0,34.927609269721685,32.23181279633421,32.25376289537813,double,-2.6957964733874684
1897.611,15.0,34.95122575504275,32.25205616890894,32.27265042210535,double,-2.699169586133804
1898.093,15.0,34.97380712871854,32.27219371475035,32.291428240587614,double,-2.7016134139681904
1898.575,15.0,34.997599364441065,32.29222445505577,32.310095612429876,double,-2.705374909385289
1899.058,15.0,35.021801349141235,32.31218863741545,32.328690187159424,double,-2.709612711725784
1899.54,15.0,35.04648496944864,32.33200262429763,32.34713424031196,double,-2.7144823451510147
1900.022,15.0,35.07049052894404,32.35170689837711,32.36546566420556,double,-2.7187836305669344
1900.504,15.0,35.094098094952734,32.37130050177564,32.383683743173854,double,-2.7227975931770896
1900.986,15.0,35.11846740513577,32.39078248196064,32.4017877672383,double,-2.727684923175122
1901.468,15.0,35.14181227021717,32.4101518917916,32.419777032111035,double,-2.731660378425571
1901.95,15.0,35.1651195453906,32.429407789566454,32.437650839197744,double,-2.735711755824144
1902.432,15.0,35.187950904865765,32.44854923906727,32.45540849559995,double,-2.7394016657984963
1902.915,15.0,35.20953156355927,32.46761466220256,32.47308579139961,double,-2.7419169013567113
1903.397,15.0,35.23216633057919,32.48652418641367,32.49060884601151,double,-2.7456421441655223
1903.879,15.0,35.254175932111195,32.50531648515529,32.5080137040441,double,-2.748859446955904
1904.361,15.0,35.27496413714507,32.523990644611764,32.52529969541447,double,-2.750973492533304
1904.843,15.0,35.296448332404445,32.542545756677086,32.542466155744464,double,-2.7539025757273574
1905.325,15.0,35.3160555185082,32.56098091899935,32.559512426362005,double,-2.75507459950885
1905.807,15.0,35.336821963999135,32.57929523502459,32.576437854301766,double,-2.757526728974552
1906.289,15.0,35.355069772989935,32.59748781404064,32.593241792306195,double,-2.7575819589493014
1906.771,15.0,35.373740093714986,32.61555777122054,32.609923598825816,double,-2.7581823224944513
1907.254,15.0,35.39222064047098,32.6335413319925,32.6265168648185,double,-2.7586793084784844
1907.736,15.0,35.41035206259051,32.65136315583524,32.64295224989203,double,-2.7589889067552664
1908.218,15.0,35.426679954033524,32.669059737309645,32.6592636117945,double,-2.7576202167238772
1908.7,15.0,35.44393167280994,32.68663021557063,32.67545033182265,double,-2.757301457239314
1909.182,15.0,35.46022211066008,32.70407373587128,32.69151179698131,double,-2.7561483747887916
1909.664,15.0,35.47591915493048,32.72138944960447,32.707447399982925,double,-2.754529705326009
1910.146,15.0,35.491575723025335,32.73857651434447,32.72325653924686,double,-2.7529992086808566
1910.628,15.0,35.50870482290398,32.755634093887686,32.73893861889845,double,-2.7530707290162937
1911.111,15.0,35.526200638301894,32.772596341065075,32.75452518627158,double,-2.7536042972368224
1911.593,15.0,35.54280193571924,32.78939219377359,32.76995111524392,double,-2.7534097419456502
1912.075,15.0,35.559852250747035,32.806056088726535,32.78524823001069,double,-2.7537961620204996
1912.557,15.0,35.57648475467564,32.8225872150281,32.80041595752172,double,-2.753897539647543
1913.039,15.0,35.593904806436186,32.83898476820591,32.815453730426405,double,-2.7549200382302743
1913.521,15.0,35.611093487681,32.855247950250394,32.830360987072126,double,-2.7558455374306123
1914.003,15.0,35.629340813385326,32.87137596965341,32.84513717150207,double,-2.7579648437319193
1914.485,15.0,35.64599433666674,32.88736804144725,32.859781733453616,double,-2.7586262952194907
1914.968,15.0,35.662004250470964,32.9032561394884,32.874324099297304,double,-2.7587481109825616
1915.449,15.0,35.678562004362156,32.91894123526772,32.88867381732889,double,-2.7596207690944397
1915.932,15.0,35.695668370588265,32.93455299894341,32.90294968525972,double,-2.7611153716448564
1916.414,15.0,35.71218949645135,32.949993273554476,32.91706209040913,double,-2.7621962228968733
1916.896,15.0,35.72845876459171,32.96529377360016,32.93104020602466,double,-2.763164990991551
1917.378,15.0,35.744020910975564,32.980453754162305,32.944883515972265,double,-2.7635671568132625
1917.86,15.0,35.75943309273106,32.995472477124835,32.95859150979533,double,-2.7639606156062255
1918.342,15.0,35.773505366078204,33.0103492112096,32.972163682711454,double,-2.7631561548686068
1918.824,15.0,35.78746398259353,33.02508323201221,32.985599535609936,double,-2.762380750581317
1919.306,15.0,35.801574849879394,33.03967382203763,32.99889857504875,double,-2.761901027841768
1919.789,15.0,35.81361287624102,33.0541500922964,33.01208747670245,double,-2.7594627839446106
1920.271,15.0,35.82620821779729,33.06845139485885,33.025111145199645,double,-2.7577568229384397
1920.753,15.0,35.8373809805377,33.08260715452476,33.03799655290887,double,-2.754773826012946
1921.235,15.0,35.84940956388082,33.09661668179767,33.05074322904282,double,-2.752792882083149
1921.717,15.0,35.85882023378677,33.11047929426225,33.063350708466864,double,-2.7483409395245184
1922.199,15.0,35.86872119690639,33.1241943166179,33.07581853169565,double,-2.7445268802884892
1922.681,15.0,35.87802149802683,33.13776108071165,33.088146244889636,double,-2.740260417315188
1923.163,15.0,35.887064176888195,33.151178925570704,33.100333399851436,double,-2.7358852513174936
1923.646,15.0,35.89526011393137,33.16447456903969,33.112404399169726,double,-2.730785544891684
1924.128,15.0,35.9041038266,33.17759230906828,33.124308821737195,double,-2.7265115175317156
1924.61,15.0,35.913388390776355,33.190559189029,33.13607137440966,double,-2.722829201747351
1925.092,15.0,35.924065384631135,33.20337457700566,33.14769163153481,double,-2.720690807625475
1925.574,15.0,35.93261538806526,33.2160378484204,33.15916917308422,double,-2.71657753964486
1926.056,15.0,35.94123543978231,33.2285483860647,33.17050358465,double,-2.7126870537176053
1926.538,15.0,35.95084610799042,33.240905580129365,33.18169445744079,double,-2.7099405278610544
1927.02,15.0,35.95992107476159,33.253108828234396,33.192741388277916,double,-2.7068122465271904
1927.502,15.0,35.96997412344093,33.26515753545864,33.203643979591774,double,-2.7048165879822896
1927.985,15.0,35.97965003326093,33.27707562818469,33.21442400791214,double,-2.702574405076236
1928.467,15.0,35.987947927295714,33.28881317522035,33.22503644841481,double,-2.6991347520753664
1928.949,15.0,35.99609233478181,33.300394440474044,33.23550338951609,double,-2.695697894307764
1929.431,15.0,36.0038796704214,33.31181885916322,33.24582445605513,double,-2.6920608112581847
1929.913,15.0,36.013223259228155,33.323085874106084,33.25599927846048,double,-2.690137385122071
1930.395,15.0,36.022529553026324,33.33419493574912,33.26602749274642,double,-2.6883346172772047
1930.877,15.0,36.03017702675875,33.3451455021939,33.275908740508925,double,-2.685031524564846
1931.359,15.0,36.03762477190083,33.35593703922386,33.2856426689219,double,-2.681687732676968
1931.842,15.0,36.04453218039714,33.36659091216334,33.295248665506186,double,-2.6779412682337966
1932.324,15.0,36.05185237930198,33.37706248593231,33.304686611611096,double,-2.6747898933696668
1932.806,15.0,36.05846349686998,33.387373472935124,33.31397621262459,double,-2.6710900239348634
1933.288,15.0,36.065695612662275,33.39752336995658,33.32311713800444,double,-2.6681722427056966
1933.77,15.0,36.0721608769893,33.40751168159066,33.332109062766996,double,-2.6646491953986384
1934.252,15.0,36.07762043423069,33.417337920264714,33.3409516674831,double,-2.660282513965978
1934.734,15.0,36.08300573148218,33.42700160626342,33.34964463827438,double,-2.6560041252187636
1935.216,15.0,36.08903035682347,33.4365022677524,33.35818766680939,double,-2.652528089071071
1935.698,15.0,36.09631731082386,33.445839440801485,33.36658045030004,double,-2.650477870022383
1936.181,15.0,36.100589029703436,33.45503153027002,33.3748396348915,double,-2.6455574994334152
1936.663,15.0,36.107406590923986,33.46404002485512,33.38293072884989,double,-2.643366566068861
1937.145,15.0,36.1132188098076,33.47288368595562,33.390870702033205,double,-2.6403351238519726
1937.627,15.0,36.11815838384237,33.48156208149863,33.39865927380047,double,-2.6365963023437358
1938.109,15.0,36.12400432127286,33.49007478742543,33.40629616903538,double,-2.6339295338474287
1938.591,15.0,36.13042930964175,33.49842138771262,33.41378111814296,double,-2.63200792192913
1939.073,15.0,36.135352195724266,33.50660147439248,33.42111385704588,double,-2.628750721331785
1939.555,15.0,36.1406283610342,33.51461464757302,33.42829412718105,double,-2.626013713461184
1940.038,15.0,36.14379666294441,33.52247661901113,33.435336096545385,double,-2.621320043933278
1940.52,15.0,36.147311026273364,33.53015444962282,33.44221035787811,double,-2.617156576650542
1941.002,15.0,36.15082772314665,33.537664214938395,33.44893140730845,double,-2.613163508208255
1941.484,15.0,36.15343844566966,33.5450055475791,33.455499008307676,double,-2.608432898090557
1941.966,15.0,36.154636461946325,33.55217808833649,33.46191292984454,double,-2.602458373609834
1942.448,15.0,36.15554112192913,33.55918148619034,33.46817294638211,double,-2.5963596357387986
1942.93,15.0,36.15538611547146,33.56601539832585,33.47427883787473,double,-2.5893707171456115
1943.412,15.0,36.15663910349755,33.57267949015057,33.48023038976478,double,-2.5839596133469755
1943.895,15.0,36.156678931602514,33.57918673113741,33.48603925916246,double,-2.5774922004651035
1944.376,15.0,36.15689881155297,33.58549691570907,33.4916696439297,double,-2.5714018958438944
1944.859,15.0,36.15581666038096,33.591662208736516,33.497168167739524,double,-2.5641544516444403
1945.341,15.0,36.15375813840806,33.59764348317539,33.5025000032329,double,-2.5561146552326717
1945.823,15.0,36.152127835038655,33.603453387642645,33.507676508172544,double,-2.54867444739601
1946.305,15.0,36.150280558170415,33.609091637230925,33.512697500880314,double,-2.541188920939491
1946.787,15.0,36.14757758495978,33.61455795536261,33.51756280514661,double,-2.5330196295971663
1947.269,15.0,36.144535266306725,33.6198520738035,33.52227225022766,double,-2.5246831925032245
1947.751,15.0,36.14165452224161,33.62497373267641,33.52682567084339,double,-2.5166807895651955
1948.233,15.0,36.139917492908,33.629922680473754,33.531222907174765,double,-2.5099948124342406
1948.716,15.0,36.13752526522775,33.63470840282105,33.53547244078673,double,-2.5028168624067093
1949.198,15.0,36.134911919769166,33.6393108479345,33.53955652611146,double,-2.4956010718346633
1949.68,15.0,36.13364762296564,33.64373987733056,33.54348398014706,double,-2.489907745635084
1950.162,15.0,36.131154470578146,33.64799527311916,33.54725466490812,double,-2.4831591974589893
1950.644,15.0,36.129007376752675,33.65207682583859,33.55086844785974,double,-2.476930550914086
1951.126,15.0,36.128081511353756,33.655984334465764,33.55432520191544,double,-2.4720971768879885
1951.608,15.0,36.125702347675926,33.65971760642644,33.557624805435545,double,-2.465984741249488
1952.09,15.0,36.12338343568483,33.663276457604766,33.560767142225245,double,-2.4601069780800677
1952.573,15.0,36.12037784408912,33.66666755201819,33.56375813072747,double,-2.4537102920709266
1953.055,15.0,36.117526148308954,33.66987668041595,33.566585280410465,double,-2.4476494678929983
1953.537,15.0,36.11384899703178,33.67291088620448,33.56925484723105,double,-2.440938110827301
1954.019,15.0,36.11133827514079,33.675770019207704,33.57176673677015,double,-2.435568255933085
1954.501,15.0,36.107170840498256,33.67845393774993,33.57412086004615,double,-2.4287169027483237
1954.983,15.0,36.1042880964392,33.680962508663406,33.57631713351392,double,-2.423325587775793
1955.465,15.0,36.101552534789896,33.68329560729473,33.5783554790636,double,-2.418256927495166
1955.947,15.0,36.09821847992186,33.68545311751142,33.58023582401963,double,-2.4127653624104406
1956.429,15.0,36.094514156630325,33.687434931707784,33.58195810113981,double,-2.4070792249225423
1956.912,15.0,36.092110372314416,33.689244514935446,33.583525329318405,double,-2.4028658573789716
1957.394,15.0,36.08920213163286,33.69087428341248,33.58493096252788,double,-2.398327848220383
1957.876,15.0,36.08561668503057,33.69232808410496,33.58617835866698,double,-2.393288600925608
1958.358,15.0,36.08021167567573,33.69360584358333,33.587267472230664,double,-2.3866058320924033
1958.84,15.0,36.07648314931412,33.69470749696829,33.588198263144015,double,-2.38177565234583
1959.322,15.0,36.070707304437995,33.695632987934374,33.58897069676187,double,-2.375074316503617
1959.804,15.0,36.06515454202116,33.696382268712895,33.58958474386851,double,-2.3687722733082617
1960.286,15.0,36.0592135698713,33.696955300094594,33.59004038067743,double,-2.362258269776701
1960.769,15.0,36.05327544005028,33.69735269130816,33.590338040749934,double,-2.3559227487421177
1961.251,15.0,36.04635056707021,33.697572774727846,33.59047647859436,double,-2.348777792342366
1961.733,15.0,36.039714214276195,33.6976165424805,33.59045646734723,double,-2.3420976717956954
1962.215,15.0,36.03131546061859,33.697483989630314,33.59027800495063,double,-2.333831470988285
1962.697,15.0,36.023047437224925,33.69717511980787,33.5899410947765,double,-2.3258723174170495
1963.179,15.0,36.0134409772947,33.69668994521015,33.58944574562701,double,-2.316751032084541
1963.661,15.0,36.00366017106758,33.69602848660031,33.58879197173505,double,-2.307631684467265
1964.143,15.0,35.994116406101455,33.69519077330708,33.58797979276491,double,-2.298925632794374
1964.625,15.0,35.982182653034414,33.694176843223346,33.58700923381278,double,-2.2880058098110667
1965.108,15.0,35.971942149672095,33.69298409062521,33.58587781869443,double,-2.2789580590468814
1965.59,15.0,35.960877639577035,33.69161750956752,33.584590268389114,double,-2.269260130009515
1966.072,15.0,35.948737773125416,33.690074876907886,33.58314444608258,double,-2.2586628962175337
1966.554,15.0,35.93742723980355,33.68835626479486,33.58154039861916,double,-2.2490709750086877
1967.036,15.0,35.92491747913412,33.68646175392966,33.57977817828015,double,-2.238455725204458
1967.518,15.0,35.912658706442244,33.68439143356233,33.577857842785,double,-2.2282672728799136
1968.0,15.0,35.901422349241315,33.68214540148783,33.57577945529264,double,-2.2192769477534844
1968.482,15.0,35.88828665654135,33.679723764041455,33.57354308440292,double,-2.208562892499888
1968.965,15.0,35.87552237134163,33.677121065524254,33.57114367267977,double,-2.198401305817377
1969.447,15.0,35.86293088468979,33.67434820677928,33.56859123520517,double,-2.1885826779105058
1969.929,15.0,35.85101924082085,33.67140011314299,33.5658810529763,double,-2.179619127677862
1970.411,15.0,35.838666340299056,33.66827692507734,33.563013216384405,double,-2.170389415221713
1970.893,15.0,35.82697605402036,33.6649787915563,33.55998782127044,double,-2.161997262464066
1971.375,15.0,35.81505364595585,33.661505870058875,33.55680496892679,double,-2.1535477758969748
1971.857,15.0,35.8028046986993,33.65785832656175,33.55346476609953,double,-2.144946372137546
1972.339,15.0,35.790182144672606,33.65403633553156,33.54996732499052,double,-2.1361458091410492
1972.822,15.0,35.77863468912907,33.650031607913824,33.546305017939574,double,-2.128603081215247
1973.303,15.0,35.76769696177949,33.645869751138754,33.54250120402753,double,-2.1218272106407365
1973.786,15.0,35.754146555395636,33.64151635561852,33.53852437965104,double,-2.112630199777116
1974.268,15.0,35.74369987648775,33.63699812854822,33.53439889159805,double,-2.1067017479395322
1974.75,15.0,35.73138630639472,33.63230645378519,33.530116808487065,double,-2.099079852609531
1975.232,15.0,35.7196104209604,33.6274415565672,33.52567827531665,double,-2.0921688643932015
1975.714,15.0,35.70705836839391,33.622403670556054,33.52108344255865,double,-2.084654697837851
1976.196,15.0,35.694561787404936,33.617193037826624,33.51633246616122,double,-2.077368749578307
1976.678,15.0,35.680062548132,33.61180990885535,33.511425507551685,double,-2.0682526392766523
1977.16,15.0,35.667298976119675,33.60625454250836,33.50636273363944,double,-2.0610444336113085
1977.643,15.0,35.653341511698585,33.60051514501576,33.50113332856043,double,-2.052826366682825
1978.125,15.0,35.639043842949484,33.59461575809239,33.49575912436231,double,-2.0444280848570973
1978.607,15.0,35.62430229351274,33.58854496120297,33.49022963889995,double,-2.0357573323097675
1979.089,15.0,35.60880549638158,33.582303046662965,33.484545061054206,double,-2.0265024497186146
1979.571,15.0,35.59518476937581,33.575890315112055,33.47870558520417,double,-2.0192944542637594
1980.053,15.0,35.579417856089336,33.56930707549981,33.47271141123059,double,-2.01011078058953
1980.535,15.0,35.56347263656765,33.56255364507113,33.466562744519436,double,-2.0009189914965253
1981.017,15.0,35.547259988279656,33.55563034935096,33.460259795965335,double,-1.9916296389286936
1981.5,15.0,35.53026276456542,33.54852263072812,33.453789225683195,double,-1.9817401338373009
1981.982,15.0,35.513101226504965,33.541260263388054,33.44717804923726,double,-1.9718409631169054
1982.464,15.0,35.495879681944324,33.53382905759011,33.44041325719873,double,-1.9620506243542113
1982.946,15.0,35.47710520225781,33.52622937183752,33.43349508254544,double,-1.95087583042029
1983.428,15.0,35.46020271127086,33.518461572832024,33.42642376378262,double,-1.941741138438835
1983.91,15.0,35.44276460358656,33.51052603545631,33.419199544946885,double,-1.9322385681302512
1984.392,15.0,35.424916157803366,33.5024231427561,33.41182267561018,double,-1.9224930150472663
1984.874,15.0,35.40552536430756,33.49415328592189,33.40429341088377,double,-1.9113720783856702
1985.356,15.0,35.38620059570204,33.48571686427014,33.39661201142231,double,-1.9004837314319067
1985.839,15.0,35.366816907125845,33.47709626511664,33.38876233415543,double,-1.8897206420092016
1986.321,15.0,35.346909773215444,33.46832760076207,33.38077715515235,double,-1.8785821724533691
1986.803,15.0,35.327197682451974,33.45939361898961,33.37264065726121,double,-1.8678040634623638
1987.285,15.0,35.308431160508405,33.450294751441476,33.36435312336333,double,-1.858136409066924
1987.767,15.0,35.288615615507894,33.44103143778634,33.35591484190454,double,-1.8475841777215507
1988.249,15.0,35.26885429990369,33.431604125698414,33.34732610689937,double,-1.8372501742052738
1988.731,15.0,35.25017533123345,33.42201327083569,33.338587217935334,double,-1.8281620603977589
1989.213,15.0,35.22878378170671,33.41225933681851,33.32969848017746,double,-1.8165244448882012
1989.696,15.0,35.20798065839798,33.40232205277027,33.320641297537215,double,-1.805658605627708
1990.178,15.0,35.186628957610225,33.39224304718005,33.311453490762474,double,-1.794385910430174
1990.66,15.0,35.1652261806075,33.382002401863694,33.302116784871345,double,-1.7832237787438032
1991.142,15.0,35.143110626608106,33.37160061207994,33.292631507394404,double,-1.7715100145281715
1991.624,15.0,35.12230514951942,33.36103818093458,33.282997991462004,double,-1.7612669685848459
1992.106,15.0,35.1005156708502,33.35031561935621,33.273216575808604,double,-1.7502000514939886
1992.588,15.0,35.07942688595486,33.33943344607182,33.26328760477745,double,-1.739993439883042
1993.07,15.0,35.057051059075505,33.328392187581734,33.25321142832499,double,-1.7286588714937712
1993.552,15.0,35.03552728617025,33.31719237813444,33.24298840202549,double,-1.7183349080358123
1994.035,15.0,35.01366593097762,33.30581083189227,33.232597221538086,double,-1.707855099085348
1994.517,15.0,34.99101506538858,33.29429522803707,33.22208128198903,double,-1.6967198373515124
1994.999,15.0,34.96864762925348,33.28262272336414,33.21141959384637,double,-1.6860249058893384
1995.481,15.0,34.94634291319625,33.270793882869626,33.20061253521261,double,-1.675549030326623
1995.963,15.0,34.92410780476061,33.25880927916555,33.18966048983078,double,-1.6652985255950603
1996.445,15.0,34.90082838074302,33.246669492452256,33.1785638470888,double,-1.6541588882907687
1996.927,15.0,34.87780292464736,33.23437511049058,33.16732300202422,double,-1.6434278141567782
1997.409,15.0,34.85513124618543,33.22192672857347,33.155938355328495,double,-1.633204517611958
1997.892,15.0,34.83230518662228,33.20929864569378,33.144386247478025,double,-1.6230065409285066
1998.374,15.0,34.80908939698531,33.19654376338394,33.13271492601928,double,-1.6125456336013644
1998.856,15.0,34.784568030275835,33.1836367131914,33.12090103984491,double,-1.6009313170844364
1999.338,15.0,34.761308234681735,33.17057812026285,33.10894501231865,double,-1.5907301144188812
1999.82,15.0,34.73794221604184,33.15736861713019,33.09684727248027,double,-1.5805735989116498
2000.302,15.0,34.71427511734936,33.144008843978746,33.084608255411815,double,-1.570266273370613
2000.784,15.0,34.69018207439961,33.13049944904284,33.07222840278504,double,-1.559682625356773
2001.266,15.0,34.66721964759003,33.116841086726225,33.0597081606322,double,-1.5503785608638077
2001.749,15.0,34.644554902413574,33.10300562034324,33.04702156946349,double,-1.5415492820703314
2002.23,15.0,34.62039460509231,33.08908011340004,33.03424831981708,double,-1.5313144916922705
2002.713,15.0,34.596526042853455,33.07494943912639,33.02128265352254,double,-1.5215766037270595
2003.195,15.0,34.57114834875395,33.060701592208865,33.008205139236615,double,-1.5104467565450863
2003.677,15.0,34.54546830832418,33.04630815910191,32.994989551397424,double,-1.4991601492222673
2004.159,15.0,34.52024380982079,33.031769837200336,32.98163637013912,double,-1.4884739726204521
2004.641,15.0,34.49526840091696,33.01708733096445,32.96814608131362,double,-1.478181069952511
2005.123,15.0,34.470950178647776,33.00226135188623,32.954519176494415,double,-1.4686888267615383
2005.605,15.0,34.44584947655555,32.987292618454894,32.94075615298026,double,-1.458556858100657
2006.087,15.0,34.42058135898552,32.9721818561224,32.92685751379888,double,-1.4483995028631291
2006.57,15.0,34.395591565531184,32.956898007627025,32.912794511967256,double,-1.4386935579041638
2007.052,15.0,34.369474009065414,32.94150510068399,32.89862589476904,double,-1.4279689083814273
2007.534,15.0,34.34388080562118,32.92597238417511,32.884323206480396,double,-1.4179084214460735
2008.016,15.0,34.31882913457356,32.91030061106394,32.869886973091134,double,-1.4085285235096223
2008.498,15.0,34.29395518492951,32.89449054109833,32.85531772633698,double,-1.3994646438311775
2008.98,15.0,34.26767121444917,32.878542940773826,32.84061600370234,double,-1.3891282736753496
2009.462,15.0,34.24128961132652,32.862458583296636,32.825782348423495,double,-1.378831028029881
2009.944,15.0,34.216675742330665,32.8462382485464,32.810817309491355,double,-1.3704374937842656
2010.427,15.0,34.19038296493254,32.82984865043163,32.79568998681813,double,-1.3605343145009108
2010.909,15.0,34.164510212827174,32.81335844927477,32.780463580904836,double,-1.351151763552405
2011.391,15.0,34.139240731650105,32.79673465181187,32.765107474046786,double,-1.3425060798382404
2011.873,15.0,34.11426129190393,32.77997806424986,32.74962223829171,double,-1.3342832276540706
2012.355,15.0,34.08919359094124,32.76308949927766,32.734008451454486,double,-1.326104091663577
2012.837,15.0,34.06359732314066,32.74606977602686,32.718266697119276,double,-1.317527547113806
2013.319,15.0,34.0365601614863,32.72891972003203,32.702397564641394,double,-1.3076404414542664
2013.801,15.0,34.01001580315785,32.71164016319108,32.68640164914918,double,-1.29837563996677
2014.283,15.0,33.982643985887144,32.694231943724894,32.67027955154559,double,-1.2884120421622514
2014.766,15.0,33.95562135745859,32.6766593920388,32.65399803953318,double,-1.2789619654197948
2015.248,15.0,33.928054197492976,32.65899612454517,32.63762514490317,double,-1.269058072947804
2015.73,15.0,33.90020284203439,32.64120674840519,32.6211279068216,double,-1.2589960936292
2016.212,15.0,33.87282427673558,32.62329212673671,32.60450694931555,double,-1.2495321499988665
2016.694,15.0,33.84339779431672,32.60525312877506,32.587762902192594,double,-1.2381446655416573
2017.176,15.0,33.81454861863061,32.587090629831074,32.57089640104161,double,-1.2274579887995352
2017.658,15.0,33.78517459214663,32.568805511248655,32.55390808723306,double,-1.2163690808979777
2018.14,15.0,33.75658844055699,32.55039866036227,32.53679860791948,double,-1.206189780194722
2018.623,15.0,33.72768739328123,32.531832406274496,32.519532744347956,double,-1.1958549870067336
2019.105,15.0,33.69908917782669,32.5131845286322,32.50218265063949,double,-1.1859046491944913
2019.587,15.0,33.67076934981172,32.494417618086224,32.48471336896016,double,-1.1763517317255001
2020.069,15.0,33.64090128977127,32.47553258551347,32.46712556960144,double,-1.1653687042578076
2020.551,15.0,33.61182239745254,32.45653034756403,32.44941992863541,double,-1.1552920498885066
2021.033,15.0,33.58263202738175,32.43741182661676,32.43159712791356,double,-1.1452202007649903
2021.515,15.0,33.55209675833028,32.41817795073465,32.41365785506589,double,-1.1339188075956297
2021.997,15.0,33.522889114959874,32.39882965362014,32.39560280349944,double,-1.1240594613397326
2022.479,15.0,33.49323528056914,32.37936787456969,32.37743267239662,double,-1.1138674059994524
2022.962,15.0,33.464486281216324,32.35975283149048,32.35911011365447,double,-1.1047334497258365
2023.444,15.0,33.433116837407034,32.34006669809069,32.340711709044314,double,-1.0930501393163483
2023.926,15.0,33.40389383715726,32.32026993574225,32.322200358570704,double,-1.0836239014150095
2024.408,15.0,33.37397177445022,32.300363505672365,32.303576784508984,double,-1.0736082687778536
2024.89,15.0,33.342564406973224,32.28034837447244,32.28484171489828,double,-1.0622160325007846
2025.372,15.0,33.313407581828116,32.26022551405124,32.26599588353846,double,-1.0531820677768755
2025.854,15.0,33.28255291094026,32.239995901587974,32.247040029986685,double,-1.0425570093522851
2026.336,15.0,33.25109947492449,32.21966051948487,32.22797489955382,double,-1.0314389554396175
2026.819,15.0,33.2188845669975,32.199177840107275,32.20876135164258,double,-1.0197067268902293
2027.301,15.0,33.185961126956045,32.178633672290424,32.18947970357884,double,-1.0073274546656186
2027.783,15.0,33.153355340685444,32.15798671497763,32.17009105063665,double,-0.9953686257078098
2028.265,15.0,33.1220320553846,32.13723797099586,32.15059616111178,double,-0.9847940843887404
2028.747,15.0,33.090568941821054,32.116388448154865,32.130995809031425,double,-0.974180493666188
2029.229,15.0,33.05919270329238,32.09543915919827,32.11129077414871,double,-0.9637535440941147
2029.711,15.0,33.02767044320845,32.07439112175469,32.09148184193719,double,-0.9532793214537649
2030.193,15.0,32.997009147334246,32.053245358288315,32.07156980358473,double,-0.9437637890459316
2030.676,15.0,32.96748225596707,32.031958724748165,32.05151382665019,double,-0.935523531218907
2031.157,15.0,32.93668755085533,32.01066476702499,32.03143960174213,double,-0.9260227838303381
2031.64,15.0,32.90777760201015,31.989187443936434,32.01118100197423,double,-0.9185901580737177
2032.122,15.0,32.878361437024815,31.967660902913842,31.990864358617944,double,-0.9107005341109753
2032.604,15.0,32.84858909812503,31.94604182115761,31.97044865225046,double,-0.9025472769674192
2033.086,15.0,32.81858865429856,31.924331249107183,31.949934708214062,double,-0.8942574051913732
2033.568,15.0,32.78981255060657,31.902530241686115,31.929323357514406,double,-0.8872823089204562
2034.05,15.0,32.76036192328835,31.88063985825097,31.90861543681195,double,-0.8797220650373805
2034.532,15.0,32.72983061823223,31.858661162539974,31.887811788412808,double,-0.87116945569225
2035.014,15.0,32.70003743021625,31.8365952226215,31.866913260259555,double,-0.8634422075947501
2035.497,15.0,32.66878348275543,31.814397063274804,31.845877055759132,double,-0.8543864194806294
2035.979,15.0,32.63741206261689,31.792159680783673,31.824791142026008,double,-0.8452523818332169
2036.461,15.0,32.60559756304161,31.769838285998762,31.803612927885172,double,-0.8357592770428468
2036.943,15.0,32.573812645631364,31.747433963797857,31.782343283735003,double,-0.8263786818335062
2037.425,15.0,32.54150059872166,31.72494780312781,31.760983085557687,double,-0.8165527955938501
2037.907,15.0,32.507993084176206,31.702380896951965,31.739533214907667,double,-0.8056121872242417
2038.389,15.0,32.47431071707033,31.679734342197026,31.71799455889941,double,-0.794576374873307
2038.871,15.0,32.44026621207388,31.657009239699917,31.696368010195076,double,-0.7832569723739635
2039.354,15.0,32.405869792060734,31.634159306235336,31.674609328342218,double,-0.7717104858253943
2039.836,15.0,32.372680462046574,31.611280268923338,31.65280951668955,double,-0.7614001931232406
2040.318,15.0,32.33886805167647,31.588326011618395,31.630924525374326,double,-0.7505420400580776
2040.8,15.0,32.30463531073401,31.565297650270587,31.608955269127627,double,-0.7393376604634239
2041.282,15.0,32.27114364870044,31.542196304471336,31.58690266815961,double,-0.7289473442290972
2041.764,15.0,32.237166991853435,31.51902309739927,31.564767648144365,double,-0.7181438944541652
2042.246,15.0,32.20465600740708,31.495779155765675,31.542551140204587,double,-0.7088768516414046
2042.728,15.0,32.17174215670023,31.472465609759897,31.520254080895626,double,-0.6992765469403361
2043.21,15.0,32.138533147176524,31.44908359299452,31.49787741218904,double,-0.6894495541820034
2043.693,15.0,32.10578435586295,31.425585523142658,31.47537541252397,double,-0.6801988327202912
2044.175,15.0,32.07352141135592,31.40206984297023,31.452842212289205,double,-0.6714515683856892
2044.657,15.0,32.04133994199805,31.37848911524043,31.43023226289243,double,-0.6628508267576161
2045.139,15.0,32.009233991503564,31.354844486713883,31.407546527808805,double,-0.6543895047896819
2045.621,15.0,31.97577489048829,31.331137107297693,31.384785975840927,double,-0.6446377831905992
2046.103,15.0,31.944058274627242,31.3073681299899,31.361951581100023,double,-0.6366901446373419
2046.585,15.0,31.910697991774573,31.283538710823265,31.339044322985842,double,-0.627159280951306
2047.067,15.0,31.878009263376356,31.25965000880934,31.31606518616682,double,-0.6183592545670136
2047.55,15.0,31.846681748624604,31.235653444068014,31.292967265930216,double,-0.6110283045565934
2048.032,15.0,31.816245606588005,31.211649548074437,31.269847202707872,double,-0.6045960585135679
2048.514,15.0,31.783810964449266,31.18758986600301,31.24665824826932,double,-0.596221098446259
2048.996,15.0,31.7508107012629,31.16347556822217,31.22340140815656,double,-0.5873351330407284
2049.478,15.0,31.717867990039316,31.139307827796387,31.200077693071982,double,-0.5785601622429304
2049.96,15.0,31.685697221149645,31.115087820429217,31.176688118854916,double,-0.5706094007204288
2050.442,15.0,31.652317615370496,31.090816724406288,31.1532337064581,double,-0.5615008909642061
2050.924,15.0,31.61961349454433,31.066495720538057,31.129715481923427,double,-0.5531177740062732
2051.406,15.0,31.58734936661835,31.042125992102527,31.106134476356996,double,-0.5452233745158241
2051.889,15.0,31.55504661212447,31.017658017964024,31.082442611092286,double,-0.5373885941604484
2052.371,15.0,31.522436188022944,30.993194304883577,31.05873903205534,double,-0.5292418831393697
2052.853,15.0,31.4903190706946,30.968685433771892,31.034975797610688,double,-0.5216336369227081
2053.335,15.0,31.459288079722814,30.944132597206035,31.011153958873315,double,-0.515155482516777
2053.817,15.0,31.42864439232975,30.919536989942088,30.987274571890357,double,-0.5091074023876652
2054.299,15.0,31.398069061770546,30.894899808857268,30.96333869761304,double,-0.503169252913277
2054.781,15.0,31.367335117684185,30.870222252891573,30.939347401868066,double,-0.49711286479261485
2055.263,15.0,31.33479878295064,30.84550552298978,30.9153017553283,double,-0.48929325996086015
2055.746,15.0,31.303910085809385,30.82069942510689,30.891152781088937,double,-0.4832106607024933
2056.228,15.0,31.272405433348062,30.795907882869194,30.867001557051342,double,-0.476497550478866
2056.71,15.0,31.242666129442714,30.771080783479153,30.842799225270024,double,-0.47158534596355994
2057.192,15.0,31.211618971166853,30.746219335319726,30.818546875508833,double,-0.4653996358471302
2057.674,15.0,31.18061845890171,30.721324748485824,30.7942456022229,double,-0.45929371041588674
2058.156,15.0,31.150228096925776,30.696398234725606,30.769896504526052,double,-0.45382986220016686
2058.638,15.0,31.118742781883814,30.67144100738156,30.745500686157357,double,-0.44730177450225117
2059.12,15.0,31.088024195672876,30.646454281331657,30.721059255447496,double,-0.4415699143412166
2059.603,15.0,31.056325127500156,30.621387346017702,30.69652247911626,double,-0.4349377814824529
2060.084,15.0,31.02531919289403,30.596397199948953,30.672044013075872,double,-0.42892199294507494
2060.567,15.0,30.99390221803914,30.571277247368222,30.64742141920407,double,-0.4226249706709151
2061.049,15.0,30.961500514599965,30.546184654095754,30.62280862887673,double,-0.41531586050421176
2061.531,15.0,30.928866567618474,30.521068660006033,30.59815583785343,double,-0.4077979076124394
2062.013,15.0,30.896688450341703,30.49593048795004,30.573464181276112,double,-0.4007579623916624
2062.495,15.0,30.862790723296506,30.470771361899292,30.5487347986234,double,-0.3920193613972167
2062.977,15.0,30.828073150549006,30.445592506886687,30.523968833672043,double,-0.3824806436623196
2063.459,15.0,30.794947552842462,30.420395148946692,30.49916743445722,double,-0.37455240389576705
2063.941,15.0,30.761681625880183,30.39518051505591,30.47433175323259,double,-0.3665011108242744
2064.424,15.0,30.728650032396516,30.369897471430352,30.449411317765023,double,-0.3587525609661635
2064.906,15.0,30.693275994459412,30.344651940569843,30.42451048084269,double,-0.34862405388956796
2065.388,15.0,30.66059448090901,30.319392822295598,30.399578845991716,double,-0.34120165861341034
2065.87,15.0,30.62658467018396,30.29412134675712,30.37461758193394,double,-0.3324633234268404
2066.352,15.0,30.59271174889364,30.26883874474724,30.34962786139932,double,-0.3238730041464022
2066.834,15.0,30.559150576617373,30.24354624764226,30.324610861082046,double,-0.3156043289751109
2067.316,15.0,30.52491964368786,30.218245087342144,30.299567761595934,double,-0.30667455634571517
2067.798,15.0,30.49123397839713,30.192936496210663,30.27449974742915,double,-0.2982974821864659
2068.281,15.0,30.456969350089924,30.16756918111828,30.249355925508127,double,-0.289400168971643
2068.763,15.0,30.422295167350516,30.14224941795176,30.224241605201673,double,-0.28004574939875515
2069.245,15.0,30.388430454433134,30.11692592578732,30.199105948947402,double,-0.2715045286458162
2069.727,15.0,30.354781596129975,30.091599938244595,30.173950156272543,double,-0.2631816578853807
2070.209,15.0,30.322022306482886,30.066272689107045,30.148775430342432,double,-0.25574961737584445
2070.691,15.0,30.289116484157073,30.040945412261998,30.123582977911205,double,-0.2481710718950758
2071.173,15.0,30.257372675839754,30.015619341640488,30.098374009271865,double,-0.24175333419926837
2071.655,15.0,30.22442335789052,29.990295711157383,30.073149738205785,double,-0.23412764673313435
2072.137,15.0,30.19186296232676,29.96497575465139,30.047911381931502,double,-0.22688720767536918
2072.62,15.0,30.158932231170937,29.939608190933843,30.02260776010337,double,-0.2193240402370955
2073.102,15.0,30.127518985222913,29.914299297315882,29.99734487568002,double,-0.21321968790702917
2073.584,15.0,30.096870043929552,29.88899778069153,29.97207158035359,double,-0.20787226323802366
2074.066,15.0,30.06596733668211,29.863704873993633,29.946789104571913,double,-0.20226246268847392
2074.548,15.0,30.0350422723743,29.83842180977855,29.92149868195351,double,-0.1966204625957535
2075.03,15.0,30.003453713930572,29.813149820166384,29.896201549232504,double,-0.19030389376418766
2075.512,15.0,29.97194094929411,29.787890136780888,29.87089894620262,double,-0.18405081251322009
2075.994,15.0,29.940675399720845,29.762643990689536,29.84559211566042,double,-0.17803140903130954
2076.477,15.0,29.91097322244407,29.737360281289927,29.820229791130338,double,-0.17361294115414427
2076.959,15.0,29.87959628302452,29.712144934932606,29.794918243382384,double,-0.16745134809191264
2077.441,15.0,29.84883710292542,29.68694681768455,29.769606216552834,double,-0.16189028524086768
2077.923,15.0,29.819876827507276,29.661767157787857,29.744294964876268,double,-0.15810966971941953
2078.405,15.0,29.7893390271311,29.636607182628836,29.718985745296884,double,-0.15273184450226296
2078.887,15.0,29.759280511038476,29.611468118678687,29.693679817407958,double,-0.14781239235979182
2079.369,15.0,29.72948589542011,29.586351191433362,29.668378443390363,double,-0.143134703986747
2079.851,15.0,29.70006639928704,29.56125762535421,29.643082887950705,double,-0.1388087739328303
2080.333,15.0,29.669172210864552,29.53618864380827,29.61779441825859,double,-0.1329835670562829
2080.816,15.0,29.637059821990043,29.511093539887725,29.592461865080466,double,-0.12596628210231886
2081.298,15.0,29.606396643375422,29.486077450176758,29.56719139922409,double,-0.12031919319866469
2081.78,15.0,29.574400466336286,29.46108961046808,29.5419318374112,double,-0.11331085586820944
2082.262,15.0,29.543872643481606,29.43613123915364,29.516684456027818,double,-0.10774140432796564
2082.744,15.0,29.512056608148406,29.411203553233754,29.49145053359955,double,-0.10085305491465135
2083.226,15.0,29.481290348558964,29.3863077682577,29.46623135072468,double,-0.09498258030126161
2083.708,15.0,29.449541953757674,29.361445098264795,29.441028190007135,double,-0.08809685549288071
2084.19,15.0,29.417274155214844,29.33661675572497,29.415842335988213,double,-0.08065739948987516
2084.673,15.0,29.385965864843726,29.31177255190788,29.390622881064754,double,-0.07419331293584963
2085.155,15.0,29.354916359122225,29.28701657260743,29.36547554406117,double,-0.06789978651479123
2085.637,15.0,29.323384898873456,29.262298550667833,29.3403493809936,double,-0.06108634820562453
2086.119,15.0,29.291745698693468,29.237619691688487,29.315245683463754,double,-0.054126007004978716
2086.601,15.0,29.26030515090805,29.21298119940518,29.29016574466099,double,-0.047323951502870054
2087.083,15.0,29.229877110895913,29.18838427563116,29.265110859290377,double,-0.04149283526475034
2087.565,15.0,29.200823731013216,29.163830120198693,29.24008232350022,double,-0.036993610814523015
2088.047,15.0,29.170735938571113,29.139319930900587,29.21508143480875,double,-0.0314160076705261
2088.53,15.0,29.141433288596396,29.114804193887323,29.190057714011424,double,-0.026629094709074153
2089.011,15.0,29.112220244425092,29.090436231331328,29.165167795201906,double,-0.021784013093761878
2089.494,15.0,29.08408850281927,29.06601459367284,29.140205998393743,double,-0.018073909146432143
2089.976,15.0,29.05505410291837,29.04169230635653,29.11532876759106,double,-0.013361796561839334
2090.458,15.0,29.025928753271284,29.017419943967425,29.090485692128894,double,-0.008508809303858778
2090.94,15.0,28.99788966496307,28.99319869083451,29.06567807617574,double,-0.004690974128557235
2091.422,15.0,28.969072404092405,28.96902972884108,29.040907224740454,double,-4.2675251327173314e-05
2091.904,15.0,28.941487253817357,28.94491423736674,29.016174443593822,double,0.003426983549381646
2092.386,15.0,28.91469688276568,28.920853393230217,28.99148103919007,double,0.006156510464538911
2092.868,15.0,28.887257193153992,28.89684837063191,28.96682831858739,double,0.009591177477918933
2093.351,15.0,28.860545528040234,28.872850716443338,28.942166574321217,double,0.012305188403105571
2093.833,15.0,28.83311947709069,28.848960970643738,28.917599235704138,double,0.015841493553048203
2094.315,15.0,28.805509068474045,28.82513055511766,28.89307650759986,double,0.019621486643617292
2094.797,15.0,28.777154243559494,28.80136063301505,28.868599698678356,double,0.024206389455555533
2095.279,15.0,28.750123988156524,28.777652364582384,28.844170117808087,double,0.02752837642586159
2095.761,15.0,28.72392755236929,28.754006907106312,28.81978907397339,double,0.030079354737022612
2096.243,15.0,28.697443341304467,28.73042541485703,28.795457876190934,double,0.03298207355256211
2096.725,15.0,28.670796519030223,28.70690903903216,28.771177833425988,double,0.03611252000193521
2097.208,15.0,28.6436717422439,28.683410345693726,28.74690004526529,double,0.03973860344982927
2097.69,15.0,28.617498832775805,28.660027784780688,28.72272635172402,double,0.04252895200488327
2098.172,15.0,28.590306764834654,28.63671377725342,28.69860774165449,double,0.046407012418764326
2098.654,15.0,28.563852961646262,28.613469461452222,28.67454552296579,double,0.04961649980596006
2099.136,15.0,28.538801581058742,28.590295972365332,28.650541003087937,double,0.05149439130658906
2099.618,15.0,28.514185116287788,28.567194441573708,28.626595488884867,double,0.05300932528591873
2100.1,15.0,28.488573194623314,28.544165997195826,28.602710286566975,double,0.055592802572512756
2100.582,15.0,28.46274670343209,28.521211763832614,28.57888670160296,double,0.05846506040052546
2101.064,15.0,28.437472562851653,28.4983328625125,28.555126038631396,double,0.060860299660847605
2101.547,15.0,28.414128904867024,28.47548318288774,28.531380506305133,double,0.06135427802071436
2102.029,15.0,28.390053232073008,28.452758456251125,28.50774973477268,double,0.06270522417811675
2102.511,15.0,28.366806136237233,28.430112405061582,28.484185795974426,double,0.06330626882434798
2102.993,15.0,28.34408627820002,28.40754613550486,28.46068999033121,double,0.06345985730483727
2103.475,15.0,28.320992502565478,28.38506074992243,28.437263616983877,double,0.06406824735695205
2103.957,15.0,28.296938912850646,28.362657346757764,28.413907973702106,double,0.06571843390711929
2104.439,15.0,28.272147158748105,28.34033702050265,28.39062435679262,double,0.06818986175454178
2104.921,15.0,28.248210232131665,28.318100861643845,28.367414061007334,double,0.0698906295121815
2105.404,15.0,28.226506658640922,28.295904089747843,28.344230458568532,double,0.0693974311069212
2105.886,15.0,28.202633673285472,28.273839701098368,28.32117084142556,double,0.07120602781289787
2106.368,15.0,28.17927323924159,28.251862728976064,28.298188422078457,double,0.07258948973447588
2106.85,15.0,28.15617459785621,28.229974247308288,28.27528448812593,double,0.07379964945207762
2107.332,15.0,28.132837941649314,28.208175325752855,28.252460325144867,double,0.07533738410354096
2107.814,15.0,28.109821513439183,28.186467029646188,28.229717216596324,double,0.07664551620700788
2108.296,15.0,28.086282575306914,28.164850419950977,28.207056443730306,double,0.07856784464406186
2108.778,15.0,28.06426168664477,28.143326553204528,28.184479285491026,double,0.0790648665597582
2109.26,15.0,28.041143617452736,28.12189648146709,28.161987018421225,double,0.08075286401435511
2109.743,15.0,28.01904696458996,28.100517087622435,28.139534521329086,double,0.08147012303247325
2110.225,15.0,27.996547852509874,28.07927794393268,28.117216038865845,double,0.08273009142280574
2110.707,15.0,27.975218383783,28.0581357262073,28.094986264462698,double,0.08291734242429905
2111.189,15.0,27.953721484461536,28.03709146807706,28.07284646409048,double,0.08336998361552772
2111.671,15.0,27.932468901675612,28.01614619844095,28.050797900836855,double,0.08367729676533875
2112.153,15.0,27.911054075721527,27.995300941415802,28.028841834808926,double,0.08424686569427631
2112.635,15.0,27.88973967429064,27.97455671628627,28.006979523035945,double,0.08481704199562734
2113.117,15.0,27.86982479810903,27.953914537455184,27.98521221937163,double,0.08408973934615482
2113.6,15.0,27.850411616265568,27.93333290992905,27.96349631464835,double,0.08292129366347933
2114.082,15.0,27.831489945441422,27.912898064060986,27.941922979158896,double,0.08140811861956365
2114.564,15.0,27.81128257520985,27.892568279981667,27.920448395882353,double,0.08128570477181629
2115.046,15.0,27.792376742417858,27.872344552062195,27.899073804981644,double,0.07996780964433792
2115.528,15.0,27.774189202845605,27.85222786954614,27.877800442952395,double,0.07803866670053616
2116.01,15.0,27.755659069528786,27.83221921650115,27.85662954252393,double,0.07656014697236535
2116.492,15.0,27.736556864722445,27.81231957177105,27.83556233256068,double,0.07576270704860444
2116.974,15.0,27.718122143539315,27.792529908927683,27.814600037962585,double,0.07440776538836791
2117.457,15.0,27.700016896981516,27.772810485020038,27.793700720701015,double,0.0727935880385222
2117.938,15.0,27.681100906011757,27.753284396544576,27.772995074044992,double,0.0721834905328178
2118.421,15.0,27.66167960742848,27.733790224503384,27.752312125426958,double,0.07211061707490529
2118.903,15.0,27.644339279209245,27.714450354961457,27.731781887525603,double,0.07011107575221054
2119.385,15.0,27.625894815789287,27.695225256389534,27.71136262903934,double,0.06933044060024596
2119.867,15.0,27.608523467997802,27.67611586972657,27.69105554898471,double,0.06759240172876657
2120.349,15.0,27.589903583365384,27.6571231303118,27.670861841716853,double,0.06721954694641763
2120.831,15.0,27.571469330187103,27.638247967838968,27.65078269682971,double,0.06677863765186531
2121.313,15.0,27.553840351687764,27.61949130631104,27.63081929905631,double,0.0656509546232753
2121.795,15.0,27.536393657253544,27.600854063994884,27.6109728281689,double,0.06446040674134013
2122.278,15.0,27.51947200591064,27.582298862263578,27.591203652230845,double,0.06282685635293772
2122.76,15.0,27.502324289920143,27.56390344247275,27.571594802752518,double,0.06157915255260438
2123.242,15.0,27.485854574606154,27.545630163692415,27.552106391124255,double,0.05977558908625835
2123.724,15.0,27.468923543784037,27.527479920786035,27.532739576265985,double,0.05855637700200034
2124.206,15.0,27.45273403522098,27.50945360265921,27.513495511638077,double,0.05671956743822926
2124.688,15.0,27.437271348246572,27.491552092215944,27.49437534514163,double,0.05428074396937044
2125.17,15.0,27.420958512682812,27.473776266315475,27.475380219018962,double,0.05281775363266128
2125.652,15.0,27.404331165621432,27.456126995729313,27.45651126975436,double,0.05179583010788136
2126.135,15.0,27.38796477311663,27.43856892576066,27.43773087801747,double,0.05060415264402929
2126.617,15.0,27.373320071810127,27.421175620579895,27.41911793601508,double,0.04785554876977072
2127.099,15.0,27.35838024323191,27.403911447838624,27.400634547097823,double,0.04553120460671356
2127.581,15.0,27.34478492654367,27.38677725352112,27.382281823713928,double,0.04199232697745248
2128.063,15.0,27.329576073358307,27.36977387731375,27.364060872058637,double,0.040197803955444034
2128.545,15.0,27.315463859649142,27.35290215256365,27.345972791975882,double,0.03743829291451006
2129.027,15.0,27.302149709357902,27.336162906238055,27.328018676860076,double,0.034013196880150476
2129.509,15.0,27.289070832561467,27.319556958883773,27.310199613558297,double,0.030486126322304408
2129.991,15.0,27.274802303317863,27.3030851245869,27.29251668227238,double,0.028282821269037806
2130.474,15.0,27.26072760215698,27.286714457727612,27.274934697906595,double,0.025986855570631073
2130.956,15.0,27.24745757925072,27.27051354817039,27.257527532165987,double,0.023055968919666325
2131.438,15.0,27.234614403695055,27.254449156408832,27.240259700394105,double,0.01983475271377655
2131.92,15.0,27.222469190537,27.238522070276815,27.223132255225924,double,0.016052879739814063
2132.402,15.0,27.209074477783435,27.222733070951083,27.206146242166774,double,0.013658593167648059
2132.884,15.0,27.196487944497967,27.207082932913018,27.18930269949628,double,0.010594988415052464
2133.366,15.0,27.1846886661584,27.191572423910703,27.172602658173062,double,0.006883757752301767
2133.848,15.0,27.17169897833961,27.176202304921183,27.156047141739297,double,0.004503326581573042
2134.331,15.0,27.15984421445044,27.16094188196825,27.13960327262387,double,0.001097667517807599
2134.813,15.0,27.146920220454085,27.145855093817918,27.123340151543808,double,-0.001065126636168312
2135.295,15.0,27.134190292196426,27.13091093914299,27.107224582603816,double,-0.003279353053436962
2135.777,15.0,27.12145453692895,27.116110151452087,27.09125755872031,double,-0.005344385476863112
2136.259,15.0,27.108614667986696,27.101453457299595,27.075440064923367,double,-0.007161210687101072
2136.741,15.0,27.09657941493482,27.086941576249824,27.059773078263948,double,-0.009637838684994904
2137.223,15.0,27.084391897721755,27.07257522084166,27.044257567721612,double,-0.011816676880094246
2137.705,15.0,27.072713173672813,27.058355096553726,27.028894494113043,double,-0.014358077119086543
2138.188,15.0,27.06103536121958,27.044252857483574,27.01365341474372,double,-0.016782503736006982
2138.67,15.0,27.04939385672469,27.030327590438407,26.998598385515216,double,-0.01906626628628283
2139.152,15.0,27.038548524571794,27.01655062965441,26.983698627715746,double,-0.021997894917380467
2139.634,15.0,27.02767805455359,27.002922652010902,26.968955068585664,double,-0.0247554025426866
2140.116,15.0,27.017713641995194,26.98944432715711,26.954368626751556,double,-0.028269314838086368
2140.598,15.0,27.00941801493179,26.976116317479182,26.939940212137913,double,-0.033301697452609025
2141.08,15.0,27.000744390064764,26.96293927806775,26.925670725879304,double,-0.03780511199701353
2141.562,15.0,26.99164192276069,26.94991385668559,26.9115610602331,double,-0.04172806607509738
2142.044,15.0,26.983988119721957,26.937040693735923,26.897612098493106,double,-0.04694742598603252
2142.527,15.0,26.97587426415416,26.924294190991404,26.883796278934724,double,-0.0515800731627547
2143.009,15.0,26.969407026604358,26.911727755665893,26.870171676516552,double,-0.05767927093846548
2143.491,15.0,26.96269890967241,26.89931545678635,26.856710375013776,double,-0.06338345288606217
2143.973,15.0,26.955177161967892,26.887057904990662,26.84341322099342,double,-0.0681192569772282
2144.455,15.0,26.94801377950253,26.87495570340325,26.830281051635886,double,-0.07305807609928605
2144.937,15.0,26.942102680229603,26.863009447605346,26.81731469465245,double,-0.0790932326242555
2145.419,15.0,26.936654809353875,26.851219725605702,26.804514968203495,double,-0.08543508374817543
2145.901,15.0,26.931911707763216,26.839587117811664,26.791882680817558,double,-0.09232458995155346
2146.384,15.0,26.926515547717717,26.82808855441931,26.779392947719096,double,-0.0984269932984061
2146.865,15.0,26.92107551806659,26.816795528291436,26.767123608709497,double,-0.1042799897751523
2147.348,15.0,26.916131564460567,26.805614685496735,26.754973413164674,double,-0.11051687896382889
2147.83,15.0,26.91015394355956,26.79461651676447,26.743019126572598,double,-0.1155374267950926
2148.312,15.0,26.904426569020174,26.78377825038234,26.731236175994066,double,-0.12064831863783376
2148.794,15.0,26.89749710858636,26.773100420545926,26.71962531048917,double,-0.12439668804043458
2149.276,15.0,26.891412088233444,26.76258355365716,26.70818726894157,double,-0.1288285345762863
2149.758,15.0,26.88527623221969,26.752228168298366,26.696922779983932,double,-0.13304806392132607
2150.24,15.0,26.87884601515932,26.74203477520661,26.6858325619244,double,-0.13681123995271105
2150.722,15.0,26.873689921992167,26.732003877248566,26.674917322673984,double,-0.1416860447435997
2151.205,15.0,26.8695058749682,26.722115666324875,26.664155661516975,double,-0.14739020864332764
2151.687,15.0,26.864398730966784,26.712411575294237,26.65359282827664,double,-0.15198715567254495
2152.169,15.0,26.85988354017904,26.702871441514652,26.64320703587454,double,-0.1570120986643886
2152.651,15.0,26.854638056748964,26.693495736110457,26.632998949902454,double,-0.16114232063850764
2153.133,15.0,26.84978234354541,26.68428492221524,26.622969225205416,double,-0.16549742133016854
2153.615,15.0,26.84615471524932,26.675239454949214,26.613118505814793,double,-0.1709152603001085
2154.097,15.0,26.841485018286026,26.666359781396437,26.60344742488198,double,-0.17512523688958948
2154.579,15.0,26.837880136356613,26.657646340582907,26.593956604613666,double,-0.18023379577370435
2155.062,15.0,26.834160340529937,26.649082005093106,26.58462752939581,double,-0.1850783354368335
2155.544,15.0,26.829914179231523,26.640702661581827,26.575499430091774,double,-0.18921151764969557
2156.026,15.0,26.827196652106434,26.632490820175796,26.56655339297817,double,-0.19470583193063606
2156.508,15.0,26.82414060754985,26.624446887438413,26.55778999582892,double,-0.19969372011143793
2156.99,15.0,26.820085133392713,26.61657126177027,26.549209805163187,double,-0.2035138716224405
2157.472,15.0,26.81760434529179,26.60886433338938,26.540813376186556,double,-0.20874001190240854
2157.954,15.0,26.814739022443167,26.60132648431204,26.53260125273339,double,-0.21341253813113026
2158.436,15.0,26.812525193237995,26.593958088333576,26.524573967210085,double,-0.21856710490442133
2158.918,15.0,26.8121423966529,26.58675951101005,26.516732040539644,double,-0.2253828856428497
2159.401,15.0,26.81200996154925,26.579716705035285,26.509060291725316,double,-0.2322932565139657
2159.883,15.0,26.81134944040252,26.572859182785347,26.50159098648597,double,-0.23849025761717435
2160.365,15.0,26.81132442590965,26.566172526941234,26.494308534426036,double,-0.24515189896841538
2160.847,15.0,26.81083765041971,26.559657069906894,26.487213409977844,double,-0.25118058051281644
2161.329,15.0,26.811528352267217,26.55331313576026,26.480306075829496,double,-0.25821521650695733
2161.811,15.0,26.81042074114577,26.547141040237026,26.473586982876196,double,-0.26327970090874175
2162.293,15.0,26.81039329618774,26.541141090714977,26.467056570172808,double,-0.2692522054727642
2162.775,15.0,26.810423514566743,26.535313586198672,26.460715264887536,double,-0.27510992836807246
2163.258,15.0,26.809629027227277,26.529647265174116,26.454550916512183,double,-0.27998176205316083
2163.74,15.0,26.810242866429423,26.524165873361525,26.4485894542445,double,-0.28607699306789636
2164.222,15.0,26.81092843075038,26.518857773741146,26.442818309933315,double,-0.29207065700923573
2164.704,15.0,26.811250092873955,26.5137232316621,26.437237862735795,double,-0.29752686121185534
2165.186,15.0,26.81242236856513,26.508762504029775,26.43184847970888,double,-0.303659864535355
2165.668,15.0,26.812766548758272,26.50397583929298,26.426650515770135,double,-0.30879070946528975
2166.15,15.0,26.81286272803322,26.499363477431505,26.42164431366008,double,-0.31349925060171757
2166.632,15.0,26.814549691488576,26.49492564994411,26.416830203905583,double,-0.319624041544464
2167.115,15.0,26.814847896734804,26.490653917103018,26.412199116421785,double,-0.3241939796317872
2167.597,15.0,26.816298565622464,26.486566182107286,26.407770534065868,double,-0.32973238351517997
2168.079,15.0,26.818805174501016,26.482653625399777,26.403534962614362,double,-0.3361515491012379
2168.561,15.0,26.820589329345797,26.47891644442515,26.399492683373804,double,-0.3416728849206463
2169.043,15.0,26.8241219625271,26.475354828093028,26.395643965273504,double,-0.3487671344340748
2169.525,15.0,26.8260757341572,26.47196895676838,26.39198906483642,double,-0.354106777388824
2170.007,15.0,26.82831035848423,26.46875900226243,26.38852822615173,double,-0.3595513562217989
2170.489,15.0,26.831132157811766,26.46572512782391,26.385261680848476,double,-0.36540702998785757
2170.971,15.0,26.832632224492926,26.462867488130783,26.382189648070643,double,-0.3697647363621437
2171.454,15.0,26.835648813891243,26.460180849948756,26.379306567469808,double,-0.3754679639424885
2171.936,15.0,26.840224051843514,26.457676475815706,26.37662457169472,double,-0.38254757602780853
2172.418,15.0,26.843930152494742,26.45534874921889,26.374137671099874,double,-0.3885814032758561
2172.9,15.0,26.84946594381237,26.453197790460553,26.3718460346393,double,-0.3962681533518142
2173.382,15.0,26.854927464297756,26.451223711236903,26.36974981867681,double,-0.40370375306085227
2173.864,15.0,26.86038668490045,26.449426614632277,26.36784916696885,double,-0.4109600702681737
2174.346,15.0,26.86578053435641,26.44780659511376,26.36614421064895,double,-0.4179739392426496
2174.828,15.0,26.871640239513656,26.44636373852627,26.364635068213303,double,-0.4252765009873871
2175.311,15.0,26.879165478240523,26.44509568061735,26.363319324704047,double,-0.43406979762317666
2175.792,15.0,26.886524852331938,26.44400981438626,26.362204635716104,double,-0.4425150379456788
2176.275,15.0,26.893430039051523,26.44309716987014,26.361281812207714,double,-0.4503328691813857
2176.757,15.0,26.901113141257007,26.442364019000696,26.360557264132268,double,-0.4587491222563078
2177.239,15.0,26.90842205401158,26.44180833088945,26.3600289325548,double,-0.46661372312213345
2177.721,15.0,26.91723534418045,26.441430139549627,26.35969685989504,double,-0.47580520463082476
2178.203,15.0,26.92590117138745,26.441229470349338,26.359561075872534,double,-0.4846717010381141
2178.685,15.0,26.934402695388865,26.441206340010027,26.359621597503256,double,-0.49319635537883877
2179.167,15.0,26.942562137405247,26.441360756605192,26.359878429097254,double,-0.5012013808000537
2179.649,15.0,26.95125600517449,26.441692719559697,26.360331562257866,double,-0.5095632856147947
2180.132,15.0,26.959755625951104,26.4422034612419,26.360982527225108,double,-0.5175521647092063
2180.614,15.0,26.96957634704323,26.442890848866508,26.36182859461306,double,-0.5266854981767211
2181.096,15.0,26.979594441915307,26.443755729168007,26.362870862039845,double,-0.5358387127472997
2181.578,15.0,26.98868190703615,26.444798066959645,26.364109270274504,double,-0.5438838400765034
2182.06,15.0,26.999808375581004,26.44601781840864,26.365543747395503,double,-0.5537905571723623
2182.542,15.0,27.009002370995095,26.447414931037873,26.367174208798094,double,-0.5615874399572229
2183.024,15.0,27.017834801786883,26.448989343728176,26.369000557203027,double,-0.5688454580587088
2183.506,15.0,27.0272567902842,26.450740986720845,26.37102268266641,double,-0.5765158035633544
2183.989,15.0,27.034259087645918,26.452673967359875,26.373245267084876,double,-0.5815851202860434
2184.471,15.0,27.04184778441809,26.454780194397088,26.375658971725723,double,-0.587067590021001
2184.953,15.0,27.05076186736176,26.45706339044891,26.378268047406507,double,-0.5936984769128517
2185.435,15.0,27.059562212465416,26.459523451215496,26.381072333625983,double,-0.6000387612499214
2185.917,15.0,27.069058278836128,26.46216026377694,26.38407165728861,double,-0.6068980150591874
2186.399,15.0,27.077939948407366,26.46497370659846,26.387265832722562,double,-0.6129662418089044
2186.881,15.0,27.086798977269737,26.467963649535942,26.390654661699198,double,-0.6188353277337966
2187.363,15.0,27.09555668626559,26.471129953841803,26.394237933453663,double,-0.6244267324237829
2187.845,15.0,27.103959768809833,26.47447247217169,26.398015424707133,double,-0.6294872966381426
2188.328,15.0,27.11336421133587,26.477998531441173,26.40199534073991,double,-0.6353656798947005
2188.81,15.0,27.123145811643283,26.481693366179805,26.406160952890488,double,-0.6414524454634807
2189.292,15.0,27.133678374348307,26.485563921029666,26.410520039305187,double,-0.6481144533186434
2189.774,15.0,27.145288154155168,26.489610014313115,26.415072326869694,double,-0.655678139842053
2190.256,15.0,27.155921164260334,26.493831455793917,26.419817530085645,double,-0.6620897084664179
2190.738,15.0,27.166605659437803,26.4982280466861,26.424755351100316,double,-0.6683776127517027
2191.22,15.0,27.17808553851455,26.502799579663304,26.42988547973796,double,-0.6752859588512461
2191.702,15.0,27.19092045565886,26.50754583886854,26.435207593532166,double,-0.6833746167903165
2192.185,15.0,27.20314119229249,26.512476990206167,26.44073299608589,double,-0.6906642020863218
2192.667,15.0,27.214576377783434,26.51757238153103,26.446438460327453,double,-0.6970039962524044
2193.149,15.0,27.227188859341734,26.522841799923196,26.45233486816837,double,-0.7043470594185364
2193.631,15.0,27.23998329910005,26.528284995491298,26.458421848304415,double,-0.7116983036087543
2194.113,15.0,27.253824259832175,26.533901709868346,26.464699017322,double,-0.7199225499638306
2194.595,15.0,27.266754759798808,26.539691676223875,26.471165979738164,double,-0.7270630835749303
2195.077,15.0,27.28071075842354,26.545654619276824,26.47782232804189,double,-0.735056139146717
2195.559,15.0,27.294785930671495,26.551790255308255,26.484667642736415,double,-0.7429956753632394
2196.042,15.0,27.309154124171343,26.558111558391584,26.49171628110796,double,-0.7510425657797581
2196.524,15.0,27.322634625265486,26.56459205227678,26.498938612133117,double,-0.7580425729887041
2197.006,15.0,27.335825131977987,26.571244336844877,26.506348578630657,double,-0.7645807951331074
2197.488,15.0,27.34983127540604,26.578068094747774,26.51394571358528,double,-0.7717631806582637
2197.97,15.0,27.364384796312102,26.585063000271113,26.521729538226236,double,-0.7793217960409882
2198.452,15.0,27.378682897296024,26.592228719349986,26.529699562077134,double,-0.7864541779460388
2198.934,15.0,27.394831534886272,26.59956490958463,26.5378552830065,double,-0.7952666253016438
2199.416,15.0,27.410875746382885,26.60707122025699,26.546196187279847,double,-0.8038045261258953
2199.898,15.0,27.426640209805875,26.614747292347364,26.554721749612533,double,-0.8118929174585121
2200.381,15.0,27.44220036631108,26.622609211277847,26.563449694122205,double,-0.8195911550332335
2200.863,15.0,27.45784669127721,26.63062404628941,26.572343331070726,double,-0.8272226449878017
2201.345,15.0,27.47343988844072,26.63880751521863,26.581419980298914,double,-0.8346323732220884
2201.827,15.0,27.489733360024303,26.64715922599773,26.590679070851298,double,-0.8425741340265747
2202.309,15.0,27.505889286813662,26.655678778347102,26.60012002050435,double,-0.850210508466559
2202.791,15.0,27.523109594483795,26.664365763794518,26.60974223582615,double,-0.8587438306892792
2203.273,15.0,27.54030024516334,26.67321976569462,26.61954511223713,double,-0.8670804794687237
2203.755,15.0,27.556625260708895,26.68224035924901,26.629528034071814,double,-0.8743849014598848
2204.238,15.0,27.573974682922465,26.69144634359534,26.639711644400354,double,-0.882528339327121
2204.719,15.0,27.590830633670777,26.70077958148377,26.650031496298414,double,-0.8900510521870075
2205.202,15.0,27.608184330459117,26.71031723781273,26.660572759391577,double,-0.8978670926463872
2205.684,15.0,27.626945691331812,26.720000129109845,26.67126985427578,double,-0.9069455622219669
2206.166,15.0,27.64587065691882,26.729847365525256,26.682143750799604,double,-0.916023291393564
2206.648,15.0,27.66408543098799,26.739858473766674,26.693193768114188,double,-0.9242269572213135
2207.13,15.0,27.682622161122485,26.750032972539618,26.704419214745712,double,-0.9325891885828663
2207.612,15.0,27.700771923662682,26.760370372570495,26.71581938866488,double,-0.9404015510921848
2208.094,15.0,27.718746440793833,26.770870176630098,26.72739357735785,double,-0.9478762641637384
2208.576,15.0,27.73654513237337,26.781531879557573,26.739141057897687,double,-0.9550132528157951
2209.059,15.0,27.754026620013168,26.792377590225534,26.75108600624847,double,-0.9616490297876312
2209.541,15.0,27.771611137104884,26.80336187699878,26.763178216095024,double,-0.9682492601061077
2210.023,15.0,27.789373340831247,26.81450649870675,26.775441485684308,double,-0.9748668421244999
2210.505,15.0,27.80698140036305,26.825810918692362,26.787875051150078,double,-0.9811704816706901
2210.987,15.0,27.82448032175551,26.83727459249227,26.80047813858455,double,-0.9872057292632352
2211.469,15.0,27.843019247188817,26.8488969678629,26.813249964115126,double,-0.9941222793259152
2211.951,15.0,27.861156017000727,26.860677484807237,26.826189733982243,double,-1.0004785321934884
2212.433,15.0,27.88072383469008,26.872615575601657,26.83929664461779,double,-1.008108259088425
2212.916,15.0,27.899668404323002,26.88473592116561,26.852597592890383,double,-1.0149324831573936
2213.398,15.0,27.918990047265662,26.89698774962202,26.86603667802978,double,-1.0220022976436427
2213.88,15.0,27.93852069936294,26.909395401440218,26.879640433441743,double,-1.0291252979227228
2214.362,15.0,27.958041578956426,26.921958278251836,26.89340801710508,double,-1.0360833007045933
2214.844,15.0,27.97734254144303,26.934675774102534,26.907338577594498,double,-1.0426667673404943
2215.326,15.0,27.995714836320168,26.94754727548111,26.921431254163476,double,-1.0481675608390584
2215.808,15.0,28.014825859551028,26.960572161349255,26.935685176828272,double,-1.0542536982017736
2216.29,15.0,28.033768036014777,26.973749803171394,26.950099466452283,double,-1.060018232843385
2216.772,15.0,28.052818551881902,26.98707956494501,26.964673234831228,double,-1.0657389869368927
2217.255,15.0,28.07072427444738,27.000588929614466,26.979436314038267,double,-1.070135344832912
2217.737,15.0,28.089253106067357,27.01422130580424,26.994326665652856,double,-1.0750318002631154
2218.219,15.0,28.107633268047334,27.028003848071897,27.009373775957833,double,-1.0796294199754364
2218.701,15.0,28.127396494452434,27.04193589084255,27.024576721325026,double,-1.0854606036098835
2219.183,15.0,28.14709889680454,27.05601676123155,27.039934569494317,double,-1.0910821355729905
2219.665,15.0,28.167982664212772,27.070245779076945,27.055446379662474,double,-1.097736885135825
2220.147,15.0,28.18878788014866,27.084622256972324,27.07111120257284,double,-1.1041656231763342
2220.629,15.0,28.208827820015177,27.09914550030006,27.086928080605354,double,-1.1096823197151162
2221.112,15.0,28.228578582199415,27.113845392853698,27.10292933281227,double,-1.114733189345718
2221.594,15.0,28.249157596922842,27.128660355340273,27.11904772565269,double,-1.1204972415825687
2222.076,15.0,28.27042957368086,27.1436199549832,27.1353152494371,double,-1.1268096186976606
2222.558,15.0,28.292570716830824,27.158723468644354,27.151730913986583,double,-1.1338472481864703
2223.04,15.0,28.31382617067853,27.17397016614564,27.16829372121713,double,-1.139856004532891
2223.522,15.0,28.336369348063506,27.18935931030445,27.185002665232915,double,-1.1470100377590553
2224.004,15.0,28.356638646769134,27.20489015696923,27.20185673241963,double,-1.151748489799903
2224.486,15.0,28.379700605521286,27.220561955055413,27.218854901538634,double,-1.159138650465874
2224.969,15.0,28.402335379172815,27.236406896744718,27.23603185457121,double,-1.1659284824280969
2225.451,15.0,28.426326386628574,27.252358605341385,27.253315427414073,double,-1.1739677812871885
2225.933,15.0,28.449988061146726,27.26844896926503,27.270739991500626,double,-1.1815390918816948
2226.415,15.0,28.474830229113152,27.28467721005177,27.288304496027706,double,-1.1901530190613852
2226.897,15.0,28.499714899505506,27.301042542489885,27.30600788304406,double,-1.1986723570156232
2227.379,15.0,28.522921238637878,27.317544174657826,27.323849087546435,double,-1.205377063980051
2227.861,15.0,28.547671072749516,27.33418130796229,27.341827037576117,double,-1.2134897647872234
2228.343,15.0,28.57044775841237,27.350953137177203,27.359940654316027,double,-1.2194946212351676
2228.825,15.0,28.593146510393357,27.367858850482385,27.37818885218767,double,-1.225287659910973
2229.308,15.0,28.615711600835265,27.384933117417287,27.39660881322853,double,-1.230778483417977
2229.79,15.0,28.637728401251888,27.40210441076033,27.41512316359248,double,-1.2356239904915578
2230.272,15.0,28.661378192480523,27.419407111832644,27.4337687964616,double,-1.24197108064788
2230.754,15.0,28.68309059833349,27.436840382821217,27.452544600176644,double,-1.2462502155122734
2231.236,15.0,28.704356322718162,27.454403379518745,27.471449456807107,double,-1.2499529431994172
2231.718,15.0,28.72526166102739,27.47209525136478,27.49048224225007,double,-1.2531664096626094
2232.2,15.0,28.74825391435533,27.489915141486637,27.509641826328856,double,-1.2583387728686946
2232.682,15.0,28.769511943418934,27.50786218674113,27.528927072892138,double,-1.2616497566778073
2233.165,15.0,28.79144901308321,27.525973144960926,27.548377237782546,double,-1.2654758681222844
2233.646,15.0,28.813111259766387,27.544134258973447,27.567869979588565,double,-1.2689770007929424
2234.129,15.0,28.833904992423886,27.562495672604282,27.587566243434903,double,-1.2714093198196053
2234.611,15.0,28.854901854204652,27.58094283860434,27.607342912356316,double,-1.2739590156003122
2235.093,15.0,28.87661191832438,27.599512749575695,27.627239474439225,double,-1.2770991687486855
2235.575,15.0,28.8997632386955,27.618204505627958,27.647254759760166,double,-1.2815587330675393
2236.057,15.0,28.92148892232782,27.63701720089931,27.66738759311783,double,-1.2844717214285095
2236.539,15.0,28.943735099962563,27.655949923600453,27.68763679413302,double,-1.2877851763621107
2237.021,15.0,28.96491392804832,27.675001756058705,27.70800117734838,double,-1.2899121719896156
2237.503,15.0,28.985300569619753,27.694171774762644,27.728479552328473,double,-1.2911287948571104
2237.986,15.0,29.00628507172917,27.71349918674197,27.749113560452198,double,-1.292785884987202
2238.468,15.0,29.026727055326095,27.732903024627575,27.769816558519633,double,-1.2938240306985205
2238.95,15.0,29.049141577875393,27.752422241683085,27.790629945671597,double,-1.296719336192309
2239.432,15.0,29.071051406441473,27.772055891480797,27.811552512550154,double,-1.298995514960677
2239.914,15.0,29.093168535607212,27.791803021980954,27.832583045318692,double,-1.301365513626257
2240.396,15.0,29.114142940357944,27.811662675577832,27.85372032576196,double,-1.3024802647801148
2240.878,15.0,29.136016288262688,27.831633889146634,27.87496313138602,double,-1.3043823991160552
2241.36,15.0,29.157215156535514,27.851715694089684,27.89631023551739,double,-1.3054994624458305
2241.843,15.0,29.17812469929212,27.87194912056976,27.917805016116976,double,-1.3061755787223572
2242.325,15.0,29.199980196303944,27.89224940518149,27.939357231008934,double,-1.3077307911224523
2242.807,15.0,29.221061141966796,27.912657340961715,27.96101003773343,double,-1.3084038010050814
2243.289,15.0,29.24389442980784,27.933171937884115,27.982762193886334,double,-1.3107224919237215
2243.771,15.0,29.265965228941216,27.95379220068728,28.004612453380783,double,-1.312173028253938
2244.253,15.0,29.288703693929584,27.974517128923303,28.02655956654614,double,-1.3141865650062812
2244.735,15.0,29.311476944169247,27.99534571700633,28.048602280226643,double,-1.3161312271629144
2245.217,15.0,29.33216195003637,28.016276954261134,28.070739337879775,double,-1.315884995775235
2245.699,15.0,29.354464630378164,28.03730982497239,28.09296947967461,double,-1.3171548054057736
2246.182,15.0,29.376981160444902,28.058487257711285,28.11533784828628,double,-1.3184939027336195
2246.664,15.0,29.399705709637946,28.079720533818374,28.13775055276364,double,-1.3199851758195713
2247.146,15.0,29.421853001470282,28.10105236434629,28.160252540503116,double,-1.3208006371239922
2247.628,15.0,29.44440993131557,28.12248171390464,28.182842539492636,double,-1.3219282174109281
2248.11,15.0,29.46660464313071,28.1440075423121,28.205519274919993,double,-1.3225971008186121
2248.592,15.0,29.48955500623619,28.165628804646637,28.22828146926941,double,-1.3239262015895537
2249.074,15.0,29.512830286702354,28.18734445129657,28.251127842418335,double,-1.325485835405782
2249.556,15.0,29.53569509972288,28.209153428011437,28.274057111733686,double,-1.3265416717114453
2250.039,15.0,29.557816141411624,28.23110020940558,28.297115816525242,double,-1.326715932006045
2250.521,15.0,29.580224552393524,28.2530928533192,28.320207186017832,double,-1.3271316990743243
2251.003,15.0,29.60319970816256,28.275175635006622,28.343377586993846,double,-1.3280240731559367
2251.485,15.0,29.625602388729856,28.29734748216731,28.36662572772946,double,-1.3282549065625426
2251.967,15.0,29.647901485882244,28.319607318120397,28.38995031446704,double,-1.3282941677618454
2252.449,15.0,29.670837567632674,28.341954061857,28.41335005150927,double,-1.3288835057756743
2252.931,15.0,29.69403420663864,28.364386628092635,28.43682364131294,double,-1.329647578546006
2253.413,15.0,29.715842830886796,28.386903927320052,28.460369784582607,double,-1.3289389035667454
2253.896,15.0,29.739170435119778,28.409551841958088,28.484036252273498,double,-1.329618593161691
2254.378,15.0,29.762322800081858,28.432235492125013,28.50772374181421,double,-1.3300873079568454
2254.86,15.0,29.784759639703662,28.45500057966546,28.53147987464314,double,-1.3297590600382048
2255.342,15.0,29.807915433882037,28.477845998704275,28.555303345380057,double,-1.3300694351777609
2255.824,15.0,29.831524419596466,28.500770639410355,28.579192847354197,double,-1.3307537801861113
2256.306,15.0,29.85435040630291,28.523773388050742,28.60314707269532,double,-1.330577018252166
2256.788,15.0,29.87718905753053,28.546853127044574,28.62716471242423,double,-1.330335930485954
2257.27,15.0,29.900838705610216,28.570008735017616,28.651244456543033,double,-1.3308299705926008
2257.752,15.0,29.924654343612033,28.59323908685671,28.67538499412482,double,-1.331415256755325
2258.235,15.0,29.947523247017845,28.61659147798109,28.69963528183217,double,-1.3309317690367528
2258.717,15.0,29.9697643286449,28.639968076729804,28.723893589606288,double,-1.329796251915094
2259.199,15.0,29.99225849418945,28.663416019758873,28.748208750652804,double,-1.328842474430575
2259.681,15.0,30.01425456315091,28.68693416754098,28.772579451214803,double,-1.3273203956099322
2260.163,15.0,30.037922660690608,28.710521377085346,28.797004377047706,double,-1.3274012836052618
2260.645,15.0,30.060200002927434,28.734176501993424,28.82148221350618,double,-1.3260235009340093
2261.127,15.0,30.08204026727368,28.75789839251449,28.846011645630142,double,-1.3241418747591882
2261.609,15.0,30.103880982226656,28.781685895601562,28.870591358230747,double,-1.3221950866250942
2262.092,15.0,30.12562358506617,28.805587406558935,28.89527118280387,double,-1.3200361785072334
2262.573,15.0,30.147550710290155,28.82945311114218,28.919896363472642,double,-1.318097599147977
2263.056,15.0,30.1695071971766,28.853480310929967,28.944670364437354,double,-1.3160268862466296
2263.538,15.0,30.191192960599594,28.87751879513225,28.969438137482133,double,-1.3136741654673434
2264.02,15.0,30.2126781584295,28.901617076764463,28.99424961186061,double,-1.311061081665038
2264.502,15.0,30.235014046927827,28.925773984180037,29.019103472781488,double,-1.3092400627477907
2264.984,15.0,30.257454817522433,28.949988342832235,29.043998405809297,double,-1.3074664746901998
2265.466,15.0,30.278987465378638,28.97425897533147,29.06893309694648,double,-1.304728490047169
2265.948,15.0,30.300196017452652,28.9985847015024,29.09390623271333,double,-1.3016113159502518
2266.43,15.0,30.321680847404114,29.022964338441444,29.118916500228732,double,-1.2987165089626718
2266.913,15.0,30.344624365898405,29.0474474441062,29.144014586449956,double,-1.2971769217922036
2267.395,15.0,30.367212112293384,29.071931448932297,29.16909525184038,double,-1.295280663361087
2267.877,15.0,30.389301537979502,29.096465797549843,29.194209112000237,double,-1.2928357404296598
2268.359,15.0,30.413236463451238,29.121049296714475,29.219354857233597,double,-1.2921871667367635
2268.841,15.0,30.43592790267462,29.14568075074273,29.244531178834627,double,-1.2902471519318892
2269.323,15.0,30.45888506374145,29.170358961570457,29.269736769164272,double,-1.2885261021709948
2269.805,15.0,30.48213991619469,29.195082728811272,29.294970321726517,double,-1.287057187383417
2270.287,15.0,30.505081881531925,29.219850849814687,29.32023053124322,double,-1.2852310317172377
2270.77,15.0,30.52753696393055,29.244713639404964,29.345568578852856,double,-1.2828233245255893
2271.252,15.0,30.550313077299958,29.269566936980045,29.370878240233544,double,-1.2807461403199105
2271.734,15.0,30.57366697931128,29.294460964858636,29.396210648088804,double,-1.279206014452644
2272.216,15.0,30.595925205396828,29.319394511917185,29.42156450275657,double,-1.2765306934796439
2272.698,15.0,30.616314495898393,29.344366365062218,29.4469385061601,double,-1.2719481308361757
2273.18,15.0,30.637357147742865,29.3693753092896,29.472331361879483,double,-1.2679818384532637
2273.662,15.0,30.659899573147865,29.394420127743338,29.497741775222348,double,-1.265479445404527
2274.144,15.0,30.68007062429661,29.41949960177519,29.523168453294247,double,-1.2605710225214228
2274.626,15.0,30.701328543830435,29.444612511003864,29.54861010506793,double,-1.2567160328265714
2275.109,15.0,30.721342893704033,29.469809834315008,29.574118266685524,double,-1.2515330593890261
2275.591,15.0,30.741993025208732,29.49498600917918,29.59958602497909,double,-1.2470070160295499
2276.073,15.0,30.764722715831645,29.52019194574962,29.625064893119006,double,-1.2445307700820252
2276.555,15.0,30.785930435244126,29.545426417305443,29.65055358823442,double,-1.2405040179386817
2277.037,15.0,30.80852472079676,29.57068819569076,29.676050829659843,double,-1.2378365251060008
2277.519,15.0,30.830385672216515,29.59597605137484,29.701555339000805,double,-1.2344096208416755
2278.001,15.0,30.852136870240578,29.62128875351188,29.727065840198552,double,-1.2308481167286944
2278.483,15.0,30.873065106578935,29.646625070000944,29.752581059594586,double,-1.2264400365779915
2278.966,15.0,30.893949934561544,29.672036401360753,29.77815267198798,double,-1.2219135332007913
2279.448,15.0,30.914722977203873,29.697416288120127,29.803673519925265,double,-1.217306689083747
2279.93,15.0,30.935922173061897,29.722816083434942,29.82919527749447,double,-1.213106089626953
2280.412,15.0,30.955576140592484,29.74823455078314,29.854716681272386,double,-1.2073415898093465
2280.894,15.0,30.976388563927504,29.773670452688535,29.88023647054717,double,-1.2027181112389707
2281.376,15.0,30.997047471159778,29.799122550780975,29.905753387378525,double,-1.1979249203788012
2281.858,15.0,31.01650886354627,29.824589605857156,29.931266176657644,double,-1.1919192576891169
2282.34,15.0,31.03611941225493,29.850070377940476,29.956773586165543,double,-1.186049034314457
2282.823,15.0,31.05551627365851,29.875616529006905,29.98232726505924,double,-1.179899744651608
2283.305,15.0,31.07495362720792,29.901121034403786,30.007820152586685,double,-1.1738325928041304
2283.787,15.0,31.094418397988576,29.92663553026789,30.033303919029507,double,-1.1677828677206847
2284.269,15.0,31.11200567024765,29.952158774134606,30.05877732431109,double,-1.1598468961130426
2284.751,15.0,31.129440208255545,29.97768952306891,30.084239131529024,double,-1.151750685186631
2285.233,15.0,31.145909758418345,30.003226533726203,30.109688107010268,double,-1.1426832246921426
2285.715,15.0,31.161778903981098,30.02876856241292,30.135123020365363,double,-1.1330103415681747
2286.197,15.0,31.17854848366256,30.054314365146983,30.160542644541476,double,-1.1242341185155769
2286.679,15.0,31.19341293880666,30.079862697718706,30.185945755875743,double,-1.1135502410879516
2287.162,15.0,31.20731658589635,30.105465323730634,30.211383781628676,double,-1.101851262165715
2287.644,15.0,31.223490688248457,30.131014981532616,30.23675016953161,double,-1.0924757067158397
2288.126,15.0,31.238903708715643,30.156563433201843,30.26209639194648,double,-1.082340275513799
2288.608,15.0,31.25268715344817,30.182109434224923,30.287421239291167,double,-1.070577719223248
2289.09,15.0,31.26932751099191,30.20765174016427,30.31272350562736,double,-1.0616757708276414
2289.572,15.0,31.2848825209727,30.23318910671915,30.33800198870925,double,-1.0516934142535517
2290.054,15.0,31.30090850328638,30.258720289785977,30.363255490031715,double,-1.0421882135004001
2290.536,15.0,31.317920210946404,30.284244045519337,30.38848281487776,double,-1.0336761654270665
2291.019,15.0,31.332117580367978,30.30981205637749,30.413735025162396,double,-1.022305523990491
2291.5,15.0,31.347633558593273,30.33526430125837,30.438854175493535,double,-1.0123692573349052
2291.983,15.0,31.362061815436242,30.360811195096048,30.46404797058948,double,-1.0012506203401939
2292.465,15.0,31.37671454841935,30.386292783311543,30.489158654382003,double,-0.9904217651078073
2292.947,15.0,31.392348923677716,30.411760728385595,30.514237244116714,double,-0.9805881952921203
2293.429,15.0,31.40654865625634,30.43721378929653,30.539282568773807,double,-0.969334866959809
2293.911,15.0,31.421422047465764,30.46265072570516,30.564293461435565,double,-0.9587713217606042
2294.393,15.0,31.43609164852957,30.488070298015668,30.589268759328686,double,-0.9480213505139001
2294.875,15.0,31.450241707752944,30.513471267435904,30.614207303865758,double,-0.9367704403170418
2295.357,15.0,31.464666988833944,30.538852396037804,30.639107940686273,double,-0.9258145927961425
2295.84,15.0,31.479462098536647,30.564265038263283,30.664021058340314,double,-0.915197060273365
2296.322,15.0,31.494175823047716,30.589602727624964,30.688842349156726,double,-0.9045730954227504
2296.804,15.0,31.509383968975513,30.614916865612425,30.71362229257285,double,-0.8944671033630891
2297.286,15.0,31.525068740667294,30.64020621836058,30.738359751541694,double,-0.8848625223067175
2297.768,15.0,31.540813285734536,30.665469553170478,30.76305359343865,double,-0.8753437325640601
2298.25,15.0,31.55640138449781,30.690705638569206,30.787702690098495,double,-0.8656957459286074
2298.732,15.0,31.570589858860238,30.715913244370252,30.81230591785195,double,-0.8546766144899853
2299.214,15.0,31.585221655348246,30.741091141733477,30.83686215756164,double,-0.8441305136147659
2299.697,15.0,31.599190244024562,30.766290242336154,30.861421090641883,double,-0.832900001688408
2300.179,15.0,31.613133770887735,30.791404973989962,30.885879911904723,double,-0.8217287968977749
2300.661,15.0,31.628369345401847,30.816486316825277,30.91028841296556,double,-0.811883028576571
2301.143,15.0,31.64174021740407,30.841533047990332,30.934645493171786,double,-0.8002071694137358
2301.625,15.0,31.654425424354216,30.8665439462794,30.958950056573464,double,-0.7878814780748145
2302.107,15.0,31.666794183282317,30.89151779219218,30.983201011955558,double,-0.775276391090135
2302.589,15.0,31.67763113253401,30.91645336799361,31.00739727286979,double,-0.7611777645403994
2303.071,15.0,31.687969862839406,30.94134945777324,31.031537757665717,double,-0.7466204050661673
2303.553,15.0,31.698059175013533,30.966204847504592,31.05562138952121,double,-0.7318543275089406
2304.036,15.0,31.706444126275535,30.99106976094128,31.079696881383846,double,-0.7153743653342537
2304.518,15.0,31.714378203495684,31.015840025607595,31.103663472859346,double,-0.6985381778880917
2305.0,15.0,31.722432203646356,31.040565957539044,31.127570007997207,double,-0.68186624610731
2305.482,15.0,31.728807704559493,31.065246350841825,31.151415429593253,double,-0.6635613537176677
2305.964,15.0,31.73693791874495,31.089880001802044,31.175198685416323,double,-0.6470579169429058
2306.446,15.0,31.745721014998363,31.114465708944252,31.198918728234826,double,-0.6312553060541126
2306.928,15.0,31.75332689103234,31.139002273090533,31.22257451584398,double,-0.6143246179418083
2307.41,15.0,31.763510266899463,31.163488497418633,31.24616501109126,double,-0.6000217694808296
2307.893,15.0,31.77162622459488,31.187973827501736,31.269737917578627,double,-0.5836523970931429
2308.375,15.0,31.782646388349555,31.212355680815573,31.293194596185035,double,-0.5702907075339825
2308.857,15.0,31.793979421997044,31.236683616099718,31.316582899425395,double,-0.5572958058973232
2309.339,15.0,31.805993041947488,31.260956446545034,31.33990181061801,double,-0.5450365954024539
2309.821,15.0,31.818679673502757,31.28517298798956,31.363150318256004,double,-0.5335066855131965
2310.303,15.0,31.832534075747677,31.309332058976647,31.386327416030007,double,-0.5232020167710294
2310.785,15.0,31.847227964786,31.33343248081266,31.40943210285102,double,-0.5137954839733394
2311.267,15.0,31.862616875679926,31.357473077624533,31.432463382871585,double,-0.5051437980553963
2311.75,15.0,31.87849125400331,31.38150236240298,31.455467815874687,double,-0.49698889160033066
2312.232,15.0,31.89407238653137,31.405419662923773,31.47834915841013,double,-0.4886527236075966
2312.714,15.0,31.908903772071874,31.429273625881315,31.50115413623774,double,-0.4796301461905572
2313.196,15.0,31.923398966115755,31.453063087264976,31.5238817746971,double,-0.47033587885078054
2313.678,15.0,31.936931266341258,31.476786886171137,31.546531104471466,double,-0.4601443801701188
2314.16,15.0,31.95060923236715,31.50044386485959,31.56910116160646,double,-0.4501653675075601
2314.642,15.0,31.964444409785493,31.52403286881048,31.591590987528722,double,-0.4404115409750109
2315.124,15.0,31.97731643943359,31.547552746780706,31.613999629063706,double,-0.4297636926528847
2315.606,15.0,31.987073976274516,31.571002350860077,31.636326138452986,double,-0.4160716254144381
2316.089,15.0,31.996748440366947,31.594428963956144,31.658615634570186,double,-0.4023194764108007
2316.571,15.0,32.004658087719555,31.61773443841402,31.680774882875053,double,-0.38692364930553724
2317.053,15.0,32.0121098869935,31.640966213453137,31.70284918649774,double,-0.3711436735403639
2317.535,15.0,32.01839559879955,31.664123155062697,31.72483761952162,double,-0.35427244373685274
2318.017,15.0,32.02289583289601,31.68720413284444,31.746739261527008,double,-0.3356917000515769
2318.499,15.0,32.02746648892292,31.710208020067444,31.7685531976056,double,-0.3172584688554747
2318.981,15.0,32.032193156836755,31.73313369372362,31.790278518374937,double,-0.2990594631131327
2319.463,15.0,32.037530860635925,31.75598003458251,31.811914319992297,double,-0.2815508260534172
2319.946,15.0,32.043106440287055,31.77879307499133,31.83350430952656,double,-0.26431336529572635
2320.427,15.0,32.05050506408724,31.801430260203833,31.85491377817968,double,-0.24907480388340342
2320.91,15.0,32.05712493862764,31.824078730609834,31.876319877677204,double,-0.23304620801780085
2321.392,15.0,32.06584853583767,31.84659645049973,31.89758848149578,double,-0.21925208533793428
2321.874,15.0,32.077635505538346,31.86902929773927,31.91876312869104,double,-0.20860620779907246
2322.356,15.0,32.088777193091175,31.89137617691651,31.93984294893919,double,-0.19740101617466976
2322.838,15.0,32.10286524642519,31.91363599677671,31.96082707754208,double,-0.18922924964848153
2323.32,15.0,32.11727064456453,31.935807670275896,31.98171465543784,double,-0.181462974288632
2323.802,15.0,32.134237248092695,31.957890114633948,32.00250482921111,double,-0.17634713345874853
2324.284,15.0,32.152325966865064,31.979882251387835,32.023196751103214,double,-0.17244371547722737
2324.767,15.0,32.17130953370297,32.001828347961506,32.04383219914174,double,-0.16948118574146576
2325.249,15.0,32.19060637861853,32.023636458732575,32.06432488847878,double,-0.166969919885962
2325.731,15.0,32.21041547604698,32.045351050733615,32.084716814973824,double,-0.16506442531336596
2326.213,15.0,32.23147232171186,32.06697106330475,32.10500715359812,double,-0.1645012584071126
2326.695,15.0,32.25260419306084,32.08849544036505,32.12519508502365,double,-0.16410875269579073
2327.177,15.0,32.272928664454305,32.10992313046449,32.145279795631154,double,-0.16300553398981843
2327.659,15.0,32.2949130788774,32.13125308683517,32.16526047751741,double,-0.16365999204222548
2328.141,15.0,32.31501037941538,32.152484267442695,32.185136328502246,double,-0.16252611197268285
2328.624,15.0,32.33528996178771,32.173659371576576,32.20494745884839,double,-0.1616305902111259
2329.106,15.0,32.35387639268163,32.19468968345118,32.22461104281463,double,-0.1591867092304411
2329.588,15.0,32.370751549260646,32.21561812024333,32.24416742212247,double,-0.15513342901731786
2330.07,15.0,32.38618092893908,32.236443659371396,32.26361581756164,double,-0.14973726956769018
2330.552,15.0,32.40082324259062,32.257165283240056,32.28295545567579,double,-0.14365795935055714
2331.034,15.0,32.411400871564226,32.27778197929068,32.302185568768124,double,-0.1336188922735404
2331.516,15.0,32.42161176932334,32.29829274005052,32.321305394906055,double,-0.12331902927282257
2331.998,15.0,32.43045708929099,32.31869656318243,32.340314177926146,double,-0.11176052610855636
2332.48,15.0,32.43531876489216,32.338992451533805,32.35921116743832,double,-0.09632631335835251
2332.963,15.0,32.440978458924924,32.35922118093434,32.3780344732242,double,-0.08175727799058508
2333.445,15.0,32.444290727191685,32.379298000191376,32.39670541188556,double,-0.064992727000307
2333.927,15.0,32.44543595077142,32.39926392277487,32.41526233903408,double,-0.0461720279965494
2334.409,15.0,32.44350329100501,32.41911797276813,32.433704527423735,double,-0.024385318236880282
2334.891,15.0,32.44149315374948,32.438859179680925,32.452031255599664,double,-0.002633974068549927
2335.373,15.0,32.43762508514901,32.45848657849739,32.470241807901324,double,0.020861493348384164
2335.855,15.0,32.435331395182374,32.477999209722995,32.48833547446459,double,0.042667814540620075
2336.337,15.0,32.43198264935065,32.49739611943181,32.506311551224364,double,0.06541347008116039
2336.82,15.0,32.42860320520564,32.51671623787827,32.524206265829385,double,0.08811303267262649
2337.302,15.0,32.42728293264421,32.53587862029859,32.54194482642945,double,0.10859568765437255
2337.784,15.0,32.42579642496497,32.5549224513645,32.55956371842528,double,0.12912602639952864
2338.266,15.0,32.428270253396555,32.57384679990151,32.5770622609779,double,0.14557654650494967
2338.748,15.0,32.429626779238404,32.592650740535035,32.5944397790553,double,0.16302396129662666
2339.23,15.0,32.431674953965874,32.611333353735795,32.6116956034334,double,0.17965839976992193
2339.712,15.0,32.43637803186961,32.6298937258649,32.62882907069675,double,0.19351569399528867
2340.194,15.0,32.442408420172775,32.64833094921878,32.64583952323916,double,0.20592252904600983
2340.677,15.0,32.45008889596912,32.66668198663577,32.66276121508969,double,0.21659309066665577
2341.159,15.0,32.45692680579721,32.68486995314057,32.67952343003252,double,0.2279431473433624
2341.641,15.0,32.46566530264016,32.70293208197569,32.69616069097121,double,0.23726677933552653
2342.123,15.0,32.47600783773066,32.720867489633996,32.712672363549835,double,0.2448596519033286
2342.605,15.0,32.485082891534894,32.73867529876342,32.72905781922138,double,0.2535924072285256
2343.087,15.0,32.49597752329442,32.75635463821048,32.74531643524736,double,0.2603771149160605
2343.569,15.0,32.50859534129321,32.77390464306245,32.76144759469682,double,0.2653093017692454
2344.051,15.0,32.52206291379498,32.7913244546904,32.7774506864456,double,0.26926154089541576
2344.533,15.0,32.53451822094737,32.808613220790996,32.793325105175164,double,0.27409499984362706
2345.016,15.0,32.54818780350475,32.825805552919974,32.80910278285853,double,0.277617749415221
2345.498,15.0,32.56009576511968,32.84282942032437,32.824717792765036,double,0.2827336552046922
2345.98,15.0,32.572924501747245,32.85971972194159,32.840202347303716,double,0.28679522019434134
2346.462,15.0,32.58436572683471,32.876475631200286,32.855555864376626,double,0.2921099043655728
2346.944,15.0,32.59309384201926,32.893096328061326,32.870777767683904,double,0.3000024860420669
2347.426,15.0,32.60264980332678,32.909580999057965,32.88586748672168,double,0.306931195731186
2347.908,15.0,32.610339197675046,32.92592883733562,32.900824456779944,double,0.3155896396605684
2348.39,15.0,32.6170098279592,32.942139042691906,32.915648118940446,double,0.32512921473271117
2348.873,15.0,32.623288598411214,32.958244021114616,32.93036825731136,double,0.33495542270339795
2349.354,15.0,32.63106603202533,32.97414338732618,32.944893312839504,double,0.3430773553008526
2349.837,15.0,32.638312363266095,32.98996857842492,32.9593435329571,double,0.3516562151588243
2350.319,15.0,32.647546328293906,33.00562009163567,32.97362820845042,double,0.35807376334175967
2350.801,15.0,32.65718056653944,33.02113007047553,32.98777686715112,double,0.36394950393609515
2351.283,15.0,32.666130319847156,33.03649775548311,33.001788984850236,double,0.37036743563595986
2351.765,15.0,32.67620537038411,33.0517223941176,33.01566404311195,double,0.3755170237334904
2352.247,15.0,32.68294199760527,33.06680324079586,33.029401529270416,double,0.38386124319059745
2352.729,15.0,32.69100362881469,33.081739556928916,33.043000936426616,double,0.390735928114222
2353.211,15.0,32.69708603046602,33.09653061095856,33.05646176344525,double,0.3994445804925417
2353.694,15.0,32.70232914319127,33.11120591009907,33.06981100853078,double,0.40887676690780084
2354.176,15.0,32.70808994920705,33.12570396844358,33.082992904847096,double,0.4176140192365341
2354.658,15.0,32.712163235976185,33.140054611086036,33.096034751170336,double,0.4278913751098512
2355.14,15.0,32.717727342317566,33.15425713496236,33.10893606939773,double,0.43652979264479086
2355.622,15.0,32.72453410438957,33.168310844215696,33.12169638717298,double,0.4437767398261294
2356.104,15.0,32.7319555347708,33.182215050230866,33.134315237882426,double,0.4502595154600719
2356.586,15.0,32.740174657523355,33.19596907166803,33.14679216065135,double,0.45579441414467237
2357.068,15.0,32.74870896372014,33.20957223449661,33.15912670034037,double,0.46086327077646816
2357.551,15.0,32.757037448720645,33.2230516220211,33.17134355275708,double,0.4660141733004608
2358.033,15.0,32.7647764167437,33.23635075852634,33.18339168607902,double,0.47157434178264346
2358.515,15.0,32.7690548510222,33.24949705717082,33.19529610437304,double,0.48044220614862354
2358.997,15.0,32.770790576314944,33.26248987350402,33.207056375413885,double,0.49169929718907435
2359.479,15.0,32.77234066072691,33.27532857054722,33.2186720726921,double,0.5029879098203016
2359.961,15.0,32.7712127114186,33.288012518824516,33.23014277540991,double,0.516799807405921
2360.443,15.0,32.768529361599604,33.300541096394156,33.24146806847727,double,0.5320117347945519
2360.925,15.0,32.76470273291015,33.31291368887908,33.25264754250766,double,0.5482109559689252
2361.407,15.0,32.7610366350863,33.32512968949729,33.263680793814345,double,0.5640930544109912
2361.89,15.0,32.75897463725538,33.33721335355767,33.27458985809136,double,0.5782387163022928
2362.372,15.0,32.75880387956603,33.34911405266679,33.285329170257455,double,0.5903101731007665
2362.854,15.0,32.760022036681,33.360856384227716,33.29592108199917,double,0.6008343475467137
2363.336,15.0,32.763716598090646,33.37243977215037,33.30636521239857,double,0.6087231740597221
2363.818,15.0,32.7703353439507,33.38386364808571,33.316661186216564,double,0.6135283041350137
2364.3,15.0,32.77859684458777,33.39512745145391,33.32680863388893,double,0.6165306068661447
2364.782,15.0,32.78787974246622,33.406230629471835,33.336807191521956,double,0.6183508870056198
2365.264,15.0,32.796420298791425,33.41717263718072,33.34665650088857,double,0.6207523383892966
2365.747,15.0,32.805147129865354,33.42797513477818,33.35637617754943,double,0.6228280049128232
2366.229,15.0,32.81399078252386,33.43859286128802,33.365925626895574,double,0.6246020787641582
2366.711,15.0,32.82236817850121,33.44904782875122,33.37532478654956,double,0.6266796502500116
2367.193,15.0,32.831782058095705,33.45933952378751,33.384573320920715,double,0.6275574656918081
2367.675,15.0,32.84074108477586,33.469467440971684,33.39367090006438,double,0.6287263561958301
2368.157,15.0,32.84932322218408,33.47943108285858,33.402617199677756,double,0.6301078606744948
2368.639,15.0,32.86103410612281,33.48922996000777,33.41141190109593,double,0.6281958538849608
2369.121,15.0,32.87292749845165,33.49886359100766,33.42005469128787,double,0.625936092556012
2369.604,15.0,32.886004628453676,33.508350972880216,33.42856271970487,double,0.6223463444265442
2370.086,15.0,32.89921944210622,33.517652354321356,33.43690045412424,double,0.6184329122151389
2370.568,15.0,32.91068176985624,33.526787092848245,33.445085371378916,double,0.6161053229919999
2371.05,15.0,32.922946280709716,33.53575473941617,33.453117180945235,double,0.6128084587064542
2371.532,15.0,32.93217720087354,33.544554853124794,33.46099559791398,double,0.6123776522512614
2372.014,15.0,32.93997696029916,33.55318700123971,33.46872034298624,double,0.6132100409405539
2372.496,15.0,32.94602091114251,33.56165075921415,33.47629114246987,double,0.615629848071636
2372.978,15.0,32.95103525057724,33.569945710709995,33.48370772827578,double,0.6189104601327489
2373.46,15.0,32.954995078024915,33.57807144761825,33.490969837913994,double,0.6230763695933395
2373.943,15.0,32.95957056821604,33.58604389997104,33.498091799065165,double,0.6264733317550064
2374.425,15.0,32.96308710763761,33.593829663284716,33.50504386947608,double,0.6307425556471014
2374.907,15.0,32.966202305400785,33.60144503647396,33.51184070930581,double,0.6352427310731823
2375.389,15.0,32.97152272774784,33.60888964456292,33.518482078437586,double,0.6373669168150853
2375.871,15.0,32.97831888677706,33.61616312090244,33.52496774233661,double,0.6378442341253843
2376.353,15.0,32.98731474870748,33.623265107188175,33.53129747204631,double,0.6359503584806914
2376.835,15.0,32.99805804536943,33.63019525347857,33.53747104418536,double,0.6321372081091348
2377.317,15.0,33.01107789723312,33.63695321821222,33.54348824094438,double,0.6258753209790968
2377.799,15.0,33.02390846451394,33.64353866822489,33.54934885008271,double,0.6196302037109525
2378.281,15.0,33.039350203610915,33.649951278766174,33.555052664925476,double,0.6106010751552593
2378.764,15.0,33.054579037430315,33.65620349823263,33.56061082895173,double,0.6016244608023136
2379.246,15.0,33.069647122277104,33.66226912911841,33.56600013110462,double,0.592622006841298
2379.728,15.0,33.084896186940874,33.66816099631198,33.57123205191325,double,0.583264809371109
2380.21,15.0,33.09913058925253,33.673878808893754,33.57630640694771,double,0.574748219641219
2380.692,15.0,33.11377861039016,33.679422284434764,33.58122301732937,double,0.5656436740446025
2381.174,15.0,33.1287357470511,33.68479114901103,33.585981709728415,double,0.5560554019599317
2381.656,15.0,33.14263066785401,33.689985137217185,33.59058231636123,double,0.5473544693631816
2382.138,15.0,33.156674784048775,33.69500399217975,33.595024674987826,double,0.5383292081309776
2382.621,15.0,33.17091779542909,33.69985733179374,33.59931735201378,double,0.5289395363646476
2383.103,15.0,33.18462302547662,33.70452481923763,33.603442420963646,double,0.5199017937610184
2383.585,15.0,33.19624213518741,33.709016453665356,33.607408788129725,double,0.5127743184779432
2384.067,15.0,33.20778567371102,33.71333201247373,33.61121631343514,double,0.5055463387627079
2384.549,15.0,33.218535114888084,33.71747128165195,33.61486486233572,double,0.4989361667638692
2385.031,15.0,33.22833107942748,33.72143405579217,33.61835430581762,double,0.493102976364701
2385.513,15.0,33.236425578575016,33.725220138100156,33.62168452039595,double,0.48879455952514084
2385.995,15.0,33.24406073698031,33.72882934040495,33.62485538811251,double,0.4847686034246401
2386.478,15.0,33.251037843479445,33.73226841962396,33.62787287843724,double,0.4812305761445146
2386.96,15.0,33.25531813595998,33.73552296408104,33.630724389497615,double,0.48020482812106136
2387.442,15.0,33.260775187491994,33.73860011552857,33.63341623276213,double,0.47782492803657983
2387.924,15.0,33.26310437752637,33.74149972039847,33.635948312375575,double,0.47839534287210106
2388.406,15.0,33.265940462153736,33.74422163378969,33.63832053800209,double,0.4782811716359525
2388.888,15.0,33.26637964405887,33.74676571947561,33.64053282482394,double,0.48038607541673883
2389.37,15.0,33.26697361983803,33.74913184991088,33.642585093540234,double,0.4821582300728544
2389.852,15.0,33.26671075873681,33.751319906238244,33.64447727036609,double,0.4846091475014358
2390.334,15.0,33.266442503220574,33.75332977829446,33.64620928703146,double,0.4868872750738884
2390.817,15.0,33.264909682133506,33.75516497919469,33.64778417517162,double,0.49025529706118176
2391.299,15.0,33.262417294501795,33.75681781685378,33.64919535617481,double,0.4944005223519843
2391.781,15.0,33.260143320343644,33.75829219180704,33.650446205187855,double,0.49814887146339415
2392.263,15.0,33.256497790804765,33.75958802873903,33.6515366760046,double,0.5030902379342672
2392.745,15.0,33.25387489807344,33.76070526105298,33.652466727930666,double,0.5068303629795379
2393.227,15.0,33.250397583694834,33.76164383087422,33.65323632578295,double,0.5112462471793866
2393.709,15.0,33.24663478124768,33.76240368905354,33.653845439889565,double,0.5157689078058691
2394.191,15.0,33.2426590564929,33.762984795169835,33.65429404608958,double,0.5203257386769411
2394.674,15.0,33.23854839004331,33.763387766363664,33.65458255653181,double,0.5248393763203518
2395.156,15.0,33.23593265577594,33.763610911028316,33.65470976340001,double,0.5276782552523784
2395.638,15.0,33.232520653169004,33.76365523473628,33.65467642293479,double,0.5311345815672719
2396.12,15.0,33.23030772408619,33.763520732016204,33.654482533031256,double,0.5332130079300168
2396.602,15.0,33.22670474176239,33.76320740613221,33.65412809709616,double,0.5365026643698201
2397.084,15.0,33.22270555107981,33.762715269084296,33.65361312404872,double,0.540009718004486
2397.566,15.0,33.21801607274126,33.7620443416079,33.65293762832082,double,0.544028268866642
2398.048,15.0,33.21329259358461,33.76119465317325,33.65210162985783,double,0.5479020595886341
2398.531,15.0,33.20902193864984,33.76016392260065,33.65110291994738,double,0.5511419839508092
2399.012,15.0,33.20382595963073,33.75895915497789,33.6499482320806,double,0.5551331953471572
2399.495,15.0,33.19827552057723,33.75757038727713,33.64862800046115,double,0.5592948666998943
2399.977,15.0,33.192004683130584,33.75600575398822,33.64714996814531,double,0.5640010708576393
2400.459,15.0,33.18667612681447,33.75426263822339,33.6455116156587,double,0.5675865114089185
2400.941,15.0,33.17951136935569,33.752341121842484,33.64371299605887,double,0.5728297524867976
2401.423,15.0,33.173118608861195,33.7502412954237,33.64175416792436,double,0.5771226865625034
2401.905,15.0,33.16642849938602,33.7479632582595,33.639635195356185,double,0.5815347588734809
2402.387,15.0,33.15878351914939,33.74550711835209,33.63735614797944,double,0.5867235992026987
2402.869,15.0,33.151592208234234,33.74287299240846,33.634917100944826,double,0.5912807841742251
2403.352,15.0,33.14420798186453,33.740054987044154,33.63231257670865,double,0.5958470051796227
2403.834,15.0,33.13734677802592,33.73706490535967,33.62955344641281,double,0.5997181273337426
2404.316,15.0,33.12864247012522,33.73389724023881,33.62663457528009,double,0.6052547701135891
2404.798,15.0,33.1203979289886,33.730552143168346,33.62355606059435,double,0.6101542141797422
2405.28,15.0,33.11117276182105,33.7270297743087,33.620318005174866,double,0.6158570124876472
2405.762,15.0,33.102878411887794,33.72333030248686,33.61692051737879,double,0.6204518905990664
2406.244,15.0,33.09475188010096,33.71945390518826,33.613363711103425,double,0.6247020250873037
2406.726,15.0,33.0862923279066,33.715400768548406,33.60964770578851,double,0.6291084406418124
2407.208,15.0,33.078222871081834,33.71117108734437,33.605772626418954,double,0.6329482162625355
2407.691,15.0,33.071795570594425,33.706755740699734,33.60173006905742,double,0.6349601701053087
2408.173,15.0,33.06478717539674,33.702173224031064,33.597536909396005,double,0.6373860486343252
2408.655,15.0,33.0569783982403,33.697414799350724,33.59318508423128,double,0.6404364011104224
2409.137,15.0,33.04996243725436,33.6924806959235,33.58867474076703,double,0.6425182586691391
2409.619,15.0,33.04280692365136,33.68737115160549,33.584006031766066,double,0.6445642279541253
2410.101,15.0,33.036175024889104,33.68208641283289,33.57917911555326,double,0.6459113879437872
2410.583,15.0,33.02935978229329,33.67662673461032,33.574194156018734,double,0.6472669523170382
2411.065,15.0,33.02030478721289,33.670992380498745,33.56905132262106,double,0.650687593285848
2411.548,15.0,33.01307068488506,33.66517139013902,33.56373962963261,double,0.6521007052539662
2412.03,15.0,33.00545231176543,33.65918814814075,33.55828125256489,double,0.6537358363753187
2412.512,15.0,32.996847640115114,33.65303107275557,33.552665543845784,double,0.6561834326404559
2412.994,15.0,32.98791961577089,33.64670046165784,33.54689269525287,double,0.6587808458869415
2413.476,15.0,32.97807635306486,33.64019662101142,33.540962904149566,double,0.6621202679465643
2413.958,15.0,32.96885687207992,33.63351986545506,33.534876373488586,double,0.6646629933751369
2414.44,15.0,32.95963440172397,33.62667051808727,33.52863331181576,double,0.6670361163633065
2414.922,15.0,32.95028541205364,33.61964891045099,33.52223393327391,double,0.6693634983973573
2415.405,15.0,32.94053605944771,33.61244027971557,33.51566469492773,double,0.6719042202678605
2415.887,15.0,32.9294839282575,33.605074824278724,33.50895302433634,double,0.6755908960212276
2416.369,15.0,32.91707192571528,33.5975381544569,33.50208571341028,double,0.6804662287416163
2416.851,15.0,32.90612332772256,33.58983063542533,33.49506299873135,double,0.6837073077027744
2417.333,15.0,32.89343645370699,33.58195264072027,33.48788512249836,double,0.6885161870132828
2417.815,15.0,32.88113988768211,33.5739045522209,33.4805523325314,double,0.6927646645387919
2418.297,15.0,32.867844086509095,33.56568676013128,33.47306488227602,double,0.6978426736221843
2418.779,15.0,32.854966970862414,33.557299662961384,33.46542303080759,double,0.7023326920989725
2419.261,15.0,32.84281392433496,33.54874366750814,33.45762704283561,double,0.7059297431731781
2419.744,15.0,32.83144115047209,33.54000091341213,33.44966053548208,double,0.708559762940042
2420.226,15.0,32.81957809250768,33.53110802660607,33.44155677282944,double,0.7115299340983872
2420.708,15.0,32.806862451528815,33.522047512335085,33.433299702241456,double,0.7151850608062671
2421.19,15.0,32.794918747964246,33.51281981036121,33.424889611020625,double,0.7179010623969639
2421.672,15.0,32.78394549877221,33.50342536863155,33.416326792126206,double,0.7194798698593297
2422.154,15.0,32.77334771633315,33.49386464325676,33.40761154417879,double,0.7205169269236089
2422.636,15.0,32.761354211925216,33.484138098489154,33.39874417146497,double,0.7227838865639435
2423.118,15.0,32.75053436381924,33.4742462067002,33.389724983941996,double,0.7237118428809641
2423.601,15.0,32.739840020465,33.46416841267336,33.38053511366071,double,0.724328392208351
2424.083,15.0,32.72861331832121,33.45394693579936,33.37121293578879,double,0.7253336174781466
2424.565,15.0,32.71709622096354,33.44356157854315,33.36173990773567,double,0.7264653575796087
2425.047,15.0,32.704995420820964,33.433012845538435,33.35211636220083,double,0.7280174247174698
2425.529,15.0,32.693070528961314,33.422301249420336,33.342342637578504,double,0.7292307204590232
2426.011,15.0,32.68187604020108,33.411427310800754,33.33241907796232,double,0.7295512705996765
2426.493,15.0,32.669711524922484,33.40039155824324,33.32234603315035,double,0.7306800333207575
2426.975,15.0,32.65650269675786,33.38919452823747,33.312123858649834,double,0.7326918314796038
2427.458,15.0,32.64449791702482,33.37781303464986,33.30173124481228,double,0.7333151176250385
2427.939,15.0,32.63161470980468,33.36631882131485,33.29123357118796,double,0.7347041115101705
2428.422,15.0,32.620381433540146,33.35461686392824,33.2805439127374,double,0.7342354303880971
2428.904,15.0,32.608560683157904,33.342779917245565,33.26972858298028,double,0.734219234087663
2429.386,15.0,32.596182153043635,33.33078449473789,33.25876598768388,double,0.7346023416942571
2429.868,15.0,32.583457596437306,33.31863117991056,33.247656516725655,double,0.7351735834732587
2430.35,15.0,32.57005089074917,33.306320564005695,33.23640056572663,double,0.7362696732565288
2430.832,15.0,32.555671716316965,33.293853245973516,33.224998536056084,double,0.7381815296565508
2431.314,15.0,32.54307739740403,33.281229832443465,33.21345083483666,double,0.7381524350394297
2431.796,15.0,32.52984645134377,33.26845093769486,33.201757874949045,double,0.738604486351091
2432.279,15.0,32.51693487689033,33.2554901895722,33.18989536501869,double,0.7385553126818656
2432.761,15.0,32.50425101264825,33.242401886355786,33.177912850320894,double,0.7381508737075382
2433.243,15.0,32.49106953583462,33.229159991688604,33.16578635109208,double,0.7380904558539847
2433.725,15.0,32.477677419948286,33.21576515016425,33.15351630330511,double,0.7380877302159639
2434.207,15.0,32.465195130395244,33.202218013873896,33.141103148714876,double,0.7370228834786552
2434.689,15.0,32.4508926523641,33.18851924237462,33.12854733486279,double,0.7376265900105206
2435.171,15.0,32.437629719860304,33.17466950265763,33.11584931508143,double,0.7370397827973219
2435.653,15.0,32.4240757438061,33.16066946911583,33.10300954849911,double,0.736593725309731
2436.135,15.0,32.41132931655664,33.14651982351129,33.09002850004451,double,0.7351905069546527
2436.618,15.0,32.39697428897851,33.13219143553902,33.07687927063273,double,0.7352171465605073
2437.1,15.0,32.383163265585864,33.117744333610965,33.06361678579152,double,0.734581068025103
2437.582,15.0,32.36918308622394,33.10314971025633,33.05021444971666,double,0.7339666240323894
2438.064,15.0,32.35386802677406,33.08840827639469,33.036672750594086,double,0.7345402496206299
2438.546,15.0,32.33938346208601,33.073520750146066,33.02299218243165,double,0.734137288060055
2439.028,15.0,32.32375471715124,33.058487856795935,33.00917324506347,double,0.7347331396446999
2439.51,15.0,32.3093412120577,33.043310328760235,32.99521644415386,double,0.733969116702532
2439.992,15.0,32.29499107186658,33.02798890554976,32.98112229120138,double,0.73299783368318
2440.475,15.0,32.28035914240354,33.0124921012795,32.96686163679466,double,0.7321329588759584
2440.957,15.0,32.26555640385263,32.9968848398146,32.952494055352176,double,0.7313284359619754
2441.439,15.0,32.250058741891856,32.981135945501514,32.93799069250996,double,0.7310772036096591
2441.921,15.0,32.23468119746573,32.965246185882904,32.92335208315376,double,0.7305649884171761
2442.403,15.0,32.21988162204658,32.94921633541359,32.9085787680221,double,0.7293347133670081
2442.885,15.0,32.2059850616158,32.93304717542281,32.8936712937098,double,0.7270621138070088
2443.367,15.0,32.1918581503002,32.91673949407648,32.8786302126712,double,0.7248813437762847
2443.849,15.0,32.17716272902707,32.90029408633881,32.86345608322344,double,0.7231313573117459
2444.332,15.0,32.16321875273017,32.88367720898156,32.84811757576708,double,0.7204584562513938
2444.814,15.0,32.15011977729787,32.86695847880045,32.83267877483448,double,0.7168387015025757
2445.296,15.0,32.135710912798935,32.85010444922148,32.81710863685181,double,0.7143935364225473
2445.778,15.0,32.12362374881673,32.83311594202697,32.80140774362905,double,0.7094921932102372
2446.26,15.0,32.11014833128614,32.81599378560133,32.785576682853005,double,0.7058454543151849
2446.742,15.0,32.09586427567486,32.79873881489078,32.769616048089866,double,0.7028745392159197
2447.224,15.0,32.08268433945685,32.78135187136287,32.75352643878745,double,0.6986675319060276
2447.706,15.0,32.06870561628261,32.76383380296561,32.73730846027728,double,0.6951281866830028
2448.188,15.0,32.0565391036696,32.74618546408625,32.72096272377662,double,0.6896463604166514
2448.671,15.0,32.04359721289298,32.72837069829349,32.70445553856474,double,0.6847734854005028
2449.153,15.0,32.02917564100806,32.710464141380854,32.687855881453146,double,0.6812885003727953
2449.635,15.0,32.015232035413966,32.692429917185514,32.671130336645426,double,0.6771978817715518
2450.117,15.0,32.00040400154705,32.674268905446674,32.65427953893051,double,0.6738649038996292
2450.599,15.0,31.985497043337922,32.655981992131956,32.63730412899051,double,0.6704849487940312
2451.081,15.0,31.970016825730486,32.63757006939451,32.62020475340157,double,0.6675532436640319
2451.563,15.0,31.956220490328512,32.61903403552966,32.60298206463474,double,0.6628135452011463
2452.045,15.0,31.940912029747064,32.600374794931156,32.585636721056574,double,0.6594627651840879
2452.528,15.0,31.924711334448254,32.581554165711275,32.56813302130214,double,0.6568428312630215
2453.01,15.0,31.909796202689733,32.562650998131936,32.55054411578291,double,0.6528547954422037
2453.492,15.0,31.893940756565758,32.54362737506989,32.53283456733615,double,0.6496866185041306
2453.974,15.0,31.87925712519756,32.52448422488245,32.51500505792413,double,0.6452270996848863
2454.456,15.0,31.86290357036897,32.50522248180254,32.49705627540448,double,0.6423189114335703
2454.938,15.0,31.84637998585891,32.48584308589328,32.478988913529484,double,0.6394631000343709
2455.42,15.0,31.83030620461106,32.46634698300219,32.46080367194503,double,0.6360407783911337
2455.902,15.0,31.814109252113337,32.44673512471541,32.44250125618973,double,0.6326258726020717
2456.385,15.0,31.797861001745254,32.426967422972844,32.42404404368639,double,0.6291064212275876
2456.867,15.0,31.782890100164707,32.40712669620712,32.405509180382175,double,0.6242365960424157
2457.349,15.0,31.767872677412157,32.387173104785546,32.3868592963698,double,0.6193004273733926
2457.831,15.0,31.752689363892085,32.36710762279385,32.36809512075426,double,0.6144182589017722
2458.313,15.0,31.736913595229932,32.34693122982193,32.34921738852363,double,0.6100176345919972
2458.795,15.0,31.722050125041847,32.32664491091623,32.330226840546736,double,0.604594785874385
2459.277,15.0,31.70703127179177,32.30624965653172,32.31112422357014,double,0.5992183847399524
2459.759,15.0,31.690650422727153,32.2857464624837,32.29191029021487,double,0.5950960397565486
2460.241,15.0,31.675343972514796,32.265136329899505,32.272585798973076,double,0.5897923573847108
2460.724,15.0,31.659721354378483,32.244377176366825,32.25311108051464,double,0.5846558219883446
2461.206,15.0,31.643242089452812,32.223555974473314,32.23356754705694,double,0.5803138850205003
2461.688,15.0,31.627024652700857,32.20263087092295,32.21391576799311,double,0.5756062182220967
2462.17,15.0,31.610930097673055,32.18160288761135,32.19415652527158,double,0.5706727899382924
2462.652,15.0,31.593211542265028,32.160473051499736,32.17429060669026,double,0.5672615092347122
2463.134,15.0,31.575837747645753,32.13924239456476,32.154318805891194,double,0.5634046469190079
2463.616,15.0,31.558498082246828,32.11791195374862,32.13424192235518,double,0.5594138715017904
2464.098,15.0,31.540935972288292,32.096482770908196,32.1140607613958,double,0.5555467986199047
2464.581,15.0,31.523856990867515,32.074911130366424,32.09373394287732,double,0.5510541394989077
2465.062,15.0,31.50483684311244,32.05333237085217,32.07338885758799,double,0.5484955277397285
2465.545,15.0,31.488038171894928,32.031568102446315,32.05285714068605,double,0.5435299305513841
2466.027,15.0,31.47115905072696,32.00975427158802,32.03226683092756,double,0.53859522086106
2466.509,15.0,31.453420726820603,31.987846982144696,32.01157635931436,double,0.5344262553240942
2466.991,15.0,31.435638643794007,31.96584730439822,31.990786566027012,double,0.5302086606042145
2467.473,15.0,31.41954494404782,31.943756313184984,31.96989829702831,double,0.5242113691371619
2467.955,15.0,31.40234849168965,31.921575087843745,31.948912404054674,double,0.5192265961540932
2468.438,15.0,31.38499767618252,31.899258416146626,31.927785904659277,double,0.5142607399641064
2468.919,15.0,31.368547103903214,31.87694627432769,31.90665118194215,double,0.5083991704244728
2469.402,15.0,31.35405831985225,31.854454209987402,31.885333350786222,double,0.5003958901351524
2469.884,15.0,31.33874756156122,31.83192275270529,31.86396539998835,double,0.4931751911440685
2470.366,15.0,31.323898435670838,31.809306525963354,31.842504172006354,double,0.4854080902925162
2470.848,15.0,31.309401099583273,31.786606635010607,31.82095055302787,double,0.477205535427333
2471.33,15.0,31.29568680379098,31.76382418922559,31.799305434943026,double,0.4681373854346138
2471.812,15.0,31.28097247328031,31.74096030206231,31.77756971533273,double,0.4599878287819992
2472.294,15.0,31.265708771562238,31.718016090995892,31.755744297456435,double,0.45230731943365354
2472.776,15.0,31.24960368015765,31.694992677468157,31.733830090239724,double,0.4453889973105085
2473.259,15.0,31.235457112578512,31.671843178051024,31.711782270079958,double,0.43638606547251046
2473.741,15.0,31.219891355044897,31.648664581053044,31.689693054114315,double,0.4287732260081445
2474.223,15.0,31.204529562475376,31.62541017152628,31.66751781137537,double,0.4208806090509054
2474.705,15.0,31.18860347948923,31.6020810862386,31.645257473330023,double,0.4134776067493684
2475.187,15.0,31.171865626058143,31.578678465648824,31.622912977041693,double,0.40681283959068115
2475.669,15.0,31.154322293599858,31.555203453851778,31.60048526515535,double,0.4008811602519202
2476.151,15.0,31.138330863080093,31.531657198522055,31.57797528588169,double,0.3933263354419625
2476.633,15.0,31.122982505710283,31.508040850858098,31.555383992980968,double,0.3850583451478151
2477.115,15.0,31.106141275154116,31.484355565526336,31.532712345746607,double,0.37821429037221965
2477.598,15.0,31.09052179174629,31.460553150735304,31.509914025813845,double,0.37003135898901474
2478.08,15.0,31.073525527921834,31.436733330653823,31.487084408155557,double,0.36320780273198516
2478.562,15.0,31.058118914446258,31.412848059565967,31.46417734909905,double,0.35472914511970877
2479.044,15.0,31.042368420097993,31.388898505451067,31.441193829905796,double,0.34653008535307506
2479.526,15.0,31.025219432794938,31.364885839472638,31.418134837279965,double,0.3396664066777022
2480.008,15.0,31.009379160269905,31.340811235921745,31.395001363349284,double,0.3314320756518385
2480.49,15.0,30.994015647348476,31.316675872159184,31.371794405644703,double,0.3226602248107058
2480.972,15.0,30.978294823982104,31.292480928558387,31.34851496707998,double,0.3141861045762806
2481.455,15.0,30.96238180523198,31.26817721043424,31.325115536463844,double,0.30579540520225823
2481.937,15.0,30.947299702782793,31.24386654258088,31.301694021223035,double,0.29656683979808474
2482.419,15.0,30.931183726455565,31.21949985597793,31.278203068067196,double,0.28831612952236463
2482.901,15.0,30.91697073984519,31.195078342477178,31.25464370123689,double,0.2781076026319884
2483.383,15.0,30.903724873246958,31.170603196653406,31.231016950245117,double,0.2668783234064498
2483.865,15.0,30.889680026185566,31.14607561574608,31.207323849853587,double,0.2563955895605152
2484.347,15.0,30.874071923495716,31.121496799600912,31.183565440048543,double,0.2474248761051956
2484.829,15.0,30.85855802617546,31.09686795061132,31.159742766015963,double,0.23830992443585886
2485.312,15.0,30.8425479659004,31.072139025240265,31.135807257352887,double,0.229591059339862
2485.794,15.0,30.82560799125686,31.04741363009749,31.1118590832364,double,0.2218056388406331
2486.276,15.0,30.808541133303578,31.0226418265009,31.087849813598446,double,0.21410069319732217
2486.758,15.0,30.79097618492862,30.997824826451104,31.063780514175686,double,0.2068486415224835
2487.24,15.0,30.774732132167976,30.972963844201516,31.039652255772342,double,0.19823171203354195
2487.722,15.0,30.759503954420985,30.94806009619916,31.015466114231682,double,0.18855614177817337
2488.204,15.0,30.741685449436662,30.923114801025175,30.991223170407906,double,0.18142935158851348
2488.686,15.0,30.72378743484267,30.898129179335477,30.966924510136216,double,0.17434174449280637
2489.168,15.0,30.705399417968366,30.87310445380086,30.942571224203196,double,0.16770503583249385
2489.651,15.0,30.687192587971396,30.847989813417477,30.91811371688732,double,0.16079722544607988
2490.133,15.0,30.66976745661636,30.82289048120056,30.89365436401666,double,0.1531230245842008
2490.615,15.0,30.65268395947004,30.79775572719446,30.869143689543122,double,0.14507176772441954
2491.097,15.0,30.636419640673395,30.772586781535672,30.844582803757582,double,0.13616714086227555
2491.579,15.0,30.618040554703125,30.74738487607634,30.819972821743804,double,0.12934432137321483
2492.061,15.0,30.600386805389746,30.722151244323687,30.79531486334468,double,0.12176443893394118
2492.543,15.0,30.583434198656008,30.69688712137999,30.770610053128188,double,0.11345292272398333
2493.025,15.0,30.56687627661232,30.671593743882063,30.745859520352543,double,0.10471746726974374
2493.508,15.0,30.549726538376902,30.64621978766543,30.721012911209577,double,0.0964932492885262
2493.99,15.0,30.533074385866033,30.620871562541964,30.696174250715202,double,0.08779717667593001
2494.472,15.0,30.518236687954214,30.595497803954075,30.6712932855973,double,0.07726111599986041
2494.954,15.0,30.50419442212754,30.570099754075024,30.6463711635245,double,0.0659053319474856
2495.436,15.0,30.489391797778264,30.54467865630969,30.62140903667202,double,0.05528685853142257
2495.918,15.0,30.475043999528694,30.519235755233897,30.59640806168364,double,0.04419175570520295
2496.4,15.0,30.45982483865803,30.49377229653365,30.57136939963202,double,0.03394745787562159
2496.882,15.0,30.445359626781194,30.468289526944147,30.54629421597914,double,0.022929900162954597
2497.365,15.0,30.432117103892132,30.442735769986474,30.52113154805468,double,0.010618666094341922
2497.846,15.0,30.41712114785411,30.41727104691913,30.496038967419338,double,0.00014989906502171912
2498.329,15.0,30.40188189340573,30.391684845869648,30.47080898561334,double,-0.010197047536081305
2498.811,15.0,30.38573644830511,30.366137290528822,30.445599391748594,double,-0.019599157776289955
2499.293,15.0,30.369838175853907,30.34057667417562,30.42035917045499,double,-0.029261501678290447
2499.775,15.0,30.35457358491953,30.31500424856099,30.395089512663944,double,-0.03956933635854143
2500.257,15.0,30.339261161934406,30.289421260002435,30.369791607565,double,-0.04983990193196952
2500.739,15.0,30.32547121766299,30.26382892937425,30.344466623287268,double,-0.06164228828874352
2501.221,15.0,30.310246855558624,30.238228505087726,30.319115757928433,double,-0.07201835047089822
2501.703,15.0,30.295562432803045,30.212621240637116,30.29374021800925,double,-0.08294119216593066
2502.186,15.0,30.279274767103786,30.186955246280878,30.268288495396455,double,-0.09231952082290884
2502.668,15.0,30.262837530440823,30.161338055822164,30.242867196671707,double,-0.10149947461866038
2503.15,15.0,30.245608625465596,30.13571779041343,30.21742486883405,double,-0.10989083505216768
2503.632,15.0,30.22940735935983,30.110095704764007,30.19196273382001,double,-0.11931165459582171
2504.114,15.0,30.213246418003774,30.08447305373327,30.166482017294893,double,-0.1287733642705069
2504.596,15.0,30.19687362123666,30.0588510922696,30.14098394860259,double,-0.1380225289670578
2505.078,15.0,30.180636007458727,30.033231075348727,30.115469760714277,double,-0.14740493211000127
2505.56,15.0,30.164777337364683,30.00761425791258,30.08994069017642,double,-0.15716307945210506
2506.042,15.0,30.14737205013746,29.9820018948077,30.064397977058178,double,-0.16537015532976373
2506.525,15.0,30.13046721865804,29.956342121690437,30.03878983396896,double,-0.17412509696760337
2507.007,15.0,30.11416542638077,29.930742446850765,30.013223547882774,double,-0.1834229795300013
2507.489,15.0,30.098720143445178,29.905150992298346,29.987647362621146,double,-0.19356915114683293
2507.971,15.0,30.08362903251789,29.87956901188415,29.962062531811117,double,-0.20406002063373951
2508.453,15.0,30.067554466458635,29.853997759056817,29.936470312328712,double,-0.21355670740181854
2508.935,15.0,30.05244034654054,29.828438486801435,29.910871964242347,double,-0.22400185973910358
2509.417,15.0,30.03611048816861,29.802892447578287,29.8852687507553,double,-0.2332180405903217
2509.899,15.0,30.02042475543426,29.77736089326123,29.859661938147365,double,-0.24306386217303189
2510.382,15.0,30.003430730419606,29.751792154920036,29.833999663175604,double,-0.2516385754995687
2510.864,15.0,29.986327528332435,29.726293359927702,29.808389462307577,double,-0.2600341684047325
2511.346,15.0,29.970700666572903,29.700812803925842,29.78277948167435,double,-0.2698878626470613
2511.828,15.0,29.954965980499487,29.675351735829548,29.757170999272315,double,-0.2796142446699401
2512.31,15.0,29.940096696341328,29.649911403661577,29.731565295872763,double,-0.290185292679751
2512.792,15.0,29.924274046407064,29.624493054491097,29.705963654959806,double,-0.2997809919159655
2513.274,15.0,29.90925536659313,29.5990979343729,29.68036736266697,double,-0.3101574322202316
2513.756,15.0,29.894496878188836,29.57372728828617,29.65477770771356,double,-0.32076958990266413
2514.239,15.0,29.8804156512751,29.54832980483093,29.629142916357832,double,-0.33208584644416894
2514.721,15.0,29.865198485099555,29.52301189436346,29.603570432740895,double,-0.34218659073609325
2515.203,15.0,29.85009259819693,29.497722188376706,29.578008470178908,double,-0.35237040982022405
2515.685,15.0,29.834356680996006,29.47246192693587,29.552458327087088,double,-0.3618947540601325
2516.167,15.0,29.819493958352666,29.447232348726104,29.526921304136756,double,-0.37226160962656185
2516.649,15.0,29.804802584906408,29.422034690992184,29.501398704187686,double,-0.3827678939142265
2517.131,15.0,29.790552143292494,29.39687018947734,29.47589183221909,double,-0.39368195381515037
2517.613,15.0,29.77639885009197,29.371740078363334,29.450401995260574,double,-0.4046587717286332
2518.095,15.0,29.762533217358634,29.346645590209526,29.424930502321967,double,-0.41588762714910854
2518.578,15.0,29.748799223906307,29.321536008261905,29.399425881021056,double,-0.4272632156444023
2519.06,15.0,29.734411857149308,29.296516537202628,29.373995055585844,double,-0.4378953199466795
2519.542,15.0,29.72149337422384,29.271536378989175,29.348586515100152,double,-0.4499569952346627
2520.024,15.0,29.707510318641877,29.24659675908499,29.323201575784662,double,-0.46091355955688584
2520.506,15.0,29.69306365890884,29.221698901029807,29.297841555479593,double,-0.47136475787903365
2520.988,15.0,29.679390379626813,29.19684402638011,29.272507773571267,double,-0.4825463532467045
2521.47,15.0,29.66731167261902,29.172033354648764,29.24720155091687,double,-0.49527831797026023
2521.952,15.0,29.653511066311005,29.147268103245544,29.221924209769277,double,-0.5062429630654619
2522.435,15.0,29.63974039404081,29.122498253301554,29.196624726067693,double,-0.5172421407392547
2522.917,15.0,29.626554175831693,29.097827586603465,29.171409186687004,double,-0.5287265892282289
2523.399,15.0,29.61376594677415,29.0732059817571,29.14622650593426,double,-0.5405599650170512
2523.881,15.0,29.60146482467384,29.048634647158877,29.121078010880176,double,-0.5528301775149624
2524.363,15.0,29.58859487185151,29.024114788804457,29.09596502960423,double,-0.5644800830470531
2524.845,15.0,29.574765180567255,28.999647610229783,29.070888891115388,double,-0.5751175703374689
2525.327,15.0,29.562985157513356,28.975234312451814,29.04585092527203,double,-0.587750845061541
2525.809,15.0,29.551309866111797,28.950876093909883,29.020852462701836,double,-0.6004337722019137
2526.292,15.0,29.54042524092219,28.926523790762637,28.995843098780295,double,-0.6139014501595541
2526.773,15.0,29.528562500806917,28.902329675049675,28.97097937324833,double,-0.6262328257572392
2527.256,15.0,29.515226377711564,28.878093741948952,28.946055855291302,double,-0.6371326357626106
2527.738,15.0,29.5031735284184,28.85396789652774,28.92122881901349,double,-0.6492056318906592
2528.22,15.0,29.49062862843661,28.829903084273887,28.896447950585973,double,-0.6607255441627213
2528.702,15.0,29.47798513276768,28.805900486923754,28.871714583524987,double,-0.6720846458439289
2529.184,15.0,29.465565707315157,28.78196128322717,28.84703005153491,double,-0.6836044240879857
2529.666,15.0,29.453526032846554,28.758086648889215,28.822395688422585,double,-0.6954393839573414
2530.148,15.0,29.4410051114713,28.734277756512782,28.79781282801147,double,-0.706727354958514
2530.63,15.0,29.42782366273431,28.710535775540897,28.7732828040551,double,-0.717287887193413
2531.113,15.0,29.414645912530048,28.686812827791186,28.748756227604865,double,-0.7278330847388603
2531.595,15.0,29.402999258553912,28.663208309890702,28.724335993641454,double,-0.7397909486632104
2532.077,15.0,29.390382320987925,28.639674194594058,28.69997259886594,double,-0.7507081263938675
2532.559,15.0,29.376861090071767,28.61621163812542,28.675667375875165,double,-0.7606494519463436
2533.041,15.0,29.36468189237128,28.592821793263408,28.651421656754927,double,-0.7718600991078739
2533.523,15.0,29.352080845857987,28.569505809284724,28.62723677299036,double,-0.7825750365732631
2534.005,15.0,29.340716846651798,28.546264831907497,28.603114055375546,double,-0.7944520147443013
2534.487,15.0,29.327880121774662,28.52310000323508,28.579054833922633,double,-0.8047801185395831
2534.969,15.0,29.316451668151444,28.50001246170003,28.55506043777074,double,-0.8164392064514137
2535.452,15.0,29.305480339801765,28.476955687549594,28.53108262112396,double,-0.8285246522521716
2535.934,15.0,29.294611353030604,28.454026286843952,28.50722200041873,double,-0.8405850661866499
2536.416,15.0,29.281603160752322,28.431177568323886,28.483430189021576,double,-0.8504255924284387
2536.898,15.0,29.270416163601947,28.408410655172734,28.45970851165306,double,-0.8620055084292144
2537.38,15.0,29.260062997999768,28.38572666662512,28.436058291696597,double,-0.8743363313746477
2537.862,15.0,29.248546729830082,28.363126717911864,28.41248085110418,double,-0.8854200119182198
2538.344,15.0,29.238963311476358,28.34061192020495,28.38897751030161,double,-0.898351391271407
2538.826,15.0,29.227116295570806,28.31818338056335,28.365549588093963,double,-0.9089329150074543
2539.309,15.0,29.21618892381633,28.295795942459335,28.34215003580363,double,-0.9203929813569933
2539.791,15.0,29.206391615235084,28.273543408065272,28.31887706353575,double,-0.9328482071698119
2540.273,15.0,29.195651144555534,28.251380429956395,28.29568345831729,double,-0.944270714599138
2540.755,15.0,29.184870925470698,28.22930809818728,28.272570531505913,double,-0.9555628272834182
2541.237,15.0,29.173414082761628,28.207327498429112,28.24953959235681,double,-0.966086584332515
2541.719,15.0,29.16240153462531,28.185439711916203,28.226591947925282,double,-0.9769618227091048
2542.201,15.0,29.152726523357238,28.16364581539289,28.20372890296867,double,-0.989080707964346
2542.683,15.0,29.143933506702368,28.14194688106042,28.180951759848494,double,-1.0019866256419485
2543.166,15.0,29.133655757324266,28.120299257781245,28.158214835410867,double,-1.0133564995430222
2543.648,15.0,29.12442882259578,28.098793648538024,28.135613577926243,double,-1.0256351740577596
2544.13,15.0,29.113818081540067,28.07738619249601,28.11310211668381,double,-1.0364318890440538
2544.612,15.0,29.103736388134266,28.056077943149543,28.090681743467616,double,-1.0476584449847226
2545.094,15.0,29.093387049070657,28.034869949188252,28.068353747170015,double,-1.0585170998824056
2545.576,15.0,29.083362585376655,28.013763254445657,28.046119413691873,double,-1.0695993309309981
2546.058,15.0,29.075073111246812,27.99275889784768,28.023980025842,double,-1.0823142133991326
2546.54,15.0,29.066188351473325,27.97185791336162,28.001936863236963,double,-1.094330438111707
2547.022,15.0,29.057734493090276,27.951061329945116,27.97999120220005,double,-1.106673163145161
2547.505,15.0,29.0502836803266,27.930327354077445,27.958099093726553,double,-1.1199563262491552
2547.987,15.0,29.04177861643339,27.909742861274623,27.93635245999486,double,-1.1320357551587668
2548.469,15.0,29.03313045299219,27.88926582794894,27.914707138653448,double,-1.1438646250432505
2548.951,15.0,29.024556319637963,27.868897262504632,27.89316439183286,double,-1.1556590571333292
2549.433,15.0,29.017071057763143,27.848638168085404,27.871725477863368,double,-1.1684328896777396
2549.915,15.0,29.00830950350589,27.828489542525137,27.850391651172735,double,-1.1798199609807547
2550.397,15.0,29.000469240468174,27.808452378298433,27.82916416218407,double,-1.1920168621697425
2550.879,15.0,28.99136728159063,27.788527662472156,27.808044257213854,double,-1.2028396191184731
2551.362,15.0,28.983556280845363,27.76867539299175,27.786989700903007,double,-1.2148808878536144
2551.844,15.0,28.97689610573564,27.748978751659347,27.766088915611174,double,-1.227917354076291
2552.326,15.0,28.968526547742922,27.729397489002316,27.745299430175507,double,-1.2391290587406067
2552.808,15.0,28.961764484417007,27.70993256996007,27.724622473450438,double,-1.2518319144569356
2553.29,15.0,28.953407244991382,27.69058495382344,27.704059269670488,double,-1.262822291167942
2553.772,15.0,28.946463750453006,27.671355594187375,27.683611038347205,double,-1.2751081562656308
2554.254,15.0,28.939664970122337,27.652245438903876,27.663278994166458,double,-1.2874195312184589
2554.736,15.0,28.932068712036585,27.63325543003543,27.643064346885453,double,-1.2988132820011544
2555.219,15.0,28.924320810819072,27.614347483169873,27.622926732308105,double,-1.3099733276491998
2555.7,15.0,28.916696027568996,27.595639590566606,27.602992056790633,double,-1.321056437002388
2556.183,15.0,28.91075759313478,27.576977104203383,27.583095741059534,double,-1.3337804889313964
2556.665,15.0,28.905275762140747,27.5584772421194,27.563362931501455,double,-1.3467985200213473
2557.147,15.0,28.898346628138317,27.540102150188716,27.543753492547236,double,-1.3582444779495995
2557.629,15.0,28.891181965210823,27.52185273475774,27.524268602209634,double,-1.3693292304530813
2558.111,15.0,28.88431279290523,27.503729896063966,27.504909432852763,double,-1.3805828968412648
2558.593,15.0,28.877265417757087,27.485734528191628,27.48567715108927,double,-1.3915308895654566
2559.075,15.0,28.871150614212738,27.467867519027322,27.466572917677755,double,-1.4032830951854147
2559.557,15.0,28.864999869898856,27.450129750216583,27.44759788742064,double,-1.414870119682271
2560.04,15.0,28.85838090850843,27.432485702578212,27.42871424851273,double,-1.4258952059302166
2560.522,15.0,28.853988284813408,27.415009306879917,27.410001338628632,double,-1.4389789779334916
2561.004,15.0,28.84893320885932,27.397664760373097,27.391421061897326,double,-1.451268448486226
2561.486,15.0,28.842770616517328,27.380452919292498,27.372974548261595,double,-1.4623176972248297
2561.968,15.0,28.83640603343916,27.363374633416882,27.35466292119819,double,-1.4730314000222788
2562.45,15.0,28.83001689542015,27.346430746027174,27.33648729761628,double,-1.4835861493929792
2562.932,15.0,28.82383022660126,27.329622093864632,27.318448787756466,double,-1.4942081327366297
2563.414,15.0,28.818135965849915,27.312949507089566,27.300548495089867,double,-1.5051864587603492
2563.896,15.0,28.812256122722196,27.296413809240494,27.28278751621762,double,-1.5158423134817023
2564.379,15.0,28.805777320243692,27.279981940170607,27.26513053026096,double,-1.5257953800730861
2564.861,15.0,28.800285784114653,27.263722752312592,27.247651735458543,double,-1.5365630318020629
2565.343,15.0,28.794334144985324,27.247602885518386,27.230315504254875,double,-1.546731259466938
2565.825,15.0,28.78922324260692,27.231623136420634,27.213122904755217,double,-1.5576001061862854
2566.307,15.0,28.78518820985639,27.21578429482966,27.196074997695945,double,-1.5694039150267292
2566.789,15.0,28.77957243618261,27.200087143694407,27.179172836345877,double,-1.579485292488203
2567.271,15.0,28.774876911774683,27.18453245906378,27.16241746640804,double,-1.5903444527109012
2567.753,15.0,28.76931771409949,27.169121010048038,27.145809925921483,double,-1.6001967040514542
2568.236,15.0,28.764568724400835,27.15382203378112,27.129317253973294,double,-1.6107466906197188
2568.718,15.0,28.759559307611475,27.13869963647944,27.113008767380343,double,-1.6208596711320356
2569.2,15.0,28.754671425893395,27.12372274165832,27.09685117949629,double,-1.6309486842350784
2569.682,15.0,28.750084327042153,27.10889209028214,27.08084549671711,double,-1.641192236760014
2570.164,15.0,28.7454382537041,27.0942084161897,27.06499271729147,double,-1.6512298375144008
2570.646,15.0,28.74201065755181,27.079672446058105,27.04929383122555,double,-1.6623382114937024
2571.128,15.0,28.736511036683172,27.065284899366493,27.033749820188135,double,-1.6712261373166781
2571.61,15.0,28.73076698469611,27.05104648836062,27.018361657416527,double,-1.6797204963354906
2572.093,15.0,28.725200614132863,27.0369288448625,27.003098870983266,double,-1.6882717692703608
2572.575,15.0,28.71937574331377,27.022991125895672,26.988025618570482,double,-1.6963846174180952
2573.057,15.0,28.71407794972494,27.009204637024347,26.973111084568245,double,-1.7048733127005888
2573.539,15.0,28.709179014292634,26.99557006119567,26.95835620753797,double,-1.7136089530969623
2574.021,15.0,28.70397553378197,26.98208807395036,26.943761917146553,double,-1.7218874598316114
2574.503,15.0,28.698053545705314,26.968759343388992,26.929329134075473,double,-1.7292942023163227
2574.985,15.0,28.69471587124582,26.955584530139294,26.915058769930965,double,-1.7391313411065257
2575.467,15.0,28.68969036198401,26.942564287322877,26.90095172715426,double,-1.7471260746611317
2575.949,15.0,28.684974074906457,26.929699260523122,26.887008898932784,double,-1.755274814383334
2576.432,15.0,28.680163345349367,26.916963882623158,26.873202756838044,double,-1.7631994627262115
2576.914,15.0,28.676664833199506,26.90441151960037,26.859591345078993,double,-1.772253313599137
2577.396,15.0,28.672130370072797,26.892016265080066,26.846146772821843,double,-1.7801141049927305
2577.878,15.0,28.66800139021336,26.879778734159675,26.832869895344793,double,-1.788222656053684
2578.36,15.0,28.66565934867427,26.867699534241673,26.819761558238493,double,-1.7979598144325981
2578.842,15.0,28.663757226730702,26.855779265003477,26.806822597321634,double,-1.8079779617272251
2579.324,15.0,28.662114794598033,26.84401851836764,26.79405383855724,double,-1.818096276230391
2579.806,15.0,28.66084419912124,26.83241787847225,26.781456097969595,double,-1.8284263206489904
2580.289,15.0,28.658642486798453,26.82095435471702,26.769004580817256,double,-1.8376881320814331
2580.771,15.0,28.657295398741017,26.80967598456703,26.756751643444986,double,-1.84761941417399
2581.253,15.0,28.655489028928095,26.798559427732126,26.744672113492886,double,-1.8569296011959668
2581.735,15.0,28.655054320558186,26.78760523690997,26.73276676639631,double,-1.867449083648215
2582.217,15.0,28.653842402125584,26.77681395687231,26.721036367249496,double,-1.877028445253276
2582.699,15.0,28.65376875738092,26.76618612443796,26.70948167072773,double,-1.887582632942958
2583.181,15.0,28.653347256111832,26.75572226844593,26.698103421010256,double,-1.8976249876659024
2583.663,15.0,28.653503855584983,26.74542290972924,26.686902351704422,double,-1.9080809458557446
2584.146,15.0,28.653779616973395,26.735267707348108,26.67585650155727,double,-1.9185119096252867
2584.627,15.0,28.653863351600755,26.72531972726778,26.66503463544643,double,-1.9285436243329734
2585.11,15.0,28.65411569822428,26.71549674002972,26.65434746201745,double,-1.93861895819456
2585.592,15.0,28.65313656520173,26.705860763659462,26.643862610549572,double,-1.9472758015422698
2586.074,15.0,28.65355974683283,26.696391768731143,26.633558447750573,double,-1.957167978101687
2586.556,15.0,28.654969959346737,26.687090227492682,26.623435642227754,double,-1.9678797318540553
2587.038,15.0,28.655787986040032,26.677956604012387,26.613494851510332,double,-1.977831382027645
2587.52,15.0,28.656789531514804,26.668991354155736,26.60373672198123,double,-1.987798177359068
2588.002,15.0,28.657250533999385,26.660194925562543,26.594161888809666,double,-1.997055608436843
2588.484,15.0,28.658219275712398,26.65156775762466,26.584770975885135,double,-2.006651518087738
2588.967,15.0,28.659576574967122,26.643092911521606,26.57554568761854,double,-2.016483663445517
2589.449,15.0,28.661028888741015,26.634805903336783,26.56652482612454,double,-2.02622298540423
2589.931,15.0,28.66076980013752,26.62668942512807,26.557689689432028,double,-2.0340803750094505
2590.413,15.0,28.662012583902303,26.61874388306198,26.549040855646343,double,-2.043268700840323
2590.895,15.0,28.662721404423085,26.61096967495115,26.540578891277868,double,-2.0517517294719347
2591.377,15.0,28.663513377368783,26.603367190234195,26.532304351182333,double,-2.0601461871345874
2591.859,15.0,28.66253430108604,26.5959368099563,26.5242177785024,double,-2.0665974911297402
2592.341,15.0,28.663088867223163,26.58867890675004,26.51631970461017,double,-2.0744099604731225
2592.823,15.0,28.664033605377682,26.581593844816563,26.50861064905084,double,-2.0824397605611167
2593.306,15.0,28.663777576275645,26.574667820218835,26.501075716161687,double,-2.0891097560568115
2593.788,15.0,28.66267259212052,26.567929860023476,26.49374660306551,double,-2.0947427320970435
2594.27,15.0,28.662466686919803,26.56136578362934,26.486607996423384,double,-2.101100903290459
2594.752,15.0,28.660333489690558,26.554975921315453,26.479660367909286,double,-2.105357568375105
2595.234,15.0,28.65974927396804,26.548760594842037,26.472904177106717,double,-2.1109886791260024
2595.716,15.0,28.658437106730698,26.542720117434214,26.46633987145961,double,-2.1157169892964847
2596.198,15.0,28.656680790571333,26.536854793766206,26.459967886224433,double,-2.1198259968051247
2596.68,15.0,28.654583845964194,26.531164919945915,26.453788644423614,double,-2.123418926018278
2597.163,15.0,28.6540408612084,26.52563952625615,26.447790338592814,double,-2.128401334952251
2597.645,15.0,28.653280125479817,26.520301771578115,26.44199820553298,double,-2.1329783539017044
2598.127,15.0,28.654068040051563,26.515140304077573,26.43640001191076,double,-2.138927735973989
2598.609,15.0,28.65494360024875,26.51015538543352,26.430996131345207,double,-2.1447882148152297
2599.091,15.0,28.655598768005852,26.50534726868785,26.42578692500691,double,-2.150251499318001
2599.573,15.0,28.656830665779136,26.50071619823249,26.42077274157898,double,-2.156114467546649
2600.055,15.0,28.658626382623105,26.496262409796888,26.415953917219298,double,-2.1623639728262143
2600.537,15.0,28.660936506439473,26.49198613043604,26.411330775524156,double,-2.168950376003431
2601.02,15.0,28.662491162204457,26.487879260193182,26.406894646482577,double,-2.174611902011275
2601.502,15.0,28.663872003915454,26.48395901476738,26.402664198030823,double,-2.1799129891480753
2601.984,15.0,28.666082158891694,26.480216907828392,26.39863032789771,double,-2.1858652510633014
2602.466,15.0,28.667973156856092,26.47665313160331,26.39479330906876,double,-2.1913200252527796
2602.948,15.0,28.67136739176862,26.473267869590977,26.39115340180551,double,-2.1980995221776434
2603.43,15.0,28.67490401580543,26.470061296552437,26.387710853617065,double,-2.2048427192529916
2603.912,15.0,28.677105849328537,26.467033578501926,26.384465899232996,double,-2.210072270826613
2604.394,15.0,28.68050301402567,26.464184872698144,26.38141876057768,double,-2.2163181413275277
2604.876,15.0,28.68476556616138,26.461515327636253,26.37856964674578,double,-2.223250238525126
2605.359,15.0,28.68803825123368,26.45902010303194,26.375913460381405,double,-2.2290181482017446
2605.841,15.0,28.69094572596217,26.456709662240414,26.37346138385737,double,-2.234236063721756
2606.323,15.0,28.693530297266644,26.45457877526296,26.371207882580112,double,-2.238951522003685
2606.805,15.0,28.697227457836977,26.452627555448416,26.36915311408255,double,-2.244599902388561
2607.287,15.0,28.700033821668512,26.450856107347466,26.367297222966734,double,-2.249177714321049
2607.769,15.0,28.702501739625834,26.44926452670695,26.365640340887598,double,-2.2532372129188847
2608.251,15.0,28.70522916998482,26.44785290046477,26.3641825865383,double,-2.2573762695200505
2608.733,15.0,28.708452834860942,26.446621306745,26.36292406563684,double,-2.261831528115943
2609.216,15.0,28.71045587109615,26.445567820593997,26.36186288067123,double,-2.2648880505021562
2609.698,15.0,28.714227791912215,26.444696864852723,26.36100350563988,double,-2.269530927059493
2610.18,15.0,28.716880385895422,26.444006123180703,26.36034360337234,double,-2.272874262714719
2610.662,15.0,28.72053765803619,26.443495638389823,26.359883227553816,double,-2.2770420196463634
2611.144,15.0,28.72620425525633,26.443165444461,26.359622418848794,double,-2.2830388107953348
2611.626,15.0,28.730676817081598,26.443015566541895,26.359561204896032,double,-2.287661250539702
2612.108,15.0,28.735030393691968,26.443046020945342,26.359699600305113,double,-2.291984372746625
2612.59,15.0,28.740604263713198,26.443256815147897,26.36003760665432,double,-2.297347448565301
2613.073,15.0,28.74426143021841,26.443648946723254,26.36057653532302,double,-2.300612483495157
2613.554,15.0,28.7494592186409,26.44421940867102,26.36131239332706,double,-2.305239809969878
2614.037,15.0,28.754577547383953,26.44497292586016,26.362251262436253,double,-2.3096046215237918
2614.519,15.0,28.759493100215376,26.445905351272703,26.363387881520094,double,-2.313587748942675
2615.001,15.0,28.764748442517934,26.4470180212241,26.364723923845794,double,-2.3177304212938346
2615.483,15.0,28.76926871399837,26.44831089015253,26.36625931281158,double,-2.3209578238458373
2615.965,15.0,28.774884253185345,26.449783903663143,26.367993958809222,double,-2.3251003495222022
2616.447,15.0,28.780330794501957,26.451436998530077,26.369927759233025,double,-2.328893795971881
2616.929,15.0,28.785620411624013,26.453270102699218,26.372060598490492,double,-2.3323503089247968
2617.411,15.0,28.79203514733136,26.455283135291165,26.374392348014165,double,-2.3367520120401997
2617.894,15.0,28.79951565081503,26.457480743005167,26.376928322827492,double,-2.3420349078098646
2618.376,15.0,28.805418693361297,26.45985372731766,26.37965786724319,double,-2.345564966043634
2618.858,15.0,28.812476852493663,26.462406344268206,26.38258585815328,double,-2.3500705082254547
2619.34,15.0,28.819167948149442,26.46513847769707,26.385712115211412,double,-2.3540294704523737
2619.822,15.0,28.825484759099997,26.468050002641007,26.38903644517715,double,-2.357434756458987
2620.304,15.0,28.83135078046413,26.471140785338932,26.392558641936137,double,-2.360209995125201
2620.786,15.0,28.837031347603382,26.47441068323776,26.39627848652173,double,-2.3626206643656222
2621.268,15.0,28.84320597498532,26.477859544999195,26.400195747138213,double,-2.365346429986126
2621.75,15.0,28.84888939324298,26.481487210506423,26.40431017918502,double,-2.3674021827365612
2622.233,15.0,28.85571468458184,26.48530159332899,26.408630674490375,double,-2.370413091252849
2622.715,15.0,28.86285543676406,26.489286720953597,26.413139072192703,double,-2.373568715810465
2623.197,15.0,28.869692278875497,26.49345011898323,26.417843830359587,double,-2.376242159892267
2623.679,15.0,28.876535481150757,26.497791592247268,26.422744653416363,double,-2.3787438889034895
2624.161,15.0,28.884477737574056,26.50231093683784,26.42784123312598,double,-2.382166800736213
2624.643,15.0,28.89123852064312,26.507007940119344,26.433133248621626,double,-2.384230580523777
2625.125,15.0,28.899202252424892,26.51188238073831,26.438620366440396,double,-2.387319871686583
2625.607,15.0,28.906515073625222,26.516934028633887,26.44430224055855,double,-2.389581044991335
2626.09,15.0,28.913555888669208,26.522173676588455,26.4501909056839,double,-2.3913822120807504
2626.572,15.0,28.92072697861966,26.52757938045725,26.45626160642045,double,-2.3931475981624093
2627.054,15.0,28.927844664551504,26.53316154874512,26.46252594958254,double,-2.394683115806384
2627.536,15.0,28.934257030606712,26.5389199166557,26.468983539254843,double,-2.3953371139510127
2628.018,15.0,28.942153221811083,26.544854210743544,26.475633967156575,double,-2.3972990110675383
2628.5,15.0,28.948313457372816,26.55096414892689,26.482476812684354,double,-2.397349308445923
2628.982,15.0,28.95633024507127,26.557249440501206,26.4895116429563,double,-2.399080804570064
2629.464,15.0,28.96353755341792,26.563709786152796,26.49673801285767,double,-2.3998277672651227
2629.947,15.0,28.971867049848292,26.570358825153733,26.50417105229822,double,-2.4015082246945596
2630.429,15.0,28.97971272193749,26.577168708206305,26.511779512382738,double,-2.402544013731184
2630.911,15.0,28.98890650611485,26.584152695201478,26.519578102815778,double,-2.4047538109133737
2631.393,15.0,28.997675821059744,26.591310452517703,26.52756633000479,double,-2.4063653685420405
2631.875,15.0,29.007284791145686,26.59864163799967,26.53574368837011,double,-2.4086431531460173
2632.357,15.0,29.01657653086356,26.606145900974532,26.544109660397584,double,-2.4104306298890266
2632.839,15.0,29.025804630895923,26.613822882268646,26.55266371669268,double,-2.4119817486272788
2633.321,15.0,29.034948322066924,26.621672214224656,26.561405316035447,double,-2.413276107842266
2633.803,15.0,29.04525385870561,26.629693520719265,26.570333905437053,double,-2.4155603379863444
2634.286,15.0,29.0550259721286,26.63790359298741,26.579468024406737,double,-2.41712237914119
2634.768,15.0,29.065199529946383,26.646268041180942,26.58876927314342,double,-2.418931488765441
2635.25,15.0,29.07616766311455,26.654803284086693,26.598255781706776,double,-2.421364379027857
2635.732,15.0,29.08714792467385,26.663508911883397,26.60792695059403,double,-2.423639012790452
2636.214,15.0,29.098137365801367,26.672384506377885,26.61778216883223,double,-2.4257528594234854
2636.696,15.0,29.109425492186237,26.681429641025034,26.627820814041204,double,-2.427995851161202
2637.178,15.0,29.120040449753233,26.69064388094814,26.63804225249785,double,-2.4293965688050925
2637.66,15.0,29.131498420341767,26.700026782959906,26.648445839201194,double,-2.4314716373818603
2638.143,15.0,29.142382051135584,26.709597885706906,26.65905306688242,double,-2.432784165428681
2638.625,15.0,29.15426830783494,26.719317096745588,26.6698193447513,double,-2.4349512110893534
2639.107,15.0,29.164814219317392,26.729203589682605,26.680765767446502,double,-2.435610629634788
2639.589,15.0,29.176436569773458,26.739256888287912,26.69189164550646,double,-2.437179681485546
2640.071,15.0,29.18535130082513,26.74947650813135,26.703196278533813,double,-2.4358747926937765
2640.553,15.0,29.19560973395689,26.759861956606034,26.714678955266724,double,-2.435747777350855
2641.035,15.0,29.204822543519025,26.770412732951844,26.72633895365115,double,-2.434409810567184
2641.517,15.0,29.21441586176658,26.781128328279735,26.738175540914416,double,-2.433287533486844
2642.0,15.0,29.22400718049345,26.79203096842575,26.75021307796847,double,-2.431976212067699
2642.481,15.0,29.233670412067923,26.803051899828045,26.762375497839543,double,-2.4306185122398793
2642.964,15.0,29.243402357833926,26.814282238032554,26.774763176706262,double,-2.42912011980137
2643.446,15.0,29.252944328557962,26.825652195673854,26.787298939256498,double,-2.427292132884107
2643.928,15.0,29.26159996638281,26.837184305641248,26.800007467033705,double,-2.4244156607415634
2644.41,15.0,29.271285482719144,26.848878010783896,26.812887964524023,double,-2.4224074719352506
2644.892,15.0,29.27893655219736,26.86073274600188,26.825939626034184,double,-2.4182038061954794
2645.374,15.0,29.287210698354706,26.872747938273672,26.839161635772278,double,-2.4144627600810322
2645.856,15.0,29.295736182358144,26.884923006683596,26.85255316792895,double,-2.410813175674548
2646.338,15.0,29.304113380386255,26.897257362449885,26.866113386759693,double,-2.406856017936371
2646.821,15.0,29.314169103877003,26.909776492677562,26.879870101998637,double,-2.404392611199441
2647.303,15.0,29.32428350000704,26.922427952836582,26.893765493167287,double,-2.4018555471704617
2647.785,15.0,29.3328721863363,26.935236885819304,26.90782700319552,double,-2.397635300516998
2648.267,15.0,29.34312262009907,26.948202671652282,26.9220537574167,double,-2.3949199484467885
2648.749,15.0,29.353583357199888,26.961324682642402,26.93644487165219,double,-2.3922586745574845
2649.231,15.0,29.364355168362792,26.974602283406924,26.950999452298163,double,-2.38975288495587
2649.713,15.0,29.374083637383926,26.988034830904418,26.965716596413113,double,-2.386048806479507
2650.195,15.0,29.383561045719453,27.001621674465916,26.980595391806204,double,-2.3819393712535386
2650.677,15.0,29.392326073883062,27.015362155826274,26.995634917126075,double,-2.3769639180567905
2651.16,15.0,29.402292089778502,27.029284592296065,27.010865941280304,double,-2.3730074974824378
2651.642,15.0,29.412447201313547,27.043330659501088,27.026224454809057,double,-2.3691165418124607
2652.124,15.0,29.42397810144703,27.057528343033233,27.041740878170444,double,-2.366449758413797
2652.606,15.0,29.43329232564158,27.071876954549936,27.05741425425553,double,-2.3614153710916463
2653.088,15.0,29.44483631879762,27.086375798275707,27.073243617249343,double,-2.35846052052191
2653.57,15.0,29.455779553081165,27.101024171035824,27.08922799272382,double,-2.354755382045337
2654.052,15.0,29.466542694381598,27.115821362290447,27.105366397730833,double,-2.3507213320911493
2654.534,15.0,29.47607277540394,27.13076665416908,27.121657840896106,double,-2.345306121234858
2655.017,15.0,29.48843802320554,27.145890786782633,27.138135594966272,double,-2.342547236422904
2655.499,15.0,29.499043535881235,27.16113040062175,27.154730419380783,double,-2.337913135259484
2655.981,15.0,29.50895725423598,27.176515916297195,27.171475256103356,double,-2.3324413379387843
2656.463,15.0,29.52036262397913,27.19204658695261,27.188369080987187,double,-2.328316037026518
2656.945,15.0,29.531735892311612,27.207721658578667,27.205410861936212,double,-2.324014233732946
2657.427,15.0,29.542488666925838,27.223540370049825,27.22259955900217,double,-2.318948296876011
2657.909,15.0,29.552822260082877,27.239501953161017,27.23993412448154,double,-2.313320306921862
2658.391,15.0,29.564407660123326,27.2556056326652,27.257413503013495,double,-2.3088020274581234
2658.874,15.0,29.57585300982805,27.27188447596643,27.27507334287185,double,-2.3039685338616223
2659.356,15.0,29.587695649387154,27.288270285255877,27.292839446185635,double,-2.2994253641312747
2659.838,15.0,29.599036941079948,27.304795821663795,27.310747149263754,double,-2.2942411194161516
2660.32,15.0,29.6122415000131,27.321460282140563,27.328795367085323,double,-2.290781217872534
2660.802,15.0,29.62412560268274,27.338262856786123,27.346983007466143,double,-2.2858627458966163
2661.284,15.0,29.637326836028873,27.355202728889466,27.365308971158797,double,-2.282124107139405
2661.766,15.0,29.649254650198152,27.372279074968407,27.38377215195288,double,-2.276975575229745
2662.248,15.0,29.66274738836582,27.389491064809512,27.40237143677533,double,-2.2732563235563052
2662.73,15.0,29.67535013117803,27.406837861508492,27.42110570579126,double,-2.268512269669537
2663.213,15.0,29.687827940752303,27.424355027313617,27.4400131163558,double,-2.2634729134386857
2663.695,15.0,29.698931357041115,27.441969175736027,27.45901424189202,double,-2.256962181305089
2664.177,15.0,29.710398739163672,27.459715578782696,27.478146950186566,double,-2.2506831603809783
2664.659,15.0,29.721938630363997,27.477593373182774,27.497410095356635,double,-2.244345257181224
2665.141,15.0,29.734072020432755,27.49560168918137,27.51680252526514,double,-2.2384703312513854
2665.623,15.0,29.74590059203251,27.513739650581854,27.536323081622815,double,-2.232160941450656
2666.105,15.0,29.75721100749818,27.53200637478858,27.555970600090422,double,-2.2252046327095987
2666.587,15.0,29.769207326544596,27.55040097284987,27.57574391038134,double,-2.2188063536947245
2667.07,15.0,29.779941622946655,27.568961107378225,27.595683247086612,double,-2.210980515568428
2667.552,15.0,29.792576519919056,27.58760902171502,27.61570486174091,double,-2.2049674982040357
2668.034,15.0,29.803971189854327,27.606382103459215,27.635848720229667,double,-2.197589086395113
2668.516,15.0,29.815032961541053,27.625279438657856,27.65611362949122,double,-2.1897535228831977
2668.998,15.0,29.826244971339815,27.644300107221486,27.676498391030407,double,-2.1819448641183294
2669.48,15.0,29.837761454623262,27.663443182968905,27.697001801021482,double,-2.174318271654357
2669.962,15.0,29.84785168950546,27.682707733672267,27.717622650410995,double,-2.165143955833193
2670.444,15.0,29.85945416263216,27.70209282110263,27.738359725021233,double,-2.157361341529529
2670.927,15.0,29.871962418011876,27.721638090874613,27.75925518593115,double,-2.150324327137265
2671.408,15.0,29.88290150264329,27.741220823497304,27.780177668188845,double,-2.1416806791459853
2671.891,15.0,29.893558443368335,27.761002910529253,27.801299930991842,double,-2.1325555328390813
2672.373,15.0,29.90375800240565,27.780860885324444,27.822489895492502,double,-2.122897117081207
2672.855,15.0,29.915093273095305,27.800834615281154,27.843789938491447,double,-2.11425865781415
2673.337,15.0,29.925653896554707,27.820923127121834,27.865198817218882,double,-2.104730769432872
2673.819,15.0,29.93755202522191,27.841125441893894,27.88671528450175,double,-2.096426583328015
2674.301,15.0,29.94782146155015,27.861440575017564,27.908338088866568,double,-2.0863808865325852
2674.783,15.0,29.959686795837744,27.88186753633387,27.930065974641998,double,-2.0778192595038716
2675.265,15.0,29.970381549205115,27.902405330152913,27.95189768206156,double,-2.0679762190522033
2675.748,15.0,29.98121205452921,27.923095906170893,27.973877559870164,double,-2.0581161483583186
2676.23,15.0,29.992977951542066,27.943852580772255,27.995913324234557,double,-2.049125370769811
2676.712,15.0,30.0042959561856,27.964717066002876,28.018049104753796,double,-2.039578890182725
2677.194,15.0,30.01442985942051,27.985688344526416,28.040283626295615,double,-2.0287415148940946
2677.676,15.0,30.02577511414495,28.006765393721246,28.062615610143165,double,-2.0190097204237034
2678.158,15.0,30.038383101926325,28.027947185730373,28.08504377409704,double,-2.0104359161959517
2678.64,15.0,30.050408824087306,28.049232687511516,28.107566832576115,double,-2.0011761365757885
2679.122,15.0,30.06182003209216,28.07062086088749,28.130183496719006,double,-1.9911991712046717
2679.604,15.0,30.074014379559046,28.092110662597204,28.152892474485103,double,-1.9819037169618414
2680.087,15.0,30.085525003788998,28.11374594149192,28.175739867365014,double,-1.9717790622970799
2680.569,15.0,30.09803264257452,28.135436055391978,28.19862976883113,double,-1.9625965871825413
2681.051,15.0,30.110564740247693,28.157224635646905,28.221608087025263,double,-1.953340104600787
2681.533,15.0,30.122419822387435,28.179110619160447,28.244673518187597,double,-1.9433092032269894
2682.015,15.0,30.135667684890215,28.20109293800945,28.26782475587991,double,-1.9345747468807684
2682.497,15.0,30.14805269492662,28.223170519495877,28.291060491084696,double,-1.9248821754307421
2682.979,15.0,30.15968699373338,28.24534228619949,28.314379412304326,double,-1.9143447075338882
2683.461,15.0,30.17173917316709,28.267607156030056,28.337780205659445,double,-1.9041320171370335
2683.944,15.0,30.183364984659654,28.290010520756574,28.36131035430335,double,-1.8933544639030797
2684.426,15.0,30.19496582353922,28.312458519660083,28.384871104277842,double,-1.8825073038791384
2684.908,15.0,30.207000058442645,28.334996345653195,28.40850976869983,double,-1.8720037127894495
2685.39,15.0,30.217960562712037,28.357622898488373,28.43222502513889,double,-1.8603376642236658
2685.872,15.0,30.229013455849866,28.380337073514927,28.45601554927104,double,-1.8486763823349406
2686.354,15.0,30.241468572447094,28.40313776173317,28.479880014975258,double,-1.838330810713923
2686.836,15.0,30.252570358383995,28.42602384984832,28.503817094429113,double,-1.8265465085356758
2687.318,15.0,30.264963738759153,28.44899422032522,28.527825458205026,double,-1.8159695184339353
2687.801,15.0,30.277138832504736,28.4720956660103,28.5519538021719,double,-1.8050431664944355
2688.283,15.0,30.289496493662586,28.49523140093979,28.576100881343457,double,-1.7942650927227966
2688.765,15.0,30.301100882537096,28.518448038381173,28.600315245102287,double,-1.7826528441559242
2689.247,15.0,30.312625448735904,28.541744444377258,28.62459555854373,double,-1.7708810043586432
2689.729,15.0,30.323040540217338,28.56511948100563,28.648940485629424,double,-1.757921059211709
2690.211,15.0,30.33452921992712,28.58857200643431,28.673348689280115,double,-1.7459572134928103
2690.693,15.0,30.346923026967264,28.612100874977646,28.697818831468258,double,-1.7348221519896179
2691.175,15.0,30.3582213080068,28.635704937152113,28.722349573309668,double,-1.7225163708546876
2691.657,15.0,30.37144400059453,28.659383039732955,28.74693957515555,double,-1.7120609608615722
2692.14,15.0,30.382177296695247,28.68318337667261,28.771638692726743,double,-1.6989939200226345
2692.622,15.0,30.394857614581788,28.707006233301747,28.79634330901822,double,-1.6878513812800422
2693.104,15.0,30.40711149869545,28.7308996463599,28.82110315990132,double,-1.6762118523355463
2693.586,15.0,30.41948528787636,28.754862448214922,28.845916903571034,double,-1.6646228396614338
2694.068,15.0,30.432264925025716,28.778893467777255,28.87078319790731,double,-1.6533714572484592
2694.55,15.0,30.44408604150969,28.802991530556994,28.8957007005633,double,-1.6410945109526953
2695.032,15.0,30.456099873340005,28.827155458721588,28.920668069053068,double,-1.6289444146184162
2695.514,15.0,30.468267339752174,28.851384071153486,28.94568396083911,double,-1.61688326859869
2695.997,15.0,30.48066323585492,28.87572664726567,28.970799079607346,double,-1.6049365885892508
2696.479,15.0,30.493992738359722,28.900081200070193,28.99590808430347,double,-1.5939115382895275
2696.961,15.0,30.505625923181235,28.924496872183962,29.021061582451424,double,-1.5811290509972709
2697.443,15.0,30.51872547286068,28.948972469922417,29.046258232167908,double,-1.5697530029382623
2697.925,15.0,30.531029686981416,28.97350679660653,29.071496691945487,double,-1.557522890374885
2698.407,15.0,30.543420709933184,28.9980986526215,29.0967756207363,double,-1.5453220573116822
2698.889,15.0,30.55652478680344,29.022746835475655,29.122093678035334,double,-1.533777951327786
2699.371,15.0,30.568932056964222,29.047450139859045,29.14744952396282,double,-1.5214819171051774
2699.854,15.0,30.580460935929743,29.072258776428505,29.172894537417406,double,-1.5082021595012374
2700.335,15.0,30.591677267760055,29.097017278237345,29.19826922580131,double,-1.4946599895227064
2700.818,15.0,30.604904971582485,29.121930320421846,29.223783264018355,double,-1.48297465116064
2701.3,15.0,30.615953296296816,29.146842106564254,29.249276946929452,double,-1.4691111897325637
2701.782,15.0,30.62808621568907,29.17180294495399,29.274801728524842,double,-1.4562832707350815
2702.264,15.0,30.639546159847225,29.196811614611384,29.300356274377172,double,-1.4427345452358409
2702.746,15.0,30.65113746489121,29.221866892154708,29.325939251244755,double,-1.4292705727365018
2703.228,15.0,30.662980185102562,29.246967551860138,29.35154932714901,double,-1.416012633242425
2703.71,15.0,30.674722894542338,29.27211236572178,29.377185171451476,double,-1.4026105288205581
2704.192,15.0,30.687442706798386,29.29730010351184,29.40284545492966,double,-1.3901426032865427
2704.675,15.0,30.700431966352433,29.322581918537484,29.428582158008677,double,-1.3778500478149491
2705.157,15.0,30.713146636892425,29.347851887565955,29.454287382033034,double,-1.3652947493264678
2705.639,15.0,30.72555298323887,29.37316107454395,29.48001306406861,double,-1.3523919086949165
2706.121,15.0,30.73829956101923,29.398508240955785,29.50575788130968,double,-1.3397913200634437
2706.603,15.0,30.750002791016197,29.423892146366708,29.531520512737902,double,-1.3261106446494864
2707.085,15.0,30.764431588668135,29.449311548483298,29.557299639194323,double,-1.3151200401848362
2707.567,15.0,30.776804614042792,29.4747652032147,29.58309394345089,double,-1.3020394108280875
2708.049,15.0,30.78979195238034,29.500251864733272,29.60890211028121,double,-1.2895400876470675
2708.531,15.0,30.801976961172933,29.52577028553602,29.634722826530812,double,-1.276206675636915
2709.014,15.0,30.813917546818594,29.551372253434096,29.66060838522725,double,-1.2625452933844983
2709.496,15.0,30.827005978144317,29.57695050330275,29.686450288727556,double,-1.250055474841566
2709.978,15.0,30.839271799983734,29.602556757905674,29.712300812597412,double,-1.2367150420780626
2710.46,15.0,30.85217967851341,29.62818976364726,29.73815865266217,double,-1.223989914866147
2710.942,15.0,30.864792251621914,29.653848265563,29.764022507159527,double,-1.2109439860589155
2711.424,15.0,30.876822716569833,29.679531007381076,29.789891076805375,double,-1.197291709188758
2711.906,15.0,30.88902859117394,29.70523673158426,29.815763064859404,double,-1.183791859589678
2712.388,15.0,30.899510052896062,29.730964179471236,29.841637177189323,double,-1.1685458734248255
2712.871,15.0,30.91173894222764,29.756765530520113,29.867565804765032,double,-1.1549734117075272
2713.353,15.0,30.923627571289213,29.782532683772466,29.893440291718086,double,-1.141094887516747
2713.835,15.0,30.934021211113265,29.80831777549976,29.91931303417008,double,-1.1257034356135065
2714.317,15.0,30.944435734663678,29.834119542880995,29.945182749059494,double,-1.1103161917826843
2714.799,15.0,30.95681678610062,29.85993672222068,29.971048156245782,double,-1.0968800638799403
2715.281,15.0,30.969397234682887,29.885768049010785,29.99690797856952,double,-1.0836291856721025
2715.763,15.0,30.979312967279714,29.91161225799282,30.022760941912164,double,-1.067700709286895
2716.245,15.0,30.990398530944386,29.937468083219798,30.048605775255112,double,-1.052930447724587
2716.728,15.0,31.000826745874104,29.963387932261398,30.07449480057962,double,-1.0374388136127066
2717.21,15.0,31.011999015811416,29.989263207220606,30.10031955012402,double,-1.0227358085908078
2717.692,15.0,31.02369370581444,30.015146294444676,30.126132373178237,double,-1.0085474113697646
2718.174,15.0,31.035453771911115,30.04103592585392,30.151932011706183,double,-0.994417846057194
2718.656,15.0,31.046322672123477,30.066930832991268,30.177717211056166,double,-0.9793918391322098
2719.138,15.0,31.05738521187168,30.09282974708476,30.20348672001591,double,-0.9645554647869203
2719.62,15.0,31.068307035268383,30.11873139910945,30.22923929086623,double,-0.9495756361589336
2720.102,15.0,31.079760838600368,30.14463451985022,30.25497367943507,double,-0.9351263187501457
2720.584,15.0,31.090401462125495,30.17053783996364,30.280688645149418,double,-0.9198636221618539
2721.067,15.0,31.10105835911811,30.196493827155628,30.30643623644459,double,-0.9045645319624818
2721.549,15.0,31.112233255841744,30.222393731610286,30.332108602688145,double,-0.8898395242314561
2722.031,15.0,31.123003000034284,30.24829002462863,30.357757843925093,double,-0.8747129754056504
2722.513,15.0,31.133686839742037,30.274181436978587,30.383382734501502,double,-0.8595054027634497
2722.995,15.0,31.143587880129335,30.300066699611683,30.408982052615936,double,-0.8435211805176535
2723.477,15.0,31.154608662671556,30.32594454372539,30.434554580368157,double,-0.8286641189461652
2723.959,15.0,31.164492441908088,30.35181370082567,30.460099103807032,double,-0.8126787410824177
2724.441,15.0,31.174726572695814,30.3776729027891,30.48561441297768,double,-0.7970536699067166
2724.924,15.0,31.18514822008484,30.403574495892684,30.51115214272543,double,-0.7815737241921583
2725.406,15.0,31.19646838073405,30.42940995777653,30.536605342859275,double,-0.7670584229575172
2725.888,15.0,31.205569100559106,30.455231660372927,30.562025720818507,double,-0.7503374401861773
2726.37,15.0,31.214912075310846,30.481038337665257,30.58741208310002,double,-0.7338737376455906
2726.852,15.0,31.226160411282134,30.506828724319092,30.612763240422836,double,-0.7193316869630428
2727.334,15.0,31.236759910349782,30.532601555744154,30.638078007770975,double,-0.7041583546056274
2727.816,15.0,31.24667423569511,30.55835556815678,30.66335520443646,double,-0.688318667538329
2728.298,15.0,31.25621222597623,30.584089498641614,30.68859365406025,double,-0.6721227273346175
2728.781,15.0,31.26628734380008,30.609855407767384,30.713844421476917,double,-0.6564319360326976
2729.262,15.0,31.276421889697538,30.63549206688193,30.738949628741125,double,-0.6409298228156057
2729.745,15.0,31.285654755487812,30.66121140723215,30.764116884684412,double,-0.62444334825566
2730.227,15.0,31.294153327451614,30.686852346964088,30.789188579708913,double,-0.607300980487524
2730.709,15.0,31.30417423903721,30.71246690278308,30.814215710166742,double,-0.591707336254127
2731.191,15.0,31.313747972060767,30.738053818289657,30.839197126646244,double,-0.5756941537711113
2731.673,15.0,31.323698536156225,30.763611838386534,30.86413168435962,double,-0.5600866977696906
2732.155,15.0,31.334427940508537,30.789139709340454,30.88901824317938,double,-0.545288231168084
2732.637,15.0,31.34376647437546,30.814636178843635,30.913855667674493,double,-0.5291302955318267
2733.119,15.0,31.35371729899777,30.84009999607523,30.938642827145337,double,-0.5136173029225366
2733.602,15.0,31.36334529439265,30.86558263481835,30.963429860481583,double,-0.4977626595743023
2734.084,15.0,31.373155268262607,30.89097732708176,30.988113006797274,double,-0.4821779411808502
2734.566,15.0,31.382831288798556,30.916335621566216,31.01274252241385,double,-0.4664956672323417
2735.048,15.0,31.39218148341884,30.941656274017653,31.037317295909617,double,-0.4505252094011869
2735.53,15.0,31.402895006771047,30.966938041976235,31.061836220762196,double,-0.4359569647948147
2736.012,15.0,31.413804589915955,30.99217968483724,31.086298195379815,double,-0.42162490507871575
2736.494,15.0,31.42434908771553,31.01737996391234,31.11070212313273,double,-0.4069691238031914
2736.976,15.0,31.435368476567792,31.04253764249021,31.135046912383167,double,-0.39283083407758435
2737.458,15.0,31.447366554375456,31.067651485897734,31.159331476515696,double,-0.37971506847772063
2737.941,15.0,31.45793437917675,31.09277222376687,31.183604925211117,double,-0.36516215540987607
2738.423,15.0,31.468571641522797,31.117794603938485,31.207765668954103,double,-0.35077703758431
2738.905,15.0,31.479375491590545,31.14276945520995,31.231862955937313,double,-0.3366060363805934
2739.387,15.0,31.489574537792386,31.16769555167158,31.255895719930884,double,-0.3218789861208049
2739.869,15.0,31.49948435315896,31.19257166975491,31.279862899867865,double,-0.3069126834040481
2740.351,15.0,31.50764588266952,31.217396588292324,31.303763439869954,double,-0.2902492943771984
2740.833,15.0,31.517873662510752,31.242169088577686,31.327596289273924,double,-0.2757045739330666
2741.315,15.0,31.52779388213155,31.2668879544261,31.35136040265652,double,-0.2609059277054515
2741.798,15.0,31.535728647777223,31.291603084540252,31.37510382498412,double,-0.24412556323696877
2742.28,15.0,31.54438603555555,31.31621092578237,31.39872720315434,double,-0.22817510977317657
2742.762,15.0,31.553911795983304,31.340761497254594,31.422278738587483,double,-0.21315029872870928
2743.244,15.0,31.563337698220128,31.365253593460384,31.445757407073206,double,-0.1980841047597437
2743.726,15.0,31.573112448788436,31.389686011722773,31.46916218975937,double,-0.18342643706566464
2744.208,15.0,31.58344453569409,31.41405755224347,31.492492073173945,double,-0.1693869834506201
2744.69,15.0,31.59215981419141,31.43836701816212,31.51574604924685,double,-0.15379279602929508
2745.172,15.0,31.601752343328837,31.462613215615022,31.53892311533031,double,-0.13913912771381653
2745.655,15.0,31.610558682058738,31.486845055545874,31.562070116112963,double,-0.12371362651286133
2746.137,15.0,31.619622316098578,31.510961009328188,31.5850902113496,double,-0.10866130677039121
2746.619,15.0,31.62744994770238,31.535010129167816,31.608030419351696,double,-0.09243981853456207
2747.101,15.0,31.634258096992507,31.558991233781718,31.63088975937339,double,-0.0752668632107878
2747.583,15.0,31.642910155031736,31.582903145176154,31.653667256188616,double,-0.060007009855578275
2748.065,15.0,31.650592997108795,31.606744688705056,31.676361940109466,double,-0.04384830840373777
2748.547,15.0,31.658464143792987,31.630514693127676,31.698972847003375,double,-0.02794945066530996
2749.029,15.0,31.66553196773171,31.65421199066627,31.72149901831026,double,-0.011319977065438191
2749.511,15.0,31.673391421203238,31.67783541706387,31.743939501059025,double,0.004443995860631267
2749.994,15.0,31.681427723893098,31.70143258843339,31.766339634447284,double,0.020004864540296152
2750.476,15.0,31.6896988042086,31.724904634879046,31.788605720931184,double,0.03520583067044836
2750.958,15.0,31.697480618631698,31.74829933672061,31.810783291699995,double,0.05081871808891303
2751.44,15.0,31.70447789446848,31.77161554436371,31.83287141630674,double,0.06713764989522697
2751.922,15.0,31.710726775879138,31.794852112019754,31.854869169969184,double,0.0841253361406169
2752.404,15.0,31.716652042535014,31.8180078977627,31.87677563358382,double,0.10135585522768609
2752.886,15.0,31.72227255534117,31.84108176358526,31.898589893739427,double,0.11880920824409169
2753.368,15.0,31.727900770514594,31.864072575454916,31.920311042729676,double,0.13617180494032155
2753.851,15.0,31.734439035856894,31.887026639203548,31.941982949793367,double,0.15258760334665444
2754.333,15.0,31.740730490187964,31.90984777908979,31.963514978381813,double,0.16911728890182665
2754.815,15.0,31.746159141652225,31.93258248501013,31.984951205198747,double,0.18642334335790545
2755.297,15.0,31.752166608559897,31.95522963939745,32.00629074549149,double,0.20306303083755806
2755.779,15.0,31.757724174177245,31.977788128937444,32.027532720271445,double,0.22006395476020235
2756.261,15.0,31.764308484517016,32.00025684462324,32.04867625632409,double,0.23594836010621956
2756.743,15.0,31.771636555231957,32.02263468181026,32.06972048621949,double,0.2509981265783001
2757.225,15.0,31.778598330801778,32.044920540270624,32.09066454832167,double,0.26632220946885
2757.708,15.0,31.78436925962775,32.067159269859516,32.11155072401246,double,0.28279001023176487
2758.189,15.0,31.79108560591959,32.089211942509486,32.13224875162992,double,0.29812633658989895
2758.672,15.0,31.798498550968628,32.11126085877437,32.152929909614976,double,0.31276230780574177
2759.154,15.0,31.804510465636437,32.13316768929526,32.17346458467557,double,0.32865722365882366
2759.636,15.0,31.81125491817563,32.154977105864,32.193894869270395,double,0.34372218768837226
2760.118,15.0,31.81896687178469,32.17668803589556,32.21421993672482,double,0.3577211641108746
2760.6,15.0,31.825977446988453,32.198299411597276,32.23443896621648,double,0.37232196460882383
2761.082,15.0,31.832276801958614,32.21981017002135,32.25455114278189,double,0.3875333680627313
2761.564,15.0,31.83958656335209,32.24121925311757,32.2745556573234,double,0.40163268976547983
2762.046,15.0,31.847889201783673,32.26252560778518,32.29445170661496,double,0.41463640600150065
2762.529,15.0,31.85492842959538,32.283772066076914,32.314279430604955,double,0.4288436364815351
2763.011,15.0,31.86182833096559,32.3048696060955,32.3339559340889,double,0.44304127512991287
2763.493,15.0,31.868799813780846,32.32586128645273,32.35352159630984,double,0.45706147267188246
2763.975,15.0,31.876383722179064,32.346746074375005,32.3729756375973,double,0.470362352195941
2764.457,15.0,31.88438901189794,32.36752294229637,32.392317284178986,double,0.4831339303984272
2764.939,15.0,31.892262290923124,32.388190867908826,32.41154576818519,double,0.4959285769857047
2765.421,15.0,31.898578989775384,32.40874883421305,32.43066032765283,double,0.510169844437669
2765.903,15.0,31.90393850156525,32.42919582956871,32.44966020652934,double,0.5252573280034645
2766.385,15.0,31.910861630493343,32.44953084774422,32.468544654676066,double,0.5386692172508811
2766.868,15.0,31.917216819335493,32.46979472427534,32.48735174492098,double,0.5525779049398494
2767.35,15.0,31.92391896844562,32.48990255379012,32.50600286154193,double,0.5659835853444983
2767.832,15.0,31.93099792555958,32.509895418332015,32.524536331018716,double,0.5788974927724344
2768.314,15.0,31.936625572059736,32.529772333811124,32.54295142691039,double,0.5931467617513897
2768.796,15.0,31.941970794952844,32.549532321792874,32.56124742870389,double,0.6075615268400281
2769.278,15.0,31.94669586811495,32.5691744095457,32.57942362181523,double,0.6224785414307543
2769.76,15.0,31.951952879382013,32.58869763008973,32.59747929759187,double,0.6367447507077184
2770.242,15.0,31.957352668621574,32.608101022244014,32.61541375331371,double,0.6507483536224379
2770.725,15.0,31.962506023626126,32.62742350987251,32.633263120457165,double,0.6649174862463803
2771.207,15.0,31.96654572648586,32.64658413159831,32.65095279655926,double,0.6800384051124486
2771.689,15.0,31.97074407486588,32.66562207471021,32.66851917863878,double,0.6948779998443289
2772.171,15.0,31.975101988551803,32.684536401709344,32.6859615877287,double,0.7094344131575447
2772.653,15.0,31.981089912465233,32.703326181131004,32.70327935079867,double,0.7222362686657713
2773.135,15.0,31.986087981455025,32.721990487590666,32.72047180075491,double,0.7359025061356439
2773.617,15.0,31.989012923878924,32.740528401829906,32.73753827644048,double,0.7515154779509814
2774.099,15.0,31.99351805900685,32.758939010761644,32.754478122634765,double,0.7654209517547972
2774.582,15.0,31.998439968874376,32.77725920389742,32.77132543814538,double,0.7788192350230483
2775.064,15.0,32.00196913307399,32.79541221906437,32.78800981737572,double,0.7934430859903752
2775.546,15.0,32.0067819002456,32.81343522529363,32.80456563575038,double,0.8066533250480346
2776.028,15.0,32.01071694965504,32.83132733464637,32.820992261800626,double,0.8206103849913216
2776.51,15.0,32.01598411119008,32.84908766557832,32.83728906999042,double,0.8331035543882315
2776.992,15.0,32.020226487888436,32.86671534298324,32.85345544071456,double,0.8464888550948069
2777.474,15.0,32.02430358663452,32.884209498236594,32.869490760297715,double,0.8599059116020769
2777.956,15.0,32.028155752066816,32.901569269238266,32.885394420992505,double,0.8734135171714452
2778.438,15.0,32.03281626194142,32.91879380045542,32.90116582097776,double,0.8859775385139934
2778.921,15.0,32.03715098433398,32.935917554115825,32.91683667095304,double,0.8987665697818448
2779.403,15.0,32.04153526648889,32.952868780685804,32.932341490281416,double,0.9113335141969103
2779.885,15.0,32.04516764973392,32.96968223897185,32.947712277768396,double,0.9245145892379292
2780.367,15.0,32.048034341697715,32.98635710014467,32.96294845528911,double,0.9383227584469578
2780.849,15.0,32.052246105121725,33.00289254215099,32.97804945063387,double,0.9506464370292678
2781.331,15.0,32.05592871442903,33.019287749754376,32.99301469750549,double,0.9633590353253452
2781.813,15.0,32.05985718797337,33.03554191457552,33.007843635516565,double,0.975684726602144
2782.295,15.0,32.06400115144086,33.05165423513234,33.02253571018664,double,0.9876530836914754
2782.778,15.0,32.06706234858416,33.06765690017959,33.03712042611832,double,1.000594551595435
2783.26,15.0,32.071377058760106,33.08348285717033,33.05153684750512,double,1.0121057984102233
2783.742,15.0,32.07456292819079,33.099164605618014,33.065814776413625,double,1.0246016774272282
2784.224,15.0,32.07790907738787,33.11470137203828,33.079953681972654,double,1.0367922946504071
2784.706,15.0,32.08103199621789,33.130092390039785,33.09395303920235,double,1.0490603938218934
2785.188,15.0,32.08290245337938,33.145336900361585,33.10781232901038,double,1.0624344469822078
2785.67,15.0,32.085438406501034,33.160434150911215,33.121531038188515,double,1.0749957444101788
2786.152,15.0,32.088657367158326,33.17538339680199,33.135108659409134,double,1.0867260296436643
2786.635,15.0,32.09151862566374,33.190214451703824,33.14857241927951,double,1.0986958260400859
2787.116,15.0,32.09417353277365,33.20483493131023,33.16183863804737,double,1.1106613985365832
2787.599,15.0,32.09476209279792,33.21936569460867,33.175017146640464,double,1.124603601810753
2788.081,15.0,32.096223104608015,33.23371530456526,33.18802516293281,double,1.1374921999572407
2788.563,15.0,32.09793099876819,33.24791329333544,33.20088964171951,double,1.1499822945672533
2789.045,15.0,32.10030773738889,33.26195896004647,33.213610110888055,double,1.1616512226575837
2789.527,15.0,32.10198779129222,33.2758516112828,33.22618610417919,double,1.1738638199905893
2790.009,15.0,32.104177304047795,33.289590561120505,33.2386171611827,double,1.1854132570727094
2790.491,15.0,32.10495440494071,33.30317513116143,33.2509028273334,double,1.1982207262207223
2790.973,15.0,32.10716167489521,33.31660465056686,33.26304265390669,double,1.2094429756716485
2791.456,15.0,32.107712107232146,33.32990583278641,33.27506092852177,double,1.2221937255542659
2791.938,15.0,32.10832274998167,33.343022943714864,33.28690744826056,double,1.2347001937331958
2792.42,15.0,32.10968073899571,33.355983035844055,33.29860681636121,double,1.2463022968483395
2792.902,15.0,32.11099930556969,33.368785468919,33.310158607431234,double,1.257786163349306
2793.384,15.0,32.11197499913324,33.38142961040745,33.32156240189725,double,1.2694546112742122
2793.866,15.0,32.113627541856474,33.3939148355312,33.33281778600053,double,1.28028729367472
2794.348,15.0,32.11417388774584,33.406240527297285,33.34392435179274,double,1.2920666395514369
2794.83,15.0,32.11578803778428,33.418406076528726,33.354881697131376,double,1.3026180387444464
2795.312,15.0,32.11766751622699,33.430410881894666,33.36568942567535,double,1.312743365667679
2795.795,15.0,32.12152274296478,33.44227875333403,33.376369102135406,double,1.3207560103692506
2796.277,15.0,32.124762395674864,33.45395996196864,33.38687611883772,double,1.3291975662937827
2796.759,15.0,32.1280854599038,33.46547866893086,33.39723236370622,double,1.3373932090270602
2797.241,15.0,32.12934411797135,33.4768343045873,33.40743746357309,double,1.3474901866159517
2797.723,15.0,32.13184492560002,33.488026307296956,33.41749105104983,double,1.356181381696936
2798.205,15.0,32.13349148974807,33.499054123438995,33.42739276452258,double,1.365562633690931
2798.687,15.0,32.13534486055099,33.5099172074406,33.437142248147985,double,1.3745723468896187
2799.169,15.0,32.13557473716439,33.5206150218041,33.44673915184855,double,1.3850402846397047
2799.652,15.0,32.13654097445229,33.53116871507725,33.456202565426516,double,1.3946277406249652
2800.134,15.0,32.137453722778716,33.54153406450644,33.465492963766096,double,1.4040803417277314
2800.616,15.0,32.13927141933751,33.55173257946545,33.47462976581571,double,1.4124611601279369
2801.098,15.0,32.141186756507096,33.5617637550384,33.48361264452983,double,1.4205769985313033
2801.58,15.0,32.140795596571806,33.57162709451488,33.4924412786072,double,1.4308314979430692
2802.062,15.0,32.14095858673967,33.58132210941471,33.50111535248656,double,1.4403635226750366
2802.544,15.0,32.141804838284834,33.590848319512254,33.50963455634231,double,1.4490434812274244
2803.026,15.0,32.14144437186962,33.60020525286064,33.51799858608045,double,1.4587608809910169
2803.509,15.0,32.14258250897852,33.60941132961968,33.52622401171902,double,1.4668288206411584
2803.991,15.0,32.142064650411434,33.61842797329068,33.53427648038093,double,1.4763633228792428
2804.473,15.0,32.14163944569205,33.62727397335939,33.54217289640182,double,1.4856345276673344
2804.955,15.0,32.14066122310735,33.63594889124302,33.54991297858465,double,1.4952876681356642
2805.437,15.0,32.140512960121214,33.644452296751616,33.55749645144361,double,1.5039393366304
2805.919,15.0,32.13907970461509,33.65278376810954,33.56492304520021,double,1.5137040634944532
2806.401,15.0,32.138348087803486,33.66094289197663,33.572192495779426,double,1.522594804173144
2806.883,15.0,32.138139539212126,33.6689292634689,33.57930454480594,double,1.5307897242567703
2807.365,15.0,32.137652336283615,33.67674248617896,33.58625893960029,double,1.539090149895339
2807.848,15.0,32.13688519289196,33.68439784151141,33.593069369478165,double,1.5475126486194535
2808.33,15.0,32.136623079932114,33.69186325022995,33.59970739219165,double,1.5552401702978336
2808.812,15.0,32.136096972744326,33.69915437123997,33.60618703629068,double,1.563057398495643
2809.294,15.0,32.137171462730166,33.70627084225302,33.61250807185498,double,1.569099379522848
2809.776,15.0,32.13695718180794,33.713212309552645,33.61867027464246,double,1.5762551277447079
2810.258,15.0,32.13701991508026,33.71997842801226,33.62467342608577,double,1.5829585129320034
2810.74,15.0,32.13550000280095,33.726568861112476,33.63051731328912,double,1.591068858311523
2811.222,15.0,32.13501005265635,33.73298328095811,33.636201729024926,double,1.5979732283017578
2811.705,15.0,32.13420659221748,33.73923412687065,33.6417377677362,double,1.6050275346531695
2812.187,15.0,32.13244675422274,33.74529520430441,33.64710230963402,double,1.6128484500816775
2812.669,15.0,32.131427432286245,33.75117933608928,33.65230679197172,double,1.6197519038030295
2813.151,15.0,32.129599855663734,33.756886229006234,33.65735103017625,double,1.6272863733424958
2813.633,15.0,32.12673896545643,33.76241559853903,33.662234845327944,double,1.6356766330826
2814.115,15.0,32.12452192340769,33.76776716888856,33.66695806415779,double,1.6432452454808733
2814.597,15.0,32.122916440890755,33.7729406729869,33.67152051904498,double,1.6500242320961478
2815.079,15.0,32.12256615547464,33.777935852510865,33.67592204801414,double,1.6553696970362297
2815.562,15.0,32.1211064314803,33.78276226505673,33.680171124790405,double,1.6616558335764309
2816.043,15.0,32.11816205739799,33.78739024834536,33.68424170851018,double,1.669228190947375
2816.526,15.0,32.117359942870735,33.79185805607951,33.68816750473284,double,1.6744981132087722
2817.008,15.0,32.11553400267759,33.79613715726465,33.69192348786394,double,1.6806031545870626
2817.49,15.0,32.113587419730884,33.80023677344007,33.695517819528924,double,1.6866493537091853
2817.972,15.0,32.11266137592564,33.804156699030244,33.69895037158893,double,1.6914953231046026
2818.454,15.0,32.11124477033459,33.80789673728739,33.70222102153539,double,1.6966519669528057
2818.936,15.0,32.110973614735435,33.811456700301505,33.70532965248818,double,1.7004830855660735
2819.418,15.0,32.11001756390522,33.814836409010155,33.70827615319399,double,1.7048188451049329
2819.9,15.0,32.108858652908154,33.81803569320749,33.711060418024545,double,1.7091770402993423
2820.383,15.0,32.10870148768619,33.82106046658732,33.71368761784793,double,1.712358978901135
2820.865,15.0,32.10753775124267,33.82389805148732,33.71614677945021,double,1.716360300244657
2821.347,15.0,32.1065311959671,33.82655475419649,33.71844342185079,double,1.7200235582293888
2821.829,15.0,32.105674049208076,33.829030440038224,33.720577461919696,double,1.7233563908301441
2822.311,15.0,32.10383396604699,33.83132498323238,33.72254882214575,double,1.7274910171853841
2822.793,15.0,32.10172834261489,33.833438266901865,33.72435743063525,double,1.7317099242869782
2823.275,15.0,32.09966325685496,33.83537018307883,33.72600322111145,double,1.7357069262238678
2823.757,15.0,32.097536565374526,33.837120632710544,33.72748613291354,double,1.7395840673360141
2824.24,15.0,32.09335671817662,33.8386925918437,33.72880868013551,double,1.7453358736670754
2824.722,15.0,32.08950812661529,33.84007946999232,33.72996533688099,double,1.750571343377022
2825.204,15.0,32.08654369635542,33.84128463783761,33.73095896657479,double,1.7547409414821913
2825.686,15.0,32.082178302493546,33.84230803205418,33.731789531026166,double,1.7601297295606277
2826.168,15.0,32.07700371888044,33.84314959825371,33.73245699765808,double,1.766145879373271
2826.65,15.0,32.07007040581239,33.84380929098836,33.73296133950717,double,1.773738885175974
2827.132,15.0,32.06622407351286,33.84428707375318,33.733302535223494,double,1.7780630002403153
2827.614,15.0,32.06053742071076,33.84458291898847,33.73348056907092,double,1.7840454982777143
2828.096,15.0,32.05530088060256,33.8446968080816,33.733495430927,double,1.7893959274790427
2828.579,15.0,32.051680394020494,33.84462840097545,33.73334663895523,double,1.7929480069549586
2829.061,15.0,32.047358664380496,33.84437798022237,33.733034810385476,double,1.797019315841869
2829.543,15.0,32.043510462276146,33.84394560120916,33.7325598131637,double,1.8004351389330153
2830.025,15.0,32.038966388923924,33.843331281139065,33.7319216596387,double,1.8043648922151434
2830.507,15.0,32.03549050665878,33.84253504616471,33.73112036777564,double,1.807044539505931
2830.989,15.0,32.03212941730394,33.84155693138739,33.73015596115704,double,1.8094275140834448
2831.471,15.0,32.02974019406196,33.840396980855566,33.72902846898364,double,1.8106567867936074
2831.953,15.0,32.02663518037098,33.839055247563344,33.727737926075505,double,1.8124200671923607
2832.436,15.0,32.02472957009189,33.83752844390449,33.726281187784934,double,1.8127988738125933
2832.918,15.0,32.02271333860741,33.83582296305748,33.72466433230239,double,1.813109624450071
2833.4,15.0,32.02101749397196,33.833935912256784,33.722884564386504,double,1.8129184182848257
2833.882,15.0,32.018876433177134,33.83186738027116,33.72094194135899,double,1.8129909470940286
2834.364,15.0,32.016968765392726,33.82961746479981,33.718836526167955,double,1.8126486994070823
2834.846,15.0,32.014813638325286,33.82718627246779,33.716568387389344,double,1.8123726341425062
2835.328,15.0,32.01082768416308,33.82457391882143,33.71413759922896,double,1.8137462346583477
2835.81,15.0,32.008557937312034,33.82178052832284,33.71154424152427,double,1.8132225910108102
2836.292,15.0,32.005530239749085,33.81880623434445,33.70878839974647,double,1.8132759945953647
2836.775,15.0,32.001607698814716,33.815644445607816,33.7058639418329,double,1.8140367467931018
2837.257,15.0,31.99807384004537,33.81230840585061,33.70278307425847,double,1.8142345658052395
2837.739,15.0,31.99513060603789,33.80879191647007,33.69954001306695,double,1.8136613104321797
2838.221,15.0,31.99163407940831,33.80509514643231,33.69613486629848,double,1.813461067023997
2838.703,15.0,31.98743525390623,33.80121827357869,33.69256774763857,double,1.8137830196724603
2839.185,15.0,31.983507011197158,33.79716148461739,33.688838776420724,double,1.8136544734202287
2839.667,15.0,31.979811924925546,33.79292497511487,33.68494807762929,double,1.81311305018933
2840.149,15.0,31.974750563713084,33.78850894948644,33.68089578190217,double,1.8137583857733564
2840.632,15.0,31.970947249869425,33.78390390087806,33.676673115560384,double,1.8129566510086348
2841.114,15.0,31.966119710113134,33.77912912029127,33.67229770597013,double,1.8130094101781402
2841.596,15.0,31.96312446419241,33.77417549030821,33.66776112562137,double,1.8110510261158008
2842.078,15.0,31.957785576292725,33.7690432506578,33.66306352780839,double,1.81125767436508
2842.56,15.0,31.95541068882483,33.76373264986542,33.6582050714947,double,1.8083219610405876
2843.042,15.0,31.950905535672845,33.758243945241176,33.65318592131634,double,1.8073384095683265
2843.524,15.0,31.945012672245802,33.752577402867495,33.648006247585435,double,1.8075647306216913
2844.006,15.0,31.939843474715218,33.74673329758675,33.64266622629376,double,1.8068898228715324
2844.489,15.0,31.934979670574247,33.74069923640882,33.637154461576756,double,1.8057195658345737
2844.97,15.0,31.93109364105458,33.73451354139328,33.63150587341538,double,1.803419900338693
2845.453,15.0,31.92553037278175,33.72812507413258,33.62567368169668,double,1.8025947013508237
2845.935,15.0,31.921128073435,33.721573274777505,33.61969381291994,double,1.8004452013425043
2846.417,15.0,31.91511223344714,33.71484541832015,33.613554562296834,double,1.7997331848730092
2846.899,15.0,31.91018250499937,33.707941831889556,33.607256139988564,double,1.7977593268901915
2847.381,15.0,31.905220995768914,33.70086285127387,33.600798761863274,double,1.7956418555049591
2847.863,15.0,31.898280558649887,33.69360882090415,33.594182649500254,double,1.7953282622542643
2848.345,15.0,31.89275211562127,33.68618009383796,33.58740803019428,double,1.7934279782166884
2848.827,15.0,31.885433195868007,33.67857703174233,33.58047513696,double,1.7931438358743224
2849.31,15.0,31.87816326717653,33.670783689391506,33.5733693329581,double,1.79262042221498
2849.792,15.0,31.871366282462205,33.6628327168519,33.56612028670415,double,1.791466434389699
2850.274,15.0,31.86461552580127,33.65470854657778,33.558713700454476,double,1.790093020776512
2850.756,15.0,31.85730793169671,33.64641157451397,33.55114983015995,double,1.789103642817258
2851.238,15.0,31.849752577505182,33.63794220512363,33.543428937514044,double,1.7881896276184472
2851.72,15.0,31.842853944031624,33.62930085136877,33.535551289957645,double,1.7864469073371414
2852.202,15.0,31.83603730912618,33.62048793469039,33.52751716068382,double,1.78445062556421
2852.684,15.0,31.829972630598526,33.61150388498818,33.51932682864272,double,1.7815312543896566
2853.167,15.0,31.822612209576175,33.602329970226016,33.51096310079901,double,1.779717760649846
2853.649,15.0,31.816462244994316,33.59300462516429,33.5024609005535,double,1.7765423801699765
2854.131,15.0,31.81151933173413,33.58350948827312,33.493803369603235,double,1.771990156538994
2854.613,15.0,31.804740640786605,33.57384502309252,33.48499080998799,double,1.7691043823059083
2855.095,15.0,31.799504212777705,33.56401170151325,33.476023529529655,double,1.764507488735545
2855.577,15.0,31.794147674840612,33.55401000375397,33.466901841837284,double,1.7598623289133641
2856.059,15.0,31.788993397770128,33.543840418338185,33.45762606631223,double,1.7548470205680566
2856.541,15.0,31.783868230711775,33.5335034420703,33.448196528153495,double,1.7496352113585245
2857.023,15.0,31.77906260854675,33.52299958001183,33.438613558362775,double,1.7439369714650765
2857.506,15.0,31.77214073676295,33.512307035457475,33.428857135540824,double,1.7401662986945288
2857.988,15.0,31.766632130341677,33.501470606366325,33.41896800217566,double,1.7348384760246471
2858.47,15.0,31.761249630609644,33.490468857072095,33.40892646578203,double,1.7292192264624473
2858.952,15.0,31.757001603605907,33.479302325432705,33.39873288063772,double,1.7223007218267972
2859.434,15.0,31.751147519259664,33.467971557436705,33.388387606849804,double,1.7168240381770394
2859.916,15.0,31.744916964182302,33.45647710717687,33.377891010360045,double,1.7115601429945726
2860.398,15.0,31.73945821414792,33.44481953682328,33.36724346295027,double,1.7053613226753639
2860.88,15.0,31.732544011673458,33.43299941659599,33.356445342247675,double,1.700455404922535
2861.363,15.0,31.726420140105045,33.42099229766211,33.3454741615405,double,1.6945721575570671
2861.845,15.0,31.718971115612177,33.40884848619966,33.33437574016217,double,1.6898773705874837
2862.327,15.0,31.710969258753043,33.39654388478639,33.323127914325234,double,1.6855746260333482
2862.809,15.0,31.704108592369177,33.3840790955784,33.31173108510469,double,1.6799705032092216
2863.291,15.0,31.694987593815227,33.371454728639314,33.300185659447905,double,1.676467134824089
2863.773,15.0,31.686443929095848,33.35867140191095,33.28849205017993,double,1.6722274728150965
2864.255,15.0,31.677942587238228,33.345729741182986,33.276650676008934,double,1.6677871539447553
2864.737,15.0,31.66912588880765,33.332630380062746,33.2646619615314,double,1.6635044912550967
2865.219,15.0,31.65897863375658,33.31937395994438,33.25252633723756,double,1.6603953261877968
2865.702,15.0,31.65091919859428,33.3059331403963,33.240218606033245,double,1.6550139418020193
2866.184,15.0,31.64199425854776,33.292364235003944,33.227790174673274,double,1.650369976456184
2866.666,15.0,31.633795258507313,33.27864024258943,33.21521616131859,double,1.6448449840821222
2867.148,15.0,31.62690618275446,33.264761835394076,33.2024970200989,double,1.6378556526396137
2867.63,15.0,31.617750851699753,33.25072969328626,33.18963321106382,double,1.6329788415865076
2868.112,15.0,31.611827542252886,33.23654450372822,33.17662520018786,double,1.6247169614753365
2868.594,15.0,31.604313264889157,33.22220696174245,33.16347345937542,double,1.6178936968532953
2869.076,15.0,31.59672697383849,33.2077177698782,33.15017846646591,double,1.6109907960397074
2869.559,15.0,31.59006036001707,33.19304710805464,33.13671267799746,double,1.6029867480375715
2870.041,15.0,31.583239353817255,33.17825644310194,33.123132343505844,double,1.5950170892846838
2870.523,15.0,31.576496169299105,33.163316282245134,33.10941022712876,double,1.5868201129460247
2871.005,15.0,31.569420496931826,33.14822735780908,33.095546830506606,double,1.578806860877252
2871.487,15.0,31.561755189579216,33.13299040947027,33.08154266123889,double,1.571235219891054
2871.969,15.0,31.554694986792274,33.11760618422095,33.0673982328888,double,1.5629111974286791
2872.451,15.0,31.54785260784294,33.102075436332555,33.053114064987696,double,1.5542228284896153
2872.933,15.0,31.541102922719073,33.086398927319046,33.038690683039654,double,1.545296004599972
2873.416,15.0,31.533962345391735,33.07054445102585,33.024098262985355,double,1.5365821056341156
2873.897,15.0,31.52640462115976,33.05461170796166,33.009428408908235,double,1.5282070868019026
2874.38,15.0,31.518574194635345,33.038468986494365,32.99455967113796,double,1.5198947918590167
2874.862,15.0,31.510834511233583,33.02221689654783,32.97958452388107,double,1.5113823853142472
2875.344,15.0,31.502694818414284,33.00582296203226,32.96447288099535,double,1.5031281436179766
2875.826,15.0,31.493821914614106,32.98928798713877,32.94922530392144,double,1.495466072524665
2876.308,15.0,31.484711286672955,32.97261278303355,32.933842360101174,double,1.487901496360594
2876.79,15.0,31.47617004162998,32.955798167818294,32.91832462298109,double,1.4796281261883149
2877.272,15.0,31.467780389833038,32.938844966490166,32.90267267201595,double,1.4710645766571273
2877.754,15.0,31.459838616927787,32.92175401090163,32.88688709267219,double,1.4619153939738394
2878.237,15.0,31.45177770120324,32.90449025551036,32.87093531237828,double,1.4527125543071173
2878.719,15.0,31.443656527502164,32.887126032756086,32.85488398259366,double,1.4434695052539248
2879.201,15.0,31.434142506123862,32.86962659379725,32.83870081818937,double,1.4354840876733888
2879.683,15.0,31.425532393036598,32.85199279751164,32.82238642872177,double,1.426460404475044
2880.165,15.0,31.41766568340671,32.83422550942565,32.80594142977369,double,1.4165598260189427
2880.647,15.0,31.408113144010407,32.81632560167218,32.789366442956755,double,1.4082124576617783
2881.129,15.0,31.400755076767002,32.79829395294796,32.772662095913965,double,1.3975388761809593
2881.611,15.0,31.393624014814332,32.78013144847052,32.755829022321706,double,1.3865074336561922
2882.094,15.0,31.385583571330667,32.76180089428037,32.73883254006346,double,1.3762173229497021
2882.576,15.0,31.379367310597523,32.74337909298265,32.721743674820004,double,1.3640117823851272
2883.058,15.0,31.371443251043473,32.724829132158845,32.70452802163478,double,1.353385881115371
2883.54,15.0,31.364854589779444,32.706151922687354,32.68718623834881,double,1.3412973329079092
2884.022,15.0,31.357013764038722,32.68734838174786,32.66971898884481,double,1.330334617709139
2884.504,15.0,31.349066006643646,32.668419432776496,32.65212694304835,double,1.3193534261328521
2884.986,15.0,31.340625002146727,32.64936600542079,32.634410776928554,double,1.308741003274061
2885.468,15.0,31.331670022113357,32.630189035493935,32.616571172499,double,1.298519013380578
2885.95,15.0,31.32441441701071,32.610889464929194,32.59860881781793,double,1.2864750479184839
2886.433,15.0,31.31549647022944,32.59142782294302,32.58048676107189,double,1.2759313527135774
2886.915,15.0,31.307552336678025,32.57188565173587,32.56228074319907,double,1.2643333150578417
2887.397,15.0,31.29888568830306,32.55222374394667,32.543954076991184,double,1.2533380556436102
2887.879,15.0,31.29007355861856,32.53244306553743,32.525507474698564,double,1.2423695069188667
2888.361,15.0,31.281853442219532,32.512544588356626,32.50694165461516,double,1.2306911461370973
2888.843,15.0,31.27285364280604,32.49252929009188,32.48825734107788,double,1.2196756472858394
2889.325,15.0,31.26283391879755,32.47239815422185,32.46945526446523,double,1.2095642354242986
2889.807,15.0,31.25328110252897,32.45215216996825,32.45053616119596,double,1.1988710674392833
2890.29,15.0,31.243064775591968,32.43174997426303,32.43146116086357,double,1.1886851986710578
2890.772,15.0,31.234277592623016,32.41127705054648,32.41230999877161,double,1.176999457923461
2891.254,15.0,31.225327399022046,32.390692282177206,32.39304405707459,double,1.1653648831551566
2891.736,15.0,31.21682553727566,32.36999668087338,32.373664096345465,double,1.1531711435977143
2892.218,15.0,31.20797770105056,32.34919126385117,32.35417088318629,double,1.1412135628006082
2892.7,15.0,31.198819473596828,32.328277053774855,32.33456519022525,double,1.1294575801780282
2893.182,15.0,31.188951879525632,32.30725507870681,32.31484779611337,double,1.1183031991811754
2893.664,15.0,31.17964030416513,32.286126372057225,32.295019485520704,double,1.106486067892093
2894.146,15.0,31.171556910953484,32.264891972533164,32.27508104913254,double,1.093335061579681
2894.629,15.0,31.163074798966434,32.24350854414814,32.25499157767923,double,1.080433745181708
2895.111,15.0,31.15616795513894,32.22206568208742,32.234835061474996,double,1.0658977269484782
2895.593,15.0,31.149560595001418,32.20052027673888,32.214570829262065,double,1.0509596817374567
2896.075,15.0,31.14257834010204,32.1788733874972,32.19419969575308,double,1.0362950473951582
2896.557,15.0,31.135651931805953,32.15712607879688,32.173722481651346,double,1.021474146990925
2897.039,15.0,31.128688235860956,32.135279420060314,32.15314001364499,double,1.006591184199357
2897.521,15.0,31.12182059494884,32.11333448564535,32.13245312440078,double,0.9915138906965104
2898.003,15.0,31.11437445920609,32.09129235479239,32.11166265255735,double,0.9769178955862989
2898.486,15.0,31.106788471947517,32.06910808245262,32.09072598960328,double,0.962319610505108
2898.968,15.0,31.09936461885418,32.0468746197022,32.06973068183395,double,0.9475100008480175
2899.45,15.0,31.091472815862982,32.02454722927508,32.04863434492541,double,0.9330744134120994
2899.932,15.0,31.0841224103953,32.002127009420775,32.02743784134362,double,0.9180045990254793
2900.414,15.0,31.076505053756602,31.97961506300457,32.00614203948827,double,0.9031100092479649
2900.896,15.0,31.067664295933774,31.957012497453373,31.98474781368382,double,0.8893482015196019
2901.378,15.0,31.059054904922544,31.934320424701347,31.96325604417045,double,0.8752655197788006
2901.86,15.0,31.050280279860353,31.911539961135503,31.941667617094467,double,0.8612596812751505
2902.343,15.0,31.041751448525538,31.888624694172996,31.919938337620767,double,0.8468732456474559
2902.824,15.0,31.030871534904342,31.865718349045363,31.898204364310057,double,0.8348468141410215
2903.307,15.0,31.020662914667717,31.84263156894214,31.87628586357023,double,0.8219686542744187
2903.789,15.0,31.01015268665275,31.819508620277702,31.854319593362533,double,0.8093559336249556
2904.271,15.0,31.001381716907584,31.796302929966824,31.832261186457483,double,0.7949212130592409
2904.753,15.0,30.99176525333189,31.773015639964008,31.81011156422624,double,0.7812503866321152
2905.235,15.0,30.982998725606137,31.749647896288735,31.787871653867665,double,0.7666491706825984
2905.717,15.0,30.974390327615435,31.72620084896908,31.76554238839512,double,0.7518105213536408
2906.199,15.0,30.96552904298201,31.702675651985256,31.743124706623295,double,0.7371466090032475
2906.681,15.0,30.956489803484583,31.679073463213054,31.72061955315429,double,0.7225836597284707
2907.164,15.0,30.94791494739601,31.655346241829175,31.69798091839235,double,0.707431294433164
2907.646,15.0,30.939813363819308,31.631593404713477,31.675303501889594,double,0.6917800408941688
2908.128,15.0,30.932759644748614,31.60776707467012,31.652541484076753,double,0.6750074299215092
2908.61,15.0,30.925804760595515,31.583868424594318,31.629695832569826,double,0.6580636639988036
2909.092,15.0,30.91937091144697,31.559898630990624,31.606767520696234,double,0.6405277195436543
2909.574,15.0,30.911874943223694,31.535858873915107,31.583757527477786,double,0.623983930691413
2910.056,15.0,30.903951309418453,31.511750336917622,31.560666837613915,double,0.6077990274991674
2910.538,15.0,30.89570972688837,31.487574206983517,31.53749644146386,double,0.5918644800951445
2911.021,15.0,30.88856691548378,31.46328131056699,31.514199019242596,double,0.5747143950832145
2911.503,15.0,30.881141234710192,31.438973435121042,31.49087204396942,double,0.5578322004108516
2911.985,15.0,30.87363524746275,31.41460155021065,31.46746836935797,double,0.5409663027479028
2912.467,15.0,30.864108564020537,31.390166855985115,31.44398900823161,double,0.5260582919645762
2912.949,15.0,30.856083830258786,31.365670555736436,31.420434978977696,double,0.5095867254776509
2913.431,15.0,30.84719428751938,31.34111385583945,31.396807305526668,double,0.493919568320067
2913.913,15.0,30.838541095741647,31.31649796569308,31.37310701733088,double,0.4779568699514347
2914.395,15.0,30.829452072879874,31.291824097660804,31.349335149342792,double,0.4623720247809271
2914.877,15.0,30.82059380715938,31.26709346701097,31.3254927419926,double,0.44649965985159024
2915.36,15.0,30.811174204972097,31.24225581136545,31.301531159902595,double,0.431081606393352
2915.842,15.0,30.800802183299535,31.217415201173214,31.27755067601482,double,0.4166130178736793
2916.324,15.0,30.791356584320873,31.19252149354179,31.253502808887728,double,0.4011649092209191
2916.806,15.0,30.780880358672174,31.167575914766388,31.229388620638876,double,0.38669555609421313
2917.288,15.0,30.770886683163024,31.142579693746917,31.205209178743253,double,0.3716930105838956
2917.77,15.0,30.762080055486823,31.117534061927827,31.180965556007678,double,0.3554540064410028
2918.252,15.0,30.752844439846207,31.0924402532375,31.15665883054437,double,0.3395958133912913
2918.734,15.0,30.74344164958936,31.067299504027673,31.132290085744174,double,0.32385785443831416
2919.217,15.0,30.733596650023177,31.0420607523183,31.107809663695463,double,0.3084641022951251
2919.699,15.0,30.724520148546787,31.016829749562756,31.083320028367734,double,0.29230960101597203
2920.181,15.0,30.71536135590749,30.991555531855703,31.058771657554416,double,0.2761941759482134
2920.663,15.0,30.70529970423189,30.96623934463747,31.034165655490288,double,0.2609396404055775
2921.145,15.0,30.69686201316201,30.940882435466534,31.009503131545074,double,0.24402042230451948
2921.627,15.0,30.68766538341685,30.91548605395811,30.984785200192945,double,0.22782067054125665
2922.109,15.0,30.68052819018396,30.890051451722755,30.96001298098157,double,0.20952326153879652
2922.591,15.0,30.67125571260686,30.86457988230487,30.935187598500168,double,0.19332416969801147
2923.073,15.0,30.66208851969958,30.83907260112082,30.91031018234697,double,0.17698408142123867
2923.556,15.0,30.652810470417556,30.813477839302223,30.885330096480423,double,0.16066736888466493
2924.038,15.0,30.643251688919936,30.78790284045448,30.86035191960206,double,0.14465115153454167
2924.52,15.0,30.634314462506744,30.762295909322056,30.83532512994821,double,0.12798144681531176
2925.002,15.0,30.624914579258693,30.736658308194986,30.810250876827418,double,0.11174372893629214
2925.484,15.0,30.616347615548513,30.710991300925492,30.785130314385746,double,0.09464368537698276
2925.966,15.0,30.607515575513116,30.685296152866144,30.7599646015707,double,0.07778057735302601
2926.448,15.0,30.598323264492787,30.65957413080751,30.734754902094313,double,0.06125086631472154
2926.93,15.0,30.58850725052171,30.633826502915635,30.70950238439527,double,0.04531925239392165
2927.413,15.0,30.580849986670966,30.60800104544814,30.684155701611182,double,0.027151058777175052
2927.895,15.0,30.57253591954791,30.582205969046427,30.658820988769353,double,0.009670049498516908
2928.377,15.0,30.564174832925396,30.556389101579402,30.633446993454772,double,-0.007785731345993918
2928.859,15.0,30.5545458385923,30.530551716093356,30.60803490263404,double,-0.023994122498943726
2929.341,15.0,30.54609350539885,30.504695086697375,30.582585907802866,double,-0.04139841870147709
2929.823,15.0,30.536396043614044,30.47882048850076,30.557101204944082,double,-0.05757555511328727
2930.305,15.0,30.52762137294764,30.452929197550205,30.531581994485702,double,-0.07469217539743389
2930.787,15.0,30.51886087477796,30.42702249076704,30.50602948125777,double,-0.09183838401091715
2931.27,15.0,30.509897352099223,30.401047854387926,30.480391761831214,double,-0.1088494977112997
2931.751,15.0,30.502249539789595,30.375167941383474,30.45482938756014,double,-0.1270815984061202
2932.234,15.0,30.49403579778534,30.349168816890515,30.429131002673525,double,-0.14486698089482553
2932.716,15.0,30.48658060141665,30.32321321124032,30.403457355432632,double,-0.16336739017633328
2933.198,15.0,30.47923460645053,30.297248587938007,30.377756496597787,double,-0.18198601851251994
2933.68,15.0,30.470939234603016,30.271276227831994,30.352029656478212,double,-0.19966300677102256
2934.162,15.0,30.464019984738528,30.24529741220431,30.326278069464678,double,-0.218722572534219
2934.644,15.0,30.457715330610707,30.219313422707483,30.300502973980812,double,-0.23840190790322402
2935.126,15.0,30.45007910110621,30.193325541301487,30.274705612433927,double,-0.25675355980472325
2935.608,15.0,30.44320116442909,30.167335050190825,30.248887231165156,double,-0.2758661142382657
2936.091,15.0,30.435214738241413,30.141289306336404,30.222995454595385,double,-0.29392543190500664
2936.573,15.0,30.42891397798658,30.115297444331013,30.197138751278313,double,-0.3136165336555641
2937.055,15.0,30.420991984149993,30.089306822729245,30.171264792966777,double,-0.3316851614207472
2937.537,15.0,30.41434259563649,30.063318724081,30.145374841229522,double,-0.3510238715554892
2938.019,15.0,30.40717951772063,30.037334430864483,30.11947016130792,double,-0.3698450868561465
2938.501,15.0,30.399688923999324,30.011355225423163,30.093552022061775,double,-0.38833369857615985
2938.983,15.0,30.39226338815849,29.985382389902533,30.06762169591411,double,-0.4068809982559596
2939.465,15.0,30.385094922606864,29.959417206186778,30.041680458795483,double,-0.42567771642008645
2939.948,15.0,30.37783317467077,29.933407114869116,30.01567574098807,double,-0.44442605980165584
2940.43,15.0,30.37019008643334,29.907461101578857,29.989716507480214,double,-0.46272898485448244
2940.912,15.0,30.361941007013783,29.881526586204238,29.96375021394062,double,-0.480414420809544
2941.394,15.0,30.353783180978795,29.855604848952133,29.937778149764053,double,-0.49817833202666084
2941.876,15.0,30.34638636760131,29.82969716945253,29.911801607562705,double,-0.5166891981487787
2942.358,15.0,30.338643438757128,29.80380482669542,29.88582188310604,double,-0.534838612061711
2942.84,15.0,30.329082191804968,29.777929098967665,29.85984027525988,double,-0.5511530928373032
2943.322,15.0,30.319146010223413,29.752071263790114,29.83385808592492,double,-0.5670747464332992
2943.804,15.0,30.310065584140894,29.726232597854562,29.807876619974188,double,-0.5838329862863312
2944.287,15.0,30.300121374382577,29.70036083432428,29.78184328896797,double,-0.5997605400582973
2944.769,15.0,30.290404000153643,29.67456437970379,29.755867204275887,double,-0.615839620449854
2945.251,15.0,30.281458116219977,29.648790921439005,29.72989577751494,double,-0.6326671947809726
2945.733,15.0,30.27292994579931,29.62304173227427,29.703930324815065,double,-0.6498882135250406
2946.215,15.0,30.264767349595438,29.59731808381072,29.67797216495598,double,-0.6674492657847197
2946.697,15.0,30.255302715210775,29.57162124644314,29.652022619299977,double,-0.6836814687676329
2947.179,15.0,30.246742569476115,29.54595248929776,29.62608301172476,double,-0.700790080178354
2947.661,15.0,30.23785193148037,29.52031308016939,29.600154668555145,double,-0.7175388513109782
2948.144,15.0,30.228326987855127,29.494651187880795,29.57418516539133,double,-0.7336757999743315
2948.626,15.0,30.220361721550145,29.469074339986605,29.548283369724015,double,-0.7512873815635368
2949.108,15.0,30.212206833808203,29.443530637500643,29.52239683419535,double,-0.7686761963075606
2949.59,15.0,30.20255590966421,29.418021342264524,29.49652689422681,double,-0.7845345673996862
2950.072,15.0,30.193269071207336,29.39254771447638,29.47067488733509,double,-0.8007213567309546
2950.554,15.0,30.18434807084734,29.367111012628932,29.444842153059682,double,-0.8172370582184063
2951.036,15.0,30.177161155215828,29.341712493447208,29.419030032889694,double,-0.8354486617686174
2951.518,15.0,30.169179316513233,29.31635341182655,29.393239870189724,double,-0.8528259046866826
2952.0,15.0,30.16145160720896,29.291035020770927,29.36747301012551,double,-0.8704165864380331
2952.483,15.0,30.154198931062737,29.265706175029226,29.341677419070844,double,-0.8884927560335099
2952.965,15.0,30.14643118218418,29.24047300714393,29.31596126194252,double,-0.9059581750402501
2953.447,15.0,30.14043114425719,29.21528427945297,29.290272455798714,double,-0.9251468648042216
2953.929,15.0,30.133612785250214,29.19014123677227,29.26461235225208,double,-0.9434715484779421
2954.411,15.0,30.12737417199508,29.16504512171778,29.23898230433212,double,-0.9623290502772996
2954.893,15.0,30.12127910625638,29.13999717464446,29.21338366640711,double,-0.9812819316119215
2955.375,15.0,30.115302984990333,29.114998633584776,29.1878177941041,double,-1.0003043514055565
2955.857,15.0,30.109073111839358,29.090050734187894,29.162286044229223,double,-1.0190223776514629
2956.34,15.0,30.10376682053083,29.065103112933038,29.136736915685862,double,-1.0386637075977923
2956.822,15.0,30.0973903862847,29.040260305425015,29.111277563239046,double,-1.0571300808596862
2957.304,15.0,30.090514043448213,29.015471834161993,29.085856412722038,double,-1.07504220928622
2957.786,15.0,30.084991390419596,28.99073892464472,29.06047482484302,double,-1.0942524657748753
2958.268,15.0,30.077511053310683,28.966062799686764,29.03513416107817,double,-1.11144825362392
2958.75,15.0,30.07091811865501,28.941444679353946,29.009835783587544,double,-1.1294734393010653
2959.232,15.0,30.06515306708255,28.91688578090387,28.984581055130032,double,-1.1482672861786836
2959.714,15.0,30.059008133620125,28.89238731872635,28.959371338978553,double,-1.1666208148937762
2960.197,15.0,30.052542090614764,28.867899870419304,28.934155841887428,double,-1.1846422201954587
2960.678,15.0,30.046011027452668,28.843576546047455,28.90909239873598,double,-1.2024344814052124
2961.161,15.0,30.040024133718212,28.81921628140216,28.883973949793795,double,-1.2208078523160526
2961.643,15.0,30.034297585862006,28.794971785403554,28.85895802896853,double,-1.2393258004584518
2962.125,15.0,30.028428707211997,28.770793754994944,28.833993944316482,double,-1.2576349522170516
2962.607,15.0,30.02343720785715,28.746683386096322,28.809083060364166,double,-1.2767538217608287
2963.089,15.0,30.017649999867473,28.7226418713428,28.784226741536546,double,-1.2950081285246773
2963.571,15.0,30.012327811085992,28.698670400025495,28.759426352066665,double,-1.3136574110604982
2964.053,15.0,30.006287327627607,28.674770158033024,28.73468325590487,double,-1.3315171695945816
2964.535,15.0,29.999995169761295,28.650942327792706,28.709998816627458,double,-1.3490528419685899
2965.018,15.0,29.995316888525576,28.62713888287069,28.685323372673633,double,-1.3681780056548853
2965.5,15.0,29.990964859320396,28.603459565615363,28.66076046470245,double,-1.3875052937050325
2965.982,15.0,29.98565751963287,28.579856188470586,28.636260304001958,double,-1.405801331162282
2966.464,15.0,29.98026896674481,28.55632991942862,28.611824251725,double,-1.4239390473161917
2966.946,15.0,29.974394482261047,28.53288192272998,28.587453668184704,double,-1.4415125595310663
2967.428,15.0,29.969097266649758,28.509513358805826,28.56314991275991,double,-1.459583907843931
2967.91,15.0,29.963287239411407,28.48622538422072,28.538914343799878,double,-1.4770618551906867
2968.392,15.0,29.957243942827322,28.46301915161546,28.514748318528603,double,-1.4942247912118622
2968.875,15.0,29.951480980960614,28.439847922870655,28.49060327770152,double,-1.5116330580899617
2969.357,15.0,29.94368984448068,28.416808791701413,28.46658055781005,double,-1.5268810527792664
2969.839,15.0,29.936422179165685,28.39385483868444,28.442631448369692,double,-1.5425673404812434
2970.321,15.0,29.929791134826516,28.370987200188825,28.418757301133596,double,-1.5588039346376925
2970.803,15.0,29.922706602804073,28.34820700837657,28.394959466243684,double,-1.574499594427503
2971.285,15.0,29.91557274171397,28.32551539114703,28.371239292132373,double,-1.5900573505669424
2971.767,15.0,29.90859692589842,28.302913472080654,28.34759812542315,double,-1.6056834538177633
2972.249,15.0,29.900842330574317,28.280402370383996,28.324037310831784,double,-1.620439960190323
2972.731,15.0,29.89183626344316,28.25798320083372,28.300558191066017,double,-1.6338530626094416
2973.214,15.0,29.885261884044844,28.235610851441372,28.277113654375498,double,-1.649651032603472
2973.696,15.0,29.8784392798159,28.21337906899514,28.25380212029077,double,-1.6650602108207624
2974.178,15.0,29.871587777259524,28.191242538177857,28.23057629887367,double,-1.6803452390816653
2974.66,15.0,29.865057919243554,28.16920235548904,28.20743752378959,double,-1.6958555637545114
2975.142,15.0,29.858659299695567,28.14725961272526,28.18438712619122,double,-1.7113996869703052
2975.624,15.0,29.85448311138027,28.125415396925675,28.1614264346161,double,-1.7290677144545963
2976.106,15.0,29.849101825092472,28.103670790318475,28.13855677488447,double,-1.7454310347739976
2976.588,15.0,29.844779262939575,28.082026870267445,28.115779469996617,double,-1.762752392672129
2977.071,15.0,29.84013052718369,28.060440122457774,28.093048876845618,double,-1.7796904047259143
2977.553,15.0,29.834721287343456,28.03900100232467,28.070460437295697,double,-1.795720285018787
2978.035,15.0,29.83037268545955,28.017665773318512,28.04796830636044,double,-1.8127069121410377
2978.517,15.0,29.824171213647443,27.996435492803396,28.025573794719538,double,-1.8277357208440481
2978.999,15.0,29.81972847352912,27.97531121301463,28.003278209714367,double,-1.8444172605144915
2979.481,15.0,29.81599739422687,27.9542939810065,27.98108285524349,double,-1.861703413220367
2979.963,15.0,29.810549946789312,27.93338483860065,27.9589890316581,double,-1.877165108188661
2980.445,15.0,29.80630083835367,27.912584822334303,27.936998035657158,double,-1.89371601601937
2980.927,15.0,29.79958318631707,27.89189496340897,27.915111160182082,double,-1.9076882229080994
2981.41,15.0,29.793222289511522,27.871273709574684,27.89328461501366,double,-1.9219485799368385
2981.892,15.0,29.788404725642586,27.85080747118256,27.871610066550232,double,-1.9375972544600273
2982.374,15.0,29.782266358597383,27.830454453312388,27.85004349649268,double,-1.9518119052849947
2982.856,15.0,29.777609318596372,27.8102156653034,27.82858618168973,double,-1.9673936532929703
2983.338,15.0,29.772530427817724,27.790092110906382,27.807239394704407,double,-1.982438316911339
2983.82,15.0,29.76769058529472,27.770084788233852,27.78600440370801,double,-1.9976057970608696
2984.302,15.0,29.763934148005816,27.75019468971067,27.76488247237395,double,-2.0137394582951442
2984.784,15.0,29.761248466045053,27.730422802024833,27.743874859771477,double,-2.0308256640202194
2985.267,15.0,29.757496484134847,27.710729457427462,27.722939596784652,double,-2.0467670267073856
2985.749,15.0,29.755224257399078,27.691197178607226,27.70216462357107,double,-2.0640270787918524
2986.231,15.0,29.752401773610025,27.671786037784564,27.681507720185394,double,-2.080615735825464
2986.713,15.0,29.75128273851143,27.6524969982017,27.660970126205797,double,-2.098785740309733
2987.195,15.0,29.748945692654416,27.633331017122376,27.64055307607387,double,-2.1156146755320404
2987.677,15.0,29.74846219011422,27.61428904578427,27.620257798988174,double,-2.134173144329954
2988.159,15.0,29.7481618372474,27.595372029351882,27.600085518797492,double,-2.1527898078955165
2988.641,15.0,29.747129132774752,27.576580906869662,27.580037453894494,double,-2.170548225905089
2989.124,15.0,29.745420011209383,27.55787802109043,27.56007361505855,double,-2.1875419901189517
2989.605,15.0,29.74504937478001,27.539380069054527,27.540318815603236,double,-2.2056693057254826
2990.088,15.0,29.7452374791212,27.52093414458604,27.520609979156806,double,-2.2243033345351604
2990.57,15.0,29.74332961528663,27.502656134125893,27.501071115424715,double,-2.2406734811607376
2991.052,15.0,29.741971581525895,27.484508621295305,27.481662475839848,double,-2.2574629602305887
2991.534,15.0,29.739717655702247,27.466492507438044,27.46238524381226,double,-2.273225148264202
2992.016,15.0,29.73729534021534,27.448608687458098,27.443240596552137,double,-2.2886866527572436
2992.498,15.0,29.73492056583169,27.43085804977552,27.424229704964247,double,-2.304062516056171
2992.98,15.0,29.731919673060926,27.413241476282113,27.405353733542086,double,-2.3186781967788117
2993.462,15.0,29.72957549529067,27.39575984229773,27.386613840262687,double,-2.3338156529929432
2993.945,15.0,29.725415470034335,27.37837817110784,27.367972725187993,double,-2.347037298926491
2994.427,15.0,29.720846616977397,27.361169300036288,27.34950872380174,double,-2.359677316941111
2994.909,15.0,29.71618941375564,27.34409795633661,27.331184236692827,double,-2.372091457419029
2995.391,15.0,29.710796907485033,27.327164988595698,27.313000394708165,double,-2.383631918889334
2995.873,15.0,29.706244603132724,27.31037123861451,27.294958321654306,double,-2.3958733645182138
2996.355,15.0,29.70351501879457,27.293717541366163,27.27705913419356,double,-2.4097974774284046
2996.837,15.0,29.69952875012939,27.277204724954494,27.25930394174033,double,-2.4223240251748934
2997.319,15.0,29.69681577619775,27.260833610573027,27.24169384635795,double,-2.435982165624723
2997.802,15.0,29.694415680690618,27.24457149187971,27.224193863211287,double,-2.449844188810907
2998.284,15.0,29.691686756095613,27.228486515479734,27.206877544923287,double,-2.4632002406158815
2998.766,15.0,29.68900504828693,27.212545664474586,27.189709586992137,double,-2.476459383812346
2999.248,15.0,29.686133757991662,27.19674973199687,27.172691061033976,double,-2.4893840259947897
2999.73,15.0,29.682924624284514,27.18109950406823,27.155823030802473,double,-2.5018251202162833
3000.212,15.0,29.680759222685758,27.16559575956018,27.139106552087423,double,-2.5151634631255804
3000.694,15.0,29.678068166977408,27.15023927015534,27.122542672614546,double,-2.527828896822065
3001.176,15.0,29.67612533557483,27.135030800309313,27.106132431945074,double,-2.54109453526552
3001.658,15.0,29.67256238951153,27.119971107212294,27.089876861376123,double,-2.552591282299238
3002.141,15.0,29.672337089637935,27.105030162745287,27.073743744153667,double,-2.5673069268926483
3002.623,15.0,29.6688341025088,27.090270577997117,27.057800900293294,double,-2.5785635245116847
3003.105,15.0,29.665040051724095,27.075661999120488,27.042015771928867,double,-2.589378052603608
3003.587,15.0,29.661784637989648,27.061205153856495,27.02638935629616,double,-2.600579484133153
3004.069,15.0,29.658954496729656,27.04690076249627,27.01092264187592,double,-2.612053734233383
3004.551,15.0,29.65605953672864,27.03274953784519,26.99561660829729,double,-2.6233099988834496
3005.033,15.0,29.653418127770202,27.01875218518722,26.980472226241936,double,-2.634665942582981
3005.515,15.0,29.651103511730163,27.00490940225007,26.965490457348672,double,-2.6461941094800934
3005.998,15.0,29.647695533055877,26.991193643686334,26.95064168164055,double,-2.6565018893695447
3006.48,15.0,29.646241725655738,26.97766238721084,26.935988329622923,double,-2.668579338444893
3006.962,15.0,29.64388697084433,26.964287749347328,26.92150042241133,double,-2.6795992214970035
3007.444,15.0,29.64120897742437,26.95107039723814,26.907178884513417,double,-2.69013858018623
3007.926,15.0,29.638848673422945,26.93801099029929,26.89302463092699,double,-2.700837683123658
3008.408,15.0,29.63669085469102,26.92511018018745,26.879038567048617,double,-2.7115806745035718
3008.89,15.0,29.633986681682632,26.912368610767544,26.865221588583243,double,-2.7216180709150883
3009.372,15.0,29.632461938565026,26.89978691808067,26.85157458145415,double,-2.732675020484354
3009.854,15.0,29.632252384113617,26.887365730312318,26.838098421713973,double,-2.7448866538012986
3010.337,15.0,29.632793512719136,26.875080399861982,26.824766551961908,double,-2.757713112857152
3010.819,15.0,29.632983728724803,26.862982411094972,26.81163503414488,double,-2.7700013176298333
3011.301,15.0,29.632415056390894,26.851046765604025,26.798676933515765,double,-2.7813682907868675
3011.783,15.0,29.632680659866477,26.839274059826423,26.785893085748047,double,-2.793406600040055
3012.265,15.0,29.63155847574472,26.827664882191083,26.77328431621081,double,-2.803893593553636
3012.747,15.0,29.631321363779918,26.81621981308916,26.76085143988447,double,-2.8151015506907573
3013.229,15.0,29.630631439392214,26.804939424845113,26.748595261277643,double,-2.8256920145470987
3013.711,15.0,29.62913223188387,26.79382428168816,26.736516574344538,double,-2.835307950195709
3014.194,15.0,29.629747256521345,26.78285239597805,26.724591658606112,double,-2.846894860543292
3014.676,15.0,29.62901827578922,26.772069748847528,26.71287066652238,double,-2.856948526941694
3015.158,15.0,29.62845512536046,26.761453991751218,26.701329485407044,double,-2.867001133609243
3015.64,15.0,29.628911495232035,26.751005656242143,26.689968866167902,double,-2.8779058389898915
3016.122,15.0,29.629269689099967,26.740725265641142,26.678789548759873,double,-2.8885444234588276
3016.604,15.0,29.629343802953745,26.730613335010545,26.66779226210798,double,-2.8987304679432
3017.086,15.0,29.626911995071247,26.72067037112852,26.656977724031737,double,-2.906241623942729
3017.568,15.0,29.626440816588083,26.710896872463564,26.646346641170105,double,-2.9155439441245212
3018.051,15.0,29.62566079500451,26.70127358178977,26.635878226675114,double,-2.924387213214741
3018.532,15.0,29.62435844715538,26.691860222962262,26.625637611303244,double,-2.93249822419312
3019.015,15.0,29.624100986581002,26.682578989103966,26.61554030852083,double,-2.941521997477037
3019.497,15.0,29.62297921962277,26.673488524965567,26.605650273659837,double,-2.949490694657203
3019.979,15.0,29.62283822146825,26.66456989382311,26.595947058291724,double,-2.9582683276451416
3020.461,15.0,29.62283453823436,26.655823543760622,26.586431300435827,double,-2.96701099447374
3020.943,15.0,29.62325175464855,26.64724991438645,26.57710362643645,double,-2.976001840262099
3021.425,15.0,29.62400172948524,26.63884943681132,26.567964650896837,double,-2.9851522926739205
3021.907,15.0,29.623559163903284,26.630622533626596,26.559014976613792,double,-2.992936630276688
3022.389,15.0,29.623622743579688,26.622569618883063,26.5502551945138,double,-3.0010531246966234
3022.872,15.0,29.624585405260344,26.614674934150095,26.541668303326414,double,-3.00991047111025
3023.354,15.0,29.625075923147893,26.606971567218945,26.53329042750358,double,-3.018104355928947
3023.836,15.0,29.626917864273388,26.599443380228998,26.52510414593763,double,-3.02747448404439
3024.318,15.0,29.628087478858276,26.59209075284722,26.517110001431966,double,-3.0359967260110587
3024.8,15.0,29.629885599678385,26.584914056100207,26.509308524617158,double,-3.044971543578179
3025.282,15.0,29.630030550611746,26.57791365235554,26.501700233894077,double,-3.0521168982562075
3025.764,15.0,29.630024657897625,26.57108989530347,26.4942856353782,double,-3.0589347625941565
3026.246,15.0,29.630266761367132,26.564443129939118,26.487065222845303,double,-3.0658236314280107
3026.729,15.0,29.630601642203413,26.55796045503639,26.480025104126913,double,-3.0726411871670245
3027.211,15.0,29.63222135457675,26.551669042080206,26.47319490058947,double,-3.080552312496543
3027.693,15.0,29.631789136072364,26.545555604106852,26.46656029073228,double,-3.08623353196551
3028.175,15.0,29.631535391405556,26.539620451143044,26.460121718426937,double,-3.0919149402625132
3028.657,15.0,29.632909749737035,26.533863884437626,26.453879614952168,double,-3.09904586529941
3029.139,15.0,29.631614435705277,26.528286196446306,26.44783439894684,double,-3.1033282392589734
3029.621,15.0,29.63123888199814,26.522887670816868,26.441986476364697,double,-3.1083512111812706
3030.103,15.0,29.63116192021939,26.51766858237479,26.43633624043016,double,-3.113493337844603
3030.585,15.0,29.63016072615528,26.512629197109295,26.430884071595496,double,-3.117531529045986
3031.068,15.0,29.628219275884266,26.507759877607185,26.425619644156704,double,-3.120459398277081
3031.55,15.0,29.625825043125648,26.50308103537895,26.420565112370376,double,-3.1227440077466975
3032.032,15.0,29.62381101882491,26.498582641631835,26.415709712695957,double,-3.125228377193073
3032.514,15.0,29.62308467916468,26.49426492686081,26.41105377406914,double,-3.1288197523038686
3032.996,15.0,29.622144396653816,26.49012811266133,26.406597612459603,double,-3.132016283992484
3033.478,15.0,29.620829479741083,26.4861724117181,26.40234153083637,double,-3.1346570680229835
3033.96,15.0,29.620654106209887,26.48239802779403,26.398285819134482,double,-3.1382560784158575
3034.442,15.0,29.620656599252666,26.47880515572002,26.39443075422312,double,-3.1418514435326452
3034.925,15.0,29.621530864351254,26.475387093257996,26.39076922766406,double,-3.146143771093257
3035.407,15.0,29.622910771950608,26.472158171109474,26.387316652125232,double,-3.1507526008411335
3035.889,15.0,29.62415366102837,26.469111291951986,26.384065475770523,double,-3.1550423690763827
3036.371,15.0,29.625626077710542,26.46624661477353,26.381015922887464,double,-3.1593794629370118
3036.853,15.0,29.629145104483722,26.46356428958434,26.378168204559305,double,-3.1655808148993825
3037.335,15.0,29.632816515876183,26.46106445740909,26.37552251864157,double,-3.171752058467092
3037.817,15.0,29.635649293942713,26.45874725027947,26.373079049740088,double,-3.1769020436632434
3038.299,15.0,29.639147850993986,26.456612791227396,26.37083796919043,double,-3.182535059766589
3038.781,15.0,29.6436932387339,26.454661194278415,26.368799435038813,double,-3.189032044455481
3039.264,15.0,29.647356602433966,26.45288908535112,26.36695999401163,double,-3.194467517082844
3039.746,15.0,29.651134635238098,26.45130389852266,26.36532739447126,double,-3.1998307367154366
3040.228,15.0,29.654867761576448,26.449901861949176,26.36389773579283,double,-3.204965899627271
3040.71,15.0,29.659130929330523,26.448683053556476,26.362671122675057,double,-3.2104478757740473
3041.192,15.0,29.66359211279801,26.44764754223834,26.361647646453367,double,-3.21594457055967
3041.674,15.0,29.668254729534794,26.446795387852784,26.360827385089493,double,-3.221459341682009
3042.156,15.0,29.672318994189457,26.446126641218644,26.360210403162544,double,-3.2261923529708136
3042.638,15.0,29.677536914397766,26.44564134411272,26.359796751861452,double,-3.2318955702850483
3043.121,15.0,29.68138775640707,26.44533909384259,26.35958624412752,double,-3.236048662564478
3043.603,15.0,29.685517851563304,26.445221165679467,26.35957977604872,double,-3.2402966858838367
3044.085,15.0,29.6881919766528,26.445286758121156,26.359776711777826,double,-3.2429052185316443
3044.567,15.0,29.69260818966018,26.44553587673732,26.360177048869893,double,-3.2470723129228607
3045.049,15.0,29.695097515321017,26.445968518047646,26.360780771474346,double,-3.2491289972733703
3045.531,15.0,29.698222364604053,26.446584669521744,26.36158785033632,double,-3.25163769508231
3046.013,15.0,29.700448932949698,26.447384309579235,26.36259824279947,double,-3.2530646233704608
3046.495,15.0,29.702294643873948,26.448367407590588,26.36381189281014,double,-3.2539272362833604
3046.978,15.0,29.704612780234562,26.449536534666684,26.36523188157951,double,-3.2550762455678783
3047.459,15.0,29.705869801927342,26.45088380971713,26.36684867430891,double,-3.254985992210213
3047.942,15.0,29.70762666642628,26.452420378754198,26.368675619774617,double,-3.25520628767208
3048.424,15.0,29.71038823454136,26.454137201448464,26.370701892554315,double,-3.256251033092894
3048.906,15.0,29.71262478442305,26.456037193097394,26.37293094163635,double,-3.256587591325655
3049.388,15.0,29.71562629782784,26.45812026879598,26.37536263072685,double,-3.257506029031859
3049.87,15.0,29.71818587328441,26.460386334607204,26.37799681020534,double,-3.2577995386772027
3050.352,15.0,29.71902873700066,26.46283528756604,26.38083331714059,double,-3.256193449434619
3050.834,15.0,29.72271782413687,26.465467015684375,26.383871975308104,double,-3.2572508084524943
3051.316,15.0,29.723952312443075,26.468281397955952,26.387112595208855,double,-3.2556709144871245
3051.799,15.0,29.726666685457527,26.4712847116485,26.39056232553465,double,-3.255381973809024
3052.281,15.0,29.729031263406767,26.47446438140544,26.394206665314673,double,-3.2545668820013307
3052.763,15.0,29.73170519996152,26.477826287929894,26.39805231840414,double,-3.253878912031627
3053.245,15.0,29.734906057173582,26.48137027418487,26.40209904239542,double,-3.2535357829887146
3053.727,15.0,29.73657733508237,26.485096174147536,26.40634658172202,double,-3.2514811609348326
3054.209,15.0,29.738998757565938,26.489003812817092,26.41079466768582,double,-3.2499949447488463
3054.691,15.0,29.741808135895393,26.493093006223013,26.41544301848604,double,-3.24871512967238
3055.173,15.0,29.744763113246997,26.49736356143375,26.420291339249346,double,-3.247399551813246
3055.656,15.0,29.748322250266913,26.501824700659654,26.425350002382466,double,-3.246497549607258
3056.138,15.0,29.75282676689953,26.50645774007472,26.430597739549306,double,-3.2463690268248135
3056.62,15.0,29.757250453007334,26.511271508361663,26.436044483240686,double,-3.245978944645672
3057.102,15.0,29.761313911205335,26.516265776821818,26.441689886596155,double,-3.2450481343835156
3057.584,15.0,29.765277659509504,26.521440307845435,26.44753358985461,double,-3.2438373516640695
3058.066,15.0,29.77063001038624,26.526794854923118,26.4535752203928,double,-3.2438351554631204
3058.548,15.0,29.774643420012083,26.532329162657575,26.459814392765225,double,-3.242314257354506
3059.03,15.0,29.779601929319394,26.53804296677571,26.46625070874522,double,-3.2415589625436834
3059.512,15.0,29.784019665405957,26.543935994141453,26.472883757367587,double,-3.2400836712645043
3059.995,15.0,29.78847778408732,26.550020746022597,26.47972748752614,double,-3.2384570380647237
3060.477,15.0,29.791770824174286,26.556271735424396,26.48675312371649,double,-3.2354990887498882
3060.959,15.0,29.79678320890479,26.56270107498922,26.493974182722873,double,-3.2340821339155723
3061.441,15.0,29.802106777750982,26.569308456245643,26.5013902030516,double,-3.232798321505337
3061.923,15.0,29.807603479156587,26.57609356192892,26.509000710702857,double,-3.2315099172276653
3062.405,15.0,29.813305741345893,26.583056065996363,26.516805219221183,double,-3.230249675349528
3062.887,15.0,29.818025435834716,26.590195633642956,26.524803229747118,double,-3.2278298021917617
3063.369,15.0,29.82371397626246,26.59751192131751,26.53299423107005,double,-3.226202054944954
3063.852,15.0,29.82883273268171,26.60502030475229,26.541395292470433,double,-3.223812427929418
3064.334,15.0,29.83345427050556,26.61268933170584,26.54997109025613,double,-3.2207649387997197
3064.816,15.0,29.838743381543075,26.6205339949486,26.55873827049887,double,-3.2182093865944728
3065.298,15.0,29.845779314399785,26.6285539160967,26.567696273112546,double,-3.2172253983030865
3065.78,15.0,29.851053315154157,26.63674870810725,26.576844525943176,double,-3.214304607046908
3066.262,15.0,29.857076159090855,26.645117975297044,26.58618244482923,double,-3.2119581837938114
3066.744,15.0,29.86231939572752,26.65366131336174,26.595709433662996,double,-3.2086580823657784
3067.226,15.0,29.867910676478864,26.66237830939544,26.60542488445324,double,-3.205532367083425
3067.708,15.0,29.873441885310896,26.671268541910564,26.615328177388907,double,-3.202173343400333
3068.191,15.0,29.878216499546916,26.680350563172738,26.625439809719353,double,-3.197865936374178
3068.673,15.0,29.883034838861306,26.68958632711212,26.635717266952064,double,-3.193448511749186
3069.155,15.0,29.88783267634032,26.69899401085061,26.64618063526285,double,-3.1888386654897127
3069.637,15.0,29.89179104630392,26.70857315876509,26.65682924819829,double,-3.183217887538825
3070.119,15.0,29.895226774299672,26.718323306757185,26.66766242782108,double,-3.176903467542486
3070.601,15.0,29.89966702118106,26.7282439822758,26.67867948478072,double,-3.1714230389052576
3071.083,15.0,29.903226760239605,26.738334704340083,26.689879718384805,double,-3.1648920558995206
3071.565,15.0,29.90635453312867,26.74859498356276,26.701262416671728,double,-3.1577595495659083
3072.048,15.0,29.91052615839007,26.75904613519281,26.71285103751017,double,-3.1514800231972617
3072.53,15.0,29.914856072066886,26.769644376227674,26.724596859332948,double,-3.145211695839212
3073.012,15.0,29.918172396560767,26.780410654984376,26.736522941521912,double,-3.137761741576389
3073.494,15.0,29.92133074825659,26.791344448674646,26.74862852776232,double,-3.129986299581944
3073.976,15.0,29.92631753927793,26.802445226226883,26.760912850848506,double,-3.123872313051046
3074.458,15.0,29.929861910062638,26.813712448311943,26.773375132762546,double,-3.1161494617506946
3074.94,15.0,29.935173553708104,26.825145567369425,26.786014584753833,double,-3.1100279863386815
3075.422,15.0,29.940955237111883,26.836744027634328,26.798830407419526,double,-3.104211209477553
3075.905,15.0,29.946474710365003,26.84853184111114,26.81184892579087,double,-3.0979428692538615
3076.386,15.0,29.953270524030685,26.860434707866027,26.824987914391045,double,-3.0928358161646576
3076.869,15.0,29.959314587706487,26.87255103040882,26.83835580398073,double,-3.086763557297667
3077.351,15.0,29.96518005356956,26.88480547234982,26.851869263320705,double,-3.0803745812197416
3077.833,15.0,29.971291848140297,26.897222353319616,26.865554937641356,double,-3.07406949482068
3078.315,15.0,29.977259397617495,26.909801068891287,26.87941196534632,double,-3.0674583287262083
3078.797,15.0,29.98393069823131,26.922541006631263,26.893439474775583,double,-3.061389691600047
3079.279,15.0,29.99202213909591,26.93544154612909,26.90763658429276,double,-3.0565805929668177
3079.761,15.0,29.998483215793247,26.948502059027913,26.922002402373508,double,-3.0499811567653357
3080.243,15.0,30.005361957375815,26.961721909054827,26.93653602769436,double,-3.043640048320989
3080.726,15.0,30.012092248165583,26.975128372875368,26.951267221080855,double,-3.0369638752902164
3081.208,15.0,30.019733394684945,26.98866528403479,26.96613406154872,double,-3.0310681106501534
3081.69,15.0,30.02671155674784,27.002359574943913,26.981165945453423,double,-3.02435198180393
3082.172,15.0,30.03253557780255,27.01621057796464,26.996361933160685,double,-3.0163249998379102
3082.654,15.0,30.03793074844973,27.030217617702156,27.011721075693394,double,-3.0077131307475744
3083.136,15.0,30.04231167248047,27.044380011037966,27.027242414824904,double,-2.9979316614425047
3083.618,15.0,30.045553295933807,27.058697067163223,27.04292498317315,double,-2.9868562287705847
3084.1,15.0,30.049239021158808,27.073168087612487,27.058767804295076,double,-2.976070933546321
3084.583,15.0,30.053789474599995,27.08782286594268,27.074803257005424,double,-2.9659666086573164
3085.065,15.0,30.05824269454337,27.102600004923733,27.090963945906793,double,-2.955642689619636
3085.547,15.0,30.06225853551617,27.117528965732028,27.107281902752987,double,-2.9447295697841436
3086.029,15.0,30.065511996384807,27.132609019605336,27.12375611579819,double,-2.9329029767794723
3086.511,15.0,30.070558694838645,27.147839430299282,27.140385564718123,double,-2.922719264539364
3086.993,15.0,30.076541781016218,27.16321945412338,27.15716922070806,double,-2.913322326892842
3087.475,15.0,30.081010106174478,27.1787483399775,27.174106046581812,double,-2.9022617661969785
3087.957,15.0,30.086166119374997,27.194425329388416,27.191194996870614,double,-2.8917407899865797
3088.439,15.0,30.093345191895988,27.21024965654709,27.208435017922977,double,-2.883095535348895
3088.922,15.0,30.100158253438103,27.22625383478966,27.225861282098553,double,-2.873904418648443
3089.404,15.0,30.107433350440825,27.242370812501658,27.243400559378927,double,-2.865062537939167
3089.886,15.0,30.113822520337685,27.258632785253916,27.261087696131668,double,-2.8551897350837683
3090.368,15.0,30.120808684515055,27.275038958257298,27.278921606964158,double,-2.8457697262577577
3090.85,15.0,30.128078049441744,27.291588529577805,27.296901198806367,double,-2.8364895198639384
3091.332,15.0,30.133646251467223,27.308280690175792,27.315025371013125,double,-2.8253655612914317
3091.814,15.0,30.14087576315394,27.32511462394574,27.333293015466893,double,-2.8157611392082007
3092.296,15.0,30.14685383902613,27.34208950775594,27.3517030166804,double,-2.8047643312701878
3092.779,15.0,30.155272229992853,27.35924016487029,27.37029288597008,double,-2.796032065122561
3093.261,15.0,30.164130727683215,27.37649473955768,27.388984514774073,double,-2.7876359881255364
3093.743,15.0,30.17218444835366,27.39388775138112,27.40781510832864,double,-2.778296696972543
3094.225,15.0,30.17969187209114,27.41141834949723,27.42678352269098,double,-2.7682735225939115
3094.707,15.0,30.18866167110722,27.429085676241872,27.445888607069048,double,-2.7595759948653487
3095.189,15.0,30.19579525267766,27.446888867171904,27.465129203925752,double,-2.748906385505756
3095.671,15.0,30.203329348380965,27.464827051107576,27.48450414908456,double,-2.7385022972733877
3096.153,15.0,30.210665654198536,27.482899350175437,27.504012271834377,double,-2.727766304023099
3096.635,15.0,30.216719122053732,27.50110487985126,27.523652395035313,double,-2.7156142422024745
3097.118,15.0,30.223045185258297,27.519480931319606,27.54346448893153,double,-2.7035642539386897
3097.6,15.0,30.228976504032694,27.53795051401522,27.56336532412226,double,-2.6910259900174758
3098.082,15.0,30.23439659077655,27.55655063239349,27.58339458834016,double,-2.6778459583830627
3098.564,15.0,30.2403316415461,27.5752803757504,27.603551079775023,double,-2.6650512657956984
3099.046,15.0,30.24726157662649,27.59413882695124,27.623833590717567,double,-2.653122749675246
3099.528,15.0,30.25309021466269,27.613125062475707,27.64424090766588,double,-2.639965152186985
3100.01,15.0,30.26029715984825,27.632238152463017,27.664771811431756,double,-2.6280590073852306
3100.492,15.0,30.266862285214817,27.651477160757732,27.685425077247373,double,-2.615385124457087
3100.975,15.0,30.274893026686144,27.670881448451638,27.706242700341466,double,-2.6040115782345055
3101.457,15.0,30.28261568759524,27.69036971627335,27.72713724162591,double,-2.592245971321888
3101.939,15.0,30.289425771572382,27.709981054641155,27.748150435664005,double,-2.5794447169312287
3102.421,15.0,30.29695884316304,27.7297145026702,27.76928103642421,double,-2.5672443404928416
3102.903,15.0,30.304951254181344,27.749569093413882,27.79052779282873,double,-2.555382160767461
3103.385,15.0,30.312293368631742,27.76954385391097,27.811889448859795,double,-2.5427495147207715
3103.867,15.0,30.318762474658644,27.789637805233525,27.83336474366658,double,-2.52912466942512
3104.349,15.0,30.325358221661368,27.80984996253496,27.854952411671384,double,-2.515508259126409
3104.832,15.0,30.333272703106413,27.830221633374446,27.876696315481308,double,-2.5030510697319652
3105.313,15.0,30.34059968508639,27.850624926385194,27.898459781970363,double,-2.4899747587011967
3105.796,15.0,30.347019002994163,27.871228510430136,27.92042251364306,double,-2.4757904925640286
3106.278,15.0,30.353870669835096,27.89190376240106,27.942447149061667,double,-2.4619669074340376
3106.76,15.0,30.36121490299113,27.912692206931155,27.964577759938187,double,-2.4485226960599737
3107.242,15.0,30.369159186557717,27.933592824675564,27.986813054559224,double,-2.4355663618821524
3107.724,15.0,30.375828464033706,27.954604590715416,28.009151737228187,double,-2.42122387331829
3108.206,15.0,30.3820583732318,27.975726474608013,28.031592508370785,double,-2.4063318986237867
3108.688,15.0,30.387215086722552,27.996957440437587,28.054134064640472,double,-2.3902576462849656
3109.17,15.0,30.394335304757742,28.01829644686611,28.07677509902373,double,-2.3760388578916327
3109.653,15.0,30.39886335862668,28.03978705145201,28.099561578846373,double,-2.359076307174673
3110.135,15.0,30.404592202617987,28.061339212330715,28.12239783384587,double,-2.34325299028727
3110.617,15.0,30.410006998554895,28.082996255574795,28.145329622229063,double,-2.327010742980101
3111.099,15.0,30.415390621889905,28.10475711866077,28.168355623356028,double,-2.3106335032291314
3111.581,15.0,30.42082524926982,28.126620733901557,28.19147451344285,double,-2.294204515368264
3112.063,15.0,30.426859318174664,28.148586028498702,28.214684965665455,double,-2.2782732896759637
3112.545,15.0,30.43293224691974,28.170651924595386,28.237985650263315,double,-2.262280322324356
3113.027,15.0,30.440412098163545,28.192817339329345,28.261375234642504,double,-2.2475947588341985
3113.51,15.0,30.4479577699706,28.21512747699814,28.28490118135146,double,-2.2328302929724595
3113.992,15.0,30.454368329344657,28.23748886147086,28.30846473419267,double,-2.2168794678737944
3114.474,15.0,30.461062608062417,28.259946484212207,28.332113170277008,double,-2.201116123850211
3114.956,15.0,30.46737942705726,28.282499242862645,28.355845146698,double,-2.1848801841946153
3115.438,15.0,30.474657112103277,28.305146030326,28.379659318227375,double,-2.1695110817772756
3115.92,15.0,30.482240161810015,28.3278857348236,28.403554337415894,double,-2.1543544269864157
3116.402,15.0,30.488786598324324,28.35071723994911,28.427528854694508,double,-2.1380693583752164
3116.884,15.0,30.494001345361436,28.37363942472345,28.451581518474633,double,-2.1203619206379862
3117.366,15.0,30.499016072039563,28.396651163649985,28.475710975248315,double,-2.102364908389581
3117.849,15.0,30.505038663759652,28.419799343549645,28.499966164786773,double,-2.0852393202100084
3118.331,15.0,30.50977956020925,28.442986976413533,28.524245292124885,double,-2.066792583795718
3118.813,15.0,30.51467843575176,28.466260758021168,28.548597138588494,double,-2.0484176777305962
3119.295,15.0,30.52011628137822,28.48961954535213,28.573020343979916,double,-2.0304967360260884
3119.777,15.0,30.523257151234628,28.513062191147455,28.597513546675867,double,-2.010194960087175
3120.259,15.0,30.527069209926104,28.536587543966185,28.622075383724844,double,-1.99048166595992
3120.741,15.0,30.530765400242615,28.560194448241816,28.646704490943765,double,-1.9705709520007997
3121.223,15.0,30.53551119169473,28.5838817443392,28.671399503014477,double,-1.9516294473555296
3121.706,15.0,30.540021624233916,28.607697658301625,28.696210488081242,double,-1.9323239659322922
3122.188,15.0,30.544818409203074,28.631542403883657,28.721033339479114,double,-1.9132760053194142
3122.67,15.0,30.549841279210156,28.655464036107976,28.745917991081747,double,-1.89437724310218
3123.152,15.0,30.55485126470717,28.679461379629934,28.770863073983676,double,-1.8753898850772388
3123.634,15.0,30.56111925304371,28.703533255323666,28.79586721861885,double,-1.857585997720046
3124.116,15.0,30.566428562576526,28.72767848034026,28.820929054854194,double,-1.838750082236268
3124.598,15.0,30.572599086678053,28.75189586816586,28.846047212082425,double,-1.820703218512193
3125.08,15.0,30.57953485335719,28.776184228680158,28.871220319314084,double,-1.8033506246770303
3125.562,15.0,30.587530376905576,28.8005423682149,28.89644700526923,double,-1.7869880086906764
3126.045,15.0,30.59475293373235,28.825019837916376,28.921778397622866,double,-1.769733095815973
3126.527,15.0,30.602758315448398,28.84951407913463,28.94710823052049,double,-1.7532442363137668
3127.009,15.0,30.610869827929942,28.874074495168557,28.972487524621325,double,-1.7367953327613872
3127.491,15.0,30.61952972835972,28.898699878740974,28.99791490838881,double,-1.7208298496187435
3127.973,15.0,30.62799050049542,28.92338901932253,29.02338901044556,double,-1.7046014811728905
3128.455,15.0,30.63534640519256,28.9481407031912,29.048908459661583,double,-1.6872057020013598
3128.937,15.0,30.643256451255862,28.972953713492185,29.07447188524178,double,-1.6703027377636792
3129.419,15.0,30.65138724428751,28.99782683029781,29.100077916812793,double,-1.6535604139896964
3129.902,15.0,30.66001308856297,29.022810617168833,29.125778436522992,double,-1.637202471394139
3130.384,15.0,30.66769252032048,29.047800393555214,29.15146565236164,double,-1.6198921267652655
3130.866,15.0,30.67523114588019,29.07284659627521,29.177191363622214,double,-1.6023845496049793
3131.348,15.0,30.683040353698978,29.097947993706207,29.2029542024763,double,-1.585092359992768
3131.83,15.0,30.691732093436062,29.123103351454798,29.22875280194226,double,-1.568628741981265
3132.312,15.0,30.700116417177586,29.14831143241755,29.254585795968513,double,-1.5518049847600357
3132.794,15.0,30.70778796979767,29.173570996841768,29.280451819515328,double,-1.534216972955904
3133.276,15.0,30.71553822102631,29.198880802386977,29.306349508637286,double,-1.5166574186393333
3133.759,15.0,30.72403911665984,29.22429226587471,29.332331323633497,double,-1.499746850785133
3134.24,15.0,30.731369390886755,29.2496461549063,29.358234433780726,double,-1.4817232359804533
3134.723,15.0,30.739284701785735,29.27515205943597,29.384272885615538,double,-1.4641326423497636
3135.205,15.0,30.747074251473265,29.300650449016715,29.41028367527796,double,-1.4464238024565534
3135.687,15.0,30.755463350739117,29.326192828738616,29.43631932719699,double,-1.4292705220004975
3136.169,15.0,30.76330242069563,29.35177794201878,29.46237848567288,double,-1.411524478676851
3136.651,15.0,30.77121789764376,29.377404530117385,29.48845979665308,double,-1.3938133675263753
3137.133,15.0,30.77743380407919,29.403071332200092,29.51456190780869,double,-1.374362471879098
3137.615,15.0,30.784723144462443,29.428777085399982,29.540683468609753,double,-1.3559460590624628
3138.097,15.0,30.79079852067238,29.454520524879722,29.566823130400177,double,-1.3362779957926563
3138.58,15.0,30.796432966879273,29.48035390605709,29.5930338293783,double,-1.316079060822184
3139.062,15.0,30.801930245972205,29.5061689876228,29.619205685618944,double,-1.2957612583494038
3139.544,15.0,30.808919842190218,29.5320179471216,29.64539160607927,double,-1.2769018950686217
3140.026,15.0,30.815125745559623,29.557899512455922,29.671590250337733,double,-1.2572262331037032
3140.508,15.0,30.820055867998704,29.583812409870998,29.697800280210668,double,-1.236243458127706
3140.99,15.0,30.825182300248677,29.60975536401741,29.724020359822745,double,-1.2154269362312675
3141.472,15.0,30.830894076906574,29.63572709801392,29.750249155676567,double,-1.1951669788926533
3141.954,15.0,30.836605312969883,29.66172633351055,29.776485336722093,double,-1.1748789794593317
3142.437,15.0,30.842682054461434,29.687805811845262,29.802782024277196,double,-1.1548762426161707
3142.919,15.0,30.848276410140468,29.713856260144254,29.829029001124795,double,-1.1344201499962125
3143.401,15.0,30.85461889149046,29.739930364049943,29.855279382635345,double,-1.114688527440516
3143.883,15.0,30.861677082433925,29.766026839966298,29.88153184823057,double,-1.0956502424676273
3144.365,15.0,30.868627762018313,29.792144403144306,29.90778508011426,double,-1.0764833588740086
3144.847,15.0,30.876365063802112,29.81828176774568,29.934037763336995,double,-1.0580832960564335
3145.329,15.0,30.88471718728983,29.84443764690628,29.96028858586054,double,-1.0402795403835485
3145.811,15.0,30.892745841570335,29.870610752799653,29.986536238621003,double,-1.0221350887706815
3146.293,15.0,30.900337788344533,29.896799796700375,30.012779415591282,double,-1.00353799164416
3146.776,15.0,30.907094775866028,29.923057867886747,30.039071241369943,double,-0.9840369079792799
3147.258,15.0,30.914711078179703,29.949274944720816,30.06530154510014,double,-0.9654361334588857
3147.74,15.0,30.92283453566681,29.97550408594981,30.091523471108406,double,-0.9473304497169988
3148.222,15.0,30.93099973186461,30.00174399988819,30.117735726133454,double,-0.9292557319764194
3148.704,15.0,30.937981752026406,30.027993394269636,30.143937020252537,double,-0.9099883577567691
3149.186,15.0,30.94482242734443,30.05425097631143,30.170126066940178,double,-0.890571451033001
3149.668,15.0,30.95235999217606,30.0805154527782,30.196301583125663,double,-0.8718445393978591
3150.15,15.0,30.960157794788056,30.106785530045276,30.2224622892492,double,-0.8533722647427799
3150.633,15.0,30.968899554942773,30.133114428912737,30.248661133664257,double,-0.8357851260300364
3151.115,15.0,30.97694509851543,30.159391830575398,30.27478835797637,double,-0.8175532679400299
3151.597,15.0,30.984639599608567,30.18567094778428,30.300896952543756,double,-0.7989686518242833
3152.079,15.0,30.994603796002533,30.211950485997285,30.32698565241234,double,-0.7826533100052491
3152.561,15.0,31.002339963147847,30.238229150603434,30.353053196412638,double,-0.7641108125444107
3153.043,15.0,31.011463802601785,30.26450564698574,30.3790983272111,double,-0.7469581556160454
3153.525,15.0,31.019895493665594,30.29077868058603,30.405119791362843,double,-0.7291168130795667
3154.007,15.0,31.02843003971474,30.31704695696836,30.431116339361864,double,-0.7113830827463807
3154.49,15.0,31.034955666769044,30.343363660638424,30.457140578103935,double,-0.6915920061306202
3154.972,15.0,31.041087935993435,30.36961852350123,30.483083503145416,double,-0.6714694124922038
3155.454,15.0,31.04851562376773,30.39586474452756,30.508997785086045,double,-0.6526508792401686
3155.936,15.0,31.05587917689948,30.422101030410897,30.534882190680047,double,-0.6337781464885839
3156.418,15.0,31.06211380134584,30.448326088286482,30.56073549086439,double,-0.6137877130593605
3156.9,15.0,31.068719907678126,30.474538625795443,30.58655646080596,double,-0.594181281882683
3157.382,15.0,31.0747255874951,30.500737351148544,30.61234387994724,double,-0.5739882363465565
3157.864,15.0,31.08000185531995,30.526920973190073,30.63809653205183,double,-0.5530808821298749
3158.346,15.0,31.084975202373244,30.553088201461513,30.663813205248847,double,-0.5318870009117294
3158.829,15.0,31.089700887070386,30.579291979156785,30.689545929529917,double,-0.5104089079136009
3159.311,15.0,31.095012544850743,30.605422510919077,30.71518694608617,double,-0.4895900339316639
3159.793,15.0,31.09901002249864,30.63153277968535,30.740788372268625,double,-0.46747724281329117
3160.275,15.0,31.102792182299428,30.657621498424902,30.766349014109363,double,-0.44517068387452396
3160.757,15.0,31.105976683773797,30.683687381123093,30.791867682218875,double,-0.4222893026507024
3161.239,15.0,31.110612316655782,30.709729142844477,30.817343191825874,double,-0.4008831738113061
3161.721,15.0,31.114937127086566,30.735745499796412,30.84277436281736,double,-0.3791916272901541
3162.203,15.0,31.120680211412584,30.76173516939239,30.86816001977757,double,-0.3589450420201923
3162.686,15.0,31.12521053871261,30.78775070280402,30.893551513169985,double,-0.3374598359085934
3163.167,15.0,31.13097458590343,30.813629322581647,30.918790113657018,double,-0.31734526332178326
3163.65,15.0,31.13690209085439,30.839584953417532,30.94408454134558,double,-0.29731713743685884
3164.132,15.0,31.143961893228745,30.865455006754882,30.969276378016826,double,-0.27850688647386157
3164.614,15.0,31.151760452205384,30.891291977468082,30.99441689297419,double,-0.26046847473730206
3165.096,15.0,31.160049068302047,30.917094591539907,31.01950493977904,double,-0.24295447676214166
3165.578,15.0,31.166575062888967,30.94286157660182,31.044539376945192,double,-0.22371348628714705
3166.06,15.0,31.175011799993836,30.968591661996825,31.06951906797247,double,-0.20642013799700987
3166.542,15.0,31.183090469490242,30.994283578842307,31.094442881380235,double,-0.18880689064793565
3167.024,15.0,31.189371582045606,31.01993606009259,31.119309690739527,double,-0.16943552195301526
3167.507,15.0,31.197065315776012,31.045600933891087,31.144169783807847,double,-0.15146438188492484
3167.989,15.0,31.20442979982192,31.07117066210205,31.16891910208603,double,-0.13325913771987108
3168.471,15.0,31.211954970943367,31.096697162615094,31.193608065357175,double,-0.11525780832827293
3168.953,15.0,31.218634778847104,31.122179176362884,31.218235567724093,double,-0.09645560248421892
3169.435,15.0,31.225518462161894,31.14761544642758,31.242800508494867,double,-0.07790301573431524
3169.917,15.0,31.23202092994833,31.17300471810284,31.26730179221189,double,-0.05901621184549177
3170.399,15.0,31.237252516766002,31.198345738956057,31.291738328680047,double,-0.03890677780994389
3170.881,15.0,31.242278686306907,31.223637258890278,31.316109032994444,double,-0.018641427416626888
3171.364,15.0,31.247808365266362,31.248930343334262,31.340463178072948,double,0.001121978067902818
3171.846,15.0,31.252256426784196,31.274119011627434,31.36469884249793,double,0.021862584843235222
3172.328,15.0,31.25743199746577,31.299254440766628,31.388865449851256,double,0.0418224433008596
3172.81,15.0,31.262116285634434,31.32433539061993,31.412961936664864,double,0.062219104985494766
3173.292,15.0,31.266803419008898,31.349360623699113,31.436987244890187,double,0.08255720469021455
3173.774,15.0,31.271095851977854,31.374328905220985,31.460940321922916,double,0.10323305324312915
3174.256,15.0,31.27507998527242,31.399239003168184,31.484820120625912,double,0.12415901789576411
3174.738,15.0,31.279885156695215,31.42408968835054,31.508625599352847,double,0.14420453165532865
3175.22,15.0,31.284782092301445,31.448879734465653,31.532355721970596,double,0.16409764216420708
3175.703,15.0,31.290105679773383,31.473659156292133,31.556058451905923,double,0.18355347651874965
3176.185,15.0,31.29439484512276,31.498324125076003,31.57963461440001,double,0.2039292799532466
3176.667,15.0,31.300017963854685,31.522924791295782,31.6031323435714,double,0.2229068274410939
3177.149,15.0,31.305201608613505,31.54745994081204,31.62655062556515,double,0.2422583321985361
3177.631,15.0,31.309694446192633,31.571928362675273,31.649888452144015,double,0.2622339164826404
3178.113,15.0,31.314745191239655,31.596328849185824,31.673144820707726,double,0.28158365794616613
3178.595,15.0,31.32002332046,31.62066019595343,31.696318734311667,double,0.3006368754934319
3179.077,15.0,31.32499882880362,31.64492120195723,31.719409201685373,double,0.3199223731536138
3179.56,15.0,31.329336978962374,31.669160780029493,31.74246287916713,double,0.3398238010671184
3180.042,15.0,31.33472350531185,31.69327736308041,31.765383324836332,double,0.3585538577685565
3180.524,15.0,31.340147897644755,31.717320020647115,31.78821738266859,double,0.3771721230023617
3181.006,15.0,31.3451067560005,31.741287565785647,31.81096408427454,double,0.396180809785146
3181.488,15.0,31.35081580539983,31.76517881521711,31.83362246702306,double,0.41436300981728125
3181.97,15.0,31.356092018003736,31.788992589385934,31.856191574056524,double,0.43290057138219984
3182.452,15.0,31.361297144720286,31.81272771251863,31.878670454305812,double,0.45143056779834434
3182.934,15.0,31.3657726087662,31.83638301268147,31.901058162504558,double,0.470610403915267
3183.417,15.0,31.370642380147533,31.860006146196124,31.923399919229734,double,0.48936376604858944
3183.899,15.0,31.37442322083921,31.883498128615607,31.945602276803264,double,0.5090749077763967
3184.381,15.0,31.378721418467887,31.906906793482158,31.967710659563487,double,0.5281853750142729
3184.863,15.0,31.382789035281515,31.930230984809484,31.98972414560291,double,0.5474419495279659
3185.345,15.0,31.386846560473145,31.953469550739932,32.01164181888269,double,0.5666229902667852
3185.827,15.0,31.391275842717054,31.97662134360127,32.033462769243975,double,0.5853455008842157
3186.309,15.0,31.395942404886128,31.999685219963663,32.05518609241938,double,0.6037428150775348
3186.791,15.0,31.401532773196372,32.022660040696444,32.07681089004415,double,0.6211272675000712
3187.273,15.0,31.405089115899376,32.04554467102408,32.09833626966619,double,0.6404555551247082
3187.756,15.0,31.409443839081696,32.06838517389765,32.11980569024193,double,0.6589413348159545
3188.238,15.0,31.41299660229537,32.091085843826846,32.14112936936624,double,0.6780892415314821
3188.72,15.0,31.417553482216498,32.11369294339724,32.16235098690083,double,0.6961394611807448
3189.202,15.0,31.422049562436943,32.13620535582514,32.183469674155404,double,0.7141557933881992
3189.684,15.0,31.42698797348255,32.158621968961256,32.204484568399394,double,0.7316339954787032
3190.166,15.0,31.43023224004034,32.180941675345885,32.225394812869865,double,0.7507094353055466
3190.648,15.0,31.433883068445635,32.203163372264,32.24619955677997,double,0.7692803038183649
3191.13,15.0,31.43819336106774,32.225285961799685,32.26689795532571,double,0.7870926007319479
3191.613,15.0,31.442307120196066,32.24735393558088,32.287531778058884,double,0.8050468153848134
3192.094,15.0,31.44504326906956,32.26922945138263,32.307972367066796,double,0.8241861823130636
3192.577,15.0,31.44908465943765,32.291093339990724,32.32838887736214,double,0.8420086805530747
3193.059,15.0,31.452622495910493,32.31280840297792,32.348653337947006,double,0.8601859070674289
3193.541,15.0,31.457392253332884,32.334418940666666,32.368807317447626,double,0.8770266873337818
3194.023,15.0,31.461504408820808,32.35592388508142,32.38885000710832,double,0.8944194762606106
3194.505,15.0,31.46575447681352,32.377322173421874,32.40878060419924,double,0.9115676966083563
3194.987,15.0,31.469314513385466,32.398612748115674,32.42859831202082,double,0.9292982347302081
3195.469,15.0,31.472647126794307,32.4197945568707,32.448302339908366,double,0.9471474300763894
3195.951,15.0,31.47667678523095,32.440866552727485,32.46789190323604,double,0.9641897674965372
3196.434,15.0,31.478987576438357,32.46187106600373,32.487406506242976,double,0.9828834895653782
3196.916,15.0,31.48338860093325,32.482720083563734,32.5067645692529,double,0.9993314826304833
3197.398,15.0,31.486981854921513,32.50345617772775,32.526005848511986,double,1.0164743228062378
3197.88,15.0,31.49147600536241,32.524078323394825,32.5451295835982,double,1.0326023180324162
3198.362,15.0,31.49402105045494,32.54458550105328,32.56413502014431,double,1.0505644505983347
3198.844,15.0,31.497038749161575,32.564976696832176,32.58302140984101,double,1.0679379476705997
3199.326,15.0,31.499682166330157,32.58525090255069,32.60178801043836,double,1.0855687362205324
3199.808,15.0,31.50287112929001,32.605407115768855,32.62043408574826,double,1.1025359864788475
3200.291,15.0,31.506105451622908,32.625485786464026,32.638997212333884,double,1.119380334841119
3200.773,15.0,31.508573978083614,32.645402780625055,32.65739979894007,double,1.1368288025414397
3201.255,15.0,31.510351785363422,32.665198807867846,32.67567968659496,double,1.1548470225044238
3201.737,15.0,31.51162110485073,32.684872889221545,32.693836163382535,double,1.1732517843708157
3202.219,15.0,31.513879062249867,32.7044240517021,32.711868523454314,double,1.1905449894522302
3202.701,15.0,31.516247797633625,32.7238513283602,32.72977606702916,double,1.2076035307265753
3203.183,15.0,31.51864577200616,32.743153758329505,32.747558100393725,double,1.2245079863233477
3203.665,15.0,31.519887367882383,32.762330386874076,32.76521393590235,double,1.2424430189916957
3204.147,15.0,31.520646520053486,32.78138026543633,32.78274289197698,double,1.260733745382847
3204.63,15.0,31.52045154245918,32.800341575945104,32.800180262539925,double,1.2798900334859198
3205.112,15.0,31.52155529914944,32.81913486598384,32.81745317256185,double,1.2975795668344003
3205.594,15.0,31.52274727552117,32.83779859598206,32.83459719344444,double,1.3150513204608916
3206.076,15.0,31.52335733221548,32.856331842575294,32.85161166788535,double,1.3329745103598134
3206.558,15.0,31.524625572413683,32.874733688809584,32.868495944645474,double,1.350108116395904
3207.04,15.0,31.527080524241974,32.893003224187126,32.88524937854746,double,1.3659226999451546
3207.522,15.0,31.530626737446543,32.911139544711595,32.90187133047424,double,1.3805128072650552
3208.004,15.0,31.534909147190703,32.92914175293271,32.91836116736694,double,1.3942326057420074
3208.487,15.0,31.537188132776713,32.947045885931544,32.93475205968803,double,1.4098577531548362
3208.969,15.0,31.540446715911504,32.96477692076492,32.95097551423214,double,1.4243302048534134
3209.451,15.0,31.545335790694594,32.98237118885293,32.96706498962672,double,1.4370353981583373
3209.933,15.0,31.549506031879755,32.999827819387384,32.98301987703817,double,1.4503217875076302
3210.415,15.0,31.553737099552926,33.017145948326146,32.998839573680016,double,1.4634088487732178
3210.897,15.0,31.55902896859327,33.034324718436125,33.01452348281022,double,1.4752957498428532
3211.379,15.0,31.56507086397198,33.0513632793359,33.030071013728275,double,1.4862924153639268
3211.861,15.0,31.56976307665071,33.06826078753807,33.045481581772286,double,1.4984977108873643
3212.344,15.0,31.574654422076943,33.08505102111615,33.060786151720876,double,1.5103965990392099
3212.826,15.0,31.579001763335913,33.1016636242918,33.07592077703532,double,1.5226618609558873
3213.308,15.0,31.584202897162385,33.11813268439014,33.090916720520916,double,1.5339297872277557
3213.79,15.0,31.588454845412972,33.1344573859306,33.10577342165059,double,1.5460025405176325
3214.272,15.0,31.592153208702488,33.150636920532726,33.120490325918944,double,1.5584837118302386
3214.754,15.0,31.594725142272107,33.16667048695695,33.135066884838935,double,1.5719453446848441
3215.236,15.0,31.597742524854773,33.18255729114398,33.14950255593788,double,1.5848147662892054
3215.718,15.0,31.59989388501859,33.19829654625471,33.1637968027538,double,1.5984026612361202
3216.2,15.0,31.601144260374042,33.213887472709004,33.17794909483111,double,1.6127432123349605
3216.683,15.0,31.602839347585082,33.22936117968538,33.19198782525147,double,1.6265218321002972
3217.165,15.0,31.604138299661127,33.244652827601975,33.20585434328092,double,1.640514527940845
3217.647,15.0,31.604139952385356,33.259793850499264,33.219577350147,double,1.6556538981139068
3218.129,15.0,31.60438855667296,33.274783498233774,33.23315633939176,double,1.6703949415608155
3218.611,15.0,31.60464062824035,33.28962102811174,33.246590810542756,double,1.6849803998713886
3219.093,15.0,31.605644189965503,33.304305704925994,33.259880269108585,double,1.6986615149604922
3219.575,15.0,31.606818732210424,33.31883680099272,33.27302422657452,double,1.712018068782295
3220.057,15.0,31.607791380865493,33.33321359618762,33.28602220039784,double,1.7254222153221255
3220.54,15.0,31.609519256790257,33.34746472212697,33.29890022432227,double,1.7379454653367155
3221.021,15.0,31.612330143403668,33.36150144147744,33.31157829677871,double,1.7491712980737706
3221.504,15.0,31.61449185369388,33.37543978456032,33.324161382789,double,1.760947930866441
3221.986,15.0,31.61711271924955,33.38919200080851,33.336570408670326,double,1.772079281558958
3222.468,15.0,31.61894293132358,33.40278642879299,33.348831126680714,double,1.7838434974694173
3222.95,15.0,31.620748194837585,33.4162223945034,33.360943090024044,double,1.7954741996658141
3223.432,15.0,31.62316009317513,33.429499231732066,33.37290585784288,double,1.8063391385569394
3223.914,15.0,31.625239987923838,33.44261628210774,33.38471899521414,double,1.8173762941839033
3224.396,15.0,31.625820736580927,33.455572895127816,33.39638207314361,double,1.8297521585468879
3224.878,15.0,31.627251449512478,33.468368428191376,33.4078946685615,double,1.8411169786788972
3225.361,15.0,31.630069141846377,33.48102828933452,33.41927977915417,double,1.8509591474881404
3225.843,15.0,31.630738385518143,33.493499428993964,33.4304898496652,double,1.8627610434758246
3226.325,15.0,31.630663049043267,33.50580760734575,33.441548203116355,double,1.8751445583024828
3226.807,15.0,31.63138152116987,33.517952213727995,33.452454440097505,double,1.8865706925581205
3227.289,15.0,31.631380723146812,33.52993264553679,33.46320816709819,double,1.8985519223899738
3227.771,15.0,31.63082278804316,33.54174830825617,33.47380899650225,double,1.9109255202130027
3228.253,15.0,31.629121649835056,33.553398615487815,33.48425654658319,double,1.9242769656527603
3228.735,15.0,31.62790948230042,33.56488298898049,33.49455044149913,double,1.936973506680073
3229.218,15.0,31.626753940786617,33.57622416624502,33.50471118799999,double,1.949470225458405
3229.7,15.0,31.626124959356737,33.58737462305047,33.51469634789008,double,1.961249663693737
3230.182,15.0,31.62386270633723,33.598357459392226,33.524526759610936,double,1.974494753054995
3230.664,15.0,31.62204141657891,33.60917212990908,33.53420207082197,double,1.9871307133301708
3231.146,15.0,31.62111737943663,33.61981809752741,33.54372193504277,double,1.998700718090779
3231.628,15.0,31.62096758263413,33.63029483348805,33.55308601164832,double,2.0093272508539206
3232.11,15.0,31.62140395131751,33.640601817372556,33.562293965863866,double,2.0191978660550447
3232.592,15.0,31.621665625975208,33.650738537129584,33.57134546876054,double,2.029072911154378
3233.074,15.0,31.623558451034366,33.6607044891,33.58024019725015,double,2.037146038065629
3233.557,15.0,31.625355445692065,33.67051932060768,33.58899579844498,double,2.045163874915618
3234.039,15.0,31.62769740552522,33.6801419028965,33.59757570531471,double,2.0524444973712805
3234.521,15.0,31.629800002144687,33.689592256043746,33.605997902884226,double,2.059792253899062
3235.003,15.0,31.63248261603082,33.69886991022625,33.61426209139463,double,2.0663872941954264
3235.485,15.0,31.63502379496904,33.70797440413561,33.62236797690509,double,2.0729506091665684
3235.967,15.0,31.63694239430669,33.71690528500078,33.630315271287955,double,2.079962890694087
3236.449,15.0,31.639549623742425,33.725662108611346,33.638103692224654,double,2.0861124848689183
3236.931,15.0,31.64111808069358,33.73424443933946,33.64573296320119,double,2.0931263586458804
3237.414,15.0,31.64444990714014,33.742669110802545,33.65321814521659,double,2.0982192036624103
3237.896,15.0,31.645811203814223,33.750900819120666,33.66052797835858,double,2.1050896153064436
3238.378,15.0,31.649117232653335,33.7589567785445,33.66767786625174,double,2.109839545891168
3238.86,15.0,31.65155039235401,33.766836588009376,33.674667555570124,double,2.1152861956553637
3239.342,15.0,31.655072970991892,33.774539855138514,33.68149679877146,double,2.11946688414662
3239.824,15.0,31.65791136955191,33.7820661962627,33.68816535409326,double,2.1241548267107833
3240.306,15.0,31.659564276141044,33.78941523643951,33.694672985548806,double,2.1298509602984628
3240.788,15.0,31.66119146994629,33.79658660947237,33.70101946292346,double,2.1353951395260804
3241.271,15.0,31.66201714246019,33.80359428165117,33.70721722602091,double,2.1415771391909812
3241.753,15.0,31.661114010459983,33.810408886455676,33.71324039217173,double,2.149294875995694
3242.235,15.0,31.661011685764873,33.817044777487105,33.71910174775666,double,2.1560330917222315
3242.717,15.0,31.658930718986632,33.82350162373029,33.72480108562428,double,2.1645709047436568
3243.199,15.0,31.65816896383647,33.82977910300369,33.730338204377134,double,2.1716101391672185
3243.681,15.0,31.656144325631395,33.8358769019757,33.735712908368455,double,2.1797325763443065
3244.163,15.0,31.653776719783483,33.84179471618049,33.74092500769883,double,2.1880179963970017
3244.645,15.0,31.64956218578409,33.84753225003351,33.74597431821331,double,2.197970064249416
3245.127,15.0,31.647100575431164,33.85308921684628,33.75086066149792,double,2.205988641415113
3245.61,15.0,31.64443650847597,33.85847630444548,33.75559349435394,double,2.2140397959695077
3246.092,15.0,31.64289320954483,33.8636709367414,33.76015305190665,double,2.2207777271965714
3246.574,15.0,31.63913320131953,33.86868419492168,33.76454914107697,double,2.2295509936021474
3247.056,15.0,31.63635752279086,33.8735158280419,33.76878160639875,double,2.2371583052510413
3247.538,15.0,31.63452019374242,33.87816559412203,33.77285029813301,double,2.2436454003796125
3248.02,15.0,31.631970376377673,33.88263326015874,33.77675507226541,double,2.250662883781068
3248.502,15.0,31.629432512388394,33.88691860213717,33.78049579050394,double,2.2574860897487783
3248.984,15.0,31.627824470347747,33.8910214050427,33.78407232027662,double,2.2631969346949496
3249.467,15.0,31.625944348722708,33.89494940567046,33.78749144312208,double,2.269005056947754
3249.948,15.0,31.624907956301833,33.89867857864132,33.790732312723165,double,2.273770622339483
3250.431,15.0,31.62435921763766,33.90223974732734,33.79382176444021,double,2.2778805296896856
3250.913,15.0,31.624331097897553,33.90561004368009,33.79673998722276,double,2.281278945782539
3251.395,15.0,31.625188436145095,33.908796860912204,33.79949344419625,double,2.2836084247671087
3251.877,15.0,31.627004586715422,33.91180003824276,33.802082037077916,double,2.2847954515273328
3252.359,15.0,31.628040320157634,33.914619423958634,33.804505673292084,double,2.286579103801001
3252.841,15.0,31.63114389291423,33.91725487542193,33.80676426596816,double,2.2861109825077
3253.323,15.0,31.632841815391732,33.91970625907772,33.80885773393988,double,2.2868644436859875
3253.805,15.0,31.63473315531994,33.921973450460776,33.810786001743594,double,2.2872402951408355
3254.288,15.0,31.63595459685699,33.92406046387535,33.812552485446545,double,2.2881058670183583
3254.77,15.0,31.638056368661022,33.92595855100312,33.81414980625042,double,2.2879021823420995
3255.252,15.0,31.639581697624518,33.927672126872174,33.815581734586964,double,2.288090429247658
3255.734,15.0,31.639647101312455,33.929201103456045,33.816848217805806,double,2.2895540021435847
3256.216,15.0,31.64071327326614,33.93054540184621,33.81794920895498,double,2.2898321285800662
3256.698,15.0,31.64181534369591,33.93170495225619,33.81888466678037,double,2.2898896085602805
3257.18,15.0,31.64153370862563,33.9326796940255,33.81965455572525,double,2.291145985399873
3257.662,15.0,31.643401967331265,33.933469575623,33.82025884593016,double,2.290067608291735
3258.145,15.0,31.6433963208392,33.934075617562776,33.8206982511524,double,2.2906792967235745
3258.627,15.0,31.643532585042855,33.93449527704199,33.820970933416795,double,2.290962691999132
3259.109,15.0,31.64222598849518,33.9347299765181,33.82107796152343,double,2.292503988022915
3259.591,15.0,31.642026447956194,33.9347797010207,33.82101932841227,double,2.2927532530645056
3260.073,15.0,31.640950021897947,33.93464444471884,33.82079503272072,double,2.293694422820897
3260.555,15.0,31.640149300106057,33.93432421092153,33.82040507878382,double,2.294174910815472
3261.037,15.0,31.63811097284446,33.93381901207796,33.819849476634836,double,2.2957080392335016
3261.519,15.0,31.637814976897445,33.93312886977734,33.8191282420059,double,2.2953138928798964
3262.001,15.0,31.635513894838592,33.93225381474807,33.81824139632875,double,2.296739919909485
3262.484,15.0,31.63285750337434,33.93119149569388,33.817186611169504,double,2.29833399231954
3262.966,15.0,31.630569090359884,33.92994636054872,33.8159682870649,double,2.2993772701888346
3263.448,15.0,31.628543724187363,33.92851645981199,33.81458445049969,double,2.2999727356246225
3263.93,15.0,31.625745186784187,33.92690186077205,33.813035145725514,double,2.3011566739878644
3264.412,15.0,31.62304726286266,33.92510263984618,33.811320422699076,double,2.3020553769835193
3264.894,15.0,31.61954404410747,33.92311888257715,33.809440337083394,double,2.3035748384696797
3265.376,15.0,31.61615267783485,33.92095068362951,33.80739495024967,double,2.3047980057946615
3265.858,15.0,31.612661668399117,33.91859814678509,33.80518432927868,double,2.3059364783859673
3266.341,15.0,31.60922379934866,33.91605593052868,33.80280344632256,double,2.3068321311800197
3266.823,15.0,31.605245218494172,33.91333468385801,33.80026223875722,double,2.3080894653638384
3267.305,15.0,31.602351358182712,33.9104294655718,33.79755603275421,double,2.308078107389089
3267.787,15.0,31.598333067582047,33.907340415887965,33.79468491826373,double,2.3090073483059195
3268.269,15.0,31.594359940691557,33.90406768411353,33.79164899095588,double,2.309707743421968
3268.751,15.0,31.589388082595693,33.900611428637426,33.78844835222267,double,2.3112233460417295
3269.233,15.0,31.58603769048325,33.89697181692313,33.785083109180654,double,2.3109341264398786
3269.715,15.0,31.58210405900079,33.893149025500755,33.781553374673415,double,2.311044966499959
3270.198,15.0,31.576787896046,33.889134739111896,33.77785143237112,double,2.3123468430658933
3270.68,15.0,31.57395852339254,33.88494577504425,33.773992735754234,double,2.3109872516517083
3271.162,15.0,31.56984006343299,33.88057421560444,33.76996992086797,double,2.3107341521714506
3271.644,15.0,31.567199946264417,33.876020273519536,33.765783123503745,double,2.308820327255118
3272.126,15.0,31.565044241824136,33.87128417053688,33.761432485194206,double,2.3062399287127446
3272.608,15.0,31.56159892966214,33.86636613741354,33.756918153216795,double,2.304767207751407
3273.09,15.0,31.559025273409734,33.861266413905156,33.75224028059672,double,2.30224114049542
3273.572,15.0,31.55544816880664,33.855985248754486,33.74739902611048,double,2.300537079947845
3274.054,15.0,31.552710805275442,33.85052289967953,33.74239455428933,double,2.2978120944040947
3274.537,15.0,31.551308687913732,33.84486773746648,33.73721614506368,double,2.293559049552746
3275.019,15.0,31.548195545334096,33.839043455052874,33.731885417483895,double,2.2908479097187797
3275.501,15.0,31.54584612619869,33.833038816193664,33.726392001111016,double,2.2871926899949715
3275.983,15.0,31.54265195035381,33.82685411439786,33.72073608354402,double,2.2842021640440526
3276.465,15.0,31.538067384146917,33.82048965208325,33.714917858155545,double,2.282422267936335
3276.947,15.0,31.535239649137313,33.81394574056185,33.708937524095816,double,2.2787060914245316
3277.429,15.0,31.533577179333495,33.80722270002484,33.70279528629685,double,2.2736455206913417
3277.911,15.0,31.5310201026857,33.80032085952717,33.696491355476695,double,2.2693007568414636
3278.394,15.0,31.528646686483857,33.79322568227544,33.69001236673446,double,2.2645789957915827
3278.875,15.0,31.526436576010607,33.785982139092084,33.683399286600796,double,2.2595455630814776
3279.358,15.0,31.522831281990992,33.778530349153755,33.67659734938579,double,2.255699067162764
3279.84,15.0,31.521194139256643,33.77091640841506,33.66964853618656,double,2.249722269158422
3280.322,15.0,31.518372842664466,33.76312544615689,33.66253917100286,double,2.244752603492428
3280.804,15.0,31.515609859574155,33.755157844284994,33.655269499373865,double,2.239547984710838
3281.286,15.0,31.512810175876112,33.747013993448384,33.64783977265648,double,2.234203817572272
3281.768,15.0,31.510272970987852,33.73869429302003,33.6402502480302,double,2.2284213220321814
3282.25,15.0,31.505695177169468,33.73019915107784,33.63250118850205,double,2.224503973908376
3282.732,15.0,31.50099423171796,33.72152898438445,33.624592862911506,double,2.220534752666492
3283.215,15.0,31.496155302380313,33.7126656870345,33.616508643686,double,2.216510384654191
3283.697,15.0,31.491634454763766,33.70364639488336,33.60828228686421,double,2.2120119401195906
3284.179,15.0,31.4861234481898,33.69445338110131,33.599897506144075,double,2.208329932911507
3284.661,15.0,31.481436989743035,33.6850870970017,33.59135459375805,double,2.2036501072586647
3285.143,15.0,31.478754469230342,33.675548002477115,33.58265384779673,double,2.1967935332467716
3285.625,15.0,31.474161680714825,33.665836565977045,33.57379557221428,double,2.191674885262218
3286.107,15.0,31.47084122703296,33.65595326448507,33.56478007683377,double,2.1851120374521136
3286.589,15.0,31.467260845650614,33.645898583495615,33.55560767735257,double,2.1786377378450017
3287.072,15.0,31.46323615729284,33.635651624834175,33.54625917807252,double,2.172415467541333
3287.554,15.0,31.458688887502174,33.62525532229387,33.536773617170425,double,2.1665664347916946
3288.036,15.0,31.454780817056218,33.614689148634255,33.52713213525803,double,2.1599083315780367
3288.518,15.0,31.452465808067437,33.603953623169716,33.51733507159709,double,2.1514878151022767
3289.0,15.0,31.45016815866608,33.593049273602794,33.50738277135126,double,2.142881114936712
3289.482,15.0,31.446270951006056,33.581976635998686,33.49727558559186,double,2.135705684992628
3289.964,15.0,31.44464554918787,33.57073625475881,33.487013871303326,double,2.1260907055709435
3290.446,15.0,31.441996803232776,33.559328682594455,33.47659799138917,double,2.1173318793616835
3290.928,15.0,31.440024651249765,33.547754480499535,33.466028314677295,double,2.1077298292497715
3291.411,15.0,31.44002422497917,33.5359896881115,33.45528280961472,double,2.095965463132332
3291.893,15.0,31.439802251388304,33.524083599411014,33.44440635240541,double,2.0842813480227096
3292.375,15.0,31.43910265965506,33.51201261440605,33.43337724129565,double,2.07290995475099
3292.857,15.0,31.438967177586097,33.499777326960476,33.42219586888165,double,2.0608101493743813
3293.339,15.0,31.43851736949023,33.48737833907967,33.41086263371267,double,2.048860969589433
3293.821,15.0,31.43894975333693,33.47481626088124,33.39937794029718,double,2.035866507544309
3294.303,15.0,31.43943853682869,33.46209171056502,33.38774219910835,double,2.022653173736333
3294.785,15.0,31.438197503335918,33.44920531438296,33.37595582659002,double,2.0110078110470386
3295.268,15.0,31.437683445325,33.436130469748036,33.363994324624905,double,1.998447024423039
3295.75,15.0,31.43593128726857,33.4229219601866,33.35190765239114,double,1.9869906729180264
3296.232,15.0,31.433480133479513,33.40955353287638,33.339671634947074,double,1.976073399396866
3296.714,15.0,31.429381156990488,33.396025845983665,33.32728671268834,double,1.96664468899318
3297.196,15.0,31.425612995000396,33.38233956556942,33.31475333200945,double,1.9567265705690229
3297.678,15.0,31.42025786460096,33.368495365556996,33.30207194530986,double,1.9482375009560349
3298.16,15.0,31.414636471799867,33.35449392769875,33.28924301099909,double,1.9398574558988801
3298.642,15.0,31.409701776957117,33.34033594154296,33.27626699350262,double,1.9306341645858427
3299.125,15.0,31.405439720897853,33.32599224612347,33.26311698581937,double,1.9205525252256161
3299.607,15.0,31.39953064285963,33.311522941889834,33.24984791663107,double,1.9119922990302074
3300.089,15.0,31.393055044582763,33.296899205925115,33.23643319469095,double,1.9038441613423496
3300.571,15.0,31.387955265871064,33.28212175863485,33.222873308555265,double,1.894166492763788
3301.053,15.0,31.382173976101612,33.267191328047716,33.20916875282327,double,1.8850173519461055
3301.535,15.0,31.37560758818171,33.25210864977949,33.19532002814248,double,1.8765010615977795
3302.017,15.0,31.36930884629375,33.236874466997314,33.18132764121401,double,1.8675656207035596
3302.499,15.0,31.364402459060464,33.22148953038298,33.167192104797586,double,1.8570870713225163
3302.981,15.0,31.35813229055809,33.20595459809631,33.15291393771662,double,1.8478223075382216
3303.464,15.0,31.3523211036039,33.19023774139273,33.13846359993351,double,1.8379166377888279
3303.946,15.0,31.34668891140145,33.17440481477263,33.12390145910601,double,1.8277159033711798
3304.428,15.0,31.341852921004037,33.15842421308013,33.10919828163653,double,1.8165712920760912
3304.91,15.0,31.336310303765696,33.1422967240264,33.0943546106652,double,1.8059864202607079
3305.392,15.0,31.331806336432294,33.126023142610805,33.07937099541978,double,1.7942168061785113
3305.874,15.0,31.32749018755475,33.109604271082006,33.06424799122055,double,1.782114083527253
3306.356,15.0,31.321992116226,33.09304091889839,33.04898615948455,double,1.771048802672387
3306.838,15.0,31.31841480797745,33.076333902688575,33.03358606773003,double,1.7579190947111245
3307.321,15.0,31.3148743838567,33.05944894009589,33.01801591080291,double,1.7445745562391923
3307.802,15.0,31.310874887723628,33.04249218031423,33.00237340476932,double,1.7316172925905982
3308.285,15.0,31.307268367811602,33.025323451011545,32.98652905389339,double,1.718055083199943
3308.767,15.0,31.30062659744453,33.00804979672301,32.97058143802509,double,1.7074231992784739
3309.249,15.0,31.29505877385873,32.99063666946167,32.95449849263773,double,1.69557789560294
3309.731,15.0,31.287590511592565,32.97308492803663,32.93828082195361,double,1.685494416444061
3310.213,15.0,31.280138218757102,32.95539543813918,32.92192903632325,double,1.6752572193820758
3310.695,15.0,31.272642003000193,32.93756907229999,32.9054437522286,double,1.6649270692997986
3311.177,15.0,31.266197598430473,32.91960670984629,32.888825592286175,double,1.6534091114158211
3311.659,15.0,31.259432733034583,32.901509236858786,32.87207518525007,double,1.642076503824208
3312.142,15.0,31.25211229678218,32.883239582147255,32.85515800471186,double,1.631127285365075
3312.624,15.0,31.245927944588843,32.86487429747499,32.83814474326141,double,1.618946352886147
3313.106,15.0,31.239635453780867,32.84637660248054,32.821001159181826,double,1.6067411486996752
3313.588,15.0,31.23454352582152,32.827747409832966,32.803727905817205,double,1.593203884011446
3314.07,15.0,31.229424802289312,32.808987638733434,32.786325642661566,double,1.5795628364441205
3314.552,15.0,31.22519753637263,32.790098214870184,32.76879503536112,double,1.564900678497555
3315.034,15.0,31.221794235730506,32.771080070372946,32.75113675571579,double,1.5492858346424443
3315.516,15.0,31.21845780622095,32.75193414376729,32.73335148168108,double,1.5334763375463412
3315.999,15.0,31.215944862657395,32.73262126375278,32.71540260558454,double,1.5166764010953848
3316.481,15.0,31.212870463666597,32.713222353676905,32.69736514136491,double,1.5003518900103041
3316.963,15.0,31.21014376056416,32.69369851697292,32.67920275501864,double,1.4835547564087614
3317.445,15.0,31.208354056913638,32.674050717297106,32.66091614914721,double,1.4656966603834698
3317.927,15.0,31.206968815022652,32.6542799244676,32.64250603251229,double,1.4473111094449487
3318.409,15.0,31.204309153744465,32.634387114416405,32.623973120035984,double,1.4300779606719438
3318.891,15.0,31.20174988611578,32.61437326914158,32.605318132800996,double,1.4126233830257962
3319.373,15.0,31.199243417234197,32.59423937665869,32.58654179805025,double,1.3949959594244943
3319.855,15.0,31.196772114274346,32.57398643095256,32.56764484918659,double,1.3772143166782103
3320.338,15.0,31.194776169070582,32.553573046424994,32.54858844768857,double,1.3587968773544123
3320.82,15.0,31.192154665728488,32.53308475806963,32.52945224906758,double,1.3409300923411416
3321.302,15.0,31.190934635385677,32.51248043587321,32.510197675059594,double,1.3215458004875336
3321.784,15.0,31.18761804389311,32.49176109721637,32.49082548371038,double,1.3041430533232534
3322.266,15.0,31.18314492575882,32.470927765201054,32.47133643921938,double,1.2877828394422308
3322.748,15.0,31.179174325081306,32.44998146860033,32.451731311938005,double,1.270807143519026
3323.23,15.0,31.174530369430574,32.428923241807674,32.43201087836699,double,1.254392872377097
3323.712,15.0,31.17011355993417,32.40775412478604,32.41217592115417,double,1.2376405648518662
3324.195,15.0,31.165278087862163,32.38643090233791,32.392185724086765,double,1.221152814475751
3324.677,15.0,31.161494541530892,32.36504292215165,32.37212385862173,double,1.2035483806207614
3325.159,15.0,31.157927809975632,32.34354720672592,32.351949855977466,double,1.185619396750287
3325.641,15.0,31.154881360157656,32.32194481779771,32.331664523369916,double,1.1670634576400496
3326.123,15.0,31.149785290225402,32.30023682241493,32.31126867414464,double,1.1504515321895281
3326.605,15.0,31.14596052320346,32.27842429288319,32.290763127771896,double,1.1324637696797257
3327.087,15.0,31.141833128868342,32.25650830671366,32.27014870984216,double,1.11467517784532
3327.569,15.0,31.13796947391435,32.23448994656945,32.24942625206072,double,1.0965204726550937
3328.052,15.0,31.134486606650725,32.212324304300616,32.22855326632881,double,1.0778376976498916
3328.534,15.0,31.130740288754073,32.190104257807654,32.207617028613726,double,1.0593639690535839
3329.016,15.0,31.126433866658815,32.16778511799067,32.18657528456619,double,1.0413512513318568
3329.498,15.0,31.122925902072907,32.145367987595776,32.16542889030573,double,1.0224420855228677
3329.98,15.0,31.120100076143085,32.12285397425195,32.144178708035994,double,1.0027538981088657
3330.462,15.0,31.116246644720295,32.10024419041647,32.12282560603731,double,0.9839975456961692
3330.944,15.0,31.1118466999999,32.077539753319975,32.101370458659055,double,0.9656930533200714
3331.426,15.0,31.108612960767424,32.054741784911656,32.07981414631186,double,0.9461288241442323
3331.908,15.0,31.10496838425413,32.0318514118036,32.05815755545872,double,0.9268830275494744
3332.391,15.0,31.09984211636556,32.00882199135954,32.03635633903604,double,0.9089798749939759
3332.873,15.0,31.094784325082315,31.985750021239156,32.014501671333775,double,0.8909656961568424
3333.355,15.0,31.089617424550415,31.962589055878926,31.992549422469402,double,0.8729716313285119
3333.837,15.0,31.08383024636354,31.939340148407254,31.970500419584415,double,0.8555099020437107
3334.319,15.0,31.07857693353413,31.91600436838728,31.948355506417727,double,0.8374274348531496
3334.801,15.0,31.072776802634138,31.892582865563757,31.926115601641342,double,0.8198060629296178
3335.283,15.0,31.066644837578018,31.86907679403481,31.90378162997637,double,0.802431956456795
3335.765,15.0,31.0617124778733,31.84548731219451,31.881354522181148,double,0.7837748343212103
3336.248,15.0,31.056140326993532,31.82176638651704,31.858788399298287,double,0.7656260595235109
3336.729,15.0,31.050753140100014,31.798062772296614,31.836224651352452,double,0.7473096321966022
3337.212,15.0,31.045739088049253,31.774180524266015,31.813476589460087,double,0.7284414362167646
3337.694,15.0,31.040601685069173,31.750268906925395,31.790686180682194,double,0.7096672218562194
3338.176,15.0,31.034478504655578,31.726279736139094,31.767807381707026,double,0.6918012314835187
3338.658,15.0,31.02996375736466,31.702214194884316,31.744841159270564,double,0.6722504375196559
3339.14,15.0,31.02564758056922,31.67807347003111,31.72178848605497,double,0.6524258894618884
3339.622,15.0,31.02137948690252,31.653858752284634,31.69865034067398,double,0.6324792653821132
3340.104,15.0,31.016121319234415,31.629571236125955,31.675427707657057,double,0.6134499168915397
3340.586,15.0,31.011446790203156,31.605212119753606,31.6521215774338,double,0.5937653295504497
3341.069,15.0,31.006569119771367,31.58073184904068,31.628684337121015,double,0.5741627292693174
3341.551,15.0,31.00106194139135,31.556232999112666,31.60521403925205,double,0.5551710577213154
3342.033,15.0,30.995346420782592,31.531666167791634,31.581663252795412,double,0.5363197470090397
3342.515,15.0,30.99081738487401,31.507032567560934,31.55803299162294,double,0.5162151826869243
3342.997,15.0,30.986429075312877,31.482333414324188,31.5343242754189,double,0.4959043390113105
3343.479,15.0,30.980626885501984,31.457569927345485,31.510538129660894,double,0.4769430418435028
3343.961,15.0,30.976577580567206,31.43274332918924,31.486675585600356,double,0.45616574862203385
3344.443,15.0,30.97173973239853,31.407854845659998,31.46273768024226,double,0.43611511326147046
3344.926,15.0,30.96614906548175,31.382853881843083,31.43867556190509,double,0.4167048163613296
3345.408,15.0,30.960864468068465,31.35784519563559,31.414589916958253,double,0.39698072756712555
3345.89,15.0,30.955700742971892,31.33277832286995,31.39043205823329,double,0.37707757989805524
3346.372,15.0,30.949508662323698,31.307654501710967,31.366203045548264,double,0.3581458393872694
3346.854,15.0,30.94309332668006,31.28247497326,31.34190394436576,double,0.3393816465799393
3347.336,15.0,30.93678286627759,31.257240981492963,31.31753582576874,double,0.3204581152153718
3347.818,15.0,30.92936523457469,31.23195377319947,31.29309976643688,double,0.30258853862478174
3348.3,15.0,30.922728409749123,31.206614597920932,31.268596848621428,double,0.2838861881718113
3348.782,15.0,30.916714165816465,31.181224707889122,31.24402816012012,double,0.26451054207265456
3349.265,15.0,30.910335110109123,31.15573252868834,31.219343621212303,double,0.24539741857921848
3349.747,15.0,30.904432823503804,31.130244877600493,31.19464654602756,double,0.22581205409669125
3350.229,15.0,30.898998770549003,31.104710286593562,31.169886998862257,double,0.20571151604455995
3350.711,15.0,30.893087247882413,31.079130018045397,31.14506608944483,double,0.18604277016298632
3351.193,15.0,30.88768059641815,31.053505336713762,31.12018493291433,double,0.16582474029561145
3351.675,15.0,30.882341910111144,31.027837509673155,31.095244649790903,double,0.1454955995620122
3352.157,15.0,30.87798567032148,31.002127806252762,31.070246365946375,double,0.1241421359312822
3352.639,15.0,30.87345286252595,30.976377497973406,31.045191212573677,double,0.10292463544745445
3353.122,15.0,30.86979062059451,30.950534313008543,31.02002817173814,double,0.08074369241403145
3353.604,15.0,30.864506886812528,30.924706540400145,30.994862581947807,double,0.06019965358761703
3354.086,15.0,30.859791461042484,30.89884199266912,30.969643550207593,double,0.03905053162663319
3354.568,15.0,30.85521654022238,30.872941949477205,30.944372228689588,double,0.01772540925482624
3355.05,15.0,30.850439964160092,30.847007692362226,30.919049774725625,double,-0.003432271797865205
3355.532,15.0,30.845365689442726,30.821040504674972,30.893677350773217,double,-0.024325184767753916
3356.014,15.0,30.841282427396006,30.795041671515122,30.86825612437991,double,-0.046240755880883055
3356.496,15.0,30.83679721543726,30.769012479668167,30.842787268148353,double,-0.06778473576909416
3356.979,15.0,30.83319294761039,30.74290012543301,30.817218975907583,double,-0.0902928221773791
3357.461,15.0,30.828078100593498,30.71681402669837,30.79165830515642,double,-0.11126407389512871
3357.943,15.0,30.82184054531491,30.69070144178979,30.766053554805772,double,-0.1311391035251186
3358.425,15.0,30.81715274396593,30.664563663600337,30.74040591731755,double,-0.15258908036559493
3358.907,15.0,30.811383662442022,30.638401986388896,30.71471659001983,double,-0.17298167605312442
3359.389,15.0,30.805409845296705,30.6122177057164,30.688986775067306,double,-0.193192139580306
3359.871,15.0,30.80025767864892,30.586012118381724,30.663217679400447,double,-0.21424556026719555
3360.353,15.0,30.79526844309426,30.559786522357058,30.637410514704598,double,-0.23548192073720164
3360.835,15.0,30.79124679992711,30.53354221672404,30.61156649736803,double,-0.25770458320306666
3361.318,15.0,30.785847492551238,30.50722599952817,30.585633120031865,double,-0.27862149302306793
3361.8,15.0,30.781038237446573,30.480948143971176,30.559718995071485,double,-0.30009009347539695
3362.282,15.0,30.777221977543647,30.454655484763737,30.533771696979084,double,-0.3225664927799077
3362.764,15.0,30.774841060778556,30.428349324781635,30.507792460530137,double,-0.3464917359969233
3363.246,15.0,30.77130808951453,30.402030967686905,30.481782524982275,double,-0.36927712182762695
3363.728,15.0,30.76734357065316,30.37570171786369,30.45574313402937,double,-0.3916418527894705
3364.21,15.0,30.763242560917092,30.349362880353294,30.429675535754303,double,-0.4138796805638001
3364.692,15.0,30.760273118966442,30.323015760789524,30.40358098258118,double,-0.4372573581769179
3365.174,15.0,30.75659899331268,30.29666166533363,30.377460731227085,double,-0.4599373279790486
3365.656,15.0,30.753127437847017,30.270301900609947,30.351316042652687,double,-0.48282553723706934
3366.139,15.0,30.75002639860442,30.243883072654025,30.32509386863731,double,-0.5061433259503922
3366.621,15.0,30.74612273718062,30.217515885815473,30.29890406110855,double,-0.5286068513651487
3367.103,15.0,30.742049500894847,30.191146954423143,30.272693626845392,double,-0.5509025464717043
3367.585,15.0,30.73715062022441,30.164777586304087,30.246463843283838,double,-0.5723730339203204
3368.067,15.0,30.73291170572648,30.13840908942357,30.22021599184602,double,-0.594502616302911
3368.549,15.0,30.72924458385774,30.112042771819997,30.193951357886263,double,-0.6172018120377432
3369.031,15.0,30.72381560683175,30.085679941540068,30.167671230636827,double,-0.6381356652916836
3369.513,15.0,30.718387486689164,30.059321906573594,30.14137690315225,double,-0.6590655801155698
3369.996,15.0,30.712881941172938,30.032915309982556,30.115015080425188,double,-0.6799666311903818
3370.478,15.0,30.707421311745286,30.006570805795207,30.088696223925893,double,-0.7008505059500791
3370.96,15.0,30.702304968287912,29.98023502261281,30.062367071436235,double,-0.7220699456751023
3371.442,15.0,30.695763286437373,29.953909267547495,30.036028930740287,double,-0.7418540188898759
3371.924,15.0,30.68794997580131,29.92759484732961,30.00968311315686,double,-0.7603551284717014
3372.406,15.0,30.680783331794835,29.90129306824272,29.98333093347926,double,-0.7794902635521184
3372.888,15.0,30.675395277594212,29.87500523605847,29.95697370991507,double,-0.8003900415357423
3373.37,15.0,30.66927856999587,29.84873265597181,29.93061276402431,double,-0.8205459140240623
3373.853,15.0,30.66384749456661,29.82242217757378,29.904194723353072,double,-0.8414253169928276
3374.335,15.0,30.659713262478427,29.796184053045728,29.877830309752596,double,-0.8635292094327007
3374.817,15.0,30.65432234228832,29.76996509479345,29.851466160761188,double,-0.8843572474948713
3375.299,15.0,30.650324093991223,29.74376660505429,29.825103610726444,double,-0.9065574889369321
3375.781,15.0,30.644710976960184,29.717589885164266,29.798743997029714,double,-0.9271210917959183
3376.263,15.0,30.64069410024969,29.691436235493505,29.772388660020315,double,-0.9492578647561811
3376.745,15.0,30.637613251475294,29.6653069553814,29.746038942948537,double,-0.9723062960938944
3377.227,15.0,30.633501176819617,29.63920334307193,29.71969619189818,double,-0.9942978337476871
3377.709,15.0,30.62898331550806,29.613126695648972,29.69336175571814,double,-1.0158566198590846
3378.192,15.0,30.625464363112464,29.587024296951054,29.666982381235762,double,-1.0384400661614113
3378.674,15.0,30.62185826279798,29.56100552825278,29.64066865633135,double,-1.060852734545198
3379.156,15.0,30.61859931811904,29.535017610768378,29.614367311557498,double,-1.0835817073506615
3379.638,15.0,30.615735985634462,29.509061836293238,29.58807970613011,double,-1.1066741493412247
3380.12,15.0,30.613110324925596,29.48313949514001,29.56180720167684,double,-1.129970829785587
3380.602,15.0,30.61072687239854,29.457251876074565,29.535551162164353,double,-1.1534749963239777
3381.084,15.0,30.606451015967156,29.431400266251543,29.509312953824345,double,-1.1750507497156115
3381.566,15.0,30.603713705099526,29.40558595115037,29.48309394507947,double,-1.1981277539491575
3382.049,15.0,30.601198502616967,29.379756778870856,29.45684117519527,double,-1.2214417237461084
3382.531,15.0,30.598554404410876,29.354020986659325,29.43066472624729,double,-1.2445334177515532
3383.013,15.0,30.594521407950165,29.328326337569464,29.40451159740498,double,-1.266195070380699
3383.495,15.0,30.590179667215008,29.30267410973546,29.378383165098565,double,-1.2875055574795458
3383.977,15.0,30.586227209162626,29.27706557929639,29.35228080756527,double,-1.3091616298662345
3384.459,15.0,30.583112552976964,29.251502020332854,29.326205904770873,double,-1.3316105326441119
3384.941,15.0,30.580371322491573,29.225984704802983,29.300159838329655,double,-1.354386617688591
3385.423,15.0,30.57640210075126,29.200514902479348,29.274143991424157,double,-1.3758871982719134
3385.906,15.0,30.571611008076566,29.175041191762226,29.24810587332075,double,-1.3965698163143414
3386.387,15.0,30.568507451734174,29.149722905232345,29.222208496304702,double,-1.4187845465018278
3386.87,15.0,30.564752360968672,29.124350762136736,29.196237888812604,double,-1.4404015988319363
3387.352,15.0,30.56148542490032,29.099083774807088,29.17035685603566,double,-1.4624016500932313
3387.834,15.0,30.55689549353921,29.073870617153908,29.144512982251946,double,-1.4830248763853027
3388.316,15.0,30.552045864943807,29.048712544503264,29.118707658327374,double,-1.503333320440542
3388.798,15.0,30.5477727176286,29.02361080955419,29.092942276113202,double,-1.5241619080744118
3389.28,15.0,30.542918985681993,28.998566662315916,29.067218228359938,double,-1.5443523233660772
3389.762,15.0,30.539068590859458,28.97358135004572,29.041536908630462,double,-1.56548724081374
3390.244,15.0,30.534285648761173,28.948656117186466,29.015899711212832,double,-1.585629531574706
3390.727,15.0,30.531612681812035,28.923740685027578,28.99025498454263,double,-1.6078719967844601
3391.209,15.0,30.52797642251989,28.89893946382738,28.96471031585135,double,-1.6290369586925146
3391.691,15.0,30.52518801428752,28.874202040419384,28.939213958697685,double,-1.6509859738681354
3392.173,15.0,30.522224564615158,28.849529647361877,28.913767309382337,double,-1.6726949172532812
3392.655,15.0,30.519814267101758,28.824923514089175,28.888371764483487,double,-1.6948907530125845
3393.137,15.0,30.515425422547192,28.80038486685018,28.86302872076544,double,-1.7150405556970116
3393.619,15.0,30.513235220691598,28.775914928646763,28.83773957508643,double,-1.737320292044836
3394.101,15.0,30.510694603122584,28.75151491917287,28.812505724305993,double,-1.7591796839497131
3394.583,15.0,30.507959329223294,28.72718605475338,28.787328565191572,double,-1.7807732744699156
3395.066,15.0,30.505183324336056,28.702879299636834,28.76215744142121,double,-1.8023040246992195
3395.548,15.0,30.502554253829427,28.678696514405267,28.737097979966148,double,-1.8238577394241617
3396.03,15.0,30.501117547947143,28.654588504879403,28.712099401880504,double,-1.8465290430677406
3396.512,15.0,30.4985108690787,28.630556473293893,28.687163102616964,double,-1.8679543957848044
3396.994,15.0,30.495933596519286,28.606601618211513,28.66229047706006,double,-1.8893319783077733
3397.476,15.0,30.491795126062215,28.582725134463526,28.637482919429523,double,-1.9090699915986886
3397.958,15.0,30.48894057760635,28.558928213089562,28.612741823182525,double,-1.9300123645167866
3398.44,15.0,30.48560430967633,28.535212041278257,28.58806858091576,double,-1.9503922683980712
3398.923,15.0,30.4822395276286,28.51152885460437,28.563413611575942,double,-1.9707106730242285
3399.405,15.0,30.47791973596817,28.487977901437183,28.538880399116724,double,-1.9899418345309894
3399.887,15.0,30.473012974279428,28.464511238131884,28.514419215157115,double,-2.0085017361475446
3400.369,15.0,30.46835764399729,28.44113003587142,28.49003144785761,double,-2.02722760812587
3400.851,15.0,30.463866887157376,28.41783546169183,28.465718484019398,double,-2.0460314254655443
3401.333,15.0,30.457887923491683,28.39462867842444,28.441481708983623,double,-2.063259245067245
3401.815,15.0,30.45363316997667,28.371510844636806,28.41732250652902,double,-2.0821223253398635
3402.297,15.0,30.449544806244237,28.348483114575394,28.393242258770535,double,-2.1010616916688427
3402.78,15.0,30.445430114734485,28.32549914770955,28.36919263817036,double,-2.1199309670249358
3403.262,15.0,30.442093150562165,28.302655263151255,28.345274609938798,double,-2.139437887410911
3403.744,15.0,30.438309635140993,28.279904920914284,28.321439674586614,double,-2.158404714226708
3404.226,15.0,30.436045533610002,28.25724925737316,28.297689206535853,double,-2.1787962762368385
3404.708,15.0,30.43383833575278,28.234689404293732,28.274024578026275,double,-2.1991489314590495
3405.19,15.0,30.432027277872308,28.21222648877622,28.250447159010456,double,-2.2198007890960882
3405.672,15.0,30.42876076949128,28.189861633198948,28.226958317048485,double,-2.238899136292333
3406.154,15.0,30.427092583068998,28.16759595516184,28.203559417202438,double,-2.2594966279071595
3406.636,15.0,30.42429951839815,28.145430567430278,28.18025182193024,double,-2.2788689509678717
3407.119,15.0,30.42237423170688,28.123320908136495,28.15698882448817,double,-2.2990533235703827
3407.601,15.0,30.419643729798697,28.10135963349628,28.133868111261684,double,-2.3182840963024143
3408.083,15.0,30.418783589000835,28.079501960166496,28.11084277609821,double,-2.339281628834339
3408.565,15.0,30.416016557260523,28.057748981007848,28.08791416996501,double,-2.3582675762526764
3409.047,15.0,30.412690831232613,28.03610178376985,28.065083640689735,double,-2.3765890474627627
3409.529,15.0,30.40961555568301,28.014561451035753,28.0423525328521,double,-2.3950541046472598
3410.011,15.0,30.406578215771994,27.993129060168553,28.019722187675722,double,-2.413449155603442
3410.493,15.0,30.40261845267563,27.971805683256413,27.997193942919157,double,-2.430812769419216
3410.976,15.0,30.397165130716886,27.950548491236997,27.974722716708712,double,-2.4466166394798874
3411.458,15.0,30.39238151574469,27.92944656881725,27.952402890399654,double,-2.462934946927442
3411.94,15.0,30.38674781943667,27.9084568466175,27.930189158656283,double,-2.4782909728191695
3412.422,15.0,30.382505860740146,27.887580375079967,27.90808284427858,double,-2.4949254856601764
3412.904,15.0,30.376437833711122,27.86681819910557,27.88608526605482,double,-2.5096196346055533
3413.386,15.0,30.371596870130375,27.846171358001104,27.86419773865154,double,-2.52542551212927
3413.868,15.0,30.36600273729086,27.825640885427216,27.842421572503394,double,-2.5403618518636426
3414.35,15.0,30.360280808217137,27.805227809346043,27.820758073702734,double,-2.5550529988710933
3414.833,15.0,30.356508837320185,27.784891170673554,27.799163954692176,double,-2.5716176666466306
3415.314,15.0,30.35279498649604,27.76475792970968,27.777774280139568,double,-2.5880370567863578
3415.797,15.0,30.35040991678626,27.744661671604064,27.756412469307833,double,-2.6057482451821934
3416.279,15.0,30.348027426229073,27.724728598358684,27.73521285593713,double,-2.6232988278703906
3416.761,15.0,30.344705120348802,27.70491797620864,27.714132374028445,double,-2.63978714414016
3417.243,15.0,30.341353295374585,27.68523079783786,27.693172301286616,double,-2.656122497536723
3417.725,15.0,30.33936541787636,27.665668049875713,27.67233391029864,double,-2.673697368000644
3418.207,15.0,30.336803200452962,27.646230712847608,27.65161846842269,double,-2.690572487605353
3418.689,15.0,30.335738927923884,27.626919761125258,27.631027237676836,double,-2.708819166798626
3419.171,15.0,30.334199446865135,27.60773616287784,27.61056147462808,double,-2.7264632839872958
3419.654,15.0,30.331297519632862,27.58864148028858,27.590180365682336,double,-2.7426560393442823
3420.136,15.0,30.329502052171026,27.56971573763044,27.569969552145363,double,-2.7597863145405856
3420.618,15.0,30.32668765667704,27.55092021721528,27.54988794475517,double,-2.7757674394617626
3421.1,15.0,30.324969395418066,27.532255861903753,27.52993677715201,double,-2.7927135335143127
3421.582,15.0,30.322928017264573,27.513723608112638,27.510117276969726,double,-2.809204409151933
3422.064,15.0,30.321304532155857,27.495324385768072,27.49043066572537,double,-2.8259801463877854
3422.546,15.0,30.31878274886432,27.477059118258335,27.470878158708377,double,-2.8417236306059857
3423.028,15.0,30.31658945079475,27.45892872238742,27.45146096487008,double,-2.8576607284073297
3423.51,15.0,30.31421226567492,27.440934108328758,27.432180286713407,double,-2.8732781573461654
3423.993,15.0,30.311960810576334,27.423039272641624,27.412997748461365,double,-2.8889215379347077
3424.475,15.0,30.30998066279192,27.405319212343326,27.393993972239727,double,-2.904661450448592
3424.957,15.0,30.307576674791115,27.387737625975365,27.375130281862738,double,-2.9198390488157475
3425.439,15.0,30.30535835302855,27.37029539671849,27.356407852924946,double,-2.935062956310058
3425.921,15.0,30.30331673115879,27.35299340089617,27.33782785402321,double,-2.9503233302626217
3426.403,15.0,30.299855277025916,27.335832507930636,27.319391446647522,double,-2.9640227690952816
3426.885,15.0,30.29765729117497,27.318813580298574,27.301099785072136,double,-2.9788437108764
3427.367,15.0,30.29422397974005,27.301937473488003,27.28295401624713,double,-2.9922865062520456
3427.85,15.0,30.2928500140246,27.285170471282573,27.26491809153906,double,-3.0076795427420313
3428.332,15.0,30.290269370887792,27.268582845091384,27.247067827793042,double,-3.0216865257964076
3428.814,15.0,30.288000309595443,27.252140565544458,27.229366854945592,double,-3.035859744050984
3429.296,15.0,30.286538015768965,27.235844459730078,27.21181628955427,double,-3.050693556038886
3429.778,15.0,30.283588592975963,27.219695347534817,27.194417240314202,double,-3.063893245441146
3430.26,15.0,30.281781476312,27.20369404160171,27.17717080795158,double,-3.078087434710286
3430.742,15.0,30.279051488111975,27.187841347289808,27.160078085117917,double,-3.091210140822165
3431.224,15.0,30.275867142011258,27.17213806263259,27.143140156283973,double,-3.10372907937867
3431.707,15.0,30.273057004679877,27.15655286716568,27.126323442854616,double,-3.1165041375141977
3432.189,15.0,30.270250742003164,27.141151080469207,27.10969864888667,double,-3.1290996615339575
3432.671,15.0,30.268523637761074,27.12590105477664,27.093231854387252,double,-3.1426225829844334
3433.153,15.0,30.267396492583607,27.110803558404626,27.07692411003999,double,-3.156592934178981
3433.635,15.0,30.265298858621637,27.095859352146217,27.060776457826925,double,-3.1694395064754186
3434.117,15.0,30.263034940131394,27.0810691892322,27.04478993092557,double,-3.181965750899196
3434.599,15.0,30.263378445092453,27.06643381529277,27.028965553606906,double,-3.1969446297996864
3435.081,15.0,30.261984582511815,27.051953968319843,27.013304341133747,double,-3.210030614191972
3435.563,15.0,30.26349322018903,27.037630378629608,26.99780729966009,double,-3.2258628415594237
3436.046,15.0,30.26482847815445,27.02343454119601,26.982443789642463,double,-3.2413939369584366
3436.528,15.0,30.266883964504938,27.009425954036626,26.967278417433484,double,-3.2574580104683113
3437.01,15.0,30.268987570013074,26.99557577014372,26.952280181051137,double,-3.2734117998693524
3437.492,15.0,30.271898701898003,26.981884688747215,26.93745004919653,double,-3.2900140131507882
3437.974,15.0,30.27457299250777,26.968353401219524,26.922788980966455,double,-3.3062195912882455
3438.456,15.0,30.27648036915455,26.954982591040654,26.908297925756287,double,-3.321497778113897
3438.938,15.0,30.279285389366905,26.941772933763268,26.89397782316383,double,-3.337512455603636
3439.42,15.0,30.281530985600092,26.928725096978546,26.879829602893768,double,-3.352805888621546
3439.903,15.0,30.284445182151813,26.915813176527497,26.865825370278895,double,-3.368632005624317
3440.385,15.0,30.28656853579627,26.903091290604173,26.852024025057553,double,-3.383477245192096
3440.867,15.0,30.2882966678167,26.890533181165683,26.838397292824702,double,-3.3977634866510176
3441.349,15.0,30.29160598815242,26.878139483604023,26.824946062750833,double,-3.4134665045483956
3441.831,15.0,30.2932726234927,26.86591082518351,26.81167121364687,double,-3.427361798309192
3442.313,15.0,30.29485888455752,26.85384782500899,26.798573613873668,double,-3.4410110595485266
3442.795,15.0,30.29581056544639,26.841951093994155,26.78565412125195,double,-3.4538594714522364
3443.277,15.0,30.294083571937435,26.830221234830514,26.77291358297348,double,-3.463862337106921
3443.76,15.0,30.29327359858017,26.81863502807812,26.76032696333712,double,-3.4746385705020533
3444.241,15.0,30.291987533435055,26.807264501526834,26.747972704539237,double,-3.484723031908221
3444.724,15.0,30.29093974743749,26.796015677215735,26.7357488854839,double,-3.4949240702217557
3445.206,15.0,30.289012910385203,26.78495951848091,26.72373279975644,double,-3.5040533919042938
3445.688,15.0,30.286541736303906,26.774073121813878,26.711899743474888,double,-3.5124686144900275
3446.17,15.0,30.28379013917477,26.763357039923445,26.700250498214693,double,-3.520433099251324
3446.652,15.0,30.281399143522027,26.752811817089654,26.68878583432499,double,-3.52858732643237
3447.134,15.0,30.279325327475913,26.74243798913567,26.67750651084685,double,-3.5368873383402444
3447.616,15.0,30.276573914826503,26.732236083400473,26.666413275433083,double,-3.5443378314260308
3448.098,15.0,30.27390323923949,26.722206618711674,26.65550686426874,double,-3.5516966205278164
3448.581,15.0,30.271072993243948,26.712329836293193,26.64476595914253,double,-3.5587431569507553
3449.063,15.0,30.269941959495327,26.70264713637952,26.63423575008903,double,-3.5672948231158075
3449.545,15.0,30.26662609732221,26.69313838367825,26.623894505699187,double,-3.5734877136439582
3450.027,15.0,30.265271059301174,26.683804062692417,26.613742915490356,double,-3.5814669966087562
3450.509,15.0,30.264638429493303,26.674644649285252,26.603781657131588,double,-3.589993780208051
3450.991,15.0,30.26298753814029,26.66566061065534,26.594011396370433,double,-3.597326927484951
3451.473,15.0,30.261810221679575,26.656852405312925,26.584432786961454,double,-3.6049578163666496
3451.955,15.0,30.26104940266754,26.64822048305603,26.57504647059561,double,-3.6128289196115104
3452.438,15.0,30.259697816770075,26.639747927048308,26.565834204372813,double,-3.6199498897217683
3452.92,15.0,30.258151682203394,26.631470253380986,26.5568347527352,double,-3.626681428822409
3453.402,15.0,30.257685013486636,26.623370160561134,26.548029447387712,double,-3.634314852925502
3453.884,15.0,30.25821834429966,26.615448063293044,26.53941888106016,double,-3.642770281006613
3454.366,15.0,30.259569359231403,26.60770436745739,26.531003634083927,double,-3.651864991774012
3454.848,15.0,30.2606772021144,26.600139470090276,26.52278427432875,double,-3.660537732024122
3455.33,15.0,30.261249040699706,26.59275375936277,26.514761357140728,double,-3.6684952813369365
3455.812,15.0,30.261764351358007,26.585547614560745,26.506935425281508,double,-3.6762167367972607
3456.294,15.0,30.26155734928601,26.578521406065235,26.499307008868854,double,-3.6830359432207747
3456.777,15.0,30.260979147718615,26.571661479863913,26.491861415791686,double,-3.689317667854702
3457.259,15.0,30.261098287171535,26.56499659456295,26.48462998217944,double,-3.6961016926085835
3457.741,15.0,30.259887194403817,26.558512703796154,26.477597578935217,double,-3.7013744906076615
3458.223,15.0,30.261112264973132,26.552210142118994,26.470764685005577,double,-3.708902122854141
3458.705,15.0,30.262007036316042,26.546089235090353,26.46413176641513,double,-3.7159178012256877
3459.187,15.0,30.263637873287426,26.540150299255792,26.45769927621513,double,-3.7234875740316307
3459.669,15.0,30.263360390898907,26.534393642130816,26.451467654433138,double,-3.728966748768092
3460.151,15.0,30.263699937858156,26.528819562184903,26.445437328024234,double,-3.734880375673255
3460.634,15.0,30.263679996440423,26.523417354021138,26.439596828212984,double,-3.7402626424192844
3461.116,15.0,30.264189244693025,26.518209667837887,26.433970740611933,double,-3.7459795768551354
3461.598,15.0,30.264040956699294,26.513185400365114,26.42854715113647,double,-3.750855556334182
3462.08,15.0,30.265398667853106,26.5083448137174,26.423326433963336,double,-3.7570538541357057
3462.562,15.0,30.264558818232313,26.503688160889656,26.418308949973174,double,-3.7608706573426574
3463.044,15.0,30.263862387104794,26.499215685743714,26.413495046710278,double,-3.7646467013610794
3463.526,15.0,30.264940185181448,26.49492762299547,26.408885058343422,double,-3.7700125621859817
3464.008,15.0,30.265166678810733,26.49082419820239,26.40447930562836,double,-3.774342480608345
3464.49,15.0,30.26611217497819,26.4869056277515,26.40027809587171,double,-3.779206547226688
3464.973,15.0,30.26692828839714,26.483164565488604,26.39627364478988,double,-3.7837637229085344
3465.455,15.0,30.266167674713245,26.479616700699754,26.392482814737324,double,-3.7865509740134917
3465.937,15.0,30.266555062440027,26.476254284660826,26.388897369067855,double,-3.7903007777791986
3466.419,15.0,30.268213157535573,26.47307749694731,26.385517560931127,double,-3.7951356605882616
3466.901,15.0,30.266952372301482,26.470086507911166,26.3823436298689,double,-3.7968658643903144
3467.383,15.0,30.2670473308534,26.467281478671588,26.37937580178772,double,-3.7997658521818134
3467.865,15.0,30.267761039421504,26.464662561106202,26.376614288933137,double,-3.8030984783153032
3468.347,15.0,30.26872267525021,26.462229897842786,26.374059289865436,double,-3.806492777407422
3468.83,15.0,30.270166900897898,26.459979155765634,26.371706332427824,double,-3.810187745132265
3469.312,15.0,30.271169512259,26.457919779027662,26.369565331119798,double,-3.8132497332313386
3469.794,15.0,30.272046317232217,26.45604702912817,26.36763135725952,double,-3.815999288104044
3470.276,15.0,30.271658875777057,26.454361011602224,26.365904554424674,double,-3.8172978641748347
3470.758,15.0,30.2720695164566,26.452861822700424,26.364385052408778,double,-3.819207693756177
3471.24,15.0,30.273094966624463,26.4515495493833,26.363072967206,double,-3.821545417241162
3471.722,15.0,30.274795555899413,26.450424269316198,26.36196840099747,double,-3.824371286583217
3472.204,15.0,30.276772963602927,26.44948605086474,26.361071442139128,double,-3.827286912738187
3472.687,15.0,30.27913294893208,26.448733589343902,26.360380951044927,double,-3.830399359588177
3473.168,15.0,30.27937834154306,26.44817102574793,26.359900630708662,double,-3.8312073157951323
3473.651,15.0,30.280292685589984,26.447793722338837,26.359626533720505,double,-3.8324989632511466
3474.133,15.0,30.28090078614919,26.447604636370194,26.359561042170853,double,-3.8332961497789975
3474.615,15.0,30.282468320564192,26.4476028142555,26.35970339208107,double,-3.8348655063086934
3475.097,15.0,30.283472693931575,26.4477882684717,26.360053588658232,double,-3.835684425459873
3475.579,15.0,30.285402686775136,26.44816100217664,26.36061162324239,double,-3.8372416845984967
3476.061,15.0,30.286836034676845,26.4487210092083,26.361377473306565,double,-3.838115025468547
3476.543,15.0,30.289598088942192,26.449468274084342,26.362351102458625,double,-3.840129814857851
3477.025,15.0,30.29044844050251,26.450402772002086,26.363532460444418,double,-3.8400456685004247
3477.508,15.0,30.294189335933797,26.451526990575125,26.36492458075762,double,-3.8426623453586717
3477.99,15.0,30.296737299559034,26.452836231127986,26.366521620813614,double,-3.843901068431049
3478.472,15.0,30.300517113260124,26.454332574281214,26.368326155620203,double,-3.8461845389789087
3478.954,15.0,30.30281883333798,26.456015957941446,26.370338079510248,double,-3.8468028753965324
3479.436,15.0,30.305315612148785,26.45788631070226,26.37255727299411,double,-3.8474293014465255
3479.918,15.0,30.308862164780997,26.459943551846997,26.37498360277216,double,-3.848918612933999
3480.4,15.0,30.312953699604545,26.462187591352095,26.377616921748803,double,-3.8507661082524516
3480.882,15.0,30.31736330398213,26.46461832989085,26.380457069048035,double,-3.8527449740912822
3481.365,15.0,30.319206565595035,26.467241282860567,26.383510405881903,double,-3.851965282734471
3481.847,15.0,30.322998673852698,26.47004547103894,26.38676410030963,double,-3.852953202813758
3482.329,15.0,30.326214695457505,26.4730360042231,26.39022405749445,double,-3.8531786912344046
3482.811,15.0,30.329768649793643,26.476212745901567,26.39389006159648,double,-3.853555903892075
3483.293,15.0,30.332568604500885,26.47957555028556,26.397761883096017,double,-3.8529930542153257
3483.775,15.0,30.33401054484471,26.48312426231556,26.401839278818322,double,-3.8508862825291477
3484.257,15.0,30.336496472997204,26.486858717668415,26.406121991959665,double,-3.8496377553287884
3484.739,15.0,30.337059017945123,26.49077874276471,26.41060975211512,double,-3.8462802751804137
3485.221,15.0,30.339014912716078,26.49488415477686,26.415302275307546,double,-3.844130757939218
3485.704,15.0,30.340538496712444,26.49918385568278,26.42020963607373,double,-3.841354641029665
3486.186,15.0,30.341921758421407,26.50365983968177,26.425311202499135,double,-3.8382619187396383
3486.668,15.0,30.342006407539618,26.50832060626451,26.430616598223672,double,-3.8336858012751107
3487.15,15.0,30.342804814752682,26.5131659356802,26.43612548527472,double,-3.8296388790724833
3487.632,15.0,30.341766090679467,26.51819559897649,26.441837512275345,double,-3.8235704917029767
3488.114,15.0,30.343697376341318,26.52340935801034,26.447752314482337,double,-3.820288018330975
3488.596,15.0,30.34570846606728,26.528806965459097,26.453869513825424,double,-3.816901500608183
3489.078,15.0,30.346109166029866,26.534388164832233,26.460188718948206,double,-3.811721001197632
3489.561,15.0,30.348748062374288,26.540164840458193,26.466723263170227,double,-3.8085832219160953
3490.043,15.0,30.350807141205312,26.546112797080756,26.473445669800377,double,-3.804694344124554
3490.525,15.0,30.352040841434857,26.552243520673496,26.480368827945348,double,-3.7997973207613613
3491.007,15.0,30.35541526447763,26.55855671818108,26.487492293513213,double,-3.7968585462965496
3491.489,15.0,30.359778521218455,26.565052087445423,26.494815609351065,double,-3.7947264337730324
3491.971,15.0,30.363426386795357,26.571729317220093,26.502338305294238,double,-3.7916970695752616
3492.453,15.0,30.366249853822357,26.578588087185146,26.510059898216966,double,-3.7876617666372123
3492.935,15.0,30.371337013669,26.585628067962595,26.51797989208427,double,-3.785708945706401
3493.417,15.0,30.376489593068897,26.592848921131974,26.526097778005152,double,-3.783640671936922
3493.9,15.0,30.381617505794072,26.600265842212245,26.534430490653595,double,-3.7813516635818276
3494.382,15.0,30.386630665615442,26.607847762232918,26.542942990668184,double,-3.778782903382527
3494.864,15.0,30.391438986303925,26.61560948452677,26.55165177833202,double,-3.7758295017771557
3495.346,15.0,30.39595238163043,26.623550634651984,26.560556293863424,double,-3.7724017469784488
3495.828,15.0,30.40008076536588,26.63167082920992,26.569655964910883,double,-3.7684099361559644
3496.31,15.0,30.40373405128119,26.63996967586379,26.578950206614373,double,-3.7637643754174
3496.792,15.0,30.406822153147274,26.648446773357414,26.588438421667536,double,-3.758375379789858
3497.274,15.0,30.40925498473504,26.657101711534747,26.59812000038154,double,-3.7521532732002925
3497.757,15.0,30.410942459815416,26.665952579891428,26.60801500680793,double,-3.744989879923988
3498.239,15.0,30.411794492159316,26.67496230022367,26.618081832467137,double,-3.736832191935646
3498.721,15.0,30.41172099553765,26.68414857665692,26.628340117725614,double,-3.7275724188807313
3499.203,15.0,30.41063188372134,26.693510963619676,26.638789203999657,double,-3.717120920101663
3499.685,15.0,30.4084370704813,26.703049006744184,26.649428420659472,double,-3.705388063737114
