wavenumber_cm-1,angle_deg,third_beam_ratio_percent
2500.257,10.0,4.851828653579551e-07
2500.739,10.0,4.839245907102944e-07
2501.221,10.0,4.826695931684084e-07
2501.703,10.0,4.814178639961745e-07
2502.186,10.0,4.801668076783538e-07
2502.668,10.0,4.789215958695203e-07
2503.15,10.0,4.776796263488667e-07
2503.632,10.0,4.7644089047661633e-07
2504.114,10.0,4.752053796369952e-07
2504.596,10.0,4.739730852379206e-07
2505.078,10.0,4.727439987111959e-07
2505.56,10.0,4.715181115123e-07
2506.042,10.0,4.702954151202537e-07
2506.525,10.0,4.6907337422766775e-07
2507.007,10.0,4.6785704055675133e-07
2507.489,10.0,4.666438722535736e-07
2507.971,10.0,4.654338608911037e-07
2508.453,10.0,4.6422699806558183e-07
2508.935,10.0,4.6302327539653053e-07
2509.417,10.0,4.6182268452654515e-07
2509.899,10.0,4.606252171213866e-07
2510.382,10.0,4.5942839019297005e-07
2510.864,10.0,4.5823715124378836e-07
2511.346,10.0,4.5704901087733427e-07
2511.828,10.0,4.55863960851061e-07
2512.31,10.0,4.546819929451553e-07
2512.792,10.0,4.5350309896254145e-07
2513.274,10.0,4.523272707287367e-07
2513.756,10.0,4.511545000918323e-07
2514.239,10.0,4.499823552792828e-07
2514.721,10.0,4.4881568177180945e-07
2515.203,10.0,4.47652041523454e-07
2515.685,10.0,4.464914264718941e-07
2516.167,10.0,4.4533382857708936e-07
2516.649,10.0,4.441792398211697e-07
2517.131,10.0,4.430276522083662e-07
2517.613,10.0,4.4187905776492587e-07
2518.095,10.0,4.407334485391085e-07
2518.578,10.0,4.395884490847991e-07
2519.06,10.0,4.3844879267891107e-07
2519.542,10.0,4.373120977502763e-07
2520.024,10.0,4.361783564344679e-07
2520.506,10.0,4.350475608887412e-07
2520.988,10.0,4.339197032919224e-07
2521.47,10.0,4.3279477584438974e-07
2521.952,10.0,4.3167277076799253e-07
2522.435,10.0,4.305513615659027e-07
2522.917,10.0,4.29435184005781e-07
2523.399,10.0,4.2832190559459054e-07
2523.881,10.0,4.2721151863954865e-07
2524.363,10.0,4.2610401546898233e-07
2524.845,10.0,4.249993884323675e-07
2525.327,10.0,4.238976299002043e-07
2525.809,10.0,4.2279873226397396e-07
2526.292,10.0,4.217004169459887e-07
2526.773,10.0,4.2060948934993997e-07
2527.256,10.0,4.195168697460524e-07
2527.738,10.0,4.1842934589112263e-07
2528.22,10.0,4.173446451867321e-07
2528.702,10.0,4.162627601490856e-07
2529.184,10.0,4.151836833149273e-07
2529.666,10.0,4.141074072415411e-07
2530.148,10.0,4.1303392450659456e-07
2530.63,10.0,4.1196322770824543e-07
2531.113,10.0,4.1089309675007785e-07
2531.595,10.0,4.098279554421519e-07
2532.077,10.0,4.087655779716635e-07
2532.559,10.0,4.0770595701772256e-07
2533.041,10.0,4.066490852795303e-07
2533.523,10.0,4.055949554763602e-07
2534.005,10.0,4.0454356034747376e-07
2534.487,10.0,4.034948926519982e-07
2534.969,10.0,4.024489451689603e-07
2535.452,10.0,4.014035491255611e-07
2535.934,10.0,4.003630260900687e-07
2536.416,10.0,3.9932520170794905e-07
2536.898,10.0,3.982900688371685e-07
2537.38,10.0,3.9725762035529575e-07
2537.862,10.0,3.9622784915943704e-07
2538.344,10.0,3.952007481661607e-07
2538.826,10.0,3.9417631031143777e-07
2539.309,10.0,3.931524114275726e-07
2539.791,10.0,3.9213328422401386e-07
2540.273,10.0,3.911167990683835e-07
2540.755,10.0,3.9010294897383307e-07
2541.237,10.0,3.8909172697262873e-07
2541.719,10.0,3.8808312611613195e-07
2542.201,10.0,3.8707713947473083e-07
2542.683,10.0,3.8607376013776175e-07
2543.166,10.0,3.8507090760709255e-07
2543.648,10.0,3.840727275964442e-07
2544.13,10.0,3.8307713425746804e-07
2544.612,10.0,3.820841207549247e-07
2545.094,10.0,3.810936802722917e-07
2545.576,10.0,3.80105806011665e-07
2546.058,10.0,3.7912049119378976e-07
2546.54,10.0,3.781377290579412e-07
2547.022,10.0,3.771575128618521e-07
2547.505,10.0,3.7617781014111153e-07
2547.987,10.0,3.7520267091875045e-07
2548.469,10.0,3.742300575060511e-07
2548.951,10.0,3.732599632341573e-07
2549.433,10.0,3.722923814525987e-07
2549.915,10.0,3.713273055290387e-07
2550.397,10.0,3.703647288492144e-07
2550.879,10.0,3.6940464481696997e-07
2551.362,10.0,3.684450627161111e-07
2551.844,10.0,3.674899493999924e-07
2552.326,10.0,3.6653730903738484e-07
2552.808,10.0,3.6558713510389004e-07
2553.29,10.0,3.646394210930271e-07
2553.772,10.0,3.636941605160251e-07
2554.254,10.0,3.6275134690184546e-07
2554.736,10.0,3.6181097379708904e-07
2555.219,10.0,3.6087109136019193e-07
2555.7,10.0,3.5993752339041516e-07
2556.183,10.0,3.590024999104638e-07
2556.665,10.0,3.5807182966469094e-07
2557.147,10.0,3.571435679114823e-07
2557.629,10.0,3.5621770830243327e-07
2558.111,10.0,3.5529424450644814e-07
2558.593,10.0,3.54373170209704e-07
2559.075,10.0,3.5345447911556264e-07
2559.557,10.0,3.5253816494456526e-07
2560.04,10.0,3.5162232774602595e-07
2560.522,10.0,3.5071075355044354e-07
2561.004,10.0,3.4980153752926333e-07
2561.486,10.0,3.488946734713113e-07
2561.968,10.0,3.4799015518225376e-07
2562.45,10.0,3.470879764846667e-07
2562.932,10.0,3.461881312179478e-07
2563.414,10.0,3.4529061323827814e-07
2563.896,10.0,3.4439541641851547e-07
2564.379,10.0,3.4350068459877587e-07
2564.861,10.0,3.426101165683916e-07
2565.343,10.0,3.417218514039892e-07
2565.825,10.0,3.408358830449769e-07
2566.307,10.0,3.399522054472365e-07
2566.789,10.0,3.390708125831245e-07
2567.271,10.0,3.3819169844133615e-07
2567.753,10.0,3.3731485702700805e-07
2568.236,10.0,3.3643847024339875e-07
2568.718,10.0,3.3556616104865747e-07
2569.2,10.0,3.3469610668198425e-07
2569.682,10.0,3.3382830121347533e-07
2570.164,10.0,3.3296273872930507e-07
2570.646,10.0,3.3209941333176576e-07
2571.128,10.0,3.3123831913920614e-07
2571.61,10.0,3.303794502858823e-07
2572.093,10.0,3.2952102594433005e-07
2572.575,10.0,3.286665948227269e-07
2573.057,10.0,3.278143715267171e-07
2573.539,10.0,3.269643502541083e-07
2574.021,10.0,3.261165252184955e-07
2574.503,10.0,3.252708906491648e-07
2574.985,10.0,3.2442744079112325e-07
2575.467,10.0,3.2358616990495166e-07
2575.949,10.0,3.227470722668505e-07
2576.432,10.0,3.219084080482356e-07
2576.914,10.0,3.210736442761837e-07
2577.396,10.0,3.202410366620423e-07
2577.878,10.0,3.194105795439467e-07
2578.36,10.0,3.1858226727533447e-07
2578.842,10.0,3.1775609422503476e-07
2579.324,10.0,3.169320547770985e-07
2579.806,10.0,3.161101433308146e-07
2580.289,10.0,3.152886556959321e-07
2580.771,10.0,3.144709878976169e-07
2581.253,10.0,3.136554313783094e-07
2581.735,10.0,3.128419805978403e-07
2582.217,10.0,3.1203063003112235e-07
2582.699,10.0,3.1122137416790963e-07
2583.181,10.0,3.1041420751299576e-07
2583.663,10.0,3.096091245860204e-07
2584.146,10.0,3.088044560932822e-07
2584.627,10.0,3.0800518806874284e-07
2585.11,10.0,3.072046683418874e-07
2585.592,10.0,3.0640787009188884e-07
2586.074,10.0,3.0561312837876355e-07
2586.556,10.0,3.048204378107055e-07
2587.038,10.0,3.040297930104534e-07
2587.52,10.0,3.0324118861528857e-07
2588.002,10.0,3.0245461927705885e-07
2588.484,10.0,3.016700796620544e-07
2588.967,10.0,3.0088594307612575e-07
2589.449,10.0,3.001054511476623e-07
2589.931,10.0,2.993269730167751e-07
2590.413,10.0,2.9855050340730734e-07
2590.895,10.0,2.9777603705735666e-07
2591.377,10.0,2.9700356871923087e-07
2591.859,10.0,2.962330931594606e-07
2592.341,10.0,2.9546460515871185e-07
2592.823,10.0,2.9469809951174295e-07
2593.306,10.0,2.939319869204063e-07
2593.788,10.0,2.9316943450750417e-07
2594.27,10.0,2.924088489062963e-07
2594.752,10.0,2.9165022496765056e-07
2595.234,10.0,2.908935575563425e-07
2595.716,10.0,2.9013884155101045e-07
2596.198,10.0,2.8938607184413013e-07
2596.68,10.0,2.8863524334198254e-07
2597.163,10.0,2.8788479925504194e-07
2597.645,10.0,2.871378419372665e-07
2598.127,10.0,2.86392810614952e-07
2598.609,10.0,2.856497002492375e-07
2599.091,10.0,2.849085058147912e-07
2599.573,10.0,2.841692222999033e-07
2600.055,10.0,2.8343184470635063e-07
2600.537,10.0,2.826963680494479e-07
2601.02,10.0,2.8196126737368056e-07
2601.502,10.0,2.812295816077391e-07
2601.984,10.0,2.804997818946108e-07
2602.466,10.0,2.7977186330315066e-07
2602.948,10.0,2.790458209155281e-07
2603.43,10.0,2.7832164982722685e-07
2603.912,10.0,2.775993451469069e-07
2604.394,10.0,2.768789019964051e-07
2604.876,10.0,2.7616031551074015e-07
2605.359,10.0,2.754420957582577e-07
2605.841,10.0,2.747272118866213e-07
2606.323,10.0,2.7401417015338437e-07
2606.805,10.0,2.7330296574580896e-07
2607.287,10.0,2.725935938641592e-07
2607.769,10.0,2.7188604972157365e-07
2608.251,10.0,2.7118032854414677e-07
2608.733,10.0,2.7047642557076804e-07
2609.216,10.0,2.6977288131772294e-07
2609.698,10.0,2.690726042680768e-07
2610.18,10.0,2.683741312062344e-07
2610.662,10.0,2.676774574222118e-07
2611.144,10.0,2.6698257821871085e-07
2611.626,10.0,2.6628948891106105e-07
2612.108,10.0,2.6559818482720144e-07
2612.59,10.0,2.649086613076392e-07
2613.073,10.0,2.6421948868605033e-07
2613.554,10.0,2.6353493738614945e-07
2614.037,10.0,2.628493100388959e-07
2614.519,10.0,2.6216686608281937e-07
2615.001,10.0,2.6148617957143204e-07
2615.483,10.0,2.6080724591997077e-07
2615.965,10.0,2.601300605559794e-07
2616.447,10.0,2.594546189193028e-07
2616.929,10.0,2.587809164620911e-07
2617.411,10.0,2.5810894864862905e-07
2617.894,10.0,2.574373222161671e-07
2618.376,10.0,2.5676881370738344e-07
2618.858,10.0,2.561020262990478e-07
2619.34,10.0,2.5543695550406193e-07
2619.822,10.0,2.5477359684738284e-07
2620.304,10.0,2.5411194586600855e-07
2620.786,10.0,2.5345199810890253e-07
2621.268,10.0,2.527937491369685e-07
2621.75,10.0,2.5213719452306145e-07
2622.233,10.0,2.5148097296512343e-07
2622.715,10.0,2.5082779732567356e-07
2623.197,10.0,2.501763028248523e-07
2623.679,10.0,2.495264850828455e-07
2624.161,10.0,2.488783397316318e-07
2624.643,10.0,2.482318624148555e-07
2625.125,10.0,2.4758704878791655e-07
2625.607,10.0,2.469438945178435e-07
2626.09,10.0,2.4630106608937895e-07
2626.572,10.0,2.4566122100078e-07
2627.054,10.0,2.450230223307789e-07
2627.536,10.0,2.443864657927252e-07
2628.018,10.0,2.4375154711144163e-07
2628.5,10.0,2.4311826202323874e-07
2628.982,10.0,2.4248660627580734e-07
2629.464,10.0,2.4185657562829176e-07
2629.947,10.0,2.412268637783923e-07
2630.429,10.0,2.4060007400312897e-07
2630.911,10.0,2.39974896664464e-07
2631.393,10.0,2.3935132756680346e-07
2631.875,10.0,2.38729362525815e-07
2632.357,10.0,2.3810899736832835e-07
2632.839,10.0,2.3749022793239647e-07
2633.321,10.0,2.3687305006716762e-07
2633.803,10.0,2.362574596329497e-07
2634.286,10.0,2.3564218027037922e-07
2634.768,10.0,2.350297555953856e-07
2635.25,10.0,2.3441890599012188e-07
2635.732,10.0,2.338096273590704e-07
2636.214,10.0,2.3320191561760114e-07
2636.696,10.0,2.325957666921084e-07
2637.178,10.0,2.3199117651979885e-07
2637.66,10.0,2.3138814104880772e-07
2638.143,10.0,2.3078540995336336e-07
2638.625,10.0,2.3018547497723876e-07
2639.107,10.0,2.2958708260333745e-07
2639.589,10.0,2.2899022882294735e-07
2640.071,10.0,2.2839490963810313e-07
2640.553,10.0,2.2780112106150998e-07
2641.035,10.0,2.2720885911654998e-07
2641.517,10.0,2.266181198372076e-07
2642.0,10.0,2.260276783947192e-07
2642.481,10.0,2.2544119346431988e-07
2642.964,10.0,2.2485378388727804e-07
2643.446,10.0,2.242690989441898e-07
2643.928,10.0,2.2368591698696241e-07
2644.41,10.0,2.2310423411280712e-07
2644.892,10.0,2.2252404642927722e-07
2645.374,10.0,2.219453500543713e-07
2645.856,10.0,2.2136814111643615e-07
2646.338,10.0,2.207924157541772e-07
2646.821,10.0,2.2021698027109702e-07
2647.303,10.0,2.1964421357543258e-07
2647.785,10.0,2.1907291892530436e-07
2648.267,10.0,2.1850309250044512e-07
2648.749,10.0,2.1793473049083378e-07
2649.231,10.0,2.17367829096616e-07
2649.713,10.0,2.1680238452801302e-07
2650.195,10.0,2.162383930054463e-07
2650.677,10.0,2.1567585075931534e-07
2651.16,10.0,2.1511359142905332e-07
2651.642,10.0,2.145539394547269e-07
2652.124,10.0,2.139957255006624e-07
2652.606,10.0,2.1343894583741295e-07
2653.088,10.0,2.1288359674539546e-07
2653.57,10.0,2.123296745150011e-07
2654.052,10.0,2.1177717544649661e-07
2654.534,10.0,2.1122609584998178e-07
2655.017,10.0,2.1067529313325724e-07
2655.499,10.0,2.1012704437631775e-07
2655.981,10.0,2.095802040730329e-07
2656.463,10.0,2.0903476857270714e-07
2656.945,10.0,2.0849073423436398e-07
2657.427,10.0,2.0794809742672415e-07
2657.909,10.0,2.074068545281854e-07
2658.391,10.0,2.0686700192677824e-07
2658.874,10.0,2.0632742030994088e-07
2659.356,10.0,2.0579034037109753e-07
2659.838,10.0,2.0525463994368074e-07
2660.32,10.0,2.047203154540063e-07
2660.802,10.0,2.0418736333795116e-07
2661.284,10.0,2.0365578004089025e-07
2661.766,10.0,2.0312556201759342e-07
2662.248,10.0,2.0259670573232686e-07
2662.73,10.0,2.0206920765874524e-07
2663.213,10.0,2.0154197410183218e-07
2663.695,10.0,2.0101718470964075e-07
2664.177,10.0,2.0049374299898755e-07
2664.659,10.0,1.9997164548088294e-07
2665.141,10.0,1.994508886756218e-07
2665.623,10.0,1.9893146911276126e-07
2666.105,10.0,1.9841338333106222e-07
2666.587,10.0,1.9789662787851342e-07
2667.07,10.0,1.9738013133530467e-07
2667.552,10.0,1.9686602896382326e-07
2668.034,10.0,1.9635324661325975e-07
2668.516,10.0,1.9584178086813636e-07
2668.998,10.0,1.953316283220561e-07
2669.48,10.0,1.9482278557768125e-07
2669.962,10.0,1.943152492466864e-07
2670.444,10.0,1.9380901594974598e-07
2670.927,10.0,1.9330303608500917e-07
2671.408,10.0,1.928004449855464e-07
2671.891,10.0,1.922970597378514e-07
2672.373,10.0,1.9179600763499834e-07
2672.855,10.0,1.9129624179675402e-07
2673.337,10.0,1.9079775889729068e-07
2673.819,10.0,1.9030055561955863e-07
2674.301,10.0,1.8980462865537054e-07
2674.783,10.0,1.8930997470527571e-07
2675.265,10.0,1.888165904785899e-07
2675.748,10.0,1.8832345301628536e-07
2676.23,10.0,1.878326010165278e-07
2676.712,10.0,1.873430089136124e-07
2677.194,10.0,1.8685467345166297e-07
2677.676,10.0,1.8636759138338913e-07
2678.158,10.0,1.8588175947015175e-07
2678.64,10.0,1.8539717448184536e-07
2679.122,10.0,1.849138331969926e-07
2679.604,10.0,1.8443173240259423e-07
2680.087,10.0,1.8394987253598682e-07
2680.569,10.0,1.8347024567465672e-07
2681.051,10.0,1.8299184970923398e-07
2681.533,10.0,1.8251468146067732e-07
2682.015,10.0,1.820387377583851e-07
2682.497,10.0,1.8156401544011326e-07
2682.979,10.0,1.8109051135201397e-07
2683.461,10.0,1.8061822234860183e-07
2683.944,10.0,1.8014616921204632e-07
2684.426,10.0,1.7967630347945147e-07
2684.908,10.0,1.7920764343844286e-07
2685.39,10.0,1.7874018597672505e-07
2685.872,10.0,1.7827392799022887e-07
2686.354,10.0,1.7780886638308795e-07
2686.836,10.0,1.7734499806765302e-07
2687.318,10.0,1.768823199644201e-07
2687.801,10.0,1.7641987278382483e-07
2688.283,10.0,1.7595956835251226e-07
2688.765,10.0,1.7550044493737973e-07
2689.247,10.0,1.7504249949142398e-07
2689.729,10.0,1.7458572897566418e-07
2690.211,10.0,1.7413013035917702e-07
2690.693,10.0,1.7367570061904481e-07
2691.175,10.0,1.7322243674034886e-07
2691.657,10.0,1.7277033571612366e-07
2692.14,10.0,1.7231846018835972e-07
2692.622,10.0,1.7186867828102207e-07
2693.104,10.0,1.7142005024870389e-07
2693.586,10.0,1.709725731161455e-07
2694.068,10.0,1.7052624391590677e-07
2694.55,10.0,1.7008105968844106e-07
2695.032,10.0,1.6963701748193857e-07
2695.514,10.0,1.6919411435248362e-07
2695.997,10.0,1.6875143201382493e-07
2696.479,10.0,1.683108005856161e-07
2696.961,10.0,1.6787129944305838e-07
2697.443,10.0,1.6743292567317447e-07
2697.925,10.0,1.6699567637065885e-07
2698.407,10.0,1.665595486379164e-07
2698.889,10.0,1.661245395849655e-07
2699.371,10.0,1.656906463294553e-07
2699.854,10.0,1.652569692670423e-07
2700.335,10.0,1.6482619571941567e-07
2700.818,10.0,1.6439474050270108e-07
2701.3,10.0,1.6396528405357242e-07
2701.782,10.0,1.6353692909794162e-07
2702.264,10.0,1.631096727988307e-07
2702.746,10.0,1.6268351232672253e-07
2703.228,10.0,1.6225844485951828e-07
2703.71,10.0,1.6183446758262742e-07
2704.192,10.0,1.614115776888409e-07
2704.675,10.0,1.6098889838910892e-07
2705.157,10.0,1.605681771110041e-07
2705.639,10.0,1.6014853483297386e-07
2706.121,10.0,1.5972996877730065e-07
2706.603,10.0,1.5931247617360228e-07
2707.085,10.0,1.5889605425879848e-07
2707.567,10.0,1.5848070027708822e-07
2708.049,10.0,1.5806641147992552e-07
2708.531,10.0,1.5765318512599943e-07
2709.014,10.0,1.5724016446336348e-07
2709.496,10.0,1.5682905699093842e-07
2709.978,10.0,1.5641900377544305e-07
2710.46,10.0,1.5601000210435246e-07
2710.942,10.0,1.5560204927227462e-07
2711.424,10.0,1.5519514258096936e-07
2711.906,10.0,1.5478927933924366e-07
2712.388,10.0,1.5438445686303668e-07
2712.871,10.0,1.5397983582562532e-07
2713.353,10.0,1.53577089001841e-07
2713.835,10.0,1.531753749281338e-07
2714.317,10.0,1.5277469094856388e-07
2714.799,10.0,1.523750344142164e-07
2715.281,10.0,1.5197640268310252e-07
2715.763,10.0,1.5157879312020501e-07
2716.245,10.0,1.5118220309742761e-07
2716.728,10.0,1.50785810357801e-07
2717.21,10.0,1.5039125366029144e-07
2717.692,10.0,1.4999770865464322e-07
2718.174,10.0,1.4960517274029026e-07
2718.656,10.0,1.492136433235374e-07
2719.138,10.0,1.4882311781748323e-07
2719.62,10.0,1.484335936420449e-07
2720.102,10.0,1.480450682239045e-07
2720.584,10.0,1.4765753899651338e-07
2721.067,10.0,1.4727020249010013e-07
2721.549,10.0,1.4688466002503082e-07
2722.031,10.0,1.4650010608617929e-07
2722.513,10.0,1.4611653813386207e-07
2722.995,10.0,1.4573395363507948e-07
2723.477,10.0,1.4535235006347738e-07
2723.959,10.0,1.4497172489933285e-07
2724.441,10.0,1.4459207562956487e-07
2724.924,10.0,1.4421261512313387e-07
2725.406,10.0,1.4383491214084934e-07
2725.888,10.0,1.434581775479684e-07
2726.37,10.0,1.4308240885769652e-07
2726.852,10.0,1.4270760358974177e-07
2727.334,10.0,1.4233375927035723e-07
2727.816,10.0,1.4196087343224152e-07
2728.298,10.0,1.4158894361460294e-07
2728.781,10.0,1.4121719869234262e-07
2729.262,10.0,1.4084794222977618e-07
2729.745,10.0,1.404781010388527e-07
2730.227,10.0,1.4010997278453068e-07
2730.709,10.0,1.3974278833809948e-07
2731.191,10.0,1.3937654527725234e-07
2731.673,10.0,1.3901124118599655e-07
2732.155,10.0,1.3864687365471975e-07
2732.637,10.0,1.382834402800933e-07
2733.119,10.0,1.379209386650924e-07
2733.602,10.0,1.3755861723351042e-07
2734.084,10.0,1.371979738925392e-07
2734.566,10.0,1.368382551528464e-07
2735.048,10.0,1.364794586424242e-07
2735.53,10.0,1.3612158199551827e-07
2736.012,10.0,1.3576462285257376e-07
2736.494,10.0,1.3540857886017474e-07
2736.976,10.0,1.3505344767111963e-07
2737.458,10.0,1.3469922694432003e-07
2737.941,10.0,1.3434518227351472e-07
2738.423,10.0,1.3399277734932818e-07
2738.905,10.0,1.3364127589607262e-07
2739.387,10.0,1.3329067559710723e-07
2739.869,10.0,1.3294097414182909e-07
2740.351,10.0,1.3259216922574125e-07
2740.833,10.0,1.322442585503281e-07
2741.315,10.0,1.3189723982309288e-07
2741.798,10.0,1.3155039357069788e-07
2742.28,10.0,1.3120515372503984e-07
2742.762,10.0,1.3086079898133693e-07
2743.244,10.0,1.305173270710162e-07
2743.726,10.0,1.301747357314178e-07
2744.208,10.0,1.2983302270583372e-07
2744.69,10.0,1.2949218574343445e-07
2745.172,10.0,1.2915222259929204e-07
2745.655,10.0,1.2881242842930805e-07
2746.137,10.0,1.2847420801163207e-07
2746.619,10.0,1.2813685470793188e-07
2747.101,10.0,1.2780036629668406e-07
2747.583,10.0,1.2746474056214633e-07
2748.065,10.0,1.2712997529438015e-07
2748.547,10.0,1.267960682892148e-07
2749.029,10.0,1.264630173482517e-07
2749.511,10.0,1.261308202788225e-07
2749.994,10.0,1.2579878833923873e-07
2750.476,10.0,1.2546829421797713e-07
2750.958,10.0,1.2513864742005972e-07
2751.44,10.0,1.2480984577565725e-07
2751.922,10.0,1.2448188712060434e-07
2752.404,10.0,1.2415476929638726e-07
2752.886,10.0,1.23828490150137e-07
2753.368,10.0,1.2350304753459137e-07
2753.851,10.0,1.2317776671291774e-07
2754.333,10.0,1.228539924638777e-07
2754.815,10.0,1.2253104833292835e-07
2755.297,10.0,1.2220893219518326e-07
2755.779,10.0,1.2188764193125222e-07
2756.261,10.0,1.2156717542730048e-07
2756.743,10.0,1.2124753057502422e-07
2757.225,10.0,1.209287052715924e-07
2757.708,10.0,1.2061003850062736e-07
2758.189,10.0,1.2029350492738927e-07
2758.672,10.0,1.1997647016388383e-07
2759.154,10.0,1.196609038179386e-07
2759.636,10.0,1.193461465844203e-07
2760.118,10.0,1.190321963932329e-07
2760.6,10.0,1.1871905117963421e-07
2761.082,10.0,1.1840670888429837e-07
2761.564,10.0,1.1809516745327006e-07
2762.046,10.0,1.1778442483791932e-07
2762.529,10.0,1.1747383678064179e-07
2763.011,10.0,1.171646873188924e-07
2763.493,10.0,1.1685633055473917e-07
2763.975,10.0,1.1654876446087186e-07
2764.457,10.0,1.1624198701524397e-07
2764.939,10.0,1.1593599620107675e-07
2765.421,10.0,1.1563079000681824e-07
2765.903,10.0,1.1532636642621165e-07
2766.385,10.0,1.1502272345818464e-07
2766.868,10.0,1.1471923156558735e-07
2767.35,10.0,1.1441714544954448e-07
2767.832,10.0,1.1411583396999316e-07
2768.314,10.0,1.1381529514664909e-07
2768.796,10.0,1.1351552700436394e-07
2769.278,10.0,1.1321652757314816e-07
2769.76,10.0,1.1291829488815491e-07
2770.242,10.0,1.1262082698961259e-07
2770.725,10.0,1.1232350714380105e-07
2771.207,10.0,1.120275645358713e-07
2771.689,10.0,1.1173238086166302e-07
2772.171,10.0,1.1143795418175649e-07
2772.653,10.0,1.1114428256176158e-07
2773.135,10.0,1.1085136407234544e-07
2773.617,10.0,1.1055919678918084e-07
2774.099,10.0,1.1026777879294609e-07
2774.582,10.0,1.0997650589377631e-07
2775.064,10.0,1.0968658227800537e-07
2775.546,10.0,1.0939740221714406e-07
2776.028,10.0,1.0910896381176145e-07
2776.51,10.0,1.0882126516737228e-07
2776.992,10.0,1.0853430439441653e-07
2777.474,10.0,1.0824807960824363e-07
2777.956,10.0,1.0796258892909402e-07
2778.438,10.0,1.076778304820966e-07
2778.921,10.0,1.07393213885297e-07
2779.403,10.0,1.0710991580695587e-07
2779.885,10.0,1.0682734436148514e-07
2780.367,10.0,1.0654549769344317e-07
2780.849,10.0,1.0626437395219604e-07
2781.331,10.0,1.0598397129192035e-07
2781.813,10.0,1.0570428787158946e-07
2782.295,10.0,1.0542532185496097e-07
2782.778,10.0,1.0514649487002576e-07
2783.26,10.0,1.0486895965000905e-07
2783.742,10.0,1.0459213634973034e-07
2784.224,10.0,1.0431602315194881e-07
2784.706,10.0,1.0404061824414298e-07
2785.188,10.0,1.0376591981848816e-07
2785.67,10.0,1.0349192607185703e-07
2786.152,10.0,1.032186352058088e-07
2786.635,10.0,1.0294548061513688e-07
2787.116,10.0,1.0267415494498089e-07
2787.599,10.0,1.0240240005940823e-07
2788.081,10.0,1.0213190426593632e-07
2788.563,10.0,1.0186210242688106e-07
2789.045,10.0,1.0159299277162123e-07
2789.527,10.0,1.0132457353412854e-07
2790.009,10.0,1.010568429529499e-07
2790.491,10.0,1.0078979927119287e-07
2790.973,10.0,1.0052344073654003e-07
2791.456,10.0,1.0025721511716538e-07
2791.938,10.0,9.9992223050312e-08
2792.42,10.0,9.972791089718854e-08
2792.902,10.0,9.946427692358256e-08
2793.384,10.0,9.920131939975779e-08
2793.866,10.0,9.893903660049003e-08
2794.348,10.0,9.867742680499772e-08
2794.83,10.0,9.841648829697969e-08
2795.312,10.0,9.815621936457438e-08
2795.795,10.0,9.789608040198689e-08
2796.277,10.0,9.763714688325156e-08
2796.759,10.0,9.737887782758149e-08
2797.241,10.0,9.712127154078753e-08
2797.723,10.0,9.68643263330798e-08
2798.205,10.0,9.660804051903933e-08
2798.687,10.0,9.63524124176007e-08
2799.169,10.0,9.609744035206806e-08
2799.652,10.0,9.584259569904118e-08
2800.134,10.0,9.558893204496522e-08
2800.616,10.0,9.533591941924432e-08
2801.098,10.0,9.50835561624617e-08
2801.58,10.0,9.483184061952744e-08
2802.062,10.0,9.458077113961612e-08
2802.544,10.0,9.43303460761788e-08
2803.026,10.0,9.408056378692592e-08
2803.509,10.0,9.383090640878231e-08
2803.991,10.0,9.358240608308612e-08
2804.473,10.0,9.33345436267909e-08
2804.955,10.0,9.308731741452813e-08
2805.437,10.0,9.284072582516858e-08
2805.919,10.0,9.259476724174984e-08
2806.401,10.0,9.234944005149658e-08
2806.883,10.0,9.210474264580778e-08
2807.365,10.0,9.186067342023672e-08
2807.848,10.0,9.161672635698957e-08
2808.33,10.0,9.137390998991107e-08
2808.812,10.0,9.113171701116672e-08
2809.294,10.0,9.089014583286214e-08
2809.776,10.0,9.064919487118307e-08
2810.258,10.0,9.040886254641683e-08
2810.74,10.0,9.016914728294346e-08
2811.222,10.0,8.993004750920439e-08
2811.705,10.0,8.969106751085621e-08
2812.187,10.0,8.945319528696785e-08
2812.669,10.0,8.921593385922766e-08
2813.151,10.0,8.897928167227039e-08
2813.633,10.0,8.874323717473264e-08
2814.115,10.0,8.850779881927484e-08
2814.597,10.0,8.827296506253307e-08
2815.079,10.0,8.803873436516211e-08
2815.562,10.0,8.78046211081382e-08
2816.043,10.0,8.757207601087913e-08
2816.526,10.0,8.733916369472367e-08
2817.008,10.0,8.710733115734337e-08
2817.49,10.0,8.687609403875522e-08
2817.972,10.0,8.664545082329722e-08
2818.454,10.0,8.641539999919483e-08
2818.936,10.0,8.61859400586206e-08
2819.418,10.0,8.595706949758606e-08
2819.9,10.0,8.572878681602126e-08
2820.383,10.0,8.550061872725973e-08
2820.865,10.0,8.527350853177396e-08
2821.347,10.0,8.504698173559832e-08
2821.829,10.0,8.482103685408123e-08
2822.311,10.0,8.459567240639747e-08
2822.793,10.0,8.437088691554897e-08
2823.275,10.0,8.414667890831843e-08
2823.757,10.0,8.392304691530769e-08
2824.24,10.0,8.369952729237398e-08
2824.722,10.0,8.347704412223261e-08
2825.204,10.0,8.325513257778915e-08
2825.686,10.0,8.303379120474706e-08
2826.168,10.0,8.281301855255707e-08
2826.65,10.0,8.259281317441299e-08
2827.132,10.0,8.237317362722694e-08
2827.614,10.0,8.215409847164002e-08
2828.096,10.0,8.19355862719988e-08
2828.579,10.0,8.171718399923096e-08
2829.061,10.0,8.149979457984682e-08
2829.543,10.0,8.128296382863994e-08
2830.025,10.0,8.106669032471146e-08
2830.507,10.0,8.08509726508164e-08
2830.989,10.0,8.06358093933447e-08
2831.471,10.0,8.042119914234509e-08
2831.953,10.0,8.02071404914847e-08
2832.436,10.0,7.999318964542904e-08
2832.918,10.0,7.978023112748253e-08
2833.4,10.0,7.956782000949051e-08
2833.882,10.0,7.935595489957243e-08
2834.364,10.0,7.914463440939795e-08
2834.846,10.0,7.893385715425485e-08
2835.328,10.0,7.872362175295015e-08
2835.81,10.0,7.851392682788003e-08
2836.292,10.0,7.830477100496388e-08
2836.775,10.0,7.80957206540761e-08
2837.257,10.0,7.78876400387564e-08
2837.739,10.0,7.768009442174168e-08
2838.221,10.0,7.747308244303188e-08
2838.703,10.0,7.726660274614968e-08
2839.185,10.0,7.70606539781106e-08
2839.667,10.0,7.68552347894049e-08
2840.149,10.0,7.665034383398558e-08
2840.632,10.0,7.644555632421811e-08
2841.114,10.0,7.62417189000615e-08
2841.596,10.0,7.60384056890381e-08
2842.078,10.0,7.583561535890439e-08
2842.56,10.0,7.56333465808531e-08
2843.042,10.0,7.543159802946037e-08
2843.524,10.0,7.523036838275069e-08
2844.006,10.0,7.502965632212934e-08
2844.489,10.0,7.482904572415912e-08
2844.97,10.0,7.462977970166467e-08
2845.453,10.0,7.443019984465291e-08
2845.935,10.0,7.423154607162686e-08
2846.417,10.0,7.403340333965823e-08
2846.899,10.0,7.383577035035046e-08
2847.381,10.0,7.363864580864401e-08
2847.863,10.0,7.344202842282514e-08
2848.345,10.0,7.32459169044751e-08
2848.827,10.0,7.30503099684839e-08
2849.31,10.0,7.285480207602924e-08
2849.792,10.0,7.26602015028733e-08
2850.274,10.0,7.246610167390717e-08
2850.756,10.0,7.22725013171818e-08
2851.238,10.0,7.207939916402015e-08
2851.72,10.0,7.188679394898654e-08
2852.202,10.0,7.169468440991253e-08
2852.684,10.0,7.150306928787141e-08
2853.167,10.0,7.131155132032693e-08
2853.649,10.0,7.112092228769977e-08
2854.131,10.0,7.093078391205488e-08
2854.613,10.0,7.074113494734439e-08
2855.095,10.0,7.055197415069578e-08
2855.577,10.0,7.036330028245089e-08
2856.059,10.0,7.017511210612154e-08
2856.541,10.0,6.998740838838394e-08
2857.023,10.0,6.980018789909186e-08
2857.506,10.0,6.961306248717934e-08
2857.988,10.0,6.942680577311695e-08
2858.47,10.0,6.92410286133984e-08
2858.952,10.0,6.905572979046252e-08
2859.434,10.0,6.887090808983864e-08
2859.916,10.0,6.868656230020007e-08
2860.398,10.0,6.850269121330789e-08
2860.88,10.0,6.831929362402177e-08
2861.363,10.0,6.813598930736239e-08
2861.845,10.0,6.795353608636987e-08
2862.327,10.0,6.777155276360229e-08
2862.809,10.0,6.759003814623937e-08
2863.291,10.0,6.740899104450913e-08
2863.773,10.0,6.722841027170522e-08
2864.255,10.0,6.704829464414296e-08
2864.737,10.0,6.686864298117677e-08
2865.219,10.0,6.668945410519237e-08
2865.702,10.0,6.65103565171738e-08
2866.184,10.0,6.633209064842012e-08
2866.666,10.0,6.615428404943932e-08
2867.148,10.0,6.597693555464174e-08
2867.63,10.0,6.580004400141962e-08
2868.112,10.0,6.562360823014035e-08
2868.594,10.0,6.544762708414375e-08
2869.076,10.0,6.527209940973847e-08
2869.559,10.0,6.509666129868168e-08
2870.041,10.0,6.492203805300119e-08
2870.523,10.0,6.474786483313285e-08
2871.005,10.0,6.457414049714433e-08
2871.487,10.0,6.440086390603757e-08
2871.969,10.0,6.422803392373097e-08
2872.451,10.0,6.405564941703484e-08
2872.933,10.0,6.38837092556773e-08
2873.416,10.0,6.371185696942676e-08
2873.897,10.0,6.354115746231262e-08
2874.38,10.0,6.337019007109021e-08
2874.862,10.0,6.320001695742327e-08
2875.344,10.0,6.303028257861249e-08
2875.826,10.0,6.286098582163774e-08
2876.308,10.0,6.269212557629925e-08
2876.79,10.0,6.252370073526074e-08
2877.272,10.0,6.235571019399903e-08
2877.754,10.0,6.218815285083612e-08
2878.237,10.0,6.202068132241693e-08
2878.719,10.0,6.185398797468098e-08
2879.201,10.0,6.168772453456789e-08
2879.683,10.0,6.152188991162497e-08
2880.165,10.0,6.135648301817724e-08
2880.647,10.0,6.119150276933042e-08
2881.129,10.0,6.102694808296541e-08
2881.611,10.0,6.086281787972914e-08
2882.094,10.0,6.069877188175652e-08
2882.576,10.0,6.05354882928418e-08
2883.058,10.0,6.03726259632931e-08
2883.54,10.0,6.021018382476146e-08
2884.022,10.0,6.004816081161222e-08
2884.504,10.0,5.988655586094585e-08
2884.986,10.0,5.972536791256692e-08
2885.468,10.0,5.956459590900297e-08
2885.95,10.0,5.9404238795456135e-08
2886.433,10.0,5.924396411679504e-08
2886.915,10.0,5.908443448505292e-08
2887.397,10.0,5.892531659296945e-08
2887.879,10.0,5.876660939649811e-08
2888.361,10.0,5.860831185426104e-08
2888.843,10.0,5.845042292755231e-08
2889.325,10.0,5.829294158029591e-08
2889.807,10.0,5.8135866779071804e-08
2890.29,10.0,5.7978872873914734e-08
2890.772,10.0,5.782260891317344e-08
2891.254,10.0,5.7666748411889764e-08
2891.736,10.0,5.7511290347158456e-08
2892.218,10.0,5.735623369867812e-08
2892.7,10.0,5.7201577448772315e-08
2893.182,10.0,5.704732058234943e-08
2893.664,10.0,5.689346208689475e-08
2894.146,10.0,5.674000095250155e-08
2894.629,10.0,5.658661902134977e-08
2895.111,10.0,5.6433950408794914e-08
2895.593,10.0,5.6281676140900605e-08
2896.075,10.0,5.612979521801599e-08
2896.557,10.0,5.597830664304013e-08
2897.039,10.0,5.582720942142503e-08
2897.521,10.0,5.567650256114006e-08
2898.003,10.0,5.5526185072707786e-08
2898.486,10.0,5.5375945315965065e-08
2898.968,10.0,5.522640441556619e-08
2899.45,10.0,5.507724993162311e-08
2899.932,10.0,5.492848088470866e-08
2900.414,10.0,5.4780096297889314e-08
2900.896,10.0,5.463209519671933e-08
2901.378,10.0,5.448447660924242e-08
2901.86,10.0,5.4337239565969607e-08
2902.343,10.0,5.419007881336587e-08
2902.824,10.0,5.4043906246463526e-08
2903.307,10.0,5.3897505328229444e-08
2903.789,10.0,5.375178559887174e-08
2904.271,10.0,5.360644260125896e-08
2904.753,10.0,5.346147538063953e-08
2905.235,10.0,5.3316882984695557e-08
2905.717,10.0,5.3172664463532475e-08
2906.199,10.0,5.302881886968406e-08
2906.681,10.0,5.2885345258094824e-08
2907.164,10.0,5.274194617784535e-08
2907.646,10.0,5.259921447207301e-08
2908.128,10.0,5.245685192585367e-08
2908.61,10.0,5.2314857603724255e-08
2909.092,10.0,5.217323057260479e-08
2909.574,10.0,5.203196990178973e-08
2910.056,10.0,5.189107466294258e-08
2910.538,10.0,5.175054393008688e-08
2911.021,10.0,5.161008635369749e-08
2911.503,10.0,5.1470282615793814e-08
2911.985,10.0,5.133084061817897e-08
2912.467,10.0,5.1191759444280466e-08
2912.949,10.0,5.105303817985876e-08
2913.431,10.0,5.091467591299589e-08
2913.913,10.0,5.077667173409308e-08
2914.395,10.0,5.06390247358647e-08
2914.877,10.0,5.050173401334955e-08
2915.36,10.0,5.0364514934420276e-08
2915.842,10.0,5.02279347920879e-08
2916.324,10.0,5.009170822247553e-08
2916.806,10.0,4.9955834329785185e-08
2917.288,10.0,4.9820312220506935e-08
2917.77,10.0,4.9685141003393545e-08
2918.252,10.0,4.9550319789468875e-08
2918.734,10.0,4.941584769201487e-08
2919.217,10.0,4.928144592266751e-08
2919.699,10.0,4.914767012675591e-08
2920.181,10.0,4.90142407988538e-08
2920.663,10.0,4.888115706123225e-08
2921.145,10.0,4.874841803839496e-08
2921.627,10.0,4.861602285707746e-08
2922.109,10.0,4.8483970646226115e-08
2922.591,10.0,4.835226053700593e-08
2923.073,10.0,4.822089166279315e-08
2923.556,10.0,4.808959166900292e-08
2924.038,10.0,4.7958903377196886e-08
2924.52,10.0,4.7828553731926084e-08
2925.002,10.0,4.76985418753442e-08
2925.484,10.0,4.756886695177936e-08
2925.966,10.0,4.7439528107743976e-08
2926.448,10.0,4.7310524491904875e-08
2926.93,10.0,4.718185525511185e-08
2927.413,10.0,4.7053253639824716e-08
2927.895,10.0,4.692525131159196e-08
2928.377,10.0,4.679758082609427e-08
2928.859,10.0,4.6670241342762617e-08
2929.341,10.0,4.654323202317616e-08
2929.823,10.0,4.64165520310256e-08
2930.305,10.0,4.629020053215015e-08
2930.787,10.0,4.6164176694481273e-08
2931.27,10.0,4.603821924507756e-08
2931.751,10.0,4.59131086851223e-08
2932.234,10.0,4.57878037661293e-08
2932.716,10.0,4.566308296700205e-08
2933.198,10.0,4.5538685698686294e-08
2933.68,10.0,4.541461114172286e-08
2934.162,10.0,4.529085847873475e-08
2934.644,10.0,4.516742689442172e-08
2935.126,10.0,4.504431557554076e-08
2935.608,10.0,4.4921523710933924e-08
2936.091,10.0,4.479879672833671e-08
2936.573,10.0,4.467664200556245e-08
2937.055,10.0,4.455480431420728e-08
2937.537,10.0,4.4433282851306906e-08
2938.019,10.0,4.431207681593813e-08
2938.501,10.0,4.419118540920429e-08
2938.983,10.0,4.4070607834238146e-08
2939.465,10.0,4.3950343296189806e-08
2939.948,10.0,4.383014246257909e-08
2940.43,10.0,4.371050226723782e-08
2940.912,10.0,4.35911727347174e-08
2941.394,10.0,4.3472153078210185e-08
2941.876,10.0,4.335344251289837e-08
2942.358,10.0,4.323504025595902e-08
2942.84,10.0,4.3116945526555306e-08
2943.322,10.0,4.29991575458239e-08
2943.804,10.0,4.288167553688528e-08
2944.287,10.0,4.276425593611189e-08
2944.769,10.0,4.264738417875449e-08
2945.251,10.0,4.253081607272867e-08
2945.733,10.0,4.241455084900789e-08
2946.215,10.0,4.229858774050425e-08
2946.697,10.0,4.218292598207996e-08
2947.179,10.0,4.206756481053061e-08
2947.661,10.0,4.195250346459522e-08
2948.144,10.0,4.183750339927305e-08
2948.626,10.0,4.172304004658522e-08
2949.108,10.0,4.160887424570176e-08
2949.59,10.0,4.149500524303928e-08
2950.072,10.0,4.138143228693946e-08
2950.554,10.0,4.126815462763488e-08
2951.036,10.0,4.11551715172638e-08
2951.518,10.0,4.1042482209855085e-08
2952.0,10.0,4.0930085961330555e-08
2952.483,10.0,4.081774975207852e-08
2952.965,10.0,4.070593800078476e-08
2953.447,10.0,4.0594417085892155e-08
2953.929,10.0,4.048318627083828e-08
2954.411,10.0,4.0372244820923174e-08
2954.893,10.0,4.0261592003305535e-08
2955.375,10.0,4.0151227087001424e-08
2955.857,10.0,4.0041149342867044e-08
2956.34,10.0,3.993113055810353e-08
2956.822,10.0,3.982162557032909e-08
2957.304,10.0,3.971240557688723e-08
2957.786,10.0,3.960346985599831e-08
2958.268,10.0,3.9494817687716296e-08
2958.75,10.0,3.9386448353914145e-08
2959.232,10.0,3.927836113828477e-08
2959.714,10.0,3.917055532632949e-08
2960.197,10.0,3.906280741548022e-08
2960.678,10.0,3.89557850644942e-08
2961.161,10.0,3.884859756356718e-08
2961.643,10.0,3.874191083464212e-08
2962.125,10.0,3.863550196247887e-08
2962.607,10.0,3.852937024336851e-08
2963.089,10.0,3.842351497536835e-08
2963.571,10.0,3.8317935458327935e-08
2964.053,10.0,3.8212630993856825e-08
2964.535,10.0,3.8107600885338203e-08
2965.018,10.0,3.800262738487183e-08
2965.5,10.0,3.7898144471039203e-08
2965.982,10.0,3.779393383241852e-08
2966.464,10.0,3.768999477942046e-08
2966.946,10.0,3.758632662418016e-08
2967.428,10.0,3.748292868059307e-08
2967.91,10.0,3.737980026427616e-08
2968.392,10.0,3.7276940692590536e-08
2968.875,10.0,3.717413671764693e-08
2969.357,10.0,3.707181334840937e-08
2969.839,10.0,3.696975678478678e-08
2970.321,10.0,3.6867966351020795e-08
2970.803,10.0,3.676644137303898e-08
2971.285,10.0,3.666518117849735e-08
2971.767,10.0,3.656418509673839e-08
2972.249,10.0,3.6463452458794726e-08
2972.731,10.0,3.636298259740105e-08
2973.214,10.0,3.626256721908021e-08
2973.696,10.0,3.616262145745139e-08
2974.178,10.0,3.606293647928429e-08
2974.66,10.0,3.596351162404129e-08
2975.142,10.0,3.5864346232834574e-08
2975.624,10.0,3.576543964845498e-08
2976.106,10.0,3.566679121534664e-08
2976.588,10.0,3.556840027961185e-08
2977.071,10.0,3.547006285784289e-08
2977.553,10.0,3.5372185492614725e-08
2978.035,10.0,3.527456367161336e-08
2978.517,10.0,3.5177196747531214e-08
2978.999,10.0,3.508008407468361e-08
2979.481,10.0,3.4983225009033135e-08
2979.963,10.0,3.4886618908146345e-08
2980.445,10.0,3.4790265131230124e-08
2980.927,10.0,3.4694163039109545e-08
2981.41,10.0,3.459811339364351e-08
2981.892,10.0,3.450251327887787e-08
2982.374,10.0,3.4407162939709373e-08
2982.856,10.0,3.4312061743397976e-08
2983.338,10.0,3.421720905879031e-08
2983.82,10.0,3.412260425632906e-08
2984.302,10.0,3.4028246708052533e-08
2984.784,10.0,3.3934135787575157e-08
2985.267,10.0,3.38400763848923e-08
2985.749,10.0,3.3746457355628364e-08
2986.231,10.0,3.3653083083200394e-08
2986.713,10.0,3.355995294753012e-08
2987.195,10.0,3.346706633010038e-08
2987.677,10.0,3.337442261395771e-08
2988.159,10.0,3.328202118370931e-08
2988.641,10.0,3.318986142550294e-08
2989.124,10.0,3.309775227451062e-08
2989.605,10.0,3.30062644775995e-08
2990.088,10.0,3.291463661058484e-08
2990.57,10.0,3.2823437928743733e-08
2991.052,10.0,3.273247787162213e-08
2991.534,10.0,3.264175583461644e-08
2992.016,10.0,3.2551271214641234e-08
2992.498,10.0,3.246102341013029e-08
2992.98,10.0,3.237101182104501e-08
2993.462,10.0,3.228123584884968e-08
2993.945,10.0,3.2191509370803926e-08
2994.427,10.0,3.2102203328570665e-08
2994.909,10.0,3.2013131115442487e-08
2995.391,10.0,3.192429213890879e-08
2995.873,10.0,3.1835685807947575e-08
2996.355,10.0,3.174731153302524e-08
2996.837,10.0,3.165916872610132e-08
2997.319,10.0,3.1571256800614073e-08
2997.802,10.0,3.148339349837674e-08
2998.284,10.0,3.139594205796887e-08
2998.766,10.0,3.1308719746962184e-08
2999.248,10.0,3.122172598468877e-08
2999.73,10.0,3.113496019195439e-08
3000.212,10.0,3.1048421791006734e-08
3000.694,10.0,3.096211020556595e-08
3001.176,10.0,3.087602486079137e-08
3001.658,10.0,3.079016518329777e-08
3002.141,10.0,3.0704353169631296e-08
3002.623,10.0,3.06189435775509e-08
3003.105,10.0,3.053375794006641e-08
3003.587,10.0,3.044879568955983e-08
3004.069,10.0,3.0364056259826706e-08
3004.551,10.0,3.027953908609983e-08
3005.033,10.0,3.019524360504064e-08
3005.515,10.0,3.0111169254709876e-08
3005.998,10.0,3.0027141732999294e-08
3006.48,10.0,2.994350841988824e-08
3006.962,10.0,2.986009455904886e-08
3007.444,10.0,2.9776899594202063e-08
3007.926,10.0,2.969392297046184e-08
3008.408,10.0,2.9611164134339087e-08
3008.89,10.0,2.9528622533748896e-08
3009.372,10.0,2.9446297617982106e-08
3009.854,10.0,2.9364188837729297e-08
3010.337,10.0,2.9282125965887737e-08
3010.819,10.0,2.920044825981821e-08
3011.301,10.0,2.911898504846827e-08
3011.783,10.0,2.9037735788043303e-08
3012.265,10.0,2.8956699936103487e-08
3012.747,10.0,2.8875876951591985e-08
3013.229,10.0,2.87952662947965e-08
3013.711,10.0,2.8714867427377392e-08
3014.194,10.0,2.8634513667218095e-08
3014.676,10.0,2.855453720554341e-08
3015.158,10.0,2.8474770925217868e-08
3015.64,10.0,2.839521429329408e-08
3016.122,10.0,2.8315866778177137e-08
3016.604,10.0,2.8236727849596895e-08
3017.086,10.0,2.815779697862961e-08
3017.568,10.0,2.8079073637672187e-08
3018.051,10.0,2.800039461830544e-08
3018.532,10.0,2.792224744203421e-08
3019.015,10.0,2.7843981711214617e-08
3019.497,10.0,2.7766083666488684e-08
3019.979,10.0,2.7688390532546414e-08
3020.461,10.0,2.761090178971487e-08
3020.943,10.0,2.7533616919615323e-08
3021.425,10.0,2.745653540517698e-08
3021.907,10.0,2.7379656730629832e-08
3022.389,10.0,2.7302980381511987e-08
3022.872,10.0,2.7226347393199126e-08
3023.354,10.0,2.7150074573786202e-08
3023.836,10.0,2.707400254307787e-08
3024.318,10.0,2.6998130791758955e-08
3024.8,10.0,2.692245881179951e-08
3025.282,10.0,2.6846986096442987e-08
3025.764,10.0,2.677171214021364e-08
3026.246,10.0,2.6696636438899228e-08
3026.729,10.0,2.662160334633351e-08
3027.211,10.0,2.654692305601069e-08
3027.693,10.0,2.6472439514535853e-08
3028.175,10.0,2.6398152222756058e-08
3028.657,10.0,2.632406068277365e-08
3029.139,10.0,2.6250164397941918e-08
3029.621,10.0,2.6176462872857345e-08
3030.103,10.0,2.6102955613373867e-08
3030.585,10.0,2.602964212657415e-08
3031.068,10.0,2.595637041969181e-08
3031.55,10.0,2.58834434039575e-08
3032.032,10.0,2.5810708688583624e-08
3032.514,10.0,2.5738165785600845e-08
3032.996,10.0,2.5665814208258644e-08
3033.478,10.0,2.5593653471043412e-08
3033.96,10.0,2.5521683089645633e-08
3034.442,10.0,2.544990258098671e-08
3034.925,10.0,2.5378163130439216e-08
3035.407,10.0,2.5306761314281347e-08
3035.889,10.0,2.5235547927884376e-08
3036.371,10.0,2.516452249299904e-08
3036.853,10.0,2.509368453258944e-08
3037.335,10.0,2.5023033570806503e-08
3037.817,10.0,2.4952569132998162e-08
3038.299,10.0,2.488229074571182e-08
3038.781,10.0,2.4812197936679408e-08
3039.264,10.0,2.474214539018336e-08
3039.746,10.0,2.4672422708172404e-08
3040.228,10.0,2.4602884193747267e-08
3040.71,10.0,2.4533529379372255e-08
3041.192,10.0,2.4464357798677178e-08
3041.674,10.0,2.4395368986474574e-08
3042.156,10.0,2.4326562478740186e-08
3042.638,10.0,2.4257937812616034e-08
3043.121,10.0,2.4189352716107083e-08
3043.603,10.0,2.4121090724147214e-08
3044.085,10.0,2.4053009191230046e-08
3044.567,10.0,2.3985107659130127e-08
3045.049,10.0,2.391738567078128e-08
3045.531,10.0,2.384984277024817e-08
3046.013,10.0,2.378247850275795e-08
3046.495,10.0,2.3715292414665553e-08
3046.978,10.0,2.3648145216408713e-08
3047.459,10.0,2.3581452967814273e-08
3047.942,10.0,2.3514660604106846e-08
3048.424,10.0,2.3448183085410155e-08
3048.906,10.0,2.3381881494015882e-08
3049.388,10.0,2.3315755383070716e-08
3049.87,10.0,2.3249804306855023e-08
3050.352,10.0,2.318402782075918e-08
3050.834,10.0,2.3118425481292577e-08
3051.316,10.0,2.305299684607781e-08
3051.799,10.0,2.298760626905901e-08
3052.281,10.0,2.292252407775082e-08
3052.763,10.0,2.2857614269301653e-08
3053.245,10.0,2.27928764057623e-08
3053.727,10.0,2.2728310050277093e-08
3054.209,10.0,2.266391476709467e-08
3054.691,10.0,2.2599690121546708e-08
3055.173,10.0,2.2535635680068132e-08
3055.656,10.0,2.2471618645538283e-08
3056.138,10.0,2.2407903666703034e-08
3056.62,10.0,2.2344357596843485e-08
3057.102,10.0,2.228098000672189e-08
3057.584,10.0,2.2217770468182636e-08
3058.066,10.0,2.2154728554140563e-08
3058.548,10.0,2.209185383858553e-08
3059.03,10.0,2.2029145896573394e-08
3059.512,10.0,2.1966604304222e-08
3059.995,10.0,2.1904099400814512e-08
3060.477,10.0,2.1841889583345177e-08
3060.959,10.0,2.1779844849402675e-08
3061.441,10.0,2.1717964779347727e-08
3061.923,10.0,2.1656248954594976e-08
3062.405,10.0,2.1594696957611336e-08
3062.887,10.0,2.1533308371902283e-08
3063.369,10.0,2.1472082782022032e-08
3063.852,10.0,2.1410893255548266e-08
3064.334,10.0,2.13499927511819e-08
3064.816,10.0,2.1289254001699996e-08
3065.298,10.0,2.1228676595806757e-08
3065.78,10.0,2.1168260123244592e-08
3066.262,10.0,2.110800417478352e-08
3066.744,10.0,2.104790834221503e-08
3067.226,10.0,2.098797221836093e-08
3067.708,10.0,2.0928195397057798e-08
3068.191,10.0,2.086845394941659e-08
3068.673,10.0,2.0808994847209093e-08
3069.155,10.0,2.0749693834334757e-08
3069.637,10.0,2.069055050868857e-08
3070.119,10.0,2.063156446918298e-08
3070.601,10.0,2.0572735315728924e-08
3071.083,10.0,2.0514062649233053e-08
3071.565,10.0,2.045554607162343e-08
3072.048,10.0,2.0397064266694022e-08
3072.53,10.0,2.033885899835526e-08
3073.012,10.0,2.0280808629801074e-08
3073.494,10.0,2.0222912766922947e-08
3073.976,10.0,2.0165171016603567e-08
3074.458,10.0,2.0107582986706605e-08
3074.94,10.0,2.005014828608488e-08
3075.422,10.0,1.9992866524563354e-08
3075.905,10.0,1.9935618945921504e-08
3076.386,10.0,1.98787602630271e-08
3076.869,10.0,1.9821817250291488e-08
3077.351,10.0,1.9765143676667624e-08
3077.833,10.0,1.9708621105111796e-08
3078.315,10.0,1.9652249151280153e-08
3078.797,10.0,1.959602743179782e-08
3079.279,10.0,1.9539955564250072e-08
3079.761,10.0,1.948403316717627e-08
3080.243,10.0,1.9428259860073423e-08
3080.726,10.0,1.937252001399059e-08
3081.208,10.0,1.9317044056488784e-08
3081.69,10.0,1.9261716052379822e-08
3082.172,10.0,1.9206535624958423e-08
3082.654,10.0,1.915150239847151e-08
3083.136,10.0,1.9096615998102837e-08
3083.618,10.0,1.9041876049969322e-08
3084.1,10.0,1.8987282181130955e-08
3084.583,10.0,1.8932721207795987e-08
3085.065,10.0,1.8878418683598456e-08
3085.547,10.0,1.8824261124702517e-08
3086.029,10.0,1.8770248161885058e-08
3086.511,10.0,1.871637942685692e-08
3086.993,10.0,1.8662654552245416e-08
3087.475,10.0,1.8609073171601558e-08
3087.957,10.0,1.855563491938902e-08
3088.439,10.0,1.8502339430993768e-08
3088.922,10.0,1.8449076214366717e-08
3089.404,10.0,1.8396065457708728e-08
3089.886,10.0,1.8343196375732745e-08
3090.368,10.0,1.8290468607460803e-08
3090.85,10.0,1.8237881792821187e-08
3091.332,10.0,1.8185435572643473e-08
3091.814,10.0,1.813312958864991e-08
3092.296,10.0,1.8080963483469326e-08
3092.779,10.0,1.8028829106435434e-08
3093.261,10.0,1.7976941978685777e-08
3093.743,10.0,1.792519366224396e-08
3094.225,10.0,1.787358380330316e-08
3094.707,10.0,1.7822112048938326e-08
3095.189,10.0,1.777077804711258e-08
3095.671,10.0,1.7719581446667808e-08
3096.153,10.0,1.7668521897322697e-08
3096.635,10.0,1.7617599049677355e-08
3097.118,10.0,1.7566707330528737e-08
3097.6,10.0,1.751605712337786e-08
3098.082,10.0,1.7465542574239182e-08
3098.564,10.0,1.7415163337199237e-08
3099.046,10.0,1.7364919067204727e-08
3099.528,10.0,1.731480942007169e-08
3100.01,10.0,1.7264834052475927e-08
3100.492,10.0,1.7214992621952837e-08
3100.975,10.0,1.7165181797239728e-08
3101.457,10.0,1.7115607492995807e-08
3101.939,10.0,1.7066166102859197e-08
3102.421,10.0,1.7016857287777403e-08
3102.903,10.0,1.6967680709553618e-08
3103.385,10.0,1.69186360308336e-08
3103.867,10.0,1.6869722915108197e-08
3104.349,10.0,1.6820941026709874e-08
3104.832,10.0,1.677218923096558e-08
3105.313,10.0,1.6723769593421278e-08
3105.796,10.0,1.66752791218934e-08
3106.278,10.0,1.662701907203911e-08
3106.76,10.0,1.6578888583042804e-08
3107.242,10.0,1.6530887324248713e-08
3107.724,10.0,1.6483014965827287e-08
3108.206,10.0,1.6435271178770716e-08
3108.688,10.0,1.638765563489835e-08
3109.17,10.0,1.634016800685018e-08
3109.653,10.0,1.6292709843140274e-08
3110.135,10.0,1.6245477331620262e-08
3110.617,10.0,1.6198371758072802e-08
3111.099,10.0,1.615139279839714e-08
3111.581,10.0,1.6104540129314105e-08
3112.063,10.0,1.6057813428344e-08
3112.545,10.0,1.601121237381429e-08
3113.027,10.0,1.5964736644864853e-08
3113.51,10.0,1.59182898878229e-08
3113.992,10.0,1.587206410899526e-08
3114.474,10.0,1.58259626972953e-08
3114.956,10.0,1.5779985335056553e-08
3115.438,10.0,1.5734131705411324e-08
3115.92,10.0,1.5688401492282016e-08
3116.402,10.0,1.564279438037638e-08
3116.884,10.0,1.5597310055197005e-08
3117.366,10.0,1.5551948203031365e-08
3117.849,10.0,1.5506614779438025e-08
3118.331,10.0,1.5461497187769504e-08
3118.813,10.0,1.5416501132031497e-08
3119.295,10.0,1.537162630163544e-08
3119.777,10.0,1.5326872386774455e-08
3120.259,10.0,1.5282239078419764e-08
3120.741,10.0,1.5237726068304088e-08
3121.223,10.0,1.519333304894069e-08
3121.706,10.0,1.5148967984413527e-08
3122.188,10.0,1.5104814274512594e-08
3122.67,10.0,1.5060779636866236e-08
3123.152,10.0,1.5016863767053142e-08
3123.634,10.0,1.49730663614084e-08
3124.116,10.0,1.492938711702651e-08
3124.598,10.0,1.4885825731761162e-08
3125.08,10.0,1.4842381904224591e-08
3125.562,10.0,1.4799055333776178e-08
3126.045,10.0,1.4755756195400176e-08
3126.527,10.0,1.4712663481941222e-08
3127.009,10.0,1.4669687127543944e-08
3127.491,10.0,1.4626826834564328e-08
3127.973,10.0,1.4584082306109432e-08
3128.455,10.0,1.4541453246023176e-08
3128.937,10.0,1.4498939358892125e-08
3129.419,10.0,1.4456540350040065e-08
3129.902,10.0,1.4414168317414165e-08
3130.384,10.0,1.4371998420854877e-08
3130.866,10.0,1.4329942522353477e-08
3131.348,10.0,1.4288000330172226e-08
3131.83,10.0,1.4246171553305453e-08
3132.312,10.0,1.4204455901469247e-08
3132.794,10.0,1.4162853085105325e-08
3133.276,10.0,1.4121362815383615e-08
3133.759,10.0,1.4079899074188668e-08
3134.24,10.0,1.4038718764142374e-08
3134.723,10.0,1.3997479141979727e-08
3135.205,10.0,1.3956436415731532e-08
3135.687,10.0,1.3915504802168114e-08
3136.169,10.0,1.3874684016761153e-08
3136.651,10.0,1.3833973775691928e-08
3137.133,10.0,1.3793373795858437e-08
3137.615,10.0,1.3752883794863419e-08
3138.097,10.0,1.3712503491011213e-08
3138.58,10.0,1.367214916729972e-08
3139.062,10.0,1.3631987641607834e-08
3139.544,10.0,1.3591934971620225e-08
3140.026,10.0,1.3551990878452223e-08
3140.508,10.0,1.3512155083916504e-08
3140.99,10.0,1.3472427310516862e-08
3141.472,10.0,1.3432807281458116e-08
3141.954,10.0,1.339329472062821e-08
3142.437,10.0,1.3353807709970986e-08
3142.919,10.0,1.3314509481573251e-08
3143.401,10.0,1.3275317896647131e-08
3143.883,10.0,1.323623268183523e-08
3144.365,10.0,1.3197253564466446e-08
3144.847,10.0,1.3158380272542593e-08
3145.329,10.0,1.3119612534757707e-08
3145.811,10.0,1.3080950080471623e-08
3146.293,10.0,1.304239263972789e-08
3146.776,10.0,1.3003860274560254e-08
3147.258,10.0,1.2965512270197182e-08
3147.74,10.0,1.2927268472986758e-08
3148.222,10.0,1.28891286156605e-08
3148.704,10.0,1.2851092431615088e-08
3149.186,10.0,1.281315965491574e-08
3149.668,10.0,1.277533002029229e-08
3150.15,10.0,1.273760326313894e-08
3150.633,10.0,1.2699901167600703e-08
3151.115,10.0,1.2662379586272708e-08
3151.597,10.0,1.2624960092006669e-08
3152.079,10.0,1.2587642422832243e-08
3152.561,10.0,1.2550426317425706e-08
3153.043,10.0,1.2513311515128491e-08
3153.525,10.0,1.2476297755925335e-08
3154.007,10.0,1.2439384780453113e-08
3154.49,10.0,1.2402496059934802e-08
3154.972,10.0,1.2365784084178017e-08
3155.454,10.0,1.2329172117410141e-08
3155.936,10.0,1.229265990285182e-08
3156.418,10.0,1.2256247184363049e-08
3156.9,10.0,1.2219933706446167e-08
3157.382,10.0,1.2183719214241349e-08
3157.864,10.0,1.214760345352375e-08
3158.346,10.0,1.2111586170707491e-08
3158.829,10.0,1.2075592693897853e-08
3159.311,10.0,1.203977181164858e-08
3159.793,10.0,1.200404864980786e-08
3160.275,10.0,1.1968422957311444e-08
3160.757,10.0,1.1932894483727183e-08
3161.239,10.0,1.189746297924406e-08
3161.721,10.0,1.1862128194673622e-08
3162.203,10.0,1.1826889881456419e-08
3162.686,10.0,1.1791674982602896e-08
3163.167,10.0,1.1756701677930887e-08
3163.65,10.0,1.17216788817627e-08
3164.132,10.0,1.1686824178562628e-08
3164.614,10.0,1.1652064712672928e-08
3165.096,10.0,1.161740023923578e-08
3165.578,10.0,1.1582830514002276e-08
3166.06,10.0,1.1548355293335865e-08
3166.542,10.0,1.151397433420575e-08
3167.024,10.0,1.1479687394192119e-08
3167.507,10.0,1.144542338861838e-08
3167.989,10.0,1.1411323955798488e-08
3168.471,10.0,1.1377317817955866e-08
3168.953,10.0,1.1343404735084071e-08
3169.435,10.0,1.1309584467776994e-08
3169.917,10.0,1.127585677722123e-08
3170.399,10.0,1.1242221425204815e-08
3170.881,10.0,1.1208678174110557e-08
3171.364,10.0,1.1175157481022271e-08
3171.846,10.0,1.1141797911140051e-08
3172.328,10.0,1.1108529732389454e-08
3172.81,10.0,1.1075352709520165e-08
3173.292,10.0,1.1042266607865948e-08
3173.774,10.0,1.1009271193351666e-08
3174.256,10.0,1.0976366232481642e-08
3174.738,10.0,1.0943551492345613e-08
3175.22,10.0,1.0910826740614287e-08
3175.703,10.0,1.087812413122385e-08
3176.185,10.0,1.0845578847138679e-08
3176.667,10.0,1.08131228574713e-08
3177.149,10.0,1.0780755932207355e-08
3177.631,10.0,1.0748477841907628e-08
3178.113,10.0,1.0716288357704775e-08
3178.595,10.0,1.0684187251303646e-08
3179.077,10.0,1.0652174294979107e-08
3179.56,10.0,1.0620183118303292e-08
3180.042,10.0,1.0588345962935077e-08
3180.524,10.0,1.055659627740878e-08
3181.006,10.0,1.0524933836263914e-08
3181.488,10.0,1.0493358414606829e-08
3181.97,10.0,1.04618697881051e-08
3182.452,10.0,1.0430467732988171e-08
3182.934,10.0,1.0399152026040223e-08
3183.417,10.0,1.0367857742319e-08
3183.899,10.0,1.0336714242294402e-08
3184.381,10.0,1.0305656423679998e-08
3184.863,10.0,1.0274684065488289e-08
3185.345,10.0,1.024379694727957e-08
3185.827,10.0,1.0212994849165372e-08
3186.309,10.0,1.0182277551808552e-08
3186.791,10.0,1.0151644836416314e-08
3187.273,10.0,1.0121096484748589e-08
3187.756,10.0,1.0090569162676179e-08
3188.238,10.0,1.0060189059799862e-08
3188.72,10.0,1.0029892668729241e-08
3189.202,10.0,9.999679773396623e-09
3189.684,10.0,9.969550158266311e-09
3190.166,10.0,9.939503608349307e-09
3190.648,10.0,9.909539909189204e-09
3191.13,10.0,9.879658846866843e-09
3191.613,10.0,9.849798470624888e-09
3192.094,10.0,9.820143779722738e-09
3192.577,10.0,9.790447952597099e-09
3193.059,10.0,9.760895478550833e-09
3193.541,10.0,9.73142457929372e-09
3194.023,10.0,9.70203504408973e-09
3194.505,10.0,9.672726662735843e-09
3194.987,10.0,9.643499225548346e-09
3195.469,10.0,9.614352523371508e-09
3195.951,10.0,9.585286347569676e-09
3196.434,10.0,9.556240436740666e-09
3196.916,10.0,9.527334855854541e-09
3197.398,10.0,9.49850917813114e-09
3197.88,10.0,9.469763197011622e-09
3198.362,10.0,9.441096706456766e-09
3198.844,10.0,9.412509500936973e-09
3199.326,10.0,9.384001375441099e-09
3199.808,10.0,9.355572125468427e-09
3200.291,10.0,9.32716281003732e-09
3200.773,10.0,9.298890862232268e-09
3201.255,10.0,9.27069717908636e-09
3201.737,10.0,9.242581558133859e-09
3202.219,10.0,9.214543797416972e-09
3202.701,10.0,9.186583695479884e-09
3203.183,10.0,9.158701051374027e-09
3203.665,10.0,9.13089566464809e-09
3204.147,10.0,9.103167335355869e-09
3204.63,10.0,9.075458575605607e-09
3205.112,10.0,9.04788392216958e-09
3205.594,10.0,9.02038572890058e-09
3206.076,10.0,8.992963797845793e-09
3206.558,10.0,8.965617931540654e-09
3207.04,10.0,8.93834793301755e-09
3207.522,10.0,8.911153605797974e-09
3208.004,10.0,8.88403475389799e-09
3208.487,10.0,8.856935152941225e-09
3208.969,10.0,8.829966821253368e-09
3209.451,10.0,8.803073379454481e-09
3209.933,10.0,8.77625463351183e-09
3210.415,10.0,8.749510389877458e-09
3210.897,10.0,8.722840455486348e-09
3211.379,10.0,8.696244637750704e-09
3211.861,10.0,8.669722744575356e-09
3212.344,10.0,8.643219789142392e-09
3212.826,10.0,8.616845323068172e-09
3213.308,10.0,8.590544207724844e-09
3213.79,10.0,8.564316252922842e-09
3214.272,10.0,8.53816126894778e-09
3214.754,10.0,8.512079066562894e-09
3215.236,10.0,8.48606945700099e-09
3215.718,10.0,8.46013225196526e-09
3216.2,10.0,8.434267263633346e-09
3216.683,10.0,8.408420867029276e-09
3217.165,10.0,8.382699899363286e-09
3217.647,10.0,8.35705058735043e-09
3218.129,10.0,8.3314727450404e-09
3218.611,10.0,8.305966186941856e-09
3219.093,10.0,8.280530728029615e-09
3219.575,10.0,8.255166183741788e-09
3220.057,10.0,8.229872369977652e-09
3220.54,10.0,8.204596845870122e-09
3221.021,10.0,8.179496199908229e-09
3221.504,10.0,8.154361511677698e-09
3221.986,10.0,8.129348933205587e-09
3222.468,10.0,8.104406171247892e-09
3222.95,10.0,8.079533044447502e-09
3223.432,10.0,8.05472937189843e-09
3223.914,10.0,8.029994973150298e-09
3224.396,10.0,8.005329668199894e-09
3224.878,10.0,7.980733277494849e-09
3225.361,10.0,7.956154806008665e-09
3225.843,10.0,7.9316958489836e-09
3226.325,10.0,7.907305269869126e-09
3226.807,10.0,7.882982890900738e-09
3227.289,10.0,7.858728534762578e-09
3227.771,10.0,7.834542024576562e-09
3228.253,10.0,7.810423183910246e-09
3228.735,10.0,7.78637183677221e-09
3229.218,10.0,7.76233811806938e-09
3229.7,10.0,7.738421370887709e-09
3230.182,10.0,7.714571591529911e-09
3230.664,10.0,7.690788605757379e-09
3231.146,10.0,7.66707223976685e-09
3231.628,10.0,7.643422320191677e-09
3232.11,10.0,7.6198386740925e-09
3232.592,10.0,7.596321128969953e-09
3233.074,10.0,7.57286951275148e-09
3233.557,10.0,7.549435203650198e-09
3234.039,10.0,7.526115066636098e-09
3234.521,10.0,7.50286034453127e-09
3235.003,10.0,7.479670866981025e-09
3235.485,10.0,7.456546464053453e-09
3235.967,10.0,7.43348696624164e-09
3236.449,10.0,7.410492204465212e-09
3236.931,10.0,7.387562010060931e-09
3237.414,10.0,7.364648842211062e-09
3237.896,10.0,7.341847411347741e-09
3238.378,10.0,7.319110044056034e-09
3238.86,10.0,7.296436573360527e-09
3239.342,10.0,7.2738268326971515e-09
3239.824,10.0,7.251280655922962e-09
3240.306,10.0,7.228797877307032e-09
3240.788,10.0,7.206378331534728e-09
3241.271,10.0,7.183975536415667e-09
3241.753,10.0,7.161682092372418e-09
3242.235,10.0,7.139451387363775e-09
3242.717,10.0,7.117283257721523e-09
3243.199,10.0,7.0951775401889435e-09
3243.681,10.0,7.073134071916242e-09
3244.163,10.0,7.051152690459615e-09
3244.645,10.0,7.029233233785348e-09
3245.127,10.0,7.0073755402596506e-09
3245.61,10.0,6.985534292474991e-09
3246.092,10.0,6.963799769276281e-09
3246.574,10.0,6.942126526422705e-09
3247.056,10.0,6.920514403895049e-09
3247.538,10.0,6.898963242074171e-09
3248.02,10.0,6.8774728817385656e-09
3248.502,10.0,6.856043164068332e-09
3248.984,10.0,6.83467393063697e-09
3249.467,10.0,6.813320876664378e-09
3249.948,10.0,6.792116284773187e-09
3250.431,10.0,6.770883659726237e-09
3250.913,10.0,6.749754910932181e-09
3251.395,10.0,6.728685859852089e-09
3251.877,10.0,6.7076763504259035e-09
3252.359,10.0,6.686726226982851e-09
3252.841,10.0,6.665835334241443e-09
3253.323,10.0,6.645003517307652e-09
3253.805,10.0,6.624230621676336e-09
3254.288,10.0,6.603473578839487e-09
3254.77,10.0,6.582818185285927e-09
3255.252,10.0,6.562221251516275e-09
3255.734,10.0,6.541682624562908e-09
3256.216,10.0,6.521202151847241e-09
3256.698,10.0,6.5007796811673175e-09
3257.18,10.0,6.480415060703076e-09
3257.662,10.0,6.460108139016318e-09
3258.145,10.0,6.439816813612833e-09
3258.627,10.0,6.419624955599914e-09
3259.109,10.0,6.3994903440032035e-09
3259.591,10.0,6.379412828894351e-09
3260.073,10.0,6.359392260718791e-09
3260.555,10.0,6.339428490297382e-09
3261.037,10.0,6.3195213688239905e-09
3261.519,10.0,6.299670747864958e-09
3262.001,10.0,6.279876479357483e-09
3262.484,10.0,6.2600975235922415e-09
3262.966,10.0,6.240415633430915e-09
3263.448,10.0,6.220789653449394e-09
3263.93,10.0,6.2012194370626455e-09
3264.412,10.0,6.181704838051319e-09
3264.894,10.0,6.162245710563736e-09
3265.376,10.0,6.142841909113567e-09
3265.858,10.0,6.12349328857728e-09
3266.341,10.0,6.1041597331211026e-09
3266.823,10.0,6.084921154229312e-09
3267.305,10.0,6.065737322759047e-09
3267.787,10.0,6.046608095036707e-09
3268.269,10.0,6.027533327746454e-09
3268.751,10.0,6.008512877932087e-09
3269.233,10.0,5.989546602995413e-09
3269.715,10.0,5.970634360695045e-09
3270.198,10.0,5.9517369398559324e-09
3270.68,10.0,5.932932448892998e-09
3271.162,10.0,5.914181565683081e-09
3271.644,10.0,5.895484149403938e-09
3272.126,10.0,5.8768400595862215e-09
3272.608,10.0,5.858249156113769e-09
3273.09,10.0,5.839711299218448e-09
3273.572,10.0,5.82122634948467e-09
3274.054,10.0,5.802794167846476e-09
3274.537,10.0,5.784376538343574e-09
3275.019,10.0,5.76604958584192e-09
3275.501,10.0,5.7477749860322975e-09
3275.983,10.0,5.729552601235748e-09
3276.465,10.0,5.71138229411936e-09
3276.947,10.0,5.693263927691746e-09
3277.429,10.0,5.675197365306493e-09
3277.911,10.0,5.657182470658301e-09
3278.394,10.0,5.639181892869904e-09
3278.875,10.0,5.621307141062222e-09
3279.358,10.0,5.603409432992494e-09
3279.84,10.0,5.585599958992531e-09
3280.322,10.0,5.56784147603098e-09
3280.804,10.0,5.5501338498405375e-09
3281.286,10.0,5.532476946488217e-09
3281.768,10.0,5.514870632379123e-09
3282.25,10.0,5.497314774250052e-09
3282.732,10.0,5.479809239173277e-09
3283.215,10.0,5.4623177322283446e-09
3283.697,10.0,5.444912549523353e-09
3284.179,10.0,5.4275572928102216e-09
3284.661,10.0,5.410251830487398e-09
3285.143,10.0,5.392996031285479e-09
3285.625,10.0,5.375789764263121e-09
3286.107,10.0,5.358632898808337e-09
3286.589,10.0,5.341525304634182e-09
3287.072,10.0,5.32443151179238e-09
3287.554,10.0,5.307422172177171e-09
3288.036,10.0,5.290461714674195e-09
3288.518,10.0,5.273550010298637e-09
3289.0,10.0,5.256686930390225e-09
3289.482,10.0,5.239872346610576e-09
3289.964,10.0,5.223106130944218e-09
3290.446,10.0,5.206388155694691e-09
3290.928,10.0,5.189718293486627e-09
3291.411,10.0,5.173061981837555e-09
3291.893,10.0,5.156488064025539e-09
3292.375,10.0,5.139961878779152e-09
3292.857,10.0,5.1234832999971975e-09
3293.339,10.0,5.107052201893703e-09
3293.821,10.0,5.090668458996296e-09
3294.303,10.0,5.07433194614965e-09
3294.785,10.0,5.05804253851328e-09
3295.268,10.0,5.041766462324789e-09
3295.75,10.0,5.025570988913537e-09
3296.232,10.0,5.0094222478033e-09
3296.714,10.0,4.993320115399514e-09
3297.196,10.0,4.977264468417892e-09
3297.678,10.0,4.961255183882847e-09
3298.16,10.0,4.9452921391299685e-09
3298.642,10.0,4.92937521179836e-09
3299.125,10.0,4.913471400320127e-09
3299.607,10.0,4.8976464370305236e-09
2500.257,15.0,4.661561075781151e-07
2500.739,15.0,4.649738007574013e-07
2501.221,15.0,4.637945101536111e-07
2501.703,15.0,4.626182278721925e-07
2502.186,15.0,4.614425149589604e-07
2502.668,15.0,4.602722319252143e-07
2503.15,15.0,4.5910493364278326e-07
2503.632,15.0,4.579406123028649e-07
2504.114,15.0,4.5677926011788216e-07
2504.596,15.0,4.5562086932152876e-07
2505.078,15.0,4.5446543216856026e-07
2505.56,15.0,4.5331294093488974e-07
2506.042,15.0,4.521633879174369e-07
2506.525,15.0,4.5101438959023214e-07
2507.007,15.0,4.498706960358663e-07
2507.489,15.0,4.487299176981859e-07
2507.971,15.0,4.475920469576631e-07
2508.453,15.0,4.46457076215479e-07
2508.935,15.0,4.453249978935139e-07
2509.417,15.0,4.441958044342533e-07
2509.899,15.0,4.4306948830069337e-07
2510.382,15.0,4.419437141528121e-07
2510.864,15.0,4.4082313607231125e-07
2511.346,15.0,4.397054128137711e-07
2511.828,15.0,4.385905369219726e-07
2512.31,15.0,4.3747850096177874e-07
2512.792,15.0,4.3636929751839504e-07
2513.274,15.0,4.352629191970552e-07
2513.756,15.0,4.341593586231387e-07
2514.239,15.0,4.330563276443291e-07
2514.721,15.0,4.3195838632937864e-07
2515.203,15.0,4.3086324074274867e-07
2515.685,15.0,4.297708835896377e-07
2516.167,15.0,4.2868130759506497e-07
2516.649,15.0,4.2759450550375867e-07
2517.131,15.0,4.2651047008012395e-07
2517.613,15.0,4.2542919410823393e-07
2518.095,15.0,4.2435067039166603e-07
2518.578,15.0,4.232726626962854e-07
2519.06,15.0,4.221996276522945e-07
2519.542,15.0,4.21129323376645e-07
2520.024,15.0,4.200617427508104e-07
2520.506,15.0,4.1899687867547647e-07
2520.988,15.0,4.179347240705986e-07
2521.47,15.0,4.168752718753357e-07
2521.952,15.0,4.158185150480037e-07
2522.435,15.0,4.147622624915621e-07
2522.917,15.0,4.1371088090684266e-07
2523.399,15.0,4.1266217366471597e-07
2523.881,15.0,4.116161337994692e-07
2524.363,15.0,4.105727543643426e-07
2524.845,15.0,4.0953202843128333e-07
2525.327,15.0,4.0849394909104916e-07
2525.809,15.0,4.074585094531591e-07
2526.292,15.0,4.0642356262499397e-07
2526.773,15.0,4.0539552181526563e-07
2527.256,15.0,4.043658309744065e-07
2527.738,15.0,4.0334088702523295e-07
2528.22,15.0,4.023185485902886e-07
2528.702,15.0,4.0129880889019414e-07
2529.184,15.0,4.002816611638852e-07
2529.666,15.0,3.9926709866860425e-07
2530.148,15.0,3.9825511467979167e-07
2530.63,15.0,3.972457024911196e-07
2531.113,15.0,3.962367691817826e-07
2531.595,15.0,3.9523248584779114e-07
2532.077,15.0,3.942307542896241e-07
2532.559,15.0,3.932315678731976e-07
2533.041,15.0,3.922349199822919e-07
2533.523,15.0,3.91240804018543e-07
2534.005,15.0,3.902492134015355e-07
2534.487,15.0,3.892601415685077e-07
2534.969,15.0,3.882735819744296e-07
2535.452,15.0,3.872874890865681e-07
2535.934,15.0,3.8630593958433633e-07
2536.416,15.0,3.8532688277845387e-07
2536.898,15.0,3.843503121942684e-07
2537.38,15.0,3.8337622137468925e-07
2537.862,15.0,3.824046038800326e-07
2538.344,15.0,3.814354532879733e-07
2538.826,15.0,3.8046876319351434e-07
2539.309,15.0,3.79502529265943e-07
2539.791,15.0,3.785407460924367e-07
2540.273,15.0,3.7758140429178076e-07
2540.755,15.0,3.766244975278754e-07
2541.237,15.0,3.756700194815797e-07
2541.719,15.0,3.747179638509145e-07
2542.201,15.0,3.737683243507764e-07
2542.683,15.0,3.728210947130359e-07
2543.166,15.0,3.71874310960722e-07
2543.648,15.0,3.709318872782488e-07
2544.13,15.0,3.6999185474205247e-07
2544.612,15.0,3.6905420715129983e-07
2545.094,15.0,3.6811893832185643e-07
2545.576,15.0,3.671860420862191e-07
2546.058,15.0,3.6625551229352526e-07
2546.54,15.0,3.65327342809439e-07
2547.022,15.0,3.644015275161795e-07
2547.505,15.0,3.6347614684189804e-07
2547.987,15.0,3.625550264952088e-07
2548.469,15.0,3.616362420719161e-07
2548.951,15.0,3.607197875197745e-07
2549.433,15.0,3.5980565680287813e-07
2549.915,15.0,3.5889384390153494e-07
2550.397,15.0,3.579843428122086e-07
2550.879,15.0,3.570771475475483e-07
2551.362,15.0,3.561703771464901e-07
2551.844,15.0,3.552677803863329e-07
2552.326,15.0,3.5436747157281233e-07
2552.808,15.0,3.534694447827315e-07
2553.29,15.0,3.5257369410871175e-07
2553.772,15.0,3.516802136593601e-07
2554.254,15.0,3.507889975590406e-07
2554.736,15.0,3.499000399479032e-07
2555.219,15.0,3.4901149768259125e-07
2555.7,15.0,3.4812887683251357e-07
2556.183,15.0,3.472448316865287e-07
2556.665,15.0,3.463648543792098e-07
2557.147,15.0,3.4548710648503027e-07
2557.629,15.0,3.4461158223797436e-07
2558.111,15.0,3.4373827588747715e-07
2558.593,15.0,3.4286718169836664e-07
2559.075,15.0,3.419982939508701e-07
2559.557,15.0,3.4113160694058015e-07
2560.04,15.0,3.4026532370437115e-07
2560.522,15.0,3.394030256527177e-07
2561.004,15.0,3.3854291130491035e-07
2561.486,15.0,3.376849750174503e-07
2561.968,15.0,3.368292111620216e-07
2562.45,15.0,3.3597561412539464e-07
2562.932,15.0,3.3512417830935026e-07
2563.414,15.0,3.342748981306879e-07
2563.896,15.0,3.334277680211938e-07
2564.379,15.0,3.3258103157072753e-07
2564.861,15.0,3.317381893863894e-07
2565.343,15.0,3.3089748064434447e-07
2565.825,15.0,3.3005889983581506e-07
2566.307,15.0,3.2922244146676057e-07
2566.789,15.0,3.283881000578152e-07
2567.271,15.0,3.2755587014431663e-07
2567.753,15.0,3.2672574627623093e-07
2568.236,15.0,3.2589600730733796e-07
2568.718,15.0,3.2507008357946235e-07
2569.2,15.0,3.2424624962300756e-07
2569.682,15.0,3.2342450004601447e-07
2570.164,15.0,3.2260482947105714e-07
2570.646,15.0,3.217872325349176e-07
2571.128,15.0,3.209717038889033e-07
2571.61,15.0,3.2015823819849634e-07
2572.093,15.0,3.1934514885950925e-07
2572.575,15.0,3.185357973863273e-07
2573.057,15.0,3.1772849293981054e-07
2573.539,15.0,3.169232302422449e-07
2574.021,15.0,3.161200040301467e-07
2574.503,15.0,3.15318809053999e-07
2574.985,15.0,3.145196400783531e-07
2575.467,15.0,3.1372249188177275e-07
2575.949,15.0,3.129273592567018e-07
2576.432,15.0,3.121325936138614e-07
2576.914,15.0,3.113414807195952e-07
2577.396,15.0,3.1055236784685094e-07
2577.878,15.0,3.0976524984350873e-07
2578.36,15.0,3.0898012157121485e-07
2578.842,15.0,3.081969779053273e-07
2579.324,15.0,3.074158137348597e-07
2579.806,15.0,3.0663662396249326e-07
2580.289,15.0,3.05857793057499e-07
2580.771,15.0,3.050825409136033e-07
2581.253,15.0,3.043092479467718e-07
2581.735,15.0,3.0353790911386517e-07
2582.217,15.0,3.027685193851513e-07
2582.699,15.0,3.0200107374437944e-07
2583.181,15.0,3.0123556718860637e-07
2583.663,15.0,3.004719947282739e-07
2584.146,15.0,2.997087732160403e-07
2584.627,15.0,2.9895063220201283e-07
2585.11,15.0,2.981912620157228e-07
2585.592,15.0,2.97435380273075e-07
2586.074,15.0,2.9668140786648427e-07
2586.556,15.0,2.9592933988558847e-07
2587.038,15.0,2.951791714331504e-07
2587.52,15.0,2.9443089762497124e-07
2588.002,15.0,2.9368451358984106e-07
2588.484,15.0,2.929400144695229e-07
2588.967,15.0,2.9219585666623497e-07
2589.449,15.0,2.9145511673801436e-07
2589.931,15.0,2.907162472173271e-07
2590.413,15.0,2.899792432974719e-07
2590.895,15.0,2.8924410018454123e-07
2591.377,15.0,2.8851081309736243e-07
2591.859,15.0,2.877793772674867e-07
2592.341,15.0,2.8704978793915783e-07
2592.823,15.0,2.8632204036922757e-07
2593.306,15.0,2.855946256950369e-07
2593.788,15.0,2.848705512595308e-07
2594.27,15.0,2.841483044188514e-07
2594.752,15.0,2.83427880480117e-07
2595.234,15.0,2.827092747629383e-07
2595.716,15.0,2.8199248259933214e-07
2596.198,15.0,2.8127749933377473e-07
2596.68,15.0,2.8056432032307734e-07
2597.163,15.0,2.7985146691300303e-07
2597.645,15.0,2.791418862510143e-07
2598.127,15.0,2.7843409597858983e-07
2598.609,15.0,2.777280915017056e-07
2599.091,15.0,2.770238682385522e-07
2599.573,15.0,2.7632142161941306e-07
2600.055,15.0,2.7562074708674484e-07
2600.537,15.0,2.7492184009507413e-07
2601.02,15.0,2.742232515837293e-07
2601.502,15.0,2.735278697295539e-07
2601.984,15.0,2.7283424184289516e-07
2602.466,15.0,2.7214236342638537e-07
2602.948,15.0,2.714522299945627e-07
2603.43,15.0,2.707638370738334e-07
2603.912,15.0,2.7007718020251084e-07
2604.394,15.0,2.6939225493071994e-07
2604.876,15.0,2.687090568203898e-07
2605.359,15.0,2.6802616938357593e-07
2605.841,15.0,2.673464158893096e-07
2606.323,15.0,2.666683763035851e-07
2606.805,15.0,2.659920462352086e-07
2607.287,15.0,2.6531742130458904e-07
2607.769,15.0,2.646444971438088e-07
2608.251,15.0,2.6397326939643175e-07
2608.733,15.0,2.633037337176221e-07
2609.216,15.0,2.6263450194877477e-07
2609.698,15.0,2.6196834090658844e-07
2610.18,15.0,2.6130385895837607e-07
2610.662,15.0,2.60641051805109e-07
2611.144,15.0,2.599799151591825e-07
2611.626,15.0,2.59320444744333e-07
2612.108,15.0,2.586626362955844e-07
2612.59,15.0,2.580064855592211e-07
2613.073,15.0,2.5735063213056947e-07
2613.554,15.0,2.566991402653151e-07
2614.037,15.0,2.5604658792001063e-07
2614.519,15.0,2.553970291209569e-07
2615.001,15.0,2.5474910692539606e-07
2615.483,15.0,2.541028171467341e-07
2615.965,15.0,2.534581556094258e-07
2616.447,15.0,2.52815118148973e-07
2616.929,15.0,2.521737006118908e-07
2617.411,15.0,2.515338988556711e-07
2617.894,15.0,2.508943863752932e-07
2618.376,15.0,2.5025780712781304e-07
2618.858,15.0,2.496228312906567e-07
2619.34,15.0,2.489894547649529e-07
2619.822,15.0,2.483576734626347e-07
2620.304,15.0,2.4772748330640383e-07
2620.786,15.0,2.4709888022977224e-07
2621.268,15.0,2.4647186017696703e-07
2621.75,15.0,2.45846419102924e-07
2622.233,15.0,2.452212602795445e-07
2622.715,15.0,2.445989683255052e-07
2623.197,15.0,2.4397824327064754e-07
2623.679,15.0,2.4335908111247394e-07
2624.161,15.0,2.427414778590398e-07
2624.643,15.0,2.421254295288853e-07
2625.125,15.0,2.415109321511355e-07
2625.607,15.0,2.408979817653206e-07
2626.09,15.0,2.402853075427085e-07
2626.572,15.0,2.3967544249022473e-07
2627.054,15.0,2.390671126027289e-07
2627.536,15.0,2.384603139613982e-07
2628.018,15.0,2.3785504265773628e-07
2628.5,15.0,2.3725129479354162e-07
2628.982,15.0,2.3664906648089892e-07
2629.464,15.0,2.3604835384211834e-07
2629.947,15.0,2.3544791142331332e-07
2630.429,15.0,2.348502216645655e-07
2630.911,15.0,2.3425403599984685e-07
2631.393,15.0,2.3365935059220334e-07
2631.875,15.0,2.330661616147512e-07
2632.357,15.0,2.3247446525072828e-07
2632.839,15.0,2.3188425769336756e-07
2633.321,15.0,2.3129553514597116e-07
2633.803,15.0,2.3070829382180003e-07
2634.286,15.0,2.3012131619953323e-07
2634.768,15.0,2.2953702905501347e-07
2635.25,15.0,2.289542118254331e-07
2635.732,15.0,2.2837286076381177e-07
2636.214,15.0,2.2779297213297542e-07
2636.696,15.0,2.2721454220562685e-07
2637.178,15.0,2.2663756726422606e-07
2637.66,15.0,2.260620436010442e-07
2638.143,15.0,2.2548677799104652e-07
2638.625,15.0,2.249141487918257e-07
2639.107,15.0,2.2434295979833045e-07
2639.589,15.0,2.2377320734169583e-07
2640.071,15.0,2.2320488776267062e-07
2640.553,15.0,2.2263799741161272e-07
2641.035,15.0,2.2207253264848282e-07
2641.517,15.0,2.2150848984278751e-07
2642.0,15.0,2.2094469957476455e-07
2642.481,15.0,2.203846556294774e-07
2642.964,15.0,2.198236970649087e-07
2643.446,15.0,2.1926530889098036e-07
2643.928,15.0,2.187083246572085e-07
2644.41,15.0,2.1815274078994114e-07
2644.892,15.0,2.1759855372492937e-07
2645.374,15.0,2.1704575990726408e-07
2645.856,15.0,2.1649435579140302e-07
2646.338,15.0,2.1594433784105805e-07
2646.821,15.0,2.1539456571653613e-07
2647.303,15.0,2.1484731238313578e-07
2647.785,15.0,2.1430143465477933e-07
2648.267,15.0,2.1375692903215052e-07
2648.749,15.0,2.1321379202518545e-07
2649.231,15.0,2.1267202015289313e-07
2649.713,15.0,2.1213160994346243e-07
2650.195,15.0,2.1159255793415782e-07
2650.677,15.0,2.1105486067133584e-07
2651.16,15.0,2.105174033617375e-07
2651.642,15.0,2.0998240805997888e-07
2652.124,15.0,2.0944875719084328e-07
2652.606,15.0,2.0891644733679922e-07
2653.088,15.0,2.0838547508922208e-07
2653.57,15.0,2.0785583704842146e-07
2654.052,15.0,2.0732752982362236e-07
2654.534,15.0,2.0680055003291306e-07
2655.017,15.0,2.062738051052227e-07
2655.499,15.0,2.0574947280894454e-07
2655.981,15.0,2.0522645784713849e-07
2656.463,15.0,2.047047568732105e-07
2656.945,15.0,2.041843665493188e-07
2657.427,15.0,2.0366528354633944e-07
2657.909,15.0,2.0314750454389702e-07
2658.391,15.0,2.026310262302613e-07
2658.874,15.0,2.0211477780864427e-07
2659.356,15.0,2.0160089365356587e-07
2659.838,15.0,2.010883002972763e-07
2660.32,15.0,2.0057699446258594e-07
2660.802,15.0,2.000669728808908e-07
2661.284,15.0,1.9955823229215187e-07
2661.766,15.0,1.9905076944480197e-07
2662.248,15.0,1.985445810958389e-07
2662.73,15.0,1.98039664010709e-07
2663.213,15.0,1.9753497136414563e-07
2663.695,15.0,1.9703258975753773e-07
2664.177,15.0,1.965314697550704e-07
2664.659,15.0,1.9603160815587418e-07
2665.141,15.0,1.9553300176746263e-07
2665.623,15.0,1.9503564740568174e-07
2666.105,15.0,1.9453954189466944e-07
2666.587,15.0,1.940446820668944e-07
2667.07,15.0,1.9355004195019762e-07
2667.552,15.0,1.930576665873397e-07
2668.034,15.0,1.9256652744810283e-07
2668.516,15.0,1.9207662139791073e-07
2668.998,15.0,1.9158794531034945e-07
2669.48,15.0,1.9110049606721078e-07
2669.962,15.0,1.9061427055835598e-07
2670.444,15.0,1.9012926568182127e-07
2670.927,15.0,1.896444758990269e-07
2671.408,15.0,1.891629054582171e-07
2671.891,15.0,1.8868054652929804e-07
2672.373,15.0,1.8820039582737483e-07
2672.855,15.0,1.8772145036246902e-07
2673.337,15.0,1.8724370708082029e-07
2673.819,15.0,1.8676716293665687e-07
2674.301,15.0,1.862918148921485e-07
2674.783,15.0,1.8581765991738556e-07
2675.265,15.0,1.8534469499032037e-07
2675.748,15.0,1.848719395363515e-07
2676.23,15.0,1.8440134812350802e-07
2676.712,15.0,1.8393193773327485e-07
2677.194,15.0,1.8346370537502068e-07
2677.676,15.0,1.829966480658971e-07
2678.158,15.0,1.8253076283084995e-07
2678.64,15.0,1.8206604670255334e-07
2679.122,15.0,1.8160249672141525e-07
2679.604,15.0,1.8114010993554865e-07
2680.087,15.0,1.8067792770325291e-07
2680.569,15.0,1.8021786088100545e-07
2681.051,15.0,1.7975894843830266e-07
2681.533,15.0,1.7930118745392828e-07
2682.015,15.0,1.7884457501422624e-07
2682.497,15.0,1.7838910821309718e-07
2682.979,15.0,1.779347841520557e-07
2683.461,15.0,1.7748159994012462e-07
2683.944,15.0,1.770286160163616e-07
2684.426,15.0,1.765777052097091e-07
2684.908,15.0,1.76127925618351e-07
2685.39,15.0,1.7567927438129928e-07
2685.872,15.0,1.7523174864500559e-07
2686.354,15.0,1.7478534556332177e-07
2686.836,15.0,1.7434006229752074e-07
2687.318,15.0,1.738958960162387e-07
2687.801,15.0,1.734519258564236e-07
2688.283,15.0,1.7300998738229415e-07
2688.765,15.0,1.7256915743684864e-07
2689.247,15.0,1.72129433218101e-07
2689.729,15.0,1.7169081193124417e-07
2690.211,15.0,1.7125329078884273e-07
2690.693,15.0,1.7081686701060854e-07
2691.175,15.0,1.703815378235392e-07
2691.657,15.0,1.6994730046179681e-07
2692.14,15.0,1.6951325464899478e-07
2692.622,15.0,1.6908119492004726e-07
2693.104,15.0,1.6865021875628214e-07
2693.586,15.0,1.682203234204831e-07
2694.068,15.0,1.6779150618256017e-07
2694.55,15.0,1.6736376431949157e-07
2695.032,15.0,1.6693709511535356e-07
2695.514,15.0,1.6651149586122334e-07
2695.997,15.0,1.6608608419096057e-07
2696.479,15.0,1.6566261894406881e-07
2696.961,15.0,1.6524021555700826e-07
2697.443,15.0,1.6481887134889366e-07
2697.925,15.0,1.6439858364578473e-07
2698.407,15.0,1.6397934978069175e-07
2698.889,15.0,1.6356116709350155e-07
2699.371,15.0,1.6314403293104094e-07
2699.854,15.0,1.6272708247863762e-07
2700.335,15.0,1.623128996018851e-07
2700.818,15.0,1.6189803731262206e-07
2701.3,15.0,1.6148507300516017e-07
2701.782,15.0,1.610731440538018e-07
2702.264,15.0,1.6066224784637502e-07
2702.746,15.0,1.6025238177745833e-07
2703.228,15.0,1.598435432483716e-07
2703.71,15.0,1.594357296671494e-07
2704.192,15.0,1.5902893844858267e-07
2704.675,15.0,1.5862232622294192e-07
2705.157,15.0,1.5821757410844704e-07
2705.639,15.0,1.5781383663567035e-07
2706.121,15.0,1.5741111124606205e-07
2706.603,15.0,1.5700939538768434e-07
2707.085,15.0,1.5660868651522158e-07
2707.567,15.0,1.5620898208993606e-07
2708.049,15.0,1.558102795796396e-07
2708.531,15.0,1.5541257645872378e-07
2709.014,15.0,1.5501504820059453e-07
2709.496,15.0,1.546193383680764e-07
2709.978,15.0,1.5422462038202458e-07
2710.46,15.0,1.5383089174286e-07
2710.942,15.0,1.5343814995746186e-07
2711.424,15.0,1.5304639253916442e-07
2711.906,15.0,1.5265561700774366e-07
2712.388,15.0,1.5226582088935466e-07
2712.871,15.0,1.518761960516121e-07
2713.353,15.0,1.5148835338257767e-07
2713.835,15.0,1.511014827383197e-07
2714.317,15.0,1.5071558167048595e-07
2714.799,15.0,1.5033064773705767e-07
2715.281,15.0,1.4994667850234155e-07
2715.763,15.0,1.4956367153692481e-07
2716.245,15.0,1.4918162441766565e-07
2716.728,15.0,1.4879974507873882e-07
2717.21,15.0,1.4841961238624707e-07
2717.692,15.0,1.4804043230300192e-07
2718.174,15.0,1.4766220243079922e-07
2718.656,15.0,1.4728492037763928e-07
2719.138,15.0,1.4690858375768763e-07
2719.62,15.0,1.4653319019127521e-07
2720.102,15.0,1.4615873730487204e-07
2720.584,15.0,1.457852227310854e-07
2721.067,15.0,1.4541187209519207e-07
2721.549,15.0,1.450402290032838e-07
2722.031,15.0,1.4466951715349214e-07
2722.513,15.0,1.4429973420274695e-07
2722.995,15.0,1.4393087781403683e-07
2723.477,15.0,1.4356294565639332e-07
2723.959,15.0,1.431959354048072e-07
2724.441,15.0,1.4282984474031932e-07
2724.924,15.0,1.4246391468069e-07
2725.406,15.0,1.4209965815322017e-07
2725.888,15.0,1.4173631428695173e-07
2726.37,15.0,1.4137388078671043e-07
2726.852,15.0,1.4101235536327306e-07
2727.334,15.0,1.4065173573330459e-07
2727.816,15.0,1.4029201961933745e-07
2728.298,15.0,1.3993320474980914e-07
2728.781,15.0,1.3957454722779525e-07
2729.262,15.0,1.3921826968691195e-07
2729.745,15.0,1.388614070598598e-07
2730.227,15.0,1.3850617641769716e-07
2730.709,15.0,1.3815183574484172e-07
2731.191,15.0,1.3779838280459126e-07
2731.673,15.0,1.374458153660196e-07
2732.155,15.0,1.370941312039053e-07
2732.637,15.0,1.3674332809879927e-07
2733.119,15.0,1.3639340383692512e-07
2733.602,15.0,1.3604363295477073e-07
2734.084,15.0,1.3569546157277668e-07
2734.566,15.0,1.35348162422319e-07
2735.048,15.0,1.350017333123507e-07
2735.53,15.0,1.3465617205745305e-07
2736.012,15.0,1.3431147647783217e-07
2736.494,15.0,1.3396764439930957e-07
2736.976,15.0,1.3362467365329064e-07
2737.458,15.0,1.3328256207674263e-07
2737.941,15.0,1.329406004045669e-07
2738.423,15.0,1.3260020247150018e-07
2738.905,15.0,1.3226065724771221e-07
2739.387,15.0,1.319219625923499e-07
2739.869,15.0,1.315841163700813e-07
2740.351,15.0,1.312471164510362e-07
2740.833,15.0,1.309109607108282e-07
2741.315,15.0,1.3057564703051585e-07
2741.798,15.0,1.3024048023937082e-07
2742.28,15.0,1.2990684607990914e-07
2742.762,15.0,1.2957404765179945e-07
2743.244,15.0,1.2924208285781736e-07
2743.726,15.0,1.2891094960613104e-07
2744.208,15.0,1.285806458102359e-07
2744.69,15.0,1.2825116938903215e-07
2745.172,15.0,1.279225182667498e-07
2745.655,15.0,1.2759401108637927e-07
2746.137,15.0,1.272670060574187e-07
2746.619,15.0,1.2694082012768723e-07
2747.101,15.0,1.2661545124266903e-07
2747.583,15.0,1.2629089735308515e-07
2748.065,15.0,1.2596715641493477e-07
2748.547,15.0,1.256442263894643e-07
2749.029,15.0,1.2532210524313295e-07
2749.511,15.0,1.2500079094763974e-07
2749.994,15.0,1.2467961735766955e-07
2750.476,15.0,1.2435991236316914e-07
2750.958,15.0,1.2404100816153815e-07
2751.44,15.0,1.2372290274519933e-07
2751.922,15.0,1.2340559411172722e-07
2752.404,15.0,1.2308908026381987e-07
2752.886,15.0,1.2277335920929267e-07
2753.368,15.0,1.2245842896108147e-07
2753.851,15.0,1.22143636610108e-07
2754.333,15.0,1.2183028366407277e-07
2754.815,15.0,1.2151771558953982e-07
2755.297,15.0,1.212059304197484e-07
2755.779,15.0,1.2089492619295108e-07
2756.261,15.0,1.2058470095244497e-07
2756.743,15.0,1.202752527465266e-07
2757.225,15.0,1.1996657962849465e-07
2757.708,15.0,1.1965804166236297e-07
2758.189,15.0,1.1935155089422793e-07
2758.672,15.0,1.1904455660717959e-07
2759.154,15.0,1.1873896606322701e-07
2759.636,15.0,1.184341409441913e-07
2760.118,15.0,1.1813007933308477e-07
2760.6,15.0,1.1782677931785186e-07
2761.082,15.0,1.1752423899131043e-07
2761.564,15.0,1.172224564511552e-07
2762.046,15.0,1.1692142979995905e-07
2762.529,15.0,1.16620534955301e-07
2763.011,15.0,1.1632101596756126e-07
2763.493,15.0,1.1602224720166977e-07
2763.975,15.0,1.1572422677952434e-07
2764.457,15.0,1.1542695282785999e-07
2764.939,15.0,1.1513042347817201e-07
2765.421,15.0,1.1483463686677366e-07
2765.903,15.0,1.1453959113470491e-07
2766.385,15.0,1.142452844277645e-07
2766.868,15.0,1.1395110659610678e-07
2767.35,15.0,1.1365827391947338e-07
2767.832,15.0,1.1336617472996438e-07
2768.314,15.0,1.1307480719228865e-07
2768.796,15.0,1.1278416947582768e-07
2769.278,15.0,1.124942597546364e-07
2769.76,15.0,1.1220507620745802e-07
2770.242,15.0,1.1191661701767528e-07
2770.725,15.0,1.1162828415914068e-07
2771.207,15.0,1.1134126974625246e-07
2771.689,15.0,1.1105497426496621e-07
2772.171,15.0,1.1076939591714678e-07
2772.653,15.0,1.1048453290926619e-07
2773.135,15.0,1.1020038345237788e-07
2773.617,15.0,1.0991694576208403e-07
2774.099,15.0,1.096342180585515e-07
2774.582,15.0,1.0935161419879207e-07
2775.064,15.0,1.0907030261127319e-07
2775.546,15.0,1.0878969569459133e-07
2776.028,15.0,1.085097916870053e-07
2776.51,15.0,1.0823058883128488e-07
2776.992,15.0,1.079520853746994e-07
2777.474,15.0,1.0767427956896251e-07
2777.956,15.0,1.0739716967026422e-07
2778.438,15.0,1.0712075393923348e-07
2778.921,15.0,1.0684445931948136e-07
2779.403,15.0,1.0656942815461797e-07
2779.885,15.0,1.0629508596230588e-07
2780.367,15.0,1.0602143102085471e-07
2780.849,15.0,1.0574846161298115e-07
2781.331,15.0,1.0547617602575699e-07
2781.813,15.0,1.0520457255061953e-07
2782.295,15.0,1.0493364948337931e-07
2782.778,15.0,1.0466284515557497e-07
2783.26,15.0,1.0439327921170885e-07
2783.742,15.0,1.0412438858563721e-07
2784.224,15.0,1.0385617159048038e-07
2784.706,15.0,1.0358862654363416e-07
2785.188,15.0,1.0332175176680441e-07
2785.67,15.0,1.0305554558595422e-07
2786.152,15.0,1.0279000633130339e-07
2786.635,15.0,1.0252458349661516e-07
2787.116,15.0,1.0226092194279192e-07
2787.599,15.0,1.0199682739652311e-07
2788.081,15.0,1.0173394060205712e-07
2788.563,15.0,1.0147171244508426e-07
2789.045,15.0,1.0121014128119262e-07
2789.527,15.0,1.0094922547014616e-07
2790.009,15.0,1.0068896337588909e-07
2790.491,15.0,1.0042935336652671e-07
2790.973,15.0,1.0017039381431836e-07
2791.456,15.0,9.99115478546402e-08
2791.938,15.0,9.965388569113585e-08
2792.42,15.0,9.939686912301603e-08
2792.902,15.0,9.914049653903105e-08
2793.384,15.0,9.888476633204323e-08
2793.866,15.0,9.862967689901133e-08
2794.348,15.0,9.837522664095062e-08
2794.83,15.0,9.812141396295131e-08
2795.312,15.0,9.7868237274165e-08
2795.795,15.0,9.761517169948042e-08
2796.277,15.0,9.736326354397283e-08
2796.759,15.0,9.71119866260495e-08
2797.241,15.0,9.686133937097505e-08
2797.723,15.0,9.66113202080301e-08
2798.205,15.0,9.636192757045336e-08
2798.687,15.0,9.611315989550151e-08
2799.169,15.0,9.58650156243624e-08
2799.652,15.0,9.56169803155555e-08
2800.134,15.0,9.53700794768277e-08
2800.616,15.0,9.512379738605922e-08
2801.098,15.0,9.487813250024085e-08
2801.58,15.0,9.463308328026848e-08
2802.062,15.0,9.43886481909765e-08
2802.544,15.0,9.414482570107092e-08
2803.026,15.0,9.390161428315697e-08
2803.509,15.0,9.365850972289295e-08
2803.991,15.0,9.341651714215577e-08
2804.473,15.0,9.31751310713013e-08
2804.955,15.0,9.293434999837294e-08
2805.437,15.0,9.269417241527767e-08
2805.919,15.0,9.245459681772731e-08
2806.401,15.0,9.221562170526528e-08
2806.883,15.0,9.197724558122734e-08
2807.365,15.0,9.173946695275625e-08
2807.848,15.0,9.150179286916917e-08
2808.33,15.0,9.12652060002957e-08
2808.812,15.0,9.102921216801105e-08
2809.294,15.0,9.079380989455813e-08
2809.776,15.0,9.055899770591038e-08
2810.258,15.0,9.032477413178145e-08
2810.74,15.0,9.009113770562256e-08
2811.222,15.0,8.985808696459685e-08
2811.705,15.0,8.962513876018552e-08
2812.187,15.0,8.939325622327238e-08
2812.669,15.0,8.916195500216471e-08
2813.151,15.0,8.893123364882647e-08
2813.633,15.0,8.87010907188383e-08
2814.115,15.0,8.847152477148631e-08
2814.597,15.0,8.824253436968067e-08
2815.079,15.0,8.801411807999271e-08
2815.562,15.0,8.778580236232878e-08
2816.043,15.0,8.755900212132153e-08
2816.526,15.0,8.733182985775017e-08
2817.008,15.0,8.710569693237666e-08
2817.49,15.0,8.688013100324054e-08
2817.972,15.0,8.665513065855934e-08
2818.454,15.0,8.643069449010726e-08
2818.936,15.0,8.620682109323456e-08
2819.418,15.0,8.598350906684995e-08
2819.9,15.0,8.576075701339379e-08
2820.383,15.0,8.55381031362131e-08
2820.865,15.0,8.531646800463815e-08
2821.347,15.0,8.509538867165263e-08
2821.829,15.0,8.487486375379023e-08
2822.311,15.0,8.465489187110777e-08
2822.793,15.0,8.443547164713415e-08
2823.275,15.0,8.421660170888246e-08
2823.757,15.0,8.399828068685611e-08
2824.24,15.0,8.378005597104991e-08
2824.722,15.0,8.356282981853746e-08
2825.204,15.0,8.33461484916331e-08
2825.686,15.0,8.313001063464922e-08
2826.168,15.0,8.291441489530459e-08
2826.65,15.0,8.26993599247392e-08
2827.132,15.0,8.248484437751195e-08
2827.614,15.0,8.227086691155748e-08
2828.096,15.0,8.205742618824108e-08
2828.579,15.0,8.184407971563235e-08
2829.061,15.0,8.163170958177991e-08
2829.543,15.0,8.141987219209824e-08
2830.025,15.0,8.120856622140747e-08
2830.507,15.0,8.099779034788887e-08
2830.989,15.0,8.07875432530592e-08
2831.471,15.0,8.057782362176144e-08
2831.953,15.0,8.036863014215555e-08
2832.436,15.0,8.01595291279167e-08
2832.918,15.0,7.995138511427007e-08
2833.4,15.0,7.974376333396585e-08
2833.882,15.0,7.953666248837614e-08
2834.364,15.0,7.93300812821478e-08
2834.846,15.0,7.912401842320212e-08
2835.328,15.0,7.891847262271197e-08
2835.81,15.0,7.871344259512845e-08
2836.292,15.0,7.850892705811838e-08
2836.775,15.0,7.830450202385415e-08
2837.257,15.0,7.810101269474693e-08
2837.739,15.0,7.789803402598786e-08
2838.221,15.0,7.769556474816885e-08
2838.703,15.0,7.749360359505687e-08
2839.185,15.0,7.729214930362836e-08
2839.667,15.0,7.709120061403945e-08
2840.149,15.0,7.689075626963032e-08
2840.632,15.0,7.669040072312027e-08
2841.114,15.0,7.649096235161328e-08
2841.596,15.0,7.629202457168334e-08
2842.078,15.0,7.609358613930827e-08
2842.56,15.0,7.589564581358672e-08
2843.042,15.0,7.569820235675663e-08
2843.524,15.0,7.550125453415936e-08
2844.006,15.0,7.530480111427002e-08
2844.489,15.0,7.510843482393219e-08
2844.97,15.0,7.491337257196468e-08
2845.453,15.0,7.471799099345184e-08
2845.935,15.0,7.452350394527717e-08
2846.417,15.0,7.432950518600069e-08
2846.899,15.0,7.413599350258987e-08
2847.381,15.0,7.394296768506854e-08
2847.863,15.0,7.375042652650847e-08
2848.345,15.0,7.355836882303546e-08
2848.827,15.0,7.33667933737793e-08
2849.31,15.0,7.317530301874892e-08
2849.792,15.0,7.298468948178293e-08
2850.274,15.0,7.27945546121184e-08
2850.756,15.0,7.26048972209507e-08
2851.238,15.0,7.241571612247122e-08
2851.72,15.0,7.222701013385996e-08
2852.202,15.0,7.203877807526182e-08
2852.684,15.0,7.185101876980413e-08
2853.167,15.0,7.166334296921553e-08
2853.649,15.0,7.147652662596782e-08
2854.131,15.0,7.129017952055109e-08
2854.613,15.0,7.110430048788232e-08
2855.095,15.0,7.091888836582672e-08
2855.577,15.0,7.073394199515895e-08
2856.059,15.0,7.054946021957994e-08
2856.541,15.0,7.036544188569809e-08
2857.023,15.0,7.018188584301161e-08
2857.506,15.0,6.999841155755042e-08
2857.988,15.0,6.981577761051915e-08
2858.47,15.0,6.963360251816191e-08
2858.952,15.0,6.94518851415227e-08
2859.434,15.0,6.927062434451186e-08
2859.916,15.0,6.908981899387363e-08
2860.398,15.0,6.890946795922838e-08
2860.88,15.0,6.872957011300846e-08
2861.363,15.0,6.854975250548651e-08
2861.845,15.0,6.837075859920518e-08
2862.327,15.0,6.81922145133505e-08
2862.809,15.0,6.801411913165817e-08
2863.291,15.0,6.78364713406885e-08
2863.773,15.0,6.765927002977338e-08
2864.255,15.0,6.748251409105748e-08
2864.737,15.0,6.730620241945048e-08
2865.219,15.0,6.71303339126481e-08
2865.702,15.0,6.695454397459553e-08
2866.184,15.0,6.677955941527448e-08
2866.666,15.0,6.660501472814095e-08
2867.148,15.0,6.643090882192584e-08
2867.63,15.0,6.625724060809969e-08
2868.112,15.0,6.60840090008535e-08
2868.594,15.0,6.591121291711424e-08
2869.076,15.0,6.57388512765318e-08
2869.559,15.0,6.556656675351911e-08
2870.041,15.0,6.539507166475657e-08
2870.523,15.0,6.522400779209111e-08
2871.005,15.0,6.505337406597533e-08
2871.487,15.0,6.488316941954753e-08
2871.969,15.0,6.471339278861385e-08
2872.451,15.0,6.454404311165823e-08
2872.933,15.0,6.437511932982194e-08
2873.416,15.0,6.420627124493164e-08
2873.897,15.0,6.403854522936604e-08
2874.38,15.0,6.387054541838533e-08
2874.862,15.0,6.370331555526263e-08
2875.344,15.0,6.353650633051405e-08
2875.826,15.0,6.337011670112285e-08
2876.308,15.0,6.320414562667623e-08
2876.79,15.0,6.303859206938705e-08
2877.272,15.0,6.287345499405499e-08
2877.754,15.0,6.270873336808154e-08
2878.237,15.0,6.254408570520401e-08
2878.719,15.0,6.238019274708146e-08
2879.201,15.0,6.221671215389562e-08
2879.683,15.0,6.205364290335972e-08
2880.165,15.0,6.18909839757536e-08
2880.647,15.0,6.17287343539139e-08
2881.129,15.0,6.156689302321557e-08
2881.611,15.0,6.14054589715805e-08
2882.094,15.0,6.124409752855209e-08
2882.576,15.0,6.108347584869784e-08
2883.058,15.0,6.092325842477955e-08
2883.54,15.0,6.076344425482623e-08
2884.022,15.0,6.06040323393688e-08
2884.504,15.0,6.044502168145576e-08
2884.986,15.0,6.028641128661624e-08
2885.468,15.0,6.012820016287694e-08
2885.95,15.0,5.997038732074786e-08
2886.433,15.0,5.981264559724144e-08
2886.915,15.0,5.965562718095014e-08
2887.397,15.0,5.949900409059462e-08
2887.879,15.0,5.9342775346555743e-08
2888.361,15.0,5.9186939971658847e-08
2888.843,15.0,5.9031496991194064e-08
2889.325,15.0,5.887644543287787e-08
2889.807,15.0,5.872178432684685e-08
2890.29,15.0,5.856719304428176e-08
2890.772,15.0,5.8413310748042855e-08
2891.254,15.0,5.8259816007077656e-08
2891.736,15.0,5.810670786121585e-08
2892.218,15.0,5.795398535267864e-08
2892.7,15.0,5.7801647526077897e-08
2893.182,15.0,5.7649693428423e-08
2893.664,15.0,5.749812210910547e-08
2894.146,15.0,5.734693261988955e-08
2894.629,15.0,5.719581152926529e-08
2895.111,15.0,5.7045383652310024e-08
2895.593,15.0,5.6895334772997756e-08
2896.075,15.0,5.674566395255316e-08
2896.557,15.0,5.659637025453549e-08
2897.039,15.0,5.644745274484955e-08
2897.521,15.0,5.629891049173242e-08
2898.003,15.0,5.615074256573893e-08
2898.486,15.0,5.6002641799627163e-08
2898.968,15.0,5.585522052069221e-08
2899.45,15.0,5.570817079257786e-08
2899.932,15.0,5.5561491695113914e-08
2900.414,15.0,5.5415182310412755e-08
2900.896,15.0,5.5269241722898685e-08
2901.378,15.0,5.512366901926646e-08
2901.86,15.0,5.497846328849179e-08
2902.343,15.0,5.4833323504495814e-08
2902.824,15.0,5.468914911282558e-08
2903.307,15.0,5.454474025132966e-08
2903.789,15.0,5.440099410013101e-08
2904.271,15.0,5.425761039884146e-08
2904.753,15.0,5.411458825000136e-08
2905.235,15.0,5.3971926758409966e-08
2905.717,15.0,5.382962503108171e-08
2906.199,15.0,5.36876821772697e-08
2906.681,15.0,5.3546097308440235e-08
2907.164,15.0,5.340457690521168e-08
2907.646,15.0,5.3263706087755266e-08
2908.128,15.0,5.312319060116078e-08
2908.61,15.0,5.298302956574095e-08
2909.092,15.0,5.2843222103993805e-08
2909.574,15.0,5.270376734061406e-08
2910.056,15.0,5.2564664402495134e-08
2910.538,15.0,5.242591241867475e-08
2911.021,15.0,5.228722374283538e-08
2911.503,15.0,5.214917178710158e-08
2911.985,15.0,5.2011468184060086e-08
2912.467,15.0,5.1874112071426676e-08
2912.949,15.0,5.1737102589069554e-08
2913.431,15.0,5.1600438878989687e-08
2913.913,15.0,5.1464120085342926e-08
2914.395,15.0,5.1328145354410005e-08
2914.877,15.0,5.1192513834600734e-08
2915.36,15.0,5.105694434883561e-08
2915.842,15.0,5.0921997412637043e-08
2916.324,15.0,5.0787391143744084e-08
2916.806,15.0,5.065312469904207e-08
2917.288,15.0,5.0519197237496124e-08
2917.77,15.0,5.038560792016614e-08
2918.252,15.0,5.025235591021311e-08
2918.734,15.0,5.011944037288644e-08
2919.217,15.0,4.998658576179054e-08
2919.699,15.0,4.985434136750521e-08
2920.181,15.0,4.972243095230384e-08
2920.663,15.0,4.9590853689720407e-08
2921.145,15.0,4.945960875534182e-08
2921.627,15.0,4.932869532681421e-08
2922.109,15.0,4.919811258382618e-08
2922.591,15.0,4.906785970811079e-08
2923.073,15.0,4.8937935883435856e-08
2923.556,15.0,4.880807176573228e-08
2924.038,15.0,4.8678804281038715e-08
2924.52,15.0,4.854986340918932e-08
2925.002,15.0,4.842124834205672e-08
2925.484,15.0,4.8292958273521994e-08
2925.966,15.0,4.8164992399473555e-08
2926.448,15.0,4.803734991780044e-08
2926.93,15.0,4.791003002838825e-08
2927.413,15.0,4.77827687855382e-08
2927.895,15.0,4.765609235340564e-08
2928.377,15.0,4.752973612346894e-08
2928.859,15.0,4.740369930355078e-08
2929.341,15.0,4.727798110343734e-08
2929.823,15.0,4.7152580734898236e-08
2930.305,15.0,4.702749741164264e-08
2930.787,15.0,4.690273034934369e-08
2931.27,15.0,4.677802089472333e-08
2931.751,15.0,4.6654141880075124e-08
2932.234,15.0,4.653006234583917e-08
2932.716,15.0,4.6406553171924474e-08
2933.198,15.0,4.628335636489102e-08
2933.68,15.0,4.616047115204329e-08
2934.162,15.0,4.603789676261458e-08
2934.644,15.0,4.591563242774028e-08
2935.126,15.0,4.579367738047951e-08
2935.608,15.0,4.5672030855793296e-08
2936.091,15.0,4.555044066974623e-08
2936.573,15.0,4.542940953881621e-08
2937.055,15.0,4.53086846451532e-08
2937.537,15.0,4.518826523129928e-08
2938.019,15.0,4.5068150541673075e-08
2938.501,15.0,4.494833982257084e-08
2938.983,15.0,4.482883232217102e-08
2939.465,15.0,4.47096272905122e-08
2939.948,15.0,4.459047760523815e-08
2940.43,15.0,4.4471875892270845e-08
2940.912,15.0,4.435357440777335e-08
2941.394,15.0,4.423557240921412e-08
2941.876,15.0,4.411786915589672e-08
2942.358,15.0,4.4000463908976204e-08
2942.84,15.0,4.388335593143311e-08
2943.322,15.0,4.3766544488082484e-08
2943.804,15.0,4.365002884556186e-08
2944.287,15.0,4.353356745702919e-08
2944.769,15.0,4.341764183327081e-08
2945.251,15.0,4.330200981964905e-08
2945.733,15.0,4.318667069006734e-08
2946.215,15.0,4.307162372022429e-08
2946.697,15.0,4.295686818761606e-08
2947.179,15.0,4.284240337152694e-08
2947.661,15.0,4.2728228553042684e-08
2948.144,15.0,4.261410703817824e-08
2948.626,15.0,4.250051066319403e-08
2949.108,15.0,4.238720213825055e-08
2949.59,15.0,4.227418075153577e-08
2950.072,15.0,4.216144579300315e-08
2950.554,15.0,4.2048996554370815e-08
2951.036,15.0,4.193683232911031e-08
2951.518,15.0,4.1824952412451494e-08
2952.0,15.0,4.171335610136201e-08
2952.483,15.0,4.160181204746953e-08
2952.965,15.0,4.1490781430171754e-08
2953.447,15.0,4.1380032318359505e-08
2953.929,15.0,4.126956401595753e-08
2954.411,15.0,4.115937582862096e-08
2954.893,15.0,4.1049467063706505e-08
2955.375,15.0,4.09398370303212e-08
2955.857,15.0,4.083048503924912e-08
2956.34,15.0,4.0721184394914954e-08
2956.822,15.0,4.061238700100255e-08
2957.304,15.0,4.050386559062696e-08
2957.786,15.0,4.039561948140209e-08
2958.268,15.0,4.028764799262334e-08
2958.75,15.0,4.0179950445281915e-08
2959.232,15.0,4.007252616204955e-08
2959.714,15.0,3.996537446727775e-08
2960.197,15.0,3.9858273226891006e-08
2960.678,15.0,3.975188614887013e-08
2961.161,15.0,3.9645327844889554e-08
2961.643,15.0,3.953926034012588e-08
2962.125,15.0,3.943346206920726e-08
2962.607,15.0,3.932793236646775e-08
2963.089,15.0,3.922267056788557e-08
2963.571,15.0,3.91176760110863e-08
2964.053,15.0,3.901294803533844e-08
2964.535,15.0,3.8908485981543565e-08
2965.018,15.0,3.8804073291612196e-08
2965.5,15.0,3.870014165924605e-08
2965.982,15.0,3.8596473979960076e-08
2966.464,15.0,3.849306960115666e-08
2966.946,15.0,3.838992787186118e-08
2967.428,15.0,3.828704814270518e-08
2967.91,15.0,3.8184429765933765e-08
2968.392,15.0,3.808207209539106e-08
2968.875,15.0,3.797976293563993e-08
2969.357,15.0,3.7877925283029564e-08
2969.839,15.0,3.7776346406429336e-08
2970.321,15.0,3.7675025666061734e-08
2970.803,15.0,3.757396242373176e-08
2971.285,15.0,3.747315604281692e-08
2971.767,15.0,3.7372605888281516e-08
2972.249,15.0,3.727231132664963e-08
2972.731,15.0,3.717227172601569e-08
2973.214,15.0,3.70722796965974e-08
2973.696,15.0,3.697274865419749e-08
2974.178,15.0,3.687347068514227e-08
2974.66,15.0,3.67744451637567e-08
2975.142,15.0,3.6675671465926124e-08
2975.624,15.0,3.657714896905766e-08
2976.106,15.0,3.647887705211108e-08
2976.588,15.0,3.638085509557961e-08
2977.071,15.0,3.628287989250069e-08
2977.553,15.0,3.6185356519785074e-08
2978.035,15.0,3.608808125685709e-08
2978.517,15.0,3.59910534903237e-08
2978.999,15.0,3.589427260829442e-08
2979.481,15.0,3.5797738000395296e-08
2979.963,15.0,3.57014490577675e-08
2980.445,15.0,3.5605405173044034e-08
2980.927,15.0,3.550960574037398e-08
2981.41,15.0,3.5413852160353416e-08
2981.892,15.0,3.531854032422382e-08
2982.374,15.0,3.5223471130290964e-08
2982.856,15.0,3.512864397866316e-08
2983.338,15.0,3.503405827093929e-08
2983.82,15.0,3.493971341018456e-08
2984.302,15.0,3.4845608800947473e-08
2984.784,15.0,3.47517438492433e-08
2985.267,15.0,3.4657923966073664e-08
2985.749,15.0,3.456453704749557e-08
2986.231,15.0,3.4471388012068574e-08
2986.713,15.0,3.437847627165208e-08
2987.195,15.0,3.4285801239567036e-08
2987.677,15.0,3.4193362330586534e-08
2988.159,15.0,3.410115896091209e-08
2988.641,15.0,3.400919054820809e-08
2989.124,15.0,3.3917266435205545e-08
2989.605,15.0,3.3825956271485065e-08
2990.088,15.0,3.373450014131371e-08
2990.57,15.0,3.3643466243765384e-08
2991.052,15.0,3.355266441174456e-08
2991.534,15.0,3.3462094071490715e-08
2992.016,15.0,3.337175465064629e-08
2992.498,15.0,3.32816455782636e-08
2992.98,15.0,3.3191766284811634e-08
2993.462,15.0,3.310211620216631e-08
2993.945,15.0,3.301250947922456e-08
2994.427,15.0,3.29233165920121e-08
2994.909,15.0,3.283435121844275e-08
2995.391,15.0,3.2745612795988786e-08
2995.873,15.0,3.2657100763488875e-08
2996.355,15.0,3.2568814561184254e-08
2996.837,15.0,3.2480753630682146e-08
2997.319,15.0,3.239291741498165e-08
2997.802,15.0,3.2305123823318744e-08
2998.284,15.0,3.221773583501456e-08
2998.766,15.0,3.213057089756525e-08
2999.248,15.0,3.204362845944557e-08
2999.73,15.0,3.195690797047703e-08
3000.212,15.0,3.187040888185024e-08
3000.694,15.0,3.17841306461061e-08
3001.176,15.0,3.1698072717129844e-08
3001.658,15.0,3.161223455015887e-08
3002.141,15.0,3.1526438196600034e-08
3002.623,15.0,3.1441038377839695e-08
3003.105,15.0,3.135585669371244e-08
3003.587,15.0,3.127089260481426e-08
3004.069,15.0,3.118614557306094e-08
3004.551,15.0,3.1101615061702144e-08
3005.033,15.0,3.101730053530204e-08
3005.515,15.0,3.093320145975687e-08
3005.998,15.0,3.0849143491778663e-08
3006.48,15.0,3.07654741650913e-08
3006.962,15.0,3.068201869370777e-08
3007.444,15.0,3.059877654876038e-08
3007.926,15.0,3.051574720269394e-08
3008.408,15.0,3.0432930129243605e-08
3008.89,15.0,3.0350324803445454e-08
3009.372,15.0,3.0267930701632384e-08
3009.854,15.0,3.018574730141871e-08
3010.337,15.0,3.0103604230912334e-08
3010.819,15.0,3.002184110634655e-08
3011.301,15.0,2.994028712286849e-08
3011.783,15.0,2.9858941763231836e-08
3012.265,15.0,2.977780451146017e-08
3012.747,15.0,2.969687485284954e-08
3013.229,15.0,2.9616152273959447e-08
3013.711,15.0,2.9535636262611293e-08
3014.194,15.0,2.9455159903577074e-08
3014.676,15.0,2.937505592175699e-08
3015.158,15.0,2.9295156977462454e-08
3015.64,15.0,2.921546256354601e-08
3016.122,15.0,2.913597217410769e-08
3016.604,15.0,2.9056685304495506e-08
3017.086,15.0,2.8977601451302375e-08
3017.568,15.0,2.88987201123569e-08
3018.051,15.0,2.8819877761247525e-08
3018.532,15.0,2.8741562974691436e-08
3019.015,15.0,2.866312398641746e-08
3019.497,15.0,2.8585048122916666e-08
3019.979,15.0,2.8507172280257133e-08
3020.461,15.0,2.8429495963639872e-08
3020.943,15.0,2.8352018679485228e-08
3021.425,15.0,2.8274739935424134e-08
3021.907,15.0,2.8197659240302188e-08
3022.389,15.0,2.8120776104173296e-08
3022.872,15.0,2.8043931143086954e-08
3023.354,15.0,2.7967442067262307e-08
3023.836,15.0,2.789114908679891e-08
3024.318,15.0,2.7815051716559573e-08
3024.8,15.0,2.7739149472593714e-08
3025.282,15.0,2.76634418721437e-08
3025.764,15.0,2.7587928433638897e-08
3026.246,15.0,2.7512608676692726e-08
3026.729,15.0,2.743732645838181e-08
3027.211,15.0,2.736239302746629e-08
3027.693,15.0,2.728765184304159e-08
3028.175,15.0,2.7213102429431122e-08
3028.657,15.0,2.713874431212643e-08
3029.139,15.0,2.7064577017787853e-08
3029.621,15.0,2.6990600074244434e-08
3030.103,15.0,2.69168130104752e-08
3030.585,15.0,2.684321535662552e-08
3031.068,15.0,2.676965453983848e-08
3031.55,15.0,2.6696434691411143e-08
3032.032,15.0,2.662340284928205e-08
3032.514,15.0,2.6550558548202005e-08
3032.996,15.0,2.6477901324060233e-08
3033.478,15.0,2.640543071388667e-08
3033.96,15.0,2.6333146255852785e-08
3034.442,15.0,2.6261047489266206e-08
3034.925,15.0,2.618898494858126e-08
3035.407,15.0,2.6117256570195853e-08
3035.889,15.0,2.6045712506994533e-08
3036.371,15.0,2.5974352302807103e-08
3036.853,15.0,2.5903175502565737e-08
3037.335,15.0,2.583218165233213e-08
3037.817,15.0,2.5761370299273645e-08
3038.299,15.0,2.569074099167902e-08
3038.781,15.0,2.56202932789396e-08
3039.264,15.0,2.5549881118284312e-08
3039.746,15.0,2.547979562228807e-08
3040.228,15.0,2.5409890375030225e-08
3040.71,15.0,2.534016493032219e-08
3041.192,15.0,2.5270618843065193e-08
3041.674,15.0,2.5201251669257106e-08
3042.156,15.0,2.513206296597836e-08
3042.638,15.0,2.5063052291409467e-08
3043.121,15.0,2.4994076581868932e-08
3043.603,15.0,2.4925421010642746e-08
3044.085,15.0,2.4856942148235756e-08
3044.567,15.0,2.478863955714679e-08
3045.049,15.0,2.4720512800947966e-08
3045.531,15.0,2.4652561444286385e-08
3046.013,15.0,2.458478505287455e-08
3046.495,15.0,2.451718319349229e-08
3046.978,15.0,2.4449615723042207e-08
3047.459,15.0,2.438250134324905e-08
3047.942,15.0,2.4315281499146014e-08
3048.424,15.0,2.4248373814987014e-08
3048.906,15.0,2.4181638511768974e-08
3049.388,15.0,2.4115075162614462e-08
3049.87,15.0,2.4048683341688175e-08
3050.352,15.0,2.3982462624208448e-08
3050.834,15.0,2.3916412586435617e-08
3051.316,15.0,2.3850532805662762e-08
3051.799,15.0,2.3784686708788508e-08
3052.281,15.0,2.3719146529103398e-08
3052.763,15.0,2.3653775343651e-08
3053.245,15.0,2.3588572733867118e-08
3053.727,15.0,2.3523538282210786e-08
3054.209,15.0,2.3458671572165915e-08
3054.691,15.0,2.339397218823541e-08
3055.173,15.0,2.332943971594682e-08
3055.656,15.0,2.3264940375260144e-08
3056.138,15.0,2.3200740831034348e-08
3056.62,15.0,2.313670696025999e-08
3057.102,15.0,2.3072838352512936e-08
3057.584,15.0,2.3009134598376874e-08
3058.066,15.0,2.2945595289439227e-08
3058.548,15.0,2.288222001829283e-08
3059.03,15.0,2.2819008378526563e-08
3059.512,15.0,2.2755959964720716e-08
3059.995,15.0,2.2692944073398243e-08
3060.477,15.0,2.2630221235800178e-08
3060.959,15.0,2.2567660413040845e-08
3061.441,15.0,2.2505261203670696e-08
3061.923,15.0,2.2443023207222553e-08
3062.405,15.0,2.2380946024211298e-08
3062.887,15.0,2.231902925612838e-08
3063.369,15.0,2.225727250544602e-08
3063.852,15.0,2.219554774638538e-08
3064.334,15.0,2.2134110171743415e-08
3064.816,15.0,2.2072831426934825e-08
3065.298,15.0,2.2011711118313416e-08
3065.78,15.0,2.1950748853198773e-08
3066.262,15.0,2.1889944239874332e-08
3066.744,15.0,2.1829296887583503e-08
3067.226,15.0,2.1768806406527126e-08
3067.708,15.0,2.170847240785914e-08
3068.191,15.0,2.1648169815258108e-08
3068.673,15.0,2.1588147941287013e-08
3069.155,15.0,2.1528281388077908e-08
3069.637,15.0,2.1468569770588197e-08
3070.119,15.0,2.1409012704712232e-08
3070.601,15.0,2.1349609807292617e-08
3071.083,15.0,2.129036069610155e-08
3071.565,15.0,2.123126498985526e-08
3072.048,15.0,2.117220017928642e-08
3072.53,15.0,2.1113410459103643e-08
3073.012,15.0,2.105477300481686e-08
3073.494,15.0,2.0996287438863854e-08
3073.976,15.0,2.093795338460769e-08
3074.458,15.0,2.087977046633262e-08
3074.94,15.0,2.0821738309245716e-08
3075.422,15.0,2.076385653946426e-08
3075.905,15.0,2.0706005164287554e-08
3076.386,15.0,2.064854267090062e-08
3076.869,15.0,2.0590990828567717e-08
3077.351,15.0,2.053370719607012e-08
3077.833,15.0,2.0476572094416544e-08
3078.315,15.0,2.041958515519602e-08
3078.797,15.0,2.0362746010890693e-08
3079.279,15.0,2.0306054294890177e-08
3079.761,15.0,2.0249509641474606e-08
3080.243,15.0,2.0193111685824505e-08
3080.726,15.0,2.0136743511262686e-08
3081.208,15.0,2.008063816271618e-08
3081.69,15.0,2.0024678422069313e-08
3082.172,15.0,1.9968863928064937e-08
3082.654,15.0,1.9913194320321937e-08
3083.136,15.0,1.9857669239350185e-08
3083.618,15.0,1.9802288326533792e-08
3084.1,15.0,1.9747051224137082e-08
3084.583,15.0,1.969184342199532e-08
3085.065,15.0,1.9636893167242743e-08
3085.547,15.0,1.958208565420845e-08
3086.029,15.0,1.9527420528646218e-08
3086.511,15.0,1.947289743717832e-08
3086.993,15.0,1.9418516027291198e-08
3087.475,15.0,1.936427594733205e-08
3087.957,15.0,1.9310176846508193e-08
3088.439,15.0,1.9256218374889385e-08
3088.922,15.0,1.9202288672977078e-08
3089.404,15.0,1.9148610703344177e-08
3089.886,15.0,1.909507231752521e-08
3090.368,15.0,1.904167316900116e-08
3090.85,15.0,1.8988412912098392e-08
3091.332,15.0,1.893529120199397e-08
3091.814,15.0,1.8882307694703927e-08
3092.296,15.0,1.8829462047085054e-08
3092.779,15.0,1.8776644706584084e-08
3093.261,15.0,1.8724074036486606e-08
3093.743,15.0,1.8671640200961757e-08
3094.225,15.0,1.861934286021346e-08
3094.707,15.0,1.8567181675276975e-08
3095.189,15.0,1.851515630801939e-08
3095.671,15.0,1.8463266421131874e-08
3096.153,15.0,1.8411511678132406e-08
3096.635,15.0,1.835989174336143e-08
3097.118,15.0,1.8308299605220308e-08
3097.6,15.0,1.825694856115553e-08
3098.082,15.0,1.820573132256409e-08
3098.564,15.0,1.81546475570571e-08
3099.046,15.0,1.8103696933062345e-08
3099.528,15.0,1.8052879119813675e-08
3100.01,15.0,1.800219378735939e-08
3100.492,15.0,1.7951640606544873e-08
3100.975,15.0,1.7901114777206796e-08
3101.457,15.0,1.7850825187921058e-08
3101.939,15.0,1.780066676697537e-08
3102.421,15.0,1.775063918842732e-08
3102.903,15.0,1.770074212713505e-08
3103.385,15.0,1.7650975258748457e-08
3103.867,15.0,1.7601338259712996e-08
3104.349,15.0,1.755183080725973e-08
3104.832,15.0,1.7502350269066067e-08
3105.313,15.0,1.745320325499092e-08
3105.796,15.0,1.7403980736766842e-08
3106.278,15.0,1.735498852452153e-08
3106.76,15.0,1.7306124256168402e-08
3107.242,15.0,1.725738761364529e-08
3107.724,15.0,1.7208778279670858e-08
3108.206,15.0,1.7160295937738742e-08
3108.688,15.0,1.7111940272114687e-08
3109.17,15.0,1.7063710967837683e-08
3109.653,15.0,1.7015508042230916e-08
3110.135,15.0,1.696753077936592e-08
3110.617,15.0,1.6919678936922e-08
3111.099,15.0,1.6871952203003802e-08
3111.581,15.0,1.6824350266482962e-08
3112.063,15.0,1.6776872816983412e-08
3112.545,15.0,1.6729519544893873e-08
3113.027,15.0,1.6682290141360475e-08
3113.51,15.0,1.6635086696535304e-08
3113.992,15.0,1.6588104361942508e-08
3114.474,15.0,1.654124497321621e-08
3114.956,15.0,1.6494508224504748e-08
3115.438,15.0,1.6447893810710737e-08
3115.92,15.0,1.640140142747578e-08
3116.402,15.0,1.6355030771185094e-08
3116.884,15.0,1.630878153896914e-08
3117.366,15.0,1.6262653428695537e-08
3117.849,15.0,1.6216550813544783e-08
3118.331,15.0,1.6170664293440223e-08
3118.813,15.0,1.612489799268099e-08
3119.295,15.0,1.6079251612077236e-08
3119.777,15.0,1.6033724853170913e-08
3120.259,15.0,1.5988317418228615e-08
3120.741,15.0,1.594302901025239e-08
3121.223,15.0,1.5897859332960134e-08
3121.706,15.0,1.5852714746400997e-08
3122.188,15.0,1.5807781889335293e-08
3122.67,15.0,1.576296687784524e-08
3123.152,15.0,1.5718269418540144e-08
3123.634,15.0,1.5673689218737433e-08
3124.116,15.0,1.5629225986476798e-08
3124.598,15.0,1.5584879430510803e-08
3125.08,15.0,1.5540649260297345e-08
3125.562,15.0,1.5496535186010083e-08
3126.045,15.0,1.5452445755992497e-08
3126.527,15.0,1.5408563246260177e-08
3127.009,15.0,1.5364795966606272e-08
3127.491,15.0,1.5321143630023862e-08
3127.973,15.0,1.5277605950203105e-08
3128.455,15.0,1.5234182641535324e-08
3128.937,15.0,1.519087341911249e-08
3129.419,15.0,1.514767799871332e-08
3129.902,15.0,1.510450683308533e-08
3130.384,15.0,1.5061538401500206e-08
3130.866,15.0,1.5018682922861797e-08
3131.348,15.0,1.4975940115722543e-08
3131.83,15.0,1.493330969931656e-08
3132.312,15.0,1.489079139356611e-08
3132.794,15.0,1.4848384919080635e-08
3133.276,15.0,1.4806089997142648e-08
3133.759,15.0,1.476381894725814e-08
3134.24,15.0,1.4721833699463844e-08
3134.723,15.0,1.4679784826645561e-08
3135.205,15.0,1.4637933570207221e-08
3135.687,15.0,1.4596192482351096e-08
3136.169,15.0,1.4554561288422581e-08
3136.651,15.0,1.4513039714437167e-08
3137.133,15.0,1.4471627487078283e-08
3137.615,15.0,1.4430324333693235e-08
3138.097,15.0,1.4389129982300375e-08
3138.58,15.0,1.4347959033914601e-08
3139.062,15.0,1.4306981697528233e-08
3139.544,15.0,1.4266112350590708e-08
3140.026,15.0,1.4225350723768667e-08
3140.508,15.0,1.4184696548378088e-08
3140.99,15.0,1.4144149556392405e-08
3141.472,15.0,1.4103709480440315e-08
3141.954,15.0,1.4063376053799676e-08
3142.437,15.0,1.4023065662206487e-08
3142.919,15.0,1.398294495651735e-08
3143.401,15.0,1.3942930103328832e-08
3143.883,15.0,1.3903020838515846e-08
3144.365,15.0,1.3863216898595586e-08
3144.847,15.0,1.3823518020728225e-08
3145.329,15.0,1.3783923942718067e-08
3145.811,15.0,1.3744434403006464e-08
3146.293,15.0,1.3705049140670919e-08
3146.776,15.0,1.3665686507015592e-08
3147.258,15.0,1.3626509234212428e-08
3147.74,15.0,1.3587435459300576e-08
3148.222,15.0,1.3548464923897747e-08
3148.704,15.0,1.350959737025069e-08
3149.186,15.0,1.347083254123579e-08
3149.668,15.0,1.3432170180352229e-08
3150.15,15.0,1.3393610031733016e-08
3150.633,15.0,1.3355072157156616e-08
3151.115,15.0,1.331671587867757e-08
3151.597,15.0,1.3278461048057789e-08
3152.079,15.0,1.324030741191203e-08
3152.561,15.0,1.3202254717475596e-08
3153.043,15.0,1.316430271259864e-08
3153.525,15.0,1.3126451145747681e-08
3154.007,15.0,1.3088699765999117e-08
3154.49,15.0,1.3050970311728104e-08
3154.972,15.0,1.3013418762430047e-08
3155.454,15.0,1.2975966650619672e-08
3155.936,15.0,1.2938613727815417e-08
3156.418,15.0,1.2901359746141636e-08
3156.9,15.0,1.2864204458326549e-08
3157.382,15.0,1.2827147617700585e-08
3157.864,15.0,1.2790188978198751e-08
3158.346,15.0,1.2753328294350632e-08
3158.829,15.0,1.2716489150959411e-08
3159.311,15.0,1.2679823846369095e-08
3159.793,15.0,1.2643255764113126e-08
3160.275,15.0,1.260678466110632e-08
3160.757,15.0,1.25704102948608e-08
3161.239,15.0,1.2534132423479713e-08
3161.721,15.0,1.2497950805653885e-08
3162.203,15.0,1.246186520066519e-08
3162.686,15.0,1.2425800800067193e-08
3163.167,15.0,1.2389981069249462e-08
3163.65,15.0,1.23541078914091e-08
3164.132,15.0,1.2318404139243637e-08
3164.614,15.0,1.2282795204596855e-08
3165.096,15.0,1.2247280850249295e-08
3165.578,15.0,1.2211860839555695e-08
3166.06,15.0,1.2176534936455624e-08
3166.542,15.0,1.214130290545915e-08
3167.024,15.0,1.2106164511649475e-08
3167.507,15.0,1.2071046910165963e-08
3167.989,15.0,1.2036095281329971e-08
3168.471,15.0,1.200123658788429e-08
3168.953,15.0,1.1966470597194219e-08
3169.435,15.0,1.1931797077196208e-08
3169.917,15.0,1.1897215796390998e-08
3170.399,15.0,1.1862726523840846e-08
3170.881,15.0,1.1828329029176403e-08
3171.364,15.0,1.1793952003426307e-08
3171.846,15.0,1.1759737564874887e-08
3172.328,15.0,1.1725614215980535e-08
3172.81,15.0,1.169158172860488e-08
3173.292,15.0,1.1657639875174666e-08
3173.774,15.0,1.1623788428662198e-08
3174.256,15.0,1.15900271625988e-08
3174.738,15.0,1.1556355851066578e-08
3175.22,15.0,1.1522774268696747e-08
3175.703,15.0,1.14892127979165e-08
3176.185,15.0,1.1455810184959091e-08
3176.667,15.0,1.1422496627888314e-08
3177.149,15.0,1.1389271903521732e-08
3177.631,15.0,1.1356135789228478e-08
3178.113,15.0,1.1323088062916045e-08
3178.595,15.0,1.1290128503032668e-08
3179.077,15.0,1.125725688856713e-08
3179.56,15.0,1.122440507371782e-08
3180.042,15.0,1.119170887052797e-08
3180.524,15.0,1.1159099952495219e-08
3181.006,15.0,1.1126578100753663e-08
3181.488,15.0,1.1094143096976237e-08
3181.97,15.0,1.1061794723362691e-08
3182.452,15.0,1.1029532762644163e-08
3182.934,15.0,1.0997356998084015e-08
3183.417,15.0,1.0965200726380304e-08
3183.899,15.0,1.0933196883741988e-08
3184.381,15.0,1.0901278589761543e-08
3184.863,15.0,1.0869445629807891e-08
3185.345,15.0,1.0837697789768832e-08
3185.827,15.0,1.0806034856058874e-08
3186.309,15.0,1.0774456615607867e-08
3186.791,15.0,1.0742962855867736e-08
3187.273,15.0,1.0711553364805909e-08
3187.756,15.0,1.0680163027612999e-08
3188.238,15.0,1.0648921613616595e-08
3188.72,15.0,1.0617763834863982e-08
3189.202,15.0,1.0586689481382487e-08
3189.684,15.0,1.0555698343712806e-08
3190.166,15.0,1.0524790212905122e-08
3190.648,15.0,1.0493964880519026e-08
3191.13,15.0,1.0463222138620335e-08
3191.613,15.0,1.0432498254573238e-08
3192.094,15.0,1.0401983597087025e-08
3192.577,15.0,1.0371424199024792e-08
3193.059,15.0,1.0341009919281133e-08
3193.541,15.0,1.0310677197506625e-08
3194.023,15.0,1.0280425828790508e-08
3194.505,15.0,1.0250255608722887e-08
3194.987,15.0,1.0220166333387392e-08
3195.469,15.0,1.0190157799365011e-08
3195.951,15.0,1.0160229803736524e-08
3196.434,15.0,1.0130320302836793e-08
3196.916,15.0,1.0100552943246735e-08
3197.398,15.0,1.0070865515826427e-08
3197.88,15.0,1.0041257819625556e-08
3198.362,15.0,1.001172965418184e-08
3198.844,15.0,9.982280819522753e-09
3199.326,15.0,9.952911116159231e-09
3199.808,15.0,9.923620345094168e-09
3200.291,15.0,9.89434778362968e-09
3200.773,15.0,9.86521444482643e-09
3201.255,15.0,9.836159443814314e-09
3201.737,15.0,9.807182583523538e-09
3202.219,15.0,9.7782836673678e-09
3202.701,15.0,9.749462499239423e-09
3203.183,15.0,9.720718883504825e-09
3203.665,15.0,9.692052625011446e-09
3204.147,15.0,9.663463529078071e-09
3204.63,15.0,9.634892327583107e-09
3205.112,15.0,9.606457133712537e-09
3205.594,15.0,9.578098520804715e-09
3206.076,15.0,9.549816296071199e-09
3206.558,15.0,9.521610267192676e-09
3207.04,15.0,9.493480242319818e-09
3207.522,15.0,9.465426030069141e-09
3208.004,15.0,9.437447439521458e-09
3208.487,15.0,9.409486468133254e-09
3208.969,15.0,9.381658706008127e-09
3209.451,15.0,9.353905995226513e-09
3209.933,15.0,9.326228146729215e-09
3210.415,15.0,9.298624971910262e-09
3210.897,15.0,9.271096282629622e-09
3211.379,15.0,9.243641891201627e-09
3211.861,15.0,9.216261610395598e-09
3212.344,15.0,9.18889867796299e-09
3212.826,15.0,9.16166621133463e-09
3213.308,15.0,9.134507295993062e-09
3213.79,15.0,9.107421746529084e-09
3214.272,15.0,9.080409377985462e-09
3214.754,15.0,9.05347000585241e-09
3215.236,15.0,9.026603446073536e-09
3215.718,15.0,8.999809515039884e-09
3216.2,15.0,8.973088029586636e-09
3216.683,15.0,8.946383593145288e-09
3217.165,15.0,8.919806600507715e-09
3217.647,15.0,8.893301506258585e-09
3218.129,15.0,8.866868129014073e-09
3218.611,15.0,8.840506287833513e-09
3219.093,15.0,8.814215802215045e-09
3219.575,15.0,8.787996492096525e-09
3220.057,15.0,8.761848177856127e-09
3220.54,15.0,8.735716651103836e-09
3221.021,15.0,8.709763820699602e-09
3221.504,15.0,8.683773683881741e-09
3221.986,15.0,8.657907711279886e-09
3222.468,15.0,8.632111842613048e-09
3222.95,15.0,8.606385900867421e-09
3223.432,15.0,8.580729709461005e-09
3223.914,15.0,8.555143092242145e-09
3224.396,15.0,8.529625873487798e-09
3224.878,15.0,8.504177877902499e-09
3225.361,15.0,8.47874634885514e-09
3225.843,15.0,8.453436418140134e-09
3226.325,15.0,8.428195186906964e-09
3226.807,15.0,8.403022481562045e-09
3227.289,15.0,8.377918128935684e-09
3227.771,15.0,8.352881956280175e-09
3228.253,15.0,8.327913791267195e-09
3228.735,15.0,8.303013461991886e-09
3229.218,15.0,8.2781293471297e-09
3229.7,15.0,8.253364315126276e-09
3230.182,15.0,8.228666605291638e-09
3230.664,15.0,8.204036047386673e-09
3231.146,15.0,8.179472471588814e-09
3231.628,15.0,8.154975708489277e-09
3232.11,15.0,8.130545589089075e-09
3232.592,15.0,8.10618194480364e-09
3233.074,15.0,8.081884607459479e-09
3233.557,15.0,8.057603205730617e-09
3234.039,15.0,8.033438116076297e-09
3234.521,15.0,8.009338830947425e-09
3235.003,15.0,7.985305183801697e-09
3235.485,15.0,7.961337008502749e-09
3235.967,15.0,7.937434139319934e-09
3236.449,15.0,7.91359641092573e-09
3236.931,15.0,7.88982365839751e-09
3237.414,15.0,7.866066597866822e-09
3237.896,15.0,7.84242343785113e-09
3238.378,15.0,7.81884476099471e-09
3238.86,15.0,7.795330403972744e-09
3239.342,15.0,7.77188020386277e-09
3239.824,15.0,7.74849399813441e-09
3240.306,15.0,7.725171624656376e-09
3240.788,15.0,7.701912921693719e-09
3241.271,15.0,7.678669670998238e-09
3241.753,15.0,7.655537956687335e-09
3242.235,15.0,7.63246942970695e-09
3242.717,15.0,7.609463929891754e-09
3243.199,15.0,7.586521297464155e-09
3243.681,15.0,7.563641373037556e-09
3244.163,15.0,7.540823997616093e-09
3244.645,15.0,7.518069012586157e-09
3245.127,15.0,7.49537625972419e-09
3245.61,15.0,7.47269869399396e-09
3246.092,15.0,7.450130060630769e-09
3246.574,15.0,7.42762318674556e-09
3247.056,15.0,7.405177915651468e-09
3247.538,15.0,7.382794091041801e-09
3248.02,15.0,7.360471556992421e-09
3248.502,15.0,7.338210157956888e-09
3248.984,15.0,7.316009738771334e-09
3249.467,15.0,7.293824274997826e-09
3249.948,15.0,7.2717912211697085e-09
3250.431,15.0,7.2497271957660565e-09
3250.913,15.0,7.2277692769356555e-09
3251.395,15.0,7.205871567457758e-09
3251.877,15.0,7.184033914422246e-09
3252.359,15.0,7.162256165289501e-09
3252.841,15.0,7.140538167894428e-09
3253.323,15.0,7.118879770440858e-09
3253.805,15.0,7.097280821502368e-09
3254.288,15.0,7.075696543483449e-09
3254.77,15.0,7.054216161328111e-09
3255.252,15.0,7.032794775308958e-09
3255.734,15.0,7.011432235471148e-09
3256.216,15.0,6.990128392225843e-09
3256.698,15.0,6.9688830963473915e-09
3257.18,15.0,6.947696198975812e-09
3257.662,15.0,6.92656755161269e-09
3258.145,15.0,6.905453351589561e-09
3258.627,15.0,6.88444088027724e-09
3259.109,15.0,6.863486215339263e-09
3259.591,15.0,6.842589209722191e-09
3260.073,15.0,6.82174971672728e-09
3260.555,15.0,6.80096759001475e-09
3261.037,15.0,6.78024268360275e-09
3261.519,15.0,6.759574851863295e-09
3262.001,15.0,6.738963949525318e-09
3262.484,15.0,6.7183672471985094e-09
3262.966,15.0,6.697869886621014e-09
3263.448,15.0,6.677429021449654e-09
3263.93,15.0,6.657044507823557e-09
3264.412,15.0,6.636716202233561e-09
3264.894,15.0,6.6164439615194425e-09
3265.376,15.0,6.5962276428693794e-09
3265.858,15.0,6.576067103821498e-09
3266.341,15.0,6.5559205485821955e-09
3266.823,15.0,6.535871257725107e-09
3267.305,15.0,6.515877320868054e-09
3267.787,15.0,6.4959385969333836e-09
3268.269,15.0,6.476054945184411e-09
3268.751,15.0,6.4562262252311215e-09
3269.233,15.0,6.436452297024151e-09
3269.715,15.0,6.4167330208552595e-09
3270.198,15.0,6.3970275156620724e-09
3270.68,15.0,6.377417238472381e-09
3271.162,15.0,6.35786119595016e-09
3271.644,15.0,6.3383592497450445e-09
3272.126,15.0,6.3189112618462596e-09
3272.608,15.0,6.299517094576721e-09
3273.09,15.0,6.28017661059568e-09
3273.572,15.0,6.2608896728982025e-09
3274.054,15.0,6.241656144813465e-09
3274.537,15.0,6.222436152225453e-09
3275.019,15.0,6.203309144784097e-09
3275.501,15.0,6.1842351386550804e-09
3275.983,15.0,6.165213998496365e-09
3276.465,15.0,6.146245589294015e-09
3276.947,15.0,6.127329776364741e-09
3277.429,15.0,6.108466425354091e-09
3277.911,15.0,6.0896554022341615e-09
3278.394,15.0,6.070857708735393e-09
3278.875,15.0,6.052189805190778e-09
3279.358,15.0,6.033496315740167e-09
3279.84,15.0,6.014893377753471e-09
3280.322,15.0,5.996342102132831e-09
3280.804,15.0,5.9778423567989656e-09
3281.286,15.0,5.959394009996532e-09
3281.768,15.0,5.940996930292465e-09
3282.25,15.0,5.922650986571023e-09
3282.732,15.0,5.904356048040616e-09
3283.215,15.0,5.8860741862637596e-09
3283.697,15.0,5.867880972150439e-09
3284.179,15.0,5.849738372486652e-09
3284.661,15.0,5.831646257749822e-09
3285.143,15.0,5.813604498734675e-09
3285.625,15.0,5.7956129665518155e-09
3286.107,15.0,5.7776715326217675e-09
3286.589,15.0,5.759780068684387e-09
3287.072,15.0,5.741901482697287e-09
3287.554,15.0,5.72410967821373e-09
3288.036,15.0,5.706367460544318e-09
3288.518,15.0,5.6886747026730195e-09
3289.0,15.0,5.671031277894636e-09
3289.482,15.0,5.653437059812688e-09
3289.964,15.0,5.635891922340378e-09
3290.446,15.0,5.618395739695726e-09
3290.928,15.0,5.600948386407745e-09
3291.411,15.0,5.583513691065166e-09
3291.893,15.0,5.566163721948468e-09
3292.375,15.0,5.548862207342227e-09
3292.857,15.0,5.531609022995153e-09
3293.339,15.0,5.514404044956492e-09
3293.821,15.0,5.497247149580191e-09
3294.303,15.0,5.480138213520439e-09
3294.785,15.0,5.463077113733729e-09
3295.268,15.0,5.446028479506448e-09
3295.75,15.0,5.429062782942193e-09
3296.232,15.0,5.412144555063288e-09
3296.714,15.0,5.395273674023395e-09
3297.196,15.0,5.378450018272011e-09
3297.678,15.0,5.361673466558123e-09
3298.16,15.0,5.344943897923289e-09
3298.642,15.0,5.328261191706016e-09
3299.125,15.0,5.311590761596383e-09
3299.607,15.0,5.295001516009102e-09
