wavenumber_cm-1,observed_reflectance_fraction,airy_reflectance_fraction,double_beam_comparison_fraction,airy_residual_fraction,third_beam_ratio_percent
1500.347,0.39205888710000003,0.30350405180384804,0.304754738819835,0.08855483529615199,0.0030087735502311135
1500.829,0.391869392,0.30376553416845725,0.30505432668612975,0.08810385783154273,0.0030003500188556897
1501.311,0.3917747453,0.3040235129589882,0.3053500229016879,0.08775123234101179,0.0029919567341742466
1501.793,0.3918415553,0.30427798654415894,0.30564181821557823,0.08756356875584104,0.0029835935651881386
1502.276,0.3916938948,0.3045294704690447,0.30593029684500483,0.08716442433095528,0.0029752431238784316
1502.758,0.39170059100000004,0.30477692204629336,0.30621425552733506,0.08692366895370668,0.0029669398577414382
1503.24,0.3916080769,0.30502086438303255,0.30649428713254045,0.08658721251696744,0.0029586663179984652
1503.722,0.3914858299,0.3052612964183384,0.3067703834727359,0.08622453348166165,0.0029504223762806367
1504.204,0.3915002911,0.3054982172308697,0.3070425366251933,0.08600207386913034,0.0029422079048666435
1504.686,0.3914835867,0.30573162603772885,0.3073107389321268,0.08575196066227114,0.0029340227766791053
1505.168,0.3915595262,0.3059615221933364,0.3075749830004592,0.08559800400666362,0.002925866865280767
1505.65,0.3918849317,0.3061879051883233,0.3078352617015758,0.08569702651167671,0.0029177400448709098
1506.133,0.39163654010000004,0.3064112333807131,0.3080920957934795,0.08522530671928696,0.002909625419776771
1506.615,0.39230638970000004,0.3066305817755992,0.30834441516933525,0.08567580792440083,0.0029015564661769087
1507.097,0.3925653979,0.30684641628809,0.3085927493633476,0.08571898161191,0.002893516229689198
1507.579,0.39310005859999997,0.30705873694316566,0.30883709230253686,0.08604132165683431,0.002885504587023674
1508.061,0.39330949699999995,0.30726754389671185,0.30907743817693,0.0860419531032881,0.0028775214155087967
1508.543,0.3931080318,0.30747283743450704,0.3093137814392262,0.08563519436549294,0.0028695665930878115
1509.025,0.3931055508,0.3076746179712257,0.3095461168044463,0.08543093282877429,0.0028616399983152846
1509.507,0.3930076254,0.3078728860494554,0.3097744392495699,0.08513473935054461,0.0028537415103536425
1509.99,0.3928415043,0.3080680427474626,0.3099992051962036,0.0847734615525374,0.002845854709137357
1510.471,0.39276130600000003,0.30825888763459547,0.3102190265949538,0.08450241836540456,0.0028380283745305904
1510.954,0.392581049,0.3084470087017993,0.3104357272314645,0.08413404029820071,0.002830197303305884
1511.436,0.392492985,0.3086312276178039,0.31064794462583945,0.08386175738219609,0.0028224101034461007
1511.918,0.39221982250000004,0.3088119386762747,0.31085612789320155,0.08340788382372533,0.0028146504149612925
1512.4,0.3922047722,0.3089891431678068,0.31106027357437455,0.0832156290321932,0.0028069181205895876
1512.882,0.39193328190000004,0.3091628425044738,0.31126037846919163,0.08277043939552625,0.0027992131036530155
1513.364,0.39218216390000005,0.3093330382189731,0.31145643963602065,0.08284912568102692,0.0027915352480542164
1513.846,0.39194564309999996,0.30949973196378255,0.311648454391272,0.08244591113621741,0.002783884438273082
1514.328,0.3918866531,0.3096629255103346,0.3118364203088939,0.0822237275896654,0.0027762605593634982
1514.811,0.3916892725,0.30982294843101715,0.3120207125736816,0.08186632406898287,0.002768647763206422
1515.293,0.3915738428,0.3099791401155548,0.31220056615508174,0.08159470268444524,0.002761077458763142
1515.775,0.3914881037,0.31013183762634355,0.31237636515750533,0.08135626607365642,0.002753533743530148
1516.257,0.3916754468,0.3102810432029076,0.31254810818026435,0.08139440359709238,0.0027460165048260733
1516.739,0.3913843691,0.31042675919981555,0.3127157940774814,0.08095760990018447,0.002738525630527351
1517.221,0.39121594870000004,0.3105689880859446,0.31287942195750384,0.08064696061405546,0.002731061009065222
1517.703,0.3910886843,0.31070773244375816,0.31303899118230594,0.08038095185624183,0.002723622529422429
1518.185,0.3911664738,0.31084299496859746,0.31319450136687516,0.08032347883140256,0.002716210081130249
1518.667,0.3908612147,0.310974778467989,0.31334595237858864,0.07988643623201103,0.002708823554265268
1519.15,0.3910422412,0.31110334844755994,0.3134936459098606,0.07993889275244004,0.0027014475950097477
1519.632,0.39074287750000003,0.3112281755616735,0.31363697076440344,0.07951470193832655,0.0026941126366084485
1520.114,0.39063308880000003,0.31134953274594723,0.31377623755766276,0.0792835560540528,0.0026868032728814767
1520.596,0.3906849477,0.3114674232502335,0.3139114471605823,0.07921752444976649,0.002679519396057439
1521.078,0.39044661529999997,0.31158185043331865,0.31404260069317647,0.07886476486668131,0.0026722608988950223
1521.56,0.39024945850000003,0.31169281776231555,0.3141696995238275,0.07855664073768448,0.002665027674680078
1522.042,0.3904848195,0.31180032881206976,0.3142927452685714,0.07868449068793026,0.0026578196172227014
1522.524,0.39013171900000004,0.3119043872645795,0.31441173979037174,0.07822733173542057,0.0026506366208542452
1523.007,0.3900608615,0.3120052020597901,0.31452691946688155,0.07805565944020992,0.002643463755587028
1523.489,0.39000449000000004,0.3121023596465986,0.31463780972253763,0.07790213035340143,0.0026363306179111447
1523.971,0.3899422009,0.3121960763278911,0.3147446558238988,0.07774612457210889,0.0026292222272011005
1524.453,0.3898746044,0.3122863562089697,0.31484746061462954,0.07758824819103027,0.00262213847984521
1524.935,0.3899180551,0.31237320349959324,0.31494622718150256,0.07754485160040675,0.0026150792727386582
1525.417,0.38962932870000005,0.3124566225134787,0.3150409588536001,0.07717270618652133,0.002608044503280557
1525.899,0.3893360498,0.31253661766781476,0.3151316592015009,0.07679943213218521,0.002601034069371172
1526.381,0.38937366009999996,0.31261319348279,0.31521833203645777,0.07676046661720998,0.0025940478694091284
1526.864,0.38912504740000003,0.3126865028213176,0.3153011487018506,0.07643854457868243,0.0025870713831821035
1527.346,0.3887505676,0.3127562468581583,0.3153797705692809,0.0759943207418417,0.0025801333980452748
1527.828,0.38887518530000004,0.31282258573978483,0.3154543778028016,0.0760525995602152,0.0025732193448068062
1528.31,0.3886468264,0.3128855243941231,0.3155249751683865,0.07576130200587688,0.0025663291238320896
1528.792,0.3884641069,0.3129450678499254,0.31559156766839,0.07551903905007462,0.002559462635971095
1529.274,0.3882072856,0.3130012212363743,0.31565416054065654,0.0752060643636257,0.0025526197825557653
1529.756,0.3880703572,0.31305398978269827,0.3157127592576152,0.07501636741730172,0.0025458004653972034
1530.238,0.38783819970000005,0.3131033788177988,0.31576736952536655,0.07473482088220124,0.0025390045867831248
1530.72,0.38759725289999997,0.3131493937698908,0.3158179972827564,0.07444785913010915,0.0025322320494751875
1531.203,0.3871955246,0.3131921251464379,0.3158647413586221,0.0740033994535621,0.00252546877811993
1531.685,0.3871721063,0.3132314016415628,0.31590741460854,0.07394070465843716,0.0025187426815173153
1532.167,0.3868877952,0.3132673209427559,0.3159461245656805,0.0736204742572441,0.0025120396371247117
1532.649,0.3866887296,0.31329988887232146,0.31598087809086983,0.07338884072767854,0.002505359549574291
1533.131,0.38661778329999996,0.3133291113502521,0.31601168227288556,0.07328867194974786,0.0024987023239591553
1533.613,0.38639617600000004,0.3133549943939378,0.3160385444274684,0.07304118160606221,0.00249206786583081
1534.095,0.3863670752,0.31337754411788654,0.3160614720963202,0.07298953108211348,0.0024854560811965742
1534.577,0.3860272777,0.3133967667334574,0.31608047304609393,0.0726305109665426,0.002478866876517153
1535.06,0.3859250918,0.3134126980923848,0.3160955824904415,0.0725123937076152,0.0024722865581188872
1535.542,0.3855385116,0.31342527864178404,0.31610674609229417,0.07211323295821598,0.002465742280897114
1536.024,0.38550877370000003,0.31343455130905074,0.3161140076321996,0.0720742223909493,0.0024592203055164947
1536.506,0.3850810847,0.31344052269067935,0.31611737576675786,0.07164056200932067,0.002452720540227207
1536.988,0.38473007189999997,0.3134431994788366,0.3161168593723114,0.07128687242116338,0.002446242893720319
1537.47,0.38457497420000003,0.31344258846115564,0.3161124675438737,0.0711323857388444,0.0024397872751254985
1537.952,0.38446695750000004,0.3134386965205435,0.3161042095940477,0.07102826097945653,0.002433353594008569
1538.434,0.3841132207,0.313431530634997,0.31609209505193725,0.07068169006500297,0.002426941760369123
1538.917,0.3839779267,0.31342107284175713,0.31607609655521474,0.0705568538582429,0.0024205384497749203
1539.398,0.3838009349,0.31340740541550327,0.3160563353831649,0.07039352948449673,0.0024141832776754814
1539.881,0.3836205793,0.3133904219802647,0.3160326574020549,0.07023015731973531,0.00240782330544829
1540.363,0.3832841937,0.3133702252660337,0.3160052081663739,0.0699139684339663,0.0024014980148039673
1540.845,0.38293135739999995,0.31334679093301154,0.31597395321479255,0.0695845664669884,0.0023951941278767706
1541.327,0.38255329019999995,0.3133201265266171,0.3159389033524192,0.06923316367338284,0.0023889115572202613
1541.809,0.3825323593,0.31329023968634395,0.31590006959296413,0.06924211961365606,0.002382650215805352
1542.291,0.38218806809999994,0.3132571381456529,0.3158574631575762,0.06893092995434702,0.0023764100170181397
1542.773,0.38183940790000004,0.3132208297318714,0.31581109547366815,0.06861857816812866,0.0023701908746575654
1543.255,0.3815771093,0.3131813223661053,0.3157609781737357,0.0683957869338947,0.002363992702933152
1543.738,0.3809540228,0.313138532166106,0.3157070074845451,0.06781549063389403,0.0023578026221669425
1544.22,0.38092420660000004,0.3130926444395128,0.31564941894732523,0.06783156216048725,0.002351646179040846
1544.702,0.3803622875,0.31304358210325745,0.31558811693572275,0.06731870539674256,0.0023455104514458784
1545.184,0.3801952892,0.31299135345301865,0.31552311389098964,0.06720393574698136,0.002339395355212649
1545.666,0.3799304492,0.31293596687792724,0.315454422453421,0.06699448232207278,0.0023333008065712494
1546.148,0.37964591059999997,0.3128774308605274,0.3153820554611233,0.06676847973947259,0.0023272267221492596
1546.63,0.3793437637,0.3128157539767425,0.31530602594877366,0.06652800972325751,0.002321173018969405
1547.112,0.37900972629999996,0.3127509448958508,0.31522634714637165,0.06625878140414915,0.0023151396144475735
1547.594,0.37857425370000003,0.3126830123804666,0.3151430324779827,0.06589124131953344,0.0023091264263905772
1548.077,0.37830426559999997,0.31261181465452015,0.315055911437656,0.06569245094547982,0.002303120960146682
1548.559,0.3780416263,0.3125376554974516,0.3149653586075199,0.06550397080254838,0.0022971480015129206
1549.041,0.3776756829,0.3124603997725459,0.3148712113645503,0.06521528312745406,0.002291195014921381
1549.523,0.377230178,0.3123800566159255,0.31477348389674964,0.06485012138407453,0.0022852619197224664
1550.005,0.3769162647,0.31229663525706886,0.31467219057978735,0.06461962944293115,0.0022793486356470737
1550.487,0.3767105113,0.31221014501883393,0.3145673459756981,0.06450036628116607,0.0022734550828046062
1550.969,0.3762788826,0.31212059531748815,0.31445896483157204,0.06415828728251183,0.0022675811816808065
1551.451,0.3760062511,0.3120279956627457,0.3143470620782387,0.06397825543725433,0.002261726853135832
1551.934,0.3757032169,0.3119321540808414,0.3142314097562573,0.06377106281915862,0.0022558799331452548
1552.416,0.3751775816,0.3118334771449389,0.3141125020782026,0.06334410445506106,0.002250064554025531
1552.898,0.37485986050000003,0.3117317793663322,0.31399011870489213,0.06312808113366786,0.0022442685121297607
1553.38,0.37422990650000004,0.31162707062920547,0.3138642752891817,0.06260283587079457,0.0022384917297963527
1553.862,0.3740422138,0.3115193609114629,0.3137349876609796,0.06252285288853715,0.002232734129728104
1554.344,0.3736963754,0.3114086602847999,0.3136022718258884,0.06228771511520009,0.0022269956349902768
1554.826,0.3732779745,0.31129497891477964,0.31346614396384165,0.06198299558522036,0.0022212761690086824
1555.308,0.3727876278,0.31117832706091464,0.3133266204277346,0.06160930073908538,0.0022155756555676913
1555.791,0.3725648408,0.3110584638492966,0.3131834177623836,0.061506376950703434,0.0022098822507500516
1556.273,0.37207509270000005,0.31093589607376715,0.3130371456632204,0.061139196626232906,0.0022042194540965497
1556.755,0.3715048373,0.31081038917948484,0.3128875280078139,0.060694448120515165,0.002198575383313618
1557.237,0.37150052359999997,0.3106819538028668,0.31273458182742286,0.06081856979713318,0.0021929499636016603
1557.719,0.3707647304,0.3105506006747576,0.31257832431932137,0.06021412972524243,0.002187343120510122
1558.201,0.37027147380000003,0.31041634062053847,0.3124187728453918,0.05985513317946156,0.0021817547799357186
1558.683,0.3695042495,0.3102791845602396,0.3122559449307125,0.059225064939760375,0.002176184868120536
1559.165,0.3691503419,0.31013914350865524,0.3120898582621394,0.05901119839134478,0.0021706333116501943
1559.647,0.3688522546,0.3099962285754645,0.3119205306868825,0.05885602602453549,0.002165100037452034
1560.13,0.3685261685,0.3098501455542602,0.3117476188849184,0.05867602294573976,0.0021595735496289055
1560.612,0.36816277540000003,0.30970151066314544,0.311571857042351,0.05846126473685459,0.0021540766596688105
1561.094,0.367921195,0.3095500358137595,0.3113929088207096,0.05837115918624047,0.0021485978346459235
1561.576,0.3677195682,0.309395732496782,0.3112107926945973,0.05832383570321803,0.0021431370028370147
1562.058,0.3673041815,0.3092386122984254,0.3110255272917718,0.058065569201574574,0.002137694092851638
1562.54,0.3672296695,0.3090786869005714,0.3108371313916882,0.058150982599428636,0.0021322690336302752
1563.022,0.3666268422,0.30891596808091193,0.3106456239240405,0.057710874119088096,0.002126861754442586
1563.504,0.3662487635,0.30875046771309156,0.3104510239672962,0.05749829578690846,0.002121472184885752
1563.987,0.3657931171,0.3085818457884656,0.3102529374555786,0.05721127131153442,0.0021160891280874094
1564.469,0.3655150562,0.3084108126214211,0.31005220402815015,0.057104243578578906,0.0021107348042644454
1564.951,0.3651654441,0.30823703412965264,0.30984843626559216,0.05692840997034737,0.0021053979806675066
1565.433,0.3649318511,0.3080605225722794,0.3096416538270227,0.05687132852772059,0.0021000785881870204
1565.915,0.36436296939999996,0.30788129030511313,0.30943187651293796,0.05648167909488683,0.002094776558032289
1566.397,0.3639423443,0.3076993497808105,0.3092191242637202,0.056242994519189515,0.0020894918217298185
1566.879,0.3634411293,0.30751471354902754,0.3090034171581436,0.05592641575097246,0.002084224311121678
1567.361,0.36328356390000005,0.30732739425657196,0.30878477541187244,0.05595616964342809,0.0020789739583637838
1567.844,0.3626737529,0.30713700771135277,0.30856275670092737,0.05553674518864721,0.00207372985625196
1568.325,0.3619837988,0.3069447575635681,0.308338769535335,0.055039041236431885,0.002068524456581882
1568.808,0.3616158514,0.3067490580344999,0.3081109719104622,0.0548667933655001,0.0020633144041093746
1569.29,0.36092115550000003,0.3065511294699933,0.3078807905469015,0.054370026030006735,0.002058132045503122
1569.772,0.36045490630000004,0.30635058256892767,0.30764777766501583,0.05410432373107238,0.0020529665100401055
1570.254,0.3598943304,0.3061474305644922,0.3074119542703674,0.053746899835507844,0.002047817731725723
1570.736,0.35932795900000003,0.30594168678811573,0.3071733414948014,0.0533862722118843,0.00204268564486793
1571.218,0.3586921261,0.3057333646696223,0.3069319605949168,0.0529587614303777,0.0020375701840755715
1571.7,0.35838226,0.3055224777373841,0.3066878329505344,0.052859782262615895,0.0020324712842568382
1572.182,0.35762936359999997,0.3053090396184739,0.3064409800631616,0.052320323981526085,0.0020273888806176935
1572.665,0.35751116850000003,0.30509261332859305,0.3061909030070169,0.05241855517140698,0.0020223124153811436
1573.147,0.3570113627,0.304874108891797,0.3059386590758473,0.052137253808203,0.002017262844793293
1573.629,0.35670742070000006,0.3046530947722509,0.30568375516639656,0.05205432592774917,0.0020122295776417907
1574.111,0.35619816530000004,0.3044295849935361,0.3054262132517423,0.05176858030646392,0.0020072125503087955
1574.593,0.35564108769999997,0.30420359367867733,0.30516605541892533,0.05143749402132264,0.002002211699466582
1575.075,0.35509119040000003,0.30397513505028384,0.30490330386739617,0.051116055349716194,0.001997226962075991
1575.557,0.3546046441,0.3037442234306915,0.30463798090746125,0.05086042066930846,0.0019922582753848983
1576.039,0.3540303758,0.30351087324209974,0.3043701089587255,0.050519502557900275,0.0019873055769267594
1576.521,0.35327298890000003,0.3032750990067069,0.30409971054853313,0.049997889893293124,0.0019823688045191162
1577.004,0.35270168329999996,0.30303641869547904,0.30382623953622423,0.04966526460452092,0.00197743770335681
1577.486,0.352125584,0.30279583538084553,0.3035508510845141,0.049329748619154457,0.001972532630353166
1577.968,0.3515320025,0.3025528722181655,0.30327300443168087,0.04897913028183448,0.0019676432984154025
1578.45,0.3509621142,0.30230754413113436,0.3029927225205963,0.048654570068865644,0.0019627696464832416
1578.932,0.3506016497,0.3020598661440753,0.3027100283940392,0.0485417835559247,0.001957911613773231
1579.414,0.3498787215,0.3018098533820557,0.3024249451931246,0.04806886811794431,0.0019530691397772072
1579.896,0.3493880513,0.30155752107099726,0.3021374961557301,0.04783053022900274,0.0019482421642609468
1580.378,0.34910432620000004,0.30130288453778376,0.30184770461492183,0.04780144166221628,0.001943430627262742
1580.861,0.3487028763,0.3010454238018253,0.3015549855643793,0.04765745249817471,0.0019386245345012854
1581.343,0.3481847955,0.30078622050920006,0.3012605746507545,0.04739857499079991,0.001933843727458379
1581.825,0.34753722189999997,0.3005247596143727,0.3009638918373496,0.04701246228562728,0.0019290781805468165
1582.307,0.34718214449999996,0.3002610568492602,0.300664960822392,0.04692108765073977,0.0019243278348814476
1582.789,0.3465206689,0.29999512804720374,0.3003638053913993,0.046525540852796254,0.001919592631842565
1583.271,0.3459202863,0.2997269891430479,0.3000604494155994,0.046193297156952084,0.0019148725130747047
1583.753,0.3453201868,0.29945665617321127,0.29975491685034505,0.04586353062678872,0.001910167420485134
1584.235,0.3447904669,0.2991841452757529,0.29944723173353166,0.045606321624247104,0.0019054772962426112
1584.718,0.34440648490000003,0.2989089005945471,0.29913677322158516,0.04549758430545292,0.0019007923986228633
1585.2,0.343743314,0.2986320782290061,0.29882485109715784,0.04511123577099391,0.001896132069376641
1585.682,0.3430716417,0.29835312699464733,0.2985108490647007,0.04471851470535265,0.0018914865364208391
1586.164,0.34263981190000004,0.29807206343683706,0.2981947914765785,0.04456774846316297,0.0018868557429571502
1586.646,0.34197917930000005,0.29778890420281556,0.29787670275976375,0.044190275097184484,0.0018822396324420442
1587.128,0.3414867425,0.2975036660417254,0.29755660741425005,0.043983076458274595,0.0018776381485854873
1587.61,0.3409796835,0.29721636580463107,0.29723453001146527,0.04376331769536895,0.0018730512353496338
1588.092,0.3402596262,0.2969270204445296,0.2969104951926813,0.04333260575547038,0.0018684788369475237
1588.574,0.33971512070000004,0.2966356470163565,0.2965845276674289,0.043079473683643565,0.0018639208978418126
1589.057,0.3390630376,0.29634165191740025,0.29625597000630954,0.042721385682599755,0.0018593679512568396
1589.539,0.3386538649,0.2960462698074214,0.2959262075808469,0.04260759509257861,0.0018548387948365908
1590.021,0.33786968829999997,0.29574891144185633,0.29559458702291036,0.04212077685814364,0.0018503239324722484
1590.503,0.3372450387,0.2954495942834894,0.2952611332993101,0.04179544441651062,0.0018458233096127082
1590.985,0.33684896340000003,0.29514833589694417,0.2949258714371735,0.041700627503055865,0.00184133687195018
1591.467,0.3365032702,0.29484515394863864,0.2945888265223585,0.04165811625136134,0.001836864565418964
1591.949,0.335520656,0.2945400662067298,0.29425002369786746,0.040980589793270183,0.0018324063361941428
1592.431,0.3349749661,0.29423309054104996,0.2939094881622604,0.040741875558950036,0.0018279621306904008
1592.914,0.3343928143,0.29392360223320235,0.29356653336301536,0.040469212066797655,0.0018235227186869107
1593.396,0.3337546164,0.2936129009125905,0.2932226047515658,0.04014171548740947,0.001819106429640662
1593.878,0.3331117222,0.29330036592479375,0.2928770193948495,0.03981135627520627,0.0018147040048755694
1594.36,0.3325902057,0.29298601554572906,0.29252980269792234,0.03960419015427091,0.0018103153917530409
1594.842,0.3320107622,0.29266986815252727,0.2921809801134823,0.03934089404747271,0.0018059405378680982
1595.324,0.3314470993,0.292351942223408,0.2918305771402875,0.039095157076592,0.0018015793910481522
1595.806,0.3308103849,0.2920322563375458,0.2914786193215767,0.03877812856245416,0.001797231899351768
1596.288,0.3303567851,0.2917108291749262,0.291125132243493,0.038645955925073805,0.0017928980110675846
1596.771,0.329653633,0.2913870073037653,0.2907694034930367,0.03826662569623468,0.0017885687254112596
1597.252,0.32904335160000003,0.29106282624246727,0.29041367285884223,0.03798052535753277,0.0017842708390335249
1597.735,0.32847094050000003,0.2907356091327091,0.2900550078585835,0.0377353313672909,0.0017799685595063011
1598.217,0.32776014680000004,0.2904074022378573,0.28969565747458337,0.037352744562142715,0.0017756886000630098
1598.699,0.3270733473,0.2900775490124008,0.2893349064038825,0.03699579828759919,0.0017714219887803285
1599.181,0.3265673358,0.28974606873773306,0.2889727804570674,0.03682126706226696,0.001767168675303284
1599.663,0.326126817,0.28941298079472866,0.2886093054766252,0.036713836205271355,0.0017629286094989747
1600.145,0.3254835598,0.2890783046635044,0.2882445073353779,0.03640525513649556,0.0017587017414553493
1600.627,0.32476769339999995,0.28874205992316804,0.2878784119349198,0.03602563347683191,0.001754488021480164
1601.109,0.3241858326,0.28840426625155824,0.28751104520406,0.03578156634844176,0.0017502874000998514
1601.592,0.3235428151,0.28806423785991697,0.2871416670653053,0.03547857724008302,0.0017460911536802926
1602.074,0.3229779247,0.28772340264223495,0.28677183305827686,0.035254522057765025,0.0017419166088589537
1602.556,0.3223017689,0.2873810781578778,0.2864008057089409,0.03492069074212223,0.0017377550154117707
1603.038,0.3217638652,0.28703728447691,0.28602861103943916,0.034726580723089984,0.0017336063247294048
1603.52,0.3211398741,0.2866920417666105,0.28565527509135347,0.034447832333389494,0.0017294704884156982
1604.002,0.3202506409,0.28634537029113116,0.28528082392416143,0.03390527060886883,0.0017253474582867043
1604.484,0.31997289030000003,0.2859972904111391,0.28490528361369216,0.03397559988886095,0.0017212371863695734
1604.966,0.31916369840000003,0.2856478225834438,0.2845286802505842,0.03351587581655624,0.0017171396249014567
1605.448,0.3184783919,0.2852969873606144,0.2841510399387502,0.03318140453938562,0.0017130547263285623
1605.931,0.317791224,0.2849440733370234,0.2837716021779155,0.03284715066297661,0.001708974007666127
1606.413,0.3171146684,0.2845905626332272,0.28339196430998326,0.03252410576677284,0.0017049143190796408
1606.895,0.3166221634,0.28423574680580105,0.2830113679235846,0.03238641659419894,0.0017008671518732726
1607.377,0.3159117308,0.2838796467863878,0.2826298391604096,0.03203208401361224,0.0016968324593191976
1607.859,0.31505572130000004,0.2835222836002389,0.2822474041677731,0.031533437699761135,0.0016928101948934528
1608.341,0.3144965058,0.28316367836573497,0.28186408909708993,0.03133282743426502,0.0016888003122748098
1608.823,0.3136962176,0.28280385229389826,0.28147992010236267,0.030892365306101732,0.0016848027653438911
1609.305,0.3131857999,0.28244282668788423,0.2810949233386665,0.030742973212115776,0.0016808175081820906
1609.788,0.3125089759,0.28207987027262454,0.280708323733934,0.03042910562737544,0.0016768362650008306
1610.27,0.3118606834,0.2817165074963289,0.2803217483126115,0.030144175903671078,0.00167287547568058
1610.752,0.3112872457,0.28135200968767626,0.27993442363314724,0.02993523601232373,0.0016689268394745724
1611.234,0.3106503951,0.28098639851315654,0.27954637583983377,0.029663996586843433,0.0016649903112578217
1611.716,0.3098829397,0.2806196957286178,0.27915763107051866,0.029263243971382247,0.0016610658461012249
1612.198,0.3092984179,0.2802519231786619,0.27876821545511554,0.029046494721338134,0.0016571533992704977
1612.68,0.3089311849,0.27988310279602413,0.2783781551141147,0.02904808210397586,0.0016532529262253035
1613.162,0.3083142725,0.27951325660093596,0.2779874761571015,0.02880101589906403,0.0016493643826182534
1613.645,0.3078259983,0.2791416362743679,0.27759539231690233,0.028684362025632126,0.001645479693758504
1614.127,0.30704937579999997,0.27876980284856057,0.27720355325752455,0.028279572951439402,0.0016416149012740125
1614.609,0.306741688,0.2783970102356454,0.2768111738847403,0.02834467776435462,0.0016377619062429834
1615.091,0.306122052,0.27802328079929217,0.2764182802497187,0.028098771200707806,0.0016339206650807113
1615.573,0.3053889713,0.27764863698721665,0.2760248983853617,0.027740334312783332,0.0016300911343906648
1616.055,0.3046127687,0.27727310133044175,0.27563105430484797,0.02733966736955823,0.0016262732709636794
1616.537,0.3037179018,0.27689669644253484,0.27523677400017676,0.026821205357465183,0.001622467031776877
1617.019,0.3027619511,0.2765194450188323,0.27484208344071936,0.026242506081167682,0.0016186723739928647
1617.501,0.3019989368,0.27614136983564275,0.2744470085717745,0.02585756696435726,0.001614889254958807
1617.984,0.3012291872,0.27576170688282464,0.27405075455759853,0.025467480317175384,0.0016111098191829605
1618.466,0.3007883005,0.2753820512392491,0.2736549881391544,0.025406249260750913,0.0016073496741434393
1618.948,0.30020964159999997,0.275001640690548,0.2732589151419288,0.025208000909451966,0.0016036009409062467
1619.43,0.29945479259999996,0.2746204983287619,0.27286256140051013,0.024834294271238067,0.0015998635775480116
1619.912,0.2989285826,0.27423864732264824,0.27246595271825425,0.02468993527735175,0.0015961375423253867
1620.394,0.2983904209,0.27385611091677564,0.2720691148658698,0.024534309983224367,0.0015924227936741566
1620.876,0.2976722658,0.27347291243060157,0.2716720735800087,0.024199353369398435,0.0015887192902084197
1621.358,0.2970816047,0.2730890752575275,0.27127485456185896,0.023992529442472488,0.001585026990719653
1621.841,0.2964587882,0.2727038246216588,0.2708766589141125,0.02375496357834117,0.0015813382285386089
1622.323,0.29564938479999997,0.2723187793428914,0.27047916115037485,0.023330605457108577,0.0015776682371160253
1622.805,0.2952082649,0.2719331660404253,0.2700815625841861,0.02327509885957474,0.001574009327016383
1623.287,0.29442121920000003,0.2715470083937642,0.2696838887608324,0.022874210806235806,0.001570361457732482
1623.769,0.293762497,0.27116033015135155,0.2692861651831825,0.022602166848648464,0.0015667245889302234
1624.251,0.29301100080000003,0.2707731551295104,0.2688884173103113,0.022237845670489642,0.0015630986804477669
1624.733,0.2920740671,0.27038550721136645,0.2684906705561312,0.021688559888633552,0.0015594836922946738
1625.215,0.2916894238,0.2699974103457512,0.26809295028802915,0.021692013454248815,0.0015558795846511108
1625.698,0.2909437546,0.2696080820592346,0.26769445685859605,0.021335672540765405,0.0015522788741982193
1626.179,0.2901966601,0.2692199658892437,0.26729769043883983,0.02097669421075632,0.001548703852461007
1626.662,0.2895678749,0.2688298584645271,0.26689937680534803,0.020738016435472906,0.0015451247501072375
1627.144,0.288956139,0.2684402058658076,0.26650201546809194,0.02051593313419242,0.0015415637918918756
1627.626,0.2883896588,0.26805022505999937,0.2661048067606974,0.020339433740000634,0.0015380135175357807
1628.108,0.2877414075,0.26765994036616314,0.26570777574297466,0.02008146713383685,0.0015344738882255829
1628.59,0.2867768862,0.2672693761608391,0.2653109474188243,0.019507510039160902,0.0015309448653127848
1629.072,0.2861997519,0.2668785568767924,0.26491434673491987,0.019321195023207616,0.0015274264103129198
1629.554,0.28560379529999996,0.2664875070017413,0.264517998579398,0.019116288298258677,0.0015239184849047708
1630.036,0.2852050921,0.2660962510770643,0.2641219277805542,0.019108841022935696,0.001520421050929593
1630.519,0.2844152263,0.26570400141420547,0.2637253383399143,0.01871122488579452,0.0015169268468308978
1631.001,0.28398401710000004,0.2653124069227918,0.2633298971971676,0.018671610177208253,0.0015134503034612288
1631.483,0.2833348969,0.2649206803659131,0.2629348075750425,0.018414216534086925,0.0015099841379371762
1631.965,0.2827181476,0.2645288464863712,0.2625400940494167,0.01818930111362882,0.0015065283127423392
1632.447,0.282399463,0.26413693007386685,0.2621457811298945,0.018262532926133168,0.0015030827905188557
1632.929,0.2817609371,0.2637449559635898,0.2617518932585423,0.018015981136410175,0.0014996475340666702
1633.411,0.2811833398,0.2633529490347927,0.26135845480863185,0.01783039076520726,0.0014962225063427695
1633.893,0.2806325619,0.26296093420933775,0.2609654900833826,0.017671627690662273,0.0014928076704604123
1634.375,0.279797134,0.2625689364502297,0.26057302331471766,0.017228197549770286,0.0014894029896883856
1634.858,0.2789281205,0.26217616763514495,0.2601802660583038,0.016751952864855035,0.0014860013952828844
1635.34,0.2779756324,0.2617842792201432,0.2597888687653813,0.016191353179856816,0.0014826169360356817
1635.822,0.2770433833,0.26139248304444573,0.25939804173440417,0.015650900255554268,0.0014792425225557482
1636.304,0.2762349101,0.261000804220623,0.2590078088996171,0.015234105879377013,0.0014758781187267902
1636.786,0.2753616927,0.26060926789475325,0.25861819411783604,0.014752424805246744,0.0014725236885843756
1637.268,0.2744544936,0.26021789924483657,0.25822922116724106,0.014236594355163446,0.0014691791963151416
1637.75,0.2738551797,0.2598267234791892,0.25784091374617457,0.014028456220810781,0.0014658446062560718
1638.232,0.273066103,0.259435765834826,0.2574532954719556,0.013630337165173978,0.0014625198828938047
1638.715,0.2726555411,0.259044241235858,0.25706558792810574,0.013611299864142001,0.0014591981236897252
1639.197,0.2721250187,0.2586537962353888,0.2566794200210782,0.013471222464611188,0.0014558930480633198
1639.679,0.2716902628,0.25826364527546214,0.2562940116632708,0.013426617524537887,0.0014525977334116785
1640.161,0.2709925951,0.2578738136913263,0.2559093861359411,0.01311878140867373,0.0014493121448131531
1640.643,0.27073608180000003,0.2574843268385314,0.2555255666334655,0.013251754961468631,0.0014460362474921701
1641.125,0.2699465031,0.2570952100911979,0.25514257626219256,0.012851293008802112,0.0014427700068185502
1641.607,0.2695032464,0.25670648884026315,0.2547604380393002,0.01279675755973686,0.0014395133883068035
1642.089,0.2688148438,0.25631818849171367,0.2543791748916623,0.012496655308286309,0.0014362663576154462
1642.572,0.26831223319999997,0.25592953026998194,0.25399802146439504,0.01238270293001803,0.0014330221736962036
1643.054,0.2680348808,0.2555421490005826,0.25361857881469346,0.0124927317994174,0.0014297942359085608
1643.536,0.2671716074,0.25515526497664875,0.25324007951471084,0.012016342423351256,0.0014265757837037725
1644.018,0.2670403857,0.254768903646327,0.2528625461187183,0.01227148205367301,0.001423366783309816
1644.5,0.26651818439999997,0.25438309046369867,0.25248600108512465,0.0121350939363013,0.0014201672010952535
1644.982,0.2657981849,0.2539978508869053,0.2521104667753869,0.011800334013094715,0.001416977003568594
1645.464,0.2651912369,0.2536132103762578,0.25173596545293003,0.011578026523742235,0.0014137961573775922
1645.946,0.2645261318,0.2532291943923294,0.2513625192820728,0.011296937407670626,0.0014106246293086034
1646.428,0.2638637576,0.2528458283940315,0.2509901503269629,0.011017929205968502,0.0014074623862859556
1646.911,0.26285998169999997,0.25246234459263783,0.2506181114390499,0.010397637107362134,0.0014043028634910576
1647.393,0.2621710799,0.25208035640655646,0.25024796505037544,0.010090723493443532,0.0014011591109756914
1647.875,0.26169725,0.25169909460616924,0.24987896150336014,0.009998155393830754,0.0013980245450330674
1648.357,0.260932334,0.251318584624163,0.24951112245075283,0.009613749375836977,0.0013948991331330528
1648.839,0.2603465088,0.25093885188170195,0.24914446943991955,0.009407656918298035,0.0013917828428801878
1649.321,0.25983037870000003,0.25055992178640785,0.2487790239118242,0.009270456913592184,0.0013886756420130903
1649.803,0.2593810163,0.250181819730331,0.24841480720002146,0.009199196569669,0.0013855774984037963
1650.285,0.2588746856,0.24980457108790116,0.24805184052965318,0.009070114512098826,0.001382488380057156
1650.768,0.2583669712,0.24942742129455855,0.2476893959467788,0.008939549905441463,0.0013794018741360389
1651.25,0.257771644,0.24905195742395309,0.24732899529868363,0.008719686576046937,0.0013763307294170739
1651.732,0.2572563887,0.24867742301635615,0.24696990775030359,0.008578965683643858,0.0013732685147004025
1652.214,0.25649204529999997,0.24830384335490469,0.24661215408303808,0.008188201945095286,0.0013702151985160967
1652.696,0.2556386467,0.24793124369466396,0.24625575496498292,0.0077074030053360665,0.0013671707495239067
1653.178,0.25449986609999997,0.2475596492604999,0.24590073094997866,0.00694021683950008,0.0013641351365126827
1653.66,0.2535727093,0.24718908524493477,0.24554710247666506,0.006383624055065207,0.001361108328399738
1654.142,0.2528445987,0.24681957680599576,0.2451948898675464,0.006025021894004223,0.001358090294230264
1654.625,0.2521628351,0.24645038583292778,0.24484338708264958,0.005712449267072206,0.0013550747689013967
1655.106,0.2515495796,0.24608382710460558,0.244494792945665,0.005465752495394438,0.0013520804245382284
1655.589,0.2510407784,0.2457168774263487,0.24414622856855206,0.005323900973651291,0.0013490823294887997
1656.071,0.2506981852,0.24535184453208897,0.24379988341044362,0.005346340667911009,0.0013460991019988617
1656.553,0.25015166650000004,0.24498799246262232,0.2434550539956181,0.005163674037377719,0.00134312449551266
1657.035,0.24954315900000001,0.2446253461229949,0.24311175993031311,0.004917812877005101,0.0013401584798303336
1657.517,0.24916320639999998,0.2442639303683494,0.24277002069830922,0.004899276031650579,0.0013372010248757415
1657.999,0.24880840270000001,0.24390377000168378,0.24242985566006148,0.00490463269831623,0.0013342521006959136
1658.481,0.2482845879,0.2435448897715992,0.24209128405183947,0.004739698128400804,0.0013313116774604297
1658.963,0.24802152249999998,0.24318731437003788,0.24175432498487423,0.004834208129962103,0.001328379725460873
1659.446,0.2474170165,0.2428303307295827,0.24141830345329687,0.0045866857704172925,0.0013254501584906628
1659.928,0.2467446375,0.24247544165760715,0.2410846297417357,0.004269195842392853,0.0013225350777449295
1660.41,0.24645319740000002,0.24212193117808245,0.24075262518524493,0.004331266221917568,0.0013196283797753889
1660.892,0.245660184,0.241769823733406,0.24042230838629736,0.0038903602665940062,0.0013167300353561682
1661.374,0.24512695399999998,0.2414191436978863,0.24009369781819923,0.0037078103021136732,0.0013138400153805787
1661.856,0.2445156029,0.24106991537543593,0.23976681182429121,0.0034456875245640617,0.0013109582908605452
1662.338,0.24375663670000003,0.24072216299725674,0.23944166861715738,0.00303447370274329,0.0013080848329260558
1662.82,0.24329906569999998,0.24037591071952133,0.23911828627784412,0.002923154980478654,0.0013052196128246183
1663.302,0.2425346375,0.2400311826210465,0.23879668275508614,0.0025034548789535094,0.0013023626019206906
1663.785,0.24195072,0.23968729233536068,0.23847621424465315,0.002263427664639328,0.0012995078697430895
1664.267,0.2414333369,0.23934568779719334,0.23815822545058002,0.002087649102806649,0.0012966672086767617
1664.749,0.24095080759999998,0.2390056792366344,0.23784206855406964,0.001945128363365578,0.0012938346715391635
1665.231,0.2403363929,0.23866729039954748,0.2375277609667802,0.0016691025004525184,0.001291010230157468
1665.713,0.2399697354,0.2383305449427397,0.23721531996432513,0.0016391904572602978,0.001288193856473134
1666.195,0.2394963203,0.2379954664316114,0.23690476268555413,0.0015008538683886075,0.0012853855225413097
1666.677,0.2392456778,0.2376620783378054,0.2365961061318439,0.001583599462194607,0.0012825852005304427
1667.159,0.2385310194,0.23733040403684857,0.2362893671663938,0.0012006153631514138,0.0012797928627215818
1667.642,0.238223591,0.23699978411049605,0.23598393216097888,0.0012238068895039644,0.0012770027130352827
1668.124,0.23756418620000003,0.2366716108015665,0.23568108247014236,0.000892575398433515,0.0012742262773438539
1668.606,0.237158452,0.23634522085957588,0.2353802001552036,0.0008132311404241144,0.0012714577433120004
1669.088,0.2365462557,0.23602063725179792,0.23508130151953133,0.000525618448202092,0.0012686970836666247
1669.57,0.23588407220000002,0.23569788283759718,0.23478440272494483,0.00018618936240283324,0.0012659442712447493
1670.052,0.2353211919,0.2353769803660692,0.23448951979106597,-5.5788466069184306e-05,0.0012631992789929947
1670.534,0.23463843040000001,0.2350579524736836,0.23419666859468136,-0.0004195220736835925,0.0012604620799670679
1671.016,0.2340727185,0.2347408216819286,0.23390586486911324,-0.0006681031819286143,0.0012577326473312846
1671.499,0.2335792084,0.23442495844042982,0.2336165273118585,-0.0008457500404298324,0.0012550053157190024
1671.981,0.2331636133,0.23411169299439566,0.23332986947914486,-0.0009480796943956704,0.0012522913517628795
1672.463,0.2328910915,0.23380039154589227,0.23304530548186198,-0.000909300045892264,0.001249585074281509
1672.945,0.2324182411,0.2334910761327093,0.23276285047306156,-0.0010728350327093017,0.0012468864568688147
1673.427,0.2318558224,0.23318376866591028,0.2324825194593211,-0.0013279462659102903,0.001244195473224839
1673.909,0.23175410110000003,0.23287849092749577,0.23220432730016893,-0.001124389827495742,0.001241512097155269
1674.391,0.2312819776,0.2325752645680722,0.2319282887075199,-0.0012932869680722103,0.0012388363025708949
1674.873,0.2305416846,0.23227411110452467,0.23165441824511857,-0.0017324265045246812,0.001236168063487216
1675.355,0.2300824601,0.2319750519176974,0.23138273032799353,-0.0018925918176974088,0.0012335073540238873
1675.838,0.22983762670000002,0.23167749439811736,0.23111268240513705,-0.0018398676981173367,0.0012308486516106837
1676.32,0.2294935517,0.23138269180619583,0.2308454068276617,-0.0018891401061958413,0.0012282029396496275
1676.802,0.2288179338,0.2310900468375087,0.23058035617173983,-0.002272113037508683,0.0012255646802352845
1677.284,0.2283067908,0.23079958030536243,0.23031754425193807,-0.0024927895053624416,0.0012229338478994866
1677.766,0.228176848,0.23051131287552293,0.23005698473151198,-0.0023344648755229402,0.0012203104172759098
1678.248,0.227753649,0.23022526506393903,0.22979869112191253,-0.0024716160639390305,0.0012176943630995657
1678.73,0.2273796853,0.22994145723447884,0.2295426767823061,-0.002561771934478846,0.0012150856602063387
1679.212,0.2270345182,0.22965990959667298,0.22928895491909965,-0.002625391396672977,0.0012124842835325865
1679.695,0.2265691244,0.22938006519467483,0.22903701938039395,-0.0028109407946748377,0.0012098848337877628
1680.177,0.2261995888,0.2291031027328534,0.22878792629919043,-0.002903513932853402,0.0012072980498318237
1680.659,0.22591678810000002,0.22882846018363961,0.22854116441875366,-0.0029116720836395993,0.0012047185174510527
1681.141,0.22540574849999997,0.22855615711654265,0.22829674632959568,-0.0031504086165426715,0.0012021462119791602
1681.623,0.2250776098,0.22828621293562096,0.22805468446724425,-0.0032086031356209632,0.0011995811088479813
1682.105,0.2245722457,0.22801864687729761,0.22781499111182646,-0.003446401177297609,0.0011970231835870698
1682.587,0.224148021,0.22775347800818874,0.2275776783876608,-0.003605457008188734,0.0011944724118232617
1683.069,0.2236295092,0.22749072522294744,0.22734275826286005,-0.00386121602294745,0.0011919287692802151
1683.552,0.22329709749999999,0.2272298697071858,0.22710976265868216,-0.003932772207185825,0.0011893869766209635
1684.033,0.2225779968,0.22697254261000993,0.22688014290044012,-0.00439454581000992,0.0011868627752324979
1684.516,0.2222231669,0.22671662241374607,0.22665200099716587,-0.004493455513746081,0.0011843351497802883
1684.998,0.22167163429999998,0.22646372458106553,0.22642677288502217,-0.0047920902810655586,0.0011818197978446696
1685.48,0.2212432285,0.22621333468873553,0.22620399487943937,-0.004970106188735529,0.0011793114551358847
1685.962,0.2209140202,0.22596547055477384,0.22598367800311234,-0.005051450354773834,0.0011768100979495874
1686.444,0.220650415,0.2257201498105604,0.22576583312000004,-0.005069734810560417,0.0011743157026752144
1686.926,0.2202342658,0.2254773898988092,0.22555047093500102,-0.005243124098809199,0.001171828245795589
1687.408,0.2201475494,0.22523720807155817,0.22533760199363775,-0.005089658671558167,0.0011693477038864685
1687.89,0.2197336318,0.22499962138818003,0.22512723668175305,-0.005265989588180031,0.0011668740536161315
1688.373,0.2197139175,0.22476416194085613,0.22491895661827832,-0.005050244440856139,0.0011644021610638772
1688.855,0.2190985325,0.22453182141371666,0.22471363432938452,-0.005433288913716666,0.0011619422386217756
1689.337,0.219053957,0.22430212606692213,0.224510845886878,-0.0052481690669221315,0.0011594891383265762
1689.819,0.2185966385,0.22407509216925425,0.2243106010346747,-0.005478453669254257,0.001157042837212721
1690.301,0.21845713700000002,0.22385073578717146,0.22411290935561967,-0.005393598787171439,0.0011546033124050766
1690.783,0.2179966516,0.22362907278294564,0.22391778027123943,-0.0056324211829456294,0.0011521705411185765
1691.265,0.21779393200000002,0.2234101188128137,0.22372522304149922,-0.005616186812813673,0.0011497445006578158
1691.747,0.2175943346,0.2231938893251585,0.2235352467645732,-0.005599554725158495,0.0011473251684166073
1692.229,0.2173972509,0.2229803995587085,0.22334786037662158,-0.005583148658708487,0.001144912521877611
1692.712,0.2170601996,0.22276923020504721,0.22316269198185748,-0.005709030605047211,0.0011425015538563438
1693.194,0.21687892560000002,0.22256127051095487,0.22298051694934495,-0.005682344910954845,0.0011401022252778494
1693.676,0.2166468949,0.22235609500876036,0.22280095765747915,-0.0057092001087603594,0.0011377095153325407
1694.158,0.21635997969999998,0.2221537180806147,0.22262402239198972,-0.005793738380614727,0.0011353234018546545
1694.64,0.2160281363,0.22195415389037942,0.22244971927561852,-0.005926017590379418,0.0011329438627652943
1695.122,0.2159124675,0.22175741638197655,0.2222780562679543,-0.005844948881976536,0.0011305708760720248
1695.604,0.215548154,0.22156351927776347,0.22210904116527377,-0.006015365277763474,0.001128204419868518
1696.086,0.2152622369,0.22137247607693533,0.22194268160039404,-0.006110239176935345,0.0011258444723341258
1696.569,0.2150238707,0.2211839126367799,0.2217786481964003,-0.006160041936779881,0.0011234861357633074
1697.051,0.2148588579,0.22099862282880908,0.22161762749859165,-0.006139764928809077,0.0011211391538371413
1697.533,0.21470243060000002,0.22081622609362397,0.2214592842695713,-0.0061137954936239525,0.0011187986155839196
1698.015,0.214230409,0.2206367350218591,0.221303625486672,-0.006406326021859088,0.0011164644995221807
1698.497,0.2138567244,0.22046016197340884,0.2211506579631612,-0.006603437573408838,0.0011141367842542492
1698.979,0.21356377980000002,0.2202865190759944,0.22100038834814573,-0.006722739275994372,0.0011118154484658959
1699.461,0.2132279564,0.2201158182237642,0.22085282312648752,-0.006887861823764191,0.0011095004709259504
1699.943,0.212773703,0.21994807107592354,0.22070796861872854,-0.007174368075923532,0.0011071918304859138
1700.426,0.21258745069999999,0.21978295027402106,0.22056553891802022,-0.007195499574021075,0.0011048847360239015
1700.908,0.2123828098,0.21962115075250913,0.22042612979728265,-0.007238340952509137,0.0011025887197056569
1701.39,0.2118391433,0.21946233851254332,0.22028944937744288,-0.0076231952125433156,0.0011002989774910378
1701.872,0.2117524766,0.21930652425994995,0.2201555033208428,-0.007554047659949964,0.0010980154885588097
1702.354,0.211463674,0.21915371845921156,0.22002429712526023,-0.007690044459211565,0.0010957382321686079
1702.836,0.21141536989999998,0.21900393133228072,0.2198958361238879,-0.007588561432280733,0.001093467187660571
1703.318,0.210964735,0.21885717285742695,0.21977012548532043,-0.007892437857426965,0.0010912023344549842
1703.8,0.2108077783,0.2187134527681145,0.21964717021355046,-0.007905674468114493,0.001088943652051922
1704.282,0.2107794888,0.21857278055191376,0.21952697514797348,-0.007793291751913761,0.0010866911200309106
1704.765,0.2107268867,0.218434883125075,0.21940930420955637,-0.007707996425074998,0.001084440063823624
1705.247,0.21047239909999998,0.21830034049938057,0.2192946491664453,-0.007827941399380589,0.0010821997842761304
1705.729,0.2103363101,0.21816887274163502,0.21918276786916474,-0.00783256264163501,0.0010799655942805688
1706.211,0.2102034977,0.21804048834508793,0.21907366449861135,-0.007836990645087943,0.0010777374737308747
1706.693,0.21005831740000003,0.21791519555214717,0.21896734307124394,-0.00785687815214714,0.0010755154025986653
1707.175,0.2101586786,0.21779300235349258,0.2188638074391422,-0.007634323753492572,0.0010732993609329179
1707.657,0.20976470249999998,0.2176739164872209,0.2187630612900722,-0.007909213987220914,0.001071089328859637
1708.139,0.2098294835,0.21755794543802923,0.21866510814756407,-0.00772846193802923,0.001068885286581471
1708.622,0.2094558412,0.21744486556011156,0.21856975685935473,-0.007989024360111563,0.0010666826602538796
1709.104,0.20950078430000002,0.21733515208050738,0.2184774054554693,-0.007834367780507362,0.0010644905508038576
1709.586,0.20915724260000002,0.21722857435768367,0.218387856650321,-0.008071331757683653,0.0010623043721730693
1710.068,0.20918625080000003,0.21712513885471696,0.2183011133110842,-0.00793888805471693,0.001060124104867654
1710.55,0.208880919,0.2170248517777155,0.21821717814120606,-0.008143932777715496,0.0010579497294687485
1711.032,0.20880554169999999,0.21692771907521308,0.2181360536805345,-0.008122177375213091,0.0010557812266321416
1711.514,0.2086765501,0.21683374643759798,0.21805774230545433,-0.008157196337597983,0.001053618577087965
1711.996,0.2084840849,0.21674293929657873,0.21798224622903217,-0.008258854396578724,0.0010514617616403706
1712.479,0.20849679370000002,0.2166551243056323,0.21790941964538957,-0.008158330605632286,0.001049306304542027
1712.96,0.20829171559999998,0.21657084193480947,0.21783970800876987,-0.008279126334809483,0.0010471655566196164
1713.443,0.208217407,0.21648939595664457,0.2177725333252938,-0.008271988956644577,0.0010450216963674066
1713.925,0.2080600485,0.21641130654031426,0.2177083231707293,-0.008351258040314252,0.0010428880387430227
1714.407,0.20810867900000002,0.21633640589105663,0.21764693693879295,-0.008227726891056608,0.0010407601202958104
1714.889,0.2079695285,0.21626469787876923,0.21758837586582946,-0.00829516937876923,0.001038637922267338
1715.371,0.20777619949999998,0.21619618611194671,0.2175326410261182,-0.008419986611946734,0.0010365214259709875
1715.853,0.20793183429999998,0.21613087393744096,0.21747973333208723,-0.00819903963744098,0.001034410612791554
1716.335,0.20824201290000002,0.2160687644402541,0.2174296535345332,-0.007826751540254084,0.0010323054641849998
1716.817,0.20804564939999998,0.21600986044337162,0.21738240222285077,-0.007964211043371638,0.001030205961678115
1717.3,0.2084170945,0.21595405229230655,0.21733789060348033,-0.007536957792306537,0.0010281077485668343
1717.782,0.20833848100000002,0.21590157337901075,0.21729630325715274,-0.007563092379010733,0.0010260194947401052
1718.264,0.2081897763,0.21585230686570528,0.21725754519894308,-0.007662530565705289,0.001023936831977475
1718.746,0.2082825904,0.21580625452582697,0.21722161637476473,-0.007523664125826973,0.0010218597420861351
1719.228,0.20833887239999999,0.21576341787051223,0.2171885165703999,-0.007424545470512245,0.0010197882069425577
1719.71,0.20829761940000002,0.21572379814865297,0.217158245411779,-0.007426178748652951,0.001017722208492212
1720.192,0.20807119910000002,0.2156873963469862,0.21713080236526533,-0.007616197246986173,0.0010156617287492783
1720.674,0.208264363,0.21565421319022504,0.21710618673795248,-0.0073898501902250335,0.0010136067497963012
1721.156,0.2079708397,0.2156242491412219,0.21708439767796406,-0.00765340944122192,0.0010115572537839678
1721.639,0.20800939599999999,0.215597452260625,0.21706539776777234,-0.0075880562606250035,0.0010095089878715375
1722.121,0.2079986487,0.21557393344800524,0.21704926451089496,-0.007575284748005229,0.0010074704157467876
1722.603,0.2077100694,0.21555363356181853,0.21703595431213463,-0.007843564161818528,0.0010054372733837723
1723.085,0.2078602053,0.21553655201933303,0.2170254656866016,-0.007676346719333038,0.0010034095432027586
1723.567,0.20793061999999998,0.21552268797733926,0.21701779699207152,-0.007592067977339273,0.001001387207690646
1724.049,0.2080288454,0.2155120403325358,0.21701294642933633,-0.007483194932535797,0.0009993702494006701
1724.531,0.2079604809,0.21550460772195135,0.21701091204256093,-0.007544126821951352,0.0009973586509521226
1725.013,0.20791830099999997,0.21550038852340425,0.21701169171965023,-0.0075820875234042795,0.000995352395030085
1725.496,0.2079395155,0.21549938210233677,0.21701529356500873,-0.007559866602336762,0.0009933473186003897
1725.978,0.20777695959999998,0.21550159048307327,0.21702170023632267,-0.007724630883073291,0.000991351707043054
1726.46,0.2078197125,0.2155070058539257,0.21703091369591745,-0.007687293353925706,0.0009893613864237695
1726.942,0.20777230249999998,0.21551562556064383,0.21704293121014867,-0.0077433230606438475,0.000987376339688003
1727.424,0.2082051057,0.21552744669260135,0.2170577498910576,-0.007322340992601345,0.0009853965498455672
1727.906,0.2080301042,0.2155424660834677,0.21707536669678207,-0.007512361883467683,0.0009834219999703664
1728.388,0.2081011823,0.21556068031191758,0.21709577843197675,-0.007459498011917587,0.0009814526732001118
1728.87,0.20814030819999998,0.21558208570237336,0.21711898174823907,-0.007441777502373376,0.000979488552736059
1729.353,0.2082764131,0.2156067326580848,0.2171450299642949,-0.007330319558084802,0.0009775255630536848
1729.835,0.20822232710000002,0.21563451493205665,0.2171738115603539,-0.0074121878320566326,0.0009755718157733807
1730.317,0.20840441089999998,0.21566547581428416,0.2172053737702614,-0.007261064914284188,0.0009736232247470754
1730.799,0.20847829829999998,0.21569961061978649,0.21723971263749112,-0.00722131231978651,0.0009716797734275534
1731.281,0.20839576229999998,0.21573691441356657,0.21727682405470666,-0.00734115211356659,0.0009697414453297547
1731.763,0.2086303643,0.21577738201155744,0.21731670376423123,-0.00714701771155743,0.0009678082240305691
1732.245,0.208721652,0.2158210079816057,0.21735934735852735,-0.007099355981605687,0.000965880093168493
1732.727,0.2088370236,0.2158677866444848,0.21740475028068112,-0.0070307630444848,0.0009639570364434224
1733.209,0.2092258591,0.21591771207494312,0.2174529078248953,-0.006691852974943124,0.0009620390376163582
1733.692,0.2095118697,0.21597089145850937,0.21750392360874854,-0.006459021758509376,0.0009601221169481406
1734.174,0.2096855843,0.2160270981653198,0.21755758137589648,-0.006341513865319781,0.0009582141958531114
1734.656,0.2098993433,0.2160864323846981,0.2176139787486081,-0.006187089084698089,0.0009563112842699301
1735.138,0.2101030025,0.21614888721790923,0.21767311043031548,-0.006045884717909233,0.0009544133662015887
1735.62,0.210135255,0.21621445552591317,0.21773497097813752,-0.006079200525913181,0.0009525204257108835
1736.102,0.21026173,0.21628312993060117,0.21779955480341334,-0.006021399930601162,0.0009506324469201746
1736.584,0.210512128,0.21635490281606562,0.21786685617224502,-0.005842774816065627,0.0009487494140111367
1737.066,0.210331838,0.2164297663298968,0.21793686920604466,-0.006097928329896807,0.0009468713112244961
1737.549,0.2105302673,0.21650787729687704,0.21800974155896682,-0.005977609996877048,0.0009449942416745173
1738.031,0.2105526539,0.21658890394011668,0.2180851653050302,-0.006036250040116681,0.0009431259622370151
1738.513,0.210987114,0.21667299623093042,0.2181632822045113,-0.005685882230930417,0.0009412625659636095
1738.995,0.2111290483,0.21676014538400143,0.21824408580538918,-0.0056310970840014185,0.0009394040373288605
1739.477,0.2113272773,0.21685034238444878,0.2183275695137979,-0.005523065084448775,0.0009375503608651208
1739.959,0.2115848137,0.2169435779892981,0.21841372659461428,-0.005358764289298074,0.0009357015211622944
1740.441,0.2115909874,0.21703984272898197,0.2185025501720526,-0.005448855328981955,0.000933857502867613
1740.923,0.2119794558,0.21713912690886772,0.2185940332302673,-0.005159671108867725,0.0009320182906853796
1741.406,0.21202935950000001,0.21724163595980042,0.21868836666763236,-0.005212276459800408,0.000930180068492929
1741.887,0.2121651057,0.2173467136947378,0.21878494902899154,-0.005181607994737797,0.0009283542237593169
1742.37,0.2123003057,0.21745522355169644,0.2188845760409961,-0.0051549178516964445,0.0009265255575768066
1742.852,0.2124861072,0.21756649026789493,0.21898662953257986,-0.0050803830678949335,0.0009247054278500366
1743.334,0.2126083392,0.21768072460784066,0.2190913053301675,-0.005072385407840663,0.0009228900285736922
1743.816,0.2129052563,0.21779791555961311,0.2191985955902543,-0.0048926592596131024,0.0009210793447895525
1744.298,0.2128616929,0.21791805189765098,0.2193084923336647,-0.005056358997650973,0.0009192733615947929
1744.78,0.21287172099999999,0.21804112218448313,0.21942098744620342,-0.005169401184483141,0.000917472064141738
1745.262,0.21331310080000002,0.21816711477248266,0.21953607267931308,-0.00485401397248264,0.0009156754376376443
1745.744,0.21338996819999997,0.218296017805645,0.21965373965073895,-0.00490604960564503,0.0009138834673444703
1746.227,0.21349059780000001,0.2184280956726913,0.21977423197506216,-0.004937497872691293,0.0009120924352423588
1746.709,0.2137581141,0.21856278917857225,0.2198970420565332,-0.00480467507857224,0.0009103097429587079
1747.191,0.2139541447,0.21870035630336246,0.22002240791574454,-0.004746211603362471,0.0009085316629675184
1747.673,0.2141436659,0.21884078437535076,0.2201503206421367,-0.004697118475350759,0.0009067581807473144
1748.155,0.21449380099999998,0.21898406052366898,0.22028077119486084,-0.0044902595236689935,0.0009049892818302019
1748.637,0.2148694266,0.21913017168020016,0.2204137504034804,-0.004260745080200162,0.0009032249518015818
1749.119,0.2151447822,0.2192791045815026,0.2205492489686731,-0.004134322381502603,0.0009014651762999816
1749.601,0.21563893669999998,0.21943084577075933,0.22068725746294499,-0.003791909070759353,0.0008997099410167634
1750.083,0.215913367,0.21958538159973823,0.22082776633134255,-0.0036720145997382325,0.0008979592316959865
1750.566,0.2164116048,0.21974302749476826,0.22097106515404896,-0.0033314226947682712,0.000896209415997716
1751.048,0.2168519047,0.21990311662827622,0.22111655073640732,-0.0030512119282762318,0.000894467725359867
1751.53,0.21718127599999998,0.22006595829858583,0.22126450724979668,-0.00288468229858585,0.0008927305182010678
1752.012,0.2172634523,0.22023153811144675,0.22141492463644924,-0.0029680858114467523,0.0008909977804738551
1752.494,0.2176499322,0.22039984149129127,0.2215677927148047,-0.0027499092912912637,0.0008892694981823323
1752.976,0.2176944477,0.22057085368330367,0.2217231011802594,-0.002876405983303687,0.0008875456573819329
1753.458,0.2181195233,0.22074455975550233,0.22188083960591942,-0.0026250364555023276,0.0008858262441792232
1753.94,0.2182008382,0.22092094460084052,0.22204099744336137,-0.0027201064008405273,0.0008841112447316604
1754.423,0.21856803840000003,0.2211003671669038,0.2222039037948738,-0.002532328766903763,0.0008823971008500324
1754.905,0.2185989352,0.22128206902538466,0.22236887329202487,-0.0026831338253846537,0.0008806908966735396
1755.387,0.21877208979999999,0.22146640327409672,0.22253622981142254,-0.002694313474096738,0.0008789890649995555
1755.869,0.21906779790000003,0.2216533541266622,0.22270596232597473,-0.002585556226662178,0.000877291592187173
1756.351,0.2193455787,0.22184290563234604,0.2228780596909345,-0.0024973269323460556,0.0008755984646453058
1756.833,0.2195996587,0.22203504167823607,0.22305251064468967,-0.0024353829782360614,0.0008739096688325366
1757.315,0.2199354173,0.2222297459914333,0.22322930380955797,-0.0022943286914333116,0.000872225191256865
1757.797,0.22036906429999997,0.22242700214125488,0.22340842769258634,-0.0020579378412549088,0.0008705450184755238
1758.28,0.2203575471,0.22262721067022403,0.22359024952669795,-0.0022696635702240398,0.000868865664614069
1758.762,0.2210924426,0.22282952578880244,0.22377400468498293,-0.0017370831888024463,0.0008671940701507728
1759.244,0.22128787030000002,0.2230343424922302,0.22396005537434133,-0.0017464721922301751,0.000865526740419284
1759.726,0.2214287939,0.22324164374060768,0.22414838964859468,-0.001812849840607672,0.0008638636621718245
1760.208,0.221904538,0.22345141234741708,0.22433899545036373,-0.001546874347417071,0.0008622048222087873
1760.69,0.2221774937,0.22366363098178038,0.22453186061189545,-0.0014861372817803753,0.0008605502073786118
1761.172,0.2226882035,0.22387828217072714,0.2247269728558962,-0.0011900786707271516,0.0008588998045775174
1761.654,0.22316473120000002,0.22409534830146682,0.224924319796366,-0.0009306171014668019,0.0008572536007493527
1762.136,0.22342859510000002,0.22431481162367062,0.22512388893944102,-0.0008862165236706021,0.0008556115828853734
1762.619,0.223979606,0.22453711696697615,0.22532608860041564,-0.0005575109669761491,0.0008539703443345248
1763.101,0.2239646019,0.22476132576252264,0.22553006878447188,-0.0007967238625226358,0.0008523366681788475
1763.583,0.224589332,0.22498787765842426,0.2257362330241363,-0.0003985456584242597,0.0008507071392169915
1764.065,0.2247904745,0.22521675437685845,0.2259445684023642,-0.0004262798768584486,0.0008490817446280128
1764.547,0.2249721586,0.2254479375139572,0.22615506189851642,-0.00047577891395719774,0.0008474604716373776
1765.029,0.2254604307,0.22568140854211777,0.22636770038922427,-0.0002209778421177755,0.0008458433075168259
1765.511,0.22565981659999998,0.22591714881231773,0.22658247064926024,-0.0002573322123177457,0.0008442302395841291
1765.993,0.225821844,0.2261551395564319,0.22679935935241063,-0.0003332955564319118,0.0008426212552029434
1766.476,0.22603131659999998,0.22639586258270575,0.22701880959496434,-0.00036454598270577176,0.0008410130163097275
1766.958,0.22641680690000002,0.22663830207607621,0.22723989913122178,-0.0002214951760761974,0.00083941216971193
1767.44,0.226742524,0.22688293500782097,0.22746306650647335,-0.00014041100782097304,0.0008378153690039662
1767.922,0.2271858819,0.22712974215640175,0.22768829799917967,5.613974359824914e-05,0.0008362226017311445
1768.404,0.2273192224,0.22737870419280048,0.22791557979124544,-5.948179280049204e-05,0.0008346338554836864
1768.886,0.2279887312,0.2276298016828454,0.22814489796891596,0.000358929517154577,0.0008330491178965488
1769.368,0.22799484369999998,0.22788301508953618,0.2283762385236764,0.00011182861046379888,0.0008314683766492464
1769.85,0.2287249991,0.22813832477536944,0.22860958735315634,0.0005866743246305539,0.0008298916194656655
1770.333,0.2288683215,0.22839624714580833,0.22884542058827653,0.000472074354191665,0.0008283155751939675
1770.814,0.2293310008,0.22865515394587996,0.2290822529629615,0.0006758468541200324,0.0008267500084059463
1771.297,0.2301408231,0.22891717826637073,0.2293220395588379,0.0012236448336292727,0.0008251818876575055
1771.779,0.23045029790000002,0.22918067892829766,0.22956328265070192,0.0012696189717023576,0.0008236209530008227
1772.261,0.2311342594,0.22944617621378932,0.2298064620991728,0.0016880831862106649,0.0008220639416614799
1772.743,0.231681445,0.22971364993088828,0.23005156325773268,0.0019677950691117385,0.0008205108416258542
1773.225,0.2322384973,0.22998307980336236,0.23029857139243093,0.0022554174966376572,0.0008189616409234361
1773.707,0.2327786289,0.23025444547300894,0.23054747168281353,0.002524183426991067,0.0008174163276266368
1774.189,0.2332586387,0.23052772650195658,0.23079824922285713,0.002730912198043417,0.0008158748898506292
1774.671,0.2334055273,0.23080290237495935,0.23105088902190402,0.002602624925040653,0.0008143373157531665
1775.154,0.2340056486,0.2310805292284404,0.23130590589653788,0.0029251193715595925,0.0008128004155339447
1775.636,0.2341012556,0.23135943676986437,0.23156222869285853,0.002741818830135634,0.0008112705413911235
1776.118,0.2343309421,0.2316401771251545,0.2318203682461148,0.0026907649748454943,0.0008097444956295659
1776.6,0.2348269434,0.23192272949228,0.2320803092363689,0.002904213907719999,0.0008082222665756837
1777.082,0.235280287,0.232207073003234,0.232342036263775,0.0030732139967659944,0.0008067038425976027
1777.564,0.23552498560000001,0.23249318672629318,0.23260553384953309,0.0030317988737068313,0.0008051892121050017
1778.046,0.2357154226,0.2327810496682703,0.2328707864368455,0.002934372931729712,0.0008036783635489193
1778.528,0.2361540172,0.2330706407767559,0.23313777839187294,0.003083376423244105,0.0008021712854216179
1779.01,0.23661776939999998,0.23336193894235657,0.2334064940046982,0.0032558304576434105,0.0008006679662563674
1779.493,0.2370726989,0.23365553258943417,0.23367748029920177,0.0034171663105658223,0.0007991652873705226
1779.975,0.2377061819,0.233950184755863,0.23394959929223436,0.003755997144137019,0.0007976694596321197
1780.457,0.237900731,0.23424648028736803,0.23422339433335004,0.003654250712631979,0.0007961773566766897
1780.939,0.2383042169,0.2345443978686984,0.23449884941782068,0.0037598190313015978,0.0007946889672000846
1781.421,0.2388040396,0.23484391613866915,0.23477594846968286,0.0039601234613308445,0.0007932042799383654
1781.903,0.23914342479999998,0.23514501369233734,0.23505467534270874,0.003998411107662636,0.0007917232836676302
1782.385,0.2395565355,0.2354476690831749,0.23533501382138627,0.004108866416825091,0.000790245967203864
1782.867,0.24017202869999998,0.23575186082522595,0.23561694762189722,0.004420167874774034,0.000788772319402769
1783.35,0.2405462507,0.2360582032009591,0.23590105022382485,0.004488047499040887,0.0007872992831816468
1783.832,0.240959577,0.23636540611622162,0.23618612877292927,0.004594170883778392,0.0007858329469849063
1784.314,0.2414083987,0.23667408066485449,0.23647275335812967,0.004734318035145513,0.0007843702462318079
1784.796,0.2418904698,0.236984205224492,0.23676090743208064,0.004906264575507996,0.000782911169935384
1785.278,0.24222935159999998,0.237295758143967,0.2370505743840567,0.004933593456032975,0.0007814557071476025
1785.76,0.2426762218,0.2376087177454001,0.23734173754094323,0.005067504054599908,0.0007800038469591999
1786.242,0.24306039429999998,0.23792306232627441,0.23763438016822827,0.005137331973725567,0.000778555578499502
1786.724,0.2435971403,0.23823877016150047,0.23792848547099804,0.005358370138499519,0.0007771108909362793
1787.207,0.24399444639999998,0.23855647866358287,0.23822465126273906,0.00543796773641711,0.0007756667873090067
1787.689,0.2441636961,0.23887485046760035,0.23852163424201966,0.005288845632399647,0.0007742292365684814
1788.171,0.24454447129999998,0.23919452019047494,0.23882002912431707,0.005349951109525047,0.0007727952344347158
1788.653,0.2450861633,0.2395154660371502,0.23911981888295827,0.005570697262849783,0.0007713647702278009
1789.135,0.2455126477,0.23983766620010935,0.2394209864358604,0.005674981499890652,0.0007699378333055112
1789.617,0.245556772,0.24016109886135484,0.23972351464653396,0.005395673138645168,0.0007685144130631558
1790.099,0.24613131549999998,0.2404857421943753,0.24002738632508808,0.005645573305624679,0.0007670944989333954
1790.581,0.2467704523,0.24081157436609318,0.24033258422923293,0.005958877933906814,0.0007656780803861363
1791.063,0.2471909398,0.24113857353880358,0.24063909106528925,0.006052366261196429,0.0007642651469283319
1791.546,0.2477768924,0.2414673998447011,0.2409475294056776,0.00630949255529889,0.0007628527675200866
1792.028,0.2483722537,0.24179666980517894,0.241256604649431,0.0065755838948210465,0.0007614467800860183
1792.51,0.2492060624,0.24212704119956924,0.24156693660955125,0.007079021200430774,0.0007600442464617544
1792.992,0.24966785619999998,0.24245849219070248,0.24187850779678036,0.007209364009297503,0.0007586451563011456
1793.474,0.2500857792,0.2427910009462288,0.2421913006755187,0.007294778253771228,0.0007572494992943567
1793.956,0.25041962430000003,0.24312454564045807,0.24250529766483603,0.007295078659541959,0.0007558572651677704
1794.438,0.2510430125,0.2434591044561854,0.24282048113948534,0.007583908043814591,0.0007544684436837817
1794.92,0.2514015663,0.24379465558650135,0.24313683343091758,0.0076069107134986436,0.000753083024640688
1795.403,0.251820466,0.24413187640801637,0.2434549967332964,0.007688589591983652,0.00075169813411633
1795.885,0.2521115029,0.24446934874260057,0.24377363581737616,0.007642154157399439,0.0007503194964992063
1796.367,0.2527664364,0.24480774800550031,0.24409339042595976,0.007958688394499702,0.0007489442309109161
1796.849,0.2530108087,0.24514705244876908,0.24441424272735285,0.007863756251230897,0.000747572327291992
1797.331,0.2531765365,0.2454872403435483,0.24473617485163707,0.007689296156451697,0.000746203775618149
1797.813,0.2537479974,0.24582828998177667,0.24505916889168916,0.007919707418223315,0.0007448385659001243
1798.295,0.2540051399,0.2461701796778743,0.24538320690419402,0.007834960222125709,0.0007434766881835786
1798.777,0.2545877849,0.24651288777042035,0.24570827091066627,0.00807489712957965,0.0007421181325489238
1799.26,0.2551269918,0.2468571061027107,0.24603502043164693,0.008269885697289286,0.0007407600808389973
1799.741,0.2557074682,0.24720067262986417,0.2463614048218205,0.008506795570135839,0.0007394109480199183
1800.224,0.25629636829999997,0.24754642281518963,0.24669012016853126,0.00874994548481034,0.0007380595048486771
1800.706,0.2566042504,0.24789218991632828,0.2470191096581012,0.008712060483671735,0.0007367141458366601
1801.188,0.2572499228,0.2482386674818382,0.24734903471960568,0.00901125531816177,0.0007353720598049926
1801.67,0.2577805816,0.2485858340294294,0.24767987718485002,0.009194747570570594,0.000734033237039857
1802.152,0.2582634066,0.24893366811217954,0.24801161885759931,0.009329738487820483,0.0007326976678612091
1802.634,0.2585956814,0.24928214832006118,0.24834424151459483,0.009313533079938818,0.0007313653426226805
1803.116,0.2591000402,0.2496312532814513,0.24867772690657203,0.009468786918548688,0.0007300362517114352
1803.598,0.2594773837,0.2499809616646263,0.24901205675927943,0.009496422035373708,0.0007287103855480464
1804.081,0.2602306539,0.25033197951341546,0.24934790896501238,0.009898674386584538,0.0007273849938327953
1804.563,0.2605157213,0.2506828320535306,0.2496838744785207,0.009832889246469412,0.0007260655552006916
1805.045,0.26088574600000003,0.25103422423034766,0.25002062945217507,0.009851521769652372,0.0007247493127575762
1805.527,0.2611279499,0.2513861348863823,0.2503581555219019,0.009741815013617705,0.0007234362570563762
1806.009,0.2616213618,0.25173854291123815,0.25069643430372884,0.009882818888761857,0.0007221263786827427
1806.491,0.2619594707,0.2520914272429852,0.251035447394797,0.009868043457014752,0.0007208196682549526
1806.973,0.2624979017,0.25244476686952394,0.251375176374377,0.01005313483047604,0.0007195161164237447
1807.455,0.2629714329,0.252798540829928,0.2517156028048816,0.010172892070072048,0.0007182157138722401
1807.938,0.2631782043,0.25315346345965245,0.25205741661349923,0.010024740840347546,0.0007169157631572616
1808.42,0.2637534808,0.2535080442091423,0.2523991839219221,0.010245436590857693,0.0007156216378289743
1808.902,0.2643313953,0.2538629966868393,0.2527415932391469,0.010468398613160679,0.0007143306340034537
1809.384,0.2646379544,0.25421830014970587,0.25308462607026383,0.01041965425029412,0.00071304274249202
1809.866,0.2650893342,0.2545739339123241,0.2534282639085689,0.010515400287675947,0.0007117579541377102
1810.348,0.2657694208,0.25492987734812955,0.253772488236574,0.010839543451870437,0.000710476259815151
1810.83,0.26612640930000003,0.25528610989062506,0.25411728052701466,0.010840299409374976,0.0007091976504304412
1811.312,0.2668158774,0.25564261103457486,0.25446262224385635,0.01117326636542515,0.0007079221169210286
1811.794,0.26736433930000003,0.2559993603371847,0.2548084948433037,0.011364978962815353,0.0007066496502555697
1812.277,0.2679102345,0.25635707825828213,0.2551555989354345,0.011553156241717877,0.0007053776109779612
1812.759,0.2681639496,0.2567142632147129,0.25550247864781517,0.011449686385287094,0.0007041112573468588
1813.241,0.2689666549,0.25707163534561134,0.25584983353637064,0.011895019554388653,0.0007028479436332897
1813.723,0.26929669570000003,0.25742917446948227,0.25619764503628645,0.011867521230517764,0.0007015876609296559
1814.205,0.2696993089,0.25778686047288335,0.2565458945800023,0.01191244842711664,0.0007003304003589562
1814.687,0.2703999987,0.2581446733114897,0.25689456359821117,0.012255325388510263,0.0006990761530746774
1815.169,0.2707798051,0.25850259301114165,0.2572436335208532,0.012277212088858347,0.0006978249102606872
1815.651,0.2710747606,0.2588605996688751,0.25759308577811396,0.012214160931124929,0.000696576663131106
1816.134,0.2714847478,0.25921941640166624,0.25794362792605846,0.012265331398333745,0.0006953288225016262
1816.616,0.2720060947,0.25957753763429225,0.2582937898459531,0.012428557065707724,0.0006940865466734
1817.098,0.2723535583,0.2599356865125584,0.2586442783639242,0.012417871787441637,0.0006928472403342341
1817.58,0.2727953866,0.2602938434283825,0.2589950749210766,0.012501543171617502,0.0006916108948181328
1818.062,0.2731685949,0.26065198884976004,0.2593461609637172,0.012516606050239965,0.0006903775014887596
1818.544,0.2736999592,0.26101010332168784,0.25969751794434287,0.012689855878312173,0.0006891470517393216
1819.026,0.2740376345,0.2613681674670655,0.26004912732262164,0.012669467032934534,0.0006879195369924656
1819.508,0.27468380719999996,0.2617261619875856,0.26040097056637845,0.012957645212414381,0.0006866949487001423
1819.99,0.2750578899,0.2620840676646004,0.2607530291525728,0.012973822235399612,0.000685473278343523
1820.473,0.2753189504,0.262442607553365,0.26110601558041036,0.01287634284663497,0.0006842519919017124
1820.955,0.27584932500000003,0.26280027792699406,0.2614584496745429,0.01304904707300597,0.0006830361379860532
1821.437,0.2761917447,0.26315780224829055,0.2618110435682338,0.013033942451709468,0.0006818231766061698
1821.919,0.2766167409,0.2635151616257668,0.26216377878477826,0.013101579274233166,0.0006806130993589447
1822.401,0.2771893023,0.2638723372516829,0.26251663686147964,0.013316965048317086,0.0006794058978699033
1822.883,0.27733204629999997,0.26422931040281283,0.2628695993506193,0.013102735897187134,0.0006782015637930895
1823.365,0.2778600209,0.26458606244119226,0.26322264782042076,0.013273958458807744,0.0006770000888109719
1823.847,0.2783086158,0.2649425748148529,0.26357576385601583,0.013366040985147098,0.0006758014646342807
1824.33,0.2789182659,0.2652995678941323,0.26392966180665234,0.013618698005867735,0.0006746032050763374
1824.812,0.2794279692,0.2656555450372716,0.26428285784644323,0.013772424162728392,0.0006734102636272494
1825.294,0.2798438293,0.2660112273449649,0.2646360662803891,0.013832601955035106,0.0006722201482675993
1825.776,0.2802888386,0.2663665966163907,0.2649892687708759,0.013922241983609251,0.0006710328508203102
1826.258,0.280705152,0.2667216347401356,0.2653424470019806,0.013983517259864409,0.0006698483631360676
1826.74,0.2810551463,0.2670763236948258,0.26569558268041715,0.01397882260517419,0.0006686666770931935
1827.222,0.2816817131,0.26743064554974544,0.266048657536485,0.01425106755025457,0.0006674877845975657
1827.704,0.2819702222,0.2677845824654368,0.2664016533250103,0.014185639734563216,0.0006663116775824792
1828.187,0.28263645260000003,0.26813884973693686,0.2667552838671009,0.014497602863063175,0.0006651359165964177
1828.668,0.2830050974,0.2684912305811009,0.26710733484702376,0.014513866818899102,0.0006639677878636671
1829.151,0.2837362619,0.26884463778922196,0.2674607157074516,0.014891624110778046,0.0006627975692088699
1829.633,0.2839561876,0.2691968574359289,0.267813212963766,0.014759330164071105,0.000661632529698297
1830.115,0.2847579001,0.26954860429901095,0.26816554028988426,0.015209295800989064,0.0006604702357261388
1830.597,0.285079571,0.26989986109851694,0.2685176796075238,0.01517970990148304,0.0006593106793881343
1831.079,0.2855165732,0.27025061064953115,0.26886961286945865,0.015265962550468859,0.0006581538528067167
1831.561,0.2859962531,0.2706008358626527,0.2692213220604406,0.015395417237347275,0.0006569997481309224
1832.043,0.286393779,0.27095051974445866,0.2695727891981156,0.015443259255541353,0.000655848357536271
1832.525,0.2864188045,0.27129964539795426,0.26992399633394026,0.015119159102045754,0.0006546996732246761
1833.008,0.2870443661,0.27164891854774165,0.270275653321713,0.015395447552258357,0.0006535513126601432
1833.49,0.2872093971,0.2719968761965529,0.2706262861157597,0.015212520903447102,0.0006524080231999053
1833.972,0.2877564805,0.2723442254745685,0.27097660523730527,0.015412255025431532,0.0006512674167697915
1834.454,0.288087674,0.27269094987491793,0.27132659288220695,0.015396724125082084,0.00065012948567631
1834.936,0.28816982280000003,0.27303703298919385,0.27167623128465945,0.01513278981080618,0.0006489942222518554
1835.418,0.2887214012,0.27338245850781584,0.27202550271809,0.015338942692184165,0.0006478616188546033
1835.9,0.2891809373,0.27372721022038227,0.27237438949604975,0.01545372707961773,0.000646731667868416
1836.382,0.2896317231,0.27407127201600834,0.27272287397310324,0.015560451083991678,0.0006456043617027552
1836.865,0.29012857929999997,0.27441533949535796,0.2730716602227037,0.01571323980464201,0.0006444773621907533
1837.347,0.2903803199,0.2747579720100664,0.2734192864042847,0.015622347889933608,0.0006433553284443596
1837.829,0.2908346463,0.27509986684276416,0.2737664575672678,0.015734779457235837,0.0006422359168838259
1838.311,0.2913475511,0.2754410082839607,0.27411315623918053,0.015906542816039315,0.0006411191200199975
1838.793,0.2915291639,0.2757813807251723,0.2744593649929523,0.015747783174827723,0.0006400049303888631
1839.275,0.2921846343,0.2761209686591888,0.27480506644778757,0.016063665640811242,0.0006388933405513882
1839.757,0.2923151226,0.2764597566803171,0.27515024327002424,0.015855365919682896,0.0006377843430934588
1840.239,0.292477336,0.2767977294846205,0.2754948781739981,0.015679606515379474,0.0006366779306257523
1840.721,0.29303694069999997,0.2771348718701393,0.2758389539228957,0.01590206882986067,0.0006355740957836861
1841.204,0.2932941648,0.27747186555911135,0.2761831653729763,0.015822299240888626,0.0006344705491127639
1841.686,0.2935269044,0.2778073001093221,0.2765260700518857,0.015719604290677924,0.0006333718528363537
1842.168,0.2939839244,0.2781418592180027,0.276868364131501,0.015842065181997267,0.0006322757122240494
1842.65,0.2945525219,0.27847552809332055,0.27721003057901106,0.01607699380667943,0.0006311821200092336
1843.132,0.29502784989999997,0.2788082920463637,0.27755105241468025,0.01621955785363627,0.0006300910689495268
1843.614,0.2957198789,0.2791401364912949,0.27789141271268186,0.016579742408705134,0.0006290025518267123
1844.096,0.2963205494,0.2794710469454955,0.27823109460192774,0.016849502454504506,0.000627916561446637
1844.578,0.2967988911,0.2798010090296972,0.2785700812668911,0.01699788207030284,0.0006268330906391089
1845.061,0.2975500935,0.2801306900290368,0.278909057011421,0.017419403470963213,0.0006257498922122905
1845.543,0.2976235738,0.2804587106081837,0.2792466014784747,0.01716486319181626,0.0006246714443250629
1846.025,0.2981211153,0.28078574027171527,0.27958340058175857,0.01733537502828475,0.0006235954946280275
1846.507,0.2984422591,0.28111176505509383,0.2799194377362846,0.017330494044906164,0.0006225220360460272
1846.989,0.29911441920000004,0.2814367710976361,0.28025469641668965,0.01767764810236394,0.0006214510615273995
1847.471,0.2991853537,0.28176074464258505,0.2805891601580366,0.01742460905741494,0.0006203825640439321
1847.953,0.2995012669,0.2820836720371691,0.2809228125566079,0.0174175948628309,0.0006193165365907393
1848.435,0.2999105188,0.28240553973265387,0.2812556372706976,0.01750497906734616,0.0006182529721861835
1848.917,0.3000223678,0.2827263342843839,0.2815876180213984,0.01729603351561615,0.0006171918638717927
1849.4,0.300438815,0.28304670450796254,0.2819194246601554,0.017392110492037482,0.0006161310108649663
1849.882,0.3006515153,0.2833653105594167,0.2822496670675989,0.01728620474058329,0.0006150747990074231
1850.364,0.3009323299,0.2836828037307587,0.28257901702621324,0.017249526169241303,0.0006140210224884533
1850.846,0.3014610103,0.28399917099409366,0.2829074585161978,0.017461839305906335,0.0006129696744413993
1851.328,0.3013437282,0.28431439942567516,0.2832349755844179,0.017029328774324837,0.0006119207480223294
1851.81,0.3021271347,0.28462847620589493,0.28356155234516545,0.01749865849410509,0.0006108742364099515
1852.292,0.3020837825,0.284941388619258,0.2838871729809107,0.017142393880742013,0.0006098301328055324
1852.774,0.30266796020000003,0.2852531240543586,0.2842118217430576,0.017414836145641432,0.000608788430432798
1853.257,0.30304036409999996,0.28556431304495367,0.2845361534115735,0.017476051055046293,0.0006077469687817926
1853.739,0.3034605433,0.28587365459909636,0.28485880936275676,0.017586888700903636,0.0006067100535799199
1854.221,0.3036779817,0.2861817819394581,0.2851804465834107,0.017496199760541897,0.0006056755194009896
1854.703,0.3039682622,0.28648868287074547,0.2855010496082235,0.017479579329254535,0.0006046433595577958
1855.185,0.3042312856,0.28679434530148723,0.2858206030444973,0.017436940298512782,0.0006036135673851967
1855.667,0.3044641195,0.28709875724396017,0.286139091572872,0.01736536225603985,0.0006025861362400012
1856.149,0.3045054401,0.2874019068141057,0.28645649994804034,0.017103533285894312,0.0006015610595008983
1856.631,0.305217653,0.2877037822314391,0.28677281299946145,0.01751387076856087,0.0006005383305683776
1857.114,0.3055296431,0.2880049941041402,0.2870886684147288,0.017524648995859815,0.0005995158283068657
1857.595,0.3060831185,0.28830366400301505,0.2874020928269659,0.017779454496984926,0.000598499889833559
1858.078,0.306092718,0.28860226416741763,0.28771567769289813,0.017490453832582353,0.000597482060043004
1858.56,0.3066583861,0.2888989244857806,0.28802745685172604,0.01775946161421943,0.0005964686615847161
1859.042,0.3071309509,0.2891942532756365,0.2883380659495828,0.01793669762436345,0.0005954575782461207
1859.524,0.3072777932,0.2894882393758934,0.28864749027937137,0.017789553824106574,0.0005944488035568346
1860.006,0.30756589640000004,0.28978087172821665,0.2889557152136084,0.01778502467178339,0.0005934423310676902
1860.488,0.30817666639999997,0.2900721393768869,0.2892627262050982,0.01810452702311305,0.0005924381543506804
1860.97,0.30818118040000003,0.2903620314686536,0.28956850878759954,0.01781914893134645,0.0005914362669988629
1861.452,0.3086250184,0.29065053725258194,0.289873048576488,0.017974481147418064,0.0005904366626262905
1861.935,0.308750424,0.2909382402818943,0.2901769591699923,0.017812183718105723,0.0005894372680853262
1862.417,0.308938216,0.29122393867477564,0.2904789678952191,0.017714277325224348,0.0005884422153005011
1862.899,0.3094580499,0.29150821909772306,0.29077969113996116,0.01794983080227691,0.0005874494264491388
1863.381,0.3096939721,0.29179107120763087,0.29107911485275234,0.017902900892369122,0.0005864588952285245
1863.863,0.3098064754,0.29207248476286024,0.2913772250669764,0.017733990637139763,0.0005854706153565307
1864.345,0.31013607660000003,0.2923524496230552,0.2916740079014981,0.017783626976944855,0.0005844845805715683
1864.827,0.3101268601,0.2926309557489528,0.2919694495612881,0.017495904351047198,0.0005835007846324849
1865.309,0.3106718902,0.29290799320219024,0.2922635363380436,0.01776389699780978,0.0005825192213185022
1865.792,0.31090589949999997,0.2931841223004773,0.29255686047816476,0.01772177719952267,0.0005815378549199328
1866.274,0.3110457387,0.29345818989819883,0.2928481938326105,0.01758754880180119,0.000580560742874831
1866.756,0.3116061316,0.29373075959166584,0.2931381316777877,0.017875372008334167,0.0005795858449011925
1867.238,0.3119600023,0.2940018218442879,0.29342666065857437,0.01795818045571207,0.0005786131548590179
1867.72,0.3123484471,0.2942713672193374,0.2937137675095963,0.018077079880662594,0.0005776426666282854
1868.202,0.3129541925,0.2945393863797282,0.2939994390558109,0.0184148061202718,0.0005766743741088994
1868.684,0.3132020272,0.29480587008779524,0.294283662213093,0.01839615711220477,0.0005757082712206032
1869.166,0.3138123744,0.29507080920506557,0.2945664239888083,0.018741565194934418,0.0005747443519029122
1869.648,0.3142502319,0.2953341946920276,0.2948477114823852,0.018916037207972414,0.0005737826101150436
1870.131,0.31431767050000003,0.2955965591785299,0.2951280908299809,0.01872111132147014,0.0005728210512792338
1870.613,0.314718005,0.2958568074116986,0.2954063883038571,0.018861197588301404,0.0005718636509935918
1871.095,0.3148994824,0.2961154754694014,0.2956831733257941,0.018784006930598562,0.0005709084102204777
1871.577,0.3151498896,0.29637255470580537,0.2959584333692638,0.01877733489419464,0.0005699553229971954
1872.059,0.315397051,0.296628036572837,0.2962321560025718,0.018769014427163,0.0005690043833803937
1872.541,0.3154103286,0.29688191261993235,0.2965043288893947,0.01852841598006766,0.0005680555854459811
1873.023,0.3159019265,0.29713417449378626,0.2967749397893125,0.018767752006213723,0.0005671089232890509
1873.505,0.3158462253,0.2973848139380947,0.29704397655833187,0.018461411361905322,0.0005661643910238279
1873.988,0.3161228394,0.29763433770858105,0.29731198036902096,0.018488501691418968,0.0005652200297836071
1874.47,0.3162229138,0.2978817045036045,0.2975778295046033,0.01834120929639549,0.0005642797441090571
1874.952,0.3168321179,0.298127424663175,0.2978420686365637,0.018704693236825,0.0005633415707707927
1875.434,0.3168020982,0.2983714903166012,0.29810468601196993,0.018430607883398786,0.0005624055039588453
1875.916,0.3172128084,0.29861389368888375,0.29836566997686076,0.018598914711116243,0.0005614715378820092
1876.398,0.3174631925,0.29885462710044547,0.2986250089767376,0.018608565399554522,0.0005605396667677739
1876.88,0.3175238006,0.29909368296686245,0.29888269155704983,0.018430117633137566,0.000559609884862269
1877.362,0.31800036,0.29933105379859026,0.29913870636367373,0.01866930620140972,0.0005586821864301619
1877.844,0.318217206,0.29956673220069097,0.2993930421433873,0.01865047379930901,0.0005577565657546396
1878.327,0.318334905,0.29980119453360554,0.2996462101407146,0.01853371046639446,0.0005568311032112778
1878.809,0.3185803641,0.30003346271989156,0.29989715097193814,0.01854690138010845,0.0005559096252532596
1879.291,0.3188763686,0.3002640168419466,0.30014637960402857,0.018612351758053425,0.0005549902079998833
1879.773,0.31925732830000003,0.30049284988067776,0.30039388519219806,0.018764478419322272,0.0005540728458076458
1880.255,0.31932652959999996,0.3007199549102043,0.30063965699483997,0.018606574689795652,0.0005531575330511963
1880.737,0.3198917502,0.30094532509757466,0.30088368437396595,0.018946425102425335,0.0005522442641232771
1881.219,0.32007524089999995,0.30116895370248375,0.30112595679564,0.01890628719751619,0.0005513330334346375
1881.701,0.32019424979999994,0.30139083407698797,0.3013664638304032,0.018803415723011974,0.0005504238354139914
1882.184,0.3201624308,0.3016114145287164,0.3016056885939417,0.018551016271283582,0.0005495147845139619
1882.666,0.32056392270000006,0.30182977520589405,0.3018426302707094,0.018734147494106013,0.0005486096393753221
1883.148,0.3208886379,0.3020463682470187,0.30207777588235196,0.018842269652981303,0.0005477065102864355
1883.63,0.3209586899,0.30226118737091817,0.302311115421682,0.01869750252908181,0.0005468053917472026
1884.112,0.3210812454,0.302474226387347,0.30254263898803085,0.018607019012652992,0.0005459062782751573
1884.594,0.3214589262,0.30268547919669586,0.3027723367876388,0.018773447003304133,0.000545009164405383
1885.076,0.3215467518,0.30289493978970383,0.3030001991340378,0.018651812010296143,0.000544114044690465
1885.558,0.32171925700000004,0.30310260224716895,0.30322621644843234,0.018616654752831086,0.000543220913700421
1886.041,0.3218823527,0.30330888595275207,0.30345084239387826,0.018573466747247913,0.0005423279192264335
1886.522,0.3222517152,0.3035125095272124,0.3036726782065971,0.018739205672787584,0.0005414405962618055
1887.005,0.3223805693,0.30371516063957527,0.3038935593959763,0.01866540866042471,0.0005405515604284444
1887.487,0.3224281671,0.3039155693703082,0.3041120990461425,0.01851259772969177,0.0005396663344602106
1887.969,0.3226419775,0.30411415169895184,0.3043287473795493,0.01852782580104817,0.0005387830703151362
1888.451,0.3229807058,0.30431090224074697,0.30454349547124615,0.018669803559253018,0.0005379017626665237
1888.933,0.3232911096,0.3045058156989648,0.3047563345064289,0.018785293901035227,0.0005370224062046855
1889.415,0.3234613444,0.3046988868646131,0.3049672557807671,0.01876245753538691,0.0005361449956368545
1889.897,0.3235919911,0.30489011061615023,0.3051762507007285,0.018701880483849742,0.0005352695256871346
1890.379,0.323863379,0.30507948191919476,0.30538331078389497,0.018783897080805245,0.0005343959910964291
1890.862,0.32400291459999997,0.30526738292509614,0.3055888511872489,0.018735531674903827,0.0005335225803170742
1891.344,0.32405146469999996,0.3054530307066161,0.3057920125383774,0.018598433993383845,0.0005326529047221656
1891.826,0.3242499021,0.3056368114467662,0.30599321425842807,0.0186130906532338,0.0005317851487984165
1892.308,0.3244823503,0.30581872045710706,0.30619244831271486,0.018663629842892937,0.0005309193073533888
1892.79,0.324503047,0.30599875313492436,0.30638970677915767,0.018504293865075627,0.0005300553752111219
1893.272,0.32488766609999997,0.30617690496294153,0.30658498184856076,0.01871076113705844,0.00052919334721212
1893.754,0.3248546339,0.30635317150903757,0.30677826582488693,0.018501462390962453,0.0005283332182132496
1894.236,0.3251357448,0.3065275484259615,0.3069695511255238,0.018608196374038488,0.0005274749830877108
1894.719,0.32514023000000003,0.3067003873280438,0.3071592208863869,0.018439842671956252,0.000526616862032587
1895.201,0.3253764011,0.3068709683407542,0.30734648235785644,0.018505432759245766,0.0005257624032410336
1895.683,0.3255255583,0.3070396471805398,0.3075317230740262,0.01848591111946024,0.0005249098230292214
1896.165,0.3258286188,0.30720641983699193,0.3077149359087698,0.018622198963008096,0.0005240591163350641
1896.647,0.3258625725,0.30737128238317013,0.3078961138506279,0.018491290116829873,0.0005232102781125327
1897.129,0.3260142623,0.30753423097532595,0.3080752500030399,0.018480031324674073,0.0005223633033315384
1897.611,0.32619926720000003,0.30769526185262525,0.30825233758456644,0.018504005347374786,0.0005215181869779159
1898.093,0.3262756315,0.30785437133687477,0.30842736992910635,0.01842126016312523,0.0005206749240533559
1898.575,0.3264398262,0.3080115558322496,0.3086003404861087,0.01842827036775041,0.0005198335095753365
1899.058,0.3265890893,0.30816713192582124,0.3087715952356218,0.018421957374178788,0.0005189921986413917
1899.54,0.32682297749999994,0.30832045197240776,0.3089404187185957,0.018502525527592184,0.0005181544699810504
1900.022,0.3266982752,0.30847183672727063,0.30910716144494466,0.018226438472729367,0.0005173185749036861
1900.504,0.3270210653,0.3086212829215193,0.3092718173285435,0.018399782378480722,0.0005164845084894349
1900.986,0.3270399172,0.3087687873672859,0.30943438039977766,0.01827112983271406,0.0005156522658339357
1901.468,0.3273010554,0.30891434695746167,0.3095948448057189,0.018386708442538313,0.0005148218420482941
1901.95,0.3273507013,0.3090579586654323,0.30975320481028984,0.018292742634567705,0.0005139932322590091
1902.432,0.32765799489999997,0.3091996195448206,0.3099094547944283,0.018458375355179357,0.00051316643160793
1902.915,0.3276797598,0.3093396145453484,0.3100639068344466,0.018340145254651607,0.0005123397255137036
1903.397,0.32802150760000004,0.30947736118615166,0.3102159159836152,0.018544146413848384,0.0005115165323540125
1903.879,0.3280693114,0.30961314863253186,0.31036579894795485,0.018456162767468143,0.000510695133839618
1904.361,0.3280978716,0.3097469742566421,0.3105135505781867,0.018350897343357875,0.0005098755251732284
1904.843,0.3283293648,0.3098788355095915,0.31065916584275655,0.018450529290408524,0.0005090577015726284
1905.325,0.3283551846,0.3100087299211966,0.3108026398279606,0.018346454678803414,0.0005082416582706096
1905.807,0.3282681067,0.31013665509973243,0.3109439677380597,0.01813145160026758,0.000507427390514934
1906.289,0.32840527950000004,0.310262608731687,0.3110831448953939,0.01814267076831305,0.000506614893568266
1906.771,0.32856788379999996,0.31038658858151574,0.31122016674048414,0.018181295218484217,0.0005058041627081283
1907.254,0.328676841,0.3105088435561075,0.3113553063809286,0.01816799744389247,0.0005049935166946184
1907.736,0.3286560273,0.31062886533983436,0.3114879999021174,0.018027161960165627,0.0005041863075389711
1908.218,0.32890441350000005,0.3107469070961284,0.3116185251340774,0.01815750640387165,0.0005033808503813338
1908.7,0.3288537414,0.3108629668990792,0.31174687799123063,0.017990774500920792,0.0005025771405581427
1909.182,0.3290490571,0.31097704289955375,0.3118730545066121,0.01807201420044624,0.0005017751734204313
1909.664,0.3291959378,0.3110891333249661,0.3119970508319387,0.018106804475033877,0.0005009749443337707
1910.146,0.3293249013,0.31119923647904657,0.3121188632376688,0.018125664820953402,0.0005001764486782186
1910.628,0.3294088223,0.3113073507416168,0.31223848811305993,0.01810147155838321,0.0004993796818482639
1911.111,0.3293372223,0.3114136926721932,0.31235616332499433,0.0179235296278068,0.0004985829915759726
1911.593,0.3295907306,0.31151782046038445,0.31247139822679626,0.01807291013961554,0.0004977896722011699
1912.075,0.3297729456,0.3116199549480152,0.3125844354726473,0.01815299065198478,0.0004969980679120797
1912.557,0.32971565599999997,0.31172009481719376,0.3126952719276706,0.017995561182806208,0.0004962081741604409
1913.039,0.32959907200000005,0.3118182388250148,0.31280390457596985,0.017780833174985244,0.0004954199864121718
1913.521,0.3297496121,0.311914385803347,0.3129103305206481,0.017835226296652962,0.0004946335001473224
1914.003,0.3297793824,0.31200853465862,0.313014546983819,0.01777084774137999,0.0004938487108600156
1914.485,0.3296557729,0.31210068437161687,0.31311655130661387,0.01755508852838311,0.0004930656140584065
1914.968,0.3298929817,0.31219101894998413,0.31321654567778134,0.017701962750015843,0.0004922825858361279
1915.449,0.3299995508,0.31227898266444043,0.3133139134906758,0.017720568135559556,0.0004915044800147119
1915.932,0.3299237763,0.31236530622244807,0.31340946214874743,0.017558470077551958,0.000490724821397299
1916.414,0.3301869068,0.3124494464988203,0.31350258909026085,0.01773746030117973,0.0004899484533685602
1916.896,0.33008798059999994,0.312531583643701,0.3135934923779232,0.01755639695629896,0.000489173755565763
1917.378,0.3302212375,0.3126117170798858,0.3136821700669935,0.01760952042011421,0.00048840072358021
1917.86,0.3303850398,0.312689846303127,0.3137686203316171,0.017695193496872985,0.0004876293530168754
1918.342,0.33046814869999996,0.3127659708819428,0.31385284146478276,0.017702177818057163,0.00048685963949436916
1918.824,0.3302967359,0.3128400904574299,0.313934831878273,0.01745664544257014,0.0004860915786448806
1919.306,0.33065454879999995,0.31291220474307985,0.3140145901026102,0.0177423440569201,0.00048532516611414034
1919.789,0.3306247181,0.3129824568936738,0.31409227330395684,0.01764226120632617,0.00048455881261051214
1920.271,0.3305399036,0.31305055586760056,0.3141675585785455,0.017489347732399463,0.00048379568710562297
1920.753,0.3306109035,0.31311664912464526,0.3142406079651551,0.017494254375354734,0.0004830341969284567
1921.235,0.3304642705,0.31318073666622376,0.3143114204688393,0.017283533833776232,0.00048227433777843276
1921.717,0.33058649879999996,0.3132428185652595,0.3143799952130254,0.017343680234740477,0.00048151610536826454
1922.199,0.3305706779,0.3133028949660094,0.314446331439422,0.017267782933990616,0.0004807594954239179
1922.681,0.3307615758,0.31336096608390074,0.3145104285079232,0.017400609716099247,0.0004800045036845577
1923.163,0.3305929255,0.3134170322053629,0.31457228589650565,0.017175893294637146,0.00047925112590251263
1923.646,0.33064166899999997,0.3134712037648866,0.3146320245596938,0.017170465235113397,0.00047849779982880793
1924.128,0.33068521939999995,0.31352325687835914,0.31468939684585695,0.017161962521640817,0.0004777476405972788
1924.61,0.3308967919,0.3135733062802021,0.3147445285931748,0.017323485619797907,0.0004769990826497868
1925.092,0.3307427893,0.31362135253940016,0.3147974197510461,0.01712143676059985,0.0004762521217908394
1925.574,0.3307211525,0.3136673962951526,0.314848070386347,0.017053756204847392,0.0004755067538378768
1926.056,0.3307421558,0.31371143825672143,0.31489648068329296,0.017030717543278562,0.00047476297462121115
1926.538,0.330992404,0.3137534792032849,0.31494265094329454,0.017238924796715127,0.00047402077998399413
1927.02,0.331089936,0.3137935199837907,0.31498658158480636,0.017296416016209293,0.0004732801657821646
1927.502,0.3309774084,0.3138315615168135,0.3150282731431717,0.01714584688318649,0.00047254112788440845
1927.985,0.33078874290000004,0.31386767749252886,0.3150678057970938,0.01692106540747118,0.00047180213379168016
1928.467,0.3307472174,0.31390171942169304,0.3151050166203625,0.016845497978306978,0.0004710662394078806
1928.949,0.33086383849999995,0.3139337652778764,0.3151399906681565,0.01693007322212353,0.0004703319090017352
1929.431,0.3307159303,0.3139638162569233,0.31517272894193815,0.016752114043076693,0.0004695991384924781
1929.913,0.3307471622,0.31399187362362596,0.3152032325591916,0.01675528857637404,0.00046886792381187523
1930.395,0.33069237739999996,0.3140179387115952,0.31523150275323103,0.016674438688404736,0.0004681382609041518
1930.877,0.3308546733,0.3140420129231366,0.3152575408730066,0.01681266037686341,0.0004674101457259803
1931.359,0.3306645918,0.31406409772912336,0.31528134838289934,0.01660049407087666,0.0004666835742464189
1931.842,0.3307973477,0.31408423429849675,0.3153029693152322,0.016713113401503277,0.0004659570398292314
1932.324,0.3307834724,0.3141023408605191,0.31532231584000325,0.01668113153948092,0.00046523354688528663
1932.806,0.3306445841,0.31411846284337,0.3153394368423995,0.01652612125663,0.00046451158561276203
1933.288,0.3307688359,0.31413260199115034,0.3153543342466367,0.016636233908849662,0.0004637911520298503
1933.77,0.33069047230000004,0.31414476011594683,0.31536701009126755,0.016545712184053207,0.0004630722421669391
1934.252,0.33062908960000004,0.31415493909772074,0.31537746652894644,0.016474150502279294,0.0004623548520665409
1934.734,0.3304701148,0.314163140884201,0.3153857058261882,0.016306973915798995,0.0004616389777832563
1935.216,0.3308769849,0.31416936749077917,0.3153917303631205,0.016707617409220832,0.0004609246153837271
1935.698,0.3306664312,0.31417362100040547,0.315395542633232,0.016492810199594532,0.0004602117609466114
1936.181,0.33081536640000003,0.3141759062518305,0.3153971462729639,0.016639460148169527,0.00045949893629259876
1936.663,0.3306164914,0.31417621600398893,0.31539653736623796,0.01644027539601106,0.0004587890891723759
1937.145,0.33060269220000005,0.3141745593172121,0.3153937243567088,0.016428132882787938,0.00045808073831407576
1937.627,0.33057657020000003,0.31417093854383726,0.3153887101889077,0.016405631656162767,0.00045737387984396614
1938.109,0.3305328116,0.31416535610327795,0.31538149791938197,0.016367455496722028,0.0004566685099001196
1938.591,0.3304853629,0.31415781448193314,0.31537209071641076,0.016327548418066884,0.0004559646246323607
1939.073,0.3302360649,0.3141483162330989,0.3153604918597134,0.016087748666901103,0.00045526222020222755
1939.555,0.3303828844,0.314136863976883,0.31534670474015414,0.016246020423117014,0.0004545612927829282
1940.038,0.3305122466,0.3141234305653768,0.3153306974541943,0.01638881603462322,0.00045386038893820575
1940.52,0.3303295953,0.31410807438178534,0.3153125399031997,0.01622152091821466,0.0004531624071512843
1941.002,0.3302278755,0.31409077245709166,0.31529220493360477,0.01613710304290833,0.0004524658909565998
1941.484,0.33029537500000006,0.31407152767796664,0.3152696963780173,0.016223847322033413,0.00045177083657368245
1941.966,0.3301585664,0.31405034299749135,0.31524501817862993,0.01610822340250867,0.0004510772402335147
1942.448,0.33019751880000003,0.3140272214350835,0.3152181743868936,0.01617029736491654,0.0004503850981785232
1942.93,0.3301085545,0.31400216607642517,0.31518916916318473,0.016106388423574813,0.0004496944066625213
1943.412,0.3300740381,0.31397518007339204,0.31515800677646744,0.016098858026607987,0.0004490051619506747
1943.895,0.3299757049,0.31394620465633083,0.3151246202506145,0.01602950024366917,0.00044831593484262184
1944.376,0.32984651530000003,0.3139154290722639,0.31508922813073903,0.015931086227736146,0.00044763099805662315
1944.859,0.329936248,0.31388260075057073,0.3150515407011487,0.01605364724942926,0.00044694465194143113
1945.341,0.3297658945,0.3138479210359444,0.31501179007886226,0.0159179734640556,0.0004462611602905915
1945.823,0.3295830625,0.3138113274341796,0.31496990526510177,0.015771735065820414,0.0004455790969310138
1946.305,0.3295465305,0.3137728234930717,0.3149258911731966,0.015773707006928317,0.00044489845819517185
1946.787,0.32941419089999996,0.31373241282616443,0.31487975282255476,0.01568177807383553,0.00044421924042662434
1947.269,0.32941805170000005,0.3136900991126949,0.3148314953382857,0.01572795258730514,0.0004435414399799665
1947.751,0.3291814253,0.3136458860975381,0.31478112395081603,0.015535539202461923,0.00044286505322079563
1948.233,0.3291064461,0.3135997775911521,0.3147286439955016,0.01550666850884791,0.00044219007652567265
1948.716,0.32906932990000004,0.3135516759206087,0.3146739454869576,0.015517653979391366,0.0004415151102929526
1949.198,0.3288956383,0.31350178421302466,0.3146172604737703,0.015393854086975356,0.00044084294580602876
1949.68,0.3289510801,0.3134500088469586,0.31455848353625226,0.015501071253041399,0.00044017218057081347
1950.162,0.3287150582,0.31339635389483406,0.31449762042571083,0.015318704305165964,0.0004395028110073655
1950.644,0.3286391619,0.31334082349441184,0.3144346769963683,0.015298338405588141,0.0004388348335465329
1951.126,0.3285315137,0.3132834218487459,0.3143696592049444,0.015248091851254086,0.00043816824462989507
1951.608,0.3283527872,0.3132241532261376,0.31430257311023346,0.015128633973862382,0.00043750304070973653
1952.09,0.328452111,0.31316302196009493,0.3142334248726785,0.015289089039905057,0.00043683921824899213
1952.573,0.328242892,0.31309989983710446,0.3141620708948678,0.015142992162895552,0.0004361754007849298
1953.055,0.32791220860000003,0.31303505270400156,0.31408881301195835,0.014877155895998473,0.0004355143335221939
1953.537,0.32802535839999997,0.3129683563282798,0.31401351208660255,0.015057002071720171,0.0004348546371640874
1954.019,0.3276573525,0.31289981530400246,0.31393617468168444,0.014757537195997539,0.00043419630821587126
1954.501,0.3277206623,0.3128294342902448,0.31385680745953437,0.01489122800975523,0.0004335393431932963
1954.983,0.3275318686,0.31275721801105494,0.3137754171814715,0.01477465058894506,0.00043288373862254844
1955.465,0.3274642039,0.31268317125542067,0.3136920107073473,0.014781032644579306,0.00043222949104023724
1955.947,0.32724396089999996,0.31260729887723554,0.3136065949950811,0.014636662022764424,0.00043157659699333614
1956.429,0.3273816312,0.31252960579526456,0.313519177100193,0.014852025404735458,0.0004309250530391726
1956.912,0.32719206900000003,0.3124499301531478,0.3134295766025224,0.014742138846852215,0.00043027350818579114
1957.394,0.3268996446,0.31236860692794033,0.3133381717805609,0.014531037672059655,0.0004296246569134754
1957.876,0.32673903029999996,0.3122854781548308,0.3132447865387331,0.014453552145169135,0.0004289771454604617
1958.358,0.3268562399,0.31220054901189137,0.31314942831839204,0.014655690888108641,0.0004283309704250951
1958.84,0.3265771574,0.31211382474191235,0.31305210465608574,0.014463332658087635,0.00042768612841588766
1959.322,0.3265262424,0.3120253106523717,0.31295282318306133,0.014500931747628287,0.0004270426160514608
1959.804,0.326162091,0.3119350121154096,0.3128515916247697,0.014227078884590405,0.0004264004299605583
1960.286,0.3263794957,0.3118429345677983,0.3127484178003612,0.014536561132201697,0.0004257595667819635
1960.769,0.32606810430000005,0.31174888695947317,0.3126430895502029,0.01431921734052688,0.00042511869767987415
1961.251,0.32586090990000005,0.3116532642971761,0.3125360510350861,0.014207645602823948,0.00042448047300961165
1961.733,0.3258320361,0.3115558793338239,0.31242709428531146,0.014276156766176107,0.00042384356122113345
1962.215,0.3256264977,0.3114567377645865,0.31231622748991206,0.014169759935413528,0.00042320795899314584
1962.697,0.32542174009999997,0.31135584534913446,0.3122034589290458,0.014065894750865504,0.0004225736630142461
1963.179,0.3252523774,0.31125320791161315,0.3120887969734678,0.013999169488386864,0.0004219406699828778
1963.661,0.32491170680000003,0.31114883134061705,0.31197225008400054,0.013762875459382984,0.0004213089766073126
1964.143,0.3249846899,0.311042721589165,0.31185382681099705,0.013941968310834996,0.00042067857960560495
1964.625,0.3248634284,0.310934884674675,0.3117335357938046,0.013928543725324982,0.0004200494757055641
1965.108,0.32457066300000004,0.3108250975953864,0.3116111304105721,0.013745565404613636,0.00041942036046445656
1965.59,0.3243976404,0.3107138211130198,0.31148712634692716,0.013683819286980203,0.00041879383565593257
1966.072,0.3243771822,0.31060083591896115,0.31136128100420235,0.013776346281038854,0.0004181685941839884
1966.554,0.3241283033,0.3104861482881048,0.31123360337242734,0.013642155011895196,0.0004175446328151388
1967.036,0.3241764628,0.3103697645596169,0.3111041025278708,0.013806698240383108,0.0004169219483254954
1967.518,0.3239707007,0.3102516911369101,0.3109727876324786,0.013719009563089912,0.0004163005375007157
1968.0,0.3237018491,0.310131934487617,0.3108396679333074,0.013569914612382994,0.0004156803971359922
1968.482,0.3234744369,0.310010501143564,0.3107047527619565,0.013463935756436007,0.00041506152403600837
1968.965,0.32349344960000004,0.30988714056795785,0.3105677660714638,0.013606309032042185,0.00041444263498018
1969.447,0.3233116227,0.3097623702423537,0.3104292846099785,0.013549252457646321,0.00041382628947419554
1969.929,0.32289899769999997,0.3096359432163768,0.3102890361925813,0.013263054483623193,0.0004132112016970573
1970.411,0.32282566160000004,0.30950786627848703,0.3101470304834448,0.013317795321513004,0.0004125973684911148
1970.893,0.3227378952,0.3093781462811988,0.3100032772283814,0.013359748918801206,0.00041198478670803715
1971.375,0.3225795219,0.30924679014105105,0.30985778625425453,0.013332731758948946,0.0004113734532088141
1971.857,0.3221896623,0.30911380483857603,0.3097105674683823,0.013075857461423979,0.0004107633648636872
1972.339,0.32219922279999996,0.30897919741826974,0.30956163085794247,0.013220025381730227,0.0004101545185521432
1972.822,0.32204752229999994,0.3088426906955766,0.30941067218100055,0.013204831604423317,0.0004095456518523378
1973.303,0.32188107899999996,0.3087051447217637,0.3092586445077491,0.013175934278236268,0.0004089405395937535
1973.786,0.3216391194,0.30856542291965094,0.30910429382630233,0.013073696480349062,0.0004083341465562848
1974.268,0.3215273098,0.3084243954531144,0.3089485838967496,0.013102914346885597,0.00040773023990552185
1974.75,0.3212048951,0.3082817820648529,0.30879120727685205,0.012923113035147094,0.000407127559816878
1975.232,0.3211993352,0.3081375901825638,0.3086321744203611,0.013061745017436177,0.00040652610322462784
1975.714,0.3207337412,0.30799182729766017,0.3084714958566091,0.012741913902339808,0.0004059258670720662
1976.196,0.3208154616,0.3078445009652341,0.3083091821898888,0.012970960634765938,0.00040532684831148997
1976.678,0.32065579980000003,0.30769561880401314,0.3081452440988237,0.012960180995986892,0.00040472904390414935
1977.16,0.32044447859999997,0.3075451884963192,0.30797969233574035,0.012899290103680794,0.0004041324508202196
1977.643,0.3199843418,0.30739290090026405,0.3078121892736331,0.012591440899735962,0.00040353583205458523
1978.125,0.3200473171,0.307239394429258,0.3076434394237159,0.012807922670741989,0.00040294165506107166
1978.607,0.3197277869,0.30708436325626376,0.30747310861746596,0.012643423643736218,0.00040234868034857133
1979.089,0.3197048395,0.3069278153176575,0.30730120789580967,0.0127770241823425,0.00040175690492270634
1979.571,0.319271582,0.3067697586131758,0.30712774837018314,0.012501823386824207,0.00040116632579788054
1980.053,0.3189846751,0.3066102012058616,0.3069527412218814,0.012374473894138427,0.00040057693999723764
1980.535,0.3187846975,0.3064491512220125,0.3067761977014124,0.012335546277987497,0.0003999887445526606
1981.017,0.3185672599,0.3062866168511239,0.30659812912784135,0.012280643048876105,0.0003994017365047135
1981.5,0.3185024815,0.3061222645463951,0.3064181727453585,0.012380216953604917,0.00039881469873014676
1981.982,0.3180357555,0.3059567831858374,0.3062370851890611,0.012078972314162606,0.0003982300590799842
1982.464,0.3179951841,0.30578984240277846,0.3060545069656073,0.012205341697221539,0.00039764659799393804
1982.946,0.317674051,0.305621450639041,0.30587044966184834,0.01205260036095901,0.000397064312547076
1983.428,0.317451944,0.30545161639933816,0.3056849249298882,0.012000327600661831,0.0003964831998230125
1983.91,0.31716619479999997,0.30528034825120365,0.3054979444864132,0.01188584654879632,0.0003959032569138745
1984.392,0.3170572611,0.3051076548249222,0.30530952011202217,0.011949606275077795,0.0003953244809202841
1984.874,0.3169970638,0.3049335448134583,0.3051196636505541,0.012063518986541677,0.0003947468689513362
1985.356,0.3165386269,0.3047580269723769,0.30492838700840785,0.011780599927623092,0.00039417041812453776
1985.839,0.3165932401,0.3045807416242404,0.3047353009372617,0.012012498475759581,0.0003935939332148191
1986.321,0.3160791059,0.30440243176582926,0.30454121701571635,0.011676674134170728,0.00039301979845260686
1986.803,0.31601192359999997,0.3042227407379452,0.3043457490264163,0.01178918286205477,0.00039244681622950924
1987.285,0.31567005659999997,0.30404167754588973,0.30414890911932435,0.011628379054110238,0.00039187498369650875
1987.767,0.3154375488,0.30385925125715424,0.30395070950355024,0.011578297542845783,0.0003913042980128994
1988.249,0.315329129,0.303675471001324,0.3037511624466568,0.01165365799867596,0.00039073475634622865
1988.731,0.3150072968,0.30349034596998725,0.30355028027396996,0.011516950830012751,0.00039016635587228184
1989.213,0.3149213201,0.30330388541663533,0.3033480753678832,0.01161743468336468,0.0003895990937750612
1989.696,0.314686934,0.30311570768538576,0.30314413658306716,0.011571226314614214,0.00038903179388886054
1990.178,0.3142776155,0.30292660137337435,0.30293932090264564,0.011351014126625647,0.00038846680247704225
1990.66,0.31423044310000003,0.30273618768988164,0.30273321999753244,0.011494255410118392,0.00038790294103716115
1991.142,0.31405274510000003,0.3025444761351117,0.30252584647151964,0.011508268964888324,0.0003873402067858027
1991.624,0.3137523904,0.30235147627064207,0.3023172129819643,0.011400914129357953,0.00038677859694764155
1992.106,0.3136506316,0.30215719771930427,0.3021073322390795,0.011493433880695736,0.00038621810875537636
1992.588,0.3131363371,0.30196165016506604,0.30189621700522756,0.011174686934933953,0.00038565873944974925
1993.07,0.3130561978,0.3017648433529083,0.3016838800942103,0.011291354447091673,0.0003851004862794881
1993.552,0.3126221649,0.3015667870886971,0.30147033437055515,0.011055377811302891,0.00038454334650129217
1994.035,0.3123888183,0.30136707648051864,0.3012551459926186,0.011021741819481345,0.00038398616494503626
1994.517,0.3122473594,0.30116654843189017,0.30103921899589614,0.011080810968109811,0.0003834312460485768
1994.999,0.31178864359999997,0.30096480073358367,0.3008221221043793,0.0108238428664163,0.00038287743235618156
1995.481,0.3115667042,0.3007618434337934,0.3006038683784451,0.01080486076620657,0.0003823247211561774
1995.963,0.3113067615,0.30055768664091,0.3003844709256112,0.010749074859089991,0.00038177310974472575
1996.445,0.3110257335,0.30035234052337006,0.30016394289981096,0.010673392976629947,0.0003812225954257946
1996.927,0.3108324418,0.3001458153095044,0.2999422975006716,0.010686626490495621,0.00038067317551114223
1997.409,0.3107408298,0.29993812128738045,0.299719547972789,0.010802708512619552,0.0003801248473202864
1997.892,0.31021605220000004,0.29972883430372643,0.2994952420812137,0.010487217896273604,0.0003795764739597754
1998.374,0.3100825299,0.2995188313964237,0.29927032198426456,0.010563698503576302,0.0003790303234571126
1998.856,0.3097167925,0.299307690923619,0.29904433778268813,0.01040910157638103,0.00037848525667759
1999.338,0.3097357183,0.29909542341078843,0.29881730289375896,0.010640294889211588,0.00037794127097151597
1999.82,0.3092979668,0.29888203944229286,0.29858923077607125,0.010415927357707133,0.000377398363696842
2000.302,0.3090073249,0.29866754966119646,0.298360134928806,0.010339775238803528,0.000376856532219113
2000.784,0.30858592149999997,0.2984519647690764,0.29813002889099527,0.010133956730923543,0.0003763157739114691
2001.266,0.3085100601,0.2982352955258338,0.2978989262407875,0.010274764574166206,0.00037577608615459765
2001.749,0.3081329864,0.29801709989259645,0.2976663580768653,0.010115886507403526,0.00037523634997653076
2002.23,0.3081211777,0.297798747316007,0.29743378560693096,0.010322430383993053,0.0003746999118535671
2002.713,0.3076073791,0.29757843293821096,0.29719928848539046,0.010028946161789065,0.00037416230815784786
2003.195,0.3076243877,0.2973575329012064,0.29696433398367383,0.010266854798793579,0.0003736268787580245
2003.677,0.3070404995,0.2971356032033412,0.2967284513497962,0.009904896296658805,0.00037309250691954995
2004.159,0.3069378719,0.29691265495026586,0.29649165438115693,0.010025216949734128,0.0003725591900679572
2004.641,0.3065046394,0.2966886993044763,0.29625395690908995,0.009815940095523723,0.0003720269256361494
2005.123,0.3063945075,0.2964637474850782,0.29601537279811674,0.009930760014921824,0.00037149571106439465
2005.605,0.3060497556,0.29623781076755495,0.2957759159452038,0.009811944832445019,0.0003709655438003
2006.087,0.3058298769,0.29601090048352274,0.29553560027901576,0.009818976416477276,0.00037043642129877687
2006.57,0.3055317195,0.2957825542637878,0.2952939385576173,0.00974916523621222,0.0003699072465014291
2007.052,0.3054008942,0.2955537291043421,0.2950519454647119,0.009847165095657917,0.00036938020807333763
2007.534,0.3048934981,0.29532396473146744,0.2948091355563626,0.009569533368532557,0.0003688542068109666
2008.016,0.30470056759999997,0.2950932726989141,0.29456552288061405,0.009607294901085861,0.0003683292401982486
2008.498,0.3042654603,0.2948616646152801,0.2943211215134678,0.00940379568471994,0.0003678053057263142
2008.98,0.30419009939999997,0.2946291521437374,0.2940759455581333,0.009560947256262553,0.00036728240089345545
2009.462,0.3036509424,0.2943957470017533,0.29383000914427704,0.009255195398246707,0.00036676052320512006
2009.944,0.303499325,0.29416146096080487,0.2935833264272711,0.00933786403919512,0.0003662396701738629
2010.427,0.3033228515,0.293925817077238,0.29333539752745685,0.009397034422761963,0.0003657187618929349
2010.909,0.30316192940000003,0.29368980300134434,0.2930872632946603,0.00947212639865569,0.00036519995285490823
2011.391,0.3026259392,0.29345294368685293,0.2928384254010946,0.009172995513147097,0.0003646821610490415
2011.873,0.3025753007,0.2932152511184264,0.2925888980974838,0.009360049581573604,0.00036416538401616116
2012.355,0.3023198508,0.29297673733322716,0.29233869565649706,0.009343113466772857,0.0003636496193041113
2012.837,0.3020291422,0.29273741442059675,0.29208783237199376,0.009291727779403236,0.0003631348644677137
2013.319,0.3017627319,0.2924972945217283,0.2918363225582693,0.009265437378271735,0.0003626211170687441
2013.801,0.3013543208,0.29225638982933766,0.291584180549303,0.00909793097066236,0.00036210837467592487
2014.283,0.3010065496,0.2920147125873233,0.29133142069800383,0.008991837012676696,0.00036159663486488364
2014.766,0.3008891331,0.2917717713263376,0.2910775311080819,0.009117361773662402,0.0003610848366303185
2015.248,0.3004773243,0.2915285843809669,0.29082357749559745,0.00894873991903311,0.00036057509680481413
2015.73,0.30026019049999997,0.2912846619470647,0.29056904923544735,0.008975528552935264,0.00036006635232426967
2016.212,0.2998515659,0.291040016469863,0.29031396074875043,0.008811549430137011,0.00035955860079177175
2016.694,0.29936452589999996,0.2907946604439925,0.29005832647178376,0.008569865456007464,0.0003590518398172005
2017.176,0.2993076447,0.2905486064131081,0.28980216085522736,0.008759038286891896,0.0003585460670172245
2017.658,0.2987553937,0.2903018669695061,0.289545478363411,0.008453526730493877,0.0003580412800152634
2018.14,0.2985794363,0.2900544547537366,0.28928829347356066,0.00852498154626341,0.00035753747644147655
2018.623,0.2983445523,0.2898058671040595,0.28903008558705456,0.008538685195940532,0.0003570336117506968
2019.105,0.29780530639999997,0.28955714612686223,0.2887719384135361,0.008248160273137739,0.0003565317699786501
2019.587,0.2977610463,0.2893077906112531,0.2885133323736179,0.008453255688746886,0.0003560309045605942
2020.069,0.2971731801,0.28905781338687464,0.28825428198859415,0.00811536671312535,0.0003555310131534257
2020.551,0.2971113455,0.28880722732958153,0.28799480178888825,0.008304118170418484,0.0003550320934206803
2021.033,0.2967721116,0.28855604536101054,0.2877349063132989,0.008216066238989461,0.00035453414303249084
2021.515,0.2964923034,0.2883042804481471,0.28747461010824993,0.008188022951852891,0.0003540371596655764
2021.997,0.2963707512,0.2880519456028823,0.28721392772703735,0.008318805597117729,0.0003535411410032243
2022.479,0.2960470885,0.28779905388156457,0.28695287372907924,0.00824803461843543,0.0003530460847352597
2022.962,0.29541034790000004,0.28754509202861633,0.28669091997154117,0.007865255871383703,0.0003525509644586427
2023.444,0.295280392,0.287291124812582,0.28642916574368604,0.007989267187417992,0.00035205782805973484
2023.926,0.29506560319999997,0.2870366401790997,0.28616708363680804,0.008028963020900282,0.00035156564715899336
2024.408,0.2947115463,0.28678165135781203,0.28590468822731985,0.007929894942187987,0.0003510744194722121
2024.89,0.2944527432,0.2865261716204707,0.2856419940940069,0.007926571579529251,0.0003505841427216299
2025.372,0.2941867306,0.2862702142804483,0.2853790158172824,0.007916516319551703,0.00035009481463589104
2025.854,0.29425966060000003,0.2860137926922387,0.28511576797843846,0.008245867907761328,0.0003496064329500485
2026.336,0.293653761,0.28575692025095384,0.28485226515890105,0.007896840749046175,0.00034911899540552356
2026.819,0.29352298309999997,0.28549907610857617,0.28458797451460116,0.008023906991423801,0.00034863149140053535
2027.301,0.2930906627,0.28524134144086793,0.2843240050214116,0.00784932125913207,0.0003481459373354446
2027.783,0.29275125339999997,0.28498319637205444,0.2840598243154023,0.00776805702794553,0.00034766132066933535
2028.265,0.2925101629,0.28472465445461315,0.28379544697108516,0.007785508445386835,0.0003471776391689398
2028.747,0.2920621958,0.2844657292790088,0.2835308875593871,0.007596466520991163,0.0003466948906072594
2029.229,0.29178107659999997,0.2842064344731481,0.2832661606469098,0.007574642126851883,0.00034621307276354947
2029.711,0.2912993912,0.28394678370182314,0.2830012807951896,0.007352607498176844,0.0003457321834232935
2030.193,0.2910477925,0.2836867906661511,0.28273626255995987,0.0073610018338489125,0.0003452522203781921
2030.676,0.290852881,0.28342592868481914,0.28247057028449474,0.007426952315180868,0.00034477218852845763
2031.157,0.2905642753,0.2831658327844379,0.28220586912846174,0.007398442515562098,0.00034429506437119034
2031.64,0.29026320840000003,0.28290435385023394,0.2819399724089645,0.007358854549766092,0.0003438168779420881
2032.122,0.290025846,0.2826431288935274,0.28167454590380264,0.007382717106472592,0.0003433406000194464
2032.604,0.2898671875,0.2823816307315835,0.2814090537110777,0.007485556768416501,0.0003428652374384257
2033.086,0.2896101062,0.2821198732713339,0.2811435103362343,0.007490232928666074,0.00034239078802759124
2033.568,0.2891714354,0.28185787045189814,0.2808779302737727,0.007313564948101869,0.0003419172496215879
2034.05,0.2890568039,0.2815956362439652,0.2806123280065239,0.007461167656034773,0.0003414446200611089
2034.532,0.2884004759,0.28133318464916374,0.2803467180049181,0.007067291250836272,0.00034097289719288307
2035.014,0.2880992138,0.2810705296994301,0.2800811147262612,0.007028684100569893,0.0003405020788696592
2035.497,0.2879487859,0.28080713994935835,0.27981498164579044,0.007141645950641651,0.00034003118895744526
2035.979,0.2873470261,0.28054412015475405,0.2795494352176636,0.006802905945245963,0.0003395621751719857
2036.461,0.2871604348,0.2802809393057323,0.27928393882830016,0.006879495494267696,0.0003390940595212488
2036.943,0.28694272519999997,0.2800176115490207,0.2790185068752391,0.006925113650979253,0.00033862683988186893
2037.425,0.2866502609,0.2797541510583705,0.27875315373928483,0.0068961098416295274,0.0003381605141363881
2037.907,0.2863562926,0.2794905720338773,0.278487893783789,0.006865720566122724,0.00033769508017325746
2038.389,0.285888464,0.27922688870129536,0.2782227413539357,0.006661575298704647,0.0003372305358868028
2038.871,0.2855735495,0.2789631153113469,0.27795771077602943,0.006610434188653147,0.0003367668791772239
2039.354,0.2851170106,0.27869871866523566,0.27769226693474636,0.006418291934764342,0.0003363031487632826
2039.836,0.2849678213,0.27843480789639174,0.27742752328752235,0.006533013403608234,0.0003358412627619885
2040.318,0.28464768500000004,0.2781708499948391,0.2771629443803301,0.006476835005160941,0.0003353802580688238
2040.8,0.2843557392,0.2779068593041346,0.27689854445679973,0.0064488798958654,0.00033492013260726447
2041.282,0.2840135634,0.2776428501892282,0.2766343377381367,0.006370713210771817,0.0003344608843065452
2041.764,0.2837766942,0.2773788370357243,0.2763703384224184,0.006397857164275711,0.000334002511101661
2042.246,0.28347243580000003,0.27711483424913996,0.27610656068389283,0.00635760155086007,0.00033354501093334037
2042.728,0.2832449658,0.27685085625415506,0.2758430186722807,0.0063941095458449615,0.00033308838174802267
2043.21,0.283147479,0.2765869174938533,0.2755797265120773,0.0065605615061467,0.00033263262149784865
2043.693,0.28251383350000003,0.27632248501542706,0.27531615288431727,0.006191348484572978,0.00033217678527820065
2044.175,0.2822940197,0.27605866828002895,0.2750534032874584,0.006235351419971058,0.00033172275856962043
2044.657,0.2820118407,0.27579493424139734,0.2747909457863091,0.006216906458602678,0.0003312695946823905
2045.139,0.2818744852,0.27553129740854926,0.2745287943974736,0.006343187791450766,0.00033081729159127046
2045.621,0.2813233924,0.2752677723050117,0.2742669631088739,0.006055620094988279,0.00033036584727662185
2046.103,0.281131867,0.275004373468023,0.27400546587906666,0.006127493531977002,0.000329915259724401
2046.585,0.28082493,0.2747411154477243,0.27374431663655796,0.00608381455227569,0.00032946552692612803
2047.067,0.2805147314,0.2744780128063494,0.27348352927912534,0.00603671859365057,0.00032901664687888434
2047.55,0.2799837583,0.2742145348006803,0.2732225778002936,0.005769223499319687,0.0003285676889468995
2048.032,0.279843823,0.27395178704613676,0.2729625566026704,0.005892035953863228,0.0003281205101739281
2048.514,0.2793548086,0.2736892384518204,0.2727029388209127,0.005665570148179588,0.0003276741781722454
2048.996,0.2790808596,0.27342690362008304,0.2724437382230551,0.005653955979916969,0.00032722869096098574
2049.478,0.2790404227,0.273164797161199,0.2721849685430344,0.005875625538800999,0.00032678404656474196
2049.96,0.2785183321,0.27290293369251417,0.2719266434800247,0.0056153984074858165,0.00032634024301356017
2050.442,0.27814384270000003,0.2726413278375848,0.27166877669777184,0.005502514862415209,0.000325897278342913
2050.924,0.2780588559,0.2723799942253132,0.2714113818239339,0.005678861674686786,0.0003254551505936896
2051.406,0.27750850239999997,0.27211894748907395,0.27115447244942104,0.00538955491092602,0.00032501385781217587
2051.889,0.27723724229999996,0.2718576616242211,0.27089753068426525,0.005379580675778872,0.00032457248509767836
2052.371,0.2769217818,0.27159723322480367,0.27064163400830893,0.0053245485751963195,0.00032413285813416066
2052.853,0.2766417092,0.2713371356499442,0.27038626340529515,0.005304573550055758,0.00032369406030541314
2053.335,0.27643241020000003,0.27107738354206296,0.270131432312526,0.005355026657937079,0.0003232560896791507
2053.817,0.276470543,0.270817991543597,0.2698771541272986,0.005652551456403032,0.0003228189443284007
2054.299,0.2759068508,0.2705589742960912,0.2696234422062638,0.005347876503908777,0.00032238262233149256
2054.781,0.2756514065,0.2703003464392834,0.26937030986478494,0.0053510600607165615,0.000321947121772028
2055.263,0.2754587436,0.2700421226101819,0.2691177703762988,0.0054166209898180995,0.00032151244073887306
2055.746,0.2751789752,0.2697837830219928,0.26886531492744903,0.005395192178007213,0.0003210776780431762
2056.228,0.2748906194,0.26952641205792316,0.26861400209286207,0.005364207342076821,0.00032064463204060033
2056.71,0.2746322941,0.2692694890372538,0.2683633217009159,0.005362805062746223,0.0003202123998584146
2057.192,0.27418937849999997,0.2690130285767435,0.2681132868509331,0.005176349923256496,0.0003197809796063861
2057.674,0.2739870549,0.26875704528573,0.2678639105971612,0.005230009614270004,0.00031935036939944586
2058.156,0.2736212746,0.26850155376517915,0.26761520594815547,0.005119720834820873,0.0003189205673577072
2058.638,0.2733756214,0.268246568606722,0.2673671858661591,0.005129052793277966,0.0003184915716064219
2059.12,0.2731304692,0.2679921043916923,0.2671198632664885,0.005138364808307705,0.0003180633802759719
2059.603,0.2728765057,0.2677376494338889,0.26687274012055906,0.005138856266111103,0.00031763510563611897
2060.084,0.2726359156,0.2674847970599359,0.26662736193709313,0.005151118540064115,0.00031720940342467755
2060.567,0.2721364812,0.26723145913222923,0.2663817009552491,0.00490502206777077,0.00031678273163906735
2061.049,0.2721082447,0.26697922548088127,0.266137298044605,0.005129019219118736,0.00031635774104946346
2061.531,0.2717710709,0.26672758552114134,0.2658936564939062,0.005043485378858681,0.00031593354560519797
2062.013,0.27159471820000003,0.2664765537519841,0.2656507889240658,0.005118164448015938,0.00031551014346712514
2062.495,0.2712902176,0.2662261446551928,0.26540870790484966,0.0050640729448072075,0.0003150875328011092
2062.977,0.270869716,0.265976372694358,0.26516742595428866,0.004893343305642006,0.00031466571177801505
2063.459,0.2706668487,0.26572725231387095,0.26492695553809054,0.004939596386129064,0.00031424467857370665
2063.941,0.2702855046,0.26547879793791085,0.2646873090690568,0.004806706662089155,0.00031382443136901097
2064.424,0.2700205539,0.2652305106328152,0.2644480043276165,0.004790043267184796,0.0003134040989083907
2064.906,0.26967497139999996,0.2649834329089234,0.26421004455014996,0.004691538491076563,0.0003129854198865376
2065.388,0.2693615773,0.26473706436041844,0.26397294566038465,0.004624512939581549,0.00031256752143273356
2065.87,0.2690813932,0.2644914193203902,0.26373671985361,0.004589973879609799,0.00031215040174754953
2066.352,0.2687441727,0.2642465120966002,0.2635013792693383,0.004497660603399789,0.00031173405903646304
2066.834,0.2683500986,0.26400235697044694,0.2632669359907427,0.004347741629553037,0.0003113184915098246
2067.316,0.2679635113,0.2637589681959278,0.2630334020440936,0.0042045431040722,0.00031090369738285054
2067.798,0.2677952756,0.26351635999860046,0.2628007893982057,0.0042789156013995355,0.0003104896748756064
2068.281,0.2676903348,0.26327404572293067,0.26256863027945676,0.004416289077069313,0.00031007556564134804
2068.763,0.26739638920000003,0.2630330429306679,0.26233789788192924,0.004363346269332102,0.0003096630826447663
2069.245,0.2671755517,0.2627928632404555,0.26210812236574543,0.004382688459544537,0.0003092513659534047
2069.727,0.26687360439999996,0.26255352075354704,0.261879315464264,0.004320083646452921,0.00030884041380658574
2070.209,0.2669996802,0.26231502953750413,0.2616514888506516,0.004684650662495848,0.00030843022444840794
2070.691,0.26636385560000003,0.26207740362513926,0.261424654137349,0.004286451974860772,0.00030802079612773307
2071.173,0.2664041358,0.261840657013454,0.26119882287553664,0.004563478786546005,0.0003076121270981631
2071.655,0.2660500081,0.2616048036625763,0.26097400655460634,0.004445204437423689,0.00030720421561802733
2072.137,0.2656943644,0.26136985749469926,0.26075021660163855,0.004324506905300729,0.00030679705995038324
2072.62,0.26542689070000003,0.2611353478308092,0.2605270033259107,0.004291542869190812,0.0003063898159888158
2073.102,0.2653576799,0.26090225959243185,0.26030530232636995,0.004455420307568125,0.00030598416831318693
2073.584,0.2650081856,0.26067012009392254,0.260084661620201,0.00433806550607746,0.0003055792712637636
2074.066,0.2647469396,0.2604389430949522,0.2598650923799197,0.0043079965050478175,0.00030517512312232655
2074.548,0.2645104699,0.26020874231190294,0.2596466057131587,0.0043017275880970485,0.00030477172217529397
2075.03,0.26408926239999997,0.2599795314167917,0.25942921266216146,0.004109730983208271,0.0003043690667137045
2075.512,0.2640971119,0.2597513240361977,0.25921292420328723,0.004345787863802297,0.00030396715503322105
2075.994,0.2637322549,0.25952413375018385,0.258997751246514,0.004208121149816169,0.00030356598543410427
2076.477,0.2634727933,0.259297505961005,0.25878326173315874,0.004175287338995026,0.0003031647262236475
2076.959,0.262962934,0.2590723925930779,0.2585703546128696,0.0038905414069220767,0.00030276503723717204
2077.441,0.2628817216,0.2588483367978692,0.2583585953435785,0.0040333848021307794,0.0003023660852567977
2077.923,0.2627206034,0.2586253519584939,0.25814799456472204,0.004095251441506076,0.00030196786860104693
2078.405,0.2625433405,0.2584034514061576,0.2579385628469364,0.004139889093842386,0.000301570385592981
2078.887,0.2623645669,0.258182648419077,0.25773031069158603,0.004181918480922975,0.00030117363456015725
2079.369,0.26208552,0.25796295622140136,0.2575232485302956,0.0041225637785986535,0.0003007776138346549
2079.851,0.261798089,0.2577443879821325,0.2573173867244849,0.004053701017867506,0.00030038232175301835
2080.333,0.261519615,0.25752695681404747,0.2571127355649109,0.003992658185952513,0.0002999877566562855
2080.816,0.2615119215,0.2573102282613455,0.2569088844927965,0.004201693238654547,0.0002995931005478245
2081.298,0.26111153189999997,0.25709511277025837,0.25670668777750233,0.0040164191297416,0.0002991999859615013
2081.78,0.2607944713,0.2568811733673389,0.25650573217301975,0.003913297932661097,0.00029880759340645614
2082.262,0.2605607392,0.2566684229295653,0.25630602768277855,0.0038923162704346814,0.000298415921241482
2082.744,0.2605700524,0.2564568742723081,0.25610758423730406,0.004113178127691852,0.0002980249678297748
2083.226,0.2602141479,0.25624654014825665,0.2559104116937809,0.003967607751743374,0.0002976347315389235
2083.708,0.2601130641,0.25603743324634887,0.255714519835623,0.0040756308536511465,0.00029724521074089117
2084.19,0.2598799606,0.25582956619070096,0.2555199183720437,0.004050394409299052,0.0002968564038120122
2084.673,0.2594987806,0.2556225241889854,0.25532621725533444,0.003876256411014578,0.00029646750469654147
2085.155,0.2591466934,0.25541717707078615,0.2551342281365171,0.0037295163292138667,0.00029608012212500645
2085.637,0.25899440009999997,0.2552131072973038,0.2549435581101088,0.003781292802696179,0.00029569344857432474
2086.119,0.2586726056,0.25501032722256955,0.25475421658417613,0.003662278377430439,0.00029530748243815304
2086.601,0.2585595574,0.2548088491304743,0.25456621289050985,0.003750708269525671,0.00029492222211445
2087.083,0.258315395,0.2546086852337139,0.2543795562842241,0.0037067097662861204,0.0002945376660054535
2087.565,0.2580406498,0.25440984767273533,0.25419425594335654,0.0036308021272646873,0.00029415381251768097
2088.047,0.2578556244,0.25421234851468777,0.25401032096847576,0.003643275885312214,0.0002937706600618962
2088.53,0.2577368027,0.2540157942167473,0.2538273830607784,0.0037210084832526857,0.00029338741430812154
2089.011,0.25741311499999997,0.25382141330321284,0.25364658312926613,0.0035917016967871307,0.00029300645191059245
2089.494,0.257353725,0.25362760117446914,0.2534664265304984,0.003726123825530836,0.00029262460320195297
2089.976,0.2569642653,0.2534355776846275,0.253288045377997,0.0035286876153725055,0.0002922442405062209
2090.458,0.2565895674,0.25324495182163453,0.2531110739367755,0.003344615578365462,0.00029186457095649136
2090.94,0.2568512271,0.253055735190827,0.25293552083438703,0.003795491909172999,0.0002914855929888179
2091.422,0.2565159256,0.25286793931699164,0.2527613946182775,0.0036479862830083865,0.00029110730504341666
2091.904,0.2562998956,0.2526815756433446,0.2525887037554259,0.0036183199566554025,0.00029072970556466305
2092.386,0.2562056103,0.2524966555305182,0.2524174566319902,0.003708954769481798,0.0002903527930010741
2092.868,0.2559934375,0.25231319025554994,0.25224766155295575,0.003680247244450041,0.00028997656580529135
2093.351,0.255781787,0.25213081495073686,0.252078979023049,0.0036509720492631237,0.00028960024400821825
2093.833,0.2554841474,0.2519502959192833,0.25191211567625843,0.0035338514807166654,0.0002892253843363735
2094.315,0.2553696492,0.2517712650679793,0.25174672881498955,0.003598384132020682,0.00028885120541173977
2094.797,0.2550674823,0.25159373332930046,0.2515828264159501,0.0034737489706995195,0.00028847770570336145
2095.279,0.2549572134,0.251417711547154,0.2514204163729904,0.0035395018528460165,0.0002881048836843459
2095.761,0.254638822,0.2512432104758978,0.25125950649677636,0.003395611524102171,0.0002877327378318596
2096.243,0.2546919126,0.2510702407793704,0.25110010451447135,0.003621671820629613,0.00028736126662711245
2096.725,0.2542900702,0.250898813029925,0.25094221806942196,0.0033912571700749905,0.00028699046855533357
2097.208,0.25424647300000003,0.25072858689000477,0.25078553190401287,0.0035178861099952607,0.0002866195749056831
2097.69,0.2540797664,0.25056027763413025,0.2506307023098667,0.0035194887658697716,0.0002862501199603266
2098.172,0.2537357386,0.25039354150517246,0.25047741069227225,0.003342197094827526,0.0002858813336245881
2098.654,0.2535024894,0.250228388699812,0.2503256643560699,0.003274100700187965,0.0002855132143997054
2099.136,0.2534981716,0.25006482931851043,0.2501754705207754,0.0034333422814895598,0.0002851457607908855
2099.618,0.2534490155,0.2499028733645838,0.25002683632029105,0.0035461421354161804,0.0002847789713072914
2100.1,0.2528439473,0.2497425307432854,0.2498797688026237,0.003101416556714587,0.00028441284446203535
2100.582,0.2526865462,0.2495838112608939,0.24973427492960482,0.0031027349391060666,0.0002840473787721488
2101.064,0.2526754124,0.24942672462381146,0.24959036157661807,0.003248687776188558,0.00028368257275859836
2101.547,0.2525855695,0.2492709596532885,0.2494477419047445,0.0033146098467115026,0.0002833176701360415
2102.029,0.2522602862,0.24911717085915214,0.24930701318481463,0.0031431153408478796,0.0002829541804146445
2102.511,0.2520630432,0.2489650434407509,0.24916788510333424,0.003097999759249098,0.0002825913459528294
2102.993,0.2518507426,0.24881458669588846,0.24903036418706082,0.0030361559041115482,0.0002822291652871217
2103.475,0.251687202,0.2486658098180942,0.24889445687500167,0.0030213921819058076,0.00028186763695791495
2103.957,0.2517279847,0.2485187218957688,0.24876016951816707,0.0032092628042312277,0.00028150675950945077
2104.439,0.2515089715,0.24837333191133898,0.24862750837932873,0.003135639588661032,0.0002811465314898117
2104.921,0.2512707107,0.24822964874042153,0.24849647963278237,0.003041061959578484,0.00028078695145089956
2105.404,0.2511240389,0.24808738840179556,0.24836682262694207,0.0030366504982044518,0.0002804272739441966
2105.886,0.25095671589999996,0.247947148639575,0.2482390802507506,0.00300956726042495,0.00028006898687458955
2106.368,0.25072033990000003,0.24780864168625608,0.24811298826874598,0.0029116982137439573,0.0002797113434612933
2106.85,0.25051071319999996,0.247671875981807,0.24798855249885712,0.0028388372181929467,0.0002793543422714124
2107.332,0.2504017994,0.24753685985534246,0.24786577866942114,0.002864939544657552,0.00027899798187581797
2107.814,0.2504277559,0.24740360152434432,0.24774467241897452,0.0030241543756556744,0.0002786422608491418
2108.296,0.2501421555,0.2472721090938908,0.24762523929604788,0.002870046406109217,0.0002782871777697576
2108.778,0.2499691996,0.24714239055589926,0.24750748475896736,0.0028268090441007365,0.00027793273121977407
2109.26,0.2497604761,0.24701445378837433,0.24739141417565796,0.0027460223116256566,0.0002775789197850266
2109.743,0.2498024719,0.2468880467039599,0.24727679727730958,0.002914425196040099,0.0002772250099789408
2110.225,0.2494462523,0.2467637003885212,0.2471641138634913,0.0026825519114788143,0.0002768724658573646
2110.707,0.24934896510000001,0.24664115880227083,0.247053129973419,0.0027078062977291817,0.00027652055262784565
2111.189,0.249330502,0.2465204293600463,0.24694385061137286,0.002810072639953698,0.00027616926889100684
2111.671,0.24923513719999998,0.2464015193591862,0.24683628069032815,0.00283361784081379,0.0002758186132511397
2112.153,0.24933172890000002,0.24628443597884578,0.2467304250317885,0.0030472929211542432,0.00027546858431618833
2112.635,0.2489948515,0.2461691862793241,0.24662628836562456,0.002825665220675899,0.0002751191806977481
2113.117,0.2486443177,0.2460557772014016,0.2465238753299156,0.002588540498598413,0.0002747704010110444
2113.6,0.24860005640000002,0.24594398603509277,0.2464229833805882,0.0026560703649072537,0.00027442152220339967
2114.082,0.2486534049,0.24583428239504432,0.24632403475134207,0.0028191225049556956,0.00027407398752764695
2114.564,0.24827234369999998,0.24572643948890233,0.24622682312349647,0.002545904211097655,0.00027372707264816367
2115.046,0.2483033779,0.24562046377273392,0.2461313527662985,0.002682914127266095,0.0002733807761946155
2115.528,0.2485750907,0.24551636157995194,0.24603762785648825,0.003058729120048065,0.0002730350968002434
2116.01,0.2482775142,0.2454141391207247,0.2459456524781712,0.002863375079275282,0.0002726900331018649
2116.492,0.24809241459999998,0.24531380248139723,0.24585543062269383,0.0027786121186027524,0.00027234558373985453
2116.974,0.2478690311,0.24521535762392477,0.24576696618852373,0.00265367347607523,0.00027200174735812673
2117.457,0.2479081438,0.24511861205639693,0.24568008493234345,0.0027895317436030798,0.0002716578111544447
2117.938,0.2474494563,0.24502416647710643,0.2455953247129023,0.0024252898228935837,0.00027131590812889657
2118.421,0.2476441255,0.24493124107667114,0.2455119842925946,0.0027128844233288707,0.0002709731936638675
2118.903,0.2474718523,0.24484042443657297,0.24543059034697792,0.002631427863427016,0.00027063179697225795
2119.385,0.247383601,0.24475152751424503,0.24535097192501237,0.0026320734857549766,0.00027029100653061966
2119.867,0.24724097650000001,0.2446645555138504,0.245273132365462,0.0025764209861496024,0.00026995082100394997
2120.349,0.24722470179999997,0.2445795135115517,0.24519707491351023,0.002645188288448286,0.0002696112390607085
2120.831,0.24722963450000002,0.2444964064550471,0.2451228027206777,0.0027332280449529067,0.00026927225937283997
2121.313,0.2471081957,0.2444152391631198,0.2450503188447472,0.0026929565368802033,0.00026893388061572754
2121.795,0.24700161520000002,0.2443360163252017,0.24497962624969127,0.002665598874798336,0.0002685961014682027
2122.278,0.2468214021,0.2442585842108992,0.24491058672973068,0.0025628178891008158,0.00026825822168819146
2122.76,0.2467945383,0.2441832678870805,0.24484348894365404,0.002611270412919503,0.0002679216390472331
2123.242,0.2467510368,0.24410990931406668,0.2447781907723275,0.0026411274859333145,0.0002675856520701962
2123.724,0.2467868902,0.24403851265950724,0.2447146948036637,0.002748377540492758,0.00026725025944958873
2124.206,0.24669661860000003,0.24396908195971695,0.24465300353147773,0.002727536640283079,0.00026691545988131136
2124.688,0.2464083462,0.24390162111931962,0.24459311935544303,0.0025067250806803665,0.0002665812520646508
2125.17,0.24644124879999998,0.24383613391090725,0.24453504458105288,0.0026051148890927356,0.00026624763470226254
2125.652,0.2464146135,0.2437726239747126,0.244478781419587,0.0026419895252873804,0.00026591460650016104
2126.135,0.2462461081,0.24371096922582175,0.2444242209092421,0.00253513887417825,0.0002655814770676798
2126.617,0.2462074007,0.2436514283436883,0.24437159099962616,0.002555972356311692,0.0002652496245332471
2127.099,0.24623328579999998,0.243593874863837,0.24432077877512548,0.002639410936162989,0.00026491835729456834
2127.581,0.24629160509999998,0.2435383118937931,0.24427178606972455,0.002753293206206875,0.0002645876740710168
2128.063,0.2460711578,0.24348474240729717,0.24422461462309603,0.0025864153927028233,0.00026425757358528105
2128.545,0.2460495895,0.24343316924406155,0.24417926608059415,0.0026164202559384453,0.0002639280545633459
2129.027,0.2459382636,0.24338359510954438,0.24413574199325588,0.0025546684904556305,0.0002635991157344912
2129.509,0.24585712510000002,0.24333602257473366,0.24409404381780234,0.0025211025252663555,0.00026327075583128245
2129.991,0.24587106649999999,0.24329045407595018,0.24405417291664921,0.002580612424049805,0.00026294297358955577
2130.474,0.2457214318,0.24324680362384177,0.24401605353345868,0.0024746281761582334,0.00026261508949641354
2130.956,0.24570493540000002,0.24320525413567445,0.2439798446882479,0.002499681264325565,0.0002622884599901443
2131.438,0.24584427120000002,0.24316571518679042,0.24394546664104738,0.0026785560132095987,0.00026196240436981196
2131.92,0.2455810182,0.24312818867285785,0.24391292037703288,0.002452829527142153,0.0002616369213842585
2132.402,0.24559341,0.24309267635410026,0.2438822067871886,0.0025007336458997553,0.0002613120097855396
2132.884,0.24554435160000002,0.24305917985518397,0.24385332666834209,0.0024851717448160504,0.00026098766832894347
2133.366,0.2454585557,0.24302770066512197,0.24382628072320672,0.0024308550348780267,0.0002606638957729524
2133.848,0.2453307797,0.24299824013719157,0.2438010695604271,0.0023325395628084333,0.00026034069087924825
2134.331,0.2454030972,0.24297074465849222,0.243777647105076,0.002432352541507782,0.00026001738362623476
2134.813,0.24535434150000002,0.24294532916528566,0.24375611076584075,0.0024090123347143555,0.0002596953115262152
2135.295,0.24557432769999998,0.24292193558084654,0.24373641047159422,0.0026523921191534405,0.0002593738033900687
2135.777,0.24535278949999997,0.24290056471469923,0.24371854645506538,0.002452224785300744,0.00025905285799217336
2136.259,0.2452591851,0.24288121724044198,0.2437025188552141,0.0023779678595580167,0.0002587324741100573
2136.741,0.24521604,0.24286389369575306,0.24368832771730528,0.0023521463042469326,0.0002584126505243937
2137.223,0.2453835358,0.24284859448241236,0.24367597299298724,0.0025349413175876356,0.0002580933860189781
2137.705,0.2452322679,0.24283531986633566,0.24366545454037442,0.002396948033664331,0.000257774679380734
2138.188,0.2453812434,0.24282404874232538,0.2436567560191652,0.002557194657674622,0.000257455869915298
2138.67,0.2455448465,0.24281482777590663,0.24364991311872952,0.0027300187240933693,0.0002571382765357373
2139.152,0.24525980220000002,0.242807631389464,0.2436449055030661,0.002452170810536003,0.000256821237400255
2139.634,0.2453109514,0.2428024593058296,0.2436417326568825,0.0025084920941703948,0.00025650475130817356
2140.116,0.2453802039,0.24279931111237135,0.24364039397183584,0.002580892787628658,0.00025618881706189803
2140.598,0.24533605439999998,0.24279818626111688,0.2436408887466442,0.002537868138883098,0.00025587343346688445
2141.08,0.24530898050000002,0.2427990840688904,0.2436432161871999,0.0025098964311096317,0.00025555859933166077
2141.562,0.245117841,0.24280200371746713,0.24364737540668946,0.0023158372825328732,0.0002552443134677986
2142.044,0.24515206169999998,0.24280694425374055,0.24365336542571858,0.002345117446259426,0.0002549305746899085
2142.527,0.24532281420000002,0.24281392112918487,0.24366120329718388,0.0025088930708151436,0.0002546167326045326
2143.009,0.24519291540000002,0.2428229042294821,0.2436708553998529,0.0023700111705179105,0.00025430408558344805
2143.491,0.2454377672,0.24283390454779974,0.24368233480699059,0.0026038626522002506,0.0002539919821078828
2143.973,0.24536160939999999,0.24284692059318772,0.24369564017001305,0.002514688806812271,0.0002536804210045229
2144.455,0.24537129440000002,0.24286195074086825,0.24371077004844127,0.002509343659131774,0.00025336940110305494
2144.937,0.24514375309999997,0.24287899323248935,0.24372772291005232,0.002264759867510624,0.00025305892123614993
2145.419,0.2453891725,0.24289804617639316,0.24374649713103452,0.002491126323606846,0.00025274898023945147
2145.901,0.2453369988,0.2429191075478976,0.24376709099614638,0.0024178912521024,0.00025243957695158116
2146.384,0.2453593946,0.24294222513171634,0.24378955108452507,0.0024171694682836586,0.0002521300699686934
2146.865,0.2454705588,0.2429672468116526,0.24381373034163456,0.0025033119883473842,0.00025182237887157817
2147.348,0.2454466095,0.24299437823944497,0.2438398278482519,0.002452231260555021,0.0002515139437427976
2147.83,0.2455305509,0.24302345456928498,0.24386768507155707,0.002507096330715025,0.00025120668084028554
2148.312,0.24539853550000001,0.24305452721310908,0.2438973519926388,0.002344008286890936,0.000250899949881544
2148.794,0.2453169049,0.24308759335453167,0.24392882635108815,0.002229311545468321,0.0002505937497228278
2149.276,0.24536134780000002,0.24312265004650996,0.24396210579630642,0.00223869775349006,0.0002502880792232989
2149.758,0.24554693409999997,0.24315969421173733,0.24399718788769897,0.0023872398882626433,0.0002499829372450256
2150.24,0.2455951932,0.2431987226430508,0.24403407009487554,0.002396470556949193,0.00024967832265296444
2150.722,0.2456022577,0.2432397320038507,0.24407274979785198,0.0023625256961492813,0.0002493742343149538
2151.205,0.2455932893,0.24328281006591285,0.24411331012297577,0.0023104792340871427,0.00024907004184760025
2151.687,0.24557384110000002,0.24332777485165985,0.24415558031511272,0.0022460662483401728,0.00024876700371867174
2152.169,0.24553149470000002,0.24337470977701878,0.24419963960154734,0.002156784922981242,0.0002484644884622049
2152.651,0.24583987619999997,0.2434236109918457,0.24424548500585302,0.0024162652081542724,0.0002481624949574997
2153.133,0.24569979790000002,0.2434744745188609,0.24429311346308974,0.0022253233811391215,0.0002478610220866844
2153.615,0.2457174822,0.24352729625414576,0.2443425218200308,0.0021901859458542394,0.00024756006873473955
2154.097,0.2458145807,0.24358207196765702,0.24439370683539693,0.002232508732342986,0.0002472596337894534
2154.579,0.2458906849,0.2436387973037495,0.24444666518009256,0.0022518875962505014,0.0002469597161414441
2155.062,0.24594970889999998,0.24369759152349169,0.2445015088189513,0.0022521173765082947,0.0002466596940550933
2155.544,0.2462389078,0.2437582065592397,0.24455800714600828,0.0024807012407603024,0.0002463608087521957
2156.026,0.2459789653,0.24382075739251724,0.24461626828309957,0.002158207907482751,0.00024606243743294925
2156.508,0.2460979241,0.24388523917051258,0.2446762885521354,0.002212684929487424,0.00024576457899915725
2156.99,0.2461910556,0.2439516469176224,0.2447380641884564,0.002239408682377625,0.0002454672323553988
2157.472,0.2464067073,0.24401997553604993,0.2448015913410947,0.002386731763950073,0.0002451703964090215
2157.954,0.2463966602,0.24409021980641496,0.24486686607303945,0.0023064403935850464,0.00024487407007013314
2158.436,0.2462742197,0.24416237438837635,0.24493388436150693,0.0021118453116236446,0.00024457825225159544
2158.918,0.2463212511,0.24423643382126492,0.24500264209821326,0.0020848172787350794,0.0002442829418690116
2159.401,0.2465542346,0.2443125520857527,0.24507328314151094,0.0022416825142473062,0.00024398752673971015
2159.883,0.2465627762,0.24439040828297992,0.24514551069596985,0.0021723679170200794,0.0002436932290339487
2160.365,0.24669903219999997,0.24447015222147744,0.24521946485447588,0.00222887997852253,0.0002433994355251044
2160.847,0.24661273749999998,0.2445517779655862,0.24529514116938803,0.002060959534413792,0.0002431061451396873
2161.329,0.2466822575,0.24463527946265995,0.24537253510899437,0.0020469780373400526,0.00024281335680690204
2161.811,0.24688551709999998,0.24472065054376446,0.24545164205780828,0.0021648665562355174,0.00024252106945865998
2162.293,0.2468668903,0.24480788492439032,0.24553245731687073,0.002059005375609685,0.00024222928202955588
2162.775,0.2469473076,0.24489697620517475,0.2456149761040557,0.0020503313948252444,0.00024193799345686399
2163.258,0.24699662369999997,0.24498810846718572,0.24569937004171521,0.0020085152328142564,0.00024164659989689245
2163.74,0.2472072752,0.24508089771271901,0.24578528471637662,0.002126377487280978,0.0002413563068890235
2164.222,0.2473548618,0.24517552396447978,0.24587288806636437,0.002179337835520212,0.0002410665095632199
2164.704,0.2471967144,0.245271980370888,0.24596217497983958,0.0019247340291120019,0.00024077720686740934
2165.186,0.2474334095,0.24537025996927736,0.246053140263381,0.0020631495307226466,0.00024048839775216458
2165.668,0.2474174326,0.24547035568667608,0.24614577864231066,0.0019470769133239085,0.00024020008117069157
2166.15,0.2477156074,0.24557226034060117,0.24624008476102732,0.002143347059398837,0.00023991225607882262
2166.632,0.24782651179999998,0.24567596663985886,0.2463360531833407,0.0021505451601411263,0.0002396249214350099
2167.115,0.24794333000000002,0.2457816879260801,0.24643388265309618,0.002161642073919917,0.00023933748159374343
2167.597,0.24812852970000002,0.2458889789106986,0.24653316247321364,0.002239550789301409,0.00023905112574398863
2168.079,0.2481151962,0.2459980490070599,0.2466340877963792,0.0021171471929400942,0.00023876525723114705
2168.561,0.24820866819999998,0.24610889049711193,0.24673665286731364,0.0020997777028880504,0.0002384798750240836
2169.043,0.2483406089,0.24622149555823958,0.24684085185188243,0.0021191133417604313,0.00023819497809423912
2169.525,0.24842757850000002,0.24633585626411975,0.24694667883745391,0.002091722235880278,0.00023791056541563006
2170.007,0.2485995131,0.24645196458558283,0.24705412783325828,0.0021475485144171746,0.00023762663596484522
2170.489,0.24883249289999998,0.24656981239148826,0.24716319277075557,0.002262680508511722,0.00023734318872102442
2170.971,0.2489306131,0.2466893914496,0.2472738675040001,0.0022412216503999993,0.00023706022266586864
2171.454,0.2490319468,0.2468109468764681,0.2473863804151087,0.002220999923531891,0.00023677715121176292
2171.936,0.2490249906,0.24693396689055386,0.24750025930149994,0.002091023709446138,0.00023649514548225816
2172.418,0.24894047260000002,0.24705869284469362,0.24761572907180435,0.0018817797553064008,0.00023621361789965655
2172.9,0.2492095234,0.2471851161110291,0.2477327832740544,0.002024407288970881,0.00023593256745580002
2173.382,0.249438621,0.24731322796512248,0.24785141538077154,0.0021253930348775207,0.00023565199314504108
2173.864,0.24924523369999999,0.24744301958688247,0.2479716187893555,0.0018022141131175118,0.00023537189396424836
2174.346,0.2494171564,0.24757448206149577,0.2480933868224776,0.001842674338504241,0.0002350922689127824
2174.828,0.2495037762,0.24770760638036388,0.24821671272847423,0.001796169819636123,0.00023481311699250637
2175.311,0.24974307540000001,0.24784266477416672,0.24834185037009798,0.0019004106258332931,0.0002345338595240349
2175.792,0.2500780014,0.2479788040532208,0.2484680107831658,0.0020991973467792135,0.0002342562285653979
2176.275,0.2502104203,0.2481171470428548,0.2485962361270925,0.0020932732571452006,0.00023397791434179026
2176.757,0.2502269298,0.24825683017159622,0.24872572770248524,0.0019700996284037764,0.00023370064598685942
2177.239,0.25055017970000004,0.24839812870838718,0.24885674227666899,0.002152050991612864,0.00023342384580754427
2177.721,0.2507249554,0.24854103310179376,0.2489892726603225,0.0021839222982062423,0.00023314751282052843
2178.203,0.25069945050000003,0.2486855337133395,0.2491233115926536,0.002013916786660519,0.00023287164604494007
2178.685,0.2508084705,0.24883162081849225,0.2492588517418213,0.001976849681507742,0.00023259624450234153
2179.167,0.25098805479999997,0.2489792846076528,0.249395885705359,0.002008770192347159,0.00023232130721673077
2179.649,0.251138092,0.24912851518715268,0.24953440601060375,0.0020095768128473024,0.00023204683321453032
2180.132,0.2511916965,0.24927961702850804,0.24967469710163942,0.0019120794714919676,0.0002317722535154902
2180.614,0.2512348101,0.24943195437493224,0.24981617043797777,0.001802855725067748,0.00023149870412516872
2181.096,0.25156889849999997,0.2495858283151812,0.2499591072651754,0.001983070184818775,0.00023122561510998876
2181.578,0.2516235509,0.24974122862919584,0.250103499833983,0.0018823222708041487,0.00023095298550600103
2182.06,0.25185559869999996,0.24989814501789775,0.25024934032714186,0.001957453682102206,0.0002306808143516525
2182.542,0.2518290885,0.25005656710421265,0.2503966208598301,0.0017725213957873742,0.00023040910068776108
2183.024,0.2519555518,0.2502164844340964,0.2505453334801117,0.0017390673659036238,0.00023013784355753323
2183.506,0.25218519310000004,0.2503778864775659,0.25069547016939003,0.0018073066224341128,0.00022986704200653256
2183.989,0.2522997616,0.25054110207199315,0.25084733873376114,0.0017586595280068562,0.0002295961346688878
2184.471,0.2526183871,0.25070544467910255,0.2510003021531687,0.0019129424208974566,0.00022932624236275377
2184.953,0.25251332779999996,0.2508712399421766,0.2511546651732612,0.0016420878578233822,0.00022905680278474788
2185.435,0.2526943393,0.25103847703769255,0.2513104195132404,0.0016558622623074615,0.0002287878149898458
2185.917,0.2530375504,0.25120714507138847,0.25146755682795097,0.0018304053286115063,0.00022851927803537196
2186.399,0.2530896968,0.25137723307931226,0.251626068708349,0.0017124637206877291,0.00022825119098097857
2186.881,0.2533322085,0.2515487300288747,0.25178594668197796,0.0017834784711253104,0.00022798355288862986
2187.363,0.25344334830000004,0.2517216248198993,0.2519471822134384,0.0017217234801007453,0.0002277163628226174
2187.845,0.2535165084,0.25189590628568104,0.25210976670486984,0.0016206021143189697,0.00022744961984953524
2188.328,0.2538102043,0.2520719290494038,0.25227403297655393,0.0017382752505962218,0.00022718277101841042
2188.81,0.2538752535,0.252248952922144,0.2524392921003977,0.0016263005778560102,0.00022691692036293798
2189.292,0.2540070176,0.2524273295572956,0.25260587400238155,0.001579688042704419,0.00022665151401205587
2189.774,0.254059775,0.2526070475324982,0.252773769839496,0.001452727467501802,0.00022638655104153545
2190.256,0.2541222918,0.2527880953641681,0.2529429707086966,0.0013341964358319358,0.00022612203052942864
2190.738,0.2544494024,0.25297046150856356,0.2531134676473977,0.0014789408914364643,0.00022585795155605145
2191.22,0.2546107042,0.2531541343628508,0.25328525163396776,0.001456569837149202,0.00022559431320398577
2191.702,0.2548937979,0.25333910226617073,0.2534583135882282,0.0015546956338292617,0.00022533111455807874
2192.185,0.25500100280000004,0.2535257412399172,0.2536330073666513,0.001475261560082819,0.00022506781001598478
2192.667,0.2551763349,0.2537132666577746,0.25380860038782105,0.0014630682422254182,0.00022480548895343196
2193.149,0.25531612530000003,0.2539020517800219,0.25398544377062393,0.0014140735199781318,0.00022454360486315347
2193.631,0.2554640547,0.25409208472427214,0.25416352820560606,0.0013719699757278603,0.00022428215683895978
2194.113,0.2556008878,0.2542833535554583,0.2543428443272952,0.0013175342445417293,0.00022402114397688944
2194.595,0.2558842107,0.25447584628690295,0.25452338271471386,0.0014083644130970518,0.0002237605653751976
2195.077,0.2559513004,0.25466955088138615,0.25470513389189287,0.0012817495186138728,0.00022350042013435465
2195.559,0.2563004936,0.2548644552522137,0.2548880883283896,0.001436038347786328,0.000223240707357038
2196.042,0.2565680649,0.2550609553202934,0.25507261972397577,0.0015071095797066225,0.00022298088866829386
2196.524,0.2566538977,0.2552582252171888,0.2552579543189397,0.0013956724828111944,0.00022272203902744148
2197.006,0.2567202525,0.2554566583187644,0.2554444632401001,0.0012635941812356166,0.000222463619169472
2197.488,0.2569186429,0.25565624235101003,0.255632136744229,0.0012624005489899615,0.0002222056282058352
2197.97,0.2571690172,0.25585696499577726,0.2558209650362464,0.0013120522042227578,0.00022194806525015166
2198.452,0.2573954741,0.25605881389184104,0.25601093826975074,0.0013366602081589796,0.00022169092941821142
2198.934,0.25743230770000003,0.2562617766359604,0.25620204654754875,0.0011705310640396371,0.00022143421982797256
2199.416,0.2577712618,0.2564658407839413,0.2563942799221933,0.0013054210160586832,0.00022117793559954678
2199.898,0.25781353889999997,0.2566709938516932,0.2565876283965185,0.0011425450483067978,0.00022092207585519793
2200.381,0.2580734719,0.2568776522884504,0.2567824864964373,0.0011958196115496311,0.00022066611020857957
2200.863,0.258402018,0.2570849477832198,0.2569780372436157,0.0013170702167802362,0.0002204110976838891
2201.345,0.25842801519999997,0.25729329449050115,0.257174672784966,0.0011347207094988265,0.0002201565070211122
2201.827,0.2584875484,0.2575026797770972,0.2573723829297553,0.0009848686229028125,0.00021990233735106308
2202.309,0.2587645503,0.2577130909751814,0.25757115744024495,0.0010514593248185933,0.0002196485878066746
2202.791,0.2592903007,0.257924515383343,0.2577709860322392,0.0013657853166569867,0.00021939525752300102
2203.273,0.2593363266,0.25813694026763145,0.25797185837563674,0.001199386332368546,0.00021914234563720185
2203.755,0.2596693339,0.2583503528625954,0.2581737640949795,0.0013189810374046318,0.000218889851288543
2204.238,0.2596805875,0.25856518616421564,0.25837711483996506,0.0011154013357843606,0.0002186372510682087
2204.719,0.25999774259999997,0.2587800899714746,0.2585806339362223,0.0012176526285253564,0.00021838611177018089
2205.202,0.2602137328,0.2589968385368806,0.2587860033129258,0.0012168942631193835,0.0002181343440611488
2205.684,0.26046391960000004,0.259214075655545,0.2589919399397087,0.0012498439444550424,0.00021788351215383005
2206.166,0.2605197433,0.2594322361945486,0.2591988573822419,0.001087507105451413,0.00021763309350955788
2206.648,0.260799405,0.2596513072210776,0.2594067450045388,0.0011480977789223856,0.0002173830872800984
2207.13,0.260977362,0.2598712757780184,0.2596155921291686,0.0011060862219816059,0.0002171334926192828
2207.612,0.2610389961,0.26009212888497346,0.2598253880378249,0.0009468672150265145,0.00021688430868300085
2208.094,0.2613161893,0.26031385353927244,0.2600361219718903,0.0010023357607275574,0.00021663553462918482
2208.576,0.2612549743,0.26053643671697635,0.26024778313300456,0.0007185375830236485,0.00021638716961782192
2209.059,0.2616023199,0.2607603297886292,0.26046080266094396,0.0008419901113708161,0.00021613869880146905
2209.541,0.2617555178,0.26098459257468504,0.2606742875922846,0.0007709252253149668,0.00021589115020740604
2210.023,0.261665791,0.2612096746675828,0.2608886671001649,0.00045611633241715577,0.0002156440081462299
2210.505,0.2621894696,0.2614355629682702,0.26110393023289064,0.000753906631729806,0.00021539727178605648
2210.987,0.26228321569999996,0.2616622443614044,0.26132006600189217,0.0006209713385955662,0.00021515094029701337
2211.469,0.2627473623,0.2618897057163317,0.26153706338229715,0.0008576565836683203,0.00021490501285124057
2211.951,0.2628706873,0.2621179338880648,0.2617549113135119,0.0007527534119352031,0.0002146594886228876
2212.433,0.2630484207,0.2623469157182555,0.26197359869979964,0.000701504981744483,0.00021441436678809622
2212.916,0.2635090038,0.26257711539907214,0.2621935706909485,0.0009318884009278383,0.00021416913922348572
2213.398,0.26357937540000004,0.2628075665177413,0.26241390524622754,0.000771808882258751,0.00021392482054282094
2213.88,0.2638595699,0.2630387317219215,0.26263504574105506,0.0008208381780784868,0.0002136809017944108
2214.362,0.263949223,0.2632705978094245,0.2628569809448737,0.0006786251905754881,0.0002134373821623517
2214.844,0.2643194842,0.2635031515694893,0.2630796995948984,0.0008163326305107299,0.0002131942608327138
2215.326,0.26428681789999997,0.26373637978372444,0.2633031903967044,0.0005504381162755312,0.00021295153699352857
2215.808,0.2647506041,0.2639702692270436,0.2635274420248138,0.000780334872956423,0.0002127092098347971
2216.29,0.2647899817,0.2642048066685993,0.2637524431232856,0.0005851750314007087,0.00021246727854847138
2216.772,0.2648385081,0.26443997887270737,0.263978182306305,0.00039852922729261,0.00021222574232845304
2217.255,0.2652502862,0.26467626243525494,0.2642051187523762,0.0005740237647450797,0.0002119841004853516
2217.737,0.2654730035,0.26491266569088695,0.2644323013024569,0.0005603378091130762,0.00021174335280291226
2218.219,0.2656470635,0.26514966395469064,0.26466018758247556,0.0004973995453093627,0.00021150299777848754
2218.701,0.2658593439,0.26538724398077884,0.2648887660929794,0.00047209991922114725,0.00021126303461373066
2219.183,0.2660639917,0.26562539252297385,0.2651180253076059,0.0004385991770261555,0.000211023462512225
2219.665,0.2660603326,0.2658640963356983,0.2653479536736768,0.00019623626430170793,0.000210784280679465
2220.147,0.2664731246,0.2661033421748606,0.26557853961279443,0.00036978242513940884,0.0002105454883228667
2220.629,0.2664448625,0.2663431167987349,0.2658097715214388,0.00010174570126508797,0.00021030708465174407
2221.112,0.26688354400000003,0.2665839060228836,0.26604211947319234,0.00029963797711640705,0.00021006857547133337
2221.594,0.2672538967,0.26682469953320964,0.2662746096925847,0.0004291971667903516,0.00020983094760905062
2222.076,0.2671744939,0.26706598209851956,0.2665077109019389,0.00010851180148041539,0.0002095937060699727
2222.558,0.26761581889999997,0.26730774049523054,0.26674141140317953,0.0003080784047694296,0.00020935685007099952
2223.04,0.2678069253,0.2675499615064295,0.2669756994761036,0.00025696379357048604,0.00020912037883091773
2223.522,0.2678276571,0.26779263192271663,0.2672105633789826,3.502517728337651e-05,0.00020888429157038565
2224.004,0.26812574089999996,0.26803573854303864,0.2674459913491623,9.00023569613273e-05,0.00020864858751193282
2224.486,0.2683464055,0.26827926817551784,0.267681971603665,6.713732448215826e-05,0.00020841326587995926
2224.969,0.2683655852,0.26852371415362464,0.267918983600346,-0.00015812895362465884,0.00020817783886956654
2225.451,0.2687790013,0.26876805108485635,0.26815603408078625,1.09502151436347e-05,0.0002079432805605847
2225.933,0.2689633167,0.26901277148856906,0.2683936013561216,-4.9454788569047725e-05,0.00020770910236081688
2226.415,0.2691718654,0.26925786221777126,0.26863167356807416,-8.599681777127222e-05,0.00020747530350208158
2226.897,0.2692446283,0.26950331013869366,0.2688702388410607,-0.0002586818386936529,0.00020724188321802838
2227.379,0.269487659,0.2697491021315765,0.26910928528279654,-0.0002614431315764998,0.00020700884074414692
2227.861,0.26981237490000004,0.2699952250914528,0.269348800984901,-0.00018285019145275472,0.00020677617531775807
2228.343,0.2699369983,0.2702416659289238,0.2695887740235029,-0.00030466762892378263,0.00020654388617800232
2228.825,0.2701148955,0.2704884115709254,0.2698291924598451,-0.00037351607092539485,0.00020631197256584495
2229.308,0.270552418,0.2707359617814199,0.2700705444758536,-0.00018354378141988148,0.0002060799537420773
2229.79,0.2707893599,0.270983278447128,0.27031181869687615,-0.0001939185471279692,0.00020584878969044822
2230.272,0.2709993702,0.27123086077677294,0.27055350239124276,-0.00023149057677296359,0.00020561799889862102
2230.754,0.2712227462,0.27147869577021533,0.27079558356668587,-0.0002559495702153525,0.00020538758061479568
2231.236,0.27133550419999997,0.2717267704473897,0.27103805021908467,-0.00039126624738972104,0.0002051575340889635
2231.718,0.271616915,0.271975071849029,0.27128089033306907,-0.0003581568490290121,0.00020492785857291023
2232.2,0.2718511634,0.27222358703738525,0.2715240918826287,-0.0003724236373852663,0.00020469855332020382
2232.682,0.2719692708,0.27247230309693926,0.27176764283171595,-0.0005030322969392653,0.00020446961758619788
2233.165,0.2721951377,0.27272172372000025,0.27201203746950486,-0.0005265860200002748,0.00020424057680553344
2233.646,0.272415876,0.27297028628294434,0.27225574473775455,-0.0005544102829443398,0.00020401285170455128
2234.129,0.2725796285,0.2732200449539598,0.2725007792122276,-0.0006404164539597912,0.00020378454777803505
2234.611,0.27274802319999997,0.27346943610899344,0.2727456078317647,-0.0007214129089934684,0.00020355708346749031
2235.093,0.2730439122,0.2737189638889902,0.27299072551623416,-0.0006750516889901803,0.00020332998497740382
2235.575,0.2733440337,0.2739686155264174,0.27323612018209875,-0.0006245818264173919,0.00020310325157371482
2236.057,0.273508828,0.2742183782807599,0.27348177974003407,-0.0007095502807599186,0.00020287688252409997
2236.539,0.2737243629,0.27446823943917,0.2737276920955295,-0.0007438765391699631,0.00020265087709798603
2237.021,0.2739619017,0.2747181863171152,0.27397384514949474,-0.0007562846171151882,0.00020242523456653254
2237.503,0.2740340741,0.27496820625902174,0.2742202267988677,-0.0009341321590217166,0.00020219995420263042
2237.986,0.2743993388,0.2752188055319477,0.2744673367682505,-0.0008194667319477156,0.00020197456901935093
2238.468,0.2746825801,0.27546893384021937,0.2747141396978135,-0.0007863537402193477,0.00020175001156376042
2238.95,0.2749157429,0.2757190973997198,0.2749611348706691,-0.0008033544997197994,0.00020152581410325362
2239.432,0.275202474,0.275969283677021,0.275208310173903,-0.0007668096770210298,0.000201301975917601
2239.914,0.27537895030000004,0.27621948017074294,0.27545565349364753,-0.000840529870742901,0.0002010784962882921
2240.396,0.27559123010000003,0.27646967441214965,0.2757031527156869,-0.0008784443121496177,0.00020085537449851846
2240.878,0.2758590128,0.27671985396574117,0.27595079572605896,-0.0008608411657411441,0.0002006326098331672
2241.36,0.2761004373,0.2769700064298324,0.27619857041165763,-0.0008695691298323815,0.0002004102015788252
2241.843,0.2761591903,0.27722063829420873,0.2764469790801406,-0.0010614479942087085,0.00020018768870307447
2242.325,0.2765746807,0.27747069939213925,0.27669498099365264,-0.0008960186921392332,0.0001999659918730152
2242.807,0.2766881477,0.2777206963786516,0.27694307822910513,-0.0010325486786516014,0.0001997446493223729
2243.289,0.2769081733,0.277970616993079,0.27719125868283334,-0.001062443693079007,0.00019952366034446792
2243.771,0.2771496078,0.27822044901137044,0.2774395102550285,-0.0010708412113704657,0.00019930302423429633
2244.253,0.2774097745,0.2784701802466356,0.2776878208503417,-0.0010604057466356287,0.00019908274028851682
2244.735,0.2774682524,0.27871979854967244,0.27793617837847806,-0.0012515461496724334,0.00019886280780545182
2245.217,0.2775439682,0.27896929180949126,0.27818457075479414,-0.0014253236094912691,0.00019864322608508203
2245.699,0.2780404864,0.27921864795383466,0.27843298590089527,-0.0011781615538346557,0.00019842399442904262
2246.182,0.27815799259999996,0.279468371813281,0.27868192715429685,-0.0013103792132810321,0.00019820465839066962
2246.664,0.278369763,0.2797174173206065,0.27893035161738444,-0.0013476543206065172,0.00019798612549745204
2247.146,0.2786280798,0.279966289708374,0.27917876263350844,-0.0013382099083740218,0.0001977679405819111
2247.628,0.2787748216,0.28021497706436255,0.2794271481552314,-0.001440155464362547,0.00019755010295225464
2248.11,0.2791538594,0.28046346751756357,0.27967549614433634,-0.0013096081175635876,0.00019733261191831727
2248.592,0.2791183566,0.28071174923865205,0.2799237945724129,-0.001593392638652047,0.00019711546679156912
2249.074,0.2794017208,0.28095981044045837,0.2801720314214526,-0.0015580896404583933,0.00019689866688509832
2249.556,0.2795670273,0.2812076393784245,0.2804201946844338,-0.0016406120784245304,0.00019668221151361467
2250.039,0.2798834363,0.2814557377511371,0.2806687869526245,-0.0015723014511370703,0.00019646565198623914
2250.521,0.2799278682,0.2817030665580481,0.2809167668544605,-0.0017751983580481245,0.00019624988434655132
2251.003,0.2802089896,0.2819501281035891,0.2811646371961664,-0.0017411385035890903,0.0001960344591942234
2251.485,0.2805470039,0.28219691081822174,0.281412386020577,-0.0016499069182217552,0.0001958193758503908
2251.967,0.2805882626,0.2824434031772215,0.28166000138444713,-0.0018551405772214702,0.0001956046336377919
2252.449,0.2806559486,0.28268959370109853,0.28190747135903516,-0.002033645101098547,0.00019539023188075232
2252.931,0.2810228481,0.2829354709560098,0.2821547840306843,-0.0019126228560097935,0.0001951761699051847
2253.413,0.2813992726,0.2831810235541652,0.28240192750140286,-0.0017817509541651622,0.0001949624470385891
2253.896,0.2816155339,0.2834267485452464,0.2826494020630735,-0.0018112146452464173,0.00019474862025509667
2254.378,0.2815411246,0.2836716171204856,0.28289617109088083,-0.002130492520485583,0.00019453557429531773
2254.86,0.2819487152,0.28391612713258585,0.2831427352989949,-0.001967411932585872,0.0001943228654350761
2255.342,0.2821298331,0.2841602673819904,0.28338908285789965,-0.002030434281990401,0.00019411049300816356
2255.824,0.2823254308,0.2844040267171266,0.28363520195662933,-0.0020785959171266133,0.00019389845634993497
2256.306,0.2826665883,0.28464739403476835,0.28388108080333807,-0.0019808057347683317,0.00019368675479730052
2256.788,0.2825085671,0.28489035828039894,0.28412670762587316,-0.00238179118039894,0.00019347538768872664
2257.27,0.2829033327,0.2851329084485632,0.28437207067234527,-0.002229575748563195,0.00019326435436422694
2257.752,0.2829527496,0.28537503358321287,0.28461715821169487,-0.0024222839832128695,0.00019305365416536058
2258.235,0.2832444745,0.2856172237472156,0.284862466112074,-0.0023727492472155887,0.0001928428503328003
2258.717,0.2837237283,0.285858465207806,0.2851069668978878,-0.002134736907806023,0.00019263281510377368
2259.199,0.2837650103,0.28609924904419004,0.2853511570898678,-0.0023342387441900314,0.00019242311103293393
2259.681,0.2840301852,0.28633956450139647,0.28559502504597967,-0.0023093793013964636,0.00019221373746798593
2260.163,0.2842525809,0.28657940087550043,0.28583855914783907,-0.002326819975500438,0.00019200469375815803
2260.645,0.28435347180000003,0.28681874751393255,0.2860817478012716,-0.002465275713932513,0.00019179597925419355
2261.127,0.2843767281,0.2870575938157818,0.2863245794368704,-0.0026808657157817994,0.0001915875933083625
2261.609,0.28456579909999996,0.28729592923209335,0.2865670425105519,-0.002730130132093389,0.00019137953527443509
2262.092,0.2849975989,0.2875342361070399,0.28680962734791526,-0.0025366372070398935,0.0001911713738707528
2262.573,0.2851734801,0.28777102547379374,0.2870508169257655,-0.0025975453737937526,0.00019096440036494544
2263.056,0.2855074586,0.2880082560546233,0.2872926054821391,-0.002500797454623338,0.00019075689292013054
2263.538,0.2857465785,0.2882444423312856,0.28753347852135797,-0.002497863831285585,0.0001905501407760166
2264.02,0.2859157062,0.28848006574564056,0.2877739256537798,-0.002564359545640549,0.00019034371333390748
2264.502,0.2860971854,0.2887151160664704,0.2880139354988946,-0.0026179306664703694,0.0001901376099565735
2264.984,0.2862820301,0.2889495831164224,0.28825349670535905,-0.002667553016422408,0.00018993183000826696
2265.466,0.2865442195,0.2891834567722601,0.28849259795153814,-0.00263923727226012,0.000189726372854717
2265.948,0.2866403495,0.28941672696510573,0.28873122794604406,-0.0027763774651057282,0.0001895212378631368
2266.43,0.286957175,0.2896493836806792,0.28896937542827444,-0.002692208680679209,0.00018931642440220435
2266.913,0.2872710985,0.28988189770143435,0.28920752170548647,-0.002610799201434366,0.00018911150791678456
2267.395,0.28720319839999997,0.2901132963149292,0.28944466944797137,-0.002910097914929244,0.00018890733629287174
2267.877,0.287473842,0.29034405171782074,0.28968130106330725,-0.0028702097178207597,0.00018870348431314203
2268.359,0.2876459683,0.2905741541166063,0.2899174054194422,-0.00292818581660631,0.00018849995135213112
2268.841,0.28800616219999997,0.2908035937734908,0.2901529714177709,-0.0027974315734908273,0.0001882967367858229
2269.323,0.28800594490000003,0.2910323610065918,0.29038798799366095,-0.003026416106591767,0.0001880938399916512
2269.805,0.2882257816,0.2912604461901378,0.2906224441169746,-0.0030346645901377922,0.00018789126034849578
2270.287,0.2884593019,0.2914878397546668,0.29085632879259304,-0.0030285378546667796,0.00018768899723667584
2270.77,0.2885722225,0.2917150017680701,0.2910901144775424,-0.003142779268070106,0.0001874866313883213
2271.252,0.2888626833,0.29194098212831254,0.29132282217277283,-0.0030782988283125645,0.00018728500013938073
2271.734,0.2887472197,0.29216624248142886,0.29155492562769425,-0.00341902278142886,0.00018708368357006806
2272.216,0.289185597,0.29239077348515324,0.2917864139925092,-0.003205176485153227,0.00018688268106643226
2272.698,0.2893908127,0.29261456585442847,0.2920172764550172,-0.003223753154428466,0.0001866819920159428
2273.18,0.2894734686,0.29283761036156786,0.29224750224112034,-0.0033641417615678515,0.00018648161580748853
2273.662,0.2898218076,0.2930598978364169,0.29247708061533084,-0.003238090236416913,0.00018628155183137216
2274.144,0.2899641654,0.293281419166508,0.2927060008812753,-0.0033172537665080437,0.00018608179947930637
2274.626,0.2902683591,0.2935021652972112,0.2929342523821962,-0.0032338061972111976,0.00018588235814441132
2275.109,0.290386505,0.29372258276306074,0.29316229592921844,-0.0033360777630607186,0.0001856828144087641
2275.591,0.29035717099999997,0.2939417499084111,0.2933891766483636,-0.003584578908411129,0.00018548399393530327
2276.073,0.2906845836,0.2941601150205774,0.29361535685307527,-0.0034755314205773824,0.00018528548266552453
2276.555,0.2908992257,0.29437766927781017,0.293840826050116,-0.0034784435778101863,0.00018508727999814193
2277.037,0.29106438090000003,0.2945944039168808,0.29406557378833836,-0.003530023016880768,0.00018488938533325436
2277.519,0.2910045284,0.2948103102332045,0.29428958965917307,-0.003805781833204458,0.00018469179807234618
2278.001,0.2912797694,0.29502537958095754,0.2945128632971129,-0.003745610180957537,0.0001844945176182817
2278.483,0.2912929372,0.29523960337319244,0.2947353843801954,-0.003946666173192448,0.00018429754337530806
2278.966,0.29158728100000003,0.29545341486399046,0.29495760190977127,-0.0038661338639904286,0.00018410046704011722
2279.448,0.2916962531,0.29566592022210847,0.2951785854793502,-0.0039696671221084445,0.00018390410406974808
2279.93,0.29189007920000004,0.2958775546008179,0.2953987857731506,-0.0039874754008178415,0.00018370804553019082
2280.412,0.2922798904,0.29608830964985794,0.2956181926482583,-0.0038084192498579195,0.00018351229083116808
2280.894,0.2919706892,0.2962981770783534,0.2958367960076794,-0.004327487878353353,0.00018331683938374927
2281.376,0.2923735236,0.2965071486549038,0.29605458580080857,-0.004133625054903778,0.00018312169060036938
2281.858,0.2925994501,0.2967152162076677,0.29627155202389,-0.004115766107667729,0.0001829268438948097
2282.34,0.2929398433,0.29692237162444746,0.2964876847204827,-0.003982528324447454,0.00018273229868220208
2282.823,0.2929804703,0.29712903376459343,0.2967034197565403,-0.004148563464593413,0.00018253765169493134
2283.305,0.2932634468,0.2973343388778077,0.29691785394184034,-0.004070892077807697,0.0001823437083414737
2283.787,0.2931761576,0.29753870786065695,0.2971314249994812,-0.004362550260656961,0.00018215006473320985
2284.269,0.29338744,0.2977421328403762,0.2973441231669428,-0.004354692840376206,0.00018195672029062854
2284.751,0.2935880086,0.2979446060041943,0.29755593873128755,-0.004356597404194307,0.0001817636744355503
2285.233,0.293653593,0.29814611959939297,0.29776686202960545,-0.004492526599392976,0.00018157092659112545
2285.715,0.2940938725,0.2983466659333639,0.29797688344945783,-0.004252793433363877,0.00018137847618182178
2286.197,0.2940452468,0.2985462373736617,0.2981859934293185,-0.004500990573661712,0.00018118632263342994
2286.679,0.2942084469,0.2987448263480509,0.2983941824590064,-0.004536379448050909,0.00018099446537305744
2287.162,0.294248305,0.2989428342667197,0.2986018701035733,-0.004694529266719705,0.0001808025067055378
2287.644,0.2943426211,0.29913943375659685,0.2988081869503729,-0.004796812656596872,0.00018061124091951975
2288.126,0.2944448222,0.2993350284102969,0.2990135546095253,-0.004890206210296899,0.00018042026970952678
2288.608,0.2944998262,0.29952961089697955,0.29921796378066523,-0.005029784696979567,0.00018022959250789692
2289.09,0.2946663606,0.2997231739462114,0.2994214052169184,-0.005056813346211386,0.00018003920874827184
2289.572,0.2948501524,0.29991571034799747,0.29962386972532074,-0.005065557947997457,0.00017984911786558908
2290.054,0.2950124912,0.30010721295280596,0.2998253481672354,-0.005094721752805953,0.00017965931929607025
2290.536,0.2951467482,0.30029767467159296,0.3000258314587654,-0.005150926471592987,0.00017946981247723393
2291.019,0.2953771879,0.3004874803563724,0.3002257233781698,-0.005110292456372401,0.00017928020458663876
2291.5,0.2955204599,0.30067544739748653,0.30042377653124924,-0.005154987497486552,0.00017909167184809876
2291.983,0.2955449136,0.30086313200389037,0.3006216289878273,-0.005318218403890351,0.0001789026458616117
2292.465,0.2955681655,0.30104935827440854,0.3008180397999436,-0.005481192774408561,0.00017871430104639645
2292.947,0.2957705466,0.30123450910761274,0.3010134108593625,-0.0054639625076127185,0.0001785262451875052
2293.429,0.2961202188,0.3014185777778475,0.3012077334192679,-0.005298358977847473,0.0001783384777301194
2293.911,0.2961582608,0.3016015576200329,0.30140099879039606,-0.005443296820032861,0.0001781509981206824
2294.393,0.29635624650000003,0.30178344202966456,0.30159319834142384,-0.00542719552966453,0.0001779638058069054
2294.875,0.2964157966,0.30196422446281407,0.30178432349935713,-0.005548427862814065,0.0001777769002377502
2295.357,0.2965925185,0.3021438984361233,0.3019743657499104,-0.005551379936123313,0.0001775902808634459
2295.84,0.2966992859,0.3023228268180068,0.3021637075118785,-0.00562354091800682,0.00017740356084750762
2296.322,0.29696432170000003,0.3025002623310158,0.302351556351214,-0.005535940631015757,0.0001772175128094884
2296.804,0.2969023819,0.30267657028446393,0.3025382970791286,-0.005774188384463919,0.00017703174932334658
2297.286,0.29706749250000003,0.30285174443732465,0.30272392142006954,-0.005784251937324625,0.00017684626984429557
2297.768,0.2971037822,0.30302577860909186,0.302908421159063,-0.005921996409091856,0.00017666107382878967
2298.25,0.2973441387,0.30319866667976125,0.3030917881420769,-0.00585452797976127,0.00017647616073451257
2298.732,0.2972767366,0.30337040258981074,0.3032740142763798,-0.006093665989810759,0.00017629153002038633
2299.214,0.2973524429,0.30354098034017996,0.3034550915309009,-0.006188537440179942,0.00017610718114655902
2299.697,0.2975363588,0.3037107442586878,0.30363538400739576,-0.006174385458687814,0.00017592273198351524
2300.179,0.297737817,0.3038789855008346,0.30381413723286155,-0.006141168500834571,0.00017573894575757568
2300.661,0.2980184523,0.30404605093663406,0.30399171784260054,-0.006027598636634046,0.00017555543975861305
2301.143,0.2981975477,0.30421193480873976,0.30416811805581445,-0.006014387108739749,0.00017537221345166563
2301.625,0.2983047444,0.3043766314201296,0.30434333015510173,-0.006071887020129618,0.00017518926630298205
2302.107,0.29840455909999997,0.30454013513407174,0.3045173464867936,-0.006135576034071777,0.00017500659778002083
2302.589,0.2985227098,0.30470244037409,0.3046901594612884,-0.006179730574089992,0.00017482420735145078
2303.071,0.2984880976,0.30486354162392665,0.3048617615533816,-0.006375444023926646,0.00017464209448714207
2303.553,0.2986589436,0.30502343342750526,0.30503214530259326,-0.00636448982750526,0.00017446025865816477
2304.036,0.2988466664,0.3051824383276671,0.305201652984475,-0.0063357719276671,0.00017427832294475957
2304.518,0.29888014609999997,0.3053398925740247,0.30536957536119,-0.006459746474024752,0.0001740970401764708
2305.0,0.2988825627,0.30549612135568516,0.3055362573901468,-0.006613558655685137,0.00017391603286281157
2305.482,0.2990697151,0.30565111945700263,0.30570169187310253,-0.006581404357002607,0.00017373530047962111
2305.964,0.2991717254,0.30580488172229436,0.3058658716781225,-0.006633156322294387,0.00017355484250393505
2306.446,0.29911823,0.30595740305579644,0.30602878973988806,-0.006839173055796455,0.00017337465841396117
2306.928,0.2993643298,0.3061086784216114,0.30619043905999727,-0.006744348621611385,0.00017319474768909157
2307.41,0.2995015142,0.30625870284366075,0.30635081270726705,-0.006757188643660761,0.00017301510980988893
2307.893,0.2994236513,0.3064077787452571,0.30651023254465215,-0.006984127445257116,0.00017283537241311972
2308.375,0.2996528464,0.3065552839699441,0.3066680316410533,-0.006902437569944075,0.0001726562792350288
2308.857,0.2997753366,0.3067015236711187,0.30682453466341963,-0.006926187071118695,0.00017247745735025915
2309.339,0.29997289299999996,0.30684649311156476,0.30697973495250114,-0.006873600111564793,0.00017229890624405604
2309.821,0.2999817295,0.30699018761361346,0.3071336259177096,-0.007008458113613447,0.0001721206254028174
2310.303,0.2998804171,0.3071326025590845,0.3072862010373967,-0.007252185459084459,0.0001719426143141026
2310.785,0.29991582910000003,0.30727373338922725,0.3074374538591279,-0.007357904289227224,0.00017176487246662784
2311.267,0.3002413546,0.30741357560466087,0.30758737799995417,-0.007172221004660861,0.00017158739935025838
2311.75,0.30022426459999996,0.3075524108645305,0.30773627403085235,-0.007328146264530544,0.00017140982708946072
2312.232,0.3004274012,0.30768965989329095,0.3078835191512038,-0.007262258693290946,0.0001712328904643841
2312.714,0.3005807762,0.30782560715590285,0.3080294168486357,-0.007244830955902837,0.00017105622104583753
2313.196,0.3004580456,0.30796024838996916,0.3081739610209223,-0.007502202789969159,0.00017087981832826358
2313.678,0.3005023546,0.3080935793921499,0.30831714563662493,-0.007591224792149853,0.00017070368180724607
2314.16,0.3005217103,0.3082255960180952,0.3084589647353392,-0.00770388571809516,0.0001705278109795003
2314.642,0.3007615211,0.3083562941823804,0.308599412427942,-0.007594773082380435,0.00017035220534286727
2315.124,0.3008039129,0.30848566985843795,0.3087384828968319,-0.007681756958437924,0.00017017686439632485
2315.606,0.3008561096,0.3086137190784902,0.3088761703961694,-0.007757609478490246,0.00017000178763996955
2316.089,0.3008444876,0.30874069945007865,0.30901275058242905,-0.00789621185007866,0.00016982661216607435
2316.571,0.3011388301,0.30886608131756105,0.30914765229495234,-0.007727251217561071,0.00016965206284040362
2317.053,0.3010837582,0.3089901251699518,0.30928115422189484,-0.007906366969951784,0.0001694777762109064
2317.535,0.30109778649999996,0.3091128272740643,0.30941325090691657,-0.008015040774064341,0.0001693037517821548
2318.017,0.3013041924,0.30923418395515295,0.3095439369665739,-0.007929991555152949,0.00016912998905982966
2318.499,0.3011258832,0.3093541915968432,0.3096732070905352,-0.008228308396843187,0.00016895648755072435
2318.981,0.3012882979,0.30947284664105795,0.3098010560417935,-0.008184548741057951,0.0001687832467627282
2319.463,0.30136611739999997,0.30959014558794645,0.30992747865687326,-0.008224028187946486,0.00016861026620484232
2319.946,0.3015159457,0.30970632411840815,0.31005272767240266,-0.00819037841840814,0.00016843718731487353
2320.427,0.3013421999,0.30982066148103454,0.31017602459348714,-0.008478461581034547,0.00016826508382087067
2320.91,0.3015696113,0.3099341051715282,0.3102983898030832,-0.008364493871528211,0.0001680925240196846
2321.392,0.3015120413,0.31004594304789085,0.31041905391091074,-0.00853390174789087,0.00016792058002947183
2321.874,0.3016796697,0.31015640819190177,0.3105382669653406,-0.00847673849190178,0.00016774889382977152
2322.356,0.30176068829999997,0.3102654974516431,0.31065602424841465,-0.008504809151643145,0.00016757746493613646
2322.838,0.3018268843,0.31037320773290555,0.31077232111706077,-0.008546323432905567,0.0001674062928651966
2323.32,0.30177839500000003,0.31047953599911293,0.3108871530032723,-0.0087011409991129,0.00016723537713466712
2323.802,0.3018540392,0.31058447927124727,0.3110005154142803,-0.008730440071247292,0.00016706471726333333
2324.284,0.3019925853,0.31068803462777345,0.3111124039327273,-0.008695449327773441,0.00016689431277105873
2324.767,0.30206752259999997,0.31079040971659655,0.31122304174421767,-0.008722887116596578,0.00016672381043596372
2325.249,0.3019735354,0.3108911778127126,0.311331966447825,-0.00891764241271259,0.00016655391579303033
2325.731,0.30196023650000003,0.31099054956710365,0.311439404452287,-0.009030313067103612,0.0001663842750941733
2326.213,0.3018446647,0.3110885222875235,0.3115453516436706,-0.009243857587523496,0.0001662148878635231
2326.695,0.3016786458,0.3111850933388278,0.3116498039842486,-0.009506447538827845,0.00016604575362627448
2327.177,0.3017775916,0.31128026014289856,0.3117527575126474,-0.009502668542898551,0.00016587687190867655
2327.659,0.3017764805,0.31137402017856725,0.3118542083439897,-0.009597539678567246,0.00016570824223803462
2328.141,0.3017341008,0.3114663709815387,0.31195415267003546,-0.00973227018153866,0.0001655398641427048
2328.624,0.3017310027,0.31155749734574173,0.31205278940698555,-0.009826494645741757,0.00016537138860160775
2329.106,0.3018296224,0.31164701958155056,0.3121497064603436,-0.009817397181550558,0.0001652035127656705
2329.588,0.3019246106,0.3117351255275546,0.3122451060375063,-0.009810514927554637,0.00016503588709542948
2330.07,0.3018733944,0.31182181294630723,0.31233898463826426,-0.009948418546307236,0.000164868511123427
2330.552,0.30214291660000003,0.3119070796568547,0.3124313388396862,-0.00976416305685468,0.000164701384383241
2331.034,0.3022668932,0.31199092353465985,0.31252216529623844,-0.00972403033465985,0.00016453450640948206
2331.516,0.3023604322,0.3120733425115258,0.31261146073989493,-0.009712910311525824,0.00016436787673780164
2331.998,0.3025475152,0.3121543345755212,0.3126992219802482,-0.009606819375521214,0.00016420149490487727
2332.48,0.3025595371,0.3122338977709038,0.3127854459046131,-0.009674360670903825,0.00016403536044841524
2332.963,0.3027942604,0.3123121908099506,0.312870303566937,-0.009517930409950581,0.000163869128998471
2333.445,0.3028898794,0.31238888765116374,0.31295344062776453,-0.009499008251163732,0.00016370348842298938
2333.927,0.3031142534,0.312464150089274,0.31303503149599055,-0.009349896689273995,0.00016353809384227699
2334.409,0.3030583024,0.3125379763926635,0.31311507337096,-0.009479673992663529,0.00016337294479812844
2334.891,0.3031819796,0.3126103648855295,0.31319356353020844,-0.009428385285529528,0.00016320804083335287
2335.373,0.3033287652,0.3126813139478095,0.31327049932954326,-0.009352548747809497,0.0001630433814917714
2335.855,0.30315690700000003,0.3127508220151104,0.31334587820312515,-0.009593915015110366,0.00016287896631821426
2336.337,0.3032120161,0.312818887578631,0.3134196976635379,-0.00960687147863104,0.00016271479485851947
2336.82,0.30305886730000003,0.3128856459022243,0.3134921035888355,-0.009826778602224251,0.0001625505268120862
2337.302,0.3031575627,0.31295081915371636,0.3135627938272143,-0.00979325645371637,0.00016238684192492755
2337.784,0.3030064403,0.3130145457051316,0.31363191765682163,-0.010008105405131584,0.0001622233993942292
2338.266,0.3030589272,0.3130768242694304,0.31369947290476957,-0.010017897069430404,0.00016206019876983
2338.748,0.3027598028,0.31313765361480517,0.31376545747690787,-0.01037785081480519,0.00016189723960256824
2339.23,0.3028481807,0.3131970325646064,0.3138298693578743,-0.010348851864606379,0.00016173452144427675
2339.712,0.3025673291,0.3132549599972737,0.3138927066111423,-0.010687630897273703,0.0001615720438477679
2340.194,0.3024928238,0.31331143484626445,0.3139539673790638,-0.01081861104626447,0.00016140980636685214
2340.677,0.3026987559,0.31336656874028157,0.3140137720637374,-0.010667812840281565,0.0001612474727100992
2341.159,0.3025768381,0.31342013242331157,0.3140718713240809,-0.010843294323311548,0.00016108571462157193
2341.641,0.3024084378,0.31347224065062834,0.3141283889964954,-0.011063802850628357,0.0001609241953150271
2342.123,0.3024583429,0.31352289257517474,0.31418332353936285,-0.011064549675174729,0.00016076291434819417
2342.605,0.3027906,0.3135720874045641,0.3142366734901003,-0.010781487404564083,0.00016060187127977846
2343.087,0.3029016861,0.31361982440101266,0.3142884374651807,-0.010718138301012647,0.00016044106566945213
2343.569,0.3030199675,0.3136661028812704,0.3143386141601473,-0.010646135381270405,0.00016028049707786176
2344.051,0.3031330827,0.3137109222165556,0.314387202349627,-0.01057783951655561,0.0001601201650666189
2344.533,0.3031440102,0.3137542818324871,0.3144342008873372,-0.010610271632487123,0.00015996006919829958
2345.016,0.3034670444,0.3137962666189389,0.3144797012589382,-0.010329222218938894,0.00015979987762106633
2345.498,0.3035640015,0.3138367022593366,0.31452351406737566,-0.010272700759336562,0.00015964025321783023
2345.98,0.3036253023,0.31387567678218375,0.3145657342579631,-0.010250374482183744,0.00015948086365010446
2346.462,0.3038653561,0.31391318983015765,0.31460636100095046,-0.010047833730157663,0.00015932170848430424
2346.944,0.3039196346,0.31394924110000966,0.3146453935456621,-0.010029606500009669,0.0001591627872877923
2347.426,0.3041962517,0.3139838303425019,0.31468283122048035,-0.009787578642501904,0.00015900409962888007
2347.908,0.3038224995,0.3140169573623437,0.31471867343282756,-0.010194457862343687,0.00015884564507683154
2348.39,0.3038993567,0.3140486220181297,0.3147529196691432,-0.010149265318129708,0.00015868742320185024
2348.873,0.3036187273,0.3140788853622049,0.3147856355733608,-0.010460158062204905,0.00015852910603690257
2349.354,0.30367616470000003,0.3141075639409631,0.31481662255435916,-0.01043139924096309,0.0001583716757686289
2349.837,0.3032751735,0.314134896265692,0.3148461380227614,-0.010859722765692026,0.0001582138227774555
2350.319,0.3032150642,0.31416070809283486,0.31487399348474643,-0.010945643892834866,0.00015805652781037015
2350.801,0.30301784730000003,0.31418505765532767,0.3149002515869229,-0.01116721035532764,0.00015789946338459318
2351.283,0.3025928276,0.31420794513389705,0.31492491228930336,-0.011615117533897046,0.00015774262907595324
2351.765,0.3025766735,0.31422937076273105,0.31494797563065124,-0.011652697262731049,0.0001575860244612095
2352.247,0.302565899,0.31424933482941786,0.3149694417284259,-0.011683435829417832,0.00015742964911804325
2352.729,0.3021957256,0.31426783767489164,0.31498931077872744,-0.012072112074891617,0.00015727350262506227
2353.211,0.3023640043,0.31428487969337204,0.3150075830562346,-0.011920875393372055,0.00015711758456179322
2353.694,0.3021949423,0.3143004921416388,0.31502429185216885,-0.012105549841638807,0.00015696157173700022
2354.176,0.3023970914,0.3143146108734172,0.31503936841143576,-0.011917519473417237,0.0001568061097471612
2354.658,0.3023872088,0.31432727028121915,0.3150528494938908,-0.011940061481219177,0.00015665087493026118
2355.14,0.3022671721,0.31433847097195705,0.3150647356880048,-0.01207129887195707,0.00015649586686949073
2355.622,0.3023576263,0.3143482136055509,0.3150750276604661,-0.01199058730555086,0.00015634108514895088
2356.104,0.3023447811,0.31435649889487327,0.31508372615609637,-0.012011717794873256,0.00015618652935365433
2356.586,0.302446796,0.31436332760569613,0.31509083199776355,-0.011916531605696112,0.0001560321990695155
2357.068,0.3022773658,0.3143687005566374,0.3150963460862901,-0.012091334756637429,0.0001558780938833533
2357.551,0.3021710372,0.3143726252361491,0.31510027588712974,-0.012201588036149125,0.00015572389436201094
2358.033,0.3017924152,0.3143750863187754,0.31510260618616714,-0.012582671118775424,0.0001555702386007306
2358.515,0.3018708182,0.314376094416006,0.31510334790372785,-0.012505276216006,0.0001554168067024275
2358.997,0.3018698211,0.31437565055742944,0.3151025022516294,-0.012505829457429452,0.00015526359825750999
2359.479,0.3015785105,0.3143737558252212,0.31510007051913164,-0.012795245325221194,0.00015511061285728177
2359.961,0.3014397383,0.3143704113540936,0.3150960540728246,-0.012930673054093622,0.0001549578500939332
2360.443,0.3012722452,0.3143656183312463,0.31509045435651034,-0.01309337313124631,0.00015480530956054388
2360.925,0.3013501173,0.3143593779963165,0.31508327289108273,-0.013009260696316527,0.00015465299085107512
2361.407,0.3015060288,0.31435169164133014,0.3150745112744028,-0.012845662841330152,0.00015450089356037648
2361.89,0.3017396828,0.31434254016583113,0.31506414808907507,-0.01260285736583111,0.00015434870241762586
2362.372,0.30142443879999997,0.31433196286325715,0.315052228001356,-0.01290752406325718,0.00015419704720980287
2362.854,0.3015862018,0.31431994373361616,0.3150387330203406,-0.01273374193361615,0.00015404561220972704
2363.336,0.30177921269999997,0.3143064842781185,0.3150236650505982,-0.01252727157811856,0.00015389439701575796
2363.818,0.3020262404,0.3142915860501255,0.3150070260729868,-0.012265345650125548,0.00015374340122712224
2364.3,0.3021736626,0.3142752506551026,0.3149888181445072,-0.012101588055102586,0.00015359262444392024
2364.782,0.3021683804,0.31425747975057505,0.31496904339815335,-0.012089099350575061,0.00015344206626711826
2365.264,0.30227284730000004,0.31423827504608115,0.31494770404275835,-0.011965427746081114,0.00015329172629854716
2365.747,0.3025557553,0.3142175940009587,0.31492475322657165,-0.011661838700958715,0.0001531412929102837
2366.229,0.3025239037,0.3141955240676257,0.31490028834822503,-0.011671620367625701,0.00015299138861777655
2366.711,0.3027668293,0.3141720257784977,0.3148742659459123,-0.011405196478497692,0.00015284170134334722
2367.193,0.3029000206,0.3141471010508271,0.314846688530371,-0.011247080450827118,0.00015269223069226806
2367.675,0.3030345496,0.3141207518536582,0.31481755868735634,-0.011086202253658195,0.00015254297627066612
2368.157,0.3029544083,0.3140929802077834,0.3147868790774646,-0.011138571907783446,0.0001523939376855202
2368.639,0.30302019999999996,0.3140637881857008,0.31475465243595646,-0.011043588185700837,0.00015224511454466273
2369.121,0.3032926522,0.31403317791156976,0.3147208815725736,-0.010740525711569748,0.00015209650645677108
2369.604,0.3032957639,0.31400108364599044,0.3146854945093492,-0.010705319745990427,0.00015194780538406295
2370.086,0.3032330103,0.3139676405157358,0.3146486407399032,-0.010734630215735785,0.00015179962667566445
2370.568,0.3034871862,0.31393278582024614,0.31461025162919,-0.01044559962024616,0.00015165166185052994
2371.05,0.30346828810000004,0.3138965218900166,0.3145703302831392,-0.010428233790016561,0.00015150391052070914
2371.532,0.3037021982,0.3138588511069942,0.3145288798811985,-0.01015665290699419,0.00015135637229909079
2372.014,0.30357961299999997,0.3138197759045376,0.31448590367613083,-0.010240162904537609,0.0001512090467994023
2372.496,0.3034338194,0.313779298767376,0.31444140499380857,-0.010345479367375954,0.0001510619336361992
2372.978,0.303631166,0.31373742223156786,0.3143953872330024,-0.010106256231567856,0.00015091503242487523
2373.46,0.30356409079999996,0.313694148884461,0.31434785386517006,-0.010130058084461047,0.0001507683427816435
2373.943,0.30360889350000003,0.31364938724606695,0.3142987051109435,-0.010040493746066914,0.0001506215606455986
2374.425,0.3036626303,0.31360332535929447,0.3142481481073386,-0.009940695059294458,0.00015047529342747563
2374.907,0.3036634259,0.31355587473633284,0.31419608635273866,-0.009892448836332834,0.00015032923663026816
2375.389,0.3035678959,0.31350703816938663,0.31414252360729356,-0.009939142269386636,0.00015018338987349554
2375.871,0.3036158518,0.31345681850174767,0.31408746370272256,-0.009840966701747667,0.0001500377527774943
2376.353,0.30350698130000003,0.3134052186277543,0.31403091054207954,-0.009898237327754245,0.0001498923249634149
2376.835,0.3036945578,0.31335224149275226,0.31397286809951774,-0.009657683692752272,0.00014974710605322888
2377.317,0.3034850315,0.31329789009305425,0.3139133404200488,-0.009812858593054252,0.00014960209566971467
2377.799,0.3035524384,0.31324216747590056,0.3138523316193001,-0.009689729075900544,0.00014945729343646737
2378.281,0.3035659712,0.31318507673941803,0.3137898458832673,-0.009619105539418027,0.000149312698977887
2378.764,0.3036087415,0.31312649833850964,0.3137257532464019,-0.009517756838509639,0.00014916801257630006
2379.246,0.30352638249999997,0.31306667803921,0.31366032343618067,-0.009540295539210042,0.00014902383297260886
2379.728,0.3033195879,0.31300549922668164,0.31359342967755355,-0.009685911326681618,0.00014887986002084738
2380.21,0.30351395870000003,0.31294296520230425,0.31352507643560384,-0.009429006502304216,0.0001487360933486359
2380.692,0.3036050503,0.31287907931814407,0.31345526824450276,-0.009274029018144059,0.00014859253258439143
2381.174,0.3035406893,0.3128138449769125,0.3133840097072418,-0.009273155676912503,0.00014844917735732643
2381.656,0.3037229652,0.312747265631927,0.31331130549536457,-0.009024300431927035,0.00014830602729745527
2382.138,0.30333632250000003,0.31267934478706844,0.31323716034869387,-0.009343022287068403,0.0001481630820355758
2382.621,0.3034184775,0.31260994091800665,0.3131614207779562,-0.00919146341800664,0.00014802004527272698
2383.103,0.30330527490000003,0.3125393450225379,0.313084405288619,-0.009234070122537852,0.0001478775089253894
2383.585,0.3032361895,0.31246741844944925,0.31300596350118925,-0.009231228949449277,0.0001477351762724328
2384.067,0.3032625463,0.3123941649045714,0.31292610042596214,-0.009131618604571401,0.0001475930469478124
2384.549,0.3033161518,0.3123195881440909,0.31284482114010315,-0.009003436344090898,0.00014745112058626897
2385.031,0.3031466058,0.31224369197450863,0.31276213078735793,-0.009097086174508606,0.00014730939682332562
2385.513,0.3029618324,0.3121664802525973,0.312678034577758,-0.00920464785259728,0.00014716787529528089
2385.995,0.30301718699999997,0.31208795688535795,0.3125925377873241,-0.009070769885357988,0.00014702655563921492
2386.478,0.303058923,0.31200795884881416,0.31250546403723894,-0.00894903584881418,0.00014688514492596262
2386.96,0.302980573,0.3119268214120867,0.3124171792978495,-0.008946248412086744,0.0001467442283451353
2387.442,0.3028450608,0.3118443843604387,0.31232751021002836,-0.008999323560438699,0.00014660351255142042
2387.924,0.3027233344,0.3117606518014504,0.31223646231085733,-0.009037317401450418,0.0001464629971849889
2388.406,0.30259446879999996,0.31167562789270886,0.31214404120187633,-0.009081159092708901,0.00014632268188677935
2388.888,0.30253950549999997,0.3115893168417625,0.3120502525487708,-0.009049811341762526,0.00014618256629850016
2389.37,0.30263647169999996,0.3115017229060738,0.3119551020810505,-0.008865251206073843,0.00014604265006261472
2389.852,0.3027849953,0.31141285039297417,0.31185859559173246,-0.008627855092974146,0.00014590293282235883
2390.334,0.3023255019,0.3113227036596148,0.3117607389370157,-0.00899720175961477,0.0001457634142217245
2390.817,0.30221537179999997,0.31123109613515104,0.3116613308317564,-0.009015724335151076,0.00014562380506503032
2391.299,0.302189158,0.31113841161121436,0.3115607888957118,-0.008949253611214347,0.0001454846830889214
2391.781,0.3021603873,0.31104446624631266,0.31145891475128507,-0.008884078946312657,0.0001453457586882184
2392.263,0.3022071216,0.31094926459649597,0.31135571450424077,-0.00874214299649595,0.0001452070315099397
2392.745,0.3019462502,0.31085281126738695,0.31125119432186543,-0.008906561067386964,0.00014506850120185317
2393.227,0.3018635099,0.3107551109141311,0.31114536043262725,-0.008891601014131112,0.00014493016741247525
2393.709,0.3019180486,0.31065616824134296,0.3110382191258322,-0.008738119641342967,0.00014479202979107199
2394.191,0.3020154612,0.31055598800305384,0.31092977675127903,-0.008540526803053838,0.00014465408798765238
2394.674,0.3016909622,0.31045436332414755,0.3108198107074043,-0.00876340112414753,0.0001445160560751408
2395.156,0.30160015219999997,0.3103517198718947,0.3107087828211331,-0.008751567671894722,0.00014437850526514517
2395.638,0.301431515,0.3102478534224111,0.31059647328956363,-0.00881633842241114,0.00014424114922689967
2396.12,0.3015807044,0.3101427689269486,0.31048288870107504,-0.008562064526948576,0.000144103987613378
2396.602,0.3014882471,0.31003647138589563,0.31036803570276794,-0.008548224285895634,0.00014396702007829463
2397.084,0.3013039393,0.309928965848721,0.31025192100010424,-0.008625026548720993,0.00014383024627609558
2397.566,0.3011903434,0.30982025741391184,0.31013455135654094,-0.008629914013911832,0.00014369366586196137
2398.048,0.3010638779,0.30971035122891544,0.3100159335931648,-0.008646473328915438,0.00014355727849180448
2398.531,0.3008155048,0.3095990207587417,0.30989582463272264,-0.008783515958741661,0.00014342080146078305
2399.012,0.3008417658,0.3094869664425717,0.3097749812772455,-0.008645200642571682,0.00014328508151070798
2399.495,0.3006999557,0.30937326174443247,0.3096524056035404,-0.00867330604443245,0.0001431489896504951
2399.977,0.3005993068,0.3092586145745121,0.30952886218706244,-0.00865930777451207,0.000143013371427227
2400.459,0.3003997431,0.30914279613506124,0.30940410562241116,-0.008743053035061232,0.0001428779445376879
2400.941,0.300528266,0.3090258118660473,0.3092781430687136,-0.008497545866047285,0.00014274270864214384
2401.423,0.3004350247,0.30890766725593966,0.3091509817400838,-0.008472642555939658,0.00014260766340157383
2401.905,0.3001167781,0.30878836784164065,0.3090226289052378,-0.008671589741640673,0.00014247280847767615
2402.387,0.30009580799999996,0.3086679192084152,0.3088930918871047,-0.008572111208415223,0.00014233814353286134
2402.869,0.3000395402,0.3085463269898163,0.3087623780624334,-0.008506786789816312,0.00014220366823025838
2403.352,0.29981179059999996,0.3084233410619227,0.3086302200344193,-0.008611550461922746,0.00014206910382860152
2403.834,0.2998042208,0.30829947642310246,0.30849717253747705,-0.008495255623102438,0.00014193500719435136
2404.316,0.2994495225,0.3081744854005922,0.30836297069890445,-0.008724962900592215,0.00014180109919525988
2404.798,0.2994704301,0.3080483738204457,0.3082276221068767,-0.00857794372044568,0.0001416673794972944
2405.28,0.2995622194,0.3079211475566205,0.30809113440139535,-0.008358928156620482,0.0001415338477671201
2405.762,0.2993919797,0.3077928125308978,0.30795351527388287,-0.00840083283089782,0.00014140050367211134
2406.244,0.2990964473,0.3076633747127973,0.30781477246677436,-0.008566927412797298,0.00014126734688034196
2406.726,0.2990706178,0.307532840119495,0.3076749137731083,-0.008462222319495005,0.00014113437706058312
2407.208,0.2991457394,0.3074012148157349,0.3075339470361128,-0.008255475415734903,0.00014100159388230838
2407.691,0.2988371274,0.3072682284588243,0.30739158426611246,-0.008431101058824275,0.00014086872211189022
2408.173,0.2988780018,0.30713443788722794,0.3072484229131318,-0.008256436087227925,0.0001407363116132933
2408.655,0.2988429933,0.3069995750968594,0.30710417736012735,-0.008156581796859352,0.0001406040867680787
2409.137,0.2987193598,0.3068636463419414,0.3069588556470261,-0.008144286541941437,0.00014047204724850152
2409.619,0.29876783830000003,0.306726657923808,0.3068124658618512,-0.007958819623807956,0.00014034019272749366
2410.101,0.2986154384,0.3065886161908079,0.3066650161402972,-0.007973177790807917,0.0001402085228786819
2410.583,0.2982225602,0.3064495275382077,0.3065165146653043,-0.008226967338207714,0.000140077037376377
2411.065,0.298214687,0.3063093984080899,0.3063669696666278,-0.008094711408089927,0.00013994573589557447
2411.548,0.2981975739,0.30616794134940717,0.3062160759428876,-0.007970367449407156,0.0001398143462740828
2412.03,0.29787971939999996,0.3060257486524326,0.30606446664934994,-0.00814602925243263,0.00013968341224410762
2412.512,0.2977353943,0.3058825350977553,0.3059118388153792,-0.008147140797755303,0.00013955266126404142
2412.994,0.297733287,0.30573830731377627,0.30575820085375904,-0.008005020313776257,0.00013942209301160506
2413.476,0.2975531915,0.3055930719751795,0.3056035612219128,-0.008039880475179506,0.0001392917071651905
2413.958,0.2972046612,0.30544683580282117,0.30544792842146506,-0.008242174602821173,0.00013916150340386732
2414.44,0.2972098465,0.30529960556361535,0.30529131099779805,-0.008089759063615365,0.00013903148140737888
2414.922,0.2971401345,0.3051513880704151,0.30513371753960644,-0.0080112535704151,0.0001389016408561381
2415.405,0.2969908523,0.30500187962837216,0.3049748267144091,-0.008011027328372167,0.00013877171261633073
2415.887,0.29686604289999996,0.3048517062364269,0.3048153051442582,-0.007985663336426918,0.00013864223437429394
2416.369,0.2966076097,0.30470056631795517,0.30465483357920564,-0.008092956617955172,0.00013851293662209765
2416.851,0.2965016094,0.30454846686845427,0.30449342077680774,-0.008046857468454294,0.00013838381904282852
2417.333,0.29642760970000004,0.3043954149287428,0.3043310755356843,-0.007967805228742741,0.00013825488132023368
2417.815,0.2963767897,0.30424141758483225,0.3041678066950646,-0.007864627884832276,0.00013812612313871924
2418.297,0.2963191948,0.3040864819677931,0.3040036231343317,-0.007767287167793069,0.00013799754418335864
2418.779,0.2960907053,0.30393061525361936,0.3038385337725623,-0.007839909953619384,0.00013786914413987426
2419.261,0.295999738,0.3037738246630918,0.30367254756806866,-0.0077740866630917616,0.00013774092269465388
2419.744,0.2957829263,0.3036157893205218,0.30350532638956274,-0.007832863020521774,0.00013761261407013893
2420.226,0.2956983983,0.30345717093918145,0.3033375717153485,-0.007758772639181455,0.00013748474925213245
2420.708,0.2955396952,0.3032976506264355,0.3031689473229971,-0.007757955426435481,0.00013735706209482302
2421.19,0.29540967479999997,0.3031372357808725,0.3029994623232074,-0.0077275609808725165,0.00013722955228720753
2421.672,0.2951704179,0.3029759338451404,0.30282912586358873,-0.0078055159451403955,0.00013710221951893258
2422.154,0.2951198632,0.3028137523057955,0.30265794712819494,-0.007693889105795493,0.0001369750634802915
2422.636,0.2950927868,0.30265069869314143,0.3024859353370486,-0.007557911893141422,0.00013684808386222347
2423.118,0.294973565,0.3024867805810756,0.30231309974567394,-0.007513215581075594,0.0001367212803563138
2423.601,0.2948045696,0.3023216628446713,0.3021390885344841,-0.0075170932446713135,0.00013659439012425056
2424.083,0.2948049189,0.3021560368751519,0.3019646315880622,-0.007351117975151922,0.00013646793828376284
2424.565,0.2945372133,0.3019895694038619,0.301789378835691,-0.007452356103861912,0.00013634166163339982
2425.047,0.2944507377,0.3018222681775127,0.301613339670213,-0.0073715304775126556,0.0001362155598673088
2425.529,0.2942867068,0.3016541409855724,0.30143652351758865,-0.007367434185572397,0.000136089632680275
2426.011,0.2942484184,0.30148519566009063,0.3012589398364156,-0.007236777260090643,0.00013596387976771635
2426.493,0.2942047454,0.30131544007551975,0.30108059811744803,-0.007110694675519724,0.0001358383008256858
2426.975,0.2938295225,0.30114488214853363,0.3009015078831133,-0.007315359648533637,0.00013571289555086818
2427.458,0.2936938496,0.30097317351490716,0.30072130483590453,-0.007279323914907154,0.00013558740400333792
2427.939,0.2936274558,0.3008013911440067,0.300541120113512,-0.007173935344006732,0.00013546260479275782
2428.422,0.2935974396,0.30062811455672783,0.3003594649394654,-0.007030674956727823,0.00013533745978559094
2428.904,0.2935211017,0.300454425675112,0.3001774750212068,-0.006933323975111982,0.00013521274651654298
2429.386,0.2931744978,0.3002799746781071,0.29999478467793667,-0.0071054768781070865,0.0001350882054069351
2429.868,0.29303402,0.3001047697318199,0.2998114036119777,-0.00707074973181987,0.00013496383615721407
2430.35,0.2930006898,0.2999288190432212,0.2996273415539114,-0.006928129243221226,0.00013483963846844596
2430.832,0.2928242575,0.29975213085994334,0.29944260826209007,-0.006927873359943326,0.0001347156120423208
2431.314,0.2927603177,0.29957471347006526,0.2992572135221392,-0.006814395770065262,0.0001345917565811412
2431.796,0.2924135492,0.29939657520190444,0.29907116714646736,-0.006983026001904424,0.00013446807178783243
2432.279,0.29247739419999996,0.2992173526292672,0.29888409099360225,-0.006739958429267223,0.0001343443012888422
2432.761,0.29231034050000004,0.2990377962973305,0.29869676958757296,-0.006727455797330473,0.00013422095729505388
2433.243,0.2923194134,0.2988575443288717,0.29850882615932767,-0.006538130928871677,0.0001340977830809818
2433.725,0.2919758403,0.29867660521104156,0.2983202706234939,-0.006700764911041546,0.0001339747783520023
2434.207,0.2917999753,0.29849498747011416,0.2981311129189963,-0.006695012170114145,0.000133851942814106
2434.689,0.2916484346,0.2983126996712513,0.2979413630085558,-0.006664265071251285,0.0001337292761738862
2435.171,0.2915797609,0.2981297504182687,0.29775103087819177,-0.0065499895182687395,0.0001336067781385461
2435.653,0.2912677524,0.29794614835339517,0.29756012653671865,-0.006678395953395144,0.00013348444841589422
2436.135,0.2912423669,0.29776190215702814,0.2973686600152452,-0.006519535257028142,0.00013336228671434174
2436.618,0.2912125635,0.29757663632124254,0.2971762424207841,-0.006364072821242517,0.00013324003981753102
2437.1,0.29080997610000003,0.2973911267635328,0.29698368060519564,-0.006581150663532764,0.00013311821363290569
2437.582,0.2908034357,0.2972049993603364,0.2967905868526339,-0.006401563660336396,0.0001329965545976248
2438.064,0.2907561181,0.2970182629423008,0.2965969712783922,-0.00626214484230081,0.00013287506242249902
2438.546,0.2901733872,0.2968309263769727,0.296402844017537,-0.006657539176972704,0.00013275373681894401
2439.028,0.2902971079,0.2966429985685304,0.2962082152244001,-0.006345890668530363,0.00013263257749896164
2439.51,0.290031094,0.2964544884575188,0.2960130950720755,-0.006423394457518827,0.0001325115841751554
2439.992,0.28997334420000004,0.29626540502057314,0.2958174937519077,-0.006292060820573098,0.00013239075656071615
2440.475,0.28980299639999996,0.29607536322975114,0.29562101420155773,-0.006272366829751186,0.00013226984420469068
2440.957,0.2895804703,0.2958851590712568,0.29542448024497714,-0.006304688771256783,0.0001321493474932378
2441.439,0.2896174147,0.29569440874939,0.2952274958202923,-0.006076994049389994,0.000132029015633681
2441.921,0.2894071988,0.29550312138242874,0.295030071186809,-0.006095922582428748,0.00013190884834156632
2442.403,0.2891956058,0.2953113061233227,0.29483221661953934,-0.006115700323322704,0.0001317888453330323
2442.885,0.2888403473,0.2951189721594012,0.2946339424086933,-0.006278624859401172,0.00013166900632479708
2443.367,0.2888358975,0.2949261287120708,0.2944352588591658,-0.006090231212070807,0.0001315493310341608
2443.849,0.288697239,0.2947327850365151,0.29423617629002763,-0.006035546036515127,0.00013142981917900747
2444.332,0.2885644652,0.29453854777101307,0.2940362907963688,-0.005974082571013062,0.00013131022303578856
2444.814,0.2885683895,0.2943442305486283,0.29383644042518653,-0.005775841048628272,0.0001311910375451873
2445.296,0.2884821376,0.29414944108257823,0.29363622209304174,-0.005667303482578212,0.00013107201464661008
2445.778,0.2882590354,0.2939541887601106,0.2934356461706117,-0.005695153360110616,0.00013095315406025197
2446.26,0.2880654718,0.29375848300067475,0.2932347230401865,-0.00569301120067478,0.00013083445550688308
2446.742,0.2879736414,0.2935623332555967,0.29303346309515726,-0.005588691855596739,0.00013071591870784732
2447.224,0.2879588755,0.2933657490077475,0.29283187673950273,-0.005406873507747489,0.00013059754338505937
2447.706,0.2876829561,0.2931687397712074,0.2926299743872738,-0.005485783671207389,0.00013047932926100311
2448.188,0.2873886296,0.292971315090931,0.2924277664620839,-0.005582685490930994,0.0001303612760587336
2448.671,0.2875114614,0.29277307369033795,0.2922248429661948,-0.005261612290337947,0.00013024313907830168
2449.153,0.2872757168,0.2925748460671048,0.29202205462179,-0.005299129267104796,0.00013012540722346586
2449.635,0.2873389872,0.2923762318368039,0.291818992049173,-0.005037244636803884,0.00013000783546240704
2450.117,0.2869432485,0.2921772406644725,0.29161566570507635,-0.005233992164472456,0.00012989042352044445
2450.599,0.28678286199999997,0.29197788224426474,0.291412086053221,-0.00519502024426477,0.0001297731711234582
2451.081,0.2865371175,0.29177816629909,0.29120826356380475,-0.005241048799089987,0.00012965607799788603
2451.563,0.2863353759,0.29157810258024586,0.29100420871298804,-0.005242726680245835,0.00012953914387073062
2452.045,0.28622035,0.29137770086704634,0.29079993198237913,-0.005157350867046329,0.00012942236846955177
2452.528,0.2861082514,0.2911765541800384,0.29059501939683513,-0.005068302780038392,0.0001293055097431146
2453.01,0.2857445,0.29097550527601246,0.2903903299647873,-0.005231005276012446,0.0001291890513066888
2453.492,0.2854287909,0.29077414790038436,0.2901854501470993,-0.005345357000384354,0.00012907275078168735
2453.974,0.2856255019,0.2905724919407954,0.2899803904420416,-0.0049469900407953515,0.00012895660789789636
2454.456,0.2852613839,0.29037054731098144,0.28977516135076065,-0.005109163410981443,0.0001288406223856421
2454.938,0.2852617466,0.29016832395038333,0.28956977337677126,-0.0049065773503833565,0.00012872479397581037
2455.42,0.2849972961,0.28996583182374036,0.28936423702543845,-0.004968535723740342,0.00012860912239982898
2455.902,0.2849259127,0.2897630809206906,0.28915856280346797,-0.00483716822069058,0.00012849360738967984
2456.385,0.28481549359999997,0.28955965984260035,0.2889523341190461,-0.004744166242600378,0.0001283780095067486
2456.867,0.2846718032,0.28935642096836134,0.28874641544719737,-0.004684617768361321,0.00012826280714982614
2457.349,0.2845658278,0.2891529534528001,0.2885403904495404,-0.004587125652800117,0.00012814776055739322
2457.831,0.2845201199,0.2889492673810603,0.28833426963301323,-0.004429147481060325,0.00012803286946361068
2458.313,0.2843581739,0.2887453728610976,0.288128063503335,-0.0043871989610975715,0.0001279181336031789
2458.795,0.2840159949,0.28854128002324786,0.28792178256449014,-0.004525285123247846,0.00012780355271133577
2459.277,0.28399538480000003,0.28833699901979437,0.28771543731822136,-0.004341614219794343,0.0001276891265238639
2459.759,0.283742182,0.28813254002453054,0.2875090382635185,-0.004390358024530527,0.00012757485477707704
2460.241,0.2837086766,0.2879279132323185,0.28730259589610974,-0.0042192366323184904,0.00012746073720783187
2460.724,0.28348525739999997,0.28772270383808485,0.2870956923093493,-0.00423744643808488,0.00012734653727421052
2461.206,0.2834071862,0.287517771823548,0.28688919475267777,-0.004110585623547991,0.000127232727591252
2461.688,0.2832410678,0.28731270273986315,0.28668268536756075,-0.004071634939863122,0.00012711907129905683
2462.17,0.28308641560000003,0.2871075068616945,0.2864761746315757,-0.004021091261694476,0.00012700556813661145
2462.652,0.2829915858,0.2869021944825034,0.2862696730164994,-0.003910608682503425,0.00012689221784343478
2463.134,0.2827191878,0.28669677591407383,0.286063190987794,-0.003977588114073838,0.00012677902015957004
2463.616,0.2823899137,0.28649126148604653,0.28585673900410724,-0.004101347786046539,0.00012666597482559265
2464.098,0.28240105249999997,0.28628566154544133,0.28565032751676434,-0.003884609045441356,0.0001265530815826025
2464.581,0.2823274873,0.2860795596734561,0.2854435388955404,-0.0037520723734560946,0.00012644010642653289
2465.062,0.28212005619999997,0.2858742465985945,0.285237667796776,-0.003754190398594537,0.00012632775033660703
2465.545,0.2818880531,0.28566802536067293,0.2850310126498836,-0.003779972260672948,0.00012621507870060465
2466.027,0.28173532219999997,0.2854621870903096,0.28482486767848864,-0.0037268648903096557,0.00012610279155618315
2466.509,0.281602316,0.28525631530788353,0.2846188153541838,-0.0036539993078835153,0.00012599065521557137
2466.991,0.2815049934,0.2850504204545089,0.28441286607377125,-0.0035454270545088873,0.0001258786694229991
2467.473,0.2812981215,0.28484451298523616,0.28420703022321436,-0.0035463914852361667,0.00012576683392322152
2467.955,0.2809950284,0.2846386033685425,0.2840013181771365,-0.0036435749685425067,0.00012565514846150382
2468.438,0.2811418752,0.28443227492067946,0.2837953139348528,-0.00329039972067946,0.00012554338153733367
2468.919,0.2807043333,0.28422681963087143,0.28359030693723486,-0.0035224863308714327,0.0001254322266358988
2469.402,0.2803585427,0.28402053946598216,0.28338460271060506,-0.0036619967659821673,0.0001253207591382255
2469.884,0.2803315382,0.28381472628856186,0.28317948973791207,-0.0034831880885618505,0.00012520967160063582
2470.366,0.2801531231,0.2836089635113242,0.28297455227670615,-0.0034558404113241847,0.0001250987328346296
2470.848,0.2800981897,0.283403261672444,0.28276980062311585,-0.003305071972444007,0.00012498794258854906
2471.33,0.28001767520000004,0.28319763131985654,0.28256524505846164,-0.0031799561198564974,0.0001248773006112478
2471.812,0.2797716483,0.28299208301071543,0.28236089584876267,-0.003220434710715425,0.0001247668066520818
2472.294,0.27953579300000003,0.2827866273108517,0.2821567632442467,-0.003250834310851658,0.00012465646046091544
2472.776,0.27949640729999997,0.2825812747942247,0.28195285747886073,-0.003084867494224708,0.0001245462617881199
2473.259,0.2791244349,0.282375610361435,0.2817487664740911,-0.0032511754614349964,0.0001244359822150648
2473.741,0.2790098547,0.2821704962319235,0.2815453455448115,-0.0031606415319234693,0.00012432607813688988
2474.223,0.2789334302,0.2819655170727596,0.28134218207504325,-0.0030320868727595762,0.00012421632083069173
2474.705,0.2788134986,0.2817606834848835,0.281139286228698,-0.0029471848848834914,0.0001241067100488467
2475.187,0.2786158657,0.2815560060745689,0.28093666815097285,-0.002940140374568856,0.00012399724554423117
2475.669,0.278590296,0.2813514954528561,0.28073433796786923,-0.002761199452856078,0.0001238879270702174
2476.151,0.278377347,0.28114716223497715,0.28053230578571126,-0.0027698152349771576,0.00012377875438067512
2476.633,0.2781753668,0.28094301703977975,0.28033058169066494,-0.002767650239779762,0.0001236697272299698
2477.115,0.278237317,0.2807390704891457,0.28012917574825846,-0.0025017534891457194,0.0001235608453729592
2477.598,0.2779746746,0.28053491074085923,0.279927681177278,-0.0025602361408592067,0.0001234518831205665
2478.08,0.2778476089,0.28033139382147876,0.2797269423639086,-0.002483784921478771,0.00012334329141766587
2478.562,0.2776801081,0.28012810744671246,0.2795265517918988,-0.0024479993467124705,0.00012323484427548403
2479.044,0.277401887,0.2799250622447109,0.2793265194394186,-0.002523175244710907,0.00012312654145084828
2479.526,0.2774205292,0.279722268843702,0.2791268552616234,-0.0023017396437020055,0.00012301838270107173
2480.008,0.2773666351,0.27951973787139506,0.27892756919018613,-0.0021531027713950768,0.00012291036778395615
2480.49,0.2772368319,0.2793174799543715,0.2787286711328235,-0.0020806480543715256,0.0001228024964577865
2480.972,0.2770265329,0.2791155057174806,0.27853017097283206,-0.0020889728174806055,0.00012269476848133623
2481.455,0.2768763203,0.2789134076734228,0.2783316680192143,-0.002037087373422841,0.0001225869605573364
2481.937,0.2766646048,0.2787120333050126,0.27813399408040396,-0.002047428505012605,0.00012247951885473299
2482.419,0.2767324168,0.2785109744967827,0.27793674755798126,-0.001778557696782701,0.00012237221978056754
2482.901,0.27654579290000003,0.27831024186050196,0.2777399382328477,-0.0017644489605019298,0.00012226506309554158
2483.383,0.27643389079999997,0.2781098460031207,0.2775435758591636,-0.0016759552031207492,0.00012215804856083702
2483.865,0.2760791492,0.2779097975261432,0.27734767016388917,-0.0018306483261432138,0.00012205117593811422
2484.347,0.2760426159,0.2777101070249989,0.277152230846326,-0.0016674911249988655,0.00012194444498950851
2484.829,0.2758187375,0.2775107850884123,0.2769572675776644,-0.0016920475884122932,0.00012183785547763321
2485.312,0.2756417043,0.27731142995484426,0.2767623870316239,-0.0016697256548442452,0.00012173118646507102
2485.794,0.2754385955,0.27711287770307363,0.27656840579718617,-0.0016742822030736404,0.00012162487940860864
2486.276,0.275628486,0.2769147257573409,0.27637492947185605,-0.001286239757340879,0.00012151871307907154
2486.758,0.27516034489999996,0.27671698467315,0.2761819676097824,-0.0015566397731500148,0.00012141268724097257
2487.24,0.2752882741,0.27651966499609426,0.27598952973474367,-0.0012313908960942532,0.00012130680165928622
2487.722,0.2748823523,0.27632277726121135,0.2757976253397063,-0.0014404249612113285,0.00012120105609946316
2488.204,0.2749061783,0.2761263319923306,0.27560626388637754,-0.0012201536923305834,0.00012109545032741711
2488.686,0.2748136872,0.2759303397014199,0.2754154548047641,-0.0011166525014199014,0.0001209899841095349
2489.168,0.2747319748,0.27573481088793095,0.27522520749273294,-0.0010028360879309473,0.00012088465721266358
2489.651,0.274512436,0.2755393518599808,0.27503513839670446,-0.0010269158599807704,0.00012077925131657334
2490.133,0.2744256315,0.2753447824622631,0.27484604390065126,-0.0009191509622631377,0.0001206742026519806
2490.615,0.2741540176,0.27515070798031316,0.27465753918981706,-0.0009966903803131366,0.00012056929261125703
2491.097,0.2739618978,0.27495713885688283,0.2744696335290691,-0.0009952410568828118,0.00012046452096310933
2491.579,0.2740606307,0.27476408551889375,0.27428233614895825,-0.0007034548188937784,0.00012035988747670507
2492.061,0.2740427699,0.2745715583767681,0.2740956562452901,-0.0005287884767681272,0.00012025539192166733
2492.543,0.2737229577,0.2743795678237597,0.27390960297869926,-0.0006566101237597266,0.0001201510340680842
2493.025,0.2735472283,0.2741881242352801,0.2737241854742225,-0.0006408959352801058,0.00012004681368649951
2493.508,0.2733027675,0.27399684252513223,0.27353903015172787,-0.0006940750251322458,0.00011994251475029397
2493.99,0.27335233859999997,0.27380652510564985,0.27335491276811646,-0.0004541865056498784,0.0001198385689101848
2494.472,0.2731400734,0.2736167856845084,0.2731714583225879,-0.0004767122845084071,0.00011973475985596517
2494.954,0.2729753088,0.2734276345589464,0.27298867579349906,-0.0004523257589464369,0.00011963108736000125
2495.436,0.2727595354,0.2732390820049671,0.2728065741215122,-0.0004795466049671293,0.00011952755119510937
2495.918,0.2728867058,0.2730511382766595,0.27262516220918165,-0.0001644324766594818,0.00011942415113455862
2496.4,0.27255078439999997,0.2728638136055124,0.27244444892054365,-0.0003130292055124051,0.00011932088695206875
2496.882,0.2723586829,0.2726771181997272,0.2722644430807049,-0.0003184352997271933,0.00011921775842180796
2497.365,0.27225828679999997,0.2724906769070852,0.2720847822559017,-0.00023239010708525631,0.00011911455178037597
2497.846,0.2722844602,0.27230565589650557,0.2719065888507809,-2.119569650554931e-05,0.00011901190741689049
2498.329,0.27208721950000003,0.27212052669396775,0.27172838973744945,-3.33071939677132e-05,0.0001189089715148627
2498.811,0.27191647750000003,0.27193645134210703,0.2715513027002683,-1.9973842107001705e-05,0.00011880638362349837
2499.293,0.2717797816,0.27175305594414556,0.2713749666571963,2.672565585443154e-05,0.00011870393026144958
2499.775,0.2717240414,0.27157035055405143,0.27119939019122075,0.00015369084594857307,0.00011860161120555996
2500.257,0.2717811223,0.27138834519767385,0.2710245818435979,0.00039277710232615837,0.00011849942623311755
2500.739,0.27165487039999997,0.2712070498720518,0.2708505501134629,0.00044782052794817284,0.00011839737512184931
2501.221,0.2713160537,0.2710264745447169,0.27067730345743823,0.00028957915528310396,0.00011829545764992518
2501.703,0.2712900655,0.27084662915299884,0.27050485028924776,0.0004434363470011693,0.00011819367359595225
2502.186,0.2709674032,0.27066715279097275,0.2703328436955965,0.0003002504090272584,0.00011809181198338654
2502.668,0.27081907569999997,0.2704887985238666,0.2701620042602407,0.0003302771761333756,0.00011799029437854605
2503.15,0.2707083299,0.2703112038365876,0.2699919833098062,0.00039712606341241186,0.00011788890952964971
2503.632,0.2706532393,0.2701343785386292,0.2698227890825079,0.0005188607613708096,0.00011778765721705057
2504.114,0.2705228672,0.2699583324058019,0.26965442977176246,0.0005645347941981016,0.00011768653722154097
2504.596,0.2703795342,0.26978307517953304,0.26948691352581466,0.0005964590204669551,0.00011758554932434371
2505.078,0.27013165969999997,0.2696086165661714,0.26932024844736746,0.0005230431338285602,0.0001174846933071113
2505.56,0.26998789219999997,0.2694349662362884,0.2691544425932123,0.0005529259637115924,0.00011738396895193355
2506.042,0.26999333929999997,0.26926213382398356,0.2689895039738663,0.0007312054760164055,0.00011728337604132499
2506.525,0.2699558298,0.26908977293638714,0.2688251010879318,0.0008660568636128518,0.00011718270606776422
2507.007,0.26976776269999997,0.26891860685873475,0.26866192262322264,0.0008491558412652145,0.00011708237566714321
2507.489,0.26975658809999997,0.26874828739486256,0.26849963515987463,0.0010083007051374104,0.00011698217606076692
2507.971,0.2694965736,0.26857882402592914,0.26833824651959415,0.0009177495740708697,0.00011688210703286307
2508.453,0.2693261407,0.26841022619313915,0.2681777644760205,0.0009159145068608487,0.0001167821683680863
2508.935,0.2695011654,0.26824250329704735,0.2680181967543742,0.001258662102952668,0.00011668235985151602
2509.417,0.2695929358,0.2680756646968663,0.26785955103111014,0.0015172711031337105,0.00011658268126865347
2509.899,0.2693498263,0.26790971970977207,0.2677018349335707,0.0014401065902279186,0.00011648313240542251
2510.382,0.2693440903,0.26774433614417836,0.26754473175167914,0.0015997541558216422,0.00011638350691841732
2510.864,0.2691401718,0.2675802080651123,0.26738889955727035,0.0015599637348877038,0.00011628421712193263
2511.346,0.2690650173,0.2674170013105461,0.2672340195879861,0.0016480159894539104,0.00011618505640493785
2511.828,0.2690165118,0.26725472502251085,0.26708009927121246,0.0017617867774891716,0.00011608602455504078
2512.31,0.268899277,0.26709338829755014,0.26692714598353284,0.0018058887024498538,0.00011598712136026411
2512.792,0.2686735173,0.2669330001860359,0.2667751670503993,0.001740517113964113,0.00011588834660904707
2513.274,0.26873026889999996,0.26677356969148247,0.2666241697458045,0.0019566992085174872,0.00011578970009024891
2513.756,0.2685116337,0.2666151057698659,0.26647416129195944,0.001896527930134062,0.00011569118159313617
2514.239,0.2686662541,0.2664572916095984,0.26632484074484986,0.002208962490401589,0.00011559258691005775
2514.721,0.2684249339,0.26630078955958747,0.26617683353895527,0.002124144340412526,0.00011549432409030521
2515.203,0.2682807177,0.2661452806766173,0.2660298365511362,0.0021354370233827025,0.00011539618866209883
2515.685,0.2681202143,0.26599077371960156,0.2658838567931664,0.002129440580398434,0.00011529818041636011
2516.167,0.26806992690000003,0.2658372773965242,0.2657389012234541,0.0022326495034758476,0.00011520029914442177
2516.649,0.267820234,0.26568480036376574,0.2655949767467322,0.002135433636234252,0.00011510254463802555
2517.131,0.26790024630000003,0.265533351225436,0.2654520902137538,0.002366895074564057,0.0001150049166893204
2517.613,0.2675732312,0.2653829385327045,0.2653102484209889,0.0021902926672954792,0.00011490741509086206
2518.095,0.2677080902,0.2652335707831375,0.26516945811032516,0.002474519416862553,0.00011481003963561676
2518.578,0.2676911834,0.2650849498147058,0.2650294371726347,0.00260623358529416,0.00011471258848523183
2519.06,0.2672987991,0.2649376994379701,0.2648907720480086,0.0023610996620299085,0.00011461546495755707
2519.542,0.2672545892,0.2647915191860869,0.2647531783142796,0.0024630700139131045,0.00011451846695398747
2520.024,0.2672973779,0.26464641733548777,0.26461666249194604,0.0026509605645122503,0.00011442159426910386
2520.506,0.2668507355,0.26450240210571263,0.2644812310454658,0.0023483333942873608,0.00011432484669788791
2520.988,0.2670179756,0.2643594816587603,0.2643468903829732,0.002658493941239737,0.00011422822403572421
2521.47,0.2668667663,0.264217664098444,0.2642136468560003,0.0026491022015560084,0.00011413172607839727
2521.952,0.2666608952,0.26407695746974724,0.26408150675919784,0.0025839377302527833,0.00011403535262208824
2522.435,0.26657561869999996,0.2639370813257428,0.2639502056404919,0.002638537374257177,0.00011393890390539298
2522.917,0.2665244818,0.2637986228027701,0.26382029338051527,0.0027258589972298797,0.00011384277909851035
2523.399,0.2663890546,0.2636612990032696,0.2636915031032946,0.0027277555967303857,0.00011374677818316095
2523.881,0.2665102671,0.26352511773042064,0.26356384087312723,0.002985149369579332,0.00011365090095711592
2524.363,0.2661779404,0.26339008672540853,0.2634373126960865,0.002787853674591445,0.00011355514721854296
2524.845,0.266067301,0.2632562136668045,0.26331192451976493,0.002811087333195461,0.00011345951676600039
2525.327,0.2659805729,0.26312350616994495,0.26318768223301536,0.0028570667300550356,0.00011336400939844193
2525.809,0.2659410722,0.26299197178632006,0.26306459166569934,0.0029491004136799615,0.00011326862491521156
2526.292,0.2659268871,0.26286134879181755,0.2629424068224255,0.0030655383081824583,0.00011317316560484869
2526.773,0.265681234,0.26273245224183644,0.2628218887123521,0.0029487817581635434,0.00011307822380106872
2527.256,0.2658576729,0.26260421760818875,0.26270204077284687,0.003253455291811258,0.0001129830097670081
2527.738,0.2657024935,0.2624774523968666,0.2625836166357052,0.0032250411031334303,0.00011288811507543065
2528.22,0.2656566108,0.26235189709221274,0.2624663724851699,0.003304713707787288,0.00011279334227034225
2528.702,0.2655338443,0.26222755884981996,0.2623503137918676,0.0033062854501800243,0.00011269869115342246
2529.184,0.2655434494,0.26210444475724876,0.2622354459657421,0.0034390046427512644,0.00011260416152673582
2529.666,0.2655419429,0.26198256183344615,0.2621217743558239,0.003559381066553846,0.0001125097531927325
2530.148,0.2653234415,0.26186191702817274,0.2620093042500051,0.0034615244718272375,0.00011241546595424582
2530.63,0.26533689930000004,0.26174251722143027,0.2618980408748163,0.003594382078569769,0.00011232129961449382
2531.113,0.2651955248,0.2616241254085053,0.2617877623359458,0.0035713993914947006,0.00011222705898697933
2531.595,0.26516680439999996,0.2615072385750228,0.26167893038521706,0.0036595658249771734,0.00011213313410568656
2532.077,0.2651469777,0.26139161696965457,0.26157132048474585,0.003755360730345436,0.00011203932953466514
2532.559,0.2648676635,0.2612772671876129,0.2614649376133149,0.003590396312387112,0.00011194564507865788
2533.041,0.2650247726,0.26116419575157396,0.26135978668727555,0.003860576848426056,0.00011185208054278579
2533.523,0.2648804544,0.2610524091111367,0.26125587256034233,0.0038280452888633243,0.0001117586357325497
2534.005,0.2649332947,0.26094191364228814,0.26115320002339193,0.003991381057711851,0.00011166531045382525
2534.487,0.2645904683,0.2608327156468754,0.2610517738042655,0.003757752653124613,0.00011157210451286651
2534.969,0.2645651317,0.26072482135208086,0.26095159856757205,0.0038403103479191514,0.00011147901771629953
2535.452,0.2643946929,0.2606180171461725,0.2608524749953357,0.0037766757538275075,0.00011138585711530178
2535.934,0.2643754705,0.26051275136932794,0.26075481808248724,0.003862719130672043,0.00011129300827509764
2536.416,0.2642990433,0.26040880753388307,0.2606584257738244,0.003890235766116912,0.00011120027800102081
2536.898,0.2642180966,0.2603061915630828,0.26056330247901127,0.003911905036917185,0.00011110766610119455
2537.38,0.26408366510000003,0.26020490930297585,0.2604694525435516,0.0038787557970241804,0.00011101517238411347
2537.862,0.2642615882,0.2601049665219253,0.2603768802486136,0.0041566216780747345,0.0001109227966586439
2538.344,0.2641263021,0.2600063689101282,0.26028558981085764,0.004119933189871805,0.00011083053873402093
2538.826,0.263751444,0.25990912207913686,0.26019558538226484,0.0038423219208631454,0.00011073839841984902
2539.309,0.26385680170000003,0.259813034032088,0.2601066883391929,0.004043767667912035,0.00011064618472915886
2539.791,0.2638112854,0.25971850811130526,0.26001927081435866,0.004092777288694727,0.00011055427930919306
2540.273,0.2638160204,0.2596253493405247,0.2599331513730563,0.004190671059475293,0.00011046249093030176
2540.755,0.2638053814,0.2595335630119243,0.2598483339067873,0.0042718183880756655,0.00011037081940355921
2541.237,0.263794649,0.2594431543367534,0.25976482224157404,0.00435149466324658,0.00011027926454040128
2541.719,0.2636315706,0.25935412844489514,0.25968262013781024,0.004277442155104838,0.00011018782615262966
2542.201,0.2636650424,0.2592664903844357,0.2596017312901142,0.004398552015564272,0.00011009650405240829
2542.683,0.2633120672,0.2591802451212414,0.25952215932718425,0.004131822078758618,0.00011000529805226561
2543.166,0.263440613,0.25909522296244036,0.25944374683915394,0.004345390037559627,0.00010991401910186514
2543.648,0.2633768226,0.2590117807750595,0.2593668220178349,0.004365041824940519,0.00010982304498080048
2544.13,0.2634048942,0.2589297457947854,0.25929122457751896,0.004475148405214624,0.00010973218639917465
2544.612,0.2632699148,0.2588491226543307,0.25921695788171634,0.004420792145669317,0.00010964144317095239
2545.094,0.2630754239,0.258769915902172,0.25914402522734725,0.004305507997827973,0.00010955081511046206
2545.576,0.2633165258,0.2586921300021703,0.259072429844618,0.0046243957978296946,0.00010946030203238834
2546.058,0.2630228854,0.2586157693331951,0.25900217489690014,0.004407116066804939,0.00010936990375177192
2546.54,0.2629782697,0.25854083818875895,0.2589332634806132,0.004437431511241041,0.00010927962008401114
2547.022,0.2630444026,0.25846734077665723,0.2588656986251097,0.004577061823342776,0.00010918945084485722
2547.505,0.2631732297,0.2583951332149178,0.25879934732120013,0.004778096485082206,0.0001090992091329575
2547.987,0.263170753,0.2583245185418589,0.2587344872153122,0.0048462344581410854,0.00010900926843614293
2548.469,0.26289555929999997,0.2582553497148393,0.2586709823605683,0.004640209585160648,0.00010891944161693541
2548.951,0.26290007379999997,0.2581876305951628,0.25860883551683755,0.004712443204837158,0.00010882972849250108
2549.433,0.2628944691,0.2581213649567299,0.2585480493764001,0.0047731041432700905,0.00010874012888035674
2549.915,0.2630374747,0.2580565564857277,0.2584886265638532,0.004980918214272323,0.00010865064259836971
2550.397,0.2629662556,0.2579932087803203,0.2584305696360187,0.004973046819679694,0.0001085612694647583
2550.879,0.2628503729,0.2579313253503529,0.2583738810818569,0.004919047549647115,0.00010847200929808837
2551.362,0.2629284044,0.25787078580120903,0.2583184499818256,0.005057618598790947,0.00010838267708131467
2551.844,0.262765829,0.2578118441522662,0.2582645082212735,0.0049539848477337944,0.00010829364253904832
2552.326,0.26283282480000003,0.25775437678215546,0.2582119418979413,0.005078448017844572,0.00010820472042113232
2552.808,0.2626439896,0.25769838684443547,0.2581607532283858,0.004945602755564549,0.00010811591054751887
2553.29,0.26269763609999996,0.2576438774029739,0.25811094436091236,0.005053758697026067,0.00010802721273851032
2553.772,0.26253668480000003,0.25759085143169635,0.2580625173755061,0.004945833368303676,0.00010793862681475129
2554.254,0.2626348772,0.2575393118143463,0.2580154742837682,0.0050955653856537,0.0001078501525972264
2554.736,0.2626963132,0.2574892613442492,0.25796981702885335,0.005207051855750766,0.00010776178990726673
2555.219,0.2626944913,0.25744060353266474,0.2579254570836741,0.0052538877673352635,0.00010767335558810038
2555.7,0.26270103850000004,0.2573936385656911,0.25788266745954247,0.005307399934308954,0.00010758539839707245
2556.183,0.262683148,0.25734797840991097,0.25784109405980976,0.005335169590089006,0.0001074971867033127
2556.665,0.2626703575,0.2573039137593119,0.25780100110444004,0.0053664437406881205,0.00010740926857346677
2557.147,0.26257835879999997,0.25726135086350155,0.25776230267632183,0.005317007936498419,0.00010732146108258375
2557.629,0.2626343683,0.257220291968673,0.25772500030669343,0.005414076331326956,0.00010723376405403393
2558.111,0.2624757893,0.2571807392291998,0.2576890954580122,0.005295050070800167,0.0001071461773115275
2558.593,0.26258354959999997,0.25714269470746925,0.2576545895239194,0.005440854892530711,0.00010705870067910808
2559.075,0.2624667772,0.25710616037372436,0.25762148382920885,0.005360616826275644,0.00010697133398115788
2559.557,0.26220883829999997,0.25707113810591486,0.25758977962979973,0.005137700194085104,0.00010688407704239402
2560.04,0.26222608940000003,0.25703756174485315,0.2575594167053642,0.0051885276551468795,0.00010679674899801797
2560.522,0.2624003867,0.2570055720188701,0.25753052190225784,0.0053948146811299,0.0001067097112799208
2561.004,0.26255733459999997,0.25697509944076535,0.25750303195083407,0.0055822351592346164,0.00010662278279680379
2561.486,0.2622733226,0.25694614551779726,0.2574769478311558,0.005327177082202761,0.00010653596337471516
2561.968,0.2625934316,0.2569187116643127,0.25745227045432084,0.0056747199356873,0.00010644925284003687
2562.45,0.2623505362,0.25689279920164676,0.2574290006624532,0.005457736998353224,0.0001063626510194827
2562.932,0.2623900081,0.25686840935803634,0.25740713922870073,0.005521598741963674,0.00010627615774009694
2563.414,0.262437774,0.2568455432685386,0.25738668685723165,0.005592230731461423,0.00010618977282925008
2563.896,0.2623429309,0.2568242019749591,0.257367644183237,0.0055187289250409055,0.00010610349611464565
2564.379,0.2623988349,0.25680434690130777,0.2573499766574945,0.005594487998692221,0.00010601714876326504
2564.861,0.2621018334,0.25678606111971625,0.2573337579355056,0.005315772280283737,0.00010593108814913864
2565.343,0.2622466504,0.2567693027008524,0.25731895040359193,0.0054773476991475945,0.00010584513521596592
2565.825,0.2623037158,0.25675407231278247,0.25730555442098013,0.005549643487217537,0.00010575928979275743
2566.307,0.2625735957,0.25674037053009535,0.2572935702779814,0.005833225169904643,0.00010567355170884545
2566.789,0.2623025414,0.2567281978338819,0.2572829981960104,0.0055743435661180785,0.00010558792079388926
2567.271,0.2623167402,0.25671755461172674,0.2572738383276123,0.00559918558827327,0.00010550239687786917
2567.753,0.2624327838,0.2567084411577053,0.25726609075649065,0.005724342642294711,0.00010541697979109325
2568.236,0.2624027922,0.2567008435295075,0.257259743821917,0.005701948670492507,0.00010533149248235439
2568.718,0.2624046835,0.25669479329446776,0.25725482375114794,0.005709890205532253,0.00010524628876702532
2569.2,0.2621317868,0.2566902731487839,0.25725131581572513,0.00544151365121609,0.00010516119137343532
2569.682,0.26238199640000004,0.2566872830124636,0.25724921982419413,0.005694713387536465,0.00010507620013317206
2570.164,0.2624428116,0.2566858227121295,0.257248535516451,0.005756988887870518,0.00010499131487814608
2570.646,0.2621428193,0.2566858919810719,0.25724926256379,0.0054569273189281065,0.00010490653544058384
2571.128,0.2623391112,0.2566874904593068,0.25725140056895546,0.005651620740693197,0.00010482186165303483
2571.61,0.2623351767,0.2566906176936461,0.2572549490661966,0.005644559006353911,0.0001047372933483582
2572.093,0.2622678414,0.2566952843845129,0.2572599192738171,0.00557255701548709,0.00010465265523468041
2572.575,0.2622744259,0.2567014705675757,0.25726629000756945,0.005572955332424301,0.00010456829761358813
2573.057,0.2622439582,0.25670918358714934,0.2572740694243073,0.005534774612850679,0.00010448404497551231
2573.539,0.262300976,0.25671842261789424,0.2572832567847698,0.0055825533821057816,0.00010439989715457718
2574.021,0.2624470705,0.2567291867417394,0.25729385128152404,0.0057178837582606,0.00010431585398522435
2574.503,0.26226709119999997,0.25674147494800337,0.25730585203903866,0.005525616251996601,0.00010423191530220608
2574.985,0.2623548813,0.25675528613352366,0.25731925811376183,0.0055995951664763455,0.00010414808094058722
2575.467,0.26241910749999997,0.256770619102795,0.25733406849420154,0.005648488397204998,0.00010406435073574538
2575.949,0.262308469,0.25678747256811474,0.25735028210100996,0.00552099643188525,0.00010398072452336675
2576.432,0.2624043443,0.2568058848452398,0.2573679357907622,0.005598459454760174,0.00010389702896431429
2576.914,0.2624373108,0.25682577821859365,0.2573869552463276,0.005611532581406342,0.00010381361046007286
2577.396,0.26245855809999996,0.25684718766996295,0.25740737428123905,0.00561137043003701,0.00010373029545688105
2577.878,0.2626221727,0.2568701115443035,0.2574291915454883,0.005752061155696486,0.00010364708379166538
2578.36,0.2626207416,0.2568945480952349,0.25745240562167987,0.005726193504765109,0.00010356397530165758
2578.842,0.2624580736,0.2569204954852373,0.2574770150251331,0.005537578114762687,0.00010348096982440142
2579.324,0.2626277088,0.25694795178585683,0.257503018203989,0.005679757014143194,0.00010339806719774227
2579.806,0.2627453388,0.2569769149779203,0.25753041353932005,0.005768423822079705,0.00010331526725983255
2580.289,0.2628488489,0.2570074477260253,0.2575592605110163,0.005841401173974692,0.00010323239838420416
2580.771,0.2628507506,0.2570394213967365,0.2575894379140951,0.005811329203263493,0.00010314980355168125
2581.253,0.2626767097,0.2570728953544703,0.2576210022117512,0.005603814345529701,0.00010306731092386137
2581.735,0.2628331402,0.25710786721929246,0.25765395151780246,0.005725272980707519,0.0001029849203401118
2582.217,0.26277283560000003,0.2571443345217416,0.25768828387959275,0.005628501078258408,0.0001029026316401048
2582.699,0.2629424499,0.25718229470309273,0.25772399727812056,0.005760155196907257,0.00010282044466381358
2583.181,0.2628624644,0.257221745115629,0.257761089628171,0.0056407192843709875,0.00010273835925151209
2583.663,0.262904183,0.2572626830229191,0.25779955877845,0.0056414999770809104,0.00010265637524377621
2584.146,0.262918449,0.2573051951550549,0.257839486602371,0.005613253844945099,0.00010257432270536407
2584.627,0.26287913360000004,0.25734900993419885,0.2578806185449516,0.00553012366580119,0.00010249271080579594
2585.11,0.2629465801,0.2573944887152036,0.2579232943045074,0.005552091384796398,0.0001024108607008688
2585.592,0.2632056812,0.2574413505314156,0.25796725066072435,0.005764330668584394,0.00010232928093202529
2586.074,0.2629994868,0.25748968483316004,0.25801257206923117,0.005509801966839978,0.00010224780177477576
2586.556,0.2632923242,0.25753948835784257,0.25805925598512525,0.005752835842157411,0.00010216642307148377
2587.038,0.2632272053,0.2575907577563288,0.25810729979845465,0.005636447543671208,0.00010208514466480754
2587.52,0.2632897559,0.2576434895932822,0.2581567008343758,0.005646266306717773,0.00010200396639770411
2588.002,0.2632548143,0.2576976803475153,0.25820745635331743,0.005557133952484694,0.00010192288811342212
2588.484,0.2633682005,0.25775332641234494,0.2582595635511457,0.005614874087655042,0.00010184190965550399
2588.967,0.2635036826,0.257810544062226,0.25831313186397287,0.005693138537774034,0.00010176086317297021
2589.449,0.2633152569,0.25786909258787294,0.25836793653894763,0.0054461643121270775,0.00010168008410588143
2589.931,0.26342740589999997,0.25792908508665857,0.25842408408844186,0.005498320813341395,0.00010159940439722255
2590.413,0.2634965368,0.25799051761344527,0.25848157145165,0.005506019186554745,0.00010151882389170533
2590.895,0.2635726929,0.2580533861394889,0.25854039550407565,0.0055193067605111,0.00010143834243433164
2591.377,0.2634110939,0.2581176865528369,0.25860055305771373,0.005293407347163104,0.00010135795987039795
2591.859,0.2636000123,0.25818341465873507,0.25866204086123756,0.005416597641264953,0.00010127767604548716
2592.341,0.2635399573,0.2582505661800407,0.25872485560018826,0.005289391119959297,0.00010119749080547108
2592.823,0.2635699633,0.25831913675764206,0.2587889938971658,0.0052508265423579226,0.00010111740399650909
2593.306,0.2634940487,0.25838926861574685,0.2588545894877041,0.0051047800842531355,0.0001010372496157934
2593.788,0.26361079109999996,0.2584606668236178,0.258921367245634,0.005150124276382173,0.00010095735941199138
2594.27,0.26368326750000004,0.25853347051330355,0.25898945804625184,0.0051497969866964866,0.00010087756717912984
2594.752,0.2637723204,0.25860767500198323,0.25905885826224456,0.005164645398016754,0.00010079787276451835
2595.234,0.26398139119999997,0.2586832755270676,0.25912956420436445,0.005298115672932369,0.00010071827601574973
2595.716,0.2640157824,0.2587602672466589,0.2592015721216362,0.005255515153341106,0.0001006387767806991
2596.198,0.2641065515,0.25883864524001515,0.25927487820156964,0.005267906259984856,0.00010055937490752954
2596.68,0.2640312556,0.2589184045080236,0.25934947857037577,0.0051128510919764,0.00010048007024468352
2597.163,0.2639660241,0.25899970973150993,0.25942552808137304,0.0049663143684900435,0.00010040069841054924
2597.645,0.2641634909,0.2590822190794716,0.2595027078270482,0.005081271820528421,0.0001003215879157122
2598.127,0.2641165775,0.2591660942283974,0.2595811698661458,0.004950483271602579,0.00010024257417791477
2598.609,0.2639945942,0.2592513298703734,0.25966091008176123,0.004743264329626573,0.00010016365704672573
2599.091,0.2643181657,0.25933792062156613,0.2597419242968082,0.004980245078433865,0.00010008483637199981
2599.573,0.2643195912,0.25942586102273124,0.2598242082742514,0.00489373017726874,0.0001000061120038664
2600.055,0.2645385006,0.259515145539726,0.2599077577173403,0.005023355060274015,9.992748379273761e-05
2600.537,0.2641995143,0.2596057685640304,0.2599925682698485,0.004593745735969601,9.984895158930175e-05
2601.02,0.2644307389,0.25969791657452646,0.26007881538229805,0.004732822325473562,9.977035261306193e-05
2601.502,0.26442784620000004,0.2597912022402241,0.2601661374415297,0.004636643959775921,9.969201217660394e-05
2601.984,0.26454845169999996,0.25988580913450554,0.26025470717758425,0.004662642565494424,9.961376730126259e-05
2602.466,0.2648247904,0.2599817313564876,0.2603445199986325,0.004843059043512399,9.953561783883404e-05
2602.948,0.2647430078,0.2600789629335879,0.26043557125459627,0.004664044866412087,9.945756364139372e-05
2603.43,0.2648391242,0.2601774978220754,0.2605278562374032,0.00466162637792461,9.937960456128601e-05
2603.912,0.2648796308,0.26027732990762575,0.2606213701812406,0.004602300892374234,9.930174045113373e-05
2604.394,0.265174792,0.26037845300588314,0.26071610826281577,0.0047963389941168555,9.922397116383312e-05
2604.876,0.26496832179999996,0.260480860863027,0.2608120656016184,0.004487460936972942,9.914629655255041e-05
2605.359,0.2651287827,0.26058476359763955,0.26090944011995976,0.004544019102360464,9.906855561436372e-05
2605.841,0.26512749459999996,0.26068972456849326,0.2610078236078747,0.004437770031506694,9.899107011137844e-05
2606.323,0.2654401668,0.26079595111223525,0.2611074113602886,0.004644215687764741,9.891367884524539e-05
2606.805,0.2653514176,0.26090343670279476,0.261208198270366,0.004447980897205217,9.883638167022254e-05
2607.287,0.2655234428,0.2610121747475369,0.2613101791754002,0.004511268052463102,9.875917844083482e-05
2607.769,0.2655788348,0.26112215858785454,0.26141334885709033,0.004456676212145461,9.86820690118755e-05
2608.251,0.265770287,0.26123338149976516,0.2615177020418191,0.0045369055002348335,9.860505323841014e-05
2608.733,0.2656102801,0.26134583669451267,0.2616232334009362,0.004264443405487317,9.852813097577054e-05
2609.216,0.2658289802,0.26145975444013525,0.2617301601442976,0.004369225759864759,9.845114278046015e-05
2609.698,0.2657813292,0.2615746560990309,0.2618380340637388,0.004206673100969116,9.837440729979592e-05
2610.18,0.2660582316,0.2616907692773849,0.2619470698328255,0.00436746232261509,9.829776489726267e-05
2610.662,0.2661504218,0.26180808693331337,0.262057261905533,0.004342334866686615,9.822121542925803e-05
2611.144,0.2660744018,0.2619266019632257,0.26216860468225067,0.004147799836774324,9.814475875244874e-05
2611.626,0.2663777491,0.2620463072024496,0.26228109251007947,0.004331441897550414,9.806839472376645e-05
2612.108,0.2662147019,0.262167195425858,0.2623947196831295,0.0040475064741420375,9.799212320040732e-05
2612.59,0.2664256581,0.2622892593485007,0.26250948044282274,0.004136398751499293,9.791594403983074e-05
2613.073,0.2665201572,0.26241274850424195,0.26262561057910494,0.004107408695758041,9.783969933880007e-05
2613.554,0.2663878527,0.2625368848563862,0.2627423794262159,0.003850967843613773,9.77638622381757e-05
2614.037,0.266611928,0.26266269324256186,0.26286075210362525,0.003949234757438136,9.768780193385269e-05
2614.519,0.2665783626,0.2627893883081406,0.2629799908777718,0.003788974291859426,9.76119909945537e-05
2615.001,0.2665999917,0.26291722175740073,0.2631003336535316,0.003682769942599251,9.753627170897977e-05
2615.483,0.2667485817,0.26304618595977014,0.2632217743625561,0.003702395740229847,9.746064393616065e-05
2615.965,0.26677787210000004,0.26317627322935977,0.2633443068859851,0.0036015988706402657,9.738510753538688e-05
2616.447,0.266737502,0.26330747582561953,0.2634679250547671,0.003430026174380485,9.730966236621038e-05
2616.929,0.2667523518,0.263439785953994,0.26359262264998146,0.0033125658460060325,9.723430828843934e-05
2617.411,0.266885469,0.2635731957665839,0.26371839340316283,0.0033122732334160965,9.715904516214075e-05
2617.894,0.26700531260000004,0.26370797754115827,0.26384549524972967,0.003297335058841777,9.708371698278391e-05
2618.376,0.2671842673,0.2638435652087239,0.26397339551040666,0.0033407020912761265,9.700863552863589e-05
2618.858,0.2673882324,0.2639802286867124,0.2641023498163039,0.0034080037132875884,9.693364460741988e-05
2619.34,0.26724468300000004,0.2641179599203872,0.26423235170396786,0.0031267230796128143,9.685874408022841e-05
2619.822,0.2673289888,0.26425675080499933,0.2643633946620537,0.0030722379950006706,9.678393380841437e-05
2620.304,0.2675282177,0.26439659318646347,0.2644954721316672,0.003131624513536546,9.670921365358439e-05
2620.786,0.2676668688,0.2645374788620318,0.2646285775067025,0.0031293899379681855,9.663458347759677e-05
2621.268,0.2675952599,0.26467939958096853,0.2647627041341829,0.0029158603190314603,9.656004314256544e-05
2621.75,0.2677756574,0.2648223470452294,0.26489784531460625,0.0029533103547705886,9.648559251086014e-05
2622.233,0.2677068381,0.2649666126473183,0.26503427781197775,0.0027402254526817105,9.641107726203681e-05
2622.715,0.2679247616,0.2651115906089597,0.2651714298851115,0.0028131709910402813,9.633680581048861e-05
2623.197,0.26811441739999997,0.26525757012719064,0.26530957612276124,0.0028568472728093264,9.626262365059732e-05
2623.679,0.2682355618,0.26540454272144653,0.26544870964270517,0.0028310190785534872,9.618853064573962e-05
2624.161,0.2683856094,0.2655524998672657,0.26558882351794566,0.0028331095327343014,9.611452665954338e-05
2624.643,0.2682582373,0.26570143299697513,0.2657299107770651,0.002556804303024851,9.604061155588431e-05
2625.125,0.2683381517,0.26585133350037704,0.26587196440458305,0.0024868181996229866,9.596678519888745e-05
2625.607,0.2686936501,0.2660021927254351,0.2660149773413156,0.0026914573745648873,9.5893047452929e-05
2626.09,0.2688202595,0.26615431791742256,0.26615924215247466,0.0026659415825774357,9.58192454751952e-05
2626.572,0.2689269169,0.26630707040956825,0.26630415431033605,0.002619846490431732,9.574568472857351e-05
2627.054,0.2688331332,0.26646075540488523,0.26645000432631394,0.0023723777951147884,9.567221218732534e-05
2627.536,0.2689329824,0.2666153640907992,0.2665967849699613,0.0023176183092007974,9.559882771681779e-05
2628.018,0.2689699352,0.2667708876163486,0.2667444889689561,0.0021990475836514145,9.552553118266448e-05
2628.5,0.269136563,0.2669273170928744,0.26689310900947066,0.0022092459071255677,9.545232245072505e-05
2628.982,0.2692518593,0.26708464359471584,0.26704263773654824,0.0021672157052841645,9.537920138710167e-05
2629.464,0.2692137975,0.26724285815989596,0.267193067754472,0.001970939340104061,9.530616785814549e-05
2629.947,0.2693422277,0.26740228276811684,0.26734470650106823,0.001939944931883153,9.523307048069809e-05
2630.429,0.26945538880000003,0.26756224822788865,0.26749691858355285,0.0018931405721113737,9.516021180201571e-05
2630.911,0.2696215449,0.2677230746352658,0.26765000951333107,0.00189847026473422,9.508744025823634e-05
2631.393,0.2696534548,0.2678847528898691,0.2678039717353565,0.0017687019101308987,9.501475571668511e-05
2631.875,0.2696754623,0.2680472738584668,0.26795879765572517,0.0016281884415332293,9.494215804492662e-05
2632.357,0.2699740122,0.2682106283756652,0.2681144796420598,0.0017633838243347744,9.486964711076917e-05
2632.839,0.27002540469999997,0.26837480724459895,0.26827101002389514,0.001650597455401026,9.479722278226445e-05
2633.321,0.2702564259,0.26853980123762355,0.26842838109306844,0.0017166246623764314,9.472488492769904e-05
2633.803,0.2702298689,0.2687056010970032,0.2685865851041073,0.0015242678029968038,9.465263341560432e-05
2634.286,0.2704954278,0.2688725439929486,0.26874594506299165,0.001622883807051445,9.458031848373596e-05
2634.768,0.270620827,0.26903992931853615,0.26890579326163794,0.0015808976814638553,9.450823944158708e-05
2635.25,0.2703762638,0.2692080925442014,0.26906645092946146,0.0011681712557986001,9.443624634866545e-05
2635.732,0.2707073124,0.2693770242986757,0.26922791017560715,0.001330288101324295,9.436433907445744e-05
2636.214,0.2706562735,0.2695467151840393,0.2693901630738822,0.0011095583159607125,9.429251748868791e-05
2636.696,0.2707423867,0.2697171557764073,0.2695532016631561,0.0010252309235926904,9.42207814613184e-05
2637.178,0.2709440524,0.2698883366266129,0.2697170179477606,0.0010557157733871447,9.41491308625465e-05
2637.66,0.2711170916,0.27006024826089137,0.26988160389789184,0.0010568433391086596,9.407756556280682e-05
2638.143,0.27118675329999997,0.2702332400843211,0.2700472952807986,0.0009535132156788806,9.400593722218863e-05
2638.625,0.2711466861,0.27040658623724234,0.27021339789289456,0.0007400998627576372,9.393454230905847e-05
2639.107,0.2716423895,0.27058063459233794,0.2703802458634293,0.0010617549076620825,9.386323230740888e-05
2639.589,0.2716059856,0.27075537558420737,0.27054783103003416,0.0008506100157926189,9.379200708861481e-05
2640.071,0.2717767795,0.27093079962624855,0.2707161451982366,0.0008459798737514568,9.372086652428473e-05
2640.553,0.2716769567,0.2711068971113308,0.2708851801418685,0.0005700595886692361,9.364981048626055e-05
2641.035,0.27179692450000004,0.27128365841246965,0.27105492760347927,0.000513266087530384,9.357883884661589e-05
2641.517,0.2719856558,0.2714610738834958,0.27122537929474627,0.0005245819165042298,9.35079514776587e-05
2642.0,0.2722192072,0.2716395039420116,0.2713968826925142,0.0005797032579883954,9.343700144464572e-05
2642.481,0.2720827593,0.2718178286586326,0.27156836206109275,0.0002649306413674002,9.336642904218915e-05
2642.964,0.2722462281,0.27199752125661186,0.27174123502267233,0.00024870684338812454,9.329564726225267e-05
2643.446,0.2723389084,0.27217745785188663,0.27191442152933587,0.00016145054811339543,9.322509587738665e-05
2643.928,0.2723205092,0.27235800010160904,0.2720882703579833,-3.749090160903856e-05,9.31546281279445e-05
2644.41,0.2725112609,0.27253913825847,0.27226277304374574,-2.7877358469985403e-05,9.308424388761764e-05
2644.892,0.2725544636,0.2727208625606233,0.2724379210938077,-0.00016639896062325965,9.301394303032493e-05
2645.374,0.27266521709999997,0.27290316323234154,0.27261370598782897,-0.00023794613234157103,9.294372543021329e-05
2645.856,0.2727411171,0.2730860304846684,0.2727901191783688,-0.0003449133846684105,9.287359096165964e-05
2646.338,0.2729939118,0.27326945451606877,0.2729671520913081,-0.00027554271606877734,9.280353949926674e-05
2646.821,0.2729423257,0.2734538077574014,0.27314516531164806,-0.0005114820574014245,9.27334258408989e-05
2647.303,0.27308127649999997,0.27363831699945507,0.27332341308346414,-0.000557040499455097,9.26635401871055e-05
2647.785,0.27321510839999996,0.27382335352656795,0.273502254681553,-0.0006082451265679856,9.259373716438227e-05
2648.267,0.2733104943,0.27400890749333134,0.27368168142930394,-0.0006984131933313598,9.252401664823842e-05
2648.749,0.273340326,0.2741949690449782,0.27386168462556937,-0.0008546430449781761,9.245437851440613e-05
2649.231,0.27355484409999997,0.27438152831801604,0.27404225554509476,-0.0008266842180160716,9.238482263884333e-05
2649.713,0.273682941,0.27456857544086005,0.27422338543894786,-0.0008856344408600392,9.231534889773235e-05
2650.195,0.2739224429,0.27475610053446425,0.2744050655349548,-0.0008336576344642466,9.224595716747939e-05
2650.677,0.2740115491,0.2749440937129477,0.2745872870381303,-0.0009325446129477277,9.217664732471295e-05
2651.16,0.273910039,0.2751329365315922,0.2747704208364793,-0.0012228975315922153,9.210727570447351e-05
2651.642,0.27408238,0.27532183711775227,0.2749536997573835,-0.0012394571177522518,9.203812943670884e-05
2652.124,0.2742630943,0.27551117607582065,0.27513749354958117,-0.001248081775820642,9.19690646873969e-05
2652.606,0.2739772902,0.2757009434987826,0.27532179333115175,-0.0017236532987826014,9.1900081334054e-05
2653.088,0.274500953,0.275891129475883,0.2755065901995465,-0.0013901764758830204,9.183117925441874e-05
2653.57,0.2745890539,0.27608172409323395,0.27569187523202326,-0.0014926701932339581,9.176235832645059e-05
2654.052,0.27475990759999996,0.2762727174344224,0.2758776394860879,-0.001512809834422424,9.169361842832663e-05
2654.534,0.274614839,0.2764640995811109,0.2760638739999318,-0.0018492605811109009,9.162495943844487e-05
2655.017,0.2752830347,0.2766562588450741,0.2762509576018022,-0.0013732241450741256,9.155623904088678e-05
2655.499,0.2750271602,0.2768483895982323,0.27643810660370316,-0.0018212293982323158,9.148774167078718e-05
2655.981,0.275196413,0.2770408793757395,0.2766256988497584,-0.0018444663757395396,9.141932484518805e-05
2656.463,0.2752957799,0.27723371825753235,0.2768137253052818,-0.001937938357532365,9.13509884433559e-05
2656.945,0.27534689149999997,0.27742689632459044,0.2770021769184824,-0.0020800048245904756,9.128273234478041e-05
2657.427,0.27560316279999997,0.27762040365951857,0.2771910446209077,-0.0020172408595185987,9.121455642916771e-05
2657.909,0.2758209172,0.27781423034712727,0.27738031932788976,-0.0019933131471272514,9.114646057643964e-05
2658.391,0.27575824,0.2780083664750092,0.2775699919389889,-0.0022501264750092176,9.107844466673251e-05
2658.874,0.2759112053,0.27820320583208336,0.27776044805450795,-0.002292000532083338,9.101036771705618e-05
2659.356,0.2759420065,0.27839793170786353,0.27795088988983396,-0.0024559252078635296,9.094251149990244e-05
2659.838,0.27605489720000004,0.27859293728855183,0.27814170221879575,-0.002538040088551796,9.087473486722649e-05
2660.32,0.2762113139,0.27878821267856485,0.2783328758822967,-0.0025768987785648734,9.080703770002363e-05
2660.802,0.2763071431,0.2789837479879279,0.27852440170770043,-0.0026766048879279247,9.073941987950536e-05
2661.284,0.2763148404,0.2791795333328284,0.2787162705092787,-0.0028646929328284276,9.06718812870942e-05
2661.766,0.2766620058,0.2793755588361666,0.2789084730886596,-0.002713553036166605,9.060442180442497e-05
2662.248,0.2766842153,0.2795718146281013,0.2791010002352744,-0.0028875993281013423,9.053704131334957e-05
2662.73,0.2769696685,0.27976829084659494,0.279293842726809,-0.002798622346594948,9.046973969592526e-05
2663.213,0.2768568188,0.27996538591389275,0.2794873923646848,-0.003108567113892735,9.040237744969106e-05
2663.695,0.27703398419999997,0.28016227383951164,0.27968083844066316,-0.003128289639511672,9.033523338962412e-05
2664.177,0.2771435525,0.2803593526373652,0.2798745721094179,-0.003215800137365221,9.026816785041245e-05
2664.659,0.2774139683,0.2805566124819979,0.2800685841061208,-0.0031426441819979445,9.020118071495846e-05
2665.141,0.2774264275,0.2807540435584125,0.2802628651564448,-0.0033276160584124748,9.013427186637752e-05
2665.623,0.2774138379,0.2809516360625941,0.2804574059770189,-0.0035377981625940857,9.006744118798966e-05
2666.105,0.27760355459999997,0.28114938020201996,0.2806521972758721,-0.003545825602019992,9.000068856332698e-05
2666.587,0.2776941214,0.2813472661961762,0.28084722975289034,-0.003653144796176233,8.993401387612823e-05
2667.07,0.2778740299,0.28154569523349143,0.281042899447586,-0.0036716653334914473,8.986727892338393e-05
2667.552,0.2779295583,0.2817438358897951,0.28123838680230717,-0.003814277589795134,8.980075992425686e-05
2668.034,0.2781072186,0.28194208911618635,0.2814340873711392,-0.0038348705161863617,8.973431851481692e-05
2668.516,0.27802111549999997,0.28214044518524317,0.28162999182588355,-0.0041193296852432,8.966795457963271e-05
2668.998,0.27831045979999997,0.28233889438404913,0.2818260908324533,-0.0040284345840491675,8.960166800347994e-05
2669.48,0.2784196797,0.28253742701468,0.2820223750513233,-0.004117747314680009,8.953545867133803e-05
2669.962,0.2783525689,0.2827360333946899,0.28221883513798585,-0.004383464494689904,8.94693264683931e-05
2670.444,0.2786262453,0.28293470385758646,0.2824154617433975,-0.0043084585575864365,8.940327128003527e-05
2670.927,0.2788783659,0.28313384109552,0.2826126539364009,-0.004255475195519998,8.933715618730429e-05
2671.408,0.2788434566,0.28333219844869517,0.2828091770943369,-0.004488741848695188,8.927139148966906e-05
2671.891,0.278808429,0.2835314158161236,0.28300665611957765,-0.004722986816123598,8.920543017304517e-05
2672.373,0.279174277,0.2837302463244143,0.2832038554927654,-0.004555969324414266,8.913968205974432e-05
2672.855,0.2792302893,0.28392909281908857,0.28340117456785296,-0.004698803519088579,8.907401039080841e-05
2673.337,0.2792966824,0.2841279457392575,0.2835986039780739,-0.0048312633392574855,8.900841505284756e-05
2673.819,0.2792366303,0.28432679554322443,0.2837961343552861,-0.00509016524322442,8.894289593267609e-05
2674.301,0.27942413590000004,0.2845256327089356,0.28399375633042834,-0.005101496808935568,8.887745291730782e-05
2674.783,0.279427264,0.28472444773441563,0.284191460533964,-0.0052971837344156225,8.881208589396005e-05
2675.265,0.27991120729999996,0.28492323113821094,0.28438923759633916,-0.005012023838210977,8.874679475004901e-05
2675.748,0.279783085,0.28512238573903026,0.284587488665502,-0.005339300739030273,8.868144415026206e-05
2676.23,0.28017793690000004,0.2853210774247176,0.28478538344160365,-0.005143140524717538,8.861630458512006e-05
2676.712,0.2801824282,0.28551970915226754,0.28498332295282225,-0.005337280952267542,8.855124056263235e-05
2677.194,0.2803593253,0.2857182715266386,0.28518129783402313,-0.005358946226638572,8.848625197101689e-05
2677.676,0.2804068025,0.2859167551754336,0.2853792987223009,-0.005509952675433583,8.842133869868424e-05
2678.158,0.2806632281,0.2861151507493114,0.2855773162574273,-0.00545192264931138,8.83565006342516e-05
2678.64,0.2808854071,0.28631344892239474,0.28577534108230185,-0.005428041822394758,8.829173766652561e-05
2679.122,0.2804864009,0.2865116403926743,0.28597336384339755,-0.006025239492674306,8.822704968451751e-05
2679.604,0.2809309387,0.2867097158824068,0.28617137519120955,-0.005778777182406769,8.816243657742914e-05
2680.087,0.28094570399999996,0.2869080766871053,0.28636977652150325,-0.005962372687105311,8.809776441532838e-05
2680.569,0.2811102398,0.28710589219301597,0.28656773694041127,-0.005995652393015971,8.803330088125126e-05
2681.051,0.2811572806,0.28730356401561996,0.28676565790676833,-0.0061462834156199575,8.796891189066044e-05
2681.533,0.28142172179999997,0.2875010829782071,0.2869635300916414,-0.006079361178207121,8.790459733354423e-05
2682.015,0.281447541,0.28769843993026806,0.28716134417235295,-0.006250898930268034,8.784035710008592e-05
2682.497,0.2816649409,0.2878956257478712,0.28735909083292754,-0.006230684847871204,8.777619108066391e-05
2682.979,0.28149443900000004,0.288092631334028,0.2875567607645328,-0.006598192334027975,8.771209916585268e-05
2683.461,0.2814939867,0.2882894476190644,0.2877543446659273,-0.006795460919064411,8.76480812464179e-05
2683.944,0.2817244663,0.2884864732695833,0.2879522428657103,-0.006762006969583345,8.758400462608106e-05
2684.426,0.28180815719999996,0.2886828834148485,0.2881496266088535,-0.0068747262148485255,8.752013452342525e-05
2684.908,0.2818432737,0.28887907719881717,0.2883468964487889,-0.007035803498817161,8.745633808938082e-05
2685.39,0.2820962371,0.2890750456646942,0.2885440431190784,-0.006978808564694239,8.739261521548422e-05
2685.872,0.2819866932,0.28927077988476235,0.28874105736308375,-0.007284086684762325,8.732896579346553e-05
2686.354,0.282138905,0.2894662709607221,0.28893792993440615,-0.007327365960722088,8.726538971524769e-05
2686.836,0.2822495168,0.28966151002403184,0.28913465159732954,-0.007411993224031854,8.72018868729423e-05
2687.318,0.2823027076,0.28985648823623633,0.2893312131272543,-0.007553780636236351,8.713845715885255e-05
2687.801,0.2824476351,0.2900516004625472,0.28952801258138217,-0.007603965362547205,8.70749690958795e-05
2688.283,0.2826235013,0.29024602999239596,0.28972422583819135,-0.007622528692395936,8.701168546705203e-05
2688.765,0.28274423590000003,0.2904401723214539,0.2899202513402433,-0.007695936421453886,8.694847464426592e-05
2689.247,0.282758381,0.2906340187349267,0.2901160799118129,-0.007875637734926721,8.68853365205846e-05
2689.729,0.2828312222,0.29082756054970954,0.2903117023904763,-0.00799633834970953,8.682227098925904e-05
2690.211,0.28296461829999997,0.29102078911469587,0.29050710962754644,-0.008056170814695895,8.67592779437266e-05
2690.693,0.2831599489,0.2912136958110796,0.2907022924885033,-0.008053746911079573,8.669635727761554e-05
2691.175,0.2831259604,0.29140627205265623,0.2908972418534275,-0.008280311652656247,8.663350888473982e-05
2691.657,0.2834136571,0.2915985092861198,0.2910919486174332,-0.008184852186119806,8.65707326591016e-05
2692.14,0.2833271442,0.29179079673562675,0.29128680685692976,-0.008463652535626753,8.650789847809531e-05
2692.622,0.2835726176,0.2919823296785706,0.2914810006162913,-0.008409712078570553,8.644526641885826e-05
2693.104,0.2837047237,0.29217349813626314,0.29167492453579036,-0.008468774436263149,8.63827062097622e-05
2693.586,0.28376524740000003,0.2923642936899378,0.2918685695749965,-0.008599046289937795,8.63202177455566e-05
2694.068,0.2837636565,0.2925547079551468,0.29206192671065523,-0.008791051455146803,8.625780092117091e-05
2694.55,0.2839677658,0.2927447325820321,0.2922549869371116,-0.008776966782032103,8.619545563172199e-05
2695.032,0.2840165322,0.29293435925559486,0.29244774126673556,-0.008917827055594851,8.613318177251163e-05
2695.514,0.2843478073,0.2931235796959586,0.29264018073034426,-0.008775772395958614,8.607097923902516e-05
2695.997,0.2842547471,0.2933127769356982,0.2928326946150019,-0.0090580298356982,8.600871909775661e-05
2696.479,0.2845569587,0.29350115932637877,0.2930244768153183,-0.008944200626378795,8.59466590503454e-05
2696.961,0.2846417388,0.2936891108406414,0.2932159173385091,-0.009047372040641433,8.588467001599999e-05
2697.443,0.284796281,0.29387662334174824,0.29340700729343766,-0.00908034234174826,8.582275189093776e-05
2697.925,0.2848748579,0.2940636887293483,0.293597737809514,-0.009188830829348293,8.576090457155944e-05
2698.407,0.2849803726,0.29425029893972365,0.293788100037115,-0.009269926339723678,8.569912795444701e-05
2698.889,0.2851304589,0.29443644594602425,0.2939780851479965,-0.009305987046024256,8.563742193636492e-05
2699.371,0.2851980109,0.29462212175850333,0.2941676843357096,-0.00942411085850331,8.557578641425873e-05
2699.854,0.2852491151,0.29480770214662816,0.294357280940048,-0.009558587046628153,8.551409362987207e-05
2700.335,0.28517943549999997,0.2949920280299064,0.2945456898272798,-0.009812592529906405,8.545272644665542e-05
2700.818,0.2853489496,0.29517662436508674,0.294734469044522,-0.009827674765086725,8.539117443180397e-05
2701.3,0.2852350421,0.2953603352036473,0.29492243604305124,-0.010125293103647293,8.532982001195753e-05
2701.782,0.2852627547,0.2955435354480044,0.29510997340947853,-0.01028078074800437,8.526853557530365e-05
2702.264,0.2855493799,0.2957262173358277,0.2952970724767967,-0.010176837435827701,8.520732101986564e-05
2702.746,0.2855507724,0.29590837314343044,0.2954837246026559,-0.01035760074343045,8.514617624384821e-05
2703.228,0.2856171648,0.29608999518597295,0.295669921169767,-0.010472830385972964,8.508510114563144e-05
2703.71,0.28584691889999997,0.2962710758176673,0.29585565358630656,-0.010424156917667349,8.502409562377472e-05
2704.192,0.2858303894,0.2964516074319733,0.29604091328631355,-0.0106212180319733,8.496315957701356e-05
2704.675,0.28606123149999996,0.29663195527017716,0.29622607458168476,-0.010570723770177204,8.490216669690238e-05
2705.157,0.286219414,0.29681136500990113,0.29641036223125,-0.010591951009901124,8.484136944086826e-05
2705.639,0.2862805408,0.29699020313455415,0.29659415160799907,-0.01070966233455417,8.478064135699036e-05
2706.121,0.28609378480000003,0.2971684621965932,0.2967774342534657,-0.01107467739659318,8.471998234471396e-05
2706.603,0.2863689202,0.2973461347886682,0.2969602017370325,-0.010977214588668238,8.465939230365768e-05
2707.085,0.2864235068,0.2975232135437983,0.297142445656321,-0.011099706743798288,8.459887113361458e-05
2707.567,0.2864884669,0.29769969113554845,0.2973241576375827,-0.011211224235548434,8.453841873455525e-05
2708.049,0.28674467719999996,0.2978755602782013,0.29750532933608853,-0.011130883078201315,8.447803500662154e-05
2708.531,0.2867237905,0.2980508137269243,0.2976859524365148,-0.011327023226924304,8.441771985013327e-05
2709.014,0.2868109638,0.2982258059295093,0.2978663916500828,-0.011414842129509328,8.435734824356663e-05
2709.496,0.2871151489,0.2983998051056505,0.29804589154688543,-0.0112846562056505,8.429717007336484e-05
2709.978,0.287171075,0.29857316708559045,0.29822481806289425,-0.011402092085590454,8.42370601763974e-05
2710.46,0.2874519195,0.29874588478975145,0.29840316300431663,-0.011293965289751462,8.417701845367606e-05
2710.942,0.2872041743,0.29891795118023745,0.29858091820867944,-0.011713776880237448,8.411704480638524e-05
2711.424,0.2875412606,0.2990893592609845,0.29875807554520567,-0.011548098660984496,8.40571391358823e-05
2711.906,0.2874018611,0.2992601020779097,0.298934626915193,-0.011858240977909718,8.399730134369402e-05
2712.388,0.2876469453,0.29943017271905115,0.2991105642523841,-0.011783227419051134,8.393753133152085e-05
2712.871,0.2877930568,0.2995999150389488,0.29928624259577863,-0.01180685823894878,8.387770520776441e-05
2713.353,0.2875974481,0.29976861933179444,0.2994609264847705,-0.012171171231794453,8.381807060151827e-05
2713.835,0.287798098,0.299936630953075,0.2996349723240995,-0.012138532953074987,8.375850348120811e-05
2714.317,0.2879126104,0.3001039431607906,0.2998083721810735,-0.012191332760790596,8.369900374921749e-05
2714.799,0.28804325810000003,0.3002705492557406,0.29998111815729245,-0.01222729115574056,8.363957130809701e-05
2715.281,0.28809259140000004,0.3004364425816496,0.3001532023890118,-0.012343851181649546,8.358020606056918e-05
2715.763,0.2883834336,0.30060161652529116,0.30032461704750424,-0.012218182925291143,8.352090790952518e-05
2716.245,0.2881601433,0.30076606451660876,0.30049535433941876,-0.012605921216608751,8.346167675802314e-05
2716.728,0.28848469309999997,0.30093011892165833,0.3006657585949204,-0.012445425821658362,8.340238983136573e-05
2717.21,0.2884474078,0.3010930939316008,0.3008351164714842,-0.012645686131600775,8.334329252730088e-05
2717.692,0.2884872766,0.30125532352592255,0.3010037738013449,-0.012768046925922538,8.328426193276523e-05
2718.174,0.2886655641,0.30141680130849313,0.3011717229362981,-0.012751237208493138,8.322529795149012e-05
2718.656,0.2887965784,0.30157752092691503,0.30133895626528723,-0.012780942526915029,8.316640048737235e-05
2719.138,0.2887260324,0.30173747607263074,0.3015054662147532,-0.01301144367263074,8.310756944447766e-05
2719.62,0.2887788542,0.3018966604810239,0.3016712452489807,-0.013117806281023936,8.304880472703744e-05
2720.102,0.2890371747,0.30205506793151926,0.3018362858704421,-0.01301789323151925,8.299010623944751e-05
2720.584,0.2888833468,0.30221269224767955,0.3020005806201401,-0.013329345447679553,8.293147388627193e-05
2721.067,0.2888822974,0.3023698518565515,0.3021644605874088,-0.013487554456551532,8.287278613394307e-05
2721.549,0.2891422182,0.3025258898953468,0.30232723978660936,-0.013383671695346766,8.281428590065827e-05
2722.031,0.28919408529999996,0.3026811265237713,0.30248925095644613,-0.013487041223771368,8.275585151626955e-05
2722.513,0.2892142128,0.3028355557429574,0.3026504867955122,-0.013621342942957415,8.269748288600008e-05
2722.995,0.289234913,0.3029891715986266,0.30281094004261555,-0.013754258598626612,8.263917991523486e-05
2723.477,0.2894482781,0.3031419681811704,0.3029706034771074,-0.013693690081170384,8.258094250952378e-05
2723.959,0.289600925,0.30329393962573403,0.3031294699192124,-0.013693014625734024,8.252277057458075e-05
2724.441,0.2897370378,0.30344508011228977,0.3032875322303512,-0.013708042312289781,8.24646640162837e-05
2724.924,0.2895900111,0.303595694825467,0.30344510871235886,-0.01400568372546701,8.240650239088238e-05
2725.406,0.28988814820000003,0.3037451543618518,0.30360153980725507,-0.01385700616185176,8.23485264393044e-05
2725.888,0.2898886844,0.30389376573813,0.3037571455913646,-0.014005081338129999,8.229061558278115e-05
2726.37,0.2898054171,0.3040415233144265,0.3039119190942094,-0.014236106214426503,8.223276972783955e-05
2726.852,0.2899716968,0.3041884214960534,0.3040658533881086,-0.014216724696053396,8.21749887811656e-05
2727.334,0.2900552079,0.304334454733576,0.30421894158849183,-0.01427924683357601,8.211727264960762e-05
2727.816,0.290101889,0.30447961752287667,0.30437117685421067,-0.014377728522876665,8.205962124017578e-05
2728.298,0.2901073557,0.3046239044052144,0.304522552387847,-0.014516548705214405,8.200203446003866e-05
2728.781,0.2903525837,0.3047676065693368,0.30467337279008483,-0.014415022869336824,8.194439294279211e-05
2729.262,0.2905084202,0.30490982884127654,0.30482269728968703,-0.014401408641276536,8.188705441712472e-05
2729.745,0.290587708,0.30505174860568385,0.30497176098763834,-0.014464040605683848,8.182954196277263e-05
2730.227,0.29084959,0.3051924763152871,0.3051196286580313,-0.014342886315287129,8.177221290792767e-05
2730.709,0.29063310059999997,0.3053323014960746,0.3052666032622616,-0.014699200896074627,8.171494802042805e-05
2731.191,0.2905877706,0.3054712189628348,0.3054126782717451,-0.014883448362834784,8.165774720840029e-05
2731.673,0.290959599,0.3056092235761071,0.30555784720372736,-0.014649624576107079,8.16006103801272e-05
2732.155,0.2909062781,0.3057463102422254,0.30570210362157224,-0.014840032142225401,8.154353744405035e-05
2732.637,0.290887384,0.30588247391336365,0.30584544113505263,-0.014995089913363624,8.14865283087697e-05
2733.119,0.2908956843,0.30601770958757657,0.3059878534006333,-0.015122025287576557,8.142958288304226e-05
2733.602,0.2910711095,0.30615228997197785,0.3061296266775443,-0.015081180471977873,8.137258312980022e-05
2734.084,0.29104814290000003,0.3062856528793878,0.30627016765281967,-0.015237509979387776,8.13157649817788e-05
2734.566,0.2909765165,0.3064180730496809,0.3064097646197606,-0.01544155654968088,8.125901027033182e-05
2735.048,0.2910566452,0.306549545664921,0.3065484114245173,-0.015492900464920967,8.120231890484119e-05
2735.53,0.2910810474,0.3066800659532395,0.3066861019613276,-0.015599018553239474,8.114569079484466e-05
2736.012,0.2912771293,0.3068096291888664,0.30682283017278866,-0.015532499888866402,8.108912585003885e-05
2736.494,0.291016349,0.3069382306921622,0.3069585900501268,-0.015921881692162188,8.103262398026822e-05
2736.976,0.29142315199999996,0.3070658658296445,0.3070933756334619,-0.01564271382964455,8.097618509553802e-05
2737.458,0.291422105,0.30719253001401803,0.3072271810120736,-0.01577042501401804,8.091980910600851e-05
2737.941,0.2913473265,0.30731847845196747,0.30736027485434936,-0.015971151951967466,8.086337915488087e-05
2738.423,0.2914515758,0.3074431851152966,0.3074921002254513,-0.01599160931529664,8.080712881686127e-05
2738.905,0.291639443,0.30756690733181763,0.30762292794532586,-0.01592746433181763,8.075094110525239e-05
2739.387,0.2913737649,0.30768964069932,0.3077527523025849,-0.01631587579931998,8.069481593082834e-05
2739.869,0.2916254781,0.3078113808618951,0.3078815676362844,-0.016185902761895077,8.063875320451382e-05
2740.351,0.2915691811,0.30793212350995525,0.3080093683361723,-0.016362942409955228,8.058275283738675e-05
2740.833,0.2917246807,0.3080518643802499,0.3081361488429353,-0.01632718368024988,8.052681474067908e-05
2741.315,0.2917701195,0.3081705992558827,0.30826190364844336,-0.016400479755882713,8.047093882577368e-05
2741.798,0.2918049079,0.30828856715553254,0.30838688498310207,-0.016483659255532523,8.041500927237961e-05
2742.28,0.2920181925,0.30840527546805496,0.3085105699115207,-0.016387082968054967,8.035925758438302e-05
2742.762,0.2920369344,0.3085209654050842,0.3086332129127448,-0.01648403100508422,8.030356781306394e-05
2743.244,0.2918444685,0.30863563293537355,0.3087548086858749,-0.01679116443537354,8.024793987040949e-05
2743.726,0.2922307691,0.30874927407409414,0.3088753519823786,-0.016518504974094128,8.019237366855749e-05
2744.208,0.2921433136,0.308861884882841,0.30899483760631685,-0.016718571282840988,8.013686911979936e-05
2744.69,0.2919747283,0.308973461469643,0.30911326041457143,-0.01699873316964301,8.008142613657231e-05
2745.172,0.292337256,0.3090839999889682,0.30923061531706764,-0.016746743988968193,8.002604463146552e-05
2745.655,0.2923172216,0.3091937227275806,0.3093471374070893,-0.0168765011275806,7.997060980894915e-05
2746.137,0.2923060423,0.30930217158793777,0.3094623391996182,-0.016996129287937756,7.991535112553949e-05
2746.619,0.2923851618,0.30940957111526834,0.30957645812645174,-0.01702440931526833,7.98601536587282e-05
2747.101,0.2924787201,0.3095159176499388,0.30968948931198387,-0.01703719754993882,7.980501732170116e-05
2747.583,0.29243381339999996,0.3096212075787719,0.3098014279347301,-0.01718739417877191,7.974994202778916e-05
2748.065,0.2924292008,0.3097254373350471,0.3099122692275359,-0.017296236535047083,7.969492769047187e-05
2748.547,0.2925323809,0.3098286033985005,0.31002200847778005,-0.01729622249850049,7.963997422337924e-05
2749.029,0.2925816901,0.30993070229532077,0.3101306410275766,-0.017349012195320757,7.958508154028595e-05
2749.511,0.2926445935,0.3100317305981497,0.3102381622739766,-0.017387137098149708,7.953024955511126e-05
2749.994,0.2927012766,0.31013189118148765,0.31034478726419423,-0.017430614581487647,7.94753646113175e-05
2750.476,0.2929201175,0.31023076596153204,0.310450069986678,-0.01731064846153202,7.942065388981951e-05
2750.958,0.2926275015,0.31032856013740817,0.3105542279193346,-0.017701058637408174,7.93660036087087e-05
2751.44,0.2926910747,0.3104252704676176,0.3106572566810106,-0.01773419576761759,7.931141368249244e-05
2751.922,0.2928006276,0.3105208937570876,0.31075915194644543,-0.017720266157087605,7.925688402582254e-05
2752.404,0.2929527612,0.3106154268571643,0.3108599094464536,-0.01766266565716429,7.920241455349703e-05
2752.886,0.29302240430000004,0.31070886666560327,0.31095952496810464,-0.017686462365603228,7.914800518045956e-05
2753.368,0.2928079629,0.3108012101265607,0.3110579943549003,-0.017993247226560705,7.909365582179671e-05
2753.851,0.2931883456,0.31089264238886316,0.31115551421542553,-0.01770429678886315,7.903925382130805e-05
2754.333,0.2931747228,0.3109827818828603,0.311251676690689,-0.017808059082860317,7.89850243613052e-05
2754.815,0.2932363226,0.3110718161341429,0.31134668089372264,-0.017835493534142932,7.893085466163102e-05
2755.297,0.2933587576,0.31115974227246,0.31144052289559815,-0.017800984672459996,7.887674463794617e-05
2755.779,0.2931458108,0.3112465574739042,0.31153319882466535,-0.018100746673904156,7.882269420605912e-05
2756.261,0.2932161448,0.3113322589608989,0.31162470486671423,-0.018116114160898866,7.876870328191883e-05
2756.743,0.293218277,0.3114168440021835,0.31171503726513106,-0.018198567002183474,7.871477178161758e-05
2757.225,0.2933417938,0.31150030991280026,0.3118041923210563,-0.018158516112800283,7.866089962139044e-05
2757.708,0.2933604602,0.3115828237246643,0.31189234768223373,-0.018222363524664276,7.860697513412343e-05
2758.189,0.2934166198,0.3116638738336181,0.3119789558996659,-0.0182472540336181,7.855333298680595e-05
2758.672,0.2934503629,0.31174413169989745,0.312064733673615,-0.01829376879989747,7.849952700732226e-05
2759.154,0.2934929997,0.31182309281802445,0.31214914105562286,-0.01833009311802447,7.84458914949089e-05
2759.636,0.2935915091,0.3119009220696307,0.3122323534653513,-0.018309412969630734,7.839231490569625e-05
2760.118,0.2936173394,0.3119776170473272,0.31231436755367614,-0.018360277647327172,7.833879715676739e-05
2760.6,0.29360277830000003,0.3120531753899095,0.3123951800302345,-0.018450397089909476,7.828533816534757e-05
2761.082,0.2937166175,0.312127594782339,0.31247478766355485,-0.01841097728233898,7.823193784879922e-05
2761.564,0.2935419216,0.3122008729557221,0.31255318728118664,-0.018658951355722098,7.81785961246276e-05
2762.046,0.2936357597,0.31227300768729194,0.3126303757698282,-0.01863724798729194,7.812531291047565e-05
2762.529,0.2938199337,0.31234414288835216,0.312706506434263,-0.01852420918835218,7.807197775993639e-05
2763.011,0.2937333586,0.31241398186899155,0.3127812610338898,-0.01868062326899156,7.80188114402752e-05
2763.493,0.2936695353,0.31248267101179145,0.31285479551470424,-0.01881313571179144,7.79657033842286e-05
2763.975,0.29367723760000003,0.312550208278378,0.31292710700133,-0.018872970678377954,7.79126535099965e-05
2764.457,0.29372916320000003,0.312616591676398,0.31299819267812834,-0.01888742847639796,7.785966173591619e-05
2764.939,0.29372279970000004,0.3126818192594971,0.31306804978930836,-0.01895901955949708,7.780672798046406e-05
2765.421,0.2936437959,0.31274588912729673,0.3131366756390337,-0.019102093227296724,7.775385216225352e-05
2765.903,0.2934653875,0.31280879942537165,0.31320406759152486,-0.019343411925371645,7.770103420003432e-05
2766.385,0.293761833,0.31287054834522576,0.31327022307116126,-0.019108715345225735,7.764827401269456e-05
2766.868,0.293635197,0.312931258610628,0.3133352729544584,-0.019296061610627968,7.759546223790449e-05
2767.35,0.2935866471,0.3129906771136872,0.31339894542452384,-0.019404030013687235,7.754281747698042e-05
2767.832,0.2939016229,0.3130489290849623,0.3134613740518788,-0.0191473061849623,7.749023024825394e-05
2768.314,0.2937701959,0.31310601289953444,0.31352255650260985,-0.01933581699953446,7.743770047115769e-05
2768.796,0.2938992893,0.31316192697829337,0.3135824905034207,-0.019262637678293393,7.738522806526189e-05
2769.278,0.2938506862,0.31321666978791285,0.3136411738417153,-0.01936598358791286,7.733281295027269e-05
2769.76,0.2937627337,0.3132702398408257,0.3136986043656799,-0.019507506140825692,7.728045504603084e-05
2770.242,0.2939105704,0.3133226356951988,0.31375477998435786,-0.019412065295198788,7.722815427251051e-05
2770.725,0.2937920213,0.3133739609980343,0.31380981129894653,-0.01958193969803429,7.717580221960679e-05
2771.207,0.2938796652,0.3134240018694664,0.31386346846414614,-0.019544336669466422,7.71236155861141e-05
2771.689,0.2940635829,0.3134728644883431,0.3139158648131746,-0.019409281588343097,7.707148584391232e-05
2772.171,0.2938851724,0.3135205475956007,0.31396699849934895,-0.019635375195600713,7.701941291351796e-05
2772.653,0.2936982824,0.3135670499777802,0.31401686773718795,-0.019868767577780166,7.696739671557723e-05
2773.135,0.2938748119,0.31361237046699797,0.31406547080247016,-0.019737558566997992,7.691543717087009e-05
2773.617,0.294170109,0.31365650794092015,0.31411280603229036,-0.019486398940920135,7.686353420031126e-05
2774.099,0.2937975747,0.3136994613227361,0.31415887182511415,-0.019901886622736065,7.68116877249467e-05
2774.582,0.29409424170000004,0.3137413150046454,0.31420375825391905,-0.01964707330464538,7.675979027629223e-05
2775.064,0.2942984316,0.31378189469197126,0.3142472779724373,-0.019483463091971243,7.670805667179037e-05
2775.546,0.2942271379,0.31382128732771936,0.3142895238151969,-0.019594149427719365,7.66563793262557e-05
2776.028,0.2940027118,0.31385949201699115,0.31433049442675165,-0.019856780216991166,7.660475816126469e-05
2776.51,0.29421314,0.3138965079102741,0.3143701885132505,-0.01968336791027414,7.655319309852481e-05
2776.992,0.294163236,0.31393233420341304,0.3144086048424728,-0.01976909820341305,7.650168405987521e-05
2777.474,0.29417089690000003,0.313966970137583,0.3144457422438629,-0.01979607323758298,7.645023096728721e-05
2777.956,0.2942948078,0.31400041499926074,0.31448159960855837,-0.019705607199260733,7.639883374286057e-05
2778.438,0.2942544906,0.31403266812019703,0.31451617588941866,-0.01977817752019706,7.634749230882862e-05
2778.921,0.2940442632,0.31406379207892604,0.31454953784281836,-0.02001952887892605,7.629610024350004e-05
2779.403,0.2942457052,0.31409365741903283,0.31458154639886104,-0.01984795221903285,7.624487027281652e-05
2779.885,0.2943294969,0.31412232928395134,0.31461227109847756,-0.019792832383951353,7.619369585984333e-05
2780.367,0.29422526120000003,0.31414980718633784,0.3146417111417533,-0.019924545986337805,7.614257692733288e-05
2780.849,0.2942084038,0.31417609068398,0.3146698657905864,-0.019967686883979985,7.60915133981646e-05
2781.331,0.2941144128,0.3142011793797682,0.31469673436869694,-0.02008676657976821,7.604050519534978e-05
2781.813,0.2941449914,0.31422507292166857,0.31472231626163444,-0.02008008152166857,7.598955224202695e-05
2782.295,0.2941618163,0.31424777100269147,0.31474661091678086,-0.020085954702691478,7.593865446146575e-05
2782.778,0.2942543942,0.31426931672845776,0.31476966423666564,-0.020014922528457768,7.588770635153252e-05
2783.26,0.294050168,0.314289620665399,0.3147913803327752,-0.020239452665399005,7.583691880087757e-05
2783.742,0.2941052019,0.3143087284901696,0.31481180790352636,-0.020203526590169607,7.578618619339716e-05
2784.224,0.2939566742,0.3143266400757675,0.31483094664373573,-0.020369965875767504,7.573550845287155e-05
2784.706,0.29416402,0.314343355340091,0.31484879631002555,-0.020179335340090976,7.568488550320837e-05
2785.188,0.2941963813,0.31435887424591,0.31486535672080984,-0.02016249294591005,7.563431726844055e-05
2785.67,0.2940474861,0.3143731968008371,0.3148806277562774,-0.020325710700837107,7.558380367273085e-05
2786.152,0.2941058498,0.3143863230572982,0.31489460935837227,-0.020280473257298204,7.553334464036575e-05
2786.635,0.2940774236,0.31439827662029846,0.31490732652275505,-0.020320853020298457,7.548283557860409e-05
2787.116,0.29400035280000003,0.3144089871084166,0.31491870433885344,-0.02040863430841655,7.543258996345491e-05
2787.599,0.2941286697,0.31441854377741413,0.31492883755215606,-0.020289874077414116,7.538218987642282e-05
2788.081,0.2939643084,0.3144268837791999,0.31493765940029866,-0.020462575379199932,7.533194845533914e-05
2788.563,0.2940268419,0.3144340284164431,0.31494519245079106,-0.020407186516443077,7.528176122077428e-05
2789.045,0.2939844775,0.31443997800992596,0.3149514370156512,-0.02045550050992595,7.523162809777153e-05
2789.527,0.2939938581,0.3144447329250391,0.31495639346843013,-0.0204508748250391,7.51815490114974e-05
2790.009,0.2938558398,0.3144482935717505,0.3149600622441689,-0.020592453771750507,7.513152388724596e-05
2790.491,0.2939240004,0.314450660404577,0.3149624438393517,-0.02052666000457698,7.508155265043095e-05
2790.973,0.2937626024,0.3144518339225538,0.3149635388118577,-0.020689231522553808,7.503163522659517e-05
2791.456,0.2939091075,0.31445181338977896,0.31496334604824355,-0.020542705889778967,7.498166814558226e-05
2791.938,0.2938895361,0.3144505994803211,0.3149618670284514,-0.0205610633803211,7.493185823608165e-05
2792.42,0.2937636772,0.3144481940212924,0.31495910342905287,-0.02068451682129241,7.488210191677044e-05
2792.902,0.2938882887,0.31444459768959754,0.31495505605308205,-0.020556308989597538,7.48323991136837e-05
2793.384,0.2937017453,0.31443981120651054,0.3149497257646777,-0.02073806590651056,7.478274975298024e-05
2793.866,0.29392886879999996,0.3144338353376449,0.31494311348901755,-0.020504966537644942,7.473315376094136e-05
2794.348,0.2939185439,0.3144266708929236,0.31493522021224857,-0.020508126992923592,7.468361106396999e-05
2794.83,0.293792479,0.3144183187265486,0.31492604698141424,-0.020625839726548578,7.463412158859189e-05
2795.312,0.2937546163,0.31440877973697134,0.3149155949043805,-0.02065416343697135,7.458468526145404e-05
2795.795,0.29396596269999997,0.3143980313840523,0.3149038394868672,-0.02043206868405234,7.453519960956796e-05
2796.277,0.2938730069,0.3143861191630397,0.3148908306370131,-0.0205131122630397,7.448586946922981e-05
2796.759,0.2938389301,0.3143730230815549,0.31487654663143283,-0.020534092981554897,7.443659225765458e-05
2797.241,0.2938015597,0.31435874421483256,0.3148609888205962,-0.02055718451483257,7.438736790197606e-05
2797.723,0.29392153860000003,0.31434328368220454,0.31484415861537707,-0.020421745082204512,7.433819632944881e-05
2798.205,0.2939303843,0.3143266426470691,0.31482605748696024,-0.020396258347069096,7.428907746744783e-05
2798.687,0.2937203175,0.31430882231685875,0.31480668696674585,-0.020588504816858755,7.4240011243469e-05
2799.169,0.29395109680000003,0.3142898239430104,0.31478604864625326,-0.020338727143010382,7.419099758512821e-05
2799.652,0.29373118189999997,0.3142696057415302,0.3147640974170812,-0.020538423841530207,7.414193489549741e-05
2800.134,0.2938649304,0.3142482527733925,0.3147409258890612,-0.02038332237339252,7.409302626044138e-05
2800.616,0.2936946136,0.31422572578255603,0.3147164916987444,-0.020531112182556044,7.404416997444134e-05
2801.098,0.29385049760000004,0.3142020261962528,0.3146907966772113,-0.020351528596252777,7.399536596559032e-05
2801.58,0.2935505156,0.31417715548556224,0.31466384271512865,-0.020626639885562237,7.394661416210145e-05
2802.062,0.29368560120000003,0.31415111516537897,0.3146356317626351,-0.020465513965378934,7.389791449230718e-05
2802.544,0.293485867,0.31412390679438124,0.3146061658292238,-0.020638039794381224,7.384926688465805e-05
2803.026,0.2935603533,0.3140955319749993,0.3145754469836221,-0.020535178674999266,7.380067126772338e-05
2803.509,0.2933681996,0.314065929858216,0.31454340972795547,-0.02069773025821603,7.375202691104603e-05
2803.991,0.2933061152,0.31403522471288875,0.31451018891233556,-0.020729109512888755,7.370353516921367e-05
2804.473,0.29306098129999997,0.3140033581922928,0.3144757217495874,-0.020942376892292835,7.36550952043635e-05
2804.955,0.2929213001,0.31397033207362945,0.3144400105442393,-0.02104903197362945,7.360670694553588e-05
2805.437,0.2930358281,0.31393614817768767,0.3144030576594097,-0.020900320077687662,7.355837032188704e-05
2805.919,0.29300224669999997,0.31390080836881207,0.3143648655166734,-0.0208985616688121,7.351008526269203e-05
2806.401,0.292969439,0.3138643145548673,0.3143254365959184,-0.020894875554867298,7.346185169734275e-05
2806.883,0.2927516957,0.3138266686872062,0.3142847734352068,-0.02107497298720623,7.341366955534587e-05
2807.365,0.2929576295,0.31378787276063513,0.3142428786306289,-0.02083024326063515,7.336553876632605e-05
2807.848,0.2929436003,0.31374784475019246,0.31419966409204236,-0.020804244450192466,7.331735956326884e-05
2808.33,0.2929588271,0.3137067524885891,0.31415531147808706,-0.020747925388589106,7.32693313757154e-05
2808.812,0.2929043561,0.3136645164173245,0.3141097353610204,-0.020760160317324527,7.322135433056209e-05
2809.294,0.2931907065,0.3136211387047634,0.31406293856766154,-0.02043043220476337,7.31734283578934e-05
2809.776,0.2929161909,0.3135766215625496,0.314014923982093,-0.020660430662549634,7.312555338791424e-05
2810.258,0.29293579189999996,0.3135309672455707,0.3139656945454993,-0.02059517534557076,7.307772935094047e-05
2810.74,0.2929725649,0.31348417805192136,0.3139152532560036,-0.02051161315192135,7.30299561774051e-05
2811.222,0.29279569980000003,0.3134362563228681,0.313863603168502,-0.02064055652286806,7.298223379785368e-05
2811.705,0.2928737224,0.313387101502314,0.3138106364840925,-0.020513379102314044,7.293446329177993e-05
2812.187,0.2928917978,0.31333691956163046,0.31375657569998994,-0.020445121761630436,7.288684239731679e-05
2812.669,0.2930445202,0.31328561237317015,0.31370131562824966,-0.02024109217317016,7.283927208901886e-05
2813.151,0.2927355423,0.31323318245060283,0.3136448595492595,-0.020497640150602847,7.279175229789103e-05
2813.633,0.2927927873,0.31317963235058144,0.3135872107993081,-0.020386845050581415,7.274428295504667e-05
2814.115,0.2929086596,0.3131249646727051,0.31352837277040535,-0.02021630507270511,7.269686399171623e-05
2814.597,0.2926651609,0.3130691820594783,0.3134683489100957,-0.020404021159478314,7.264949533924263e-05
2815.079,0.29255528810000003,0.3130122871962724,0.31340714272127246,-0.020456999096272355,7.260217692908024e-05
2815.562,0.2926230961,0.31295416131880865,0.31334462710978106,-0.020331065218808675,7.255481067802408e-05
2816.043,0.2925995764,0.3128951716755023,0.31328119764526224,-0.020295595275502287,7.250769056207314e-05
2816.526,0.2925677412,0.3128348305295512,0.3132163305257613,-0.02026708932955118,7.246042466155156e-05
2817.008,0.2925641301,0.3127735120946685,0.31315042873325616,-0.02020938199466854,7.241330664103473e-05
2817.49,0.2924517108,0.31271109548430864,0.3130833629581027,-0.020259384684308657,7.236623852164756e-05
2817.972,0.2924751158,0.3126475836402762,0.31301513703132916,-0.02017246784027621,7.231922023551895e-05
2818.454,0.2924109186,0.3125829795469527,0.3129457548379324,-0.020172060946952675,7.227225171488634e-05
2818.936,0.29240500350000004,0.31251728623125247,0.3128752203166707,-0.02011228273125243,7.222533289210106e-05
2819.418,0.2921881189,0.3124505067625798,0.312803537459854,-0.020262387862579778,7.217846369962258e-05
2819.9,0.2921534851,0.3123826442527824,0.3127307103131311,-0.020229159152782394,7.213164407002296e-05
2820.383,0.2920713767,0.3123135577017626,0.31265658833371646,-0.020242181001762616,7.208477695391417e-05
2820.865,0.2921983761,0.31224353638436986,0.31258148260383933,-0.020045160284369867,7.203805635070607e-05
2821.347,0.2920320454,0.3121724416223747,0.3125052450476634,-0.02014039622237468,7.199138510861334e-05
2821.829,0.2918944955,0.3121002766970341,0.31242787992213783,-0.02020578119703409,7.19447631606486e-05
2822.311,0.2917365769,0.31202704493181677,0.3123493915364528,-0.020290468031816777,7.189819043993327e-05
2822.793,0.2919373393,0.31195274969235454,0.3122697842518149,-0.02001541039235455,7.185166687969799e-05
2823.275,0.2918168335,0.31187739438639533,0.3121890624812188,-0.02006056088639535,7.180519241328394e-05
2823.757,0.2919207638,0.3118009824637503,0.31210723068921387,-0.019880218663750338,7.175876697413957e-05
2824.24,0.2917637887,0.3117233556081046,0.3120241201765809,-0.019959566908104576,7.171229432991215e-05
2824.722,0.2919790527,0.31164483879565785,0.3119400796611399,-0.019665786095657833,7.166596684746266e-05
2825.204,0.2918807773,0.31156527597530254,0.31185494283456067,-0.01968449867530253,7.161968819314572e-05
2825.686,0.2917708456,0.31148467076468417,0.3117687143653627,-0.019713825164684173,7.157345830084327e-05
2826.168,0.2916235322,0.31140302682325127,0.3116813989724284,-0.019779494623251292,7.152727710454807e-05
2826.65,0.2917465598,0.31132034785220286,0.31159300142475926,-0.019573788052202834,7.148114453835889e-05
2827.132,0.2915416173,0.31123663759443293,0.3115035265412287,-0.01969502029443293,7.143506053648176e-05
2827.614,0.2912091092,0.31115189983447306,0.3114129791903306,-0.019942790634473073,7.138902503323124e-05
2828.096,0.2913335118,0.31106613839843683,0.3113213642899294,-0.01973262659843683,7.134303796302739e-05
2828.579,0.2911972692,0.310979176052503,0.31122849342898884,-0.01978190685250303,7.129700400211939e-05
2829.061,0.29124787139999997,0.3108913768051077,0.3111347561905038,-0.01964350540510773,7.125111370184456e-05
2829.543,0.2912072989,0.3108025656171213,0.31103996646032894,-0.01959526671712125,7.120527163838571e-05
2830.025,0.2910027357,0.3107127464804807,0.31094412935134114,-0.01971001078048068,7.115947774658925e-05
2830.507,0.2909311745,0.3106219234284065,0.31084725002449454,-0.0196907489284065,7.111373196141e-05
2830.989,0.2908205966,0.31053010053533836,0.31074933368855184,-0.01970950393533838,7.10680342179074e-05
2831.471,0.2909099632,0.3104372819168736,0.3106503855998203,-0.019527318716873576,7.10223844512473e-05
2831.953,0.29071835700000004,0.31034347172970067,0.31055041106187903,-0.019625114729700632,7.097678259669985e-05
2832.436,0.2907834191,0.31024847647266773,0.31044920483310234,-0.019465057372667738,7.093113412894657e-05
2832.918,0.2908692204,0.3101526937469256,0.3103471913935944,-0.019283473346925595,7.08856280039261e-05
2833.4,0.29061062719999997,0.31005593217735405,0.3102441677078722,-0.019445304977354083,7.084016959733015e-05
2833.882,0.2904841891,0.3099581960844283,0.31014013926596706,-0.019474006984428305,7.07947588448483e-05
2834.364,0.290555794,0.3098594898293762,0.31003511160380326,-0.019303695829376244,7.074939568227664e-05
2834.846,0.2902296086,0.30975981781410755,0.30992909030291615,-0.01953020921410753,7.070408004551582e-05
2835.328,0.2906191241,0.3096591844811424,0.30982208099016906,-0.019040060381142365,7.06588118705683e-05
2835.81,0.2903747835,0.30955759431353647,0.30971408933746447,-0.019182810813536455,7.061359109354498e-05
2836.292,0.2903747636,0.3094550518348081,0.30960512106145915,-0.019080288234808118,7.056841765065509e-05
2836.775,0.2903263527,0.30935134591685504,0.3094949528285838,-0.019024993216855024,7.052319790454327e-05
2837.257,0.2902736362,0.3092469105959872,0.3093840466373726,-0.018973274395987172,7.047811903684615e-05
2837.739,0.2902511278,0.30914153678623324,0.30927218125061084,-0.01889040898623323,7.0433087312407e-05
2838.221,0.2900850411,0.3090352291722718,0.30915936256113263,-0.01895018807227178,7.038810266785182e-05
2838.703,0.2901221921,0.3089279924788496,0.3090455965050516,-0.018805800378849602,7.03431650399073e-05
2839.185,0.2899495236,0.3088198314707023,0.3089308890614637,-0.01887030787070232,7.029827436540535e-05
2839.667,0.2899144307,0.30871075095246925,0.30881524625214274,-0.018796320252469245,7.025343058127744e-05
2840.149,0.2900525237,0.30860075576860946,0.30869867414123764,-0.01854823206860945,7.02086336245591e-05
2840.632,0.28977236640000004,0.3084896197677205,0.30858093411337023,-0.018717253367720454,7.016379063823255e-05
2841.114,0.2896793999,0.3083778080726771,0.30846251986354456,-0.018698408172677095,7.011908724467142e-05
2841.596,0.2895929018,0.3082650964937701,0.3083431947686485,-0.018672194693770072,7.007443049010597e-05
2842.078,0.2895419402,0.3081514900339406,0.3082229650593391,-0.018609549833940586,7.002982031197818e-05
2842.56,0.2895617998,0.3080369937355044,0.30810183700710086,-0.018475193935504397,6.998525664782932e-05
2843.042,0.28921107760000003,0.3079216126800576,0.30797981692392984,-0.018710535080057544,6.994073943530519e-05
2843.524,0.2893338861,0.30780535198838166,0.3078569111620177,-0.018471465888381666,6.989626861215049e-05
2844.006,0.28936019949999997,0.30768821682034686,0.3077331261134323,-0.01832801732034689,6.985184411621038e-05
2844.489,0.2890380915,0.30756996665232883,0.3076082086805938,-0.018531875152328847,6.980737386246222e-05
2844.97,0.2891408622,0.3074513438895362,0.3074829439219725,-0.018310481689536195,6.97631338578589e-05
2845.453,0.2889645602,0.3073313673552738,0.30735629666262,-0.01836680715527378,6.971875614012926e-05
2845.935,0.28899679240000004,0.30721078489373377,0.30722905741075357,-0.018213992493733733,6.967451642904738e-05
2846.417,0.2891551691,0.3070893543491817,0.30710097143313664,-0.017934185249181722,6.963032273578339e-05
2846.899,0.2888862173,0.3069670811139872,0.30697204535438793,-0.018080863813987158,6.958617499878254e-05
2847.381,0.2886963659,0.30684397061888913,0.3068422858367251,-0.018147604718889154,6.954207315659105e-05
2847.863,0.2886348217,0.3067200283328849,0.30671169957962985,-0.01808520663288493,6.949801714785252e-05
2848.345,0.2885279663,0.30659525976312185,0.30658029331951714,-0.01806729346312186,6.945400691130964e-05
2848.827,0.2887162301,0.30646967045478146,0.306448073829397,-0.017753440354781436,6.94100423858054e-05
2849.31,0.2886519445,0.30634300289758315,0.3063147710976435,-0.01769105839758317,6.936603243969097e-05
2849.792,0.2885814019,0.30621578722553827,0.3061809439595089,-0.017634385325538293,6.932215924770134e-05
2850.274,0.2883800774,0.3060877676892991,0.30604632414091093,-0.017707690289299083,6.92783315837407e-05
2850.756,0.2885690711,0.3059589499851033,0.30591091855793207,-0.017389878885103294,6.923454938704304e-05
2851.238,0.2883084193,0.30582933984663246,0.3057747341615492,-0.017520920546632457,6.919081259694373e-05
2851.72,0.2884195256,0.30569894304488954,0.3056377779372903,-0.017279417444889533,6.914712115287157e-05
2852.202,0.2882416875,0.30556776538807096,0.30550005690488613,-0.017326077888070945,6.910347499435463e-05
2852.684,0.2884553304,0.30543581272144177,0.3053615781179246,-0.01698048232144178,6.905987406102044e-05
2853.167,0.2879817422,0.3053028147753786,0.3052220590303275,-0.01732107257537857,6.901622797483269e-05
2853.649,0.2878793027,0.30516932819529874,0.3050820844934836,-0.017290025495298733,6.89727174046428e-05
2854.131,0.2879094354,0.3050350843746944,0.30494137357735407,-0.017125648974694374,6.892925187896898e-05
2854.613,0.2877925239,0.30490008930586204,0.30479993346751166,-0.017107565405862057,6.888583133782574e-05
2855.095,0.2877665484,0.3047643490174964,0.3046577713816221,-0.016997800617496395,6.884245572132086e-05
2855.577,0.2875781435,0.3046278695745532,0.3045148945690904,-0.017049726074553184,6.87991249696604e-05
2856.059,0.2874870037,0.3044906570781084,0.3043713103107031,-0.017003653378108385,6.875583902314721e-05
2856.541,0.287365425,0.30435271766521366,0.3042270259182686,-0.01698729266521365,6.871259782217855e-05
2857.023,0.2874259369,0.30421405750875047,0.30408204873425665,-0.016788120608750456,6.866940130724742e-05
2857.506,0.2872415346,0.3040743929197409,0.3039360832195067,-0.016832858319740907,6.862615993855314e-05
2857.988,0.2870446162,0.3039343084743982,0.30378974120163005,-0.016889692274398183,6.858305270996128e-05
2858.47,0.287050013,0.3037935220306902,0.3036427286153829,-0.016743509030690218,6.853998998933814e-05
2858.952,0.2870262206,0.3036520399033949,0.3034950529223138,-0.016625819303394906,6.849697171755739e-05
2859.434,0.28704929700000004,0.30350986844235917,0.30334672161281073,-0.01646057144235913,6.845399783558803e-05
2859.916,0.28708480869999997,0.3033670140323417,0.3031977422057335,-0.016282205332341704,6.841106828449346e-05
2860.398,0.2868187471,0.3032234830928526,0.3030481222480463,-0.01640473599285258,6.836818300543349e-05
2860.88,0.28689846280000003,0.3030792820779882,0.302897869314445,-0.016180819277988145,6.832534193965988e-05
2861.363,0.2865315571,0.3029341162420253,0.3027466773366681,-0.01640255914202532,6.828245628410537e-05
2861.845,0.2864584401,0.30278859321982476,0.3025951800107225,-0.016330153119824775,6.823970356046383e-05
2862.327,0.2865987786,0.30264241970404065,0.3024430726115399,-0.016043641104040662,6.819699487430896e-05
2862.809,0.2864503822,0.30249560228551536,0.30229036282107713,-0.016045220085515344,6.815433016726856e-05
2863.291,0.28642953169999996,0.30234814758882805,0.3021370583471535,-0.01591861588882809,6.811170938106445e-05
2863.773,0.2862040893,0.3022000622721201,0.30198316692307625,-0.015995972972120076,6.806913245751268e-05
2864.255,0.2861166915,0.3020513530269135,0.3018286963072604,-0.015934661526913474,6.802659933851895e-05
2864.737,0.2860211783,0.3019020265779304,0.3016736542828508,-0.015880848277930404,6.798410996608461e-05
2865.219,0.2859577076,0.30175208968290834,0.3015180486573412,-0.015794382082908343,6.794166428230288e-05
2865.702,0.2858452804,0.3016012361848516,0.30136156270362263,-0.01575595578485156,6.789917430360896e-05
2866.184,0.2857762541,0.30145009757096874,0.3012048522653179,-0.01567384347096873,6.785681591412295e-05
2866.666,0.2858563335,0.3012983689947349,0.3010476018070459,-0.015442035494734885,6.781450104000367e-05
2867.148,0.28571037579999997,0.30114605734412847,0.3008898192299252,-0.015435681544128499,6.777222962371542e-05
2867.63,0.2855889038,0.3009931695391842,0.30073151245750684,-0.015404265739184186,6.77300016078105e-05
2868.112,0.2854032793,0.300839712531798,0.30057268943539134,-0.015436433231797997,6.768781693493595e-05
2868.594,0.2854069458,0.30068569330552153,0.3004133581308386,-0.01527874750552155,6.76456755478282e-05
2869.076,0.2853259823,0.30053111887536044,0.30025352653238224,-0.015205136575360434,6.760357738931794e-05
2869.559,0.28526499040000003,0.3003756738915688,0.3000928695211166,-0.015110683491568744,6.756143519615041e-05
2870.041,0.2853040591,0.30022000910823826,0.29993206038728887,-0.014915950008238255,6.751942341307275e-05
2870.523,0.2850227116,0.30006381036746066,0.299770775065633,-0.015041098767460681,6.747745468750567e-05
2871.005,0.28499195369999997,0.2999070848080261,0.29960902162592384,-0.014915131108026114,6.743552896264332e-05
2871.487,0.2849900349,0.29974983959911866,0.2994468081572592,-0.01475980469911864,6.739364618176718e-05
2871.969,0.285023084,0.29959208194009657,0.299284142767666,-0.014568997940096584,6.735180628824964e-05
2872.451,0.2847587432,0.2994338190602698,0.29912103358370856,-0.014675075860269782,6.731000922555652e-05
2872.933,0.2846884532,0.2992750582186747,0.2989574887500933,-0.014586605018674703,6.726825493724023e-05
2873.416,0.2845097321,0.29911547580153114,0.29879317579903814,-0.014605743701531115,6.722645687278202e-05
2873.897,0.2844352193,0.2989560718335892,0.2986291248010622,-0.014520852533589201,6.718487445840117e-05
2874.38,0.2843893654,0.29879552807732856,0.29846397972616967,-0.014406162677328582,6.71431618380576e-05
2874.862,0.28418904030000003,0.2986348476009482,0.29829877326268406,-0.014445807300948188,6.710157817279486e-05
2875.344,0.284224791,0.2984737059112064,0.2981331721484723,-0.014248914911206445,6.706003700090436e-05
2875.826,0.2840167361,0.29831211044067985,0.2979671846288212,-0.014295374340679845,6.70185382664754e-05
2876.308,0.2839539718,0.2981500686500196,0.2978008189643825,-0.014196096850019602,6.697708191368718e-05
2876.79,0.2839330589,0.29798758802770564,0.2976340834307766,-0.014054529127705662,6.693566788680616e-05
2877.272,0.2838413236,0.29782467608979507,0.29746698631819124,-0.013983352489795098,6.689429613019067e-05
2877.754,0.2839779334,0.2976613403796705,0.29729953593098174,-0.01368340697967052,6.685296658828217e-05
2878.237,0.2838615979,0.2974972483061529,0.2971313921113471,-0.013635650406152888,6.681159359093082e-05
2878.719,0.2836509739,0.2973330869499593,0.29696325945290036,-0.01368211304995931,6.677034839941878e-05
2879.201,0.2836748943,0.29716852462892906,0.2967947985312199,-0.013493630328929085,6.672914525636198e-05
2879.683,0.28366211,0.2970035689932195,0.2966260177033475,-0.01334145899321948,6.668798410655659e-05
2880.165,0.2835955986,0.2968382277190068,0.296456925338484,-0.01324262911900681,6.664686489488501e-05
2880.647,0.2835842905,0.2966725085082179,0.29628752981758744,-0.013088218008217911,6.660578756631948e-05
2881.129,0.283467514,0.2965064190882572,0.296117839532969,-0.013038905088257224,6.656475206591616e-05
2881.611,0.28331182720000003,0.2963399672117319,0.2959478628878901,-0.013028140011731859,6.652375833882269e-05
2882.094,0.2832198199,0.29617281422120156,0.29577725478778155,-0.01295299432120156,6.648272141092577e-05
2882.576,0.2831905995,0.29600566007724916,0.29560673012293287,-0.012815060577249182,6.644181115261598e-05
2883.058,0.2830105114,0.2958381668992329,0.2954359443865721,-0.012827655499232926,6.640094250345664e-05
2883.54,0.2826017085,0.2956703425378082,0.2952649060217367,-0.013068634037808224,6.636011540894158e-05
2884.022,0.2826932375,0.29550219486741147,0.2950936234803897,-0.012808957367411444,6.631932981464886e-05
2884.504,0.2828140447,0.29533373178596806,0.2949221052230142,-0.012519687085968068,6.627858566624123e-05
2884.986,0.2827873924,0.295164961214597,0.2947503597182098,-0.012377568814597006,6.623788290946984e-05
2885.468,0.2827654408,0.2949958910973107,0.2945783954422831,-0.012230450297310735,6.619722149017064e-05
2885.95,0.2824191957,0.2948265294007159,0.29440622087884566,-0.012407333700715895,6.615660135426447e-05
2886.433,0.2824028323,0.294656531863293,0.29423348668722726,-0.012253699563292975,6.611593830197662e-05
2886.915,0.2822847956,0.2944866104333459,0.29406091663458,-0.01220181483334587,6.607540065633361e-05
2887.397,0.28226271140000003,0.29431642147309306,0.29388816180265553,-0.012053710073093027,6.603490413224783e-05
2887.879,0.281949252,0.29414597303648243,0.29371523070022354,-0.01219672103648245,6.599444867598336e-05
2888.361,0.281873649,0.2939752731985007,0.29354213184132294,-0.012101624198500693,6.595403423388654e-05
2888.843,0.2819962927,0.29380433005485596,0.29336887374485426,-0.011808037354855971,6.591366075238845e-05
2889.325,0.2820083164,0.29363315172165483,0.29319546493417425,-0.011624835321654814,6.587332817800669e-05
2889.807,0.2817799668,0.2934617463350782,0.2930219139366882,-0.011681779535078207,6.583303645734195e-05
2890.29,0.28159135760000004,0.2932897657621961,0.29284786880882197,-0.011698408162196083,6.579270207132016e-05
2890.772,0.2816211347,0.2931179303273864,0.29267405878337993,-0.011496795627386425,6.575249198271038e-05
2891.254,0.2814110187,0.29294589238190527,0.29250013219127885,-0.011534873681905256,6.571232258801226e-05
2891.736,0.2815370224,0.292773660138954,0.29232609757205086,-0.011236637738954003,6.567219383416494e-05
2892.218,0.2814666095,0.292601241830135,0.29215196346723926,-0.011134632330134953,6.563210566818801e-05
2892.7,0.28139764629999997,0.2924286457051112,0.2919777384199942,-0.011030999405111208,6.559205803718585e-05
2893.182,0.2813499422,0.29225588003125735,0.29180343097466216,-0.010905937831257373,6.555205088834368e-05
2893.664,0.2810832885,0.29208295309331345,0.2916290496763829,-0.010999664593313474,6.551208416893223e-05
2894.146,0.2811937829,0.2919098731930317,0.2914546030706807,-0.010716090293031666,6.547215782630636e-05
2894.629,0.2811228626,0.29173628911722327,0.29127973760980086,-0.010613426517223246,6.543218909870431e-05
2895.111,0.28104385919999997,0.29156292798967176,0.291105185934181,-0.010519068789671793,6.539234343553301e-05
2895.593,0.2808928183,0.29138943892089275,0.2909305946036832,-0.010496620620892738,6.535253799159323e-05
2896.075,0.2808742696,0.2912158302771427,0.2907559721613054,-0.010341560677142703,6.53127727145676e-05
2896.557,0.2808194598,0.2910421104398872,0.29058132714840024,-0.010222650639887199,6.527304755222305e-05
2897.039,0.2807768951,0.29086828780543,0.2904066681042683,-0.010091392705430025,6.523336245240654e-05
2897.521,0.2804423606,0.29069437078454147,0.29023200356575235,-0.010252010184541471,6.519371736304772e-05
2898.003,0.28047646919999997,0.29052036780208373,0.2900573420668344,-0.010043898602083767,6.515411223215901e-05
2898.486,0.2803631833,0.290345926059033,0.28988232981192186,-0.009982742759032992,6.511446496375126e-05
2898.968,0.28015817779999996,0.2901717763479865,0.2897077000312296,-0.010013598547986557,6.507493967679422e-05
2899.45,0.2803341761,0.28999756604828275,0.28953309888854095,-0.009663389948282752,6.503545419272357e-05
2899.932,0.2799587987,0.2898233036373633,0.28935853490233654,-0.009864504937363294,6.499600845987599e-05
2900.414,0.2802526853,0.2896489976048403,0.2891840165862142,-0.009396312304840282,6.495660242666864e-05
2900.896,0.2800613568,0.28947465645210557,0.2890095524484873,-0.009413299652105578,6.4917236041603e-05
2901.378,0.28002232029999996,0.2893002886919317,0.28883515099177925,-0.009277968391931735,6.487790925325709e-05
2901.86,0.27985766030000003,0.28912590284807804,0.28866082071262605,-0.00926824254807801,6.483862201029146e-05
2902.343,0.2798657408,0.2889511456347171,0.2884862086739783,-0.009085404834717092,6.47992928756007e-05
2902.824,0.279665015,0.2887771110568784,0.2883124076402605,-0.009112096056878405,6.476016595554505e-05
2903.307,0.2796963793,0.28860236041954634,0.28813798077993835,-0.008905981119546325,6.472091581909202e-05
2903.789,0.2795112826,0.2884279877264941,0.2879640202673367,-0.008916705126494062,6.468178632742467e-05
2904.271,0.2794625954,0.2882536397369865,0.28779017332711665,-0.008791044336986464,6.464269612553843e-05
2904.753,0.2795438752,0.28807932503218825,0.28761644841083744,-0.008535449832188235,6.460364516257323e-05
2905.235,0.2792362679,0.2879050522013835,0.2874428539611674,-0.008668784301383514,6.456463338774919e-05
2905.717,0.279030579,0.2877308298415544,0.2872693984114858,-0.008700250841554402,6.452566075036544e-05
2906.199,0.2789244735,0.2875566665569588,0.2870960901854849,-0.008632193056958781,6.448672719980369e-05
2906.681,0.2788530989,0.28738257095870334,0.2869229376967728,-0.008529472058703358,6.444783268551937e-05
2907.164,0.2788577682,0.28720819071373527,0.2867495906279375,-0.008350422513735245,6.440889658441192e-05
2907.646,0.2785952237,0.28703425653190234,0.2865767751789824,-0.008439032831902338,6.437008007210218e-05
2908.128,0.2787314146,0.2868604159244412,0.28640414066105924,-0.00812900132444122,6.433130244481433e-05
2908.61,0.2784064985,0.2866866775255578,0.28623169544346266,-0.008280179025557832,6.429256365232086e-05
2909.092,0.2786475016,0.28651304997414073,0.28605944788343085,-0.007865548374140718,6.425386364447567e-05
2909.574,0.2785109692,0.2863395419133169,0.2858874063257496,-0.007828572713316884,6.42152023712066e-05
2910.056,0.2783875554,0.28616616199001,0.285715579102363,-0.0077786065900100065,6.41765797825238e-05
2910.538,0.27840528249999996,0.2859929188544933,0.285543974531981,-0.007587636354493332,6.413799582851164e-05
2911.021,0.2783316905,0.2858194621932829,0.28537224561861035,-0.0074877716932829075,6.409937052976399e-05
2911.503,0.2781698995,0.2856465189240201,0.28520111176045715,-0.0074766194240201145,6.406086377556025e-05
2911.985,0.2781224496,0.2854737384269292,0.28503022544529266,-0.007351288826929203,6.402239550665011e-05
2912.467,0.2781690778,0.28530112936117236,0.2848595949349645,-0.007132051561172359,6.398396567342996e-05
2912.949,0.2781081555,0.2851287003869928,0.28468922847614164,-0.0070205448869927745,6.394557422637279e-05
2913.431,0.27799551829999997,0.28495646016525344,0.2845191342999308,-0.006960941865253478,6.390722111603077e-05
2913.913,0.2778653256,0.2847844173569734,0.28434932062148677,-0.006919091756973417,6.386890629303223e-05
2914.395,0.2779878556,0.2846125806228623,0.28417979563963,-0.006624725022862321,6.38306297080809e-05
2914.877,0.2778364862,0.2844409586228548,0.28401056753646525,-0.006604472422854779,6.379239131195917e-05
2915.36,0.2777167345,0.2842692046550891,0.2838412943369635,-0.006552470155089085,6.375411184149341e-05
2915.842,0.27772766390000003,0.2840980385880587,0.2836726851269416,-0.006370374688058678,6.371594975465691e-05
2916.324,0.2776134914,0.28392711324351577,0.2835043972546434,-0.006313621843515749,6.367782570935158e-05
2916.806,0.2776987128,0.28375643727355904,0.28333643883144766,-0.006057724473559012,6.363973965666528e-05
2917.288,0.2774930478,0.28358601932713934,0.2831688179501124,-0.006092971527139335,6.36016915477619e-05
2917.77,0.2775098139,0.28341586804957686,0.2830015426843963,-0.005906054149576845,6.356368133387902e-05
2918.252,0.27734219800000004,0.28324599208207857,0.2828346210886821,-0.005903794082078528,6.352570896633174e-05
2918.734,0.2772955695,0.2830764000612551,0.2826680611976029,-0.0057808305612551125,6.348777439651208e-05
2919.217,0.2773576478,0.28290674968509394,0.28250152662264877,-0.005549101885093943,6.344979899098098e-05
2919.699,0.2772316309,0.2827377520804907,0.28233571495579424,-0.005506121180490653,6.341193994925379e-05
2920.181,0.2772617154,0.2825690643178068,0.28217028899174834,-0.00530734891780682,6.337411855977655e-05
2920.663,0.27699348100000004,0.28240069501036,0.2820052566823623,-0.005407214010359984,6.333633477424025e-05
2921.145,0.2770441768,0.2822326527644178,0.2818406259578752,-0.005188475964417794,6.329858854441221e-05
2921.627,0.2767848007,0.2820649461786996,0.28167640472654587,-0.005280145478699594,6.326087982213397e-05
2922.109,0.2768890467,0.28189758384387886,0.2815126008742835,-0.005008537143878888,6.322320855931996e-05
2922.591,0.2765812838,0.28173057434208426,0.28134922226428327,-0.005149290542084239,6.31855747079628e-05
2923.073,0.2765774353,0.2815639262463967,0.2811862767366592,-0.004986490946396693,6.314797822012534e-05
2923.556,0.2763706598,0.28139730353550124,0.2810234354252734,-0.005026643735501268,6.311034116311182e-05
2924.038,0.27633837840000003,0.28123140472677155,0.2808613804275881,-0.004893026326771521,6.30728193360765e-05
2924.52,0.2762079824,0.28106589300178886,0.28069978190660316,-0.004857910601788862,6.30353347291046e-05
2925.002,0.2759807869,0.28090077689237736,0.28053864760643504,-0.0049199899923773605,6.299788729455389e-05
2925.484,0.275984707,0.2807360649187841,0.2803779852463133,-0.004751357918784116,6.296047698486131e-05
2925.966,0.27605935330000003,0.2805717655891675,0.2802178025202236,-0.004512412289167489,6.292310375253551e-05
2926.448,0.2759878939,0.280407887399083,0.28005810709654866,-0.004419993499083008,6.288576755015706e-05
2926.93,0.2758155171,0.28024443883097294,0.2798989066177163,-0.004428921730972923,6.284846833038191e-05
2927.413,0.2757875957,0.2800810906189001,0.2797398799787329,-0.004293494918900076,6.281112877665639e-05
2927.895,0.2757104996,0.27991852762225233,0.2795816932775545,-0.004208028022252341,6.27739034568289e-05
2928.377,0.2757033566,0.2797564196285578,0.2794240243049012,-0.004053063028557791,6.273671497791124e-05
2928.859,0.2757290666,0.2795947750626091,0.27926688059580074,-0.0038657084626090854,6.269956329285155e-05
2929.341,0.2756342295,0.2794336023334959,0.27911026965757035,-0.0037993728334959065,6.26624483546689e-05
2929.823,0.275621508,0.279272909834087,0.2789541989694717,-0.0036514018340869647,6.262537011645709e-05
2930.305,0.275492006,0.2791127059405064,0.2787986759823654,-0.0036206999405064,6.258832853137922e-05
2930.787,0.2755183713,0.2789529990116131,0.27864370811836847,-0.0034346277116130697,6.255132355267401e-05
2931.27,0.2754550503,0.27879346762569146,0.2784889830173127,-0.003338417325691456,6.251427847365657e-05
2931.751,0.2754442937,0.27863510939384656,0.2783354673023972,-0.0031908156938465493,6.24774232276893e-05
2932.234,0.275362865,0.2784766157345829,0.2781818916897656,-0.0031137507345828652,6.244045127956437e-05
2932.716,0.2755180676,0.2783189809979853,0.27802921917281465,-0.002800913397985272,6.240359233567253e-05
2933.198,0.2750867311,0.27816188476014336,0.27787713846153705,-0.0030751536601433815,6.236676976532136e-05
2933.68,0.27516915789999996,0.2780053352652507,0.27772565679839334,-0.002836177365250714,6.232998352218132e-05
2934.162,0.2752380683,0.2778493407365521,0.2775747813947379,-0.00261127243655207,6.229323355999014e-05
2934.644,0.27529677150000004,0.2776939093758136,0.2774245194304873,-0.002397137875813582,6.225651983255876e-05
2935.126,0.27508026690000004,0.27753904936279605,0.2772748780537937,-0.0024587824627960164,6.221984229376929e-05
2935.608,0.2749033804,0.27738476885472196,0.2771258643807127,-0.0024813884547219556,6.218320089757522e-05
2936.091,0.2750618351,0.2772307577373535,0.2769771783196251,-0.002168922637353521,6.214651969088509e-05
2936.573,0.2748067912,0.2770776618624466,0.2768294426108548,-0.002270870662446578,6.210995051676938e-05
2937.055,0.2748002901,0.2769251698403794,0.2766823557725735,-0.002124879740379393,6.207341734743659e-05
2937.537,0.2747292514,0.27677328973287196,0.276535924789147,-0.002044038332871978,6.203692013712296e-05
2938.019,0.2744398203,0.2766220295764517,0.27639015661123156,-0.0021822092764516854,6.200045884013432e-05
2938.501,0.2744553719,0.2764713973819227,0.2762450581554564,-0.002016025481922701,6.19640334108472e-05
2938.983,0.2742573784,0.2763214011338361,0.2761006363041094,-0.0020640227338361017,6.192764380370706e-05
2939.465,0.2743285398,0.27617204878995494,0.27595689790482114,-0.001843508989954945,6.189128997323113e-05
2939.948,0.2742069906,0.27602304045651227,0.2758135537121261,-0.0018160498565122918,6.185489656236297e-05
2940.43,0.2740553414,0.275875001061477,0.27567120407282514,-0.0018196596614770133,6.181861422303288e-05
2940.912,0.2741372394,0.27572762929421335,0.27552955823136777,-0.0015903898942133399,6.178236752424148e-05
2941.394,0.273968875,0.27558093299996633,0.2753886228935762,-0.001612057999966332,6.1746156420782e-05
2941.876,0.27403815189999997,0.2754349199945366,0.2752484047290704,-0.001396768094536649,6.170998086751988e-05
2942.358,0.27381912669999997,0.27528959806375153,0.27510891037096596,-0.0014704713637515576,6.167384081938824e-05
2942.84,0.2738202251,0.2751449749629331,0.2749701464155705,-0.0013247498629331278,6.163773623139056e-05
2943.322,0.2737763788,0.27500105841637,0.27483211942208524,-0.0012246796163700169,6.160166705859798e-05
2943.804,0.2738652306,0.27485785611678754,0.2746948359123075,-0.0009926255167875264,6.156563325615122e-05
2944.287,0.2734868816,0.2747150808780644,0.27455801988979145,-0.0012281992780643902,6.1529560130313e-05
2944.769,0.2736031523,0.27457333154318925,0.27442224433772144,-0.000970179243189262,6.149359700740411e-05
2945.251,0.27371568620000003,0.2744323193545293,0.2742872316206265,-0.0007166331545292448,6.145766912058228e-05
2945.733,0.273577252,0.27429205187320627,0.27415298810766464,-0.0007147998732062733,6.14217764252625e-05
2946.215,0.2735541158,0.2741525366261399,0.27401952012912756,-0.0005984208261399226,6.138591887692741e-05
2946.697,0.2735023736,0.2740137811055247,0.27388683397615493,-0.0005114075055246969,6.135009643112823e-05
2947.179,0.2733525124,0.27387579276830454,0.2737549359004494,-0.0005232803683045129,6.131430904348551e-05
2947.661,0.2734318256,0.27373857903564935,0.2736238321139936,-0.0003067534356493429,6.127855666968385e-05
2948.144,0.2734930954,0.2736018650570051,0.2734932592862607,-0.00010876965700512553,6.124276519930112e-05
2948.626,0.2731318351,0.2734662242965318,0.27336376423375397,-0.00033438919653178134,6.120708279293025e-05
2949.108,0.2731783962,0.27333138019940867,0.2732350818779328,-0.00015298399940866236,6.117143526777796e-05
2949.59,0.2731539804,0.2731973400384242,0.27310721826903395,-4.335963842422297e-05,6.113582257980117e-05
2950.072,0.2730490648,0.2730641110479938,0.2729801794161924,-1.5046247993755202e-05,6.110024468502449e-05
2950.554,0.2730367769,0.27293170042364356,0.27285397128717004,0.00010507647635643602,6.106470153954181e-05
2951.036,0.2729368609,0.2728001153214966,0.2727285998080894,0.00013674557850340552,6.102919309950894e-05
2951.518,0.2729179959,0.2726693628577594,0.272604070863165,0.000248633042240598,6.0993719321154985e-05
2952.0,0.2730397191,0.2725394501082101,0.27248039029444127,0.0005002689917898984,6.0958280160769504e-05
2952.483,0.2729483467,0.2724101172209556,0.2723573099669012,0.0005382294790444164,6.092280215712584e-05
2952.965,0.27283958269999997,0.27228190674134767,0.2722353452967651,0.0005576759586523039,6.0887432173421265e-05
2953.447,0.2727923263,0.27215455696998264,0.27211424628513525,0.000637769330017357,6.0852096676874676e-05
2953.929,0.27269840160000003,0.2720280748157562,0.271994018602682,0.0006703267842438354,6.0816795624043673e-05
2954.411,0.2728165312,0.27190246714460387,0.27187466787661596,0.0009140640553961243,6.07815289715543e-05
2954.893,0.2725478013,0.27177774077899897,0.271756199690435,0.000770060521001037,6.0746296676097355e-05
2955.375,0.2728767465,0.2716539024974544,0.27163861958367597,0.0012228440025455756,6.0711098694430085e-05
2955.857,0.2725980489,0.27153095903402547,0.2715219330516679,0.0010670898659745354,6.0675934983374954e-05
2956.34,0.27265831630000004,0.27140866482046694,0.27140590626053607,0.0012496514795330982,6.064073265262388e-05
2956.822,0.2727176762,0.27128753290614016,0.2712910250679633,0.0014301432938598202,6.060563742440253e-05
2957.304,0.2726528935,0.2711673157540563,0.27117705367951617,0.0014855777459437114,6.05705763375678e-05
2957.786,0.2725389003,0.2710480199154198,0.27106399741116943,0.0014908803845801732,6.053554934920302e-05
2958.268,0.2722254105,0.2709296518945268,0.2709518615334867,0.0012957586054732073,6.050055641646022e-05
2958.75,0.27240520079999997,0.2708122181482814,0.2708406512713873,0.0015929826517185885,6.046559749655573e-05
2959.232,0.2722109998,0.27069572508571405,0.27073037180391324,0.0015152747142859746,6.0430672546769065e-05
2959.714,0.2724260455,0.2705801790675054,0.2706210282640015,0.0018458664324945695,6.039578152444588e-05
2960.197,0.2722618878,0.2704653496567613,0.27051240181843533,0.0017965381432387129,6.0360852104478914e-05
2960.678,0.27236534160000003,0.27035195336228296,0.27040516926672253,0.002013388237717073,6.032610109189782e-05
2961.161,0.27229539129999997,0.27023905340947274,0.27029844386910806,0.0020563378905272267,6.029123945441678e-05
2961.643,0.2722092627,0.2701273602148657,0.27019289642729716,0.0020819024851342904,6.025648378669302e-05
2962.125,0.2719912376,0.2700166451388458,0.2700883098883946,0.0019745924611541676,6.022176183404297e-05
2962.607,0.2722051269,0.26990691424199675,0.2699846891039156,0.002298212658003229,6.018707355419995e-05
2963.089,0.2721571575,0.26979817353328334,0.2698820388777292,0.002358983966716688,6.015241890496071e-05
2963.571,0.2718343922,0.26969042896959494,0.26978036396584615,0.002143963230405055,6.01177978441869e-05
2964.053,0.27198360860000004,0.2695836864552937,0.2696796690762098,0.002399922144706357,6.0083210329802403e-05
2964.535,0.2721052205,0.2694779518417656,0.2695799588684913,0.0026272686582344273,6.004865631979801e-05
2965.018,0.27181604119999997,0.26937301472139724,0.2694810341702491,0.002443026478602728,6.0014064187585645e-05
2965.5,0.2719781775,0.26926931537040705,0.26938330917792014,0.002708862129592926,5.997957712985274e-05
2965.982,0.2719781618,0.2691666411638033,0.2692865825641704,0.002811520636196718,5.994512345075943e-05
2966.464,0.27201745509999997,0.26906499773653364,0.2691908587934625,0.002952457363466332,5.9910703108549146e-05
2966.946,0.2717470366,0.26896439066837524,0.26909614228098977,0.00278264593162475,5.9876316061526784e-05
2967.428,0.2719737411,0.2688648254835071,0.2690024373924855,0.003108915616492902,5.9841962268062844e-05
2967.91,0.2718563639,0.2687663076500846,0.26890974844403204,0.0030900562499154294,5.9807641686588887e-05
2968.392,0.2718380446,0.2686688425798197,0.2688180797018751,0.003169202020180284,5.9773354275599835e-05
2968.875,0.2718797745,0.26857223671673347,0.2687272483912652,0.0033075377832665342,5.9739028961087785e-05
2969.357,0.27180535,0.26847689539178377,0.26863763479846325,0.003328454608216236,5.97048078354086e-05
2969.839,0.2717208809,0.26838262273312063,0.26854905391832107,0.003338258166879382,5.967061975599078e-05
2970.321,0.2715733755,0.26828942392242605,0.2684615098158076,0.0032839515775739403,5.9636464681579724e-05
2970.803,0.271597895,0.26819730408288933,0.2683750065051548,0.0034005909171106463,5.9602342570982e-05
2971.285,0.2716058535,0.26810626827881173,0.26828954794968607,0.0034995852211882617,5.956825338306958e-05
2971.767,0.2716198579,0.2680163215152103,0.2682051380616455,0.003603536384789663,5.953419707677473e-05
2972.249,0.2714916688,0.2679274687374309,0.26812178070203063,0.0035642000625690784,5.9500173611090486e-05
2972.731,0.2714766343,0.2678397148307623,0.26803947968042796,0.0036369194692377205,5.946618294507303e-05
2973.214,0.2713695545,0.2677528859984376,0.2679580713097578,0.0036166685015623923,5.94321546197759e-05
2973.696,0.2714591723,0.26766734655234853,0.26787789639735793,0.003791825747651467,5.939822949834642e-05
2974.178,0.2713970974,0.26758292027880193,0.26779878894917597,0.0038141771211980813,5.936433705403985e-05
2974.66,0.271177618,0.2674996118189663,0.267720752567444,0.0036780061810336995,5.933047724615727e-05
2975.142,0.2712989529,0.2674174257520928,0.26764379080219547,0.0038815271479071822,5.929665003406249e-05
2975.624,0.2712015594,0.2673363665951567,0.2675679071511151,0.0038651928048433204,5.9262855377183156e-05
2976.106,0.2713077048,0.2672564388025024,0.26749310505939017,0.004051265997497611,5.9229093235004154e-05
2976.588,0.2712599668,0.26717764676549555,0.26741938791956704,0.0040823200345044275,5.919536356707373e-05
2977.071,0.2712174016,0.267099834896622,0.26734660952271544,0.004117566703378039,5.916159645541322e-05
2977.553,0.27104801170000004,0.2670233296699243,0.26727507452112576,0.004024682030075721,5.912793168203095e-05
2978.035,0.27124729540000003,0.2669479730003188,0.26720463433847197,0.004299322399681227,5.909429926182119e-05
2978.517,0.271176071,0.2668737690237209,0.26713529215522613,0.0043023019762791215,5.906069915457507e-05
2978.999,0.27136002189999997,0.2668007218113906,0.2670670510985331,0.004559300088609386,5.902713132014384e-05
2979.481,0.27120597669999996,0.2667288353696131,0.26699991424208,0.004477141330386847,5.899359571843948e-05
2979.963,0.2710118276,0.2666581136393821,0.26693388460596956,0.0043537139606179,5.8960092309433377e-05
2980.445,0.271109931,0.2665885604960904,0.2668689651565963,0.004521370503909605,5.892662105315729e-05
2980.927,0.2710003928,0.2665201797492248,0.266805158806524,0.0044802130507751725,5.889318190970481e-05
2981.41,0.2709485426,0.2664528369385748,0.2667423395133014,0.004495705661425209,5.885970556326461e-05
2981.892,0.2710054522,0.2663868145994277,0.2666807702075681,0.004618637600572295,5.882633059239204e-05
2982.374,0.2709289091,0.2663219756941734,0.2666203224203146,0.00460693340582663,5.879298761489507e-05
2982.856,0.2709419445,0.26625832376558456,0.2665609988475032,0.004683620734415417,5.875967659110659e-05
2983.338,0.2710301283,0.2661958622890799,0.26650280213069644,0.00483426601092013,5.872639748141736e-05
2983.82,0.271222315,0.26613459467244827,0.26644573485694895,0.005087720327551726,5.869315024627799e-05
2984.302,0.27099540040000003,0.2660745242555826,0.26638979955870523,0.004920876144417441,5.8659934846197695e-05
2984.784,0.2710566042,0.266015654310215,0.2663349987136979,0.005040949889784985,5.862675124174636e-05
2985.267,0.2709327962,0.2659578696534982,0.26628122459224624,0.004974926546501779,5.8593530646767656e-05
2985.749,0.2710324167,0.2659014126993692,0.26622870223357553,0.005131004000630823,5.856041058127993e-05
2986.231,0.2710291334,0.2658461656267195,0.2661773214368415,0.0051829677732805335,5.852732219340101e-05
2986.713,0.2709193803,0.2657921314319801,0.266127084459859,0.005127248868019907,5.8494265443937744e-05
2987.195,0.2708311264,0.26573931304219034,0.26607799350526595,0.005091813357809671,5.846124029375155e-05
2987.677,0.2708942324,0.26568771331476837,0.26603005072043756,0.00520651908523162,5.842824670376668e-05
2988.159,0.270926265,0.2656373350372872,0.2659832581974043,0.005288929962712796,5.839528463496353e-05
2988.641,0.2708144275,0.2655881809272572,0.2659376179727715,0.005226246572742788,5.836235404838252e-05
2989.124,0.2706400614,0.26554015547476145,0.26589304093436666,0.005099905925238568,5.8329386682293834e-05
2989.605,0.2707169926,0.26549355572801336,0.26584980228754707,0.00522343687198662,5.829658716633181e-05
2990.088,0.270853436,0.2654479966760659,0.26580754433436193,0.005405439323934114,5.8263682700556224e-05
2990.57,0.27082377999999996,0.26540376756572504,0.26576653496650127,0.005420012434274923,5.823087771937277e-05
2991.052,0.2706151207,0.26536077515705414,0.26572668724967713,0.0052543455429458485,5.819810402640046e-05
2991.534,0.270604578,0.2653190217427868,0.265688002886301,0.005285556257213164,5.816536158302632e-05
2992.016,0.2706071617,0.26527850954423154,0.2656504835228745,0.005328652155768443,5.8132650350698206e-05
2992.498,0.2707943594,0.26523924071110017,0.265614130749931,0.005555118688899852,5.8099970290917126e-05
2992.98,0.2708072962,0.26520121732134283,0.26557894610197896,0.005606078878657161,5.80673213652449e-05
2993.462,0.270528215,0.2651644413809897,0.26554493105744936,0.005363773619010304,5.803470353529952e-05
2993.945,0.2707992339,0.2651288424174816,0.26551202011576114,0.005670391482518411,5.800204918760205e-05
2994.427,0.2708030066,0.2650945697034167,0.26548035092253597,0.005708436896583291,5.7969493498509154e-05
2994.909,0.2705910939,0.265061550027464,0.2654498554337248,0.0055295438725360135,5.7936968790261225e-05
2995.391,0.2708187527,0.26502978510635355,0.26542053490285056,0.0057889675936464435,5.7904475024706155e-05
2995.873,0.270666831,0.26499927658419353,0.2653923905271318,0.005667554415806464,5.78720121637472e-05
2996.355,0.2706729446,0.26497002603234465,0.2653654234474454,0.005702918567655368,5.783958016934453e-05
2996.837,0.2709000843,0.2649420349493069,0.2653396347482921,0.0059580493506931065,5.780717900351489e-05
2997.319,0.2708708982,0.2649153047606081,0.2653150254577642,0.005955593439391893,5.777480862833478e-05
2997.802,0.2708917609,0.2648897852936485,0.2652915491674648,0.006001975606351517,5.774240194322167e-05
2998.284,0.2709052528,0.2648655835005154,0.2652693040044211,0.0060396692994845735,5.7710093099468586e-05
2998.766,0.2708682139,0.2648426464418967,0.26524824099727445,0.006025567458103287,5.7677814932845534e-05
2999.248,0.2707383336,0.26482097525030757,0.2652283609481012,0.005917358349692425,5.764556740565252e-05
2999.73,0.27079156990000003,0.2648005709848366,0.26520966460245,0.005990998915163415,5.761335048024447e-05
3000.212,0.2708124555,0.26478143463107295,0.2651921526493264,0.0060310208689270395,5.758116411903326e-05
3000.694,0.270859575,0.2647635671010403,0.2651758257211786,0.006096007898959699,5.7549008284485295e-05
3001.176,0.2706444192,0.2647469692331369,0.2651606843938873,0.005897449966863089,5.751688293912584e-05
3001.658,0.2707154049,0.2647316417920833,0.2651467291867586,0.005983763107916706,5.7484788045533235e-05
3002.141,0.2706618922,0.2647175576281415,0.26513393530533674,0.0059443345718585006,5.7452657074115866e-05
3002.623,0.2708112322,0.26470477567905093,0.2651223561331428,0.006106456520949044,5.742062303499994e-05
3003.105,0.270726157,0.26469326600951315,0.2651119643002062,0.006032890990486872,5.7388619335645554e-05
3003.587,0.2706782618,0.26468302908897584,0.2651027600993898,0.0059952327110241455,5.735664593885133e-05
3004.069,0.27087754319999996,0.2646740653130357,0.2650947437669823,0.006203477886964237,5.732470280747565e-05
3004.551,0.2707732439,0.26466637500342577,0.26508791548270627,0.006106868896574247,5.729278990442889e-05
3005.033,0.2708721246,0.2646599584080038,0.2650822753697294,0.00621216619199616,5.72609071926783e-05
3005.515,0.27092314349999996,0.2646548157007518,0.2650778234946771,0.006268327799248186,5.722905463524559e-05
3005.998,0.2709294859,0.26465094027972835,0.26507455433179716,0.006278545620271636,5.719716620482848e-05
3006.48,0.27096956,0.2646483482184408,0.26507248137145045,0.0063212117815591995,5.716537390768451e-05
3006.962,0.27082680929999997,0.264647030123904,0.26507159650955947,0.0061797791760959675,5.713361165417523e-05
3007.444,0.2708219116,0.2646469858745427,0.26507189958665445,0.006174925725457303,5.710187940754207e-05
3007.926,0.2709971266,0.26464821527498783,0.2650733903868329,0.0063489113250121965,5.707017713107863e-05
3008.408,0.2709361316,0.26465071805611173,0.26507606863778643,0.006285413543888285,5.7038504788135836e-05
3008.89,0.2709017236,0.264654493875071,0.26507993401083524,0.006247229724928971,5.700686234211752e-05
3009.372,0.271005598,0.2646595423153547,0.2650849861209621,0.006346055684645302,5.697524975648046e-05
3009.854,0.2710062584,0.2646658628868378,0.2650912245268485,0.006340395513162178,5.694366699473841e-05
3010.337,0.27085864,0.26467347209852976,0.2650986653660892,0.006185167901470223,5.691204858879283e-05
3010.819,0.27092645120000003,0.26468233780396744,0.2651072772729445,0.006244113396032591,5.688052542727667e-05
3011.301,0.271091873,0.26469247372764065,0.2651170738128963,0.00639939927235933,5.6849031980440205e-05
3011.783,0.2711669464,0.2647038790854922,0.26512805431973807,0.006463067314507798,5.6817568212009964e-05
3012.265,0.2710032858,0.2647165530202179,0.2651402180711895,0.006286732779782089,5.678613408576778e-05
3012.747,0.2709429586,0.26473049460136133,0.2651535642889503,0.006212463998638673,5.6754729565549066e-05
3013.229,0.2710858272,0.26474570282541066,0.2651680921387568,0.006340124374589362,5.6723354615240695e-05
3013.711,0.2710557632,0.2647621766159042,0.2651838007304392,0.006293586584095845,5.669200919878664e-05
3014.194,0.2710388052,0.2647799529383238,0.2652007253818411,0.006258852261676218,5.666062834003298e-05
3014.676,0.27097885380000003,0.2647989569604977,0.26521879500800494,0.006179896839502319,5.662934194441049e-05
3015.158,0.2712573917,0.26481922288041004,0.2652380423684767,0.006438168819589973,5.659808497471167e-05
3015.64,0.2712035406,0.2648407493308208,0.26525846634998784,0.006362791269179213,5.656685739508932e-05
3016.122,0.2710909648,0.2648635348721562,0.26528006578369523,0.006227429927843808,5.653565916975343e-05
3016.604,0.2710999446,0.26488757799265134,0.2653028394452571,0.0062123666073486405,5.650449026296271e-05
3017.086,0.2711796534,0.264912877108498,0.26532678605490967,0.006266776291502019,5.647335063903089e-05
3017.568,0.2709991205,0.26493943056399805,0.2653519042775453,0.006059689936001977,5.644224026232254e-05
3018.051,0.2712222939,0.26496729562151133,0.2653782484785872,0.006254998278488688,5.64110946438525e-05
3018.532,0.2716076727,0.2649962935126834,0.26540564994511423,0.006611379187316635,5.638010710830292e-05
3019.015,0.2711917517,0.2650266635085834,0.265434335043104,0.00616508819141659,5.634901992749642e-05
3019.497,0.2713868479,0.26505821891871817,0.26546412767950867,0.006328628981281836,5.631802624473662e-05
3019.979,0.271323585,0.2650910193132287,0.26549508442277137,0.006232565686771274,5.62870616317414e-05
3020.461,0.2713025069,0.26512506260849966,0.26552720360742277,0.006177444291500356,5.6256126053191666e-05
3020.943,0.2715777353,0.265160346650272,0.26556048351327843,0.0064173886497280175,5.622521947381714e-05
3021.425,0.271521376,0.26519686921384245,0.26559492236553806,0.0063245067861575355,5.619434185840231e-05
3021.907,0.2712940176,0.26523462800427233,0.2656305183348886,0.00605938959572766,5.616349317178334e-05
3022.389,0.2714789821,0.26527362065660065,0.2656672695376089,0.006205361443399338,5.613267337884599e-05
3022.872,0.2715160444,0.2653139294668476,0.26570525387318816,0.0062021149331523695,5.610181859289727e-05
3023.354,0.27178887809999996,0.265355385016077,0.2657443120608789,0.006433493083922992,5.607105654195574e-05
3023.836,0.2714934269,0.2653980669089877,0.265784519501113,0.006095359991012295,5.6040323279594316e-05
3024.318,0.2715910464,0.26544197250262813,0.2658258740935254,0.006149073897371848,5.600961877090751e-05
3024.8,0.2716661725,0.26548709908517454,0.2658683736839056,0.006179073414825487,5.597894298103871e-05
3025.282,0.2715469134,0.2655334438761792,0.26591201606431825,0.006013469523820758,5.594829587518402e-05
3025.764,0.2716549919,0.2655810040268206,0.265956798973225,0.006073987873179365,5.5917677418591125e-05
3026.246,0.2715204378,0.2656297766201644,0.266002720095611,0.00589066117983561,5.588708757655635e-05
3026.729,0.2717594209,0.26567986362374696,0.2660498758707099,0.006079557276253034,5.585646293900775e-05
3027.211,0.2719203494,0.26573105458024976,0.26609806861068436,0.006189294819750224,5.582593028137573e-05
3027.693,0.27183450600000003,0.26578344881608096,0.26614739229432494,0.006051057183919073,5.579542613443104e-05
3028.175,0.2717353859,0.26583704314439643,0.26619784439389627,0.005898342755603581,5.576495046367449e-05
3028.657,0.2720963556,0.2658918343116091,0.26624942232884824,0.006204521288390885,5.5734503234658126e-05
3029.139,0.2717250007,0.26594781899767866,0.26630212346595583,0.005777181702321332,5.570408441298422e-05
3029.621,0.2718007317,0.26600499381640663,0.26635594511946104,0.005795737883593388,5.567369396430496e-05
3030.103,0.2719604311,0.2660633553157371,0.26641088455121775,0.005897075784262906,5.5643331854325184e-05
3030.585,0.271967437,0.2661228999780616,0.2664669389708386,0.0058445370219383785,5.561299804879699e-05
3031.068,0.2721594388,0.2661837514280865,0.26652422529274933,0.005975687371913507,5.558262966833374e-05
3031.55,0.2720743235,0.26624565403878075,0.26658250340702844,0.005828669461219238,5.555235242771686e-05
3032.032,0.2719811453,0.2663087288616934,0.2666418878199052,0.005672416438306627,5.5522103389042365e-05
3032.514,0.2722128589,0.2663729721200287,0.26670237553344023,0.005839886779971326,5.549188251826353e-05
3032.996,0.2721877501,0.2664383799730424,0.2667639634982249,0.005749370126957587,5.546168978138545e-05
3033.478,0.27207078970000004,0.2665049485163767,0.2668266486135441,0.0055658411836233546,5.5431525144460196e-05
3033.96,0.2721045776,0.2665726737823979,0.26689042772753707,0.005531903817602102,5.540138857359054e-05
3034.442,0.2721201245,0.26664155174054327,0.2669552976373669,0.005478572759456735,5.537128003493026e-05
3034.925,0.2720818062,0.26671172477207583,0.2670213930587866,0.005370081427924167,5.5341137116001534e-05
3035.407,0.2722937742,0.26678289814281386,0.2670884369946983,0.005510876057186143,5.531108459839728e-05
3035.889,0.27217112849999997,0.2668552117311097,0.2671565618067533,0.005315916768890261,5.5281060011685564e-05
3036.371,0.2723924642,0.26692866125809156,0.2672257640898077,0.005463802941908458,5.5251063322216194e-05
3036.853,0.2724421621,0.26700324238374973,0.26729604038860705,0.005438919716250268,5.522109449638948e-05
3037.335,0.27235850370000003,0.2670789507073086,0.2673673871979646,0.00527955299269145,5.519115350065393e-05
3037.817,0.2725998089,0.26715578176760346,0.26743980096294606,0.005444027132396556,5.5161240301505795e-05
3038.299,0.2724930191,0.26723373104345943,0.26751327807905234,0.005259288056540579,5.513135486549197e-05
3038.781,0.2725797884,0.2673127939540769,0.2675878148924077,0.005266994445923101,5.510149715920764e-05
3039.264,0.2728557662,0.2673931333407208,0.26766356562660726,0.005462632859279226,5.5071605290075015e-05
3039.746,0.27275617220000004,0.26747441182805576,0.2677402128554137,0.005281760371944277,5.504180300058617e-05
3040.228,0.27283693540000004,0.2675567898439817,0.26781790851754694,0.005280145556018356,5.501202834083432e-05
3040.71,0.27284315729999997,0.267640262573007,0.2678966487634367,0.005202894726992979,5.49822812776092e-05
3041.192,0.2729592961,0.26772482514200113,0.2679764296951054,0.0052344709579988935,5.495256177774875e-05
3041.674,0.2730296729,0.26781047262060204,0.26805724736636793,0.005219200279397984,5.4922869808139563e-05
3042.156,0.2728834301,0.2678972000216296,0.2681390977830344,0.004986230078370402,5.4893205335715395e-05
3042.638,0.2731126806,0.26798500230150024,0.268221976903114,0.005127678298499749,5.4863568327459326e-05
3043.121,0.2732835963,0.2680740598509806,0.2683060557733815,0.005209536449019392,5.4833897348236436e-05
3043.603,0.2731183879,0.2681639987376525,0.2683909820969934,0.004954389162347472,5.480431522626573e-05
3044.085,0.2732520577,0.26825499702735894,0.2684769247045993,0.004997060672641052,5.4774760469630574e-05
3044.567,0.2732164321,0.2683470494550316,0.26856387936500253,0.00486938264496839,5.474523304550645e-05
3045.049,0.2732264861,0.26844015070133814,0.26865184180026536,0.004786335398661856,5.471573292111566e-05
3045.531,0.273320918,0.26853429539311774,0.2687408076859233,0.004786622606882285,5.468626006372688e-05
3046.013,0.2731268549,0.2686294781038232,0.268830772651207,0.0044973767961767885,5.4656814440658665e-05
3046.495,0.2732241234,0.26872569335396534,0.26892173227926375,0.004498430046034674,5.462739601927637e-05
3046.978,0.27331551319999997,0.2688231384226888,0.2690138739008502,0.004492374777311181,5.459794381751015e-05
3047.459,0.2732545725,0.2689211992925806,0.2691066176272169,0.004333373207419389,5.45686406512657e-05
3047.942,0.27342216480000003,0.26902068578738125,0.2692007301495633,0.004401479012618781,5.4539242802586705e-05
3048.424,0.2734319906,0.26912097744696284,0.26929562536761065,0.004311013153037169,5.450993291867513e-05
3048.906,0.2734234177,0.26922227345821936,0.2693914924711535,0.004201144241780641,5.448065007391753e-05
3049.388,0.2737102132,0.26932456803341054,0.2694883267715248,0.004385645166589458,5.445139423596251e-05
3049.87,0.2737924747,0.2694278553350532,0.26958612353558803,0.004364619364946809,5.442216537250406e-05
3050.352,0.2735880327,0.26953212947638727,0.2696848779859735,0.004055903223612711,5.439296345128575e-05
3050.834,0.27382919959999996,0.26963738452184727,0.2697845853013196,0.004191815078152694,5.4363788440095466e-05
3051.316,0.2739893417,0.26974361448753637,0.26988524061651487,0.004245727212463635,5.433464030677059e-05
3051.799,0.27395395829999997,0.26985103674891275,0.2699870507849322,0.004102921551087213,5.430545862946704e-05
3052.281,0.2739569325,0.2699592004036084,0.27008958927189053,0.0039977320963916485,5.427636421116208e-05
3052.763,0.2740058432,0.27006832072887355,0.2701930608929153,0.003937522471126442,5.424729657444253e-05
3053.245,0.2741195437,0.27017839155217865,0.2702974606102738,0.00394115214782137,5.4218255687328645e-05
3053.727,0.2740946485,0.27028940665506895,0.2704027833437246,0.003805241844931029,5.418924151789172e-05
3054.209,0.2741290884,0.27040135977365554,0.2705090239707747,0.003727728626344462,5.4160254034243256e-05
3054.691,0.27434834469999997,0.270514244599102,0.27061617732693277,0.0038341001008979636,5.413129320454587e-05
3055.173,0.27446124,0.2706280547781207,0.27072423820596897,0.0038331852218793094,5.4102358997005e-05
3055.656,0.2744864203,0.27074302289150765,0.27083342835905877,0.0037433974084923327,5.4073391433184174e-05
3056.138,0.2746810334,0.2708586664289306,0.270943290354946,0.003822366971069413,5.404451042983023e-05
3056.62,0.274404263,0.2709752159848039,0.2710540439960927,0.003429047015196085,5.4015655953464794e-05
3057.102,0.2746638896,0.2710926650329091,0.2711656839118458,0.0035712245670909137,5.3986827972475596e-05
3057.584,0.27457707330000003,0.2712110070050665,0.2712782046911299,0.003366066294933523,5.395802645530063e-05
3058.066,0.2746886236,0.27133023529164263,0.2713916008827173,0.003358388308357385,5.392925137042192e-05
3058.548,0.2745655408,0.2714503432420558,0.27150586699550017,0.003115197557944205,5.390050268636482e-05
3059.03,0.2744402803,0.27157132416528285,0.27162099749876134,0.00286895613471716,5.3871780371703936e-05
3059.512,0.2747404041,0.2716931713303687,0.2717369868224503,0.003047232769631314,5.3843084395055546e-05
3059.995,0.2747793497,0.27181613343372113,0.27185407265235445,0.0029632162662788786,5.381435527176564e-05
3060.477,0.2747908055,0.27193969449438815,0.27197176450332283,0.0028511110056118616,5.378571193166106e-05
3060.959,0.27481699,0.2720641013553229,0.2720902982194937,0.0027528886446770984,5.3757094835629286e-05
3061.441,0.2751314403,0.27218934713088194,0.2722096680761775,0.002942093169118032,5.3728503952471995e-05
3061.923,0.27502437230000004,0.2723154248980608,0.272329868310752,0.0027089474019392212,5.369993925103078e-05
3062.405,0.2750644033,0.27244232769700544,0.27245089312294224,0.0026220756029945447,5.36714007001957e-05
3062.887,0.27517703,0.2725700485315328,0.2725727366751086,0.002606981468467162,5.3642888268900944e-05
3063.369,0.2753645441,0.2726985803696521,0.2726953930925371,0.0026659637303478867,5.361440192612305e-05
3063.852,0.2753757212,0.272828185306332,0.27281911344650367,0.0025475358936679626,5.3585882621717395e-05
3064.334,0.2752414034,0.2729583195607994,0.27294337947908387,0.0022830838392005615,5.355744841705438e-05
3064.816,0.2755125107,0.27308924349839203,0.27306844052077406,0.0024232672016079593,5.3529040208049904e-05
3065.298,0.2754167815,0.27322094994902246,0.2731942905513932,0.002195831550977523,5.350065796385849e-05
3065.78,0.2754733813,0.27335343170940607,0.27332092351514947,0.002119949590593917,5.3472301653682914e-05
3066.262,0.2756916263,0.27348668154358424,0.2734483333209376,0.00220494475641575,5.344397124676814e-05
3066.744,0.2754049447,0.2736206921834492,0.27357651384263804,0.0017842525165507883,5.3415666712404526e-05
3067.226,0.2756566657,0.27375545632927145,0.273705458919419,0.0019012093707285738,5.3387388019925614e-05
3067.708,0.2756663298,0.2738909666502245,0.2738351623560384,0.0017753631497754996,5.33591351387096e-05
3068.191,0.2758563556,0.27402749922233627,0.27396588935534816,0.0018288563776637234,5.333084950250725e-05
3068.673,0.2757763424,0.274164481289087,0.274097092330704,0.0016118611109129932,5.33026482055193e-05
3069.155,0.2757597572,0.27430218734175027,0.2742290348636561,0.001457569858249741,5.327447262813012e-05
3069.637,0.2760057038,0.2744406099303232,0.2743617106243055,0.0015650938696767924,5.3246322739893036e-05
3070.119,0.2760078397,0.2745797415763432,0.27449511324987796,0.0014280981236567958,5.321819851040597e-05
3070.601,0.27606378930000003,0.27471957477341835,0.2746292363450357,0.0013442145265816774,5.319009990930897e-05
3071.083,0.2758198747,0.2748601019877517,0.2747640734821889,0.0009597727122483413,5.316202690628841e-05
3071.565,0.2760880028,0.2750013156586727,0.2748996182018113,0.0010866871413273138,5.3133979471072175e-05
3072.048,0.2762786492,0.27514350328243353,0.27503614740467425,0.0011351459175664713,5.310589946323963e-05
3072.53,0.276209861,0.2752860684643764,0.2751730892186979,0.0009237925356235799,5.3077903125878946e-05
3073.012,0.2762157341,0.2754292972490536,0.2753107190345209,0.0007864368509464259,5.304993226570624e-05
3073.494,0.2762681226,0.2755731819735252,0.27544903026797524,0.0006949406264747937,5.302198685262191e-05
3073.976,0.27638655889999997,0.2757177149506159,0.27558801630454566,0.0006688439493840459,5.2994066856571855e-05
3074.458,0.2762301137,0.27586288846944484,0.2757276704996951,0.0003672252305551571,5.296617224754407e-05
3074.94,0.2763941993,0.27600869479594914,0.2758679861791866,0.0003855045040508376,5.293830299556951e-05
3075.422,0.276546878,0.27615512617341403,0.2760089566394101,0.0003917518265859621,5.291045907072228e-05
3075.905,0.27626317629999997,0.276302480539427,0.27615086963099744,-3.9304239427051524e-05,5.288258275439943e-05
3076.386,0.2765835224,0.27644983294425185,0.27629283494269713,0.00013368945574815383,5.285484708291886e-05
3076.869,0.2766303278,0.2765984009285207,0.27643602635062836,3.192687147929307e-05,5.2827021376325495e-05
3077.351,0.2766243766,0.2767472557318031,0.27657954961676123,-0.00012287913180308863,5.2799278513850675e-05
3077.833,0.27681229009999997,0.2768966964647256,0.27672369370218736,-8.440636472561991e-05,5.27715608294521e-05
3078.315,0.2769609803,0.27704671524563873,0.2768684517338872,-8.573494563873796e-05,5.2743868293461104e-05
3078.797,0.2768342157,0.2771973041739099,0.2770138168117765,-0.0003630884739099227,5.271620087624917e-05
3079.279,0.2768357253,0.2773484553304455,0.27715978200904123,-0.0005127300304454963,5.26885585482325e-05
3079.761,0.2769376957,0.2775001607782104,0.27730634037247315,-0.0005624650782103946,5.26609412798681e-05
3080.243,0.27694382310000004,0.27765241256275,0.27745348492280836,-0.0007085894627499312,5.2633349041654475e-05
3080.726,0.2770927587,0.2778055202588082,0.27760151573301917,-0.0007127615588082281,5.260572463666333e-05
3081.208,0.2769969891,0.27795884187849107,0.27774981279653893,-0.0009618527784910902,5.257818242219648e-05
3081.69,0.27727998719999997,0.2781126858556141,0.2778986749415464,-0.0008326986556141391,5.2550665149571974e-05
3082.172,0.277142494,0.2782670441711819,0.27804809508788864,-0.001124550171181904,5.2523172789456725e-05
3082.654,0.2773626937,0.27842190879136264,0.27819806613105896,-0.001059215091362642,5.2495705312559745e-05
3083.136,0.2772888682,0.27857727166799784,0.27834858094253634,-0.0012884034679978562,5.246826268963319e-05
3083.618,0.2776119251,0.2787331247391176,0.27849963237013314,-0.0011211996391176093,5.2440844891471245e-05
3084.1,0.2775549923,0.2788894599294508,0.27865121323834063,-0.0013344676294507751,5.241345188890687e-05
3084.583,0.27762180529999997,0.2790465949684045,0.2788036324531552,-0.0014247896684045358,5.238602689796932e-05
3085.065,0.27751662369999996,0.2792038710789193,0.27895625164548543,-0.0016872473789193432,5.235868345056443e-05
3085.547,0.2777367387,0.2793616049912637,0.2791093786003821,-0.001624866291263738,5.233136471145168e-05
3086.029,0.2779271098,0.27951978858201365,0.279263006052475,-0.0015926787820136346,5.23040706516321e-05
3086.511,0.2779482337,0.27967841371697677,0.2794171267148151,-0.001730180016976779,5.227680124214719e-05
3086.993,0.2779549716,0.27983747225169275,0.27957173327922313,-0.0018825006516927645,5.224955645407977e-05
3087.475,0.2779493521,0.2799969560319349,0.27972681841664304,-0.002047603931934927,5.222233625855606e-05
3087.957,0.2780617081,0.2801568568942075,0.2798823747774944,-0.0020951487942074687,5.219514062674079e-05
3088.439,0.27800870639999997,0.2803171666662454,0.28003839499202676,-0.0023084602662454268,5.216796952984033e-05
3088.922,0.2782953345,0.2804782110026598,0.280195196780441,-0.002182876502659803,5.214076664383008e-05
3089.404,0.2782368702,0.28063931485070215,0.28035212343810734,-0.0024024446507021624,5.211364458129854e-05
3089.886,0.2783226814,0.2808008030270176,0.280509491707296,-0.0024781216270176043,5.208654696748854e-05
3090.368,0.2784100033,0.28096266732917646,0.2806672941410879,-0.002552664029176477,5.205947377377037e-05
3090.85,0.27829990039999997,0.2811248995484383,0.28082552327417387,-0.002824999148438312,5.203242497155494e-05
3091.332,0.2783931382,0.28128749147023685,0.280984171623215,-0.002894353270236849,5.200540053229487e-05
3091.814,0.27840481310000004,0.2814504348746639,0.28114323168719857,-0.003045621774663887,5.19784004274816e-05
3092.296,0.2787836367,0.2816137215369531,0.28130269594780066,-0.002830084836953073,5.195142462864769e-05
3092.779,0.2787637649,0.2817776830345983,0.28146288893850124,-0.003013918134598337,5.192441721656416e-05
3093.261,0.2786680863,0.2819416321907124,0.28162313976934183,-0.0032735458907123816,5.189748999472993e-05
3093.743,0.2788754371,0.2821058998889342,0.28178377212584527,-0.0032304627889341853,5.187058699365621e-05
3094.225,0.27885332890000003,0.28227047788983606,0.28194477842401766,-0.0034171489898360274,5.18437081850389e-05
3094.707,0.2791090858,0.282435357951514,0.28210615106436365,-0.003326272151513987,5.1816853540610674e-05
3095.189,0.2790598325,0.2826005318300537,0.2822678824322479,-0.003540699330053687,5.179002303214699e-05
3095.671,0.279206398,0.2827659912800018,0.2824299648982611,-0.0035595932800017716,5.176321663146186e-05
3096.153,0.2791981342,0.2829317280548296,0.2825923908185863,-0.0037335938548295755,5.173643431040998e-05
3096.635,0.279316674,0.2830977339073956,0.282755152535361,-0.003781059907395634,5.17096760408853e-05
3097.118,0.2794134909,0.2832643458074411,0.2829185810734679,-0.0038508549074410814,5.1682886354533915e-05
3097.6,0.2793015731,0.2834308655893691,0.2830819920120262,-0.004129292489369107,5.165617615365953e-05
3098.082,0.279329125,0.28359762969142366,0.28324571567686363,-0.004268504691423647,5.162948992017631e-05
3098.564,0.2797230761,0.2837646298686004,0.28340974435758265,-0.004041553768600381,5.1602827626137435e-05
3099.046,0.2796760567,0.2839318578775626,0.2835740703315768,-0.004255801177562579,5.157618924363485e-05
3099.528,0.2797061389,0.28409930547709095,0.2837386858644006,-0.0043931665770909345,5.154957474480266e-05
3100.01,0.2795579575,0.2842669644285303,0.2839035832101382,-0.004709006928530268,5.15229841018114e-05
3100.492,0.2797794756,0.28443482649623253,0.28406875461177195,-0.004655350896232535,5.149641728687217e-05
3100.975,0.27998496889999996,0.2846032323107456,0.2842345358046853,-0.0046182634107456155,5.1469819228462545e-05
3101.457,0.2798523186,0.2847714762969657,0.28440023253273755,-0.004919157696965715,5.144330003571121e-05
3101.939,0.2800622031,0.2849398986978925,0.2845661799665557,-0.004877695597892473,5.1416804587823914e-05
3102.421,0.2800739158,0.28510849129430627,0.2847323703083978,-0.005034575494306248,5.139033285716935e-05
3102.903,0.2802076288,0.28527724587217707,0.28489879575127397,-0.005069617072177068,5.136388481615469e-05
3103.385,0.2800140908,0.2854461542230934,0.28506544847931714,-0.005432063423093381,5.133746043722534e-05
3103.867,0.2802129407,0.2856152081446864,0.2852323206681536,-0.0054022674446863594,5.131105969286627e-05
3104.349,0.2803121131,0.2857843994410555,0.28539940448527834,-0.00547228634105551,5.128468255560288e-05
3104.832,0.2802346379,0.285954071339106,0.2855670393665385,-0.00571943343910597,5.12582743470576e-05
3105.313,0.2803345788,0.28612316140937577,0.28573417563593617,-0.005788582609375759,5.12319989926489e-05
3105.796,0.2805346392,0.28629306760969275,0.28590219532365946,-0.005758428409692762,5.120563795887531e-05
3106.278,0.2804091776,0.28646272679882717,0.2860700475449807,-0.006053549198827168,5.117935502472644e-05
3106.76,0.2804861603,0.28663248247795037,0.28623807210677066,-0.0061463221779503585,5.115309556081608e-05
3107.242,0.2805739958,0.2868023264987191,0.2864062611355376,-0.006228330698719142,5.1126859539900584e-05
3107.724,0.28058241500000003,0.28697225072214627,0.2865746067522688,-0.006389835722146242,5.110064693477288e-05
3108.206,0.2804761403,0.28714224701899804,0.28674310107280115,-0.006666106718998033,5.107445771826656e-05
3108.688,0.28076722239999996,0.2873123072701971,0.28691173620819915,-0.006545084870197115,5.1048291863251696e-05
3109.17,0.28064401159999997,0.28748242336721364,0.287080504265124,-0.00683841176721367,5.102214934263851e-05
3109.653,0.280728663,0.2876529402935084,0.2872497478712767,-0.0069242772935084185,5.099597596434292e-05
3110.135,0.2809595295,0.2878231438746254,0.2874187583102886,-0.006863614374625349,5.096988007968258e-05
3110.617,0.2810949409,0.2879933790264476,0.2875878779517471,-0.006898438126447637,5.09438074483236e-05
3111.099,0.2811299967,0.2881636376865717,0.2877570988884454,-0.007033640986571721,5.091775804332665e-05
3111.581,0.2808652299,0.2883339118050792,0.28792641321064655,-0.007468681905079211,5.0891731837791185e-05
3112.063,0.2809461399,0.28850419334491595,0.28809581300645704,-0.0075580534449159464,5.086572880485466e-05
3112.545,0.2812074669,0.2886744742822686,0.28826529036220216,-0.007467007382268631,5.0839748917692305e-05
3113.027,0.2813186631,0.2888447466069361,0.28843483736279973,-0.007526083506936121,5.081379214951663e-05
3113.51,0.2814866467,0.28901535552752133,0.28860479803613825,-0.007528708827521324,5.078780469325596e-05
3113.992,0.2815727209,0.2891855865932046,0.2887744606808428,-0.0076128656932045735,5.076189413066779e-05
3114.474,0.2816744978,0.28935578508444293,0.2889441692040179,-0.00768128728444295,5.073600660687442e-05
3114.956,0.2815838866,0.289525943049183,0.2891139156886876,-0.007942056449183,5.0710142095239276e-05
3115.438,0.2818195442,0.28969605255080544,0.28928369221833944,-0.007876508350805445,5.068430056916205e-05
3115.92,0.2818661839,0.2898661056684776,0.28945349087729555,-0.00799992176847758,5.0658482002081364e-05
3116.402,0.28172166579999997,0.2900360944975053,0.28962330375108647,-0.008314428697505316,5.063268636747148e-05
3116.884,0.2818854519,0.2902060111496823,0.2897931229268238,-0.008320559249682336,5.0606913638845565e-05
3117.366,0.282091581,0.29037584775363723,0.28996294049357485,-0.008284266753637248,5.058116378975183e-05
3117.849,0.2819740823,0.29054594853408966,0.29013310082621085,-0.008571866234089676,5.055538344200585e-05
3118.331,0.2820380237,0.29071560128976764,0.29030289140750365,-0.008677577589767671,5.05296793201063e-05
3118.813,0.2820069634,0.290885150471323,0.2904726566460693,-0.00887818707132304,5.050399799855533e-05
3119.295,0.2822418385,0.2910545882781565,0.29064238864252334,-0.008812749778156492,5.0478339451051517e-05
3119.777,0.2820350078,0.29122390692818967,0.29081207950129795,-0.009188899128189654,5.045270365132915e-05
3120.259,0.28230620510000004,0.2913930986581908,0.29098172133101297,-0.009086893558190756,5.0427090573158596e-05
3120.741,0.2821677648,0.29156215572410127,0.2911513062448459,-0.00939439092410127,5.0401500190349176e-05
3121.223,0.2824075745,0.29173107040135665,0.2913208263609043,-0.009323495901356671,5.0375932476744614e-05
3121.706,0.2823077812,0.29190018495784176,0.29149062527229785,-0.009592403757841761,5.035033443167419e-05
3122.188,0.28251226209999997,0.2920687914283506,0.2916599919934128,-0.00955652932835066,5.0324812025056186e-05
3122.67,0.2826555225,0.2922372324407739,0.2918292702880401,-0.009581709940773897,5.0299312209342906e-05
3123.152,0.2825433499,0.29240550035172896,0.29199845229771704,-0.009862150451728946,5.0273834958525386e-05
3123.634,0.28262125520000003,0.2925735875388927,0.29216753017075825,-0.009952332338892644,5.0248380246631054e-05
3124.116,0.2827092578,0.29274148640130593,0.2923364960626248,-0.010032228601305926,5.022294804772315e-05
3124.598,0.2825870733,0.2929091893596746,0.2925053421362912,-0.010322116059674591,5.0197538335901756e-05
3125.08,0.2829441267,0.2930766888566676,0.2926740605626137,-0.01013256215666758,5.01721510853023e-05
3125.562,0.2828936669,0.29324397735721086,0.2928426435206961,-0.010350310457210854,5.0146786270097625e-05
3126.045,0.2830903327,0.29341139373468184,0.2930114325038152,-0.010321061034681833,5.0121391310167534e-05
3126.527,0.28317306999999997,0.29357823725094745,0.2931797207759978,-0.010405167250947478,5.00960713348264e-05
3127.009,0.2830574712,0.29374484728652894,0.2933478501542442,-0.010687376086528921,5.0070773717559185e-05
3127.491,0.2831549616,0.2939112163983224,0.29351581285433026,-0.010756254798322429,5.004549843268231e-05
3127.973,0.283291293,0.2940773371669132,0.29368360110210756,-0.0107860441669132,5.002024545454857e-05
3128.455,0.2833277408,0.2942432021968522,0.2938512071338674,-0.010915461396852177,4.9995014757545065e-05
3128.937,0.28353186529999996,0.29440880411692927,0.2940186231967026,-0.010876938816929305,4.996980631609666e-05
3129.419,0.2834504167,0.29457413558044676,0.29418584154887145,-0.011123718880446776,4.994462010466115e-05
3129.902,0.283441646,0.294739531406699,0.294353200741061,-0.011297885406699015,4.991940391331558e-05
3130.384,0.2835225033,0.29490429941737145,0.2945200000428812,-0.011381796117371445,4.98942621314157e-05
3130.866,0.2836130616,0.29506877506606033,0.2946865784634336,-0.011455713466060335,4.9869142503069064e-05
3131.348,0.28355421589999996,0.2952329511068166,0.2948529283092709,-0.011678735206816615,4.984404500287706e-05
3131.83,0.28362774749999997,0.2953968203195151,0.29501904189991407,-0.011769072819515114,4.9818969605475394e-05
3132.312,0.2836318722,0.29556037551010605,0.2951849115682079,-0.011928503310106031,4.979391628553737e-05
3132.794,0.2836891973,0.2957236095108682,0.2953505296606813,-0.012034412210868206,4.976888501776972e-05
3133.276,0.2838409694,0.29588651518065523,0.2955158885379026,-0.012045545780655253,4.974387577691578e-05
3133.759,0.28395399720000003,0.29604942233414877,0.2956813228067739,-0.01209542513414874,4.971883671986142e-05
3134.24,0.2838730526,0.29621131309706045,0.2958457981611953,-0.012338260497060438,4.969392327509535e-05
3134.723,0.2836796878,0.29637352667484806,0.2960106747633985,-0.01269383887484804,4.966892823698295e-05
3135.205,0.28383381539999997,0.2965350474021101,0.29617492006978086,-0.012701232002110152,4.964400689737708e-05
3135.687,0.2839691593,0.29669620448526135,0.2963388681711039,-0.012727045185261354,4.9619107458873526e-05
3136.169,0.28391849010000003,0.2968569909477091,0.2965025115196571,-0.012938500847709089,4.959422989642403e-05
3136.651,0.2842220707,0.2970173998410894,0.2966658425842432,-0.012795329141089384,4.956937418501687e-05
3137.133,0.2841774783,0.2971774242454941,0.2968288538505316,-0.012999945945494085,4.9544540299674425e-05
3137.615,0.2842140557,0.2973370572696923,0.29699153782140575,-0.01312300156969226,4.9519728215453695e-05
3138.097,0.2842545971,0.2974962920513502,0.2971538870173123,-0.013241694951350191,4.9494937907447376e-05
3138.58,0.2842801631,0.2976554508536583,0.2973162297297106,-0.013375287753658316,4.9470117986326796e-05
3139.062,0.2844103335,0.29781386781832664,0.29747788627580685,-0.013403534318326638,4.9445371201211965e-05
3139.544,0.2843424021,0.2979718661149624,0.2976391857017364,-0.0136294640149624,4.942064611774192e-05
3140.026,0.2843855352,0.2981294389990199,0.29780012060170047,-0.013743903799019908,4.939594271114729e-05
3140.508,0.284358085,0.298286579755907,0.29796068358919203,-0.013928494755907017,4.937126095669197e-05
3140.99,0.2844007279,0.298443281701187,0.2981208672973358,-0.014042553801187019,4.9346600829674714e-05
3141.472,0.28466022150000003,0.2985995381807801,0.2982806643792314,-0.013939316680780078,4.932196230542872e-05
3141.954,0.2845018541,0.2987553425711605,0.2984400675082937,-0.01425348847116048,4.9297345359321056e-05
3142.437,0.2845243617,0.29891101009219684,0.29859939883582587,-0.014386648392196832,4.9272698961354424e-05
3142.919,0.2847761015,0.29906588958472813,0.2987579913072612,-0.014289788084728139,4.924812514240027e-05
3143.401,0.2849104194,0.29922029728921373,0.2989161679563356,-0.014309877889213729,4.922357282783974e-05
3143.883,0.2849106142,0.299374226706333,0.2990739215411502,-0.01446361250633299,4.9199041993176014e-05
3144.365,0.2847786875,0.29952767136826797,0.2992312448418072,-0.01474898386826795,4.9174532613945136e-05
3144.847,0.2848616565,0.29968062483888575,0.2993881306607432,-0.01481896833888574,4.915004466571992e-05
3145.329,0.2849967311,0.29983308071391745,0.29954457182306216,-0.014836349613917443,4.912557812410432e-05
3145.811,0.28502972249999997,0.29998503262113524,0.29970056117686655,-0.014955310121135268,4.910113296473772e-05
3146.293,0.2853008602,0.3001364742205265,0.29985609159358784,-0.014835614020526466,4.907670916329202e-05
3146.776,0.285273962,0.3002877117854597,0.3000114771892709,-0.015013749785459718,4.905225609010658e-05
3147.258,0.2854368976,0.30043811278754073,0.3001660674521528,-0.015001215187540717,4.9027874975840205e-05
3147.74,0.285353586,0.3005879846438356,0.30032017752088824,-0.015234398643835634,4.900351514666422e-05
3148.222,0.2852959568,0.30073732114495333,0.30047380036355376,-0.015441364344953357,4.897917657838435e-05
3148.704,0.28537980279999997,0.3008861161145501,0.30062692897318744,-0.015506313314550102,4.895485924684206e-05
3149.186,0.2855164632,0.3010343634094918,0.3007795563681127,-0.015517900209491786,4.893056312791034e-05
3149.668,0.285575721,0.30118205692000993,0.3009316755922601,-0.015606335920009928,4.8906288197495676e-05
3150.15,0.2855853823,0.3013291905698546,0.3010832797154856,-0.015743808269854553,4.888203443153934e-05
3150.633,0.285593488,0.30147606180648134,0.30123467473487253,-0.015882573806481337,4.885775155281629e-05
3151.115,0.28548759100000004,0.3016220564483066,0.30138522686672903,-0.016134465448306545,4.8833540087513894e-05
3151.597,0.2856194422,0.30176747319097874,0.3015352432517927,-0.016148030990978723,4.880934971463915e-05
3152.079,0.2856039954,0.3019123060938942,0.30168471706685784,-0.016308310693894212,4.8785180410265626e-05
3152.561,0.2857365255,0.30205654925070935,0.3018336415162293,-0.016320023750709345,4.876103215049767e-05
3153.043,0.2858095229,0.302200196789476,0.3019820098320299,-0.016390673889476015,4.8736904911475385e-05
3153.525,0.2858867432,0.3023432428727832,0.3021298152745153,-0.016456499672783176,4.871279866937021e-05
3154.007,0.2858548326,0.30248568169789075,0.30227705113238007,-0.016630849097890754,4.8688713400385944e-05
3154.49,0.2860610287,0.30262780110003706,0.3024240143924276,-0.016566772400037066,4.866459917654719e-05
3154.972,0.2859713271,0.30276900685020836,0.3025700898461578,-0.01679767975020835,4.8640555825939963e-05
3155.454,0.2860621104,0.30290958813152896,0.3027155757413502,-0.016847477731528948,4.861653337721547e-05
3155.936,0.2862841341,0.30304953928133194,0.3028604654835847,-0.01676540518133196,4.859253180670877e-05
3156.418,0.2862385179,0.3031888546722694,0.30300475250840675,-0.016950336772269425,4.8568551090788075e-05
3156.9,0.2863841246,0.30332752871243374,0.3031484302816265,-0.016943404112433724,4.8544591205852863e-05
3157.382,0.2861603612,0.30346555584547763,0.30329149229961844,-0.01730519464547764,4.8520652128338224e-05
3157.864,0.286290511,0.3036029305507355,0.3034339320896192,-0.01731241955073548,4.849673383470748e-05
3158.346,0.2865142857,0.3037396473433359,0.3035757432100217,-0.017225361643335935,4.8472836301459866e-05
3158.829,0.2864184431,0.303875982349525,0.3037172114824278,-0.017457539249525034,4.8448909989742475e-05
3159.311,0.28669429550000003,0.3040113656128537,0.3038577447274804,-0.01731707011285366,4.842505394983255e-05
3159.793,0.2864503701,0.30414607471370647,0.3039976301548615,-0.017695704613706453,4.8401218599943166e-05
3160.275,0.2864820423,0.30428010431159497,0.30413686145058766,-0.01779806201159495,4.837740391670229e-05
3160.757,0.2864831146,0.3044134491023801,0.30427543233329046,-0.01793033450238013,4.8353609876768e-05
3161.239,0.28654143990000003,0.3045461038183727,0.3044133365544993,-0.018004663918372688,4.832983645683186e-05
3161.721,0.28656444319999996,0.3046780632284386,0.3045505678989283,-0.018113620028438637,4.8306083633616865e-05
3162.203,0.28651017,0.30480932213809864,0.3046871201847597,-0.01829915213809863,4.8282351383878127e-05
3162.686,0.2864848371,0.30494014550990617,0.3048232684293135,-0.018455308409906168,4.8258590511350394e-05
3163.167,0.2865639491,0.30506971786214254,0.3049581630223782,-0.01850576876214255,4.823494851200754e-05
3163.65,0.2866567175,0.30519911162160146,0.3050929196519857,-0.01854239412160147,4.8211228755571895e-05
3164.132,0.2864710855,0.3053275158204506,0.30522669309870676,-0.01885643032045059,4.818757861039166e-05
3164.614,0.28647865419999996,0.3054551940893361,0.3053597570771005,-0.01897653988933612,4.816394892289116e-05
3165.096,0.2866402393,0.3055821414557837,0.30549210561207385,-0.01894190215578373,4.81403396700175e-05
3165.578,0.286624663,0.3057083529846232,0.30562373276393434,-0.019083689984623176,4.8116750828747284e-05
3166.06,0.2867481088,0.30583382377807466,0.30575463262866065,-0.019085714978074653,4.8093182376090035e-05
3166.542,0.2866945372,0.30595854897583247,0.3058847993381707,-0.01926401177583248,4.806963428908534e-05
3167.024,0.2868905569,0.3060825237551458,0.3060142270605848,-0.019191966855145792,4.804610654480453e-05
3167.507,0.28699522730000004,0.3062059981848426,0.3061431761993465,-0.019210770884842576,4.802255037086861e-05
3167.989,0.2871170803,0.3063284562280691,0.30627110703496757,-0.019211375928069097,4.799906328546489e-05
3168.471,0.2871289907,0.30645014960099826,0.3063982815958802,-0.01932115890099828,4.797559647414198e-05
3168.953,0.2872883463,0.306571073631968,0.30652469419772144,-0.019282727331968008,4.795214991409666e-05
3169.435,0.2871524639,0.30669122368725626,0.3066503391936344,-0.019538759787256277,4.792872358255834e-05
3169.917,0.2872450451,0.3068105951711553,0.3067752109745253,-0.01956555007115529,4.790531745678533e-05
3170.399,0.2872784965,0.30692918352603815,0.3068993039693132,-0.01965068702603817,4.788193151406936e-05
3170.881,0.287446817,0.30704698423243193,0.30702261264518443,-0.01960016723243191,4.785856573173106e-05
3171.364,0.28729764809999997,0.3071642347389597,0.3071453848715513,-0.019866586638959738,4.783517167309381e-05
3171.846,0.28742652339999997,0.3072804450856631,0.3072671068098739,-0.019853921685663134,4.7811846185310136e-05
3172.328,0.28740442720000003,0.30739585444593265,0.3073880280517173,-0.019991427245932614,4.778854079000872e-05
3172.81,0.287503129,0.3075104584536391,0.3075081432198867,-0.02000732945363909,4.776525546463443e-05
3173.292,0.28738417110000003,0.3076242527811255,0.3076274469766808,-0.020240081681125455,4.7741990186664415e-05
3173.774,0.2873369296,0.30773723313926765,0.3077459340241314,-0.02040030353926764,4.7718744933604175e-05
3174.256,0.2872212587,0.3078493952775315,0.30786359910424255,-0.02062813657753154,4.769551968299277e-05
3174.738,0.2873494191,0.3079607349840311,0.30798043699922495,-0.02061131588403109,4.76723144123975e-05
3175.22,0.2872121587,0.3080712480855827,0.3080964425317311,-0.02085908938558273,4.764912909941851e-05
3175.703,0.2873533562,0.3081811571381296,0.3082118486287955,-0.02082780093812958,4.762591568144123e-05
3176.185,0.2874378747,0.3082900029290624,0.3083261723138382,-0.020852128229062405,4.760277025790184e-05
3176.667,0.2873284272,0.3083980098198706,0.30843964833887483,-0.021069582619870575,4.7579644724911824e-05
3177.149,0.2873021708,0.30850517379278974,0.30855227169070887,-0.021203002992789766,4.755653906019108e-05
3177.631,0.287468735,0.30861149086901296,0.3086640373977245,-0.021142755869012986,4.753345324149253e-05
3178.113,0.2873898279,0.3087169571087407,0.30877494053011023,-0.02132712920874069,4.751038724659647e-05
3178.595,0.2876773146,0.3088215686112251,0.3088849762000769,-0.021144254011225105,4.7487341053315466e-05
3179.077,0.2875804822,0.3089253215148159,0.3089941395620776,-0.0213448393148159,4.746431463949113e-05
3179.56,0.287688453,0.30902842456361745,0.3091026495582294,-0.021339971563617444,4.744126027186631e-05
3180.042,0.287674004,0.3091304470400618,0.30921005210316976,-0.021456443040061834,4.7418273391523896e-05
3180.524,0.2877734215,0.3092315995599434,0.30931656804935387,-0.021458178059943378,4.7395306224300436e-05
3181.006,0.2877918735,0.3093318784185036,0.30942219272242655,-0.021540004918503608,4.7372358748156405e-05
3181.488,0.2877942185,0.30943127995028485,0.3095269214913321,-0.021637061450284878,4.734943094108635e-05
3181.97,0.2876810673,0.30952980052916923,0.3096307497685197,-0.021848733229169248,4.732652278111145e-05
3182.452,0.2877317785,0.3096274365684154,0.3097336730101482,-0.021895658068415425,4.730363424628427e-05
3182.934,0.2877386864,0.3097241845206914,0.3098356867162854,-0.021985498120691394,4.728076531468768e-05
3183.417,0.28755948119999997,0.30982023882099957,0.309936995228395,-0.022260757620999605,4.725786857948132e-05
3183.899,0.2878199701,0.3099151982545997,0.31003717463043157,-0.02209522815459969,4.723503882926671e-05
3184.381,0.2877382933,0.3100092591889634,0.3101364312536057,-0.02227096588896338,4.721222861666226e-05
3184.863,0.28771280860000004,0.31010241823481477,0.3102347607756871,-0.022389609634814733,4.7189437919867996e-05
3185.345,0.2877816051,0.31019467204244755,0.3103321589193292,-0.022413066942447546,4.716666671711517e-05
3185.827,0.2878806861,0.3102860173017546,0.31042862145225747,-0.022405331201754586,4.7143914986664193e-05
3186.309,0.28773168600000004,0.3103764507422556,0.31052414418745644,-0.022644764742255574,4.712118270680401e-05
3186.791,0.28792905820000003,0.31046596913312274,0.3106187229833521,-0.02253691093312271,4.709846985585468e-05
3187.273,0.2881521253,0.31055456928320874,0.31071235374399564,-0.02240244398320873,4.707577641216341e-05
3187.756,0.2881293359,0.3106424289872554,0.3108052237061748,-0.02251309308725541,4.705305533263178e-05
3188.238,0.28819824839999997,0.31072918131990745,0.31089694430413917,-0.022530932919907487,4.703040067877407e-05
3188.72,0.2879859618,0.3108150060703179,0.3109877048463685,-0.0228290442703179,4.700776536735213e-05
3189.202,0.2879093906,0.31089990020637576,0.3110775014212807,-0.022990509606375775,4.698514937683198e-05
3189.684,0.2882320441,0.3109838607357623,0.3111663301637921,-0.022751816635762312,4.696255268570859e-05
3190.166,0.28818796890000004,0.3110668847059733,0.3112541872554885,-0.022878915805973288,4.693997527250583e-05
3190.648,0.2880627206,0.3111489692043366,0.31134106892479024,-0.023086248604336612,4.691741711577722e-05
3191.13,0.2880303566,0.31123011135803164,0.3114269714471163,-0.023199754758031654,4.689487819410457e-05
3191.613,0.2882135658,0.311310473733421,0.311512066302823,-0.023096907933421007,4.68723117846716e-05
3192.094,0.2882038335,0.31138955733949514,0.3115958243884789,-0.02318572383949513,4.68498579704025e-05
3192.577,0.288274707,0.31146801707543614,0.3116789386445308,-0.023193310075436124,4.682733000380068e-05
3193.059,0.2882718072,0.3115453599389947,0.31176088621373543,-0.023273552738994674,4.680486784846202e-05
3193.541,0.28819534059999996,0.3116217466866302,0.31184183671643384,-0.023426406086630214,4.678242482148054e-05
3194.023,0.2879419228,0.311697174685052,0.31192178671345394,-0.023755251885051953,4.676000090161185e-05
3194.505,0.2882950036,0.3117716413409269,0.3120007328137047,-0.023476637740926898,4.673759606764e-05
3194.987,0.2883231863,0.31184514410088987,0.31207867167432474,-0.023521957800889892,4.6715210298378554e-05
3195.469,0.2883921778,0.3119176804515573,0.31215560000082504,-0.02352550265155734,4.6692843572668254e-05
3195.951,0.2883041816,0.31198924791953586,0.3122315145472291,-0.023685066319535875,4.667049586937984e-05
3196.434,0.2883317288,0.31205998952513164,0.31230656644602306,-0.023728260725131622,4.664812086204123e-05
3196.916,0.2884105359,0.3121296099449614,0.31238044176936786,-0.02371907404496143,4.662581117967697e-05
3197.398,0.2883770207,0.31219825429712295,0.31245329386076337,-0.02382123359712296,4.660352045647285e-05
3197.88,0.2883282032,0.31226592026836186,0.3125251196697527,-0.02393771706836184,4.658124867141169e-05
3198.362,0.2884208438,0.3123326055854567,0.312595916195062,-0.02391176178545673,4.6558995803507216e-05
3198.844,0.2885467452,0.31239830801522656,0.3126656804847292,-0.023851562815226546,4.6536761831799254e-05
3199.326,0.2885523754,0.3124630253645358,0.3127344096362279,-0.02391064996453579,4.651454673535742e-05
3199.808,0.2883879324,0.31252675548029996,0.3128021007965889,-0.024138823080299965,4.6492350493278946e-05
3200.291,0.28851408230000003,0.3125896253871937,0.3128688883574685,-0.024075543087193674,4.647012709303033e-05
3200.773,0.2883602075,0.3126513726778269,0.3129344930076138,-0.024291165177826868,4.644796853609069e-05
3201.255,0.28844560999999996,0.3127121265118348,0.3129990514006947,-0.024266516511834813,4.642582877093247e-05
3201.737,0.28858408059999996,0.3127718848964606,0.3130625608832549,-0.024187804296460613,4.640370777676413e-05
3202.219,0.2884459892,0.31283064587901577,0.3131250188519724,-0.024384656679015793,4.638160553282409e-05
3202.701,0.2884412485,0.31288840754688085,0.3131864227537672,-0.02444715904688083,4.63595220183779e-05
3203.183,0.2885660611,0.3129451680275087,0.31324677008590796,-0.02437910692750872,4.6337457212719427e-05
3203.665,0.2887451146,0.3130009254884232,0.3133060583961148,-0.024255810888423157,4.631541109516999e-05
3204.147,0.2886009102,0.31305567813722107,0.3133642852826609,-0.024454767937221067,4.629338364507838e-05
3204.63,0.2885104865,0.3131095346804534,0.3134215658827418,-0.024599048180453387,4.6271329199774216e-05
3205.112,0.2884821673,0.3131622703944784,0.31347766070535266,-0.024680103094478434,4.624933906138101e-05
3205.594,0.2883863834,0.3132139961561725,0.3135326871987933,-0.024827612756172512,4.6227367528617745e-05
3206.076,0.288330699,0.3132647103334938,0.31358664316461254,-0.024934011333493766,4.62054145809455e-05
3206.558,0.28853567550000003,0.3133144113344654,0.3136395264553803,-0.024778735834465382,4.618348019785115e-05
3207.04,0.2885883462,0.31336309760717285,0.31369133497477364,-0.024774751407172835,4.616156435885022e-05
3207.522,0.2885998552,0.31341076763976006,0.313742066677661,-0.02481091243976008,4.6139667043486344e-05
3208.004,0.2885581869,0.3134574199604266,0.31379171957018437,-0.024899233060426573,4.611778823132881e-05
3208.487,0.2885323058,0.313503146751695,0.31384039135715114,-0.024970840951694995,4.609588256779505e-05
3208.969,0.2885347294,0.3135477572746054,0.31388787860477585,-0.025013027874605354,4.607404073915546e-05
3209.451,0.28856016,0.3135913459077174,0.3139342813651147,-0.025031185907717413,4.605221735255659e-05
3209.933,0.28858528299999997,0.31363391133948815,0.31397959785027496,-0.025048628339488177,4.603041238767829e-05
3210.415,0.2887102836,0.3136754522984041,0.31402382632400816,-0.024965168698404094,4.600862582422733e-05
3210.897,0.28872262460000003,0.3137159675529763,0.3140669651017779,-0.024993342952976283,4.5986857641938265e-05
3211.379,0.2885493265,0.3137554559117317,0.31410901255082213,-0.025206129411731726,4.596510782057289e-05
3211.861,0.28843678489999997,0.31379391622320774,0.3141499670902178,-0.02535713132320777,4.594337633992012e-05
3212.344,0.2883631097,0.3138314239633805,0.31418990874954483,-0.025468314263380476,4.5921618150775456e-05
3212.826,0.2886040896,0.31386782274741876,0.3142286706593367,-0.025263733147418754,4.589992332896855e-05
3213.308,0.2885808645,0.31390319026767416,0.314266335225418,-0.02532232576767418,4.5878246787360394e-05
3213.79,0.2884795814,0.31393752553272825,0.3143029010748959,-0.025457944132728227,4.585658850584935e-05
3214.272,0.2882748871,0.3139708275911314,0.31433836688698896,-0.025695940491131386,4.583494846435733e-05
3214.754,0.28832764229999996,0.3140030955313936,0.3143727313930742,-0.02567545323139364,4.581332664283636e-05
3215.236,0.288470844,0.3140343284819743,0.3144059933767317,-0.02556348448197432,4.5791723021263455e-05
3215.718,0.2882075658,0.31406452561127374,0.31443815167378797,-0.025856959811273728,4.5770137579642534e-05
3216.2,0.2882624385,0.31409368612762134,0.314469205172355,-0.025831247627621345,4.5748570298005716e-05
3216.683,0.2882667031,0.3141218665472154,0.3144992137946583,-0.02585516344721539,4.57269764674899e-05
3217.165,0.2882505687,0.3141489494679145,0.3145280522724972,-0.02589838076791451,4.57054454835933e-05
3217.647,0.2882931311,0.3141749936387675,0.3145557829283314,-0.02588186253876751,4.568393259989201e-05
3218.129,0.2883642919,0.31419999842779534,0.3145824048598742,-0.02583570652779532,4.566243779652448e-05
3218.611,0.2882903019,0.3142239632428924,0.314607917217286,-0.025933661342892433,4.5640961053653715e-05
3219.093,0.28823235140000003,0.31424688753181407,0.3146323192032017,-0.026014536131814037,4.56195023514719e-05
3219.575,0.2881965909,0.3142687707821632,0.31465561007275056,-0.026072179882163204,4.559806167019643e-05
3220.057,0.2883816149,0.31428961252137977,0.3146777891335797,-0.02590799762137974,4.5576638990069027e-05
3220.54,0.2883671862,0.3143094523117621,0.3146988982957303,-0.02594226611176209,4.5555189901951233e-05
3221.021,0.288298882,0.31432816977526934,0.3147188093223463,-0.02602928777526936,4.553384755436991e-05
3221.504,0.288406488,0.31434592021241325,0.3147376872575563,-0.025939432212413238,4.551243444445498e-05
3221.986,0.2885137348,0.31436258981352827,0.31475541089907755,-0.025848855013528294,4.54910836090516e-05
3222.468,0.288623888,0.31437821613724204,0.3147720200575458,-0.025754328137242044,4.546975067636992e-05
3222.95,0.2885860039,0.3143927989498033,0.314787514356098,-0.02580679504980332,4.5448435626812254e-05
3223.432,0.2884586115,0.3144063380571974,0.3148018934704575,-0.025947726557197404,4.542713844080453e-05
3223.914,0.2884724426,0.3144188333051323,0.31481515712893726,-0.025946390705132327,4.5405859098801446e-05
3224.396,0.2884536213,0.3144302845790221,0.31482730511243545,-0.025976663279022094,4.538459758128205e-05
3224.878,0.2885173395,0.3144406918039726,0.3148383372544329,-0.02592335230397258,4.536335386875272e-05
3225.361,0.28844558060000003,0.31445007328504176,0.3148482728539015,-0.026004492685041736,4.534208392302491e-05
3225.843,0.2883782541,0.31445839018000477,0.31485707070821156,-0.026080136080004757,4.5320875798933876e-05
3226.325,0.28837388399999997,0.3144656630394616,0.31486475253690493,-0.026091779039461638,4.5299685421464555e-05
3226.807,0.2884176457,0.3144718919472009,0.31487131838380256,-0.026054246247200874,4.527851277122674e-05
3227.289,0.2882533262,0.31447707702661915,0.3148767683452476,-0.026223750826619152,4.525735782885467e-05
3227.771,0.2880536125,0.31448121844070365,0.3148811025700849,-0.026427605940703647,4.523622057501024e-05
3228.253,0.2881093518,0.3144843163920153,0.31488432125964116,-0.02637496459201527,4.5215100990379565e-05
3228.735,0.2880868403,0.3144863711226691,0.31488642466769834,-0.026399530822669104,4.519399905567543e-05
3229.218,0.28813010559999996,0.31448738392955466,0.3148874139923867,-0.0263572783295547,4.517287102657908e-05
3229.7,0.2881487271,0.3144873509406229,0.31488728549641104,-0.02633862384062291,4.515180437048488e-05
3230.182,0.2881923761,0.3144862756953164,0.3148860427956516,-0.026293899595316417,4.513075530656803e-05
3230.664,0.28822780519999996,0.3144841585938686,0.3148836863535339,-0.026256353393868614,4.5109723815643115e-05
3231.146,0.2882404577,0.31448100007597346,0.31488021668578203,-0.026240542375973452,4.508870987854957e-05
3231.628,0.287986869,0.31447680062076705,0.31487563436037935,-0.02648993162076707,4.5067713476153626e-05
3232.11,0.2881809767,0.3144715607468071,0.3148699399975279,-0.02629058404680712,4.5046734589347205e-05
3232.592,0.288118891,0.3144652810120528,0.3148631342696033,-0.0263463900120528,4.502577319904601e-05
3233.074,0.2883804473,0.3144579620138447,0.31485521790110976,-0.026077514713844674,4.500482928619174e-05
3233.557,0.28806123100000003,0.31444958597022604,0.3148461717888729,-0.026388354970226013,4.4983859434005766e-05
3234.039,0.2880606535,0.3144401882418578,0.31483603422101336,-0.026379534741857835,4.4962950455133394e-05
3234.521,0.2880870482,0.3144297532796605,0.31482478850024664,-0.026342705079660522,4.494205889664592e-05
3235.003,0.2881409977,0.31441828183837034,0.31481243555918503,-0.026277284138370327,4.492118473958597e-05
3235.485,0.28813966529999996,0.31440577471199843,0.3147989763823014,-0.026266109411998473,4.4900327965021155e-05
3235.967,0.2882509911,0.3143922327338081,0.3147844120058682,-0.0261412416338081,4.4879488554043915e-05
3236.449,0.288069271,0.3143776567762926,0.3147687435178934,-0.026308385776292575,4.485866648777389e-05
3236.931,0.2880543081,0.3143620477511516,0.3147519720580556,-0.02630773965115163,4.48378617473524e-05
3237.414,0.2880829575,0.3143453710118774,0.3147340605917811,-0.02626241351187736,4.481703120447113e-05
3237.896,0.2880311343,0.3143276966050882,0.31471508453164865,-0.0262965623050882,4.4796261095126005e-05
3238.378,0.28798678299999997,0.3143089921029594,0.31469500923075955,-0.026322209102959404,4.4775508255170045e-05
3238.86,0.2880469254,0.314289258573866,0.3146738360348774,-0.02624233317386604,4.475477266584645e-05
3239.342,0.28782945990000003,0.31426849712527083,0.3146515663410717,-0.0264390372252708,4.473405430842231e-05
3239.824,0.28798437109999997,0.3142467089037009,0.3146282015976383,-0.026262337803700908,4.4713353164190055e-05
3240.306,0.2879979108,0.3142238950947206,0.3146037433040172,-0.026225984294720617,4.469266921446763e-05
3240.788,0.2879527247,0.3142000569229078,0.31457819301070755,-0.026247332222907815,4.467200244059657e-05
3241.271,0.28781313789999996,0.3141751430098151,0.3145514959157077,-0.026362005109815123,4.465131000023561e-05
3241.753,0.28759872940000003,0.3141492578234635,0.3145237642212598,-0.02655052842346345,4.463067755772903e-05
3242.235,0.2878519275,0.3141223521846541,0.3144949454876786,-0.026270424684654126,4.461006223520794e-05
3242.717,0.2875526063,0.31409442747383576,0.3144650414689093,-0.026541821173835745,4.458946401411305e-05
3243.199,0.2877441342,0.31406548511033794,0.3144340539694981,-0.026321350910337937,4.456888287590999e-05
3243.681,0.28755351279999997,0.3140355265523428,0.3144019848444916,-0.026482013752342826,4.454831880208743e-05
3244.163,0.2876932297,0.31400455329685717,0.3143688359993356,-0.026311323596857172,4.452777177415867e-05
3244.645,0.28750610779999997,0.313972566879685,0.3143346093897729,-0.026466459079685034,4.450724177366324e-05
3245.127,0.28746478870000003,0.31393956887539753,0.3142993070217355,-0.026474780175397505,4.4486728782162995e-05
3245.61,0.28753910569999996,0.31390548929260903,0.31426285436755425,-0.026366383592609066,4.446619027606958e-05
3246.092,0.2874097174,0.31387047090252096,0.3142254044795765,-0.026460753502520973,4.4445711282537635e-05
3246.574,0.2874853787,0.3138344458848933,0.3141868851554935,-0.02634906718489327,4.4425249242796834e-05
3247.056,0.2874871599,0.3137974159691528,0.3141472986009951,-0.02631025606915277,4.440480413850562e-05
3247.538,0.2875467947,0.3137593829233447,0.314106647071398,-0.026212588223344713,4.43843759513489e-05
3248.02,0.2874339037,0.31372034855410125,0.31406493287152504,-0.026286444854101254,4.436396466303496e-05
3248.502,0.2875903705,0.31368031470660784,0.3140221583555816,-0.026089944206607818,4.434357025529518e-05
3248.984,0.2874223393,0.31363928326457424,0.31397832592703423,-0.026216943964574246,4.432319270988545e-05
3249.467,0.28726391689999997,0.31359716792337167,0.3139333438146614,-0.026333251023371695,4.430278978396522e-05
3249.948,0.2873498424,0.3135542353241396,0.31388749719152526,-0.02620439292413962,4.428248813320444e-05
3250.431,0.2874084074,0.3135101304436783,0.31384040735431185,-0.026101723043678304,4.4262118910684194e-05
3250.913,0.2872896706,0.3134651261787528,0.3137923661195763,-0.026175455578752782,4.424180866745436e-05
3251.395,0.2873069426,0.3134191343188605,0.31374327972949245,-0.026112191718860478,4.42215151956578e-05
3251.877,0.2873417891,0.3133721569782244,0.31369315088044664,-0.02603036787822438,4.4201238477195334e-05
3252.359,0.2871205646,0.3133241963093508,0.3136419823171496,-0.026203631709350805,4.4180978493990546e-05
3252.841,0.2872160425,0.313275254502995,0.3135897768324972,-0.02605921200299499,4.416073522799053e-05
3253.323,0.2870396431,0.31322533378812206,0.31353653726742303,-0.026185690688122043,4.414050866116644e-05
3253.805,0.28708240490000003,0.31317443643187254,0.31348226651075306,-0.026092031531872506,4.4120298775513354e-05
3254.288,0.2870810867,0.31312245611070333,0.3134268517040107,-0.02604136941070334,4.4100063675706575e-05
3254.77,0.2871634663,0.31306961041150705,0.3133705252974655,-0.025906144111507046,4.407988713298953e-05
3255.252,0.2869184998,0.3130157951059981,0.31331317665799335,-0.02609729530599808,4.4059727217533336e-05
3255.734,0.2870927318,0.312961012613709,0.3132548088645751,-0.02586828081370901,4.403958391142613e-05
3256.216,0.2868311828,0.31290526539215097,0.3131954250433167,-0.026074082592150993,4.40194571967822e-05
3256.698,0.2870588699,0.3128485559367744,0.31313502836728946,-0.025789686036774395,4.399934705573686e-05
3257.18,0.28712200320000003,0.31279088678092754,0.31307362205636746,-0.025668883580927504,4.397925347045001e-05
3257.662,0.2868569143,0.3127322604958143,0.3130112093770647,-0.02587534619581433,4.395917642310584e-05
3258.145,0.2869324575,0.31267255508843106,0.3129476610341023,-0.025740097588431043,4.393907429371898e-05
3258.627,0.2867285375,0.3126120204375421,0.312883243532766,-0.025883482937542113,4.3919030303120525e-05
3259.109,0.2868380263,0.3125505366033122,0.3128178297478632,-0.02571251030331223,4.389900279711721e-05
3259.591,0.286799023,0.3124881063080148,0.312751423130874,-0.025689083308014837,4.3878991757985796e-05
3260.073,0.2867271531,0.31242473231155876,0.31268402717906507,-0.02569757921155874,4.385899716802461e-05
3260.555,0.28658012320000004,0.3123604174114435,0.3126156454353124,-0.025780294211443455,4.3839019009558276e-05
3261.037,0.2867624901,0.31229516444271316,0.31254628148792174,-0.02553267434271317,4.381905726493251e-05
3261.519,0.2866618386,0.31222897627790713,0.31247593897044773,-0.025567137677907137,4.379911191651633e-05
3262.001,0.2866854677,0.3121618558270145,0.3124046215615114,-0.025476388127014526,4.377918294670235e-05
3262.484,0.2865391846,0.31209366389130666,0.3123321820013947,-0.025554479291306664,4.375922904243399e-05
3262.966,0.2864171746,0.312024685828987,0.312258924021627,-0.025607511228987023,4.3739332810982375e-05
3263.448,0.2863500624,0.31195478444105373,0.31218470246275,-0.02560472204105374,4.3719452905411775e-05
3263.93,0.286504148,0.31188396278687064,0.31210952118186774,-0.025379814786870625,4.3699589308206884e-05
3264.412,0.2864030423,0.3118122239629989,0.31203338408020453,-0.02540918166299888,4.367974200187357e-05
3264.894,0.2864895468,0.31173957110314304,0.31195629510290757,-0.025250024303143048,4.36599109689435e-05
3265.376,0.2864862028,0.3116660073780986,0.31187825823885107,-0.025179804578098597,4.36400961919688e-05
3265.858,0.2863004969,0.311591535995697,0.3117992775204371,-0.02529103909569702,4.362029765352623e-05
3266.341,0.2862866849,0.3115160028815706,0.31171919023918654,-0.02522931798157063,4.360047431091114e-05
3266.823,0.286519596,0.3114397240896889,0.31163833214547154,-0.02492012808968891,4.358070823094949e-05
3267.305,0.28622806489999997,0.3113625474925295,0.3115565425624237,-0.02513448259252954,4.3560958337348046e-05
3267.787,0.2862466392,0.3112844764455843,0.3114738256946094,-0.025037837245584338,4.3541224612772245e-05
3268.269,0.2864703466,0.3112055143410971,0.3113901857890959,-0.02473516774109713,4.352150703991217e-05
3268.751,0.2861754829,0.3111256646080035,0.3113056271352403,-0.024950181708003505,4.3501805601479415e-05
3269.233,0.2863623704,0.31104493071187,0.3112201540644759,-0.024682560311869994,4.3482120280209134e-05
3269.715,0.2864617121,0.3109633161548335,0.3111337709500978,-0.024501604054833537,4.3462451058858014e-05
3270.198,0.28602915549999997,0.3108806524216834,0.31104630017175555,-0.024851496921683425,4.3442757162764746e-05
3270.68,0.2861736219,0.31079728538661977,0.31095810839140575,-0.024623663486619762,4.3423120122926316e-05
3271.162,0.28613475439999997,0.31071304842338343,0.3108690199456945,-0.024578294023383462,4.3403499131377733e-05
3271.644,0.2861782445,0.31062794517983106,0.31077903937326135,-0.024449700679831043,4.3383894170964995e-05
3272.126,0.28591253250000004,0.310541979340068,0.3106881712535046,-0.02462944684006796,4.336430522455836e-05
3272.608,0.2860971858,0.3104551546243796,0.31059642020635514,-0.024357968824379628,4.3344732275048945e-05
3273.09,0.2860912072,0.31036747478916304,0.3105037908920471,-0.02427626758916307,4.33251753053502e-05
3273.572,0.2860054716,0.31027894362685804,0.3104102880108901,-0.024273472026858034,4.330563429839902e-05
3274.054,0.2858483077,0.31018956496587596,0.31031591630303557,-0.024341257265875937,4.328610923715349e-05
3274.537,0.28599257699999997,0.31009915461308774,0.3102204820688542,-0.024106577613087765,4.326655964576075e-05
3275.019,0.2858058717,0.3100080908454065,0.3101243853086698,-0.02420221914540649,4.324706645788412e-05
3275.501,0.2858622567,0.30991619128759457,0.310027434189077,-0.024053934587594583,4.3227589164685556e-05
3275.983,0.2855286266,0.30982345991129806,0.30992963360732806,-0.02429483331129806,4.320812774921225e-05
3276.465,0.2858773224,0.30972990072376394,0.3098309884993309,-0.023852578323763918,4.318868219453249e-05
3276.947,0.2858195125,0.30963551776776577,0.30973150383941006,-0.023816005267765783,4.3169252483738174e-05
3277.429,0.2857825412,0.3095403151215225,0.3096311846400604,-0.023757773921522507,4.314983859994224e-05
3277.911,0.2855970428,0.30944429689862096,0.3095300359517021,-0.023847254098620985,4.3130440526278754e-05
3278.394,0.2856577513,0.3093472655159618,0.3094278504465947,-0.023689514215961827,4.311101805011089e-05
3278.875,0.2854508423,0.30924983035353615,0.3093252704977817,-0.02379898805353614,4.309169174200065e-05
3279.358,0.2856248283,0.30915118537063435,0.3092214482265876,-0.02352635707063433,4.3072300867362596e-05
3279.84,0.2854191921,0.30905194502869426,0.3091170311633987,-0.023632752928694267,4.305296589866261e-05
3280.322,0.2853516645,0.3089519102145948,0.30901181043436643,-0.023600245714594792,4.303364665606283e-05
3280.804,0.2854420828,0.3088510852524563,0.30890579131228396,-0.023409002452456307,4.3014343122830453e-05
3281.286,0.2855365325,0.3087494745011733,0.3087989791061025,-0.023212942001173298,4.29950552822523e-05
3281.768,0.2853019344,0.3086470823543249,0.30869137916067096,-0.023345147954324907,4.297578311763768e-05
3282.25,0.2853166729,0.30854391324008545,0.3085829968564773,-0.023227240340085442,4.295652661231798e-05
3282.732,0.2853561379,0.3084399716211309,0.30847383760938485,-0.02308383372113093,4.293728574964622e-05
3283.215,0.28500064729999997,0.30833504395945155,0.30836367800013237,-0.023334396659451584,4.2918020642844454e-05
3283.697,0.28504842,0.30822956927738865,0.30825297967151644,-0.023181149277388624,4.289881104797961e-05
3284.179,0.2849806674,0.30812333569421163,0.30814152086868885,-0.023142668294211632,4.287961704591434e-05
3284.661,0.2849317112,0.3080163478097232,0.3080293071464333,-0.023084636609723208,4.286043862008864e-05
3285.143,0.28488232480000003,0.3079086102577455,0.3079163440935736,-0.023026285457745488,4.284127575396258e-05
3285.625,0.2849881901,0.3078001277060184,0.30780263733270247,-0.022811937606018406,4.282212843101749e-05
3286.107,0.2847936599,0.30769090485609896,0.307688192519909,-0.02289724495609896,4.2802996634756535e-05
3286.589,0.2847530614,0.30758094644325595,0.307573015344503,-0.022827885043255947,4.278388034870476e-05
3287.072,0.284625005,0.30747002683437746,0.3074568703130387,-0.022845021834377477,4.276473994430199e-05
3287.554,0.2843829807,0.30735861013462906,0.3073402441222345,-0.022975629434629052,4.274565466141966e-05
3288.036,0.2843452006,0.3072464722890502,0.30722290284534903,-0.022901271689050207,4.2726584839413074e-05
3288.518,0.2844578202,0.3071336181667649,0.30710485230186974,-0.022675797966764888,4.270753046189245e-05
3289.0,0.28444135540000004,0.30702005267006727,0.30698609834310947,-0.022578697270067227,4.268849151248769e-05
3289.482,0.2844823323,0.30690578073431185,0.3068666468519246,-0.022423448434311877,4.2669467974851525e-05
3289.964,0.2844616358,0.30679080732779695,0.30674650374242907,-0.022329171527796954,4.265045983265669e-05
3290.446,0.28445852439999997,0.30667513745165065,0.3066256749597091,-0.02221661305165068,4.26314670695972e-05
3290.928,0.284514577,0.3065587761397123,0.30650416647953677,-0.022044199139712284,4.2612489669388646e-05
3291.411,0.2843927807,0.3064414849109529,0.30638173012197933,-0.022048704210952896,4.2593488291348954e-05
3291.893,0.2842244205,0.30632375455109473,0.3062588789166294,-0.02209933405109471,4.257454159986051e-05
3292.375,0.2845259119,0.3062053480627098,0.3061353661349714,-0.021679436162709842,4.2555610222461633e-05
3292.857,0.2842167052,0.30608627060934307,0.30601119787267733,-0.021869565409343095,4.25366941429508e-05
3293.339,0.2842440534,0.30596652738663704,0.3058863802546451,-0.02172247398663707,4.251779334514851e-05
3293.821,0.2841776124,0.30584612362220726,0.3057609194347054,-0.021668511222207254,4.249890781289606e-05
3294.303,0.28418136979999997,0.30572506457551035,0.3056348215953235,-0.02154369477551038,4.248003753005478e-05
3294.785,0.2841565071,0.3056033555377158,0.30550809294730297,-0.02144684843771577,4.2461182480507524e-05
3295.268,0.2841585163,0.30548074731928665,0.3053804748662954,-0.021322231019286653,4.2442303577176145e-05
3295.75,0.2840269887,0.3053577529781958,0.3052525020690076,-0.021330764278195802,4.242347897747024e-05
3296.232,0.2841755967,0.30523412471965516,0.3051239172756054,-0.021058528019655187,4.240466956279714e-05
3296.714,0.28401966689999997,0.30510986796040196,0.30499472680729556,-0.021090201060401992,4.238587531712346e-05
3297.196,0.2843544249,0.3049849881482033,0.3048649370121135,-0.020630563248203282,4.236709622443532e-05
3297.678,0.2841691979,0.30485949076171626,0.3047345542646196,-0.020690292861716253,4.234833226873962e-05
3298.16,0.2840271415,0.3047333813103427,0.30460358496559115,-0.020706239810342697,4.2329583434064205e-05
3298.642,0.28400239299999996,0.3046066653340871,0.30447203554171787,-0.020604272334087126,4.2310849704457735e-05
3299.125,0.2840390543,0.30447908363958587,0.3043396377391402,-0.020440029339585886,4.229209224430799e-05
3299.607,0.2841171891,0.304351170125909,0.30420694627773737,-0.02023398102590901,4.227338870832004e-05
3300.089,0.2838877113,0.30422266690119776,0.3040736941374449,-0.020334955601197746,4.225470022963497e-05
3300.571,0.2838385354,0.30409357962643024,0.3039398878455468,-0.020255044226430263,4.223602679238309e-05
3301.053,0.283737947,0.30396391399243267,0.30380553395368626,-0.020225966992432676,4.221736838071426e-05
3301.535,0.2838142292,0.3038336757197201,0.3036706390375471,-0.020019446519720097,4.2198724978799844e-05
3302.017,0.28358274699999997,0.3037028705583397,0.30353520969654135,-0.020120123558339753,4.2180096570831856e-05
3302.499,0.2836821684,0.30357150428770885,0.3033992525534921,-0.01988933588770886,4.216148314102099e-05
3302.981,0.2834433697,0.30343958271645494,0.30326277425431736,-0.019996213016454933,4.214288467359912e-05
3303.464,0.2833300357,0.3033068362789779,0.30312549672014133,-0.019976800578977938,4.2124262613322336e-05
3303.946,0.2832607303,0.3031738205266933,0.3029879950907069,-0.019913090226693297,4.2105694054416354e-05
3304.428,0.28317608969999997,0.30304026708552495,0.30284999239223265,-0.019864177385524984,4.208714041068414e-05
3304.91,0.28309864,0.3029061818793296,0.30271149535986874,-0.019807541879329593,4.2068601666437495e-05
3305.392,0.2829785038,0.30277157086033246,0.3025725107502608,-0.01979306706033246,4.20500778060115e-05
3305.874,0.28297224249999997,0.30263644000894957,0.30243304534122484,-0.0196641975089496,4.2031568813756856e-05
3306.356,0.283045402,0.3025007953336126,0.3022931059314245,-0.019455393333612625,4.201307467404773e-05
3306.838,0.2830986595,0.3023646428705916,0.3021526993400475,-0.0192659833705916,4.199459537127771e-05
3307.321,0.2831330059,0.3022277046515839,0.3020115396776608,-0.019094698751583872,4.197609259720181e-05
3307.802,0.2830884274,0.3020908388646774,0.3018705119899743,-0.019002411464677404,4.1957681214224574e-05
3308.285,0.2830395289,0.3019529134685034,0.30172845038742474,-0.01891338456850339,4.193920809754137e-05
3308.767,0.282816144,0.30181478977139464,0.30158624275560003,-0.01899864577139465,4.192078801749328e-05
3309.249,0.2828440567,0.30167618889195047,0.3014436023489333,-0.018832132191950457,4.190238269661574e-05
3309.731,0.2828568898,0.30153711702965447,0.3013005361029267,-0.018680227229654456,4.188399211942314e-05
3310.213,0.2827658375,0.30139758041051856,0.3011570509713093,-0.018631742910518556,4.186561627044733e-05
3310.695,0.2827669677,0.30125758528688823,0.3010131539257067,-0.018490617586888247,4.184725513424051e-05
3311.177,0.2826506363,0.3011171379372437,0.30086885195530777,-0.018466501637243726,4.182890869537512e-05
3311.659,0.2826430011,0.30097624466600315,0.3007241520665353,-0.018333243566003132,4.181057693844432e-05
3312.142,0.2826652648,0.3008346181290601,0.3005787598630312,-0.01816935332906011,4.179222186103087e-05
3312.624,0.28267817900000003,0.3006928511384026,0.3004332844349842,-0.018014672138402577,4.1773919452202005e-05
3313.106,0.28248288460000004,0.3005506573062484,0.300287432222538,-0.018067772706248375,4.1755631679168495e-05
3313.588,0.2825660946,0.3004080430387692,0.30014121029773544,-0.01784194843876924,4.1737358526601694e-05
3314.07,0.2822767972,0.3002650147670396,0.2999946257481767,-0.01798821756703961,4.171909997919175e-05
3314.552,0.2823024238,0.3001215789468256,0.29984768567668274,-0.017819155146825638,4.170085602164797e-05
3315.034,0.2822781786,0.2999777420583677,0.2997003972009592,-0.017699563458367706,4.1682626638699736e-05
3315.516,0.2823428169,0.29983351060616636,0.2995527674532589,-0.01749069370616635,4.1664411815096895e-05
3315.999,0.28225714069999996,0.2996885906795088,0.29940449625869403,-0.01743144997950885,4.164617379079897e-05
3316.481,0.2821666588,0.2995435889246193,0.2992562047493904,-0.017376930124619272,4.162798807033735e-05
3316.963,0.2821370212,0.29939821227649244,0.2991075934636551,-0.017261191076492433,4.1609816863552305e-05
3317.445,0.28213751659999997,0.29925246733448874,0.29895866958856276,-0.017114950734488765,4.1591660155270254e-05
3317.927,0.2820614379,0.2991063607211053,0.29880944032403656,-0.017044922821105313,4.1573517930338025e-05
3318.409,0.2821260152,0.2989598990817438,0.2986599128825064,-0.016833883881743783,4.155539017362021e-05
3318.891,0.2817181073,0.29881308908447957,0.2985100944885679,-0.017094981784479546,4.153727687000241e-05
3319.373,0.2819532801,0.29866593741982206,0.29835999237863897,-0.016712657319822077,4.1519178004387224e-05
3319.855,0.281772562,0.29851845080048156,0.29820961380062017,-0.016745888800481556,4.150109356169938e-05
3320.338,0.281567349,0.29837032895483234,0.2980586531914708,-0.01680297995483232,4.148298605214787e-05
3320.82,0.2818577406,0.2982221919919415,0.2979077429292982,-0.01636445139194148,4.146493044000431e-05
3321.302,0.281638351,0.2980737403573529,0.29775657802330036,-0.016435389357352892,4.144688920564109e-05
3321.784,0.281640602,0.29792498085018726,0.29760516576388707,-0.016284378850187242,4.14288623340583e-05
3322.266,0.2814913483,0.29777592029053623,0.29745351345122684,-0.016284571990536234,4.141084981027474e-05
3322.748,0.2814844793,0.29762656551921485,0.2973016283949069,-0.01614208621921487,4.1392851619328686e-05
3323.23,0.2815974485,0.2974769233975033,0.297149517913583,-0.0158794748975033,4.13748677462765e-05
3323.712,0.2814150421,0.2973270008068939,0.29699718933463787,-0.01591195870689388,4.1356898176195896e-05
3324.195,0.2815464947,0.2971764927589673,0.2968443333081772,-0.01562999805896731,4.133890565740058e-05
3324.677,0.2815004603,0.2970260294085783,0.296691590134914,-0.01552556910857833,4.132096467816254e-05
3325.159,0.2813777859,0.2968753063668452,0.2965386509103244,-0.015497520466845216,4.13030379572076e-05
3325.641,0.2813697357,0.29672433059352626,0.296385522993242,-0.015354594893526252,4.128512547968658e-05
3326.123,0.2812277996,0.29657310906727274,0.2962322137494946,-0.01534530946727275,4.1267227230770986e-05
3326.605,0.2810154653,0.29642164878535476,0.29607873055155204,-0.015406183485354774,4.1249343195650485e-05
3327.087,0.28104426969999996,0.2962699567633923,0.29592508077818336,-0.015225687063392335,4.123147335953341e-05
3327.569,0.2809753133,0.29611804003507625,0.2957712718141057,-0.015142726735076273,4.121361770764752e-05
3328.052,0.28114125489999997,0.2959655897990412,0.2956169914762983,-0.014824334899041225,4.1195739224433844e-05
3328.534,0.2807913974,0.29581324440045004,0.2954628860151096,-0.015021847000450061,4.1177911926118477e-05
3329.016,0.280760738,0.2956606955169428,0.2953086435649398,-0.014899957516942786,4.116009876779859e-05
3329.498,0.280880822,0.2955079502517335,0.29515427153083273,-0.014627128251733512,4.114229973477608e-05
3329.98,0.2807549171,0.29535501572469486,0.2949997773220395,-0.014600098624694857,4.112451481237152e-05
3330.462,0.2807763759,0.2952018990720706,0.2948451683516717,-0.014425523172070631,4.110674398592512e-05
3330.944,0.2806061189,0.29504860744618067,0.2946904520363501,-0.014442488546180687,4.108898724079499e-05
3331.426,0.2805392751,0.2948951480151296,0.2945356357958583,-0.01435587291512963,4.107124456235788e-05
3331.908,0.2805498764,0.29474152796250813,0.29438072705279217,-0.014191651562508123,4.1053515936009005e-05
3332.391,0.2804613007,0.29458743530050824,0.29422541158498405,-0.014126134600508211,4.103576460948479e-05
3332.873,0.2803433349,0.29443351532014017,0.29407033996068926,-0.014090180420140153,4.1018064072650166e-05
3333.355,0.2803838677,0.29427945637390696,0.29391519813041495,-0.013895588673906945,4.1000377544170935e-05
3333.837,0.2803076899,0.29412526570436287,0.293759993524524,-0.01381757580436288,4.098270500951568e-05
3334.319,0.280425312,0.2939709505680316,0.29360473357444855,-0.013545638568031593,4.09650464541722e-05
3334.801,0.2802313942,0.2938165182350935,0.2934494257123401,-0.013585124035093543,4.0947401863646384e-05
3335.283,0.2804988885,0.2936619759890744,0.29329407737072116,-0.01316308748907441,4.092977122346348e-05
3335.765,0.2801062057,0.2935073311265278,0.2931386959821359,-0.013401125426527827,4.0912154519164625e-05
3336.248,0.2803035735,0.2933522698250304,0.29298296653616396,-0.013048696325030362,4.089451523047751e-05
3336.729,0.28023664060000003,0.29319776280131393,0.2928278637922689,-0.012961122201313902,4.087696286048512e-05
3337.212,0.280383035,0.2930425325277224,0.29267210536582794,-0.012659497527722385,4.085935142909191e-05
3337.694,0.2803488303,0.292887550269597,0.29251666610390714,-0.01253871996959699,4.0841790352903963e-05
3338.176,0.2802662261,0.29273250207723894,0.2923612309612945,-0.012466275977238928,4.0824243140558564e-05
3338.658,0.2801558551,0.2925773953186539,0.2922058073633511,-0.012421540218653881,4.080670977770745e-05
3339.14,0.2799256391,0.29242223737260353,0.29205040273302185,-0.01249659827260352,4.0789190250022074e-05
3339.622,0.2800033755,0.2922670356282756,0.29189502449049015,-0.012263660128275622,4.077168454318977e-05
3340.104,0.2800909817,0.29211179748494487,0.29173968005282896,-0.01202081578494485,4.075419264291664e-05
3340.586,0.2799258533,0.29195653035163893,0.29158437683365623,-0.012030677051638905,4.073671453492835e-05
3341.069,0.2795784844,0.2918009194537846,0.2914288001935117,-0.01222243505378462,4.07192139862291e-05
3341.551,0.27964774049999996,0.2916456165832877,0.29127360176055495,-0.011997876083287728,4.070176344859564e-05
3342.033,0.2796481757,0.2914903070204218,0.2911184667780832,-0.011842131320421778,4.068432666049793e-05
3342.515,0.27943458499999996,0.29133499820980996,0.2909634026424139,-0.011900413209810001,4.066690360773379e-05
3342.997,0.27952140400000003,0.2911796976041002,0.2908084167446746,-0.011658293604100145,4.0649494276115497e-05
3343.479,0.27934107350000004,0.29102441266361956,0.2906535164704632,-0.011683339163619522,4.063209865147741e-05
3343.961,0.27924080889999997,0.2908691508560153,0.2904987091994974,-0.011628341956015309,4.061471671966887e-05
3344.443,0.2792730941,0.2907139196559039,0.29034400230527424,-0.011440825555903866,4.059734846655794e-05
3344.926,0.2792803736,0.2905584046118873,0.29018908252670433,-0.01127803101188729,4.057995788685481e-05
3345.408,0.2793091291,0.2904032571790312,0.2900345987262968,-0.011094128079031207,4.056261697711985e-05
3345.89,0.2790735218,0.29024816283128585,0.28988023739759705,-0.011174641031285848,4.0545289703764523e-05
3346.372,0.27900314730000003,0.2900931290675512,0.28972600588576036,-0.01108998176755116,4.0527976052727316e-05
3346.854,0.27901129690000004,0.28993816339188605,0.2895719115280037,-0.010926866491886011,4.051067600996512e-05
3347.336,0.2790587692,0.2897832733131388,0.2894179616532624,-0.0107245041131388,4.0493389561452954e-05
3347.818,0.2789536107,0.28962846634457806,0.28926416358184953,-0.01067485564457804,4.047611669318256e-05
3348.3,0.2791205242,0.28947375000352304,0.2891105246251171,-0.010353225803523047,4.0458857391164066e-05
3348.782,0.2790913907,0.2893191318109646,0.28895705208511047,-0.010227741110964583,4.044161164142493e-05
3349.265,0.27913358720000003,0.2891642988408686,0.28880343539249076,-0.01003071164086855,4.0424343692597146e-05
3349.747,0.2790397099,0.2890098997637787,0.2886503179362284,-0.009970189863778733,4.040712503361277e-05
3350.229,0.2789737898,0.2888556214320655,0.2884973887586917,-0.009881831632065519,4.038991988506654e-05
3350.711,0.2790532347,0.28870147137764485,0.28834465512129737,-0.009648236677644861,4.037272823305681e-05
3351.193,0.278871247,0.2885474571342076,0.2881921242744637,-0.009676210134207608,4.035555006369611e-05
3351.675,0.2789340491,0.28839358623683486,0.288039803457275,-0.009459537136834839,4.0338385363120035e-05
3352.157,0.2788839468,0.28823986622160924,0.2878876998971426,-0.009355919421609238,4.032123411747696e-05
3352.639,0.2789333731,0.288086304625226,0.28773582080947135,-0.009152931525226005,4.030409631293453e-05
3353.122,0.2788784768,0.28793259091412526,0.28758385902195305,-0.009054114114125267,4.028693642187157e-05
3353.604,0.278866933,0.2877793691337873,0.28743245097875236,-0.008912436133787338,4.0269825485916375e-05
3354.086,0.278867831,0.28762632839777275,0.28728128899371264,-0.008758497397772735,4.0252727949639566e-05
3354.568,0.2785787766,0.2874734762412995,0.28713038023083703,-0.008894699641299464,4.0235643799278045e-05
3355.05,0.2787586486,0.2873208201982249,0.286979731840452,-0.008562171598224921,4.021857302108543e-05
3355.532,0.2785037488,0.2871683678006468,0.28682935095887613,-0.0086646190006468,4.020151560133298e-05
3356.014,0.2787360564,0.2870161265785004,0.28667924470808787,-0.00828007017850041,4.0184471526309785e-05
3356.496,0.2788069473,0.286864104059158,0.2865294201953976,-0.008057156759158024,4.0167440782321094e-05
3356.979,0.2784886089,0.2867119930773355,0.28637957457826146,-0.008223384177335535,4.015038806365946e-05
3357.461,0.2784647825,0.2865604310262032,0.28623033542463394,-0.008095648526203203,4.013338396831249e-05
3357.943,0.27836628090000004,0.28640911025614046,0.2860813992543614,-0.008042829356140424,4.011639316299221e-05
3358.425,0.2783433226,0.2862580382801896,0.28593277311275733,-0.007914715680189588,4.0099415634071726e-05
3358.907,0.2782798902,0.28610722260679033,0.2857844640288273,-0.007827332406790344,4.008245136794352e-05
3359.389,0.2782164715,0.2859566707393646,0.28563647901494216,-0.007740199239364587,4.006550035101587e-05
3359.871,0.27827341440000003,0.2858063901759046,0.2854888250665144,-0.00753297577590456,4.004856256971335e-05
3360.353,0.278118467,0.2856563884085568,0.28534150916167483,-0.0075379214085568025,4.003163801047904e-05
3360.835,0.2780411182,0.2855066729232072,0.2851945382609513,-0.007465554723207202,4.0014726659772346e-05
3361.318,0.2780739616,0.28535694150603097,0.28504761548889557,-0.007282979906030995,3.999779345936127e-05
3361.8,0.2780523017,0.2852078216479196,0.28490135615768797,-0.007155519947919575,3.9980908512487985e-05
3362.282,0.2779178159,0.2850590105031811,0.2847554626176448,-0.0071411946031811335,3.9964036733594206e-05
3362.764,0.2778178062,0.28491051552844304,0.2846099417556281,-0.007092709328443025,3.994717810920592e-05
3363.246,0.2777681555,0.2847623441719665,0.2844648004392959,-0.006994188671966495,3.9930332625868064e-05
3363.728,0.2777898096,0.2846145038732233,0.28432004551678514,-0.006824694273223297,3.991350027014054e-05
3364.21,0.2777948025,0.284467002062469,0.2841756838163955,-0.006672199562469006,3.989668102860048e-05
3364.692,0.2776871864,0.28431984616031736,0.28403172214627503,-0.00663265976031735,3.987987488784278e-05
3365.174,0.27762822709999996,0.28417304357731155,0.28388816729410593,-0.006544816477311588,3.986308183447898e-05
3365.656,0.2775629074,0.28402660171349636,0.28374502602679164,-0.00646369431349636,3.984630185513537e-05
3366.139,0.2773417206,0.2838802252881706,0.28360200943021785,-0.006538504688170577,3.982950016388648e-05
3366.621,0.2776425059,0.2837345278054003,0.28345971644163215,-0.006092021905400313,3.981274631959011e-05
3367.103,0.2773110475,0.2835892131899259,0.283317857224711,-0.006278165689925896,3.979600550927081e-05
3367.585,0.277307749,0.28344428879546,0.283176438460089,-0.006136539795460028,3.977927771962199e-05
3368.067,0.2776332469,0.28329976196305795,0.28303546680607516,-0.005666515063057931,3.976256293735513e-05
3368.549,0.27755156540000003,0.2831556400206796,0.2828949488983432,-0.005604074620679578,3.9745861149197876e-05
3369.031,0.2775580466,0.283011930282757,0.28275489134962895,-0.00545388368275701,3.9729172341893684e-05
3369.513,0.27748969970000004,0.28286864004975554,0.28261530074942454,-0.005378940349755501,3.971249650220454e-05
3369.996,0.2773472757,0.28272548065925096,0.2824758955357768,-0.005378204959250954,3.969579906006135e-05
3370.478,0.2773984343,0.2825830521875341,0.2823372595093363,-0.005184617887534104,3.967914914278313e-05
3370.96,0.2772809598,0.2824410650490079,0.28219911007090076,-0.005160105249007896,3.9662512153472905e-05
3371.442,0.27745602340000003,0.28229952648386514,0.2820614537139218,-0.004843503083865108,3.964588807895655e-05
3371.924,0.2770632858,0.28215844371614196,0.28192429690710685,-0.005095157916141957,3.962927690607761e-05
3372.406,0.27732217680000004,0.28201782395327574,0.2817876460941203,-0.004695647153275695,3.96126786216953e-05
3372.888,0.2772271988,0.28187767438566447,0.28165150769328823,-0.004650475585664449,3.9596093212684545e-05
3373.37,0.2770582569,0.2817380021862252,0.2815158880973031,-0.004679745286225168,3.95795206659386e-05
3373.853,0.2770746665,0.28159852624745607,0.2813805139443621,-0.0045238597474560605,3.9562926625493484e-05
3374.335,0.2771808601,0.2814598312584318,0.2812459521414532,-0.0042789711584318435,3.954637979063489e-05
3374.817,0.2769734991,0.2813216350617793,0.28111192817782416,-0.004348135961779298,3.952984577878675e-05
3375.299,0.27726181489999996,0.2811839447560344,0.2809784483406652,-0.003922129856034462,3.9513324576906855e-05
3375.781,0.2769988291,0.2810467674200393,0.2808455188900806,-0.0040479383200393015,3.949681617196802e-05
3376.263,0.2771261454,0.2809101101125,0.2807131460588032,-0.0037839647124999765,3.948032055096061e-05
3376.745,0.2771624357,0.28077397987154185,0.2805813360519087,-0.0036115441715418584,3.946383770089038e-05
3377.227,0.27709152530000003,0.2806383837142682,0.28045009504653345,-0.0035468584142681614,3.9447367608777854e-05
3377.709,0.27687889460000004,0.28050332863631383,0.2803194291915895,-0.003624434036313795,3.943091026166321e-05
3378.192,0.2769506297,0.2803685431257106,0.28018907533091597,-0.0034179134257105726,3.941443154236546e-05
3378.674,0.27719137709999997,0.2802345922638848,0.2800595793341839,-0.003043215163884838,3.939799967279672e-05
3379.156,0.277139935,0.28010120334939426,0.2799306767750288,-0.0029612683493942527,3.938158050940805e-05
3379.638,0.2769819845,0.2799683832875195,0.27980237368661565,-0.0029863987875194953,3.936517403930254e-05
3380.12,0.2767826183,0.27983613895985393,0.2796746760724947,-0.0030535206598539255,3.934878024959726e-05
3380.602,0.2770042941,0.2797044772238615,0.27954758990632894,-0.0027001831238614993,3.933239912742768e-05
3381.084,0.2769434116,0.27957340491243265,0.27942112113162115,-0.0026299933124326325,3.931603065994329e-05
3381.566,0.27695920879999997,0.27944292883344213,0.27929527566144363,-0.0024837200334421605,3.9299674834310744e-05
3382.049,0.2768730619,0.2793127869546369,0.27916980025144933,-0.00243972505463691,3.9283297743783184e-05
3382.531,0.2767862443,0.2791835249339587,0.2790452203300465,-0.0023972806339587205,3.926696718957686e-05
3383.013,0.2767541877,0.2790548794287544,0.2789212812791597,-0.0023006917287544115,3.925064923878976e-05
3383.495,0.2767593038,0.27892685714235577,0.2787979888873942,-0.0021675533423557436,3.923434387865146e-05
3383.977,0.2765240534,0.2787994647508656,0.27867534891159046,-0.002275411350865564,3.921805109640691e-05
3384.459,0.2765482098,0.2786727089027225,0.27855336707656586,-0.002124499102722499,3.920177087931813e-05
3384.941,0.2766249316,0.27854659621825567,0.2784320490748514,-0.0019216646182556585,3.918550321466118e-05
3385.423,0.276841179,0.27842113328925033,0.27831140056643594,-0.0015799542892503404,3.916924808973026e-05
3385.906,0.27650647700000003,0.2782960684304065,0.2781911789767355,-0.0017895914304064675,3.91529718065104e-05
3386.387,0.2764732499,0.27817218291939827,0.27807213450519785,-0.0016989330193982743,3.913677540829424e-05
3386.87,0.2765019292,0.27804845304477155,0.2779532827531867,-0.0015465238447715524,3.912052419300432e-05
3387.352,0.2763800009,0.2779256558780363,0.2778353695990201,-0.001545654978036326,3.910431912611487e-05
3387.834,0.2764857859,0.2778035409955012,0.2777181537523681,-0.001317755095501194,3.9088126535623975e-05
3388.316,0.2765034433,0.2776821148084242,0.27760164067254745,-0.0011786715084242116,3.90719464089191e-05
3388.798,0.2764736199,0.2775613836964645,0.2774858357845676,-0.0010877637964644693,3.905577873340215e-05
3389.28,0.276446346,0.27744135400724645,0.27737074447888255,-0.0009950080072464451,3.903962349649168e-05
3389.762,0.2764908498,0.277322032055932,0.2772563721111494,-0.0008311822559319837,3.902348068562037e-05
3390.244,0.2764338509,0.27720342412478716,0.2771427240019848,-0.0007695732247871567,3.9007350288238114e-05
3390.727,0.2762201716,0.2770852926355763,0.27702957192784794,-0.0008651210355762884,3.899119886486544e-05
3391.209,0.2762719032,0.2769681329715103,0.2769173896862086,-0.0006962297715102927,3.8975093282559674e-05
3391.691,0.276073279,0.2768517059855451,0.27680594746313025,-0.0007784269855450887,3.8959000076157014e-05
3392.173,0.276069764,0.27673601782401547,0.27669525043660675,-0.0006662538240154725,3.8942919233168616e-05
3392.655,0.2761890412,0.27662107459822693,0.27658530374840584,-0.00043203339822694975,3.8926850741121274e-05
3393.137,0.2761595697,0.27650688238403365,0.27647611250383836,-0.00034731268403365156,3.8910794587555426e-05
3393.619,0.2762787604,0.2763934472214161,0.27636768177152715,-0.00011468682141613229,3.889475076003035e-05
3394.101,0.276208406,0.27628077511406235,0.27626001658318017,-7.236911406233171e-05,3.887871924611663e-05
3394.583,0.27645685449999996,0.2761688720289486,0.27615312193336194,0.0002879824710513845,3.88627000334031e-05
3395.066,0.27619557619999996,0.2760575141492865,0.27604678342459577,0.00013806205071348332,3.8846659912873086e-05
3395.548,0.2762420921,0.2759471684867669,0.27594144631004797,0.0002949236132330779,3.883066529084125e-05
3396.03,0.27629044610000003,0.2758376095351013,0.2758368945027232,0.0004528365648987509,3.8814682932838554e-05
3396.512,0.2761168062,0.2757288431101933,0.2757331328463099,0.0003879630898067088,3.879871282651529e-05
3396.994,0.2760719561,0.27562087498916943,0.2756301661462493,0.0004510811108305868,3.8782754959534445e-05
3397.476,0.2758756235,0.2755137109099708,0.2755279991695194,0.00036191259002921194,3.8766809319575334e-05
3397.958,0.2762260978,0.2754073565709464,0.27542663664441996,0.0008187412290536211,3.875087589433302e-05
3398.44,0.2761746028,0.27530181763045114,0.2753260832603633,0.000872785169548862,3.8734954671516765e-05
3398.923,0.2761392448,0.2751968833066578,0.27522613758818537,0.0009423614933422031,3.871901264522297e-05
3399.405,0.2759894013,0.2750929936969885,0.2751272181005415,0.0008964076030115176,3.870311581570093e-05
3399.887,0.2760989182,0.2749899362283731,0.27502912159619525,0.001108981971626899,3.8687231151799616e-05
3400.369,0.27635841159999996,0.2748877163950999,0.27493185260683944,0.0014706952049000632,3.8671358641288653e-05
3400.851,0.2760725588,0.27478633964947197,0.27483541562424624,0.0012862191505280118,3.86554982719534e-05
3401.333,0.2757455842,0.27468581140141773,0.2747398151000683,0.0010597727985822702,3.863965003159366e-05
3401.815,0.2760111332,0.27458613701809953,0.2746450554456379,0.0014249961819004509,3.8623813908024425e-05
3402.297,0.2758414133,0.2744873218235293,0.27455114103177247,0.001354091476470698,3.8607989889076556e-05
3402.78,0.2756544574,0.2743891687831638,0.2744578839940992,0.0012652886168362243,3.859214517032895e-05
3403.262,0.27589451870000004,0.2742920895733829,0.2743656747867037,0.001602429126617122,3.857634534922294e-05
3403.744,0.2759600614,0.27419588527237504,0.2742743236960637,0.0017641761276249723,3.8560557596291795e-05
3404.226,0.27570736879999996,0.27410056102763714,0.2741838349289203,0.0016068077723628282,3.8544781899426386e-05
3404.708,0.2756765491,0.2740061219416189,0.2740942126505448,0.0016704271583811159,3.852901824653025e-05
3405.19,0.2757322699,0.27391257307135075,0.2740054609845539,0.001819696828649242,3.851326662552393e-05
3405.672,0.27580034179999996,0.2738199194280756,0.27391758401272714,0.001980422371924362,3.849752702434103e-05
3406.154,0.2756964212,0.27372816597688254,0.27383058577482566,0.0019682552231174433,3.848179943093091e-05
3406.636,0.27560350889999996,0.273637317636344,0.27374447026841386,0.0019661912636559364,3.846608383325744e-05
3407.119,0.2755541758,0.2735471936333288,0.2736590655498333,0.002006982166671223,3.8450347651635344e-05
3407.601,0.2754735175,0.27345817198487055,0.27357472918117665,0.002015345515129441,3.843465603421059e-05
3408.083,0.2756120924,0.27337006992995383,0.27349128728974637,0.002242022470046179,3.8418976376477705e-05
3408.565,0.2756353866,0.27328289219740853,0.27340874370248164,0.002352494402591443,3.8403308666458764e-05
3409.047,0.27584723619999996,0.2731966434677757,0.2733271022032614,0.002650592732224233,3.838765289219244e-05
3409.529,0.2756170889,0.2731113283729593,0.27324636653273626,0.002505760527040657,3.837200904173016e-05
3410.011,0.2756351837,0.27302695149588674,0.27316654038816507,0.00260823220411327,3.835637710313824e-05
3410.493,0.2756321465,0.27294351737016703,0.2730876274232526,0.0026886291298329756,3.834075706449894e-05
3410.976,0.275645696,0.272860860332862,0.2730094703856781,0.002784835667137997,3.8325116544202474e-05
3411.458,0.2758220919,0.27277932709072383,0.27293239647930634,0.003042764809276177,3.8309520294396876e-05
3411.94,0.2757976295,0.2726987499105634,0.27285624645804785,0.003098879589436554,3.8293935908850535e-05
3412.422,0.2757163581,0.27261913312528807,0.2727810237997139,0.003097224974711932,3.827836337570299e-05
3412.904,0.2756810665,0.27254048101684203,0.2727067319377815,0.003140585483157987,3.826280268310855e-05
3413.386,0.27588187399999997,0.27246279781588356,0.2726333742612405,0.0034190761841164097,3.824725381923535e-05
3413.868,0.2758020841,0.27238608770147205,0.2725609541144485,0.003415996398527965,3.8231716772266825e-05
3414.35,0.2757431799,0.2723103548007535,0.2724894747969833,0.003432825099246528,3.821619153040039e-05
3414.833,0.27585926180000003,0.27223544912516695,0.2724187942084487,0.0036238126748330823,3.820064590852044e-05
3415.314,0.2757128258,0.2721618368875703,0.2723493516235931,0.00355098891242972,3.8185176414835236e-05
3415.797,0.275802616,0.2720889099084858,0.2722805727304026,0.003713706091514224,3.8169654393114586e-05
3416.279,0.2756866916,0.272017128149632,0.27221289080705535,0.003669563450367952,3.8154176278301676e-05
3416.761,0.2759807261,0.2719463434587946,0.2721461655406219,0.004034382641205425,3.8138709909769756e-05
3417.243,0.2759202642,0.2718765596451763,0.27208039995897326,0.004043704554823668,3.8123255275802715e-05
3417.725,0.2757486405,0.2718077804639819,0.2720155970442403,0.003940860036018068,3.8107812364699015e-05
3418.207,0.2759950774,0.2717400096161367,0.2719517597326882,0.004255067783863309,3.809238116477036e-05
3418.689,0.2757248812,0.2716732507480058,0.27188889091458746,0.004051630451994193,3.8076961664343534e-05
3419.171,0.2757473289,0.2716075074511204,0.27182699343409156,0.004139821448879588,3.806155385175963e-05
3419.654,0.2757151108,0.2715426500411401,0.27176594470666005,0.004172460758859908,3.8046125785310974e-05
3420.136,0.2757823253,0.27147895056578586,0.2717060002783205,0.00430337473421416,3.8030741337680066e-05
3420.618,0.2758489893,0.27141627711162475,0.2716470354476953,0.004432712188375265,3.801536854297584e-05
3421.1,0.2757853535,0.27135463304806556,0.27158905287317375,0.004430720451934433,3.8000007389595075e-05
3421.582,0.275902393,0.2712940216883676,0.2715320551664397,0.004608371311632442,3.798465786595048e-05
3422.064,0.2758949061,0.27123444628938975,0.27147604489236027,0.004660459810610251,3.796931996046679e-05
3422.546,0.2757946075,0.27117591005134484,0.2714210245688776,0.0046186974486551735,3.795399366158479e-05
3423.028,0.2759012239,0.2711184161175568,0.27136699666690306,0.004782807782443166,3.7938678957758595e-05
3423.51,0.2757873292,0.27106196757422296,0.27131396361021165,0.004725361625777025,3.792337583745539e-05
3423.993,0.2758735213,0.27100645360406267,0.27126182085541034,0.0048670676959373105,3.79080525759749e-05
3424.475,0.2758095446,0.27095210705491407,0.2712107866477069,0.004857437545085941,3.789277261215174e-05
3424.957,0.2756838365,0.270898814815719,0.27116075427747466,0.004785021684281021,3.7877504197316585e-05
3425.439,0.2759458473,0.2708465797417531,0.2711117259788498,0.005099267558246912,3.786224731999352e-05
3425.921,0.2757681701,0.27079540463003937,0.27106370393834534,0.004972765469960616,3.784700196872119e-05
3426.403,0.2755743567,0.2707452922191367,0.27101669029475983,0.004829064480863343,3.7831768132050504e-05
3426.885,0.27575351179999996,0.270696245188932,0.270970687139089,0.005057266611067979,3.781654579854797e-05
3427.367,0.2757575177,0.27064826616043763,0.2709256965144389,0.005109251539562376,3.780133495679335e-05
3427.85,0.275685943,0.2706012614897208,0.2708816302351804,0.005084681510279188,3.778610407336117e-05
3428.332,0.2756586573,0.2705554283200387,0.2708386727207743,0.005103228979961294,3.777091620467999e-05
3428.814,0.2755309476,0.27051067066490375,0.2707967335824345,0.005020276935096268,3.775573979354575e-05
3429.296,0.275582531,0.27046699090776827,0.27075581467079357,0.005115540092231752,3.774057482859388e-05
3429.778,0.2754221772,0.27042439137226404,0.27071591778819615,0.004997785827735968,3.7725421298472754e-05
3430.26,0.2756570414,0.2703828743220265,0.27067704468862847,0.005274167077973513,3.771027919184529e-05
3430.742,0.2755864058,0.2703424419605246,0.2706391970776463,0.005243963839475396,3.7695148497388754e-05
3431.224,0.2755551336,0.27030309643089434,0.2706023766123069,0.005252037169105661,3.768002920379285e-05
3431.707,0.2754859443,0.27026476157854346,0.2705665117149193,0.005221182721456552,3.766488996739401e-05
3432.189,0.27568939530000003,0.2702275981653467,0.27053175245688865,0.0054617971346533345,3.764979346524008e-05
3432.671,0.27536945960000003,0.27019152765385224,0.2704980250271234,0.005177931946147796,3.7634708330075996e-05
3433.153,0.2755777862,0.2701565519441745,0.27046533088795155,0.005421234255825524,3.7619634550648165e-05
3433.635,0.27542561849999997,0.2701226728753381,0.27043367145289704,0.005302945624661881,3.760457211571389e-05
3434.117,0.2752525555,0.27008989222513946,0.2704030480866251,0.005162663274860535,3.758952101404656e-05
3434.599,0.2751844758,0.2700582117100139,0.2703734621048889,0.005126264089986121,3.757448123443146e-05
3435.081,0.2755012154,0.2700276329849103,0.2703449147744816,0.005473582415089717,3.7559452765668555e-05
3435.563,0.2754140902,0.2699981576431667,0.27031740731318743,0.005415932556833314,3.7544435596569684e-05
3436.046,0.2755212371,0.2699697295061724,0.2702908870630851,0.005551507593827609,3.7529398595157964e-05
3436.528,0.2753443271,0.26994246776102887,0.2702654649603946,0.005401859338971138,3.751440401526837e-05
3437.01,0.275234949,0.26991631381130465,0.27024108608784836,0.005318635188695353,3.74994207015409e-05
3437.492,0.2753529432,0.26989126900264304,0.27021775146666593,0.005461674197356936,3.748444864284277e-05
3437.974,0.2754866173,0.26986733461853796,0.27019546206885486,0.005619282681462057,3.746948782805496e-05
3438.456,0.2755366579,0.26984451188024355,0.2701742188171778,0.005692146019756428,3.745453824607079e-05
3438.938,0.2756060446,0.26982280194668357,0.27015402258512033,0.005783242653316423,3.7439599885798085e-05
3439.42,0.2754827365,0.26980220591437154,0.27013487419686255,0.005680530585628452,3.74246727361577e-05
3439.903,0.2756111297,0.26978268555977325,0.27011673796641017,0.005828444140226763,3.7409725851763806e-05
3440.385,0.2755975702,0.26976432268559236,0.2700996897187201,0.0058332475144076135,3.7394821113405935e-05
3440.867,0.2756769816,0.269747076628799,0.27008369149263106,0.005929904971200994,3.7379927552500284e-05
3441.349,0.2755642908,0.2697309482354051,0.27006874391475355,0.00583334256459489,3.7365045158021195e-05
3441.831,0.2755841048,0.26971593828867235,0.2700548475622804,0.005868166511327655,3.73501739189566e-05
3442.313,0.2755610772,0.2697020475090626,0.2700420029629743,0.0058590296909373785,3.733531382430783e-05
3442.795,0.2756880598,0.2696892765541888,0.2700302105951529,0.005998783245811212,3.732046486308778e-05
3443.277,0.275739513,0.2696776260187728,0.2700194708876783,0.006061886981227171,3.730562702432567e-05
3443.76,0.27566177459999996,0.26966707575456084,0.27000976521799713,0.005994698845439128,3.7290769547759084e-05
3444.241,0.2757217097,0.2696576882705361,0.27000115092189625,0.006064021429463884,3.727598467034832e-05
3444.724,0.27563861240000004,0.2696493859072109,0.269993556643999,0.005989226492789157,3.726114942996753e-05
3445.206,0.2758025263,0.26964222406632,0.26998703306387334,0.006160302233680026,3.724635599454646e-05
3445.688,0.2757150247,0.2696361846745432,0.2699815635466961,0.006078840025456778,3.7231573626896054e-05
3446.17,0.2756953729,0.26963126794853265,0.26997714822440366,0.006064104951467364,3.721680231612226e-05
3446.652,0.2759367512,0.2696274740418989,0.26997378717946735,0.00630927715810109,3.720204205134464e-05
3447.134,0.2758049687,0.26962480304520964,0.2699714804449028,0.006180165654790348,3.718729282169707e-05
3447.616,0.2758363558,0.26962325498599427,0.2699702280042786,0.006213100814005723,3.717255461632446e-05
3448.098,0.2759035875,0.2696228298287524,0.26997002979172974,0.006280757671247583,3.715782742438739e-05
3448.581,0.275805158,0.269623530089417,0.2699708885633396,0.006181627910583021,3.714308071497271e-05
3449.063,0.2758063661,0.2696253527065021,0.26997280059809614,0.006181013393497858,3.7128375540226995e-05
3449.545,0.2756327329,0.2696282977405211,0.2699757663663941,0.006004435159478905,3.7113681346449186e-05
3450.027,0.2757121488,0.2696323649039202,0.2699797856047019,0.006079783896079827,3.709899812285004e-05
3450.509,0.2758319047,0.2696375538462388,0.26998485800015165,0.0061943508537612435,3.7084325858653706e-05
3450.991,0.2757076223,0.2696438641541491,0.2699909831905644,0.006063758145850917,3.706966454309759e-05
3451.473,0.2757427367,0.2696512953515019,0.26999816076448013,0.0060914413484980945,3.7055014165431676e-05
3451.955,0.2759660684,0.2696598468993769,0.270006390261188,0.006306221500623099,3.7040374714918956e-05
3452.438,0.2757516544,0.2696695394245927,0.27001569151831917,0.006082114975407282,3.7025715842519306e-05
3452.92,0.2756521572,0.26968033212696185,0.27002602546122234,0.005971825073038173,3.701109823676801e-05
3453.402,0.2757061762,0.2696922431854652,0.27003740964831036,0.006013933014534789,3.699649152601423e-05
3453.884,0.2759894102,0.2697052718105679,0.270049843422122,0.006284138389432092,3.698189569957258e-05
3454.366,0.2759368448,0.26971941715029135,0.2700633260761346,0.006217427649708673,3.696731074676949e-05
3454.848,0.2761151367,0.2697346782902913,0.27007785685480834,0.006380458409708689,3.695273665694581e-05
3455.33,0.2759278414,0.26975105425394535,0.27009343495363264,0.00617678714605463,3.6938173419454664e-05
3455.812,0.2760748219,0.26976854400244266,0.27011005951917666,0.006306277897557333,3.6923621023661375e-05
3456.294,0.2759021651,0.26978714643487983,0.27012772964913956,0.006115018665120153,3.6909079458944566e-05
3456.777,0.2760256188,0.26980690244326166,0.2701464843048589,0.006218716356738319,3.6894518579164036e-05
3457.259,0.2760861048,0.2698277289952055,0.27016624482564905,0.0062583758047944915,3.687999866720276e-05
3457.741,0.276173323,0.26984966455411685,0.27018704790906045,0.0063236584458831735,3.686548955450854e-05
3458.223,0.2760795997,0.2698727077716474,0.27020889245777263,0.006206891928352609,3.6850991230509756e-05
3458.705,0.27632233970000003,0.269896857237908,0.27023177732588766,0.006425482462092014,3.683650368464909e-05
3459.187,0.2763569408,0.2699221114815946,0.2702557013189941,0.006434829318405388,3.6822026906380824e-05
3459.669,0.27608764480000003,0.26994846897011726,0.27028066319423383,0.00613917582988277,3.680756088517279e-05
3460.151,0.2765346881,0.26997592810973636,0.27030666166037365,0.0065587599902636184,3.679310561050492e-05
3460.634,0.2764822783,0.2700045476392837,0.2703337525396118,0.006477730660716274,3.677863111509939e-05
3461.116,0.276391363,0.27003420733274314,0.2703618222641747,0.006357155667256864,3.676419732424257e-05
3461.598,0.27643268800000004,0.2700649635268505,0.2703909244133773,0.006367724473149539,3.674977424841963e-05
3462.08,0.2763883568,0.2700968143845851,0.2704210575031203,0.006291542415414908,3.673536187716087e-05
3462.562,0.2764781134,0.27012975800852274,0.27045222000130953,0.006348355391477267,3.672096020000864e-05
3463.044,0.2765396295,0.27016379244100086,0.27048441032793913,0.006375837058999134,3.670656920651781e-05
3463.526,0.2764467794,0.2701989156642848,0.2705176268551748,0.006247863735715231,3.669218888625791e-05
3464.008,0.27631768959999997,0.2702351256007426,0.27055186790744373,0.006082563999257384,3.667781922880759e-05
3464.49,0.276314507,0.27027242011302244,0.27058713176152227,0.006042086886977549,3.6663460223760256e-05
3464.973,0.2762905394,0.2703108777479146,0.2706234929865782,0.005979661652085355,3.664908210338798e-05
3465.455,0.2762477451,0.27035033700035027,0.27066079919709224,0.005897408099649726,3.663474439402055e-05
3465.937,0.27631900730000003,0.2703908740552125,0.2706991227508527,0.005928133244787526,3.6620417305888025e-05
3466.419,0.2763668647,0.2704324865380169,0.2707384617348769,0.0059343781619831115,3.6606100828631816e-05
3466.901,0.2764485967,0.2704751720155171,0.2707788141890126,0.00597342468448292,3.659179495190661e-05
3467.383,0.2764156527,0.27051892799590954,0.27082017810604075,0.0058967247040904724,3.657749966538038e-05
3467.865,0.2764367483,0.27056375192904325,0.2708625514317802,0.005872996370956729,3.656321495873236e-05
3468.347,0.2764400742,0.27060964120663555,0.27090593206519575,0.005830432993364443,3.6548940821654215e-05
3468.83,0.2763692181,0.27065669167595563,0.2709504109885601,0.005712526424044351,3.653464766233365e-05
3469.312,0.2764772554,0.2707047057823821,0.2709958018258768,0.005772549617617917,3.652039465539503e-05
3469.794,0.2763525373,0.2707537770559947,0.2710421933830386,0.005598760244005296,3.650615218715379e-05
3470.276,0.27645888,0.2708039026580875,0.27108958337260747,0.005654977341912504,3.6491920247351344e-05
3470.758,0.2768560816,0.2708550796929572,0.2711379694608582,0.0060010019070428355,3.647769882574096e-05
3471.24,0.2764964829,0.2709073052081446,0.27118734926789867,0.005589177691855407,3.646348791208752e-05
3471.722,0.276639755,0.2709605761946778,0.27123772036779076,0.005679178805322205,3.644928749616928e-05
3472.204,0.2767169897,0.27101488958732056,0.27128908028867593,0.005702100112679465,3.643509756777532e-05
3472.687,0.2766137989,0.27107035818254344,0.2713415361385141,0.005543440717456549,3.642088870964382e-05
3473.168,0.27678524039999997,0.2711266310501883,0.2713947564771442,0.005658609349811661,3.6406749132781216e-05
3473.651,0.2767505209,0.2711841729143891,0.2714491812692207,0.005566347985610898,3.639256124214699e-05
3474.133,0.2768841635,0.2712426262953681,0.2715044728687741,0.005641537204631897,3.6378413183655316e-05
3474.615,0.2768542209,0.27130210591430365,0.2715607402400543,0.005552114985696355,3.636427556179788e-05
3475.097,0.2768753803,0.27136260837370657,0.27161798063830617,0.005512771926293403,3.635014836643793e-05
3475.579,0.2769865856,0.27142413022167755,0.2716761912737824,0.005562455378322451,3.6336031587449486e-05
3476.061,0.2769648828,0.27148666795218646,0.271735369311883,0.005478214847813523,3.6321925214718905e-05
3476.543,0.2769371866,0.27155021800535784,0.27179551187329953,0.005386968594642161,3.6307829238145e-05
3477.025,0.277075532,0.27161477676775647,0.27185661603415745,0.0054607552322435415,3.629374364763906e-05
3477.508,0.2769143081,0.27168047763934106,0.2719188085815576,0.00523383046065895,3.627963924221218e-05
3477.99,0.2770255233,0.27174704484065354,0.2719818289716076,0.005278478459346481,3.626557441511698e-05
3478.472,0.2771075474,0.2718146095845998,0.2720458019171864,0.005292937815400189,3.625151994387175e-05
3478.954,0.2769570806,0.27188316804635987,0.27211072431756156,0.0050739125536401475,3.6237475818436314e-05
3479.436,0.2771897431,0.2719527163490542,0.2721765930281934,0.0052370267509457835,3.622344202878012e-05
3479.918,0.27729811449999997,0.27202325056405074,0.27224340486089005,0.0052748639359492255,3.620941856488636e-05
3480.4,0.2772450783,0.2720947667112811,0.272311156583968,0.0051503115887189255,3.6195405416748636e-05
3480.882,0.2773513122,0.27216726075955466,0.27237984492241074,0.005184051440445314,3.618140257437367e-05
3481.365,0.2775401661,0.2722408820592669,0.2724496119690979,0.005299284040733099,3.616738100829503e-05
3481.847,0.2774998261,0.27231532162064864,0.2725201654665216,0.005184504479351371,3.6153398768840374e-05
3482.329,0.2774787287,0.27239072667727204,0.27259164548881026,0.0050880020227279665,3.613942680521787e-05
3482.811,0.2775065334,0.2724670929966006,0.2726640485891866,0.005039440403399376,3.612546510747961e-05
3483.293,0.2774707891,0.27254441629661136,0.27273737127837516,0.004926372803388646,3.6111513665692663e-05
3483.775,0.2774063934,0.27262269224613517,0.27281161002477944,0.004783701153864839,3.609757246993359e-05
3484.257,0.2775954902,0.27270191646519604,0.27288676125465455,0.00489357373480398,3.6083641510289903e-05
3484.739,0.2773856778,0.272782084525352,0.2729628213522835,0.004603593274647988,3.606972077686413e-05
3485.221,0.2775809727,0.272863191950044,0.27303978666015705,0.004717780749955991,3.605581025976788e-05
3485.704,0.2776263565,0.2729454053957121,0.2731178159631013,0.0046809511042879,3.60418811209092e-05
3486.186,0.2775542671,0.2730283798543086,0.27319658241134887,0.004525887245691362,3.602799102800063e-05
3486.668,0.2774205787,0.2731122799529314,0.2732762428404839,0.004308298747068562,3.6014111121807723e-05
3487.15,0.2776578464,0.27319710102597417,0.2733567934275659,0.004460745374025854,3.600024139249119e-05
3487.632,0.2777048472,0.27328283836148903,0.27343823030878445,0.00442200883851096,3.598638183022097e-05
3488.114,0.2776845187,0.27336948720154985,0.27352054957964766,0.004315031498450139,3.597253242517941e-05
3488.596,0.2777923693,0.2734570427426182,0.27360374729517545,0.004335326557381836,3.5958693167560735e-05
3489.078,0.2778181026,0.2735455001359134,0.2736878194700926,0.004272602464086617,3.5944864047571054e-05
3489.561,0.2778636785,0.2736350407992233,0.27377293921050294,0.004228637700776694,3.593101639583986e-05
3490.043,0.2780082715,0.27372528901701987,0.2738587499813636,0.004282982482980147,3.591720754275219e-05
3490.525,0.2778391448,0.2738164242625908,0.2739454230074232,0.004022720537409208,3.5903408797958956e-05
3491.007,0.2779659553,0.27390844150983673,0.274032954144118,0.004057513790163281,3.588962015171187e-05
3491.489,0.2779554638,0.2740013356892981,0.2741213392075833,0.003954128110701949,3.5875841594276125e-05
3491.971,0.2780017537,0.274095101688544,0.2742105739748627,0.003906652011456013,3.586207311592458e-05
3492.453,0.2778966096,0.2741897343525538,0.2743006541841089,0.0037068752474462285,3.584831470694492e-05
3492.935,0.2778298853,0.2742852284841102,0.27439157553479654,0.003544656815889835,3.583456635763418e-05
3493.417,0.2777866618,0.2743815788441858,0.2744833336879277,0.0034050829558142093,3.5820828058302725e-05
3493.9,0.27799967379999996,0.2744789826956801,0.27457611722513053,0.0035206911043198508,3.5807071327835305e-05
3494.382,0.2779915357,0.27457703137930856,0.2746695375265856,0.0034145043206914583,3.579335312023485e-05
3494.864,0.2779240272,0.2746759203163106,0.27476378137551905,0.0032481068836893723,3.577964493359011e-05
3495.346,0.2780920078,0.27477564410430033,0.2748588442811075,0.0033163636956996534,3.5765946758255805e-05
3495.828,0.2779512045,0.27487619730107243,0.2749547217151331,0.0030750071989275596,3.575225858459856e-05
3496.31,0.27803548889999996,0.2749775744250067,0.27505140911220355,0.003057914474993262,3.573858040299546e-05
3496.792,0.2781554006,0.27507976995547107,0.2751489018699728,0.003075630644528926,3.572491220383615e-05
3497.274,0.2782245755,0.27518277833323124,0.275247195349366,0.003041797166768778,3.57112539775211e-05
3497.757,0.2780692283,0.2752868101812087,0.2753464912789566,0.002782418118791319,3.569757740891389e-05
3498.239,0.2781908679,0.2753914290807079,0.27544637377543124,0.0027994388192921216,3.568393912017445e-05
3498.721,0.2782152323,0.2754968439104708,0.2755470428482989,0.0027183883895292027,3.5670310775529127e-05
3499.203,0.278495716,0.275603048960883,0.27564849371376177,0.002892667039117003,3.565669236542255e-05
3499.685,0.2784864366,0.2757100384857875,0.2757507215524324,0.002776398114212486,3.564308388031228e-05
