wavenumber_cm1,reflectance_observed,reflectance_airy,reflectance_double_same_params,residual_signed,residual_abs,eta3_percent,angle_deg
1500.347,0.3920588871,0.3035040517845346,0.3047547387988156,0.0885548353154653,0.0885548353154653,0.0030087735499799,10.0
1500.829,0.391869392,0.303765534149277,0.3050543266652549,0.088103857850723,0.088103857850723,0.0030003500186037,10.0
1501.311,0.3917747453,0.3040235129399413,0.3053500228809579,0.0877512323600586,0.0877512323600586,0.0029919567339215,10.0
1501.793,0.3918415553,0.3042779865252454,0.3056418181949937,0.0875635687747545,0.0875635687747545,0.0029835935649347,10.0
1502.276,0.3916938948,0.3045294704502649,0.3059302968245664,0.087164424349735,0.087164424349735,0.0029752431236243,10.0
1502.758,0.391700591,0.3047769220276474,0.3062142555070429,0.0869236689723526,0.0869236689723526,0.0029669398574866,10.0
1503.24,0.3916080769,0.3050208643645203,0.3064942871123951,0.0865872125354796,0.0865872125354796,0.0029586663177429,10.0
1503.722,0.3914858299,0.3052612963999597,0.3067703834527372,0.0862245335000402,0.0862245335000402,0.0029504223760244,10.0
1504.204,0.3915002911,0.305498217212625,0.3070425366053423,0.0860020738873749,0.0860020738873749,0.0029422079046097,10.0
1504.686,0.3914835867,0.3057316260196183,0.3073107389124238,0.0857519606803817,0.0857519606803817,0.0029340227764215,10.0
1505.168,0.3915595262,0.3059615221753597,0.3075749829809042,0.0855980040246402,0.0855980040246402,0.0029258668650225,10.0
1505.65,0.3918849317,0.3061879051704806,0.3078352616821697,0.0856970265295193,0.0856970265295193,0.0029177400446119,10.0
1506.133,0.3916365401,0.3064112333630049,0.3080920957742223,0.0852253067369951,0.0852253067369951,0.0029096254195171,10.0
1506.615,0.3923063897,0.3066305817580253,0.3083444151502275,0.0856758079419747,0.0856758079419747,0.0029015564659166,10.0
1507.097,0.3925653979,0.3068464162706502,0.3085927493443894,0.0857189816293497,0.0857189816293497,0.0028935162294282,10.0
1507.579,0.3931000585999999,0.3070587369258601,0.3088370922837286,0.0860413216741398,0.0860413216741398,0.002885504586762,10.0
1508.061,0.3933094969999999,0.3072675438795407,0.3090774381582719,0.0860419531204592,0.0860419531204592,0.0028775214152465,10.0
1508.543,0.3931080318,0.3074728374174704,0.3093137814207184,0.0856351943825295,0.0856351943825295,0.0028695665928249,10.0
1509.025,0.3931055508,0.3076746179543233,0.3095461167860895,0.0854309328456766,0.0854309328456766,0.0028616399980517,10.0
1509.507,0.3930076254,0.3078728860326877,0.3097744392313646,0.0851347393673123,0.0851347393673123,0.0028537415100894,10.0
1509.99,0.3928415043,0.3080680427308294,0.3099992051781498,0.0847734615691705,0.0847734615691705,0.0028458547088725,10.0
1510.471,0.392761306,0.3082588876180965,0.3102190265770512,0.0845024183819034,0.0845024183819034,0.0028380283742651,10.0
1510.954,0.392581049,0.3084470086854353,0.3104357272137144,0.0841340403145647,0.0841340403145647,0.0028301973030398,10.0
1511.436,0.392492985,0.3086312276015743,0.3106479446082413,0.0838617573984256,0.0838617573984256,0.0028224101031794,10.0
1511.918,0.3922198225,0.3088119386601797,0.3108561278757559,0.0834078838398202,0.0834078838398202,0.002814650414694,10.0
1512.4,0.3922047722,0.3089891431518461,0.3110602735570814,0.0832156290481538,0.0832156290481538,0.0028069181203217,10.0
1512.882,0.3919332819,0.3091628424886478,0.3112603784520515,0.0827704394113522,0.0827704394113522,0.0027992131033845,10.0
1513.364,0.3921821639,0.3093330382032814,0.3114564396190334,0.0828491256967186,0.0828491256967186,0.0027915352477851,10.0
1513.846,0.3919456430999999,0.3094997319482252,0.311648454374438,0.0824459111517747,0.0824459111517747,0.0027838844380034,10.0
1514.328,0.3918866531,0.3096629254949119,0.3118364202922135,0.082223727605088,0.082223727605088,0.0027762605590932,10.0
1514.811,0.3916892725,0.3098229484157292,0.3120207125571551,0.0818663240842708,0.0818663240842708,0.0027686477629356,10.0
1515.293,0.3915738428,0.3099791401004012,0.312200566138709,0.0815947026995988,0.0815947026995988,0.0027610774584917,10.0
1515.775,0.3914881037,0.3101318376113245,0.3123763651412866,0.0813562660886754,0.0813562660886754,0.0027535337432582,10.0
1516.257,0.3916754468,0.3102810431880226,0.3125481081641996,0.0813944036119773,0.0813944036119773,0.0027460165045535,10.0
1516.739,0.3913843691,0.3104267591850649,0.312715794061571,0.080957609914935,0.080957609914935,0.0027385256302542,10.0
1517.221,0.3912159487,0.3105689880713285,0.3128794219417481,0.0806469606286715,0.0806469606286715,0.0027310610087915,10.0
1517.703,0.3910886843,0.310707732429276,0.3130389911667045,0.0803809518707239,0.0803809518707239,0.0027236225291482,10.0
1518.185,0.3911664738,0.3108429949542493,0.3131945013514283,0.0803234788457507,0.0803234788457507,0.0027162100808555,10.0
1518.667,0.3908612147,0.3109747784537754,0.3133459523632967,0.0798864362462245,0.0798864362462245,0.0027088235539899,10.0
1519.15,0.3910422412,0.3111033484334805,0.3134936458947238,0.0799388927665194,0.0799388927665194,0.0027014475947339,10.0
1519.632,0.3907428775,0.3112281755477282,0.3136369707494217,0.0795147019522718,0.0795147019522718,0.0026941126363321,10.0
1520.114,0.3906330888,0.3113495327321358,0.3137762375428361,0.0792835560678641,0.0792835560678641,0.0026868032726046,10.0
1520.596,0.3906849477,0.3114674232365558,0.3139114471459107,0.0792175244634441,0.0792175244634441,0.00267951939578,10.0
1521.078,0.3904466152999999,0.3115818504197749,0.3140426006786602,0.078864764880225,0.078864764880225,0.0026722608986171,10.0
1521.56,0.3902494585,0.3116928177489055,0.3141696995094665,0.0785566407510945,0.0785566407510945,0.0026650276744016,10.0
1522.042,0.3904848195,0.3118003287987931,0.3142927452543654,0.0786844907012068,0.0786844907012068,0.0026578196169437,10.0
1522.524,0.390131719,0.3119043872514365,0.3144117397763212,0.0782273317485635,0.0782273317485635,0.0026506366205748,10.0
1523.007,0.3900608615,0.3120052020467807,0.3145269194529866,0.0780556594532193,0.0780556594532193,0.002643463755307,10.0
1523.489,0.39000449,0.3121023596337227,0.3146378097087983,0.0779021303662773,0.0779021303662773,0.0026363306176307,10.0
1523.971,0.3899422009,0.3121960763151484,0.3147446558103147,0.0777461245848515,0.0777461245848515,0.0026292222269201,10.0
1524.453,0.3898746044,0.3122863561963602,0.3148474606012006,0.0775882482036397,0.0775882482036397,0.0026221384795637,10.0
1524.935,0.3899180551,0.3123732034871169,0.3149462271682293,0.077544851612883,0.077544851612883,0.0026150792724567,10.0
1525.417,0.3896293287,0.3124566225011353,0.3150409588404823,0.0771727061988647,0.0771727061988647,0.0026080445029981,10.0
1525.899,0.3893360498,0.3125366176556043,0.3151316591885383,0.0767994321443956,0.0767994321443956,0.0026010340690883,10.0
1526.381,0.3893736600999999,0.3126131934707123,0.3152183320236505,0.0767604666292876,0.0767604666292876,0.0025940478691258,10.0
1526.864,0.3891250474,0.3126865028093727,0.315301148689199,0.0764385445906273,0.0764385445906273,0.0025870713828983,10.0
1527.346,0.3887505676,0.3127562468463459,0.3153797705567844,0.075994320753654,0.075994320753654,0.002580133397761,10.0
1527.828,0.3888751853,0.3128225857281049,0.3154543777904605,0.0760525995718951,0.0760525995718951,0.002573219344522,10.0
1528.31,0.3886468264,0.3128855243825754,0.3155249751562005,0.0757613020174245,0.0757613020174245,0.0025663291235469,10.0
1528.792,0.3884641069,0.3129450678385096,0.315591567656359,0.0755190390614903,0.0755190390614903,0.0025594626356854,10.0
1529.274,0.3882072856,0.3130012212250906,0.3156541605287803,0.0752060643749093,0.0752060643749093,0.0025526197822696,10.0
1529.756,0.3880703572,0.3130539897715465,0.315712759245894,0.0750163674284534,0.0750163674284534,0.0025458004651106,10.0
1530.238,0.3878381997,0.3131033788067788,0.3157673695138002,0.0747348208932212,0.0747348208932212,0.0025390045864961,10.0
1530.72,0.3875972528999999,0.3131493937590024,0.3158179972713446,0.0744478591409975,0.0744478591409975,0.0025322320491877,10.0
1531.203,0.3871955246,0.3131921251356811,0.315864741347365,0.0740033994643188,0.0740033994643188,0.002525468777832,10.0
1531.685,0.3871721063,0.3132314016309372,0.3159074145974372,0.0739407046690627,0.0739407046690627,0.002518742681229,10.0
1532.167,0.3868877952,0.3132673209322614,0.3159461245547322,0.0736204742677386,0.0736204742677386,0.002512039636836,10.0
1532.649,0.3866887296,0.3132998888619578,0.3159808780800754,0.0733888407380422,0.0733888407380422,0.0025053595492851,10.0
1533.131,0.3866177832999999,0.3133291113400194,0.3160116822622453,0.0732886719599805,0.0732886719599805,0.0024987023236696,10.0
1533.613,0.386396176,0.3133549943838357,0.3160385444169819,0.0730411816161643,0.0730411816161643,0.0024920678655408,10.0
1534.095,0.3863670752,0.3133775441079152,0.3160614720859875,0.0729895310920848,0.0729895310920848,0.0024854560809062,10.0
1534.577,0.3860272777,0.3133967667236162,0.3160804730359146,0.0726305109763837,0.0726305109763837,0.0024788668762264,10.0
1535.06,0.3859250918,0.3134126980826741,0.3160955824804162,0.0725123937173258,0.0725123937173258,0.0024722865578277,10.0
1535.542,0.3855385116,0.3134252786322034,0.316106746082422,0.0721132329677966,0.0721132329677966,0.0024657422806055,10.0
1536.024,0.3855087737,0.3134345512995997,0.3161140076224802,0.0720742224004002,0.0720742224004002,0.0024592203052245,10.0
1536.506,0.3850810847,0.3134405226813582,0.3161173757571913,0.0716405620186417,0.0716405620186417,0.0024527205399348,10.0
1536.988,0.3847300718999999,0.3134431994696447,0.3161168593628973,0.0712868724303552,0.0712868724303552,0.0024462428934276,10.0
1537.47,0.3845749742,0.3134425884520929,0.3161124675346117,0.071132385747907,0.071132385747907,0.0024397872748324,10.0
1537.952,0.3844669575,0.3134386965116099,0.316104209584938,0.0710282609883901,0.0710282609883901,0.0024333535937151,10.0
1538.434,0.3841132207,0.3134315306261923,0.3160920950429794,0.0706816900738077,0.0706816900738077,0.0024269417600752,10.0
1538.917,0.3839779267,0.3134210728330814,0.3160760965464089,0.0705568538669186,0.0705568538669186,0.0024205384494807,10.0
1539.398,0.3838009349,0.3134074054069554,0.3160563353745097,0.0703935294930445,0.0703935294930445,0.0024141832773809,10.0
1539.881,0.3836205793,0.3133904219718454,0.3160326573935512,0.0702301573281545,0.0702301573281545,0.0024078233051533,10.0
1540.363,0.3832841937,0.3133702252577426,0.3160052081580212,0.0699139684422573,0.0699139684422573,0.0024014980145086,10.0
1540.845,0.3829313573999999,0.3133467909248481,0.3159739532065903,0.0695845664751518,0.0695845664751518,0.0023951941275811,10.0
1541.327,0.3825532901999999,0.3133201265185814,0.3159389033443672,0.0692331636814185,0.0692331636814185,0.0023889115569242,10.0
1541.809,0.3825323593,0.3132902396784358,0.3159000695850622,0.0692421196215641,0.0692421196215641,0.0023826502155089,10.0
1542.291,0.3821880680999999,0.3132571381378718,0.3158574631498239,0.068930929962128,0.068930929962128,0.0023764100167214,10.0
1542.773,0.3818394079,0.3132208297242174,0.3158110954660652,0.0686185781757826,0.0686185781757826,0.0023701908743605,10.0
1543.255,0.3815771093,0.3131813223585778,0.3157609781662818,0.0683957869414221,0.0683957869414221,0.0023639927026357,10.0
1543.738,0.3809540228,0.3131385321587053,0.3157070074772402,0.0678154906412946,0.0678154906412946,0.0023578026218692,10.0
1544.22,0.3809242066,0.3130926444322384,0.3156494189401689,0.0678315621677616,0.0678315621677616,0.0023516461787427,10.0
1544.702,0.3803622875,0.3130435820961093,0.3155881169287146,0.0673187054038907,0.0673187054038907,0.0023455104511475,10.0
1545.184,0.3801952892,0.3129913534459964,0.3155231138841291,0.0672039357540036,0.0672039357540036,0.0023393953549139,10.0
1545.666,0.3799304492,0.3129359668710306,0.3154544224467079,0.0669944823289693,0.0669944823289693,0.0023333008062722,10.0
1546.148,0.3796459105999999,0.312877430853756,0.3153820554545573,0.0667684797462439,0.0667684797462439,0.0023272267218498,10.0
1546.63,0.3793437637,0.3128157539700962,0.3153060259423543,0.0665280097299038,0.0665280097299038,0.0023211730186697,10.0
1547.112,0.3790097262999999,0.3127509448893293,0.3152263471400986,0.0662587814106706,0.0662587814106706,0.0023151396141475,10.0
1547.594,0.3785742537,0.3126830123740698,0.3151430324718555,0.0658912413259302,0.0658912413259302,0.0023091264260902,10.0
1548.077,0.3783042655999999,0.312611814648248,0.3150559114316746,0.0656924509517519,0.0656924509517519,0.002303120959846,10.0
1548.559,0.3780416263,0.3125376554913036,0.3149653586016839,0.0655039708086963,0.0655039708086963,0.002297148001212,10.0
1549.041,0.3776756829,0.3124603997665215,0.314871211358859,0.0652152831334784,0.0652152831334784,0.0022911950146201,10.0
1549.523,0.377230178,0.3123800566100249,0.3147734838912028,0.064850121389975,0.064850121389975,0.0022852619194209,10.0
1550.005,0.3769162647,0.3122966352512915,0.3146721905743845,0.0646196294487084,0.0646196294487084,0.0022793486353452,10.0
1550.487,0.3767105113,0.3122101450131795,0.3145673459704389,0.0645003662868204,0.0645003662868204,0.0022734550825025,10.0
1550.969,0.3762788826,0.3121205953119565,0.3144589648264557,0.0641582872880434,0.0641582872880434,0.0022675811813784,10.0
1551.451,0.3760062511,0.3120279956573369,0.3143470620732655,0.0639782554426631,0.0639782554426631,0.0022617268528331,10.0
1551.934,0.3757032169,0.3119321540755549,0.3142314097514264,0.0637710628244451,0.0637710628244451,0.0022558799328422,10.0
1552.416,0.3751775816,0.3118334771397744,0.3141125020735135,0.0633441044602255,0.0633441044602255,0.0022500645537223,10.0
1552.898,0.3748598605,0.3117317793612895,0.3139901187003444,0.0631280811387105,0.0631280811387105,0.0022442685118262,10.0
1553.38,0.3742299065,0.3116270706242841,0.3138642752847751,0.0626028358757159,0.0626028358757159,0.0022384917294925,10.0
1553.862,0.3740422138,0.3115193609066625,0.3137349876567133,0.0625228528933374,0.0625228528933374,0.002232734129424,10.0
1554.344,0.3736963754,0.3114086602801204,0.3136022718217621,0.0622877151198796,0.0622877151198796,0.0022269956346859,10.0
1554.826,0.3732779745,0.3112949789102206,0.3134661439598549,0.0619829955897793,0.0619829955897793,0.002221276168704,10.0
1555.308,0.3727876278,0.311178327056476,0.3133266204238871,0.061609300743524,0.061609300743524,0.0022155756552628,10.0
1555.791,0.3725648408,0.311058463844978,0.3131834177586748,0.0615063769550219,0.0615063769550219,0.0022098822504449,10.0
1556.273,0.3720750927,0.3109358960695683,0.3130371456596497,0.0611391966304317,0.0611391966304317,0.0022042194537911,10.0
1556.755,0.3715048373,0.3108103891754054,0.3128875280043807,0.0606944481245946,0.0606944481245946,0.002198575383008,10.0
1557.237,0.3715005235999999,0.310681953798906,0.3127345818241266,0.0608185698010939,0.0608185698010939,0.0021929499632958,10.0
1557.719,0.3707647304,0.3105506006709155,0.3125783243161617,0.0602141297290844,0.0602141297290844,0.002187343120204,10.0
1558.201,0.3702714738,0.3104163406168151,0.3124187728423684,0.0598551331831849,0.0598551331831849,0.0021817547796293,10.0
1558.683,0.3695042495,0.310279184556634,0.3122559449278244,0.0592250649433659,0.0592250649433659,0.0021761848678139,10.0
1559.165,0.3691503419,0.3101391435051676,0.3120898582593863,0.0590111983948323,0.0590111983948323,0.0021706333113433,10.0
1559.647,0.3688522546,0.3099962285720943,0.311920530684264,0.0588560260279056,0.0588560260279056,0.0021651000371449,10.0
1560.13,0.3685261685,0.3098501455510075,0.3117476188824342,0.0586760229489924,0.0586760229489924,0.0021595735493216,10.0
1560.612,0.3681627754,0.3097015106600094,0.31157185704,0.0584612647399905,0.0584612647399905,0.0021540766593612,10.0
1561.094,0.367921195,0.3095500358107401,0.3113929088184914,0.0583711591892598,0.0583711591892598,0.0021485978343381,10.0
1561.576,0.3677195682,0.3093957324938785,0.3112107926925114,0.0583238357061214,0.0583238357061214,0.002143137002529,10.0
1562.058,0.3673041815,0.3092386122956379,0.3110255272898177,0.058065569204362,0.058065569204362,0.0021376940925434,10.0
1562.54,0.3672296695,0.3090786868978994,0.3108371313898654,0.0581509826021006,0.0581509826021006,0.0021322690333218,10.0
1563.022,0.3666268422,0.308915968078355,0.310645623922348,0.057710874121645,0.057710874121645,0.0021268617541339,10.0
1563.504,0.3662487635,0.308750467710649,0.3104510239657336,0.0574982957893509,0.0574982957893509,0.0021214721845768,10.0
1563.987,0.3657931171,0.308581845786138,0.3102529374541458,0.057211271313862,0.057211271313862,0.0021160891277783,10.0
1564.469,0.3655150562,0.3084108126192074,0.3100522040268461,0.0571042435807925,0.0571042435807925,0.0021107348039551,10.0
1564.951,0.3651654441,0.3082370341275527,0.3098484362644163,0.0569284099724472,0.0569284099724472,0.002105397980358,10.0
1565.433,0.3649318511,0.3080605225702931,0.3096416538259748,0.0568713285297068,0.0568713285297068,0.0021000785878773,10.0
1565.915,0.3643629693999999,0.3078812903032397,0.3094318765120166,0.0564816790967602,0.0564816790967602,0.0020947765577224,10.0
1566.397,0.3639423443,0.3076993497790498,0.3092191242629254,0.0562429945209501,0.0562429945209501,0.0020894918214197,10.0
1566.879,0.3634411293,0.3075147135473792,0.3090034171574748,0.0559264157526207,0.0559264157526207,0.0020842243108114,10.0
1567.361,0.3632835639,0.3073273942550355,0.3087847754113291,0.0559561696449645,0.0559561696449645,0.0020789739580533,10.0
1567.844,0.3626737529,0.3071370077099282,0.3085627567005086,0.0555367451900717,0.0555367451900717,0.0020737298559413,10.0
1568.325,0.3619837988,0.3069447575622543,0.3083387695350398,0.0550390412377456,0.0550390412377456,0.002068524456271,10.0
1568.808,0.3616158514,0.3067490580332971,0.3081109719102904,0.0548667933667028,0.0548667933667028,0.0020633144037983,10.0
1569.29,0.3609211555,0.306551129468901,0.3078807905468524,0.0543700260310989,0.0543700260310989,0.0020581320451919,10.0
1569.772,0.3604549063,0.3063505825679454,0.3076477776650888,0.0541043237320545,0.0541043237320545,0.0020529665097287,10.0
1570.254,0.3598943304,0.3061474305636193,0.3074119542705616,0.0537468998363806,0.0537468998363806,0.0020478177314141,10.0
1570.736,0.359327959,0.3059416867873521,0.3071733414951162,0.0533862722126479,0.0533862722126479,0.0020426856445561,10.0
1571.218,0.3586921261,0.3057333646689677,0.3069319605953516,0.0529587614310322,0.0529587614310322,0.0020375701837636,10.0
1571.7,0.35838226,0.305522477736838,0.3066878329510888,0.0528597822631619,0.0528597822631619,0.0020324712839447,10.0
1572.182,0.3576293635999999,0.3053090396180359,0.3064409800638347,0.052320323981964,0.052320323981964,0.0020273888803054,10.0
1572.665,0.3575111685,0.3050926133282628,0.3061909030078082,0.0524185551717372,0.0524185551717372,0.0020223124150687,10.0
1573.147,0.3570113627,0.304874108891574,0.305938659076756,0.0521372538084259,0.0521372538084259,0.0020172628444806,10.0
1573.629,0.3567074207,0.3046530947721348,0.3056837551674219,0.0520543259278651,0.0520543259278651,0.002012229577329,10.0
1574.111,0.3561981653,0.3044295849935264,0.3054262132528836,0.0517685803064735,0.0517685803064735,0.0020072125499958,10.0
1574.593,0.3556410876999999,0.3042035936787736,0.305166055420182,0.0514374940212263,0.0514374940212263,0.0020022116991535,10.0
1575.075,0.3550911904,0.3039751350504857,0.3049033038687672,0.0511160553495143,0.0511160553495143,0.0019972269617627,10.0
1575.557,0.3546046441,0.3037442234309987,0.3046379809089464,0.0508604206690012,0.0508604206690012,0.0019922582750715,10.0
1576.039,0.3540303758,0.3035108732425117,0.3043701089603237,0.0505195025574883,0.0505195025574883,0.0019873055766132,10.0
1576.521,0.3532729889,0.3032750990072231,0.304099710550244,0.0499978898927768,0.0499978898927768,0.0019823688042054,10.0
1577.004,0.3527016832999999,0.3030364186960991,0.3038262395380467,0.0496652646039008,0.0496652646039008,0.0019774377030429,10.0
1577.486,0.352125584,0.3027958353815696,0.3035508510864482,0.0493297486184303,0.0493297486184303,0.0019725326300391,10.0
1577.968,0.3515320025,0.3025528722189926,0.3032730044337252,0.0489791302810073,0.0489791302810073,0.0019676432981012,10.0
1578.45,0.3509621142,0.3023075441320639,0.3029927225227501,0.048654570067936,0.048654570067936,0.0019627696461689,10.0
1578.932,0.3506016497,0.3020598661451069,0.3027100283963018,0.048541783554893,0.048541783554893,0.0019579116134588,10.0
1579.414,0.3498787215,0.3018098533831892,0.3024249451954957,0.0480688681168107,0.0480688681168107,0.0019530691394626,10.0
1579.896,0.3493880513,0.301557521072232,0.3021374961582085,0.047830530227768,0.047830530227768,0.0019482421639462,10.0
1580.378,0.3491043262,0.3013028845391193,0.301847704617507,0.0478014416608806,0.0478014416608806,0.0019434306269479,10.0
1580.861,0.3487028763,0.3010454238032615,0.3015549855670706,0.0476574524967385,0.0476574524967385,0.0019386245341863,10.0
1581.343,0.3481847955,0.3007862205107363,0.3012605746535511,0.0473985749892637,0.0473985749892637,0.0019338437271433,10.0
1581.825,0.3475372218999999,0.3005247596160085,0.3009638918402507,0.0470124622839914,0.0470124622839914,0.0019290781802316,10.0
1582.307,0.3471821444999999,0.3002610568509949,0.3006649608253968,0.046921087649005,0.046921087649005,0.0019243278345661,10.0
1582.789,0.3465206689,0.2999951280490367,0.300363805394507,0.0465255408509632,0.0465255408509632,0.0019195926315271,10.0
1583.271,0.3459202863,0.299726989144979,0.300060449418809,0.046193297155021,0.046193297155021,0.0019148725127591,10.0
1583.753,0.3453201868,0.29945665617524,0.2997549168536563,0.0458635306247599,0.0458635306247599,0.0019101674201694,10.0
1584.235,0.3447904669,0.2991841452778787,0.2994472317369434,0.0456063216221213,0.0456063216221213,0.0019054772959268,10.0
1584.718,0.3444064849,0.29890890059677,0.2991367732250975,0.04549758430323,0.04549758430323,0.0019007923983069,10.0
1585.2,0.343743314,0.2986320782313247,0.2988248511007688,0.0451112357686753,0.0451112357686753,0.0018961320690606,10.0
1585.682,0.3430716417,0.2983531269970617,0.2985108490684102,0.0447185147029382,0.0447185147029382,0.0018914865361047,10.0
1586.164,0.3426398119,0.2980720634393465,0.2981947914803856,0.0445677484606534,0.0445677484606534,0.0018868557426409,10.0
1586.646,0.3419791793,0.2977889042054197,0.2978767027636676,0.0441902750945803,0.0441902750945803,0.0018822396321257,10.0
1587.128,0.3414867425,0.2975036660444236,0.2975566074182499,0.0439830764555763,0.0439830764555763,0.001877638148269,10.0
1587.61,0.3409796835,0.2972163658074231,0.2972345300155603,0.0437633176925768,0.0437633176925768,0.0018730512350331,10.0
1588.092,0.3402596262,0.2969270204474148,0.2969104951968708,0.0433326057525851,0.0433326057525851,0.0018684788366309,10.0
1588.574,0.3397151207,0.2966356470193345,0.2965845276717123,0.0430794736806655,0.0430794736806655,0.0018639208975251,10.0
1589.057,0.3390630376,0.2963416519204708,0.296255970010686,0.0427213856795292,0.0427213856795292,0.00185936795094,10.0
1589.539,0.3386538649,0.2960462698105834,0.2959262075853155,0.0426075950894165,0.0426075950894165,0.0018548387945197,10.0
1590.021,0.3378696882999999,0.2957489114451094,0.2955945870274699,0.0421207768548905,0.0421207768548905,0.0018503239321552,10.0
1590.503,0.3372450387,0.2954495942868329,0.2952611333039598,0.041795444413167,0.041795444413167,0.0018458233092956,10.0
1590.985,0.3368489634,0.2951483359003781,0.2949258714419131,0.0417006274996218,0.0417006274996218,0.001841336871633,10.0
1591.467,0.3365032702,0.2948451539521621,0.294588826527187,0.0416581162478378,0.0416581162478378,0.0018368645651017,10.0
1591.949,0.335520656,0.2945400662103424,0.2942500237027842,0.0409805897896575,0.0409805897896575,0.0018324063358768,10.0
1592.431,0.3349749661,0.2942330905447511,0.2939094881672645,0.0407418755552488,0.0407418755552488,0.001827962130373,10.0
1592.914,0.3343928143,0.2939236022369914,0.2935665333681055,0.0404692120630085,0.0404692120630085,0.0018235227183694,10.0
1593.396,0.3337546164,0.2936129009164674,0.2932226047567421,0.0401417154835325,0.0401417154835325,0.0018191064293231,10.0
1593.878,0.3331117222,0.293300365928757,0.2928770194001099,0.0398113562712429,0.0398113562712429,0.0018147040045579,10.0
1594.36,0.3325902057,0.2929860155497789,0.2925298027032671,0.0396041901502211,0.0396041901502211,0.0018103153914353,10.0
1594.842,0.3320107622,0.2926698681566629,0.2921809801189103,0.039340894043337,0.039340894043337,0.0018059405375503,10.0
1595.324,0.3314470993,0.2923519422276289,0.2918305771457976,0.039095157072371,0.039095157072371,0.0018015793907302,10.0
1595.806,0.3308103849,0.2920322563418513,0.2914786193271682,0.0387781285581486,0.0387781285581486,0.0017972318990338,10.0
1596.288,0.3303567851,0.2917108291793156,0.2911251322491648,0.0386459559206843,0.0386459559206843,0.0017928980107495,10.0
1596.771,0.329653633,0.2913870073082388,0.2907694034987888,0.0382666256917611,0.0382666256917611,0.0017885687250932,10.0
1597.252,0.3290433516,0.2910628262470235,0.2904136728646733,0.0379805253529764,0.0379805253529764,0.0017842708387154,10.0
1597.735,0.3284709405,0.2907356091373481,0.2900550078644929,0.0377353313626519,0.0377353313626519,0.0017799685591881,10.0
1598.217,0.3277601468,0.2904074022425779,0.2896956574805696,0.0373527445574221,0.0373527445574221,0.0017756885997447,10.0
1598.699,0.3270733473,0.2900775490172029,0.2893349064099456,0.036995798282797,0.036995798282797,0.001771421988462,10.0
1599.181,0.3265673358,0.2897460687426159,0.288972780463206,0.0368212670573841,0.0368212670573841,0.0017671686749849,10.0
1599.663,0.326126817,0.2894129807996914,0.2886093054828385,0.0367138362003085,0.0367138362003085,0.0017629286091805,10.0
1600.145,0.3254835598,0.2890783046685464,0.2882445073416648,0.0364052551314535,0.0364052551314535,0.0017587017411368,10.0
1600.627,0.3247676933999999,0.2887420599282895,0.2878784119412803,0.0360256334717104,0.0360256334717104,0.0017544880211616,10.0
1601.109,0.3241858326,0.2884042662567577,0.2875110452104923,0.0357815663432422,0.0357815663432422,0.0017502873997812,10.0
1601.592,0.3235428151,0.2880642378651944,0.2871416670718092,0.0354785772348055,0.0354785772348055,0.0017460911533616,10.0
1602.074,0.3229779247,0.2877234026475894,0.2867718330648511,0.0352545220524105,0.0352545220524105,0.0017419166085402,10.0
1602.556,0.3223017689,0.2873810781633092,0.286400805715585,0.0349206907366907,0.0349206907366907,0.001737755015093,10.0
1603.038,0.3217638652,0.2870372844824171,0.2860286110461519,0.0347265807175828,0.0347265807175828,0.0017336063244106,10.0
1603.52,0.3211398741,0.286692041772193,0.2856552750981343,0.034447832327807,0.034447832327807,0.0017294704880969,10.0
1604.002,0.3202506409,0.2863453702967882,0.2852808239310092,0.0339052706032118,0.0339052706032118,0.0017253474579678,10.0
1604.484,0.3199728903,0.2859972904168701,0.2849052836206059,0.0339755998831299,0.0339755998831299,0.0017212371860506,10.0
1604.966,0.3191636984,0.2856478225892487,0.2845286802575638,0.0335158758107513,0.0335158758107513,0.0017171396245825,10.0
1605.448,0.3184783919,0.2852969873664923,0.2841510399457945,0.0331814045335077,0.0331814045335077,0.0017130547260096,10.0
1605.931,0.317791224,0.2849440733429737,0.2837716021850237,0.0328471506570262,0.0328471506570262,0.0017089740073471,10.0
1606.413,0.3171146684,0.284590562639249,0.2833919643171541,0.032524105760751,0.032524105760751,0.0017049143187606,10.0
1606.895,0.3166221634,0.2842357468118934,0.2830113679308169,0.0323864165881065,0.0323864165881065,0.0017008671515542,10.0
1607.377,0.3159117308,0.283879646792551,0.2826298391677035,0.0320320840074489,0.0320320840074489,0.0016968324590001,10.0
1607.859,0.3150557213,0.2835222836064716,0.2822474041751269,0.0315334376935284,0.0315334376935284,0.0016928101945743,10.0
1608.341,0.3144965058,0.2831636783720366,0.281864089104503,0.0313328274279633,0.0313328274279633,0.0016888003119556,10.0
1608.823,0.3136962176,0.2828038523002683,0.2814799201098341,0.0308923652997316,0.0308923652997316,0.0016848027650247,10.0
1609.305,0.3131857999,0.2824428266943221,0.2810949233461954,0.0307429732056779,0.0307429732056779,0.0016808175078629,10.0
1609.788,0.3125089759,0.2820798702791295,0.28070832374152,0.0304291056208704,0.0304291056208704,0.0016768362646816,10.0
1610.27,0.3118606834,0.2817165075029004,0.2803217483202532,0.0301441758970995,0.0301441758970995,0.0016728754753613,10.0
1610.752,0.3112872457,0.2813520096943138,0.2799344236408444,0.0299352360056862,0.0299352360056862,0.0016689268391553,10.0
1611.234,0.3106503951,0.2809863985198592,0.2795463758475848,0.0296639965801407,0.0296639965801407,0.0016649903109385,10.0
1611.716,0.3098829397,0.2806196957353846,0.2791576310783229,0.0292632439646154,0.0292632439646154,0.0016610658457819,10.0
1612.198,0.3092984179,0.2802519231854922,0.2787682154629718,0.0290464947145078,0.0290464947145078,0.0016571533989512,10.0
1612.68,0.3089311849,0.2798831028029178,0.2783781551220229,0.0290480820970821,0.0290480820970821,0.001653252925906,10.0
1613.162,0.3083142725,0.279513256607892,0.2779874761650601,0.0288010158921079,0.0288010158921079,0.0016493643822989,10.0
1613.645,0.3078259983,0.279141636281386,0.2775953923249111,0.028684362018614,0.028684362018614,0.0016454796934391,10.0
1614.127,0.3070493757999999,0.278769802855639,0.2772035532655815,0.0282795729443609,0.0282795729443609,0.0016416149009546,10.0
1614.609,0.306741688,0.2783970102427848,0.2768111738928458,0.0283446777572152,0.0283446777572152,0.0016377619059236,10.0
1615.091,0.306122052,0.2780232808064912,0.2764182802578714,0.0280987711935087,0.0280987711935087,0.0016339206647613,10.0
1615.573,0.3053889713,0.2776486369944748,0.2760248983935607,0.0277403343055251,0.0277403343055251,0.0016300911340713,10.0
1616.055,0.3046127687,0.277273101337758,0.2756310543130922,0.0273396673622419,0.0273396673622419,0.0016262732706443,10.0
1616.537,0.3037179018,0.2768966964499085,0.2752367740084653,0.0268212053500914,0.0268212053500914,0.0016224670314575,10.0
1617.019,0.3027619511,0.2765194450262631,0.2748420834490518,0.0262425060737369,0.0262425060737369,0.0016186723736735,10.0
1617.501,0.3019989368,0.27614136984313,0.27444700858015,0.02585756695687,0.02585756695687,0.0016148892546394,10.0
1617.984,0.3012291872,0.275761706890367,0.2740507545660156,0.025467480309633,0.025467480309633,0.0016111098188635,10.0
1618.466,0.3007883005,0.2753820512468459,0.2736549881476121,0.025406249253154,0.025406249253154,0.001607349673824,10.0
1618.948,0.3002096415999999,0.2750016406981995,0.2732589151504273,0.0252080009018004,0.0252080009018004,0.0016036009405869,10.0
1619.43,0.2994547925999999,0.2746204983364667,0.2728625614090479,0.0248342942635332,0.0248342942635332,0.0015998635772286,10.0
1619.912,0.2989285826,0.2742386473304053,0.2724659527268304,0.0246899352695946,0.0246899352695946,0.001596137542006,10.0
1620.394,0.2983904209,0.2738561109245846,0.2720691148744834,0.0245343099754153,0.0245343099754153,0.0015924227933548,10.0
1620.876,0.2976722658,0.2734729124384618,0.2716720735886592,0.0241993533615381,0.0241993533615381,0.0015887192898891,10.0
1621.358,0.2970816047,0.2730890752654383,0.2712748545705452,0.0239925294345616,0.0239925294345616,0.0015850269904003,10.0
1621.841,0.2964587882,0.272703824629619,0.2708766589228334,0.0237549635703809,0.0237549635703809,0.0015813382282193,10.0
1622.323,0.2956493847999999,0.2723187793509009,0.2704791611591303,0.023330605449099,0.023330605449099,0.0015776682367967,10.0
1622.805,0.2952082649,0.2719331660484828,0.2700815625929743,0.0232750988515171,0.0232750988515171,0.0015740093266971,10.0
1623.287,0.2944212192,0.2715470084018692,0.2696838887696529,0.0228742107981308,0.0228742107981308,0.0015703614574132,10.0
1623.769,0.293762497,0.271160330159503,0.2692861651920345,0.0226021668404969,0.0226021668404969,0.0015667245886109,10.0
1624.251,0.2930110008,0.2707731551377081,0.2688884173191941,0.0222378456622919,0.0222378456622919,0.0015630986801285,10.0
1624.733,0.2920740671,0.2703855072196092,0.2684906705650438,0.0216885598803907,0.0216885598803907,0.0015594836919754,10.0
1625.215,0.2916894238,0.2699974103540384,0.2680929502969706,0.0216920134459615,0.0216920134459615,0.0015558795843319,10.0
1625.698,0.2909437546,0.2696080820675653,0.2676944568675649,0.0213356725324346,0.0213356725324346,0.001552278873879,10.0
1626.179,0.2901966601,0.2692199658976173,0.2672976904478359,0.0209766942023826,0.0209766942023826,0.0015487038521418,10.0
1626.662,0.2895678749,0.2688298584729433,0.2668993768143707,0.0207380164270567,0.0207380164270567,0.0015451247497881,10.0
1627.144,0.288956139,0.268440205874265,0.26650201547714,0.020515933125735,0.020515933125735,0.0015415637915727,10.0
1627.626,0.2883896588,0.2680502250684973,0.2661048067697698,0.0203394337315027,0.0203394337315027,0.0015380135172167,10.0
1628.108,0.2877414075,0.2676599403747012,0.265707775752071,0.0200814671252987,0.0200814671252987,0.0015344738879065,10.0
1628.59,0.2867768862,0.2672693761694162,0.2653109474279435,0.0195075100305837,0.0195075100305837,0.0015309448649937,10.0
1629.072,0.2861997519,0.2668785568854079,0.2649143467440612,0.019321195014592,0.019321195014592,0.0015274264099939,10.0
1629.554,0.2856037952999999,0.2664875070103941,0.2645179985885602,0.0191162882896058,0.0191162882896058,0.0015239184845858,10.0
1630.036,0.2852050921,0.2660962510857539,0.2641219277897365,0.019108841014246,0.019108841014246,0.0015204210506106,10.0
1630.519,0.2844152263,0.2657040014229309,0.2637253383491159,0.018711224877069,0.018711224877069,0.001516926846512,10.0
1631.001,0.2839840171,0.2653124069315521,0.2633298972063875,0.0186716101684479,0.0186716101684479,0.0015134503031423,10.0
1631.483,0.2833348969,0.2649206803747084,0.2629348075842808,0.0184142165252916,0.0184142165252916,0.0015099841376183,10.0
1631.965,0.2827181476,0.2645288464952002,0.2625400940586717,0.0181893011047998,0.0181893011047998,0.0015065283124235,10.0
1632.447,0.282399463,0.2641369300827283,0.2621457811391652,0.0182625329172717,0.0182625329172717,0.0015030827902001,10.0
1632.929,0.2817609371,0.2637449559724833,0.2617518932678284,0.0180159811275166,0.0180159811275166,0.0014996475337479,10.0
1633.411,0.2811833398,0.2633529490437173,0.261358454817932,0.0178303907562826,0.0178303907562826,0.0014962225060241,10.0
1633.893,0.2806325619,0.2629609342182925,0.2609654900926959,0.0176716276817075,0.0176716276817075,0.0014928076701417,10.0
1634.375,0.279797134,0.2625689364592142,0.2605730233240437,0.0172281975407858,0.0172281975407858,0.0014894029893698,10.0
1634.858,0.2789281205,0.2621761676441583,0.2601802660676418,0.0167519528558416,0.0167519528558416,0.0014860013949643,10.0
1635.34,0.2779756324,0.2617842792291845,0.2597888687747302,0.0161913531708154,0.0161913531708154,0.0014826169357171,10.0
1635.822,0.2770433833,0.2613924830535141,0.259398041743763,0.0156509002464858,0.0156509002464858,0.0014792425222373,10.0
1636.304,0.2762349101,0.2610008042297179,0.2590078089089852,0.0152341058702821,0.0152341058702821,0.0014758781184083,10.0
1636.786,0.2753616927,0.2606092679038738,0.2586181941272127,0.0147524247961261,0.0147524247961261,0.001472523688266,10.0
1637.268,0.2744544936,0.2602178992539812,0.2582292211766247,0.0142365943460188,0.0142365943460188,0.0014691791959968,10.0
1637.75,0.2738551797,0.2598267234883582,0.2578409137555657,0.0140284562116417,0.0140284562116417,0.0014658446059378,10.0
1638.232,0.273066103,0.2594357658440178,0.2574532954813522,0.0136303371559821,0.0136303371559821,0.0014625198825756,10.0
1638.715,0.2726555411,0.2590442412450722,0.2570655879375075,0.0136112998549278,0.0136112998549278,0.0014591981233715,10.0
1639.197,0.2721250187,0.2586537962446244,0.2566794200304844,0.0134712224553755,0.0134712224553755,0.0014558930477452,10.0
1639.679,0.2716902628,0.2582636452847178,0.2562940116726799,0.0134266175152821,0.0134266175152821,0.0014525977330936,10.0
1640.161,0.2709925951,0.257873813700602,0.2559093861453531,0.0131187813993979,0.0131187813993979,0.0014493121444951,10.0
1640.643,0.2707360818,0.2574843268478261,0.2555255666428792,0.0132517549521739,0.0132517549521739,0.0014460362471742,10.0
1641.125,0.2699465031,0.2570952101005108,0.2551425762716074,0.0128512929994891,0.0128512929994891,0.0014427700065006,10.0
1641.607,0.2695032464,0.2567064888495929,0.2547604380487148,0.0127967575504071,0.0127967575504071,0.0014395133879889,10.0
1642.089,0.2688148438,0.2563181885010602,0.2543791749010767,0.0124966552989397,0.0124966552989397,0.0014362663572976,10.0
1642.572,0.2683122331999999,0.2559295302793439,0.2539980214738077,0.012382702920656,0.012382702920656,0.0014330221733785,10.0
1643.054,0.2680348808,0.2555421490099595,0.2536185788241039,0.0124927317900404,0.0124927317900404,0.0014297942355909,10.0
1643.536,0.2671716074,0.2551552649860391,0.2532400795241179,0.0120163424139608,0.0120163424139608,0.0014265757833861,10.0
1644.018,0.2670403857,0.2547689036557302,0.2528625461281214,0.0122714820442697,0.0122714820442697,0.0014233667829922,10.0
1644.5,0.2665181843999999,0.2543830904731139,0.2524860010945229,0.0121350939268859,0.0121350939268859,0.0014201672007777,10.0
1644.982,0.2657981849,0.2539978508963323,0.25211046678478,0.0118003340036677,0.0118003340036677,0.0014169770032511,10.0
1645.464,0.2651912369,0.253613210385695,0.2517359654623165,0.011578026514305,0.011578026514305,0.0014137961570602,10.0
1645.946,0.2645261318,0.2532291944017764,0.2513625192914523,0.0112969373982236,0.0112969373982236,0.0014106246289913,10.0
1646.428,0.2638637576,0.2528458284034871,0.2509901503363345,0.0110179291965128,0.0110179291965128,0.0014074623859687,10.0
1646.911,0.2628599816999999,0.2524623446021014,0.2506181114484128,0.0103976370978985,0.0103976370978985,0.0014043028631739,10.0
1647.393,0.2621710799,0.252080356416027,0.2502479650597287,0.0100907234839729,0.0100907234839729,0.0014011591106586,10.0
1647.875,0.26169725,0.2516990946156461,0.2498789615127033,0.0099981553843538,0.0099981553843538,0.001398024544716,10.0
1648.357,0.260932334,0.2513185846336455,0.249511122460085,0.0096137493663545,0.0096137493663545,0.0013948991328161,10.0
1648.839,0.2603465088,0.2509388518911883,0.2491444694492394,0.0094076569088116,0.0094076569088116,0.0013917828425633,10.0
1649.321,0.2598303787,0.2505599217958981,0.2487790239211316,0.0092704569041018,0.0092704569041018,0.0013886756416963,10.0
1649.803,0.2593810163,0.2501818197398237,0.2484148072093152,0.0091991965601762,0.0091991965601762,0.001385577498087,10.0
1650.285,0.2588746856,0.2498045710973959,0.2480518405389327,0.009070114502604,0.009070114502604,0.0013824883797405,10.0
1650.768,0.2583669712,0.2494274213040545,0.2476893959560435,0.0089395498959455,0.0089395498959455,0.0013794018738194,10.0
1651.25,0.257771644,0.2490519574334488,0.2473289953079323,0.0087196865665511,0.0087196865665511,0.0013763307291005,10.0
1651.732,0.2572563887,0.2486774230258514,0.2469699077595361,0.0085789656741485,0.0085789656741485,0.0013732685143839,10.0
1652.214,0.2564920452999999,0.2483038433643986,0.2466121540922534,0.0081882019356013,0.0081882019356013,0.0013702151981997,10.0
1652.696,0.2556386467,0.2479312437041556,0.2462557549741802,0.0077074029958444,0.0077074029958444,0.0013671707492076,10.0
1653.178,0.2544998660999999,0.2475596492699878,0.2459007309591568,0.006940216830012,0.006940216830012,0.0013641351361965,10.0
1653.66,0.2535727093,0.2471890852544188,0.2455471024858239,0.0063836240455811,0.0063836240455811,0.0013611083280836,10.0
1654.142,0.2528445987,0.2468195768154745,0.2451948898766848,0.0060250218845254,0.0060250218845254,0.0013580902939142,10.0
1654.625,0.2521628351,0.2464503858424009,0.2448433870917672,0.005712449257599,0.005712449257599,0.0013550747685854,10.0
1655.106,0.2515495796,0.2460838271140717,0.2444947929547606,0.0054657524859282,0.0054657524859282,0.0013520804242223,10.0
1655.589,0.2510407784,0.2457168774358069,0.2441462285776248,0.005323900964193,0.005323900964193,0.001349082329173,10.0
1656.071,0.2506981852,0.2453518445415393,0.2437998834194936,0.0053463406584606,0.0053463406584606,0.0013460991016831,10.0
1656.553,0.2501516665,0.2449879924720632,0.243455054004644,0.0051636740279368,0.0051636740279368,0.001343124495197,10.0
1657.035,0.249543159,0.2446253461324252,0.243111759939314,0.0049178128675747,0.0049178128675747,0.0013401584795148,10.0
1657.517,0.2491632063999999,0.2442639303777691,0.242770020707285,0.0048992760222308,0.0048992760222308,0.0013372010245603,10.0
1657.999,0.2488084027,0.2439037700110916,0.2424298556690111,0.0049046326889083,0.0049046326889083,0.0013342521003805,10.0
1658.481,0.2482845879,0.2435448897809937,0.2420912840607618,0.0047396981190062,0.0047396981190062,0.0013313116771451,10.0
1658.963,0.2480215224999999,0.2431873143794183,0.2417543249937686,0.0048342081205816,0.0048342081205816,0.0013283797251456,10.0
1659.446,0.2474170165,0.2428303307389488,0.2414183034621631,0.0045866857610511,0.0045866857610511,0.0013254501581755,10.0
1659.928,0.2467446375,0.2424754416669581,0.2410846297505729,0.0042691958330418,0.0042691958330418,0.0013225350774299,10.0
1660.41,0.2464531974,0.2421219311874171,0.2407526251940524,0.0043312662125828,0.0043312662125828,0.0013196283794604,10.0
1660.892,0.245660184,0.2417698237427235,0.2404223083950744,0.0038903602572764,0.0038903602572764,0.0013167300350413,10.0
1661.374,0.2451269539999999,0.2414191437071857,0.2400936978269449,0.0037078102928142,0.0037078102928142,0.0013138400150658,10.0
1661.856,0.2445156029,0.2410699153847165,0.239766811833005,0.0034456875152834,0.0034456875152834,0.0013109582905459,10.0
1662.338,0.2437566367,0.2407221630065175,0.2394416686258386,0.0030344736934825,0.0030344736934825,0.0013080848326115,10.0
1662.82,0.2432990656999999,0.2403759107287615,0.239118286286492,0.0029231549712384,0.0029231549712384,0.0013052196125101,10.0
1663.302,0.2425346375,0.2400311826302653,0.2387966827637,0.0025034548697347,0.0025034548697347,0.0013023626016063,10.0
1663.785,0.24195072,0.2396872923445571,0.2384762142532324,0.0022634276554429,0.0022634276554429,0.0012995078694288,10.0
1664.267,0.2414333369,0.2393456878063666,0.2381582254591239,0.0020876490936333,0.0020876490936333,0.0012966672083626,10.0
1664.749,0.2409508075999999,0.2390056792457836,0.2378420685625775,0.0019451283542163,0.0019451283542163,0.0012938346712251,10.0
1665.231,0.2403363929,0.2386672904086716,0.2375277609752512,0.0016691024913283,0.0016691024913283,0.0012910102298435,10.0
1665.713,0.2399697354,0.2383305449518379,0.2372153199727587,0.001639190448162,0.001639190448162,0.0012881938561592,10.0
1666.195,0.2394963203,0.2379954664406831,0.2369047626939496,0.0015008538593168,0.0015008538593168,0.0012853855222275,10.0
1666.677,0.2392456778,0.2376620783468496,0.2365961061402006,0.0015835994531503,0.0015835994531503,0.0012825852002167,10.0
1667.159,0.2385310194,0.2373304040458645,0.2362893671747112,0.0012006153541354,0.0012006153541354,0.001279792862408,10.0
1667.642,0.238223591,0.2369997841194827,0.2359839321692561,0.0012238068805173,0.0012238068805173,0.0012770027127218,10.0
1668.124,0.2375641862,0.2366716108105232,0.235681082478379,0.0008925753894767,0.0008925753894767,0.0012742262770305,10.0
1668.606,0.237158452,0.2363452208685015,0.2353802001633988,0.0008132311314984,0.0008132311314984,0.0012714577429987,10.0
1669.088,0.2365462557,0.2360206372606918,0.2350813015276844,0.0005256184393081,0.0005256184393081,0.0012686970833534,10.0
1669.57,0.2358840722,0.2356978828464586,0.2347844027330553,0.0001861893535414,0.0001861893535414,0.0012659442709317,10.0
1670.052,0.2353211919,0.235376980374897,0.234489519799133,-5.5788474897067175e-05,5.5788474897067175e-05,0.00126319927868,10.0
1670.534,0.2346384304,0.2350579524824773,0.2341966686027046,-0.0004195220824772,0.0004195220824772,0.0012604620796542,10.0
1671.016,0.2340727185,0.234740821690687,0.2339058648770918,-0.000668103190687,0.000668103190687,0.0012577326470185,10.0
1671.499,0.2335792084,0.2344249584491524,0.233616527319792,-0.0008457500491524,0.0008457500491524,0.0012550053154063,10.0
1671.981,0.2331636133,0.2341116930030814,0.2333298694870325,-0.0009480797030814,0.0009480797030814,0.0012522913514503,10.0
1672.463,0.2328910915,0.2338003915545402,0.2330453054897029,-0.0009093000545402,0.0009093000545402,0.001249585073969,10.0
1672.945,0.2324182411,0.2334910761413192,0.2327628504808558,-0.0010728350413191,0.0010728350413191,0.0012468864565565,10.0
1673.427,0.2318558224,0.2331837686744808,0.2324825194670676,-0.0013279462744807,0.0013279462744807,0.0012441954729126,10.0
1673.909,0.2317541011,0.2328784909360259,0.2322043273078668,-0.0011243898360258,0.0011243898360258,0.0012415120968431,10.0
1674.391,0.2312819776,0.2325752645765615,0.231928288715169,-0.0012932869765615,0.0012932869765615,0.0012388363022589,10.0
1674.873,0.2305416846,0.232274111112972,0.231654418252718,-0.001732426512972,0.001732426512972,0.0012361680631753,10.0
1675.355,0.2300824601,0.2319750519261023,0.2313827303355429,-0.0018925918261022,0.0018925918261022,0.0012335073537121,10.0
1675.838,0.2298376267,0.2316774944064787,0.2311126824126356,-0.0018398677064787,0.0018398677064787,0.001230848651299,10.0
1676.32,0.2294935517,0.2313826918145133,0.2308454068351092,-0.0018891401145132,0.0018891401145132,0.0012282029393381,10.0
1676.802,0.2288179338,0.2310900468457808,0.2305803561791352,-0.0022721130457808,0.0022721130457808,0.0012255646799238,10.0
1677.284,0.2283067908,0.2307995803135887,0.2303175442592811,-0.0024927895135887,0.0024927895135887,0.0012229338475881,10.0
1677.766,0.228176848,0.2305113128837026,0.2300569847388019,-0.0023344648837026,0.0023344648837026,0.0012203104169647,10.0
1678.248,0.227753649,0.2302252650720713,0.229798691129149,-0.0024716160720713,0.0024716160720713,0.0012176943627884,10.0
1678.73,0.2273796853,0.2299414572425627,0.2295426767894881,-0.0025617719425627,0.0025617719425627,0.0012150856598953,10.0
1679.212,0.2270345182,0.229659909604708,0.2292889549262271,-0.0026253914047079,0.0026253914047079,0.0012124842832217,10.0
1679.695,0.2265691244,0.2293800652026599,0.229037019387466,-0.0028109408026599,0.0028109408026599,0.001209884833477,10.0
1680.177,0.2261995888,0.2291031027407877,0.2287879263062064,-0.0029035139407877,0.0029035139407877,0.0012072980495212,10.0
1680.659,0.2259167881,0.2288284601915227,0.2285411644257134,-0.0029116720915226,0.0029116720915226,0.0012047185171405,10.0
1681.141,0.2254057484999999,0.2285561571243734,0.2282967463364983,-0.0031504086243734,0.0031504086243734,0.0012021462116687,10.0
1681.623,0.2250776098,0.2282862129433986,0.2280546844740893,-0.0032086031433986,0.0032086031433986,0.0011995811085377,10.0
1682.105,0.2245722457,0.2280186468850215,0.2278149911186135,-0.0034464011850215,0.0034464011850215,0.0011970231832769,10.0
1682.587,0.224148021,0.2277534780158584,0.2275776783943895,-0.0036054570158584,0.0036054570158584,0.0011944724115132,10.0
1683.069,0.2236295092,0.2274907252305618,0.2273427582695296,-0.0038612160305618,0.0038612160305618,0.0011919287689703,10.0
1683.552,0.2232970974999999,0.2272298697147439,0.2271097626652919,-0.0039327722147439,0.0039327722147439,0.0011893869763111,10.0
1684.033,0.2225779968,0.2269725426175116,0.22688014290699,-0.0043945458175115,0.0043945458175115,0.0011868627749228,10.0
1684.516,0.2222231669,0.2267166224211897,0.2266520010036548,-0.0044934555211897,0.0044934555211897,0.0011843351494707,10.0
1684.998,0.2216716342999999,0.2264637245884511,0.2264267728914499,-0.0047920902884511,0.0047920902884511,0.0011818197975352,10.0
1685.48,0.2212432285,0.2262133346960619,0.2262039948858054,-0.0049701061960619,0.0049701061960619,0.0011793114548265,10.0
1685.962,0.2209140202,0.2259654705620402,0.225983678009416,-0.0050514503620402,0.0050514503620402,0.0011768100976404,10.0
1686.444,0.220650415,0.2257201498177664,0.2257658331262411,-0.0050697348177664,0.0050697348177664,0.0011743157023661,10.0
1686.926,0.2202342658,0.2254773899059537,0.2255504709411785,-0.0052431241059537,0.0052431241059537,0.0011718282454866,10.0
1687.408,0.2201475494,0.2252372080786409,0.2253376019997518,-0.0050896586786409,0.0050896586786409,0.0011693477035776,10.0
1687.89,0.2197336318,0.2249996213952,0.2251272366878029,-0.0052659895952,0.0052659895952,0.0011668740533074,10.0
1688.373,0.2197139175,0.2247641619478124,0.2249189566242633,-0.0050502444478124,0.0050502444478124,0.0011644021607553,10.0
1688.855,0.2190985325,0.2245318214206089,0.2247136343353044,-0.0054332889206089,0.0054332889206089,0.0011619422383133,10.0
1689.337,0.219053957,0.2243021260737496,0.2245108458927324,-0.0052481690737496,0.0052481690737496,0.0011594891380182,10.0
1689.819,0.2185966385,0.2240750921760158,0.2243106010404627,-0.0054784536760157,0.0054784536760157,0.0011570428369045,10.0
1690.301,0.218457137,0.2238507357938668,0.2241129093613412,-0.0053935987938668,0.0053935987938668,0.001154603312097,10.0
1690.783,0.2179966516,0.2236290727895738,0.2239177802768939,-0.0056324211895738,0.0056324211895738,0.0011521705408106,10.0
1691.265,0.217793932,0.2234101188193741,0.223725223047086,-0.0056161868193741,0.0056161868193741,0.00114974450035,10.0
1691.747,0.2175943346,0.2231938893316506,0.2235352467700923,-0.0055995547316506,0.0055995547316506,0.0011473251681089,10.0
1692.229,0.2173972509,0.2229803995651316,0.2233478603820721,-0.0055831486651316,0.0055831486651316,0.00114491252157,10.0
1692.712,0.2170601996,0.2227692302114004,0.223162691987239,-0.0057090306114004,0.0057090306114004,0.0011425015535489,10.0
1693.194,0.2168789256,0.2225612705172376,0.2229805169546571,-0.0056823449172375,0.0056823449172375,0.0011401022249705,10.0
1693.676,0.2166468949,0.2223560950149721,0.2228009576627218,-0.0057092001149721,0.0057092001149721,0.0011377095150254,10.0
1694.158,0.2163599796999999,0.2221537180867546,0.2226240223971621,-0.0057937383867546,0.0057937383867546,0.0011353234015476,10.0
1694.64,0.2160281363,0.2219541538964471,0.2224497192807205,-0.0059260175964471,0.0059260175964471,0.0011329438624584,10.0
1695.122,0.2159124675,0.221757416387971,0.222278056272985,-0.005844948887971,0.005844948887971,0.0011305708757652,10.0
1695.604,0.215548154,0.2215635192836841,0.2221090411702331,-0.0060153652836841,0.0060153652836841,0.0011282044195619,10.0
1696.086,0.2152622369,0.2213724760827817,0.2219426816052815,-0.0061102391827817,0.0061102391827817,0.0011258444720276,10.0
1696.569,0.2150238707,0.2211839126425511,0.2217786482012155,-0.0061600419425511,0.0061600419425511,0.0011234861354569,10.0
1697.051,0.2148588579,0.2209986228345049,0.2216176275033343,-0.0061397649345049,0.0061397649345049,0.0011211391535309,10.0
1697.533,0.2147024306,0.2208162260992432,0.2214592842742407,-0.0061137954992432,0.0061137954992432,0.0011187986152778,10.0
1698.015,0.214230409,0.2206367350274019,0.2213036254912682,-0.0064063260274018,0.0064063260274018,0.0011164644992162,10.0
1698.497,0.2138567244,0.2204601619788741,0.2211506579676835,-0.0066034375788741,0.0066034375788741,0.0011141367839484,10.0
1698.979,0.2135637798,0.2202865190813816,0.2210003883525939,-0.0067227392813816,0.0067227392813816,0.0011118154481602,10.0
1699.461,0.2132279564,0.2201158182290728,0.2208528231308612,-0.0068878618290728,0.0068878618290728,0.0011095004706204,10.0
1699.943,0.212773703,0.2199480710811527,0.220707968623027,-0.0071743680811527,0.0071743680811527,0.0011071918301805,10.0
1700.426,0.2125874506999999,0.2197829502791702,0.2205655389222433,-0.0071954995791702,0.0071954995791702,0.0011048847357186,10.0
1700.908,0.2123828098,0.2196211507575779,0.22042612980143,-0.0072383409575779,0.0072383409575779,0.0011025887194005,10.0
1701.39,0.2118391433,0.2194623385175312,0.2202894493815143,-0.0076231952175312,0.0076231952175312,0.001100298977186,10.0
1701.872,0.2117524766,0.2193065242648562,0.2201555033248377,-0.0075540476648562,0.0075540476648562,0.0010980154882539,10.0
1702.354,0.211463674,0.2191537184640358,0.2200242971291784,-0.0076900444640358,0.0076900444640358,0.0010957382318639,10.0
1702.836,0.2114153698999999,0.2190039313370222,0.2198958361277289,-0.0075885614370223,0.0075885614370223,0.001093467187356,10.0
1703.318,0.210964735,0.2188571728620852,0.2197701254890841,-0.0078924378620852,0.0078924378620852,0.0010912023341505,10.0
1703.8,0.2108077783,0.2187134527726889,0.2196471702172361,-0.0079056744726889,0.0079056744726889,0.0010889436517476,10.0
1704.282,0.2107794888,0.2185727805564039,0.2195269751515811,-0.0077932917564038,0.0077932917564038,0.0010866911197267,10.0
1704.765,0.2107268867,0.2184348831294802,0.2194093042130854,-0.0077079964294802,0.0077079964294802,0.0010844400635196,10.0
1705.247,0.2104723990999999,0.2183003405037002,0.2192946491698954,-0.0078279414037003,0.0078279414037003,0.0010821997839722,10.0
1705.729,0.2103363101,0.2181688727458691,0.219182767872536,-0.007832562645869,0.007832562645869,0.0010799655939768,10.0
1706.211,0.2102034977,0.2180404883492353,0.219073664501903,-0.0078369906492353,0.0078369906492353,0.0010777374734273,10.0
1706.693,0.2100583174,0.217915195556208,0.218967343074456,-0.007856878156208,0.007856878156208,0.0010755154022952,10.0
1707.175,0.2101586786,0.2177930023574659,0.2188638074422741,-0.0076343237574658,0.0076343237574658,0.0010732993606296,10.0
1707.657,0.2097647024999999,0.2176739164911064,0.2187630612931239,-0.0079092139911064,0.0079092139911064,0.0010710893285564,10.0
1708.139,0.2098294835,0.2175579454418265,0.2186651081505352,-0.0077284619418265,0.0077284619418265,0.0010688852862784,10.0
1708.622,0.2094558412,0.2174448655638197,0.2185697568622446,-0.0079890243638197,0.0079890243638197,0.001066682659951,10.0
1709.104,0.2095007843,0.2173351520841262,0.218477405458278,-0.0078343677841262,0.0078343677841262,0.0010644905505011,10.0
1709.586,0.2091572426,0.2172285743612128,0.2183878566530482,-0.0080713317612128,0.0080713317612128,0.0010623043718705,10.0
1710.068,0.2091862508,0.217125138858156,0.2183011133137297,-0.007938888058156,0.007938888058156,0.0010601241045652,10.0
1710.55,0.208880919,0.2170248517810639,0.2182171781437696,-0.0081439327810639,0.0081439327810639,0.0010579497291664,10.0
1711.032,0.2088055416999999,0.2169277190784704,0.2181360536830157,-0.0081221773784704,0.0081221773784704,0.00105578122633,10.0
1711.514,0.2086765501,0.2168337464407637,0.2180577423078529,-0.0081571963407637,0.0081571963407637,0.0010536185767859,10.0
1711.996,0.2084840849,0.2167429392996525,0.2179822462313479,-0.0082588543996525,0.0082588543996525,0.0010514617613385,10.0
1712.479,0.2084967937,0.2166551243086137,0.2179094196476222,-0.0081583306086137,0.0081583306086137,0.0010493063042403,10.0
1712.96,0.2082917155999999,0.2165708419376981,0.2178397080109192,-0.0082791263376981,0.0082791263376981,0.001047165556318,10.0
1713.443,0.208217407,0.21648939595944,0.2177725333273595,-0.00827198895944,0.00827198895944,0.001045021696066,10.0
1713.925,0.2080600485,0.2164113065430162,0.2177083231727112,-0.0083512580430162,0.0083512580430162,0.0010428880384417,10.0
1714.407,0.208108679,0.2163364058936646,0.2176469369406908,-0.0082277268936646,0.0082277268936646,0.0010407601199947,10.0
1714.889,0.2079695285,0.2162646978812829,0.2175883758676431,-0.0082951693812829,0.0082951693812829,0.0010386379219663,10.0
1715.371,0.2077761994999999,0.2161961861143657,0.2175326410278472,-0.0084199866143657,0.0084199866143657,0.0010365214256701,10.0
1715.853,0.2079318342999999,0.216130873939765,0.2174797333337317,-0.008199039639765,0.008199039639765,0.0010344106124909,10.0
1716.335,0.2082420129,0.2160687644424825,0.2174296535360925,-0.0078267515424825,0.0078267515424825,0.0010323054638845,10.0
1716.817,0.2080456493999999,0.2160098604455044,0.2173824022243251,-0.0079642110455044,0.0079642110455044,0.0010302059613777,10.0
1717.3,0.2084170945,0.215954052294343,0.2173378906048692,-0.007536957794343,0.007536957794343,0.0010281077482666,10.0
1717.782,0.208338481,0.2159015733809509,0.2172963032584561,-0.0075630923809509,0.0075630923809509,0.00102601949444,10.0
1718.264,0.2081897763,0.2158523068675488,0.2172575452001608,-0.0076625305675488,0.0076625305675488,0.0010239368316775,10.0
1718.746,0.2082825904,0.2158062545275731,0.2172216163758962,-0.0075236641275731,0.0075236641275731,0.0010218597417863,10.0
1719.228,0.2083388723999999,0.2157634178721612,0.2171885165714455,-0.0074245454721612,0.0074245454721612,0.0010197882066429,10.0
1719.71,0.2082976194,0.2157237981502043,0.2171582454127383,-0.0074261787502043,0.0074261787502043,0.0010177222081927,10.0
1720.192,0.2080711991,0.2156873963484397,0.2171308023661383,-0.0076161972484396,0.0076161972484396,0.0010156617284499,10.0
1720.674,0.208264363,0.21565421319158,0.2171061867387385,-0.00738985019158,0.00738985019158,0.0010136067494971,10.0
1721.156,0.2079708397,0.2156242491424786,0.2170843976786635,-0.0076534094424786,0.0076534094424786,0.0010115572534849,10.0
1721.639,0.2080093959999999,0.2155974522617825,0.2170653977683845,-0.0075880562617825,0.0075880562617825,0.0010095089875727,10.0
1722.121,0.2079986487,0.2155739334490637,0.2170492645114201,-0.0075752847490637,0.0075752847490637,0.001007470415448,10.0
1722.603,0.2077100694,0.2155536335627777,0.2170359543125725,-0.0078435641627777,0.0078435641627777,0.0010054372730852,10.0
1723.085,0.2078602053,0.2155365520201926,0.2170254656869519,-0.0076763467201926,0.0076763467201926,0.0010034095429043,10.0
1723.567,0.2079306199999999,0.2155226879780992,0.2170177969923345,-0.0075920679780992,0.0075920679780992,0.0010013872073924,10.0
1724.049,0.2080288454,0.2155120403331956,0.2170129464295115,-0.0074831949331956,0.0074831949331956,0.0009993702491025,10.0
1724.531,0.2079604809,0.215504607722511,0.2170109120426482,-0.007544126822511,0.007544126822511,0.0009973586506542,10.0
1725.013,0.2079183009999999,0.2155003885238633,0.2170116917196494,-0.0075820875238633,0.0075820875238633,0.0009953523947323,10.0
1725.496,0.2079395155,0.2154993821026949,0.2170152935649197,-0.0075598666026949,0.0075598666026949,0.0009933473183027,10.0
1725.978,0.2077769595999999,0.2155015904833306,0.2170217002361454,-0.0077246308833306,0.0077246308833306,0.0009913517067455,10.0
1726.46,0.2078197125,0.2155070058540819,0.2170309136956519,-0.0076872933540819,0.0076872933540819,0.0009893613861264,10.0
1726.942,0.2077723024999999,0.2155156255606988,0.2170429312097947,-0.0077433230606988,0.0077433230606988,0.0009873763393908,10.0
1727.424,0.2082051057,0.2155274466925548,0.217057749890615,-0.0073223409925547,0.0073223409925547,0.0009853965495485,10.0
1727.906,0.2080301042,0.2155424660833195,0.2170753666962508,-0.0075123618833194,0.0075123618833194,0.0009834219996735,10.0
1728.388,0.2081011823,0.2155606803116677,0.2170957784313568,-0.0074594980116677,0.0074594980116677,0.0009814526729034,10.0
1728.87,0.2081403081999999,0.2155820857020216,0.2171189817475302,-0.0074417775020216,0.0074417775020216,0.0009794885524395,10.0
1729.353,0.2082764131,0.2156067326576308,0.217145029963497,-0.0073303195576308,0.0073303195576308,0.0009775255627573,10.0
1729.835,0.2082223271,0.2156345149315005,0.217173811559467,-0.0074121878315004,0.0074121878315004,0.0009755718154771,10.0
1730.317,0.2084044108999999,0.2156654758136256,0.2172053737692854,-0.0072610649136256,0.0072610649136256,0.000973623224451,10.0
1730.799,0.2084782982999999,0.2156996106190256,0.217239712636426,-0.0072213123190257,0.0072213123190257,0.0009716797731316,10.0
1731.281,0.2083957622999999,0.2157369144127031,0.2172768240535522,-0.0073411521127031,0.0073411521127031,0.000969741445034,10.0
1731.763,0.2086303643,0.2157773820105911,0.2173167037629874,-0.0071470177105911,0.0071470177105911,0.0009678082237349,10.0
1732.245,0.208721652,0.2158210079805368,0.2173593473571943,-0.0070993559805368,0.0070993559805368,0.000965880092873,10.0
1732.727,0.2088370236,0.2158677866433129,0.2174047502792585,-0.0070307630433129,0.0070307630433129,0.0009639570361481,10.0
1733.209,0.2092258591,0.2159177120736684,0.2174529078233832,-0.0066918529736684,0.0066918529736684,0.0009620390373212,10.0
1733.692,0.2095118697,0.2159708914571316,0.217503923607147,-0.0064590217571316,0.0064590217571316,0.0009601221166531,10.0
1734.174,0.2096855843,0.2160270981638387,0.2175575813742051,-0.0063415138638387,0.0063415138638387,0.0009582141955583,10.0
1734.656,0.2098993433,0.216086432383114,0.2176139787468272,-0.006187089083114,0.006187089083114,0.0009563112839753,10.0
1735.138,0.2101030025,0.2161488872162222,0.2176731104284452,-0.0060458847162222,0.0060458847162222,0.0009544133659071,10.0
1735.62,0.210135255,0.2162144555241228,0.2177349709761775,-0.0060792005241228,0.0060792005241228,0.0009525204254165,10.0
1736.102,0.21026173,0.2162831299287076,0.2177995548013637,-0.0060213999287075,0.0060213999287075,0.000950632446626,10.0
1736.584,0.210512128,0.2163549028140687,0.2178668561701054,-0.0058427748140687,0.0058427748140687,0.0009487494137171,10.0
1737.066,0.210331838,0.2164297663277965,0.2179368692038155,-0.0060979283277965,0.0060979283277965,0.0009468713109306,10.0
1737.549,0.2105302673,0.2165078772946734,0.2180097415566479,-0.0059776099946734,0.0059776099946734,0.0009449942413808,10.0
1738.031,0.2105526539,0.2165889039378097,0.2180851653026214,-0.0060362500378097,0.0060362500378097,0.0009431259619435,10.0
1738.513,0.210987114,0.21667299622852,0.2181632822020127,-0.00568588222852,0.00568588222852,0.0009412625656702,10.0
1738.995,0.2111290483,0.2167601453814878,0.2182440858028009,-0.0056310970814877,0.0056310970814877,0.0009394040370356,10.0
1739.477,0.2113272773,0.2168503423818319,0.2183275695111201,-0.0055230650818319,0.0055230650818319,0.000937550360572,10.0
1739.959,0.2115848137,0.2169435779865779,0.2184137265918465,-0.0053587642865779,0.0053587642865779,0.0009357015208694,10.0
1740.441,0.2115909874,0.2170398427261588,0.2185025501691954,-0.0054488553261587,0.0054488553261587,0.0009338575025749,10.0
1740.923,0.2119794558,0.2171391269059413,0.2185940332273204,-0.0051596711059413,0.0051596711059413,0.0009320182903928,10.0
1741.406,0.2120293595,0.2172416359567706,0.2186883666645955,-0.0052122764567706,0.0052122764567706,0.0009301800682005,10.0
1741.887,0.2121651057,0.2173467136916054,0.2187849490258654,-0.0051816079916054,0.0051816079916054,0.0009283542234671,10.0
1742.37,0.2123003057,0.2174552235484607,0.2188845760377801,-0.0051549178484607,0.0051549178484607,0.0009265255572847,10.0
1742.852,0.2124861072,0.2175664902645563,0.2189866295292744,-0.0050803830645563,0.0050803830645563,0.0009247054275581,10.0
1743.334,0.2126083392,0.2176807246043992,0.2190913053267724,-0.0050723854043991,0.0050723854043991,0.0009228900282819,10.0
1743.816,0.2129052563,0.2177979155560691,0.21919859558677,-0.0048926592560691,0.0048926592560691,0.0009210793444979,10.0
1744.298,0.2128616929,0.2179180518940042,0.2193084923300909,-0.0050563589940042,0.0050563589940042,0.0009192733613033,10.0
1744.78,0.2128717209999999,0.2180411221807337,0.2194209874425401,-0.0051694011807337,0.0051694011807337,0.0009174720638505,10.0
1745.262,0.2133131008,0.2181671147686312,0.2195360726755609,-0.0048540139686312,0.0048540139686312,0.0009156754373465,10.0
1745.744,0.2133899681999999,0.2182960178016909,0.2196537396468973,-0.0049060496016909,0.0049060496016909,0.0009138834670535,10.0
1746.227,0.2134905978,0.2184280956686349,0.2197742319711312,-0.0049374978686349,0.0049374978686349,0.0009120924349516,10.0
1746.709,0.2137581141,0.2185627891744138,0.2198970420525132,-0.0048046750744138,0.0048046750744138,0.0009103097426681,10.0
1747.191,0.2139541447,0.2187003562991022,0.2200224079116358,-0.0047462115991022,0.0047462115991022,0.0009085316626771,10.0
1747.673,0.2141436659,0.2188407843709889,0.220150320637939,-0.0046971184709889,0.0046971184709889,0.000906758180457,10.0
1748.155,0.2144938009999999,0.2189840605192056,0.2202807711905744,-0.0044902595192056,0.0044902595192056,0.0009049892815401,10.0
1748.637,0.2148694266,0.2191301716756351,0.2204137503991051,-0.0042607450756351,0.0042607450756351,0.0009032249515116,10.0
1749.119,0.2151447822,0.2192791045768365,0.2205492489642094,-0.0041343223768365,0.0041343223768365,0.0009014651760102,10.0
1749.601,0.2156389366999999,0.2194308457659921,0.2206872574583926,-0.0037919090659921,0.0037919090659921,0.0008997099407271,10.0
1750.083,0.215913367,0.2195853815948699,0.2208277663267017,-0.0036720145948699,0.0036720145948699,0.0008979592314065,10.0
1750.566,0.2164116048,0.2197430274897991,0.2209710651493197,-0.0033314226897991,0.0033314226897991,0.0008962094157084,10.0
1751.048,0.2168519047,0.2199031166232065,0.2211165507315898,-0.0030512119232065,0.0030512119232065,0.0008944677250707,10.0
1751.53,0.2171812759999999,0.2200659582934157,0.221264507244891,-0.0028846822934157,0.0028846822934157,0.0008927305179121,10.0
1752.012,0.2172634523,0.2202315381061764,0.2214149246314556,-0.0029680858061764,0.0029680858061764,0.000890997780185,10.0
1752.494,0.2176499322,0.2203998414859214,0.2215677927097234,-0.0027499092859214,0.0027499092859214,0.0008892694978937,10.0
1752.976,0.2176944477,0.2205708536778339,0.2217231011750902,-0.0028764059778339,0.0028764059778339,0.0008875456570935,10.0
1753.458,0.2181195233,0.2207445597499333,0.2218808396006628,-0.0026250364499333,0.0026250364499333,0.0008858262438909,10.0
1753.94,0.2182008382,0.2209209445951719,0.222040997438017,-0.0027201063951719,0.0027201063951719,0.0008841112444435,10.0
1754.423,0.2185680384,0.2211003671611362,0.2222039037894422,-0.0025323287611362,0.0025323287611362,0.0008823971005621,10.0
1754.905,0.2185989352,0.2212820690195183,0.2223688732865059,-0.0026831338195182,0.0026831338195182,0.0008806908963857,10.0
1755.387,0.2187720897999999,0.2214664032681322,0.2225362298058168,-0.0026943134681322,0.0026943134681322,0.0008789890647119,10.0
1755.869,0.2190677979,0.2216533541205993,0.2227059623202821,-0.0025855562205992,0.0025855562205992,0.0008772915918997,10.0
1756.351,0.2193455787,0.2218429056261851,0.2228780596851551,-0.0024973269261851,0.0024973269261851,0.000875598464358,10.0
1756.833,0.2195996587,0.2220350416719775,0.2230525106388238,-0.0024353829719775,0.0024353829719775,0.0008739096685454,10.0
1757.315,0.2199354173,0.2222297459850774,0.2232293038036057,-0.0022943286850773,0.0022943286850773,0.0008722251909699,10.0
1757.797,0.2203690642999999,0.2224270021348023,0.2234084276865482,-0.0020579378348023,0.0020579378348023,0.0008705450181887,10.0
1758.28,0.2203575471,0.2226272106636743,0.2235902495205735,-0.0022696635636743,0.0022696635636743,0.0008688656643274,10.0
1758.762,0.2210924426,0.2228295257821562,0.2237740046787726,-0.0017370831821562,0.0017370831821562,0.0008671940698643,10.0
1759.244,0.2212878703,0.2230343424854875,0.2239600553680452,-0.0017464721854875,0.0017464721854875,0.000865526740133,10.0
1759.726,0.2214287939,0.2232416437337693,0.2241483896422131,-0.0018128498337693,0.0018128498337693,0.0008638636618857,10.0
1760.208,0.221904538,0.2234514123404831,0.2243389954438969,-0.001546874340483,0.001546874340483,0.0008622048219228,10.0
1760.69,0.2221774937,0.2236636309747514,0.2245318606053438,-0.0014861372747513,0.0014861372747513,0.0008605502070928,10.0
1761.172,0.2226882035,0.2238782821636032,0.2247269728492596,-0.0011900786636032,0.0011900786636032,0.0008588998042919,10.0
1761.654,0.2231647312,0.2240953482942482,0.2249243197896445,-0.0009306170942482,0.0009306170942482,0.0008572536004639,10.0
1762.136,0.2234285951,0.2243148116163577,0.225123888932635,-0.0008862165163577,0.0008862165163577,0.0008556115826001,10.0
1762.619,0.223979606,0.2245371169595694,0.2253260885935254,-0.0005575109595694,0.0005575109595694,0.0008539703440494,10.0
1763.101,0.2239646019,0.2247613257550221,0.2255300687774973,-0.0007967238550221,0.0007967238550221,0.0008523366678939,10.0
1763.583,0.224589332,0.2249878776508307,0.225736233017078,-0.0003985456508307,0.0003985456508307,0.0008507071389322,10.0
1764.065,0.2247904745,0.2252167543691722,0.2259445683952224,-0.0004262798691722,0.0004262798691722,0.0008490817443434,10.0
1764.547,0.2249721586,0.2254479375061784,0.2261550618912911,-0.0004757789061784,0.0004757789061784,0.0008474604713529,10.0
1765.029,0.2254604307,0.2256814085342469,0.2263677003819158,-0.0002209778342469,0.0002209778342469,0.0008458433072325,10.0
1765.511,0.2256598165999999,0.2259171488043552,0.2265824706418687,-0.0002573322043552,0.0002573322043552,0.0008442302393,10.0
1765.993,0.225821844,0.2261551395483781,0.2267993593449365,-0.0003332955483781,0.0003332955483781,0.000842621254919,10.0
1766.476,0.2260313165999999,0.2263958625745608,0.2270188095874075,-0.0003645459745608,0.0003645459745608,0.000841013016026,10.0
1766.958,0.2264168069,0.2266383020678407,0.2272398991235826,-0.0002214951678407,0.0002214951678407,0.0008394121694283,10.0
1767.44,0.226742524,0.2268829349994955,0.2274630664987524,-0.0001404109994955,0.0001404109994955,0.0008378153687205,10.0
1767.922,0.2271858819,0.2271297421479864,0.2276882979913768,5.613975201351762e-05,5.613975201351762e-05,0.0008362226014479,10.0
1768.404,0.2273192224,0.2273787041842961,0.2279155797833613,-5.948178429612816e-05,5.948178429612816e-05,0.0008346338552006,10.0
1768.886,0.2279887312,0.227629801674252,0.2281448979609504,0.0003589295257479,0.0003589295257479,0.0008330491176136,10.0
1769.368,0.2279948436999999,0.2278830150808543,0.2283762385156299,0.0001118286191456,0.0001118286191456,0.0008314683763665,10.0
1769.85,0.2287249991,0.2281383247665997,0.2286095873450293,0.0005866743334002,0.0005866743334002,0.0008298916191831,10.0
1770.333,0.2288683215,0.2283962471369504,0.2288454205800685,0.0004720743630495,0.0004720743630495,0.0008283155749116,10.0
1770.814,0.2293310008,0.228655153936935,0.2290822529546734,0.0006758468630649,0.0006758468630649,0.0008267500081237,10.0
1771.297,0.2301408231,0.2289171782573388,0.2293220395504697,0.0012236448426612,0.0012236448426612,0.0008251818873754,10.0
1771.779,0.2304502979,0.2291806789191797,0.2295632826422543,0.0012696189808202,0.0012696189808202,0.0008236209527189,10.0
1772.261,0.2311342594,0.2294461762045855,0.2298064620906458,0.0016880831954144,0.0016880831954144,0.0008220639413798,10.0
1772.743,0.231681445,0.2297136499215989,0.2300515632491265,0.001967795078401,0.001967795078401,0.0008205108413443,10.0
1773.225,0.2322384973,0.2299830797939882,0.2302985713837462,0.0022554175060117,0.0022554175060117,0.0008189616406421,10.0
1773.707,0.2327786289,0.2302544454635507,0.2305474716740506,0.0025241834364493,0.0025241834364493,0.0008174163273454,10.0
1774.189,0.2332586387,0.2305277264924137,0.2307982492140154,0.0027309122075862,0.0027309122075862,0.0008158748895696,10.0
1774.671,0.2334055273,0.2308029023653329,0.2310508890129844,0.002602624934667,0.002602624934667,0.0008143373154723,10.0
1775.154,0.2340056486,0.231080529218731,0.2313059058875408,0.0029251193812689,0.0029251193812689,0.0008128004152533,10.0
1775.636,0.2341012556,0.2313594367600721,0.231562228683784,0.0027418188399278,0.0027418188399278,0.0008112705411106,10.0
1776.118,0.2343309421,0.2316401771152803,0.2318203682369634,0.0026907649847197,0.0026907649847197,0.0008097444953492,10.0
1776.6,0.2348269434,0.2319227294823243,0.2320803092271409,0.0029042139176756,0.0029042139176756,0.0008082222662955,10.0
1777.082,0.235280287,0.2322070729931971,0.2323420362544706,0.0030732140068028,0.0030732140068028,0.0008067038423176,10.0
1777.564,0.2355249856,0.2324931867161754,0.2326055338401525,0.0030317988838245,0.0030317988838245,0.0008051892118252,10.0
1778.046,0.2357154226,0.2327810496580724,0.2328707864273892,0.0029343729419275,0.0029343729419275,0.0008036783632693,10.0
1778.528,0.2361540172,0.2330706407664784,0.2331377783823413,0.0030833764335215,0.0030833764335215,0.0008021712851421,10.0
1779.01,0.2366177693999999,0.2333619389319999,0.2334064939950915,0.003255830468,0.003255830468,0.000800667965977,10.0
1779.493,0.2370726989,0.2336555325789985,0.23367748028952,0.0034171663210014,0.0034171663210014,0.0007991652870914,10.0
1779.975,0.2377061819,0.2339501847453496,0.2339495992824786,0.0037559971546503,0.0037559971546503,0.0007976694593531,10.0
1780.457,0.237900731,0.2342464802767767,0.2342233943235199,0.0036542507232232,0.0036542507232232,0.0007961773563979,10.0
1780.939,0.2383042169,0.2345443978580301,0.2344988494079169,0.0037598190419698,0.0037598190419698,0.0007946889669214,10.0
1781.421,0.2388040396,0.2348439161279239,0.2347759484597054,0.003960123472076,0.003960123472076,0.0007932042796599,10.0
1781.903,0.2391434247999999,0.2351450136815161,0.2350546753326583,0.0039984111184838,0.0039984111184838,0.0007917232833893,10.0
1782.385,0.2395565355,0.2354476690722781,0.2353350138112632,0.0041088664277218,0.0041088664277218,0.0007902459669258,10.0
1782.867,0.2401720286999999,0.235751860814254,0.2356169476117018,0.0044201678857459,0.0044201678857459,0.0007887723191248,10.0
1783.35,0.2405462507,0.2360582031899127,0.2359010502135574,0.0044880475100872,0.0044880475100872,0.0007872992829039,10.0
1783.832,0.240959577,0.2363654061051013,0.2361861287625902,0.0045941708948986,0.0045941708948986,0.0007858329467073,10.0
1784.314,0.2414083987,0.2366740806536606,0.2364727533477191,0.0047343180463393,0.0047343180463393,0.0007843702459544,10.0
1784.796,0.2418904698,0.2369842052132254,0.2367609074215994,0.0049062645867745,0.0049062645867745,0.0007829111696581,10.0
1785.278,0.2422293515999999,0.237295758132628,0.2370505743735048,0.0049335934673719,0.0049335934673719,0.0007814557068705,10.0
1785.76,0.2426762218,0.2376087177339891,0.2373417375303209,0.0050675040660108,0.0050675040660108,0.0007800038466823,10.0
1786.242,0.2430603942999999,0.2379230623147926,0.2376343801575364,0.0051373319852073,0.0051373319852073,0.0007785555782228,10.0
1786.724,0.2435971403,0.2382387701499479,0.2379284854602368,0.005358370150052,0.005358370150052,0.0007771108906597,10.0
1787.207,0.2439944463999999,0.2385564786519598,0.2382246512519085,0.0054379677480401,0.0054379677480401,0.0007756667870326,10.0
1787.689,0.2441636961,0.2388748504559078,0.2385216342311205,0.0052888456440921,0.0052888456440921,0.0007742292362923,10.0
1788.171,0.2445444712999999,0.2391945201787132,0.2388200291133495,0.0053499511212867,0.0053499511212867,0.0007727952341587,10.0
1788.653,0.2450861633,0.2395154660253202,0.2391198188719229,0.0055706972746797,0.0055706972746797,0.0007713647699519,10.0
1789.135,0.2455126477,0.2398376661882112,0.2394209864247574,0.0056749815117887,0.0056749815117887,0.0007699378330298,10.0
1789.617,0.245556772,0.2401610988493895,0.2397235146353639,0.0053956731506104,0.0053956731506104,0.0007685144127876,10.0
1790.099,0.2461313154999999,0.2404857421823427,0.2400273863138508,0.0056455733176572,0.0056455733176572,0.0007670944986581,10.0
1790.581,0.2467704523,0.2408115743539947,0.2403325842179295,0.0059588779460053,0.0059588779460053,0.000765678080111,10.0
1791.063,0.2471909398,0.2411385735266393,0.2406390910539197,0.0060523662733606,0.0060523662733606,0.0007642651466533,10.0
1791.546,0.2477768924,0.2414673998324716,0.2409475293942424,0.0063094925675283,0.0063094925675283,0.0007628527672453,10.0
1792.028,0.2483722537,0.2417966697928851,0.2412566046379309,0.0065755839071148,0.0065755839071148,0.0007614467798114,10.0
1792.51,0.2492060624,0.2421270411872113,0.2415669365979862,0.0070790212127886,0.0070790212127886,0.0007600442461873,10.0
1792.992,0.2496678561999999,0.2424584921782813,0.2418785077851511,0.0072093640217186,0.0072093640217186,0.0007586451560268,10.0
1793.474,0.2500857792,0.2427910009337449,0.2421913006638255,0.007294778266255,0.007294778266255,0.0007572494990202,10.0
1793.956,0.2504196243,0.2431245456279118,0.2425052976530792,0.0072950786720882,0.0072950786720882,0.0007558572648938,10.0
1794.438,0.2510430125,0.2434591044435776,0.2428204811276655,0.0075839080564223,0.0075839080564223,0.00075446844341,10.0
1794.92,0.2514015663,0.2437946555738323,0.2431368334190348,0.0076069107261676,0.0076069107261676,0.0007530830243671,10.0
1795.403,0.251820466,0.2441318763952873,0.2434549967213518,0.0076885896047126,0.0076885896047126,0.0007516981338429,10.0
1795.885,0.2521115029,0.2444693487298118,0.2437736358053698,0.0076421541701882,0.0076421541701882,0.0007503194962259,10.0
1796.367,0.2527664364,0.2448077479926518,0.2440933904138915,0.0079586884073481,0.0079586884073481,0.0007489442306378,10.0
1796.849,0.2530108087,0.2451470524358618,0.2444142427152235,0.0078637562641381,0.0078637562641381,0.0007475723270191,10.0
1797.331,0.2531765365,0.2454872403305833,0.2447361748394474,0.0076892961694166,0.0076892961694166,0.0007462037753454,10.0
1797.813,0.2537479974,0.2458282899687537,0.2450591688794391,0.0079197074312462,0.0079197074312462,0.0007448385656276,10.0
1798.295,0.2540051399,0.2461701796647949,0.2453832068918847,0.007834960235205,0.007834960235205,0.0007434766879112,10.0
1798.777,0.2545877849,0.2465128877572842,0.2457082708982972,0.0080748971427158,0.0080748971427158,0.0007421181322767,10.0
1799.26,0.2551269918,0.2468571060895192,0.2460350204192193,0.0082698857104807,0.0082698857104807,0.0007407600805669,10.0
1799.741,0.2557074682,0.2472006726166176,0.2463614048093345,0.0085067955833823,0.0085067955833823,0.000739410947748,10.0
1800.224,0.2562963682999999,0.2475464228018881,0.2466901201559868,0.0087499454981118,0.0087499454981118,0.000738059504577,10.0
1800.706,0.2566042504,0.2478921899029731,0.2470191096454997,0.0087120604970269,0.0087120604970269,0.0007367141455651,10.0
1801.188,0.2572499228,0.2482386674684294,0.2473490347069468,0.0090112553315705,0.0090112553315705,0.0007353720595336,10.0
1801.67,0.2577805816,0.2485858340159683,0.2476798771721349,0.0091947475840316,0.0091947475840316,0.0007340332367687,10.0
1802.152,0.2582634066,0.2489336680986661,0.2480116188448278,0.0093297385013338,0.0093297385013338,0.0007326976675902,10.0
1802.634,0.2585956814,0.2492821483064963,0.2483442415017677,0.0093135330935036,0.0093135330935036,0.0007313653423518,10.0
1803.116,0.2591000402,0.2496312532678355,0.2486777268936895,0.0094687869321644,0.0094687869321644,0.0007300362514408,10.0
1803.598,0.2594773837,0.2499809616509601,0.2490120567463422,0.0094964220490399,0.0094964220490399,0.0007287103852776,10.0
1804.081,0.2602306539,0.250331979499699,0.2493479089520204,0.0098986744003009,0.0098986744003009,0.0007273849935625,10.0
1804.563,0.2605157213,0.2506828320397657,0.2496838744654753,0.0098328892602342,0.0098328892602342,0.0007260655549306,10.0
1805.045,0.260885746,0.2510342242165339,0.2500206294390759,0.0098515217834661,0.0098515217834661,0.0007247493124876,10.0
1805.527,0.2611279499,0.2513861348725208,0.25035815550875,0.0097418150274791,0.0097418150274791,0.0007234362567866,10.0
1806.009,0.2616213618,0.2517385428973294,0.2506964342905246,0.0098828189026705,0.0098828189026705,0.0007221263784131,10.0
1806.491,0.2619594707,0.2520914272290297,0.2510354473815406,0.0098680434709702,0.0098680434709702,0.0007208196679855,10.0
1806.973,0.2624979017,0.2524447668555221,0.2513751763610688,0.0100531348444778,0.0100531348444778,0.0007195161161545,10.0
1807.455,0.2629714329,0.2527985408158807,0.2517156027915225,0.0101728920841193,0.0101728920841193,0.0007182157136032,10.0
1807.938,0.2631782043,0.2531534634455603,0.2520574166000895,0.0100247408544396,0.0100247408544396,0.0007169157628883,10.0
1808.42,0.2637534808,0.253508044195006,0.2523991839084626,0.0102454366049939,0.0102454366049939,0.0007156216375602,10.0
1808.902,0.2643313953,0.2538629966726594,0.2527415932256375,0.0104683986273406,0.0104683986273406,0.0007143306337349,10.0
1809.384,0.2646379544,0.2542183001354827,0.2530846260567052,0.0104196542645172,0.0104196542645172,0.0007130427422236,10.0
1809.866,0.2650893342,0.2545739338980584,0.2534282638949615,0.0105154003019416,0.0105154003019416,0.0007117579538695,10.0
1810.348,0.2657694208,0.2549298773338222,0.2537724882229186,0.0108395434661777,0.0108395434661777,0.0007104762595471,10.0
1810.83,0.2661264093,0.2552861098762764,0.2541172805133115,0.0108402994237236,0.0108402994237236,0.0007091976501626,10.0
1811.312,0.2668158774,0.2556426110201857,0.2544626222301061,0.0111732663798143,0.0111732663798143,0.0007079221166533,10.0
1811.794,0.2673643393,0.255999360322755,0.2548084948295063,0.0113649789772449,0.0113649789772449,0.000706649649988,10.0
1812.277,0.2679102345,0.2563570782438131,0.2551555989215909,0.0115531562561868,0.0115531562561868,0.0007053776107106,10.0
1812.759,0.2681639496,0.2567142632002055,0.2555024786339262,0.0114496863997944,0.0114496863997944,0.0007041112570797,10.0
1813.241,0.2689666549,0.2570716353310652,0.2558498335224359,0.0118950195689347,0.0118950195689347,0.0007028479433663,10.0
1813.723,0.2692966957,0.257429174454899,0.2561976450223072,0.011867521245101,0.011867521245101,0.0007015876606628,10.0
1814.205,0.2696993089,0.257786860458263,0.256545894565979,0.0119124484417369,0.0119124484417369,0.0007003304000923,10.0
1814.687,0.2703999987,0.2581446732968327,0.2568945635841437,0.0122553254031672,0.0122553254031672,0.0006990761528082,10.0
1815.169,0.2707798051,0.2585025929964489,0.2572436335067425,0.012277212103551,0.012277212103551,0.0006978249099944,10.0
1815.651,0.2710747606,0.2588605996541473,0.2575930857639606,0.0122141609458527,0.0122141609458527,0.000696576662865,10.0
1816.134,0.2714847478,0.2592194163869035,0.2579436279118625,0.0122653314130964,0.0122653314130964,0.0006953288222357,10.0
1816.616,0.2720060947,0.2595775376194956,0.2582937898317154,0.0124285570805043,0.0124285570805043,0.0006940865464076,10.0
1817.098,0.2723535583,0.259935686497728,0.258644278349645,0.0124178718022719,0.0124178718022719,0.0006928472400686,10.0
1817.58,0.2727953866,0.2602938434135193,0.2589950749067566,0.0125015431864806,0.0125015431864806,0.0006916108945527,10.0
1818.062,0.2731685949,0.260651988834865,0.2593461609493572,0.0125166060651349,0.0125166060651349,0.0006903775012235,10.0
1818.544,0.2736999592,0.261010103306761,0.2596975179299429,0.012689855893239,0.012689855893239,0.0006891470514742,10.0
1819.026,0.2740376345,0.2613681674521073,0.2600491273081823,0.0126694670478926,0.0126694670478926,0.0006879195367276,10.0
1819.508,0.2746838071999999,0.2617261619725974,0.2604009705519006,0.0129576452274025,0.0129576452274025,0.0006866949484354,10.0
1819.99,0.2750578899,0.2620840676495822,0.2607530291380566,0.0129738222504177,0.0129738222504177,0.000685473278079,10.0
1820.473,0.2753189504,0.2624426075383173,0.2611060155658561,0.0128763428616827,0.0128763428616827,0.0006842519916373,10.0
1820.955,0.275849325,0.2628002779119178,0.2614584496599513,0.0130490470880821,0.0130490470880821,0.0006830361377218,10.0
1821.437,0.2761917447,0.2631578022331864,0.2618110435536059,0.0130339424668135,0.0130339424668135,0.0006818231763421,10.0
1821.919,0.2766167409,0.2635151616106351,0.262163778770114,0.0131015792893648,0.0131015792893648,0.0006806130990951,10.0
1822.401,0.2771893023,0.2638723372365241,0.2625166368467795,0.0133169650634758,0.0133169650634758,0.0006794058976062,10.0
1822.883,0.2773320462999999,0.2642293103876281,0.2628695993358842,0.0131027359123718,0.0131027359123718,0.0006782015635296,10.0
1823.365,0.2778600209,0.264586062425982,0.2632226478056512,0.0132739584740179,0.0132739584740179,0.0006770000885476,10.0
1823.847,0.2783086158,0.2649425747996169,0.2635757638412115,0.013366041000383,0.013366041000383,0.0006758014643711,10.0
1824.33,0.2789182659,0.2652995678788719,0.2639296617918144,0.0136186980211281,0.0136186980211281,0.0006746032048133,10.0
1824.812,0.2794279692,0.2656555450219873,0.2642828578315723,0.0137724241780127,0.0137724241780127,0.0006734102633644,10.0
1825.294,0.2798438293,0.2660112273296573,0.2646360662654858,0.0138326019703426,0.0138326019703426,0.0006722201480049,10.0
1825.776,0.2802888386,0.2663665966010601,0.2649892687559404,0.0139222419989398,0.0139222419989398,0.0006710328505578,10.0
1826.258,0.280705152,0.266721634724783,0.2653424469870137,0.0139835172752169,0.0139835172752169,0.0006698483628738,10.0
1826.74,0.2810551463,0.2670763236794515,0.2656955826654191,0.0139788226205484,0.0139788226205484,0.0006686666768311,10.0
1827.222,0.2816817131,0.26743064553435,0.2660486575214563,0.0142510675656499,0.0142510675656499,0.0006674877843356,10.0
1827.704,0.2819702222,0.2677845824500209,0.2664016533099517,0.014185639749979,0.014185639749979,0.0006663116773207,10.0
1828.187,0.2826364526,0.2681388497215005,0.2667552838520124,0.0144976028784994,0.0144976028784994,0.0006651359163348,10.0
1828.668,0.2830050974,0.2684912305656458,0.2671073348319067,0.0145138668343541,0.0145138668343541,0.0006639677876022,10.0
1829.151,0.2837362619,0.2688446377737479,0.267460715692306,0.0148916241262521,0.0148916241262521,0.0006627975689476,10.0
1829.633,0.2839561876,0.269196857420437,0.2678132129485929,0.0147593301795629,0.0147593301795629,0.0006616325294372,10.0
1830.115,0.2847579001,0.2695486042835011,0.2681655402746834,0.0152092958164989,0.0152092958164989,0.0006604702354652,10.0
1830.597,0.285079571,0.2698998610829899,0.2685176795922963,0.01517970991701,0.01517970991701,0.0006593106791274,10.0
1831.079,0.2855165732,0.2702506106339878,0.2688696128542049,0.0152659625660122,0.0152659625660122,0.0006581538525461,10.0
1831.561,0.2859962531,0.2706008358470932,0.2692213220451609,0.0153954172529067,0.0153954172529067,0.0006569997478705,10.0
1832.043,0.286393779,0.2709505197288839,0.2695727891828106,0.0154432592711161,0.0154432592711161,0.000655848357276,10.0
1832.525,0.2864188045,0.2712996453823649,0.2699239963186108,0.015119159117635,0.015119159117635,0.0006546996729646,10.0
1833.008,0.2870443661,0.2716489185321376,0.2702756533063588,0.0153954475678624,0.0153954475678624,0.0006535513124003,10.0
1833.49,0.2872093971,0.2719968761809352,0.270626286100382,0.0152125209190647,0.0152125209190647,0.0006524080229402,10.0
1833.972,0.2877564805,0.2723442254589376,0.2709766052219046,0.0154122550410623,0.0154122550410623,0.0006512674165103,10.0
1834.454,0.288087674,0.2726909498592747,0.2713265928667837,0.0153967241407252,0.0153967241407252,0.000650129485417,10.0
1834.936,0.2881698228,0.2730370329735384,0.2716762312692139,0.0151327898264616,0.0151327898264616,0.0006489942219927,10.0
1835.418,0.2887214012,0.2733824584921492,0.2720255027026232,0.0153389427078508,0.0153389427078508,0.0006478616185956,10.0
1835.9,0.2891809373,0.2737272102047043,0.2723743894805618,0.0154537270952956,0.0154537270952956,0.0006467316676096,10.0
1836.382,0.2896317231,0.27407127200032,0.2727228739575946,0.01556045109968,0.01556045109968,0.0006456043614441,10.0
1836.865,0.2901285792999999,0.2744153394796601,0.2730716602071754,0.0157132398203398,0.0157132398203398,0.0006444773619323,10.0
1837.347,0.2903803199,0.2747579719943589,0.2734192863887368,0.015622347905641,0.015622347905641,0.000643355328186,10.0
1837.829,0.2908346463,0.2750998668270485,0.2737664575517015,0.0157347794729514,0.0157347794729514,0.0006422359166257,10.0
1838.311,0.2913475511,0.2754410082682362,0.2741131562235953,0.0159065428317637,0.0159065428317637,0.000641119119762,10.0
1838.793,0.2915291639,0.2757813807094404,0.2744593649773497,0.0157477831905595,0.0157477831905595,0.0006400049301311,10.0
1839.275,0.2921846343,0.2761209686434497,0.2748050664321676,0.0160636656565503,0.0160636656565503,0.0006388933402938,10.0
1839.757,0.2923151226,0.2764597566645715,0.2751502432543877,0.0158553659354284,0.0158553659354284,0.000637784342836,10.0
1840.239,0.292477336,0.2767977294688689,0.2754948781583454,0.015679606531131,0.015679606531131,0.0006366779303685,10.0
1840.721,0.2930369406999999,0.2771348718543821,0.2758389539072272,0.0159020688456178,0.0159020688456178,0.0006355740955266,10.0
1841.204,0.2932941648,0.277471865543349,0.2761831653572927,0.0158222992566509,0.0158222992566509,0.0006344705488558,10.0
1841.686,0.2935269044,0.277807300093555,0.2765260700361871,0.0157196043064449,0.0157196043064449,0.0006333718525796,10.0
1842.168,0.2939839244,0.2781418592022316,0.2768683641157885,0.0158420651977683,0.0158420651977683,0.0006322757119675,10.0
1842.65,0.2945525219,0.2784755280775461,0.2772100305632852,0.0160769938224538,0.0160769938224538,0.0006311821197528,10.0
1843.132,0.2950278498999999,0.2788082920305865,0.2775510523989415,0.0162195578694134,0.0162195578694134,0.0006300910686933,10.0
1843.614,0.2957198789,0.2791401364755151,0.2778914126969306,0.0165797424244848,0.0165797424244848,0.0006290025515706,10.0
1844.096,0.2963205494,0.2794710469297138,0.2782310945861642,0.0168495024702862,0.0168495024702862,0.0006279165611907,10.0
1844.578,0.2967988911,0.2798010090139139,0.2785700812511162,0.016997882086086,0.016997882086086,0.0006268330903834,10.0
1845.061,0.2975500935,0.280130690013253,0.2789090569956356,0.0174194034867469,0.0174194034867469,0.0006257498919567,10.0
1845.543,0.2976235738,0.2804587105923994,0.2792466014626789,0.0171648632076005,0.0171648632076005,0.0006246714440697,10.0
1846.025,0.2981211153,0.2807857402559314,0.2795834005659531,0.0173353750440686,0.0173353750440686,0.0006235954943728,10.0
1846.507,0.2984422591,0.2811117650393104,0.2799194377204697,0.0173304940606895,0.0173304940606895,0.000622522035791,10.0
1846.989,0.2991144192,0.2814367710818541,0.2802546964008662,0.0176776481181458,0.0176776481181458,0.0006214510612725,10.0
1847.471,0.2991853537,0.2817607446268045,0.2805891601422048,0.0174246090731954,0.0174246090731954,0.0006203825637892,10.0
1847.953,0.2995012669,0.2820836720213908,0.2809228125407683,0.0174175948786092,0.0174175948786092,0.0006193165363362,10.0
1848.435,0.2999105188,0.282405539716878,0.2812556372548509,0.017504979083122,0.017504979083122,0.0006182529719318,10.0
1848.917,0.3000223678,0.2827263342686112,0.2815876180055453,0.0172960335313887,0.0172960335313887,0.0006171918636176,10.0
1849.4,0.300438815,0.2830467044921939,0.2819194246442965,0.017392110507806,0.017392110507806,0.000616131010611,10.0
1849.882,0.3006515153,0.2833653105436522,0.2822496670517345,0.0172862047563477,0.0172862047563477,0.0006150747987536,10.0
1850.364,0.3009323299,0.2836828037149986,0.2825790170103435,0.0172495261850013,0.0172495261850013,0.0006140210222348,10.0
1850.846,0.3014610103,0.2839991709783386,0.2829074585003235,0.0174618393216614,0.0174618393216614,0.0006129696741879,10.0
1851.328,0.3013437282,0.284314399409926,0.2832349755685399,0.017029328790074,0.017029328790074,0.000611920747769,10.0
1851.81,0.3021271347,0.2846284761901514,0.2835615523292837,0.0174986585098485,0.0174986585098485,0.0006108742361568,10.0
1852.292,0.3020837825,0.2849413886035212,0.2838871729650264,0.0171423938964787,0.0171423938964787,0.0006098301325525,10.0
1852.774,0.3026679602,0.2852531240386288,0.2842118217271707,0.0174148361613712,0.0174148361613712,0.00060878843018,10.0
1853.257,0.3030403640999999,0.2855643130292313,0.2845361533956847,0.0174760510707686,0.0174760510707686,0.0006077469685292,10.0
1853.739,0.3034605433,0.2858736545833822,0.2848588093468671,0.0175868887166177,0.0175868887166177,0.0006067100533275,10.0
1854.221,0.3036779817,0.2861817819237525,0.2851804465675204,0.0174961997762474,0.0174961997762474,0.0006056755191487,10.0
1854.703,0.3039682622,0.2864886828550487,0.2855010495923327,0.0174795793449513,0.0174795793449513,0.0006046433593057,10.0
1855.185,0.3042312856,0.2867943452858001,0.2858206030286071,0.0174369403141998,0.0174369403141998,0.0006036135671332,10.0
1855.667,0.3044641195,0.2870987572282826,0.2861390915569821,0.0173653622717174,0.0173653622717174,0.0006025861359882,10.0
1856.149,0.3045054401,0.2874019067984388,0.2864564999321522,0.0171035333015611,0.0171035333015611,0.0006015610592493,10.0
1856.631,0.305217653,0.2877037822157825,0.2867728129835747,0.0175138707842174,0.0175138707842174,0.0006005383303169,10.0
1857.114,0.3055296431,0.2880049940884951,0.2870886683988446,0.0175246490115049,0.0175246490115049,0.0005995158280556,10.0
1857.595,0.3060831185,0.2883036639873815,0.2874020928110845,0.0177794545126184,0.0177794545126184,0.0005984998895825,10.0
1858.078,0.306092718,0.2886022641517964,0.2877156776770204,0.0174904538482035,0.0174904538482035,0.0005974820597921,10.0
1858.56,0.3066583861,0.2888989244701716,0.2880274568358519,0.0177594616298283,0.0177594616298283,0.000596468661334,10.0
1859.042,0.3071309509,0.2891942532600407,0.2883380659337133,0.0179366976399592,0.0179366976399592,0.0005954575779955,10.0
1859.524,0.3072777932,0.2894882393603112,0.2886474902635065,0.0177895538396887,0.0177895538396887,0.0005944488033064,10.0
1860.006,0.3075658964,0.2897808717126486,0.2889557151977495,0.0177850246873513,0.0177850246873513,0.0005934423308174,10.0
1860.488,0.3081766663999999,0.2900721393613329,0.2892627261892451,0.018104527038667,0.018104527038667,0.0005924381541006,10.0
1860.97,0.3081811804,0.290362031453115,0.2895685087717535,0.017819148946885,0.017819148946885,0.000591436266749,10.0
1861.452,0.3086250184,0.2906505372370582,0.2898730485606487,0.0179744811629417,0.0179744811629417,0.0005904366623766,10.0
1861.935,0.308750424,0.2909382402663866,0.2901769591541607,0.0178121837336134,0.0178121837336134,0.0005894372678358,10.0
1862.417,0.308938216,0.291223938659284,0.2904789678793957,0.0177142773407159,0.0177142773407159,0.0005884422150511,10.0
1862.899,0.3094580499,0.2915082190822479,0.2907796911241461,0.017949830817752,0.017949830817752,0.0005874494261999,10.0
1863.381,0.3096939721,0.2917910711921729,0.2910791148369466,0.017902900907827,0.017902900907827,0.0005864588949795,10.0
1863.863,0.3098064754,0.2920724847474194,0.29137722505118,0.0177339906525805,0.0177339906525805,0.0005854706151076,10.0
1864.345,0.3101360766,0.2923524496076322,0.2916740078857119,0.0177836269923677,0.0177836269923677,0.0005844845803229,10.0
1864.827,0.3101268601,0.2926309557335481,0.2919694495455125,0.0174959043664518,0.0174959043664518,0.0005835007843839,10.0
1865.309,0.3106718902,0.2929079931868044,0.2922635363222792,0.0177638970131956,0.0177638970131956,0.0005825192210701,10.0
1865.792,0.3109058994999999,0.2931841222851102,0.2925568604624119,0.0177217772148897,0.0177217772148897,0.0005815378546717,10.0
1866.274,0.3110457387,0.2934581898828516,0.29284819381687,0.0175875488171483,0.0175875488171483,0.0005805607426268,10.0
1866.756,0.3116061316,0.2937307595763385,0.2931381316620596,0.0178753720236614,0.0178753720236614,0.0005795858446533,10.0
1867.238,0.3119600023,0.294001821828981,0.2934266606428597,0.0179581804710189,0.0179581804710189,0.0005786131546113,10.0
1867.72,0.3123484471,0.2942713672040509,0.2937137674938949,0.018077079895949,0.018077079895949,0.0005776426663808,10.0
1868.202,0.3129541925,0.2945393863644631,0.293999439040124,0.0184148061355369,0.0184148061355369,0.0005766743738615,10.0
1868.684,0.3132020272,0.294805870072552,0.2942836621974208,0.018396157127448,0.018396157127448,0.0005757082709734,10.0
1869.166,0.3138123744,0.2950708091898439,0.2945664239731511,0.018741565210156,0.018741565210156,0.0005747443516559,10.0
1869.648,0.3142502319,0.2953341946768283,0.2948477114667436,0.0189160372231717,0.0189160372231717,0.0005737826098682,10.0
1870.131,0.3143176705,0.2955965591633536,0.2951280908143558,0.0187211113366463,0.0187211113366463,0.0005728210510325,10.0
1870.613,0.314718005,0.2958568073965458,0.2954063882882488,0.0188611976034542,0.0188611976034542,0.0005718636507471,10.0
1871.095,0.3148994824,0.2961154754542718,0.2956831733102026,0.0187840069457281,0.0187840069457281,0.0005709084099741,10.0
1871.577,0.3151498896,0.2963725546906997,0.29595843335369,0.0187773349093002,0.0187773349093002,0.000569955322751,10.0
1872.059,0.315397051,0.2966280365577555,0.2962321559870158,0.0187690144422444,0.0187690144422444,0.0005690043831344,10.0
1872.541,0.3154103286,0.2968819126048757,0.2965043288738576,0.0185284159951242,0.0185284159951242,0.0005680555852001,10.0
1873.023,0.3159019265,0.2971341744787545,0.2967749397737943,0.0187677520212454,0.0187677520212454,0.0005671089230434,10.0
1873.505,0.3158462253,0.2973848139230887,0.2970439765428334,0.0184614113769113,0.0184614113769113,0.0005661643907783,10.0
1873.988,0.3161228394,0.2976343376936009,0.2973119803535426,0.018488501706399,0.018488501706399,0.0005652200295383,10.0
1874.47,0.3162229138,0.2978817044886505,0.2975778294891453,0.0183412093113495,0.0183412093113495,0.0005642797438639,10.0
1874.952,0.3168321179,0.2981274246482475,0.2978420686211268,0.0187046932517524,0.0187046932517524,0.0005633415705258,10.0
1875.434,0.3168020982,0.2983714903017008,0.2981046859965545,0.0184306078982991,0.0184306078982991,0.000562405503714,10.0
1875.916,0.3172128084,0.2986138936740107,0.2983656699614674,0.0185989147259892,0.0185989147259892,0.0005614715376373,10.0
1876.398,0.3174631925,0.2988546270856004,0.2986250089613669,0.0186085654143995,0.0186085654143995,0.0005605396665233,10.0
1876.88,0.3175238006,0.2990936829520453,0.2988826915417019,0.0184301176479547,0.0184301176479547,0.0005596098846179,10.0
1877.362,0.31800036,0.2993310537838016,0.2991387063483495,0.0186693062161983,0.0186693062161983,0.000558682186186,10.0
1877.844,0.318217206,0.2995667321859309,0.2993930421280865,0.018650473814069,0.018650473814069,0.0005577565655106,10.0
1878.327,0.318334905,0.299801194518875,0.2996462101254387,0.0185337104811249,0.0185337104811249,0.0005568311029675,10.0
1878.809,0.3185803641,0.3000334627051905,0.2998971509566869,0.0185469013948095,0.0185469013948095,0.0005559096250096,10.0
1879.291,0.3188763686,0.3002640168272756,0.3001463795888028,0.0186123517727243,0.0186123517727243,0.0005549902077564,10.0
1879.773,0.3192573283,0.3004928498660371,0.3003938851769981,0.0187644784339629,0.0187644784339629,0.0005540728455643,10.0
1880.255,0.3193265295999999,0.3007199548955944,0.3006396569796665,0.0186065747044055,0.0186065747044055,0.000553157532808,10.0
1880.737,0.3198917502,0.3009453250829955,0.3008836843588189,0.0189464251170044,0.0189464251170044,0.0005522442638803,10.0
1881.219,0.3200752408999999,0.3011689536879358,0.3011259567805201,0.0189062872120641,0.0189062872120641,0.0005513330331918,10.0
1881.701,0.3201942497999999,0.3013908340624714,0.3013664638153106,0.0188034157375285,0.0188034157375285,0.0005504238351713,10.0
1882.184,0.3201624308,0.3016114145142318,0.3016056885788773,0.0185510162857682,0.0185510162857682,0.0005495147842715,10.0
1882.666,0.3205639227,0.3018297751914419,0.3018426302556735,0.0187341475085581,0.0187341475085581,0.000548609639133,10.0
1883.148,0.3208886379,0.3020463682325993,0.3020777758673451,0.0188422696674007,0.0188422696674007,0.0005477065100443,10.0
1883.63,0.3209586899,0.3022611873565319,0.3023111154067048,0.018697502543468,0.018697502543468,0.0005468053915052,10.0
1884.112,0.3210812454,0.302474226372994,0.3025426389730836,0.018607019027006,0.018607019027006,0.0005459062780333,10.0
1884.594,0.3214589262,0.3026854791823763,0.3027723367727215,0.0187734470176236,0.0187734470176236,0.0005450091641637,10.0
1885.076,0.3215467518,0.3028949397754185,0.3030001991191515,0.0186518120245814,0.0186518120245814,0.000544114044449,10.0
1885.558,0.321719257,0.3031026022329178,0.3032262164335771,0.0186166547670821,0.0186166547670821,0.0005432209134591,10.0
1886.041,0.3218823527,0.3033088859385356,0.3034508423790549,0.0185734667614643,0.0185734667614643,0.0005423279189853,10.0
1886.522,0.3222517152,0.303512509513031,0.303672678191806,0.018739205686969,0.018739205686969,0.0005414405960208,10.0
1887.005,0.3223805693,0.3037151606254291,0.3038935593812176,0.0186654086745708,0.0186654086745708,0.0005405515601876,10.0
1887.487,0.3224281671,0.3039155693561979,0.304112099031417,0.018512597743802,0.018512597743802,0.0005396663342196,10.0
1887.969,0.3226419775,0.3041141516848769,0.3043287473648569,0.0185278258151231,0.0185278258151231,0.0005387830700746,10.0
1888.451,0.3229807058,0.3043109022267088,0.304543495456588,0.0186698035732911,0.0186698035732911,0.0005379017624262,10.0
1888.933,0.3232911096,0.3045058156849629,0.3047563344918048,0.018785293915037,0.018785293915037,0.0005370224059645,10.0
1889.415,0.3234613444,0.304698886850648,0.3049672557661778,0.0187624575493519,0.0187624575493519,0.0005361449953969,10.0
1889.897,0.3235919911,0.3048901106022222,0.3051762506861743,0.0187018804977777,0.0187018804977777,0.0005352695254473,10.0
1890.379,0.323863379,0.3050794819053044,0.3053833107693763,0.0187838970946955,0.0187838970946955,0.0005343959908568,10.0
1890.862,0.3240029145999999,0.3052673829112435,0.3055888511727661,0.0187355316887564,0.0187355316887564,0.0005335225800776,10.0
1891.344,0.3240514646999999,0.3054530306928018,0.3057920125239315,0.0185984340071981,0.0185984340071981,0.0005326529044828,10.0
1891.826,0.3242499021,0.3056368114329901,0.3059932142440189,0.0186130906670098,0.0186130906670098,0.0005317851485593,10.0
1892.308,0.3244823503,0.3058187204433699,0.3061924482983431,0.0186636298566301,0.0186636298566301,0.0005309193071144,10.0
1892.79,0.324503047,0.305998753121226,0.3063897067648234,0.0185042938787739,0.0185042938787739,0.0005300553749723,10.0
1893.272,0.3248876660999999,0.3061769049492824,0.3065849818342644,0.0187107611507175,0.0187107611507175,0.0005291933469735,10.0
1893.754,0.3248546339,0.306353171495418,0.3067782658106293,0.018501462404582,0.018501462404582,0.0005283332179747,10.0
1894.236,0.3251357448,0.3065275484123816,0.3069695511113048,0.0186081963876183,0.0186081963876183,0.0005274749828494,10.0
1894.719,0.32514023,0.3067003873145041,0.3071592208722076,0.0184398426854958,0.0184398426854958,0.0005266168617944,10.0
1895.201,0.3253764011,0.3068709683272552,0.3073464823437171,0.0185054327727447,0.0185054327727447,0.000525762403003,10.0
1895.683,0.3255255583,0.3070396471670812,0.3075317230599267,0.0184859111329188,0.0184859111329188,0.0005249098227914,10.0
1896.165,0.3258286188,0.3072064198235744,0.3077149358947108,0.0186221989764256,0.0186221989764256,0.0005240591160974,10.0
1896.647,0.3258625725,0.3073712823697938,0.3078961138366094,0.0184912901302061,0.0184912901302061,0.000523210277875,10.0
1897.129,0.3260142623,0.3075342309619913,0.308075249989063,0.0184800313380087,0.0184800313380087,0.0005223633030942,10.0
1897.611,0.3261992672,0.3076952618393323,0.3082523375706314,0.0185040053606677,0.0185040053606677,0.0005215181867407,10.0
1898.093,0.3262756315,0.3078543713236241,0.3084273699152134,0.0184212601763758,0.0184212601763758,0.0005206749238163,10.0
1898.575,0.3264398262,0.3080115558190409,0.308600340472258,0.0184282703809591,0.0184282703809591,0.0005198335093385,10.0
1899.058,0.3265890893,0.3081671319126556,0.3087715952218142,0.0184219573873444,0.0184219573873444,0.0005189921984047,10.0
1899.54,0.3268229774999999,0.3083204519592851,0.3089404187048313,0.0185025255407148,0.0185025255407148,0.0005181544697445,10.0
1900.022,0.3266982752,0.3084718367141911,0.3091071614312242,0.0182264384858088,0.0182264384858088,0.0005173185746673,10.0
1900.504,0.3270210653,0.3086212829084832,0.3092718173148668,0.0183997823915167,0.0183997823915167,0.0005164845082532,10.0
1900.986,0.3270399172,0.3087687873542935,0.3094343803861455,0.0182711298457065,0.0182711298457065,0.0005156522655979,10.0
1901.468,0.3273010554,0.3089143469445129,0.3095948447921313,0.018386708455487,0.018386708455487,0.0005148218418124,10.0
1901.95,0.3273507013,0.309057958652528,0.3097532047967476,0.0182927426474719,0.0182927426474719,0.0005139932320233,10.0
1902.432,0.3276579948999999,0.3091996195319607,0.3099094547809314,0.0184583753680392,0.0184583753680392,0.0005131664313724,10.0
1902.915,0.3276797598,0.3093396145325333,0.310063906820996,0.0183401452674666,0.0183401452674666,0.0005123397252783,10.0
1903.397,0.3280215076,0.3094773611733813,0.3102159159702106,0.0185441464266186,0.0185441464266186,0.0005115165321188,10.0
1903.879,0.3280693114,0.309613148619807,0.3103657989345969,0.018456162780193,0.018456162780193,0.0005106951336046,10.0
1904.361,0.3280978716,0.3097469742439626,0.3105135505648757,0.0183508973560373,0.0183508973560373,0.0005098755249383,10.0
1904.843,0.3283293648,0.3098788354969577,0.310659165829493,0.0184505293030423,0.0184505293030423,0.0005090577013379,10.0
1905.325,0.3283551846,0.3100087299086088,0.3108026398147444,0.0183464546913911,0.0183464546913911,0.000508241658036,10.0
1905.807,0.3282681067,0.3101366550871909,0.3109439677248918,0.018131451612809,0.018131451612809,0.0005074273902805,10.0
1906.289,0.3284052795,0.3102626087191916,0.3110831448822743,0.0181426707808083,0.0181426707808083,0.000506614893334,10.0
1906.771,0.3285678837999999,0.3103865885690673,0.3112201667274134,0.0181812952309325,0.0181812952309325,0.000505804162474,10.0
1907.254,0.328676841,0.310508843543706,0.3113553063679071,0.0181679974562939,0.0181679974562939,0.0005049935164607,10.0
1907.736,0.3286560273,0.3106288653274799,0.3114879998891451,0.01802716197252,0.01802716197252,0.0005041863073052,10.0
1908.218,0.3289044135,0.3107469070838216,0.311618525121155,0.0181575064161784,0.0181575064161784,0.0005033808501477,10.0
1908.7,0.3288537414,0.3108629668868199,0.3117468779783583,0.01799077451318,0.01799077451318,0.0005025771403247,10.0
1909.182,0.3290490571,0.3109770428873423,0.3118730544937904,0.0180720142126576,0.0180720142126576,0.0005017751731872,10.0
1909.664,0.3291959378,0.3110891333128024,0.3119970508191675,0.0181068044871975,0.0181068044871975,0.0005009749441007,10.0
1910.146,0.3293249013,0.3111992364669315,0.3121188632249488,0.0181256648330684,0.0181256648330684,0.0005001764484453,10.0
1910.628,0.3294088223,0.3113073507295498,0.3122384881003912,0.0181014715704501,0.0181014715704501,0.0004993796816155,10.0
1911.111,0.3293372223,0.3114136926601751,0.3123561633123775,0.0179235296398248,0.0179235296398248,0.0004985829913433,10.0
1911.593,0.3295907306,0.3115178204484156,0.3124713982142314,0.0180729101515844,0.0180729101515844,0.0004977896719687,10.0
1912.075,0.3297729456,0.3116199549360954,0.312584435460135,0.0181529906639045,0.0181529906639045,0.0004969980676798,10.0
1912.557,0.3297156559999999,0.3117200948053233,0.312695271915211,0.0179955611946766,0.0179955611946766,0.0004962081739283,10.0
1913.039,0.329599072,0.3118182388131942,0.3128039045635633,0.0177808331868057,0.0177808331868057,0.0004954199861802,10.0
1913.521,0.3297496121,0.3119143857915761,0.3129103305082947,0.0178352263084238,0.0178352263084238,0.0004946334999155,10.0
1914.003,0.3297793824,0.3120085346468993,0.3130145469715196,0.0177708477531006,0.0177708477531006,0.0004938487106284,10.0
1914.485,0.3296557729,0.3121006843599462,0.3131165512943683,0.0175550885400537,0.0175550885400537,0.0004930656138269,10.0
1914.968,0.3298929817,0.3121910189383641,0.3132165456655902,0.0177019627616358,0.0177019627616358,0.0004922825856048,10.0
1915.449,0.3299995508,0.312278982652871,0.313313913478539,0.0177205681471289,0.0177205681471289,0.0004915044797835,10.0
1915.932,0.3299237763,0.3123653062109295,0.3134094621366657,0.0175584700890704,0.0175584700890704,0.0004907248211663,10.0
1916.414,0.3301869068,0.3124494464873526,0.3135025890782342,0.0177374603126473,0.0177374603126473,0.0004899484531377,10.0
1916.896,0.3300879805999999,0.3125315836322846,0.313593492365952,0.0175563969677153,0.0175563969677153,0.0004891737553351,10.0
1917.378,0.3302212375,0.3126117170685211,0.3136821700550781,0.0176095204314788,0.0176095204314788,0.0004884007233497,10.0
1917.86,0.3303850398,0.3126898462918138,0.3137686203197577,0.0176951935081861,0.0176951935081861,0.0004876293527865,10.0
1918.342,0.3304681486999999,0.3127659708706815,0.3138528414529796,0.0177021778293184,0.0177021778293184,0.0004868596392641,10.0
1918.824,0.3302967359,0.3128400904462204,0.3139348318665261,0.0174566454537796,0.0174566454537796,0.0004860915784148,10.0
1919.306,0.3306545487999999,0.3129122047319228,0.3140145900909205,0.0177423440680771,0.0177423440680771,0.0004853251658842,10.0
1919.789,0.3306247181,0.3129824568825693,0.3140922732923245,0.0176422612174306,0.0176422612174306,0.0004845588123808,10.0
1920.271,0.3305399036,0.3130505558565487,0.3141675585669706,0.0174893477434512,0.0174893477434512,0.000483795686876,10.0
1920.753,0.3306109035,0.3131166491136461,0.3142406079536378,0.0174942543863538,0.0174942543863538,0.000483034196699,10.0
1921.235,0.3304642705,0.3131807366552778,0.3143114204573799,0.0172835338447222,0.0172835338447222,0.0004822743375492,10.0
1921.717,0.3305864987999999,0.3132428185543664,0.3143799952016243,0.0173436802456335,0.0173436802456335,0.0004815161051392,10.0
1922.199,0.3305706779,0.3133028949551699,0.3144463314280793,0.01726778294483,0.01726778294483,0.000480759495195,10.0
1922.681,0.3307615758,0.3133609660731146,0.3145104284966394,0.0174006097268853,0.0174006097268853,0.0004800045034558,10.0
1923.163,0.3305929255,0.3134170321946304,0.3145722858852808,0.0171758933053695,0.0171758933053695,0.0004792511256739,10.0
1923.646,0.3306416689999999,0.3134712037542081,0.3146320245485283,0.0171704652457918,0.0171704652457918,0.0004784977996003,10.0
1924.128,0.3306852193999999,0.3135232568677349,0.3146893968347511,0.017161962532265,0.017161962532265,0.000477747640369,10.0
1924.61,0.3308967919,0.313573306269632,0.3147445285821287,0.017323485630368,0.017323485630368,0.0004769990824216,10.0
1925.092,0.3307427893,0.3136213525288847,0.31479741974006,0.0171214367711153,0.0171214367711153,0.0004762521215628,10.0
1925.574,0.3307211525,0.3136673962846914,0.314848070375421,0.0170537562153085,0.0170537562153085,0.00047550675361,10.0
1926.056,0.3307421558,0.313711438246315,0.3148964806724275,0.0170307175536849,0.0170307175536849,0.0004747629743935,10.0
1926.538,0.330992404,0.3137534791929333,0.3149426509324898,0.0172389248070667,0.0172389248070667,0.0004740207797565,10.0
1927.02,0.331089936,0.3137935199734942,0.3149865815740627,0.0172964160265057,0.0172964160265057,0.0004732801655548,10.0
1927.502,0.3309774084,0.3138315615065724,0.3150282731324892,0.0171458468934275,0.0171458468934275,0.0004725411276572,10.0
1927.985,0.3307887429,0.3138676774823431,0.3150678057864728,0.0169210654176569,0.0169210654176569,0.0004718021335646,10.0
1928.467,0.3307472174,0.3139017194115628,0.3151050166098031,0.0168454979884371,0.0168454979884371,0.000471066239181,10.0
1928.949,0.3308638384999999,0.313933765267802,0.3151399906576591,0.0169300732321979,0.0169300732321979,0.000470331908775,10.0
1929.431,0.3307159303,0.3139638162469048,0.3151727289315028,0.0167521140530952,0.0167521140530952,0.0004695991382659,10.0
1929.913,0.3307471622,0.3139918736136633,0.3152032325488184,0.0167552885863366,0.0167552885863366,0.0004688679235855,10.0
1930.395,0.3306923773999999,0.3140179387016889,0.3152315027429206,0.016674438698311,0.016674438698311,0.0004681382606779,10.0
1930.877,0.3308546733,0.3140420129132865,0.3152575408627587,0.0168126603867135,0.0168126603867135,0.0004674101454999,10.0
1931.359,0.3306645918,0.3140640977193297,0.3152813483727144,0.0166004940806703,0.0166004940806703,0.0004666835740205,10.0
1931.842,0.3307973477,0.3140842342887597,0.3153029693051106,0.0167131134112402,0.0167131134112402,0.0004659570396034,10.0
1932.324,0.3307834724,0.3141023408508391,0.3153223158299451,0.0166811315491609,0.0166811315491609,0.0004652335466597,10.0
1932.806,0.3306445841,0.3141184628337466,0.3153394368324048,0.0165261212662533,0.0165261212662533,0.0004645115853873,10.0
1933.288,0.3307688359,0.3141326019815842,0.3153543342367057,0.0166362339184157,0.0166362339184157,0.0004637911518045,10.0
1933.77,0.3306904723,0.3141447601064377,0.3153670100814003,0.0165457121935623,0.0165457121935623,0.0004630722419418,10.0
1934.252,0.3306290896,0.3141549390882688,0.3153774665191435,0.0164741505117311,0.0164741505117311,0.0004623548518415,10.0
1934.734,0.3304701148,0.3141631408748067,0.3153857058164497,0.0163069739251933,0.0163069739251933,0.0004616389775584,10.0
1935.216,0.3308769849,0.3141693674814425,0.3153917303534463,0.0167076174185574,0.0167076174185574,0.000460924615159,10.0
1935.698,0.3306664312,0.3141736209911263,0.3153955426236224,0.0164928102088736,0.0164928102088736,0.0004602117607221,10.0
1936.181,0.3308153664,0.3141759062426095,0.3153971462634193,0.0166394601573905,0.0166394601573905,0.0004594989360682,10.0
1936.663,0.3306164914,0.314176215994826,0.3153965373567586,0.0164402754051739,0.0164402754051739,0.0004587890889482,10.0
1937.145,0.3306026922,0.3141745593081072,0.3153937243472946,0.0164281328918928,0.0164281328918928,0.00045808073809,10.0
1937.627,0.3305765702,0.3141709385347907,0.3153887101795588,0.0164056316652093,0.0164056316652093,0.0004573738796201,10.0
1938.109,0.3305328116,0.3141653560942898,0.3153814979100988,0.0163674555057101,0.0163674555057101,0.0004566685096764,10.0
1938.591,0.3304853629,0.3141578144730034,0.3153720907071932,0.0163275484269966,0.0163275484269966,0.0004559646244088,10.0
1939.073,0.3302360649,0.3141483162242278,0.3153604918505616,0.0160877486757722,0.0160877486757722,0.0004552622199788,10.0
1939.555,0.3303828844,0.3141368639680705,0.3153467047310684,0.0162460204319295,0.0162460204319295,0.0004545612925596,10.0
1940.038,0.3305122466,0.3141234305566235,0.315330697445175,0.0163888160433764,0.0163888160433764,0.0004538603887151,10.0
1940.52,0.3303295953,0.3141080743730907,0.3153125398942464,0.0162215209269092,0.0162215209269092,0.0004531624069283,10.0
1941.002,0.3302278755,0.3140907724484563,0.3152922049247181,0.0161371030515437,0.0161371030515437,0.0004524658907338,10.0
1941.484,0.330295375,0.3140715276693905,0.3152696963691973,0.0162238473306094,0.0162238473306094,0.000451770836351,10.0
1941.966,0.3301585664,0.3140503429889745,0.3152450181698766,0.0161082234110255,0.0161082234110255,0.000451077240011,10.0
1942.448,0.3301975188,0.3140272214266261,0.3152181743782073,0.0161702973733739,0.0161702973733739,0.0004503850979562,10.0
1942.93,0.3301085545,0.3140021660680272,0.3151891691545654,0.0161063884319727,0.0161063884319727,0.0004496944064403,10.0
1943.412,0.3300740381,0.3139751800650538,0.3151580067679153,0.0160988580349461,0.0160988580349461,0.0004490051617286,10.0
1943.895,0.3299757049,0.3139462046480524,0.3151246202421299,0.0160295002519475,0.0160295002519475,0.0004483159346207,10.0
1944.376,0.3298465153,0.3139154290640452,0.3150892281223216,0.0159310862359547,0.0159310862359547,0.0004476309978349,10.0
1944.859,0.329936248,0.3138826007424121,0.3150515406927988,0.0160536472575879,0.0160536472575879,0.0004469446517198,10.0
1945.341,0.3297658945,0.3138479210278457,0.3150117900705801,0.0159179734721542,0.0159179734721542,0.0004462611600692,10.0
1945.823,0.3295830625,0.3138113274261412,0.3149699052568874,0.0157717350738588,0.0157717350738588,0.0004455790967097,10.0
1946.305,0.3295465305,0.3137728234850935,0.3149258911650502,0.0157737070149064,0.0157737070149064,0.0004448984579741,10.0
1946.787,0.3294141908999999,0.3137324128182466,0.3148797528144765,0.0156817780817533,0.0156817780817533,0.0004442192402057,10.0
1947.269,0.3294180517,0.3136900991048376,0.3148314953302755,0.0157279525951624,0.0157279525951624,0.0004435414397592,10.0
1947.751,0.3291814253,0.3136458860897412,0.314781123942874,0.0155355392102587,0.0155355392102587,0.0004428650530001,10.0
1948.233,0.3291064461,0.3135997775834158,0.3147286439876279,0.0155066685165841,0.0155066685165841,0.0004421900763052,10.0
1948.716,0.3290693299,0.3135516759129333,0.3146739454791525,0.0155176539870666,0.0155176539870666,0.0004415151100726,10.0
1949.198,0.3288956383,0.3135017842054101,0.3146172604660338,0.0153938540945899,0.0153938540945899,0.0004408429455858,10.0
1949.68,0.3289510801,0.313450008839405,0.3145584835285844,0.015501071260595,0.015501071260595,0.0004401721803508,10.0
1950.162,0.3287150582,0.3133963538873414,0.3144976204181118,0.0153187043126586,0.0153187043126586,0.0004395028107875,10.0
1950.644,0.3286391619,0.3133408234869805,0.3144346769888382,0.0152983384130194,0.0152983384130194,0.0004388348333268,10.0
1951.126,0.3285315137,0.3132834218413755,0.314369659197483,0.0152480918586245,0.0152480918586245,0.0004381682444103,10.0
1951.608,0.3283527872,0.3132241532188283,0.3143025731028409,0.0151286339811716,0.0151286339811716,0.0004375030404903,10.0
1952.09,0.328452111,0.3131630219528469,0.3142334248653551,0.015289089047153,0.015289089047153,0.0004368392180297,10.0
1952.573,0.328242892,0.3130998998299179,0.3141620708876136,0.015142992170082,0.015142992170082,0.0004361754005658,10.0
1953.055,0.3279122086,0.3130350526968767,0.3140888130047734,0.0148771559031233,0.0148771559031233,0.0004355143333032,10.0
1953.537,0.3280253583999999,0.3129683563212163,0.3140135120794867,0.0150570020787836,0.0150570020787836,0.0004348546369453,10.0
1954.019,0.3276573525,0.3128998152970007,0.3139361746746379,0.0147575372029992,0.0147575372029992,0.0004341963079972,10.0
1954.501,0.3277206623,0.3128294342833044,0.3138568074525572,0.0148912280166955,0.0148912280166955,0.0004335393429748,10.0
1954.983,0.3275318686,0.3127572180041763,0.3137754171745639,0.0147746505958236,0.0147746505958236,0.0004328837384042,10.0
1955.465,0.3274642039,0.3126831712486039,0.3136920107005092,0.014781032651396,0.014781032651396,0.000432229490822,10.0
1955.947,0.3272439608999999,0.3126072988704807,0.3136065949883128,0.0146366620295192,0.0146366620295192,0.0004315765967753,10.0
1956.429,0.3273816312,0.3125296057885716,0.3135191770934941,0.0148520254114284,0.0148520254114284,0.0004309250528213,10.0
1956.912,0.327192069,0.3124499301465168,0.3134295765958933,0.0147421388534832,0.0147421388534832,0.000430273507968,10.0
1957.394,0.3268996446,0.3123686069213714,0.3133381717740015,0.0145310376786285,0.0145310376786285,0.0004296246566959,10.0
1957.876,0.3267390302999999,0.3122854781483241,0.3132447865322435,0.0144535521516758,0.0144535521516758,0.000428977145243,10.0
1958.358,0.3268562399,0.3122005490054469,0.3131494283119724,0.014655690894553,0.014655690894553,0.0004283309702078,10.0
1958.84,0.3265771574,0.3121138247355299,0.3130521046497357,0.01446333266447,0.01446333266447,0.0004276861281987,10.0
1959.322,0.3265262424,0.3120253106460515,0.3129528231767813,0.0145009317539484,0.0145009317539484,0.0004270426158345,10.0
1959.804,0.326162091,0.3119350121091517,0.3128515916185596,0.0142270788908482,0.0142270788908482,0.0004264004297437,10.0
1960.286,0.3263794957,0.3118429345616027,0.3127484177942209,0.0145365611383972,0.0145365611383972,0.0004257595665653,10.0
1960.769,0.3260681043,0.3117488869533402,0.3126430895441328,0.0143192173466598,0.0143192173466598,0.0004251186974633,10.0
1961.251,0.3258609099,0.3116532642911055,0.3125360510290857,0.0142076456088945,0.0142076456088945,0.0004244804727932,10.0
1961.733,0.3258320361,0.3115558793278157,0.3124270942793811,0.0142761567721842,0.0142761567721842,0.0004238435610049,10.0
1962.215,0.3256264977,0.311456737758641,0.3123162274840518,0.0141697599413589,0.0141697599413589,0.000423207958777,10.0
1962.697,0.3254217400999999,0.3113558453432515,0.3122034589232555,0.0140658947567484,0.0140658947567484,0.0004225736627983,10.0
1963.179,0.3252523774,0.3112532079057927,0.3120887969677475,0.0139991694942073,0.0139991694942073,0.0004219406697671,10.0
1963.661,0.3249117068,0.3111488313348591,0.3119722500783499,0.0137628754651408,0.0137628754651408,0.0004213089763917,10.0
1964.143,0.3249846899,0.31104272158347,0.3118538268054169,0.0139419683165299,0.0139419683165299,0.0004206785793901,10.0
1964.625,0.3248634284,0.3109348846690429,0.3117335357882945,0.013928543730957,0.013928543730957,0.0004200494754902,10.0
1965.108,0.324570663,0.310825097589817,0.311611130405132,0.013745565410183,0.013745565410183,0.0004194203602492,10.0
1965.59,0.3243976404,0.3107138211075132,0.3114871263415572,0.0136838192924867,0.0136838192924867,0.0004187938354409,10.0
1966.072,0.3243771822,0.3106008359135174,0.3113612809989023,0.0137763462864825,0.0137763462864825,0.0004181685939691,10.0
1966.554,0.3241283033,0.3104861482827237,0.3112336033671972,0.0136421550172762,0.0136421550172762,0.0004175446326004,10.0
1967.036,0.3241764628,0.3103697645542986,0.3111041025227107,0.0138066982457013,0.0138066982457013,0.0004169219481109,10.0
1967.518,0.3239707007,0.3102516911316547,0.3109727876273883,0.0137190095683452,0.0137190095683452,0.0004163005372863,10.0
1968.0,0.3237018491,0.3101319344824246,0.310839667928287,0.0135699146175753,0.0135699146175753,0.0004156803969217,10.0
1968.482,0.3234744369,0.3100105011384345,0.310704752757006,0.0134639357615654,0.0134639357615654,0.0004150615238218,10.0
1968.965,0.3234934496,0.3098871405628912,0.3105677660665833,0.0136063090371087,0.0136063090371087,0.0004144426347662,10.0
1969.447,0.3233116227,0.3097623702373502,0.3104292846051679,0.0135492524626498,0.0135492524626498,0.0004138262892603,10.0
1969.929,0.3228989976999999,0.309635943211436,0.3102890361878405,0.0132630544885639,0.0132630544885639,0.0004132112014833,10.0
1970.411,0.3228256616,0.3095078662736094,0.3101470304787738,0.0133177953263906,0.0133177953263906,0.0004125973682775,10.0
1970.893,0.3227378952,0.3093781462763842,0.3100032772237804,0.0133597489236157,0.0133597489236157,0.0004119847864946,10.0
1971.375,0.3225795219,0.3092467901362994,0.309857786249723,0.0133327317637005,0.0133327317637005,0.0004113734529955,10.0
1971.857,0.3221896623,0.3091138048338875,0.3097105674639205,0.0130758574661125,0.0130758574661125,0.0004107633646506,10.0
1972.339,0.3221992227999999,0.3089791974136441,0.3095616308535502,0.0132200253863558,0.0132200253863558,0.0004101545183392,10.0
1972.822,0.3220475222999999,0.3088426906910143,0.309410672176678,0.0132048316089856,0.0132048316089856,0.0004095456516395,10.0
1973.303,0.3218810789999999,0.3087051447172645,0.3092586445034961,0.0131759342827354,0.0131759342827354,0.0004089405393811,10.0
1973.786,0.3216391194,0.3085654229152147,0.309104293822119,0.0130736964847852,0.0130736964847852,0.0004083341463437,10.0
1974.268,0.3215273098,0.3084243954487411,0.3089485838926354,0.0131029143512588,0.0131029143512588,0.0004077302396931,10.0
1974.75,0.3212048951,0.3082817820605427,0.3087912072728073,0.0129231130394573,0.0129231130394573,0.0004071275596046,10.0
1975.232,0.3211993352,0.3081375901783162,0.3086321744163853,0.0130617450216837,0.0130617450216837,0.0004065261030125,10.0
1975.714,0.3207337412,0.3079918272934759,0.3084714958527029,0.012741913906524,0.012741913906524,0.0004059258668601,10.0
1976.196,0.3208154616,0.3078445009611125,0.3083091821860514,0.0129709606388875,0.0129709606388875,0.0004053268480997,10.0
1976.678,0.3206557998,0.3076956187999548,0.3081452440950555,0.0129601810000452,0.0129601810000452,0.0004047290436925,10.0
1977.16,0.3204444785999999,0.3075451884923239,0.307979692332041,0.012899290107676,0.012899290107676,0.0004041324506087,10.0
1977.643,0.3199843418,0.3073929008963316,0.3078121892700025,0.0125914409036683,0.0125914409036683,0.0004035358318432,10.0
1978.125,0.3200473171,0.3072393944253888,0.3076434394201544,0.0128079226746112,0.0128079226746112,0.0004029416548499,10.0
1978.607,0.3197277869,0.3070843632524572,0.307473108613973,0.0126434236475427,0.0126434236475427,0.0004023486801375,10.0
1979.089,0.3197048395,0.306927815313914,0.3073012078923857,0.0127770241860859,0.0127770241860859,0.0004017569047118,10.0
1979.571,0.319271582,0.3067697586094952,0.3071277483668275,0.0125018233905047,0.0125018233905047,0.0004011663255871,10.0
1980.053,0.3189846751,0.3066102012022437,0.3069527412185943,0.0123744738977563,0.0123744738977563,0.0004005769397866,10.0
1980.535,0.3187846975,0.3064491512184575,0.3067761976981936,0.0123355462815424,0.0123355462815424,0.0003999887443422,10.0
1981.017,0.3185672599,0.3062866168476317,0.3065981291246907,0.0122806430523683,0.0122806430523683,0.0003994017362944,10.0
1981.5,0.3185024815,0.3061222645429656,0.3064181727422761,0.0123802169570343,0.0123802169570343,0.0003988146985199,10.0
1981.982,0.3180357555,0.3059567831824709,0.306237085186047,0.0120789723175291,0.0120789723175291,0.0003982300588699,10.0
1982.464,0.3179951841,0.3057898423994745,0.3060545069626611,0.0122053417005255,0.0122053417005255,0.000397646597784,10.0
1982.946,0.317674051,0.3056214506357998,0.3058704496589701,0.0120526003642001,0.0120526003642001,0.0003970643123373,10.0
1983.428,0.317451944,0.3054516163961595,0.3056849249270774,0.0120003276038405,0.0120003276038405,0.0003964831996134,10.0
1983.91,0.3171661947999999,0.3052803482480874,0.3054979444836698,0.0118858465519125,0.0118858465519125,0.0003959032567044,10.0
1984.392,0.3170572611,0.3051076548218687,0.3053095201093467,0.0119496062781312,0.0119496062781312,0.000395324480711,10.0
1984.874,0.3169970638,0.3049335448104669,0.3051196636479456,0.012063518989533,0.012063518989533,0.0003947468687422,10.0
1985.356,0.3165386269,0.3047580269694482,0.3049283870058666,0.0117805999305518,0.0117805999305518,0.0003941704179155,10.0
1985.839,0.3165932401,0.3045807416213741,0.3047353009347877,0.0120124984786258,0.0120124984786258,0.0003935939330059,10.0
1986.321,0.3160791059,0.3044024317630257,0.3045412170133096,0.0116766741369742,0.0116766741369742,0.0003930197982439,10.0
1986.803,0.3160119235999999,0.3042227407352033,0.3043457490240757,0.0117891828647966,0.0117891828647966,0.0003924468160209,10.0
1987.285,0.3156700565999999,0.3040416775432107,0.304148909117051,0.0116283790567892,0.0116283790567892,0.0003918749834881,10.0
1987.767,0.3154375488,0.3038592512545371,0.3039507095013433,0.0115782975454628,0.0115782975454628,0.0003913042978046,10.0
1988.249,0.315329129,0.303675470998769,0.3037511624445163,0.0116536580012309,0.0116536580012309,0.0003907347561381,10.0
1988.731,0.3150072968,0.3034903459674941,0.3035502802718957,0.0115169508325058,0.0115169508325058,0.0003901663556643,10.0
1989.213,0.3149213201,0.3033038854142045,0.3033480753658751,0.0116174346857955,0.0116174346857955,0.0003895990935672,10.0
1989.696,0.314686934,0.303115707683017,0.3031441365811252,0.0115712263169829,0.0115712263169829,0.0003890317936811,10.0
1990.178,0.3142776155,0.3029266013710673,0.3029393209007694,0.0113510141289326,0.0113510141289326,0.0003884668022694,10.0
1990.66,0.3142304431,0.3027361876876362,0.3027332199957217,0.0114942554123637,0.0114942554123637,0.0003879029408297,10.0
1991.142,0.3140527451,0.3025444761329282,0.3025258464697746,0.0115082689670718,0.0115082689670718,0.0003873402065785,10.0
1991.624,0.3137523904,0.3023514762685203,0.3023172129802847,0.0114009141314797,0.0114009141314797,0.0003867785967405,10.0
1992.106,0.3136506316,0.3021571977172439,0.3021073322374648,0.011493433882756,0.011493433882756,0.0003862181085484,10.0
1992.588,0.3131363371,0.3019616501630673,0.3018962170036782,0.0111746869369326,0.0111746869369326,0.0003856587392429,10.0
1993.07,0.3130561978,0.3017648433509711,0.3016838800927257,0.0112913544490288,0.0112913544490288,0.0003851004860728,10.0
1993.552,0.3126221649,0.3015667870868213,0.3014703343691354,0.0110553778131787,0.0110553778131787,0.0003845433462947,10.0
1994.035,0.3123888183,0.3013670764787041,0.3012551459912632,0.0110217418212958,0.0110217418212958,0.0003839861647386,10.0
1994.517,0.3122473594,0.3011665484301369,0.3010392189946053,0.011080810969863,0.011080810969863,0.0003834312458423,10.0
1994.999,0.3117886435999999,0.3009648007318913,0.3008221221031523,0.0108238428681086,0.0108238428681086,0.00038287743215,10.0
1995.481,0.3115667042,0.3007618434321625,0.3006038683772823,0.0108048607678374,0.0108048607678374,0.0003823247209502,10.0
1995.963,0.3113067615,0.3005576866393399,0.3003844709245123,0.01074907486066,0.01074907486066,0.0003817731095388,10.0
1996.445,0.3110257335,0.3003523405218608,0.3001639428987758,0.0106733929781392,0.0106733929781392,0.0003812225952201,10.0
1996.927,0.3108324418,0.3001458153080557,0.2999422974996996,0.0106866264919442,0.0106866264919442,0.0003806731753055,10.0
1997.409,0.3107408298,0.2999381212859922,0.2997195479718801,0.0108027085140078,0.0108027085140078,0.0003801248471148,10.0
1997.892,0.3102160522,0.299728834302399,0.299495242080368,0.0104872178976009,0.0104872178976009,0.0003795764737545,10.0
1998.374,0.3100825299,0.2995188313951568,0.299270321983482,0.0105636985048432,0.0105636985048432,0.0003790303232519,10.0
1998.856,0.3097167925,0.2993076909224125,0.2990443377819682,0.0104091015775875,0.0104091015775875,0.0003784852564726,10.0
1999.338,0.3097357183,0.299095423409642,0.2988173028931014,0.0106402948903579,0.0106402948903579,0.0003779412707666,10.0
1999.82,0.3092979668,0.2988820394412068,0.298589230775476,0.0104159273587931,0.0104159273587931,0.0003773983634921,10.0
2000.302,0.3090073249,0.2986675496601702,0.2983601349282727,0.0103397752398297,0.0103397752398297,0.0003768565320145,10.0
2000.784,0.3085859214999999,0.2984519647681101,0.2981300288905237,0.0101339567318898,0.0101339567318898,0.000376315773707,10.0
2001.266,0.3085100601,0.2982352955249271,0.2978989262403775,0.0102747645750728,0.0102747645750728,0.0003757760859503,10.0
2001.749,0.3081329864,0.2980170998917495,0.2976663580765168,0.0101158865082504,0.0101158865082504,0.0003752363497723,10.0
2002.23,0.3081211777,0.2977987473152196,0.2974337856066435,0.0103224303847804,0.0103224303847804,0.0003746999116495,10.0
2002.713,0.3076073791,0.2975784329374832,0.2971992884851643,0.0100289461625168,0.0100289461625168,0.0003741623079539,10.0
2003.195,0.3076243877,0.2973575329005381,0.2969643339835083,0.0102668547994618,0.0102668547994618,0.0003736268785543,10.0
2003.677,0.3070404995,0.2971356032027317,0.2967284513496909,0.0099048962972683,0.0099048962972683,0.0003730925067159,10.0
2004.159,0.3069378719,0.2969126549497155,0.296491654381112,0.0100252169502844,0.0100252169502844,0.0003725591898645,10.0
2004.641,0.3065046394,0.2966886993039847,0.2962539569091051,0.0098159400960152,0.0098159400960152,0.0003720269254328,10.0
2005.123,0.3063945075,0.2964637474846455,0.2960153727981918,0.0099307600153544,0.0099307600153544,0.0003714957108612,10.0
2005.605,0.3060497556,0.2962378107671808,0.2957759159453383,0.0098119448328191,0.0098119448328191,0.0003709655435972,10.0
2006.087,0.3058298769,0.2960109004832071,0.2955356002792095,0.0098189764167928,0.0098189764167928,0.0003704364210959,10.0
2006.57,0.3055317195,0.2957825542635309,0.2952939385578707,0.0097491652364691,0.0097491652364691,0.0003699072462986,10.0
2007.052,0.3054008942,0.2955537291041434,0.2950519454650243,0.0098471650958565,0.0098471650958565,0.0003693802078707,10.0
2007.534,0.3048934981,0.2953239647313269,0.2948091355567336,0.009569533368673,0.009569533368673,0.0003688542066085,10.0
2008.016,0.3047005675999999,0.2950932726988312,0.2945655228810431,0.0096072949011687,0.0096072949011687,0.0003683292399959,10.0
2008.498,0.3042654603,0.2948616646152551,0.2943211215139552,0.0094037956847449,0.0094037956847449,0.0003678053055241,10.0
2008.98,0.3041900993999999,0.2946291521437703,0.2940759455586789,0.0095609472562296,0.0095609472562296,0.0003672824006914,10.0
2009.462,0.3036509424,0.2943957470018438,0.2938300091448803,0.0092551953981562,0.0092551953981562,0.0003667605230032,10.0
2009.944,0.303499325,0.2941614609609523,0.2935833264279314,0.0093378640390476,0.0093378640390476,0.0003662396699721,10.0
2010.427,0.3033228515,0.293925817077443,0.2933353975281745,0.009397034422557,0.009397034422557,0.0003657187616913,10.0
2010.909,0.3031619294,0.2936898030016062,0.2930872632954349,0.0094721263983938,0.0094721263983938,0.0003651999526534,10.0
2011.391,0.3026259392,0.2934529436871717,0.2928384254019258,0.0091729955128283,0.0091729955128283,0.0003646821608476,10.0
2011.873,0.3025753007,0.293215251118802,0.2925888980983715,0.009360049581198,0.009360049581198,0.0003641653838149,10.0
2012.355,0.3023198508,0.2929767373336591,0.2923386956574407,0.0093431134663408,0.0093431134663408,0.000363649619103,10.0
2012.837,0.3020291422,0.2927374144210847,0.2920878323729929,0.0092917277789152,0.0092917277789152,0.0003631348642667,10.0
2013.319,0.3017627319,0.2924972945222728,0.2918363225593242,0.0092654373777272,0.0092654373777272,0.0003626211168679,10.0
2013.801,0.3013543208,0.2922563898299382,0.2915841805504133,0.0090979309700618,0.0090979309700618,0.0003621083744752,10.0
2014.283,0.3010065496,0.2920147125879794,0.291331420699169,0.0089918370120206,0.0089918370120206,0.0003615966346643,10.0
2014.766,0.3008891331,0.2917717713270497,0.2910775311093021,0.0091173617729503,0.0091173617729503,0.0003610848364299,10.0
2015.248,0.3004773243,0.2915285843817344,0.2908235774968722,0.0089487399182655,0.0089487399182655,0.0003605750966045,10.0
2015.73,0.3002601904999999,0.2912846619478876,0.2905690492367762,0.0089755285521123,0.0089755285521123,0.0003600663521241,10.0
2016.212,0.2998515659,0.291040016470741,0.2903139607501332,0.0088115494292589,0.0088115494292589,0.0003595586005918,10.0
2016.694,0.2993645258999999,0.2907946604449253,0.2900583264732199,0.0085698654550746,0.0085698654550746,0.0003590518396173,10.0
2017.176,0.2993076447,0.2905486064140954,0.2898021608567167,0.0087590382859045,0.0087590382859045,0.0003585460668175,10.0
2017.658,0.2987553937,0.2903018669705483,0.2895454783649538,0.0084535267294517,0.0084535267294517,0.0003580412798157,10.0
2018.14,0.2985794363,0.2900544547548332,0.2892882934751564,0.0085249815451667,0.0085249815451667,0.000357537476242,10.0
2018.623,0.2983445523,0.2898058671052105,0.2890300855887029,0.0085386851947895,0.0085386851947895,0.0003570336115514,10.0
2019.105,0.2978053063999999,0.289557146128067,0.2887719384152365,0.0082481602719329,0.0082481602719329,0.0003565317697795,10.0
2019.587,0.2977610463,0.2893077906125115,0.2885133323753699,0.0084532556874885,0.0084532556874885,0.0003560309043615,10.0
2020.069,0.2971731801,0.289057813388187,0.2882542819903982,0.008115366711813,0.008115366711813,0.0003555310129545,10.0
2020.551,0.2971113455,0.288807227330947,0.2879948017907436,0.0083041181690529,0.0083041181690529,0.0003550320932219,10.0
2021.033,0.2967721116,0.2885560453624293,0.2877349063152054,0.0082160662375707,0.0082160662375707,0.0003545341428338,10.0
2021.515,0.2964923034,0.2883042804496184,0.2874746101102066,0.0081880229503815,0.0081880229503815,0.0003540371594671,10.0
2021.997,0.2963707512,0.2880519456044066,0.2872139277290448,0.0083188055955933,0.0083188055955933,0.0003535411408048,10.0
2022.479,0.2960470885,0.2877990538831414,0.2869528737311368,0.0082480346168585,0.0082480346168585,0.000353046084537,10.0
2022.962,0.2954103479,0.2875450920302456,0.2866909199736487,0.0078652558697543,0.0078652558697543,0.0003525509642605,10.0
2023.444,0.295280392,0.2872911248142633,0.2864291657458429,0.0079892671857367,0.0079892671857367,0.0003520578278618,10.0
2023.926,0.2950656031999999,0.2870366401808328,0.2861670836390141,0.0080289630191671,0.0080289630191671,0.0003515656469612,10.0
2024.408,0.2947115463,0.2867816513595963,0.2859046882295744,0.0079298949404036,0.0079298949404036,0.0003510744192745,10.0
2024.89,0.2944527432,0.286526171622307,0.2856419940963105,0.0079265715776929,0.0079265715776929,0.0003505841425241,10.0
2025.372,0.2941867306,0.2862702142823353,0.285379015819634,0.0079165163176646,0.0079165163176646,0.0003500948144385,10.0
2025.854,0.2942596606,0.2860137926941769,0.2851157679808381,0.0082458679058231,0.0082458679058231,0.0003496064327528,10.0
2026.336,0.293653761,0.2857569202529426,0.2848522651613481,0.0078968407470574,0.0078968407470574,0.0003491189952084,10.0
2026.819,0.2935229830999999,0.2854990761106155,0.2845879745170956,0.0080239069893844,0.0080239069893844,0.0003486314912035,10.0
2027.301,0.2930906627,0.2852413414429575,0.2843240050239529,0.0078493212570424,0.0078493212570424,0.0003481459371386,10.0
2027.783,0.2927512533999999,0.284983196374194,0.2840598243179902,0.0077680570258059,0.0077680570258059,0.0003476613204726,10.0
2028.265,0.2925101629,0.2847246544568025,0.2837954469737195,0.0077855084431974,0.0077855084431974,0.0003471776389723,10.0
2028.747,0.2920621958,0.2844657292812478,0.2835308875620677,0.0075964665187521,0.0075964665187521,0.0003466948904108,10.0
2029.229,0.2917810765999999,0.2842064344754362,0.283266160649636,0.0075746421245637,0.0075746421245637,0.0003462130725672,10.0
2029.711,0.2912993912,0.2839467837041602,0.283001280797961,0.0073526074958397,0.0073526074958397,0.0003457321832271,10.0
2030.193,0.2910477925,0.2836867906685367,0.2827362625627758,0.0073610018314632,0.0073610018314632,0.0003452522201821,10.0
2030.676,0.290852881,0.2834259286872534,0.2824705702873557,0.0074269523127465,0.0074269523127465,0.0003447721883325,10.0
2031.157,0.2905642753,0.2831658327869204,0.2822058691313669,0.0073984425130795,0.0073984425130795,0.0003442950641754,10.0
2031.64,0.2902632084,0.2829043538527643,0.2819399724119136,0.0073588545472357,0.0073588545472357,0.0003438168777464,10.0
2032.122,0.290025846,0.2826431288961055,0.2816745459067953,0.0073827171038944,0.0073827171038944,0.0003433405998239,10.0
2032.604,0.2898671875,0.2823816307342088,0.2814090537141136,0.0074855567657911,0.0074855567657911,0.000342865237243,10.0
2033.086,0.2896101062,0.2821198732740068,0.2811435103393132,0.0074902329259932,0.0074902329259932,0.0003423907878323,10.0
2033.568,0.2891714354,0.2818578704546179,0.2808779302768943,0.007313564945382,0.007313564945382,0.0003419172494264,10.0
2034.05,0.2890568039,0.2815956362467314,0.2806123280096876,0.0074611676532685,0.0074611676532685,0.0003414446198661,10.0
2034.532,0.2884004759,0.2813331846519764,0.2803467180081236,0.0070672912480236,0.0070672912480236,0.000340972896998,10.0
2035.014,0.2880992138,0.2810705297022886,0.2800811147295083,0.0070286840977113,0.0070286840977113,0.0003405020786749,10.0
2035.497,0.2879487859,0.2808071399522629,0.2798149816490788,0.007141645947737,0.007141645947737,0.0003400311887628,10.0
2035.979,0.2873470261,0.2805441201577041,0.279549435220993,0.0068029059422958,0.0068029059422958,0.0003395621749775,10.0
2036.461,0.2871604348,0.2802809393087276,0.2792839388316701,0.0068794954912723,0.0068794954912723,0.0003390940593269,10.0
2036.943,0.2869427251999999,0.2800176115520608,0.2790185068786489,0.0069251136479391,0.0069251136479391,0.0003386268396877,10.0
2037.425,0.2866502609,0.2797541510614552,0.2787531537427342,0.0068961098385448,0.0068961098385448,0.0003381605139423,10.0
2037.907,0.2863562926,0.2794905720370064,0.2784878937872779,0.0068657205629935,0.0068657205629935,0.0003376950799793,10.0
2038.389,0.285888464,0.2792268887044687,0.2782227413574638,0.0066615752955312,0.0066615752955312,0.000337230535693,10.0
2038.871,0.2855735495,0.2789631153145637,0.2779577107795962,0.0066104341854362,0.0066104341854362,0.0003367668789835,10.0
2039.354,0.2851170106,0.2786987186684961,0.2776922669383513,0.0064182919315038,0.0064182919315038,0.0003363031485697,10.0
2039.836,0.2849678213,0.2784348078996955,0.2774275232911654,0.0065330134003044,0.0065330134003044,0.0003358412625686,10.0
2040.318,0.284647685,0.2781708499981855,0.2771629443840107,0.0064768350018145,0.0064768350018145,0.0003353802578755,10.0
2040.8,0.2843557392,0.2779068593075239,0.2768985444605177,0.0064488798924761,0.0064488798924761,0.0003349201324141,10.0
2041.282,0.2840135634,0.2776428501926593,0.2766343377418915,0.0063707132073406,0.0063707132073406,0.0003344608841135,10.0
2041.764,0.2837766942,0.2773788370391973,0.2763703384262096,0.0063978571608027,0.0063978571608027,0.0003340025109088,10.0
2042.246,0.2834724358,0.2771148342526549,0.2761065606877204,0.0063576015473451,0.0063576015473451,0.0003335450107406,10.0
2042.728,0.2832449658,0.2768508562577114,0.2758430186761442,0.0063941095422886,0.0063941095422886,0.0003330883815554,10.0
2043.21,0.283147479,0.2765869174974503,0.2755797265159757,0.0065605615025496,0.0065605615025496,0.0003326326213053,10.0
2043.693,0.2825138335,0.2763224850190647,0.2753161528882508,0.0061913484809353,0.0061913484809353,0.0003321767850858,10.0
2044.175,0.2822940197,0.276058668283707,0.2750534032914265,0.0062353514162929,0.0062353514162929,0.0003317227583774,10.0
2044.657,0.2820118407,0.2757949342451155,0.2747909457903116,0.0062169064548844,0.0062169064548844,0.0003312695944903,10.0
2045.139,0.2818744852,0.2755312974123072,0.27452879440151,0.0063431877876928,0.0063431877876928,0.0003308172913993,10.0
2045.621,0.2813233924,0.2752677723088092,0.2742669631129442,0.0060556200911907,0.0060556200911907,0.0003303658470848,10.0
2046.103,0.281131867,0.2750043734718591,0.2740054658831697,0.0061274935281408,0.0061274935281408,0.0003299152595327,10.0
2046.585,0.28082493,0.274741115451599,0.2737443166406936,0.0060838145484009,0.0060838145484009,0.0003294655267345,10.0
2047.067,0.2805147314,0.2744780128102631,0.2734835292832938,0.0060367185897369,0.0060367185897369,0.0003290166466874,10.0
2047.55,0.2799837583,0.274214534804632,0.273222577804494,0.005769223495368,0.005769223495368,0.0003285676887556,10.0
2048.032,0.279843823,0.2739517870501259,0.2729625566069024,0.005892035949874,0.005892035949874,0.0003281205099827,10.0
2048.514,0.2793548086,0.2736892384558468,0.2727029388251758,0.0056655701441531,0.0056655701441531,0.0003276741779812,10.0
2048.996,0.2790808596,0.2734269036241463,0.272443738227349,0.0056539559758536,0.0056539559758536,0.00032722869077,10.0
2049.478,0.2790404227,0.2731647971652992,0.2721849685473589,0.0058756255347008,0.0058756255347008,0.0003267840463739,10.0
2049.96,0.2785183321,0.2729029336966505,0.2719266434843791,0.0056153984033494,0.0056153984033494,0.0003263402428229,10.0
2050.442,0.2781438427,0.272641327841757,0.2716687767021558,0.005502514858243,0.005502514858243,0.0003258972781524,10.0
2050.924,0.2780588559,0.272379994229521,0.2714113818283473,0.0056788616704789,0.0056788616704789,0.0003254551504033,10.0
2051.406,0.2775085023999999,0.2721189474933174,0.2711544724538638,0.0053895549066825,0.0053895549066825,0.0003250138576219,10.0
2051.889,0.2772372422999999,0.271857661628499,0.270897530688736,0.0053795806715009,0.0053795806715009,0.0003245724849075,10.0
2052.371,0.2769217818,0.2715972332291165,0.2706416340128083,0.0053245485708834,0.0053245485708834,0.0003241328579441,10.0
2052.853,0.2766417092,0.2713371356542909,0.2703862634098222,0.005304573545709,0.005304573545709,0.0003236940601155,10.0
2053.335,0.2764324102,0.2710773835464432,0.2701314323170799,0.0053550266535568,0.0053550266535568,0.0003232560894894,10.0
2053.817,0.276470543,0.2708179915480109,0.2698771541318797,0.0056525514519891,0.0056525514519891,0.0003228189441387,10.0
2054.299,0.2759068508,0.2705589743005385,0.2696234422108716,0.0053478764994615,0.0053478764994615,0.000322382622142,10.0
2054.781,0.2756514065,0.270300346443763,0.2693703098694185,0.0053510600562369,0.0053510600562369,0.0003219471215826,10.0
2055.263,0.2754587436,0.2700421226146938,0.2691177703809583,0.0054166209853061,0.0054166209853061,0.0003215124405496,10.0
2055.746,0.2751789752,0.2697837830265367,0.268865314932134,0.0053951921734632,0.0053951921734632,0.000321077677854,10.0
2056.228,0.2748906194,0.2695264120624988,0.268614002097572,0.0053642073375011,0.0053642073375011,0.0003206446318516,10.0
2056.71,0.2746322941,0.2692694890418608,0.2683633217056507,0.0053628050581391,0.0053628050581391,0.0003202123996695,10.0
2057.192,0.2741893784999999,0.2690130285813807,0.2681132868556917,0.0051763499186192,0.0051763499186192,0.0003197809794176,10.0
2057.674,0.2739870549,0.2687570452903982,0.2678639106019437,0.0052300096096018,0.0052300096096018,0.0003193503692108,10.0
2058.156,0.2736212746,0.2685015537698773,0.2676152059529615,0.0051197208301227,0.0051197208301227,0.0003189205671692,10.0
2058.638,0.2733756214,0.2682465686114498,0.267367185870988,0.0051290527885501,0.0051290527885501,0.000318491571418,10.0
2059.12,0.2731304692,0.2679921043964491,0.2671198632713398,0.0051383648035508,0.0051383648035508,0.0003180633800877,10.0
2059.603,0.2728765057,0.267737649438675,0.266872740125433,0.0051388562613249,0.0051388562613249,0.000317635105448,10.0
2060.084,0.2726359156,0.2674847970647503,0.2666273619419886,0.0051511185352496,0.0051511185352496,0.0003172094032367,10.0
2060.567,0.2721364812,0.2672314591370715,0.2663817009601658,0.0049050220629284,0.0049050220629284,0.0003167827314512,10.0
2061.049,0.2721082447,0.2669792254857513,0.2661372980495426,0.0051290192142486,0.0051290192142486,0.0003163577408617,10.0
2061.531,0.2717710709,0.2667275855260389,0.2658936564988647,0.005043485373961,0.005043485373961,0.0003159335454176,10.0
2062.013,0.2715947182,0.2664765537569082,0.2656507889290441,0.0051181644430917,0.0051181644430917,0.0003155101432796,10.0
2062.495,0.2712902176,0.2662261446601435,0.2654087079098478,0.0050640729398565,0.0050640729398565,0.0003150875326137,10.0
2062.977,0.270869716,0.2659763726993349,0.2651674259593062,0.004893343300665,0.004893343300665,0.0003146657115908,10.0
2063.459,0.2706668487,0.2657272523188732,0.2649269555431266,0.0049395963811268,0.0049395963811268,0.0003142446783866,10.0
2063.941,0.2702855046,0.2654787979429386,0.2646873090741116,0.0048067066570613,0.0048067066570613,0.000313824431182,10.0
2064.424,0.2700205539,0.2652305106378679,0.2644480043326896,0.0047900432621321,0.0047900432621321,0.0003134040987215,10.0
2064.906,0.2696749713999999,0.2649834329140005,0.2642100445552406,0.0046915384859994,0.0046915384859994,0.0003129854196998,10.0
2065.388,0.2693615773,0.2647370643655197,0.2639729456654928,0.0046245129344802,0.0046245129344802,0.0003125675212461,10.0
2065.87,0.2690813932,0.2644914193255149,0.2637367198587347,0.0045899738744851,0.0045899738744851,0.0003121504015611,10.0
2066.352,0.2687441727,0.2642465121017481,0.2635013792744798,0.0044976605982519,0.0044976605982519,0.0003117340588501,10.0
2066.834,0.2683500986,0.2640023569756176,0.2632669359959002,0.0043477416243823,0.0043477416243823,0.0003113184913236,10.0
2067.316,0.2679635113,0.2637589682011213,0.2630334020492672,0.0042045430988786,0.0042045430988786,0.0003109036971967,10.0
2067.798,0.2677952756,0.2635163600038152,0.2628007894033938,0.0042789155961848,0.0042789155961848,0.0003104896746896,10.0
2068.281,0.2676903348,0.263274045728167,0.2625686302846597,0.0044162890718329,0.0044162890718329,0.0003100755654555,10.0
2068.763,0.2673963892,0.2630330429359256,0.2623378978871469,0.0043633462640743,0.0043633462640743,0.000309663082459,10.0
2069.245,0.2671755517,0.2627928632457338,0.2621081223709772,0.0043826884542662,0.0043826884542662,0.0003092513657678,10.0
2069.727,0.2668736043999999,0.2625535207588457,0.2618793154695095,0.0043200836411542,0.0043200836411542,0.0003088404136211,10.0
2070.209,0.2669996802,0.2623150295428224,0.26165148885591,0.0046846506571775,0.0046846506571775,0.0003084302242631,10.0
2070.691,0.2663638556,0.262077403630477,0.2614246541426203,0.0042864519695229,0.0042864519695229,0.0003080207959425,10.0
2071.173,0.2664041358,0.2618406570188105,0.2611988228808202,0.0045634787811894,0.0045634787811894,0.0003076121269131,10.0
2071.655,0.2660500081,0.2616048036679514,0.260974006559902,0.0044452044320485,0.0044452044320485,0.000307204215433,10.0
2072.137,0.2656943644,0.2613698575000928,0.2607502166069461,0.0043245068999072,0.0043245068999072,0.0003067970597655,10.0
2072.62,0.2654268907,0.2611353478362203,0.2605270033312292,0.0042915428637797,0.0042915428637797,0.0003063898158041,10.0
2073.102,0.2653576799,0.2609022595978598,0.2603053023316988,0.0044554203021401,0.0044554203021401,0.0003059841681286,10.0
2073.584,0.2650081856,0.2606701200993675,0.2600846616255404,0.0043380655006324,0.0043380655006324,0.0003055792710793,10.0
2074.066,0.2647469396,0.2604389431004137,0.2598650923852694,0.0043079964995862,0.0043079964995862,0.000305175122938,10.0
2074.548,0.2645104699,0.2602087423173803,0.2596466057185176,0.0043017275826196,0.0043017275826196,0.0003047717219911,10.0
2075.03,0.2640892623999999,0.2599795314222846,0.2594292126675295,0.0041097309777153,0.0041097309777153,0.0003043690665296,10.0
2075.512,0.2640971119,0.2597513240417053,0.2592129242086639,0.0043457878582947,0.0043457878582947,0.0003039671548492,10.0
2075.994,0.2637322549,0.259524133755706,0.258997751251899,0.0042081211442939,0.0042081211442939,0.0003035659852502,10.0
2076.477,0.2634727933,0.2592975059665415,0.2587832617385516,0.0041752873334584,0.0041752873334584,0.0003031647260399,10.0
2076.959,0.262962934,0.2590723925986279,0.2585703546182699,0.003890541401372,0.003890541401372,0.0003027650370536,10.0
2077.441,0.2628817216,0.2588483368034323,0.2583585953489857,0.0040333847965676,0.0040333847965676,0.0003023660850733,10.0
2077.923,0.2627206034,0.2586253519640697,0.2581479945701358,0.0040952514359302,0.0040952514359302,0.0003019678684177,10.0
2078.405,0.2625433405,0.2584034514117457,0.2579385628523564,0.0041398890882543,0.0041398890882543,0.0003015703854097,10.0
2078.887,0.2623645669,0.258182648424677,0.2577303106970118,0.004181918475323,0.004181918475323,0.000301173634377,10.0
2079.369,0.26208552,0.2579629562270127,0.2575232485357266,0.0041225637729873,0.0041225637729873,0.0003007776136516,10.0
2079.851,0.261798089,0.2577443879877547,0.2573173867299211,0.0040537010122452,0.0040537010122452,0.0003003823215701,10.0
2080.333,0.261519615,0.2575269568196803,0.2571127355703516,0.0039926581803196,0.0039926581803196,0.0002999877564735,10.0
2080.816,0.2615119215,0.2573102282669883,0.2569088844982413,0.0042016932330116,0.0042016932330116,0.0002995931003652,10.0
2081.298,0.2611115318999999,0.2570951127759111,0.2567066877829512,0.0040164191240888,0.0040164191240888,0.000299199985779,10.0
2081.78,0.2607944713,0.2568811733730005,0.2565057321784718,0.0039132979269994,0.0039132979269994,0.0002988075932241,10.0
2082.262,0.2605607392,0.2566684229352354,0.2563060276882333,0.0038923162647646,0.0038923162647646,0.0002984159210592,10.0
2082.744,0.2605700524,0.2564568742779863,0.2561075842427612,0.0041131781220136,0.0041131781220136,0.0002980249676476,10.0
2083.226,0.2602141479,0.2562465401539426,0.2559104116992403,0.0039676077460573,0.0039676077460573,0.0002976347313569,10.0
2083.708,0.2601130641,0.2560374332520422,0.2557145198410842,0.0040756308479577,0.0040756308479577,0.000297245210559,10.0
2084.19,0.2598799606,0.255829566196401,0.255519918377506,0.004050394403599,0.004050394403599,0.0002968564036302,10.0
2084.673,0.2594987806,0.2556225241946917,0.2553262172607975,0.0038762564053082,0.0038762564053082,0.0002964675045149,10.0
2085.155,0.2591466934,0.2554171770764983,0.2551342281419808,0.0037295163235016,0.0037295163235016,0.0002960801219435,10.0
2085.637,0.2589944000999999,0.2552131073030216,0.2549435581155725,0.0037812927969783,0.0037812927969783,0.0002956934483929,10.0
2086.119,0.2586726056,0.2550103272282921,0.2547542165896393,0.0036622783717078,0.0036622783717078,0.0002953074822569,10.0
2086.601,0.2585595574,0.2548088491362013,0.2545662128959725,0.0037507082637986,0.0037507082637986,0.0002949222219333,10.0
2087.083,0.258315395,0.2546086852394448,0.2543795562896853,0.0037067097605551,0.0037067097605551,0.0002945376658244,10.0
2087.565,0.2580406498,0.2544098476784698,0.2541942559488163,0.0036308021215301,0.0036308021215301,0.0002941538123367,10.0
2088.047,0.2578556244,0.2542123485204254,0.2540103209739336,0.0036432758795745,0.0036432758795745,0.0002937706598811,10.0
2088.53,0.2577368027,0.2540157942224876,0.2538273830662338,0.0037210084775123,0.0037210084775123,0.0002933874141274,10.0
2089.011,0.2574131149999999,0.2538214133089551,0.2536465831347185,0.0035917016910448,0.0035917016910448,0.00029300645173,10.0
2089.494,0.257353725,0.253627601180213,0.2534664265359477,0.0037261238197869,0.0037261238197869,0.0002926246030215,10.0
2089.976,0.2569642653,0.2534355776903724,0.2532880453834427,0.0035286876096275,0.0035286876096275,0.0002922442403259,10.0
2090.458,0.2565895674,0.2532449518273804,0.2531110739422172,0.0033446155726196,0.0033446155726196,0.0002918645707763,10.0
2090.94,0.2568512271,0.2530557351965731,0.2529355208398243,0.0037954919034268,0.0037954919034268,0.0002914855928087,10.0
2091.422,0.2565159256,0.2528679393227372,0.2527613946237098,0.0036479862772627,0.0036479862772627,0.0002911073048634,10.0
2091.904,0.2562998956,0.2526815756490895,0.2525887037608532,0.0036183199509104,0.0036183199509104,0.0002907297053848,10.0
2092.386,0.2562056103,0.2524966555362621,0.2524174566374119,0.0037089547637378,0.0037089547637378,0.0002903527928213,10.0
2092.868,0.2559934375,0.2523131902612919,0.2522476615583713,0.003680247238708,0.003680247238708,0.0002899765656257,10.0
2093.351,0.255781787,0.2521308149564767,0.252078979028458,0.0036509720435232,0.0036509720435232,0.0002896002438287,10.0
2093.833,0.2554841474,0.2519502959250205,0.2519121156816606,0.0035338514749794,0.0035338514749794,0.000289225384157,10.0
2094.315,0.2553696492,0.2517712650737135,0.2517467288203845,0.0035983841262864,0.0035983841262864,0.0002888512052325,10.0
2094.797,0.2550674823,0.2515937333350312,0.2515828264213375,0.0034737489649687,0.0034737489649687,0.0002884777055242,10.0
2095.279,0.2549572134,0.2514177115528805,0.2514204163783697,0.0035395018471194,0.0035395018471194,0.0002881048835053,10.0
2095.761,0.254638822,0.2512432104816198,0.2512595065021471,0.0033956115183801,0.0033956115183801,0.000287732737653,10.0
2096.243,0.2546919126,0.2510702407850874,0.2511001045198333,0.0036216718149125,0.0036216718149125,0.0002873612664483,10.0
2096.725,0.2542900702,0.2508988130356366,0.2509422180747748,0.0033912571643633,0.0033912571643633,0.0002869904683767,10.0
2097.208,0.254246473,0.2507285868957105,0.2507855319093562,0.0035178861042894,0.0035178861042894,0.0002866195747271,10.0
2097.69,0.2540797664,0.2505602776398293,0.2506307023151997,0.0035194887601706,0.0035194887601706,0.0002862501197819,10.0
2098.172,0.2537357386,0.2503935415108647,0.2504774106975949,0.0033421970891352,0.0033421970891352,0.0002858813334463,10.0
2098.654,0.2535024894,0.2502283887054971,0.2503256643613818,0.0032741006945029,0.0032741006945029,0.0002855132142215,10.0
2099.136,0.2534981716,0.2500648293241875,0.2501754705260761,0.0034333422758124,0.0034333422758124,0.0002851457606128,10.0
2099.618,0.2534490155,0.2499028733702524,0.25002683632558,0.0035461421297475,0.0035461421297475,0.0002847789711293,10.0
2100.1,0.2528439473,0.2497425307489451,0.2498797688079006,0.0031014165510548,0.0031014165510548,0.0002844128442842,10.0
2100.582,0.2526865462,0.2495838112665445,0.2497342749348695,0.0031027349334554,0.0031027349334554,0.0002840473785944,10.0
2101.064,0.2526754124,0.2494267246294524,0.24959036158187,0.0032486877705475,0.0032486877705475,0.000283682572581,10.0
2101.547,0.2525855695,0.2492709596589191,0.2494477419099832,0.0033146098410808,0.0033146098410808,0.0002833176699586,10.0
2102.029,0.2522602862,0.2491171708647722,0.2493070131900398,0.0031431153352277,0.0031431153352277,0.0002829541802373,10.0
2102.511,0.2520630432,0.2489650434463596,0.2491678851085454,0.0030979997536403,0.0030979997536403,0.0002825913457756,10.0
2102.993,0.2518507426,0.2488145867014856,0.2490303641922577,0.0030361558985143,0.0030361558985143,0.00028222916511,10.0
2103.475,0.251687202,0.2486658098236792,0.248894456880184,0.0030213921763207,0.0030213921763207,0.0002818676367809,10.0
2103.957,0.2517279847,0.248518721901341,0.2487601695233341,0.0032092627986589,0.0032092627986589,0.0002815067593326,10.0
2104.439,0.2515089715,0.2483733319168982,0.2486275083844803,0.0031356395831017,0.0031356395831017,0.000281146531313,10.0
2104.921,0.2512707107,0.2482296487459673,0.248496479637918,0.0030410619540326,0.0030410619540326,0.0002807869512742,10.0
2105.404,0.2511240389,0.2480873884073272,0.2483668226320614,0.0030366504926727,0.0030366504926727,0.0002804272737677,10.0
2105.886,0.2509567158999999,0.2479471486450924,0.2482390802558534,0.0030095672549075,0.0030095672549075,0.0002800689866982,10.0
2106.368,0.2507203399,0.2478086416917584,0.2481129882738318,0.0029116982082415,0.0029116982082415,0.000279711343285,10.0
2106.85,0.2505107131999999,0.2476718759872938,0.2479885525039254,0.0028388372127061,0.0028388372127061,0.0002793543420952,10.0
2107.332,0.2504017994,0.2475368598608137,0.247865778674472,0.0028649395391863,0.0028649395391863,0.0002789979816997,10.0
2107.814,0.2504277559,0.247403601529799,0.2477446724240072,0.0030241543702009,0.0030241543702009,0.0002786422606732,10.0
2108.296,0.2501421555,0.2472721090993287,0.2476252393010619,0.0028700464006713,0.0028700464006713,0.0002782871775939,10.0
2108.778,0.2499691996,0.2471423905613198,0.2475074847639624,0.0028268090386801,0.0028268090386801,0.000277932731044,10.0
2109.26,0.2497604761,0.2470144537937773,0.2473914141806339,0.0027460223062227,0.0027460223062227,0.0002775789196094,10.0
2109.743,0.2498024719,0.2468880467093444,0.2472767972822658,0.0029144251906555,0.0029144251906555,0.0002772250098034,10.0
2110.225,0.2494462523,0.2467637003938873,0.2471641138684276,0.0026825519061127,0.0026825519061127,0.000276872465682,10.0
2110.707,0.2493489651,0.2466411588076177,0.247053129978335,0.0027078062923822,0.0027078062923822,0.0002765205524526,10.0
2111.189,0.249330502,0.2465204293653735,0.246943850616268,0.0028100726346264,0.0028100726346264,0.0002761692687159,10.0
2111.671,0.2492351371999999,0.2464015193644935,0.2468362806952023,0.0028336178355064,0.0028336178355064,0.0002758186130761,10.0
2112.153,0.2493317289,0.2462844359841326,0.2467304250366413,0.0030472929158673,0.0030472929158673,0.0002754685841413,10.0
2112.635,0.2489948515,0.2461691862845899,0.2466262883704554,0.00282566521541,0.00282566521541,0.0002751191805229,10.0
2113.117,0.2486443177,0.246055777206646,0.2465238753347244,0.0025885404933539,0.0025885404933539,0.0002747704008364,10.0
2113.6,0.2486000564,0.2459439860403151,0.2464229833853742,0.0026560703596848,0.0026560703596848,0.0002744215220288,10.0
2114.082,0.2486534049,0.2458342824002444,0.2463240347561053,0.0028191224997555,0.0028191224997555,0.0002740739873532,10.0
2114.564,0.2482723436999999,0.2457264394940797,0.2462268231282366,0.0025459042059202,0.0025459042059202,0.0002737270724738,10.0
2115.046,0.2483033779,0.2456204637778881,0.2461313527710149,0.0026829141221118,0.0026829141221118,0.0002733807760204,10.0
2115.528,0.2485750907,0.2455163615850823,0.2460376278611805,0.0030587291149176,0.0030587291149176,0.0002730350966261,10.0
2116.01,0.2482775142,0.2454141391258307,0.2459456524828391,0.0028633750741692,0.0028633750741692,0.0002726900329279,10.0
2116.492,0.2480924145999999,0.245313802486479,0.2458554306273371,0.0027786121135209,0.0027786121135209,0.000272345583566,10.0
2116.974,0.2478690311,0.2452153576289816,0.2457669661931421,0.0026536734710183,0.0026536734710183,0.0002720017471844,10.0
2117.457,0.2479081438,0.2451186120614284,0.2456800849369365,0.0027895317385716,0.0027895317385716,0.0002716578109808,10.0
2117.938,0.2474494563,0.2450241664821119,0.2455953247174696,0.0024252898178881,0.0024252898178881,0.0002713159079554,10.0
2118.421,0.2476441255,0.2449312410816501,0.2455119842971356,0.0027128844183498,0.0027128844183498,0.0002709731934904,10.0
2118.903,0.2474718523,0.2448404244415252,0.2454305903514925,0.0026314278584747,0.0026314278584747,0.0002706317967989,10.0
2119.385,0.247383601,0.2447515275191701,0.2453509719295003,0.0026320734808298,0.0026320734808298,0.0002702910063574,10.0
2119.867,0.2472409765,0.2446645555187477,0.2452731323699228,0.0025764209812522,0.0025764209812522,0.0002699508208309,10.0
2120.349,0.2472247017999999,0.2445795135164209,0.2451970749179434,0.002645188283579,0.002645188283579,0.0002696112388877,10.0
2120.831,0.2472296345,0.2444964064598878,0.2451228027250832,0.0027332280401122,0.0027332280401122,0.0002692722592,10.0
2121.313,0.2471081957,0.2444152391679317,0.2450503188491246,0.0026929565320683,0.0026929565320683,0.000268933880443,10.0
2121.795,0.2470016152,0.244336016329984,0.24497962625404,0.0026655988700159,0.0026655988700159,0.0002685961012956,10.0
2122.278,0.2468214021,0.2442585842156516,0.2449105867340505,0.0025628178843483,0.0025628178843483,0.0002682582215157,10.0
2122.76,0.2467945383,0.2441832678918028,0.2448434889479449,0.0026112704081971,0.0026112704081971,0.0002679216388748,10.0
2123.242,0.2467510368,0.2441099093187583,0.2447781907765888,0.0026411274812416,0.0026411274812416,0.0002675856518979,10.0
2123.724,0.2467868902,0.2440385126641678,0.2447146948078952,0.0027483775358321,0.0027483775358321,0.0002672502592774,10.0
2124.206,0.2466966186,0.243969081964346,0.2446530035356792,0.002727536635654,0.002727536635654,0.0002669154597092,10.0
2124.688,0.2464083462,0.2439016211239166,0.2445931193596138,0.0025067250760833,0.0025067250760833,0.0002665812518927,10.0
2125.17,0.2464412487999999,0.243836133915472,0.244535044585193,0.0026051148845279,0.0026051148845279,0.0002662476345304,10.0
2125.652,0.2464146135,0.2437726239792444,0.2444787814236959,0.0026419895207555,0.0026419895207555,0.0002659146063284,10.0
2126.135,0.2462461081,0.2437109692303205,0.2444242209133195,0.0025351388696794,0.0025351388696794,0.0002655814768961,10.0
2126.617,0.2462074007,0.2436514283481534,0.2443715910036717,0.0025559723518465,0.0025559723518465,0.0002652496243617,10.0
2127.099,0.2462332857999999,0.2435938748682681,0.244320778779139,0.0026394109317318,0.0026394109317318,0.0002649183571232,10.0
2127.581,0.2462916050999999,0.2435383118981898,0.2442717860737056,0.0027532932018101,0.0027532932018101,0.0002645876738997,10.0
2128.063,0.2460711578,0.243484742411659,0.2442246146270443,0.0025864153883409,0.0025864153883409,0.0002642575734141,10.0
2128.545,0.2460495895,0.2434331692483884,0.2441792660845096,0.0026164202516115,0.0026164202516115,0.0002639280543923,10.0
2129.027,0.2459382636,0.2433835951138355,0.2441357419971378,0.0025546684861644,0.0025546684861644,0.0002635991155635,10.0
2129.509,0.2458571251,0.2433360225789887,0.2440940438216506,0.0025211025210113,0.0025211025210113,0.0002632707556604,10.0
2129.991,0.2458710664999999,0.2432904540801689,0.2440541729204636,0.002580612419831,0.002580612419831,0.0002629429734188,10.0
2130.474,0.2457214318,0.2432468036280237,0.2440160535372386,0.0024746281719763,0.0024746281719763,0.0002626150893258,10.0
2130.956,0.2457049354,0.2432052541398191,0.2439798446919932,0.0024996812601808,0.0024996812601808,0.0002622884598196,10.0
2131.438,0.2458442712,0.2431657151908975,0.2439454666447577,0.0026785560091024,0.0026785560091024,0.0002619624041994,10.0
2131.92,0.2455810182,0.243128188676927,0.2439129203807081,0.0024528295230729,0.0024528295230729,0.000261636921214,10.0
2132.402,0.24559341,0.2430926763581311,0.2438822067908284,0.0025007336418689,0.0025007336418689,0.0002613120096154,10.0
2132.884,0.2455443516,0.2430591798591762,0.2438533266719461,0.0024851717408238,0.0024851717408238,0.0002609876681589,10.0
2133.366,0.2454585557,0.2430277006690751,0.2438262807267746,0.0024308550309248,0.0024308550309248,0.000260663895603,10.0
2133.848,0.2453307797,0.2429982401411048,0.2438010695639582,0.0023325395588951,0.0023325395588951,0.0002603406907094,10.0
2134.331,0.2454030972,0.2429707446623659,0.2437776471085707,0.002432352537634,0.002432352537634,0.0002600173834565,10.0
2134.813,0.2453543415,0.2429453291691191,0.2437561107692984,0.0024090123308808,0.0024090123308808,0.0002596953113566,10.0
2135.295,0.2455743276999999,0.2429219355846394,0.2437364104750146,0.0026523921153605,0.0026523921153605,0.0002593738032206,10.0
2135.777,0.2453527894999999,0.2429005647184511,0.2437185464584482,0.0024522247815488,0.0024522247815488,0.0002590528578228,10.0
2136.259,0.2452591851,0.2428812172441524,0.2437025188585589,0.0023779678558475,0.0023779678558475,0.0002587324739408,10.0
2136.741,0.24521604,0.242863893699422,0.243688327720612,0.0023521463005779,0.0023521463005779,0.0002584126503552,10.0
2137.223,0.2453835358,0.242848594486039,0.2436759729962554,0.0025349413139609,0.0025349413139609,0.0002580933858499,10.0
2137.705,0.2452322679,0.2428353198699202,0.2436654545436041,0.0023969480300797,0.0023969480300797,0.0002577746792118,10.0
2138.188,0.2453812434,0.2428240487458669,0.2436567560223556,0.002557194654133,0.002557194654133,0.0002574558697465,10.0
2138.67,0.2455448465,0.2428148277794051,0.2436499131218806,0.0027300187205948,0.0027300187205948,0.000257138276367,10.0
2139.152,0.2452598022,0.242807631392919,0.2436449055061777,0.0024521708070809,0.0024521708070809,0.0002568212372316,10.0
2139.634,0.2453109514,0.242802459309241,0.2436417326599544,0.002508492090759,0.002508492090759,0.0002565047511397,10.0
2140.116,0.2453802039,0.2427993111157386,0.2436403939748677,0.0025808927842613,0.0025808927842613,0.0002561888168935,10.0
2140.598,0.2453360543999999,0.2427981862644396,0.2436408887496358,0.0025378681355603,0.0025378681355603,0.0002558734332986,10.0
2141.08,0.2453089805,0.2427990840721682,0.2436432161901505,0.0025098964278318,0.0025098964278318,0.0002555585991635,10.0
2141.562,0.245117841,0.2428020037207001,0.2436473754095994,0.0023158372792998,0.0023158372792998,0.0002552443132997,10.0
2142.044,0.2451520616999999,0.2428069442569278,0.2436533654285872,0.0023451174430721,0.0023451174430721,0.0002549305745219,10.0
2142.527,0.2453228142,0.2428139211323264,0.2436612033000111,0.0025088930676736,0.0025088930676736,0.0002546167324367,10.0
2143.009,0.2451929154,0.2428229042325776,0.2436708554026385,0.0023700111674223,0.0023700111674223,0.0002543040854157,10.0
2143.491,0.2454377672,0.2428339045508487,0.2436823348097342,0.0026038626491513,0.0026038626491513,0.0002539919819402,10.0
2143.973,0.2453616093999999,0.24284692059619,0.2436956401727144,0.0025146888038099,0.0025146888038099,0.000253680420837,10.0
2144.455,0.2453712944,0.2428619507438235,0.2437107700511003,0.0025093436561764,0.0025093436561764,0.0002533694009356,10.0
2144.937,0.2451437530999999,0.2428789932353971,0.2437277229126685,0.0022647598646028,0.0022647598646028,0.0002530589210688,10.0
2145.419,0.2453891725,0.2428980461792534,0.2437464971336079,0.0024911263207466,0.0024911263207466,0.0002527489800722,10.0
2145.901,0.2453369988,0.2429191075507097,0.2437670909986765,0.0024178912492902,0.0024178912492902,0.0002524395767845,10.0
2146.384,0.2453593946,0.24294222513448,0.2437895510870116,0.0024171694655199,0.0024171694655199,0.0002521300698017,10.0
2146.865,0.2454705588,0.242967246814368,0.2438137303440775,0.002503311985632,0.002503311985632,0.0002518223787047,10.0
2147.348,0.2454466095,0.2429943782421114,0.2438398278506509,0.0024522312578885,0.0024522312578885,0.000251513943576,10.0
2147.83,0.2455305509,0.243023454571902,0.2438676850739118,0.0025070963280979,0.0025070963280979,0.0002512066806736,10.0
2148.312,0.2453985355,0.2430545272156769,0.2438973519949492,0.002344008284323,0.002344008284323,0.000250899949715,10.0
2148.794,0.2453169049,0.2430875933570496,0.2439288263533539,0.0022293115429503,0.0022293115429503,0.0002505937495564,10.0
2149.276,0.2453613478,0.2431226500489777,0.2439621057985271,0.0022386977510222,0.0022386977510222,0.000250288079057,10.0
2149.758,0.2455469340999999,0.243159694214155,0.2439971878898748,0.0023872398858449,0.0023872398858449,0.0002499829370788,10.0
2150.24,0.2455951932,0.2431987226454179,0.244034070097006,0.002396470554582,0.002396470554582,0.0002496783224868,10.0
2150.722,0.2456022577,0.2432397320061669,0.2440727497999368,0.002362525693833,0.002362525693833,0.0002493742341489,10.0
2151.205,0.2455932893,0.2432828100681778,0.2441133101250147,0.0023104792318221,0.0023104792318221,0.0002490700416817,10.0
2151.687,0.2455738411,0.2433277748538735,0.2441555803171057,0.0022460662461264,0.0022460662461264,0.0002487670035529,10.0
2152.169,0.2455314947,0.2433747097791807,0.244199639603494,0.0021567849208192,0.0021567849208192,0.0002484644882965,10.0
2152.651,0.2458398761999999,0.2434236109939558,0.2442454850077533,0.0024162652060441,0.0024162652060441,0.0002481624947919,10.0
2153.133,0.2456997979,0.2434744745209186,0.2442931134649433,0.0022253233790813,0.0022253233790813,0.0002478610219212,10.0
2153.615,0.2457174822,0.2435272962561513,0.2443425218218375,0.0021901859438487,0.0021901859438487,0.0002475600685694,10.0
2154.097,0.2458145807,0.2435820719696098,0.2443937068371566,0.0022325087303902,0.0022325087303902,0.0002472596336242,10.0
2154.579,0.2458906849,0.2436387973056492,0.2444466651818048,0.0022518875943507,0.0022518875943507,0.0002469597159763,10.0
2155.062,0.2459497088999999,0.2436975915253384,0.2445015088206161,0.0022521173746615,0.0022521173746615,0.00024665969389,10.0
2155.544,0.2462389078,0.2437582065610328,0.2445580071476253,0.0024807012389671,0.0024807012389671,0.0002463608085872,10.0
2156.026,0.2459789653,0.2438207573942569,0.2446162682846687,0.002158207905743,0.002158207905743,0.0002460624372681,10.0
2156.508,0.2460979241,0.2438852391721984,0.2446762885536565,0.0022126849278015,0.0022126849278015,0.0002457645788344,10.0
2156.99,0.2461910556,0.2439516469192542,0.2447380641899292,0.0022394086807457,0.0022394086807457,0.0002454672321908,10.0
2157.472,0.2464067073,0.2440199755376274,0.244801591342519,0.0023867317623726,0.0023867317623726,0.0002451703962445,10.0
2157.954,0.2463966602,0.2440902198079378,0.2448668660744151,0.0023064403920621,0.0023064403920621,0.0002448740699057,10.0
2158.436,0.2462742197,0.2441623743898445,0.2449338843628337,0.0021118453101554,0.0021118453101554,0.0002445782520873,10.0
2158.918,0.2463212511,0.2442364338226783,0.2450026420994911,0.0020848172773216,0.0020848172773216,0.0002442829417048,10.0
2159.401,0.2465542346,0.2443125520871105,0.2450732831427391,0.0022416825128895,0.0022416825128895,0.0002439875265756,10.0
2159.883,0.2465627762,0.2443904082842825,0.2451455106971486,0.0021723679157174,0.0021723679157174,0.0002436932288699,10.0
2160.365,0.2466990321999999,0.2444701522227245,0.2452194648556053,0.0022288799772754,0.0022288799772754,0.0002433994353612,10.0
2160.847,0.2466127374999999,0.2445517779667775,0.2452951411704676,0.0020609595332224,0.0020609595332224,0.0002431061449759,10.0
2161.329,0.2466822575,0.2446352794637951,0.2453725351100238,0.0020469780362049,0.0020469780362049,0.0002428133566432,10.0
2161.811,0.2468855170999999,0.2447206505448435,0.2454516420587875,0.0021648665551564,0.0021648665551564,0.0002425210692951,10.0
2162.293,0.2468668903,0.244807884925413,0.2455324573177998,0.0020590053745869,0.0020590053745869,0.0002422292818661,10.0
2162.775,0.2469473076,0.2448969762061409,0.2456149761049342,0.002050331393859,0.002050331393859,0.0002419379932935,10.0
2163.258,0.2469966236999999,0.2449881084680952,0.2456993700425431,0.0020085152319047,0.0020085152319047,0.0002416465997336,10.0
2163.74,0.2472072752,0.2450808977135714,0.2457852847171536,0.0021263774864286,0.0021263774864286,0.0002413563067259,10.0
2164.222,0.2473548618,0.2451755239652751,0.2458728880670902,0.0021793378347248,0.0021793378347248,0.0002410665094002,10.0
2164.704,0.2471967144,0.2452719803716263,0.2459621749805144,0.0019247340283736,0.0019247340283736,0.0002407772067045,10.0
2165.186,0.2474334095,0.2453702599699581,0.2460531402640044,0.0020631495300419,0.0020631495300419,0.0002404883975893,10.0
2165.668,0.2474174326,0.245470355687299,0.2461457786428825,0.0019470769127009,0.0019470769127009,0.0002402000810079,10.0
2166.15,0.2477156074,0.2455722603411664,0.2462400847615475,0.0021433470588335,0.0021433470588335,0.0002399122559162,10.0
2166.632,0.2478265117999999,0.2456759666403662,0.2463360531838091,0.0021505451596337,0.0021505451596337,0.0002396249212725,10.0
2167.115,0.24794333,0.2457816879265295,0.2464338826535126,0.0021616420734704,0.0021616420734704,0.0002393374814313,10.0
2167.597,0.2481285297,0.2458889789110898,0.2465331624735781,0.0022395507889101,0.0022395507889101,0.0002390511255817,10.0
2168.079,0.2481151962,0.2459980490073924,0.2466340877966912,0.0021171471926075,0.0021171471926075,0.0002387652570689,10.0
2168.561,0.2482086681999999,0.2461088904973863,0.2467366528675736,0.0020997777026136,0.0020997777026136,0.000238479874862,10.0
2169.043,0.2483406089,0.2462214955584553,0.2468408518520899,0.0021191133415446,0.0021191133415446,0.0002381949779322,10.0
2169.525,0.2484275785,0.2463358562642766,0.2469466788376086,0.0020917222357234,0.0020917222357234,0.0002379105652537,10.0
2170.007,0.2485995131,0.2464519645856809,0.2470541278333605,0.002147548514319,0.002147548514319,0.000237626635803,10.0
2170.489,0.2488324928999999,0.2465698123915274,0.2471631927708049,0.0022626805084725,0.0022626805084725,0.0002373431885593,10.0
2170.971,0.2489306131,0.2466893914495798,0.2472738675039962,0.0022412216504201,0.0022412216504201,0.0002370602225043,10.0
2171.454,0.2490319468,0.2468109468763887,0.2473863804150516,0.0022209999236112,0.0022209999236112,0.0002367771510503,10.0
2171.936,0.2490249906,0.2469339668904152,0.2475002593013897,0.0020910237095847,0.0020910237095847,0.0002364951453209,10.0
2172.418,0.2489404726,0.2470586928444955,0.2476157290716407,0.0018817797555044,0.0018817797555044,0.0002362136177384,10.0
2172.9,0.2492095234,0.2471851161107713,0.2477327832738373,0.0020244072892286,0.0020244072892286,0.0002359325672946,10.0
2173.382,0.249438621,0.2473132279648048,0.2478514153805006,0.0021253930351951,0.0021253930351951,0.0002356519929839,10.0
2173.864,0.2492452336999999,0.2474430195865053,0.2479716187890311,0.0018022141134946,0.0018022141134946,0.0002353718938033,10.0
2174.346,0.2494171564,0.2475744820610586,0.2480933868220991,0.0018426743389413,0.0018426743389413,0.0002350922687519,10.0
2174.828,0.2495037762,0.2477076063798666,0.2482167127280415,0.0017961698201333,0.0017961698201333,0.0002348131168317,10.0
2175.311,0.2497430754,0.2478426647736091,0.2483418503696111,0.0019004106263908,0.0019004106263908,0.0002345338593634,10.0
2175.792,0.2500780014,0.2479788040526038,0.2484680107826254,0.0020991973473962,0.0020991973473962,0.0002342562284048,10.0
2176.275,0.2502104203,0.2481171470421772,0.2485962361264976,0.0020932732578228,0.0020932732578228,0.0002339779141813,10.0
2176.757,0.2502269298,0.2482568301708584,0.248725727701836,0.0019700996291415,0.0019700996291415,0.0002337006458265,10.0
2177.239,0.2505501797,0.2483981287075888,0.248856742275965,0.0021520509924112,0.0021520509924112,0.0002334238456473,10.0
2177.721,0.2507249554,0.248541033100935,0.248989272659564,0.0021839222990649,0.0021839222990649,0.0002331475126604,10.0
2178.203,0.2506994505,0.2486855337124203,0.2491233115918405,0.0020139167875797,0.0020139167875797,0.0002328716458849,10.0
2178.685,0.2508084705,0.2488316208175124,0.2492588517409535,0.0019768496824875,0.0019768496824875,0.0002325962443424,10.0
2179.167,0.2509880547999999,0.2489792846066123,0.2493958857044363,0.0020087701933876,0.0020087701933876,0.0002323213070569,10.0
2179.649,0.251138092,0.2491285151860515,0.2495344060096262,0.0020095768139484,0.0020095768139484,0.0002320468330548,10.0
2180.132,0.2511916965,0.2492796170273455,0.2496746971006063,0.0019120794726544,0.0019120794726544,0.0002317722533558,10.0
2180.614,0.2512348101,0.2494319543737092,0.24981617043689,0.0018028557262907,0.0018028557262907,0.0002314987039656,10.0
2181.096,0.2515688984999999,0.2495858283138975,0.2499591072640324,0.0019830701861024,0.0019830701861024,0.0002312256149505,10.0
2181.578,0.2516235509,0.2497412286278512,0.2501034998327848,0.0018823222721487,0.0018823222721487,0.0002309529853466,10.0
2182.06,0.2518555986999999,0.2498981450164921,0.2502493403258882,0.0019574536835078,0.0019574536835078,0.0002306808141924,10.0
2182.542,0.2518290885,0.2500565671027461,0.2503966208585212,0.0017725213972539,0.0017725213972539,0.0002304091005286,10.0
2183.024,0.2519555518,0.250216484432569,0.2505453334787475,0.0017390673674309,0.0017390673674309,0.0002301378433985,10.0
2183.506,0.2521851931,0.2503778864759772,0.2506954701679702,0.0018073066240227,0.0018073066240227,0.0002298670418476,10.0
2183.989,0.2522997616,0.2505411020703434,0.2508473387322857,0.0017586595296565,0.0017586595296565,0.00022959613451,10.0
2184.471,0.2526183871,0.2507054446773918,0.2510003021516376,0.0019129424226081,0.0019129424226081,0.000229326242204,10.0
2184.953,0.2525133277999999,0.2508712399404046,0.2511546651716743,0.0016420878595952,0.0016420878595952,0.0002290568026261,10.0
2185.435,0.2526943393,0.2510384770358596,0.2513104195115979,0.0016558622641404,0.0016558622641404,0.0002287878148313,10.0
2185.917,0.2530375504,0.2512071450694941,0.2514675568262523,0.0018304053305058,0.0018304053305058,0.0002285192778769,10.0
2186.399,0.2530896968,0.251377233077357,0.2516260687065947,0.0017124637226429,0.0017124637226429,0.0002282511908226,10.0
2186.881,0.2533322085,0.2515487300268585,0.2517859466801679,0.0017834784731414,0.0017834784731414,0.0002279835527304,10.0
2187.363,0.2534433483,0.251721624817822,0.2519471822115725,0.001721723482178,0.001721723482178,0.0002277163626645,10.0
2187.845,0.2535165084,0.2518959062835426,0.2521097667029477,0.0016206021164574,0.0016206021164574,0.0002274496196915,10.0
2188.328,0.2538102043,0.2520719290472042,0.2522740329745759,0.0017382752527957,0.0017382752527957,0.0002271827708605,10.0
2188.81,0.2538752535,0.252248952919883,0.2524392920983632,0.0016263005801169,0.0016263005801169,0.0002269169202051,10.0
2189.292,0.2540070176,0.2524273295549736,0.2526058740002911,0.0015796880450263,0.0015796880450263,0.0002266515138543,10.0
2189.774,0.254059775,0.2526070475301153,0.2527737698373495,0.0014527274698846,0.0014527274698846,0.0002263865508839,10.0
2190.256,0.2541222918,0.2527880953617241,0.252942970706494,0.0013341964382758,0.0013341964382758,0.0002261220303719,10.0
2190.738,0.2544494024,0.2529704615060589,0.2531134676451393,0.001478940893941,0.001478940893941,0.0002258579513986,10.0
2191.22,0.2546107042,0.2531541343602845,0.2532852516316526,0.0014565698397154,0.0014565698397154,0.0002255943130466,10.0
2191.702,0.2548937979,0.2533391022635438,0.2534583135858569,0.0015546956364562,0.0015546956364562,0.0002253311144008,10.0
2192.185,0.2550010028,0.2535257412372294,0.2536330073642239,0.0014752615627706,0.0014752615627706,0.0002250678098588,10.0
2192.667,0.2551763349,0.2537132666550261,0.2538086003853375,0.0014630682449739,0.0014630682449739,0.0002248054887964,10.0
2193.149,0.2553161253,0.2539020517772124,0.2539854437680839,0.0014140735227876,0.0014140735227876,0.0002245436047062,10.0
2193.631,0.2554640547,0.2540920847214016,0.2541635282030097,0.0013719699785983,0.0013719699785983,0.0002242821566821,10.0
2194.113,0.2556008878,0.2542833535525271,0.2543428443246426,0.0013175342474728,0.0013175342474728,0.0002240211438201,10.0
2194.595,0.2558842107,0.2544758462839114,0.2545233827120051,0.0014083644160885,0.0014083644160885,0.0002237605652185,10.0
2195.077,0.2559513004,0.2546695508783336,0.2547051338891276,0.0012817495216663,0.0012817495216663,0.0002235004199778,10.0
2195.559,0.2563004936,0.2548644552491007,0.254888088325568,0.0014360383508992,0.0014360383508992,0.0002232407072006,10.0
2196.042,0.2565680649,0.2550609553171193,0.2550726197210975,0.0015071095828806,0.0015071095828806,0.0002229808885119,10.0
2196.524,0.2566538977,0.2552582252139548,0.2552579543160056,0.0013956724860451,0.0013956724860451,0.0002227220388712,10.0
2197.006,0.2567202525,0.25545665831547,0.2554444632371096,0.0012635941845299,0.0012635941845299,0.0002224636190133,10.0
2197.488,0.2569186429,0.2556562423476551,0.2556321367411819,0.0012624005523448,0.0012624005523448,0.0002222056280498,10.0
2197.97,0.2571690172,0.2558569649923624,0.2558209650331433,0.0013120522076376,0.0013120522076376,0.0002219480650942,10.0
2198.452,0.2573954741,0.2560588138883661,0.2560109382665915,0.0013366602116338,0.0013366602116338,0.0002216909292623,10.0
2198.934,0.2574323077,0.2562617766324252,0.256202046544333,0.0011705310675748,0.0011705310675748,0.0002214342196722,10.0
2199.416,0.2577712618,0.2564658407803462,0.2563942799189217,0.0013054210196538,0.0013054210196538,0.0002211779354439,10.0
2199.898,0.2578135388999999,0.2566709938480379,0.2565876283931901,0.001142545051962,0.001142545051962,0.0002209220756996,10.0
2200.381,0.2580734719,0.2568776522847357,0.2567824864930531,0.0011958196152643,0.0011958196152643,0.0002206661100531,10.0
2200.863,0.258402018,0.2570849477794454,0.2569780372401752,0.0013170702205546,0.0013170702205546,0.0002204110975285,10.0
2201.345,0.2584280151999999,0.2572932944866671,0.2571746727814695,0.0011347207133328,0.0011347207133328,0.0002201565068658,10.0
2201.827,0.2584875484,0.2575026797732037,0.2573723829262027,0.0009848686267963,0.0009848686267963,0.0002199023371959,10.0
2202.309,0.2587645503,0.2577130909712285,0.2575711574366361,0.0010514593287714,0.0010514593287714,0.0002196485876516,10.0
2202.791,0.2592903007,0.2579245153793308,0.2577709860285746,0.0013657853206691,0.0013657853206691,0.000219395257368,10.0
2203.273,0.2593363266,0.2581369402635599,0.257971858371916,0.00119938633644,0.00119938633644,0.0002191423454823,10.0
2203.755,0.2596693339,0.2583503528584647,0.2581737640912026,0.0013189810415352,0.0013189810415352,0.0002188898511337,10.0
2204.238,0.2596805875,0.2585651861600261,0.2583771148361322,0.0011154013399738,0.0011154013399738,0.0002186372509135,10.0
2204.719,0.2599977425999999,0.2587800899672262,0.2585806339323337,0.0012176526327737,0.0012176526327737,0.0002183861116156,10.0
2205.202,0.2602137328,0.2589968385325734,0.2587860033089815,0.0012168942674265,0.0012168942674265,0.0002181343439066,10.0
2205.684,0.2604639196,0.2592140756511794,0.2589919399357088,0.0012498439488206,0.0012498439488206,0.0002178835119994,10.0
2206.166,0.2605197433,0.2594322361901244,0.2591988573781862,0.0010875071098755,0.0010875071098755,0.0002176330933552,10.0
2206.648,0.260799405,0.2596513072165949,0.259406745000427,0.001148097783405,0.001148097783405,0.0002173830871259,10.0
2207.13,0.260977362,0.2598712757734773,0.2596155921250012,0.0011060862265226,0.0011060862265226,0.0002171334924652,10.0
2207.612,0.2610389961,0.2600921288803752,0.2598253880336026,0.0009468672196247,0.0009468672196247,0.000216884308529,10.0
2208.094,0.2613161893,0.2603138535346159,0.2600361219676124,0.0010023357653841,0.0010023357653841,0.0002166355344752,10.0
2208.576,0.2612549743,0.260536436712262,0.2602477831286712,0.0007185375877379,0.0007185375877379,0.000216387169464,10.0
2209.059,0.2616023199,0.2607603297838571,0.2604608026565551,0.0008419901161428,0.0008419901161428,0.0002161386986477,10.0
2209.541,0.2617555178,0.2609845925698553,0.2606742875878404,0.0007709252301446,0.0007709252301446,0.0002158911500538,10.0
2210.023,0.261665791,0.2612096746626958,0.2608886670956655,0.0004561163373041,0.0004561163373041,0.0002156440079927,10.0
2210.505,0.2621894696,0.2614355629633261,0.2611039302283363,0.0007539066366738,0.0007539066366738,0.0002153972716326,10.0
2210.987,0.2622832156999999,0.2616622443564031,0.2613200659972824,0.0006209713435968,0.0006209713435968,0.0002151509401436,10.0
2211.469,0.2627473623,0.2618897057112738,0.2615370633776328,0.0008576565887262,0.0008576565887262,0.000214905012698,10.0
2211.951,0.2628706873,0.2621179338829502,0.2617549113087926,0.0007527534170497,0.0007527534170497,0.0002146594884697,10.0
2212.433,0.2630484207,0.2623469157130845,0.2619735986950256,0.0007015049869154,0.0007015049869154,0.000214414366635,10.0
2212.916,0.2635090038,0.2625771153938447,0.2621935706861198,0.0009318884061552,0.0009318884061552,0.0002141691390705,10.0
2213.398,0.2635793754,0.2628075665124572,0.2624139052413438,0.0007718088875428,0.0007718088875428,0.0002139248203899,10.0
2213.88,0.2638595699,0.2630387317165814,0.2626350457361169,0.0008208381834186,0.0008208381834186,0.0002136809016416,10.0
2214.362,0.263949223,0.2632705978040289,0.2628569809398814,0.000678625195971,0.000678625195971,0.0002134373820097,10.0
2214.844,0.2643194842,0.2635031515640378,0.2630796995898516,0.0008163326359622,0.0008163326359622,0.0002131942606801,10.0
2215.326,0.2642868178999999,0.2637363797782172,0.2633031903916032,0.0005504381217827,0.0005504381217827,0.000212951536841,10.0
2215.808,0.2647506041,0.2639702692214813,0.2635274420196587,0.0007803348785186,0.0007803348785186,0.0002127092096824,10.0
2216.29,0.2647899817,0.2642048066629823,0.2637524431180766,0.0005851750370177,0.0005851750370177,0.0002124672783961,10.0
2216.772,0.2648385081,0.2644399788670349,0.2639781823010418,0.000398529232965,0.000398529232965,0.0002122257421762,10.0
2217.255,0.2652502862,0.2646762624295277,0.2642051187470593,0.0005740237704722,0.0005740237704722,0.0002119841003332,10.0
2217.737,0.2654730035,0.2649126656851052,0.2644323012970861,0.0005603378148948,0.0005603378148948,0.0002117433526509,10.0
2218.219,0.2656470635,0.2651496639488544,0.264660187577051,0.0004973995511455,0.0004973995511455,0.0002115029976265,10.0
2218.701,0.2658593439,0.2653872439748883,0.2648887660875014,0.0004720999251117,0.0004720999251117,0.0002112630344619,10.0
2219.183,0.2660639917,0.2656253925170297,0.2651180253020749,0.0004385991829702,0.0004385991829702,0.0002110234623605,10.0
2219.665,0.2660603326,0.2658640963297002,0.2653479536680925,0.0001962362702997,0.0001962362702997,0.0002107842805278,10.0
2220.147,0.2664731246,0.2661033421688089,0.265578539607157,0.000369782431191,0.000369782431191,0.0002105454881713,10.0
2220.629,0.2664448625,0.2663431167926299,0.2658097715157484,0.00010174570737,0.00010174570737,0.0002103070845003,10.0
2221.112,0.266883544,0.2665839060167253,0.266042119467449,0.0002996379832747,0.0002996379832747,0.00021006857532,10.0
2221.594,0.2672538967,0.2668246995269985,0.2662746096867885,0.0004291971730014,0.0004291971730014,0.0002098309474578,10.0
2222.076,0.2671744939,0.2670659820922558,0.2665077108960904,0.0001085118077441,0.0001085118077441,0.0002095937059188,10.0
2222.558,0.2676158188999999,0.2673077404889138,0.2667414113972782,0.0003080784110861,0.0003080784110861,0.0002093568499199,10.0
2223.04,0.2678069253,0.2675499615000609,0.2669756994701503,0.0002569637999391,0.0002569637999391,0.0002091203786799,10.0
2223.522,0.2678276571,0.267792631916296,0.2672105633729771,3.50251837040183e-05,3.50251837040183e-05,0.0002088842914195,10.0
2224.004,0.2681257408999999,0.2680357385365662,0.2674459913431048,9.000236343370549e-05,9.000236343370549e-05,0.0002086485873611,10.0
2224.486,0.2683464055,0.2682792681689936,0.2676819715975555,6.713733100632835e-05,6.713733100632835e-05,0.0002084132657292,10.0
2224.969,0.2683655852,0.268523714147049,0.2679189835941846,-0.000158128947049,0.000158128947049,0.0002081778387189,10.0
2225.451,0.2687790013,0.2687680510782295,0.2681560340745733,1.0950221770444912e-05,1.0950221770444912e-05,0.00020794328041,10.0
2225.933,0.2689633167,0.2690127714818915,0.2683936013498574,-4.945478189150032e-05,4.945478189150032e-05,0.0002077091022104,10.0
2226.415,0.2691718654,0.2692578622110428,0.2686316735617585,-8.59968110428766e-05,8.59968110428766e-05,0.0002074753033517,10.0
2226.897,0.2692446283,0.2695033101319145,0.2688702388346938,-0.0002586818319144,0.0002586818319144,0.0002072418830678,10.0
2227.379,0.269487659,0.269749102124747,0.2691092852763786,-0.000261443124747,0.000261443124747,0.000207008840594,10.0
2227.861,0.2698123749,0.2699952250845738,0.2693488009784328,-0.0001828501845738,0.0001828501845738,0.0002067761751677,10.0
2228.343,0.2699369983,0.270241665921995,0.2695887740169839,-0.0003046676219949,0.0003046676219949,0.000206543886028,10.0
2228.825,0.2701148955,0.2704884115639466,0.2698291924532752,-0.0003735160639466,0.0003735160639466,0.000206311972416,10.0
2229.308,0.270552418,0.2707359617743919,0.2700705444692335,-0.0001835437743919,0.0001835437743919,0.0002060799535923,10.0
2229.79,0.2707893599,0.270983278440051,0.2703118186902058,-0.0001939185400509,0.0001939185400509,0.0002058487895407,10.0
2230.272,0.2709993702,0.2712308607696475,0.2705535023845227,-0.0002314905696474,0.0002314905696474,0.000205617998749,10.0
2230.754,0.2712227462,0.2714786957630413,0.2707955835599162,-0.0002559495630413,0.0002559495630413,0.0002053875804653,10.0
2231.236,0.2713355041999999,0.2717267704401672,0.2710380502122651,-0.0003912662401672,0.0003912662401672,0.0002051575339395,10.0
2231.718,0.271616915,0.2719750718417585,0.2712808903262001,-0.0003581568417584,0.0003581568417584,0.0002049278584236,10.0
2232.2,0.2718511634,0.272223587030067,0.2715240918757104,-0.000372423630067,0.000372423630067,0.000204698553171,10.0
2232.682,0.2719692708,0.2724723030895735,0.2717676428247485,-0.0005030322895734,0.0005030322895734,0.000204469617437,10.0
2233.165,0.2721951377,0.2727217237125872,0.2720120374624885,-0.0005265860125872,0.0005265860125872,0.0002042405766565,10.0
2233.646,0.272415876,0.2729702862754843,0.2722557447306896,-0.0005544102754843,0.0005544102754843,0.0002040128515556,10.0
2234.129,0.2725796285,0.273220044946453,0.2725007792051139,-0.000640416446453,0.000640416446453,0.0002037845476292,10.0
2234.611,0.2727480231999999,0.2734694361014402,0.2727456078246028,-0.0007214129014402,0.0007214129014402,0.0002035570833187,10.0
2235.093,0.2730439122,0.2737189638813904,0.2729907255090237,-0.0006750516813903,0.0006750516813903,0.0002033299848287,10.0
2235.575,0.2733440337,0.2739686155187719,0.2732361201748406,-0.0006245818187719,0.0006245818187719,0.0002031032514251,10.0
2236.057,0.273508828,0.2742183782730684,0.2734817797327279,-0.0007095502730684,0.0007095502730684,0.0002028768823756,10.0
2236.539,0.2737243629,0.274468239431433,0.2737276920881757,-0.0007438765314329,0.0007438765314329,0.0002026508769496,10.0
2237.021,0.2739619017,0.2747181863093335,0.273973845142094,-0.0007562846093335,0.0007562846093335,0.0002024252344182,10.0
2237.503,0.2740340741,0.2749682062511952,0.2742202267914199,-0.0009341321511951,0.0009341321511951,0.0002021999540544,10.0
2237.986,0.2743993388,0.2752188055240763,0.2744673367607553,-0.0008194667240762,0.0008194667240762,0.0002019745688712,10.0
2238.468,0.2746825801,0.2754689338323034,0.2747141396902714,-0.0007863537323034,0.0007863537323034,0.0002017500114157,10.0
2238.95,0.2749157429,0.2757190973917602,0.2749611348630809,-0.0008033544917602,0.0008033544917602,0.0002015258139553,10.0
2239.432,0.275202474,0.2759692836690179,0.2752083101662684,-0.0007668096690179,0.0007668096690179,0.0002013019757697,10.0
2239.914,0.2753789503,0.2762194801626962,0.275455653485967,-0.0008405298626962,0.0008405298626962,0.0002010784961405,10.0
2240.396,0.2755912301,0.2764696744040595,0.2757031527079601,-0.0008784443040595,0.0008784443040595,0.0002008553743508,10.0
2240.878,0.2758590128,0.2767198539576081,0.2759507957182866,-0.000860841157608,0.000860841157608,0.0002006326096856,10.0
2241.36,0.2761004373,0.2769700064216571,0.27619857040384,-0.0008695691216571,0.0008695691216571,0.0002004102014313,10.0
2241.843,0.2761591903,0.2772206382859908,0.2764469790722775,-0.0010614479859908,0.0010614479859908,0.0002001876885556,10.0
2242.325,0.2765746807,0.277470699383879,0.2766949809857443,-0.000896018683879,0.000896018683879,0.0001999659917257,10.0
2242.807,0.2766881477,0.2777206963703497,0.2769430782211521,-0.0010325486703497,0.0010325486703497,0.0001997446491751,10.0
2243.289,0.2769081733,0.2779706169847354,0.2771912586748355,-0.0010624436847354,0.0010624436847354,0.0001995236601973,10.0
2243.771,0.2771496078,0.2782204490029861,0.2774395102469867,-0.0010708412029861,0.0010708412029861,0.0001993030240872,10.0
2244.253,0.2774097745,0.2784701802382103,0.2776878208422557,-0.0010604057382103,0.0010604057382103,0.0001990827401415,10.0
2244.735,0.2774682524,0.2787197985412065,0.2779361783703483,-0.0012515461412065,0.0012515461412065,0.0001988628076586,10.0
2245.217,0.2775439682,0.278969291800985,0.2781845707466206,-0.001425323600985,0.001425323600985,0.0001986432259383,10.0
2245.699,0.2780404864,0.2792186479452884,0.2784329858926785,-0.0011781615452884,0.0011781615452884,0.0001984239942823,10.0
2246.182,0.2781579925999999,0.2794683718046949,0.2786819271460368,-0.0013103792046949,0.0013103792046949,0.000198204658244,10.0
2246.664,0.278369763,0.2797174173119807,0.2789303516090812,-0.0013476543119807,0.0013476543119807,0.0001979861253509,10.0
2247.146,0.2786280798,0.2799662896997092,0.2791787626251624,-0.0013382098997092,0.0013382098997092,0.0001977679404355,10.0
2247.628,0.2787748216,0.2802149770556592,0.2794271481468433,-0.0014401554556592,0.0014401554556592,0.0001975501028059,10.0
2248.11,0.2791538594,0.2804634675088215,0.2796754961359058,-0.0013096081088215,0.0013096081088215,0.000197332611772,10.0
2248.592,0.2791183566,0.2807117492298721,0.2799237945639404,-0.001593392629872,0.001593392629872,0.0001971154666454,10.0
2249.074,0.2794017208,0.28095981043164,0.2801720314129381,-0.00155808963164,0.00155808963164,0.000196898666739,10.0
2249.556,0.2795670273,0.2812076393695687,0.2804201946758781,-0.0016406120695687,0.0016406120695687,0.0001966822113676,10.0
2250.039,0.2798834363,0.2814557377422437,0.2806687869440274,-0.0015723014422437,0.0015723014422437,0.0001964656518403,10.0
2250.521,0.2799278682,0.2817030665491181,0.280916766845823,-0.0017751983491181,0.0017751983491181,0.0001962498842007,10.0
2251.003,0.2802089896,0.2819501280946224,0.2811646371874881,-0.0017411384946223,0.0017411384946223,0.0001960344590485,10.0
2251.485,0.2805470039,0.2821969108092186,0.281412386011858,-0.0016499069092186,0.0016499069092186,0.0001958193757047,10.0
2251.967,0.2805882626,0.2824434031681821,0.2816600013756879,-0.0018551405681821,0.0018551405681821,0.0001956046334922,10.0
2252.449,0.2806559486,0.2826895936920236,0.2819074713502362,-0.0020336450920236,0.0020336450920236,0.0001953902317353,10.0
2252.931,0.2810228481,0.2829354709468993,0.2821547840218457,-0.0019126228468993,0.0019126228468993,0.0001951761697598,10.0
2253.413,0.2813992726,0.2831810235450198,0.2824019274925248,-0.0017817509450198,0.0017817509450198,0.0001949624468933,10.0
2253.896,0.2816155339,0.2834267485360661,0.2826494020541563,-0.001811214636066,0.001811214636066,0.0001947486201099,10.0
2254.378,0.2815411246,0.2836716171112706,0.2828961710819246,-0.0021304925112706,0.0021304925112706,0.0001945355741502,10.0
2254.86,0.2819487152,0.2839161271233366,0.2831427352900002,-0.0019674119233366,0.0019674119233366,0.00019432286529,10.0
2255.342,0.2821298331,0.2841602673727076,0.2833890828488669,-0.0020304342727076,0.0020304342727076,0.0001941104928632,10.0
2255.824,0.2823254308,0.2844040267078098,0.2836352019475583,-0.0020785959078097,0.0020785959078097,0.0001938984562051,10.0
2256.306,0.2826665883,0.284647394025418,0.283881080794229,-0.001980805725418,0.001980805725418,0.0001936867546525,10.0
2256.788,0.2825085671,0.2848903582710161,0.284126707616727,-0.0023817911710161,0.0023817911710161,0.000193475387544,10.0
2257.27,0.2829033327,0.2851329084391479,0.284372070663162,-0.0022295757391478,0.0022295757391478,0.0001932643542196,10.0
2257.752,0.2829527496,0.2853750335737649,0.2846171582024742,-0.0024222839737649,0.0024222839737649,0.0001930536540209,10.0
2258.235,0.2832444745,0.2856172237377358,0.2848624661028169,-0.0023727492377357,0.0023727492377357,0.0001928428501884,10.0
2258.717,0.2837237283,0.2858584651982941,0.2851069668885939,-0.0021347368982941,0.0021347368982941,0.0001926328149594,10.0
2259.199,0.2837650103,0.286099249034647,0.2853511570805382,-0.0023342387346469,0.0023342387346469,0.0001924231108887,10.0
2259.681,0.2840301852,0.2863395644918226,0.2855950250366142,-0.0023093792918225,0.0023093792918225,0.0001922137373238,10.0
2260.163,0.2842525809,0.2865794008658957,0.2858385591384381,-0.0023268199658957,0.0023268199658957,0.0001920046936141,10.0
2260.645,0.2843534718,0.2868187475042974,0.2860817477918355,-0.0024652757042973,0.0024652757042973,0.0001917959791102,10.0
2261.127,0.2843767281,0.2870575938061165,0.2863245794273991,-0.0026808657061165,0.0026808657061165,0.0001915875931645,10.0
2261.609,0.2845657990999999,0.2872959292223986,0.2865670425010463,-0.0027301301223986,0.0027301301223986,0.0001913795351306,10.0
2262.092,0.2849975989,0.2875342360973157,0.2868096273383754,-0.0025366371973157,0.0025366371973157,0.000191171373727,10.0
2262.573,0.2851734801,0.2877710254640404,0.2870508169161915,-0.0025975453640403,0.0025975453640403,0.0001909644002213,10.0
2263.056,0.2855074586,0.2880082560448412,0.2872926054725312,-0.0025007974448412,0.0025007974448412,0.0001907568927766,10.0
2263.538,0.2857465785,0.2882444423214751,0.2875334785117167,-0.002497863821475,0.002497863821475,0.0001905501406326,10.0
2264.02,0.2859157062,0.2884800657358021,0.2877739256441054,-0.002564359535802,0.002564359535802,0.0001903437131905,10.0
2264.502,0.2860971854,0.2887151160566038,0.2880139354891873,-0.0026179306566038,0.0026179306566038,0.0001901376098133,10.0
2264.984,0.2862820301,0.2889495831065284,0.2882534966956191,-0.0026675530065284,0.0026675530065284,0.0001899318298651,10.0
2265.466,0.2865442195,0.2891834567623394,0.2884925979417664,-0.0026392372623394,0.0026392372623394,0.0001897263727116,10.0
2265.948,0.2866403495,0.2894167269551577,0.2887312279362399,-0.0027763774551577,0.0027763774551577,0.0001895212377201,10.0
2266.43,0.286957175,0.2896493836707048,0.288969375418439,-0.0026922086707048,0.0026922086707048,0.0001893164242593,10.0
2266.913,0.2872710985,0.2898818976914337,0.2892075216956195,-0.0026107991914337,0.0026107991914337,0.0001891115077739,10.0
2267.395,0.2872031983999999,0.290113296304903,0.2894446694380735,-0.002910097904903,0.002910097904903,0.0001889073361501,10.0
2267.877,0.287473842,0.2903440517077689,0.2896813010533787,-0.0028702097077689,0.0028702097077689,0.0001887034841705,10.0
2268.359,0.2876459683,0.2905741541065295,0.2899174054094833,-0.0029281858065295,0.0029281858065295,0.0001884999512095,10.0
2268.841,0.2880061621999999,0.290803593763389,0.2901529714077816,-0.002797431563389,0.002797431563389,0.0001882967366433,10.0
2269.323,0.2880059449,0.2910323609964653,0.2903879879836419,-0.0030264160964653,0.0030264160964653,0.0001880938398492,10.0
2269.805,0.2882257816,0.291260446179987,0.2906224441069259,-0.003034664579987,0.003034664579987,0.0001878912602061,10.0
2270.287,0.2884593019,0.2914878397444925,0.2908563287825154,-0.0030285378444925,0.0030285378444925,0.0001876889970944,10.0
2270.77,0.2885722225,0.291715001757872,0.2910901144674357,-0.003142779257872,0.003142779257872,0.0001874866312461,10.0
2271.252,0.2888626833,0.2919409821180914,0.291322822162638,-0.0030782988180914,0.0030782988180914,0.0001872849999973,10.0
2271.734,0.2887472197,0.2921662424711847,0.2915549256175309,-0.0034190227711847,0.0034190227711847,0.0001870836834281,10.0
2272.216,0.289185597,0.2923907734748867,0.2917864139823182,-0.0032051764748867,0.0032051764748867,0.0001868826809245,10.0
2272.698,0.2893908127,0.2926145658441396,0.2920172764447986,-0.0032237531441396,0.0032237531441396,0.0001866819918741,10.0
2273.18,0.2894734686,0.2928376103512571,0.2922475022308743,-0.003364141751257,0.003364141751257,0.0001864816156657,10.0
2273.662,0.2898218076,0.2930598978260847,0.2924770806050583,-0.0032380902260847,0.0032380902260847,0.0001862815516897,10.0
2274.144,0.2899641654,0.2932814191561548,0.2927060008709761,-0.0033172537561548,0.0033172537561548,0.0001860817993377,10.0
2274.626,0.2902683591,0.293502165286837,0.2929342523718707,-0.003233806186837,0.003233806186837,0.0001858823580029,10.0
2275.109,0.290386505,0.2937225827526659,0.293162295918867,-0.0033360777526658,0.0033360777526658,0.0001856828142673,10.0
2275.591,0.2903571709999999,0.293941749897996,0.2933891766379864,-0.003584578897996,0.003584578897996,0.000185483993794,10.0
2276.073,0.2906845836,0.2941601150101425,0.293615356842673,-0.0034755314101425,0.0034755314101425,0.0001852854825243,10.0
2276.555,0.2908992257,0.2943776692673557,0.2938408260396887,-0.0034784435673557,0.0034784435673557,0.000185087279857,10.0
2277.037,0.2910643809,0.2945944039064072,0.2940655737778866,-0.0035300230064072,0.0035300230064072,0.0001848893851922,10.0
2277.519,0.2910045284,0.294810310222712,0.2942895896486971,-0.0038057818227119,0.0038057818227119,0.0001846917979314,10.0
2278.001,0.2912797694,0.2950253795704466,0.2945128632866133,-0.0037456101704466,0.0037456101704466,0.0001844945174774,10.0
2278.483,0.2912929372,0.2952396033626634,0.2947353843696719,-0.0039466661626634,0.0039466661626634,0.0001842975432345,10.0
2278.966,0.291587281,0.2954534148534433,0.2949576018992244,-0.0038661338534433,0.0038661338534433,0.0001841004668994,10.0
2279.448,0.2916962531,0.295665920211544,0.2951785854687807,-0.0039696671115439,0.0039696671115439,0.0001839041039291,10.0
2279.93,0.2918900792,0.2958775545902359,0.2953987857625582,-0.0039874753902358,0.0039874753902358,0.0001837080453896,10.0
2280.412,0.2922798904,0.2960883096392591,0.2956181926376435,-0.0038084192392591,0.0038084192392591,0.0001835122906907,10.0
2280.894,0.2919706892,0.2962981770677378,0.2958367959970427,-0.0043274878677378,0.0043274878677378,0.0001833168392433,10.0
2281.376,0.2923735236,0.2965071486442721,0.2960545857901504,-0.004133625044272,0.004133625044272,0.00018312169046,10.0
2281.858,0.2925994501,0.2967152161970205,0.2962715520132107,-0.0041157660970205,0.0041157660970205,0.0001829268437546,10.0
2282.34,0.2929398433,0.2969223716137844,0.2964876847097826,-0.0039825283137844,0.0039825283137844,0.000182732298542,10.0
2282.823,0.2929804703,0.2971290337539152,0.2967034197458196,-0.0041485634539151,0.0041485634539151,0.0001825376515549,10.0
2283.305,0.2932634468,0.2973343388671146,0.2969178539310996,-0.0040708920671145,0.0040708920671145,0.0001823437082015,10.0
2283.787,0.2931761576,0.2975387078499495,0.2971314249887209,-0.0043625502499495,0.0043625502499495,0.0001821500645933,10.0
2284.269,0.29338744,0.2977421328296543,0.2973441231561627,-0.0043546928296543,0.0043546928296543,0.0001819567201508,10.0
2284.751,0.2935880086,0.2979446059934586,0.2975559387204884,-0.0043565973934586,0.0043565973934586,0.0001817636742958,10.0
2285.233,0.293653593,0.2981461195886437,0.2977668620187874,-0.0044925265886436,0.0044925265886436,0.0001815709264515,10.0
2285.715,0.2940938725,0.2983466659226014,0.2979768834386215,-0.0042527934226013,0.0042527934226013,0.0001813784760422,10.0
2286.197,0.2940452468,0.2985462373628862,0.2981859934184638,-0.0045009905628862,0.0045009905628862,0.0001811863224939,10.0
2286.679,0.2942084469,0.2987448263372632,0.2983941824481345,-0.0045363794372632,0.0045363794372632,0.0001809944652336,10.0
2287.162,0.294248305,0.2989428342559193,0.2986018700926834,-0.0046945292559192,0.0046945292559192,0.0001808025065662,10.0
2287.644,0.2943426211,0.2991394337457847,0.2988081869394662,-0.0047968126457847,0.0047968126457847,0.0001806112407803,10.0
2288.126,0.2944448222,0.2993350283994733,0.2990135545986019,-0.0048902061994732,0.0048902061994732,0.0001804202695704,10.0
2288.608,0.2944998262,0.2995296108861446,0.2992179637697255,-0.0050297846861446,0.0050297846861446,0.0001802295923688,10.0
2289.09,0.2946663606,0.2997231739353658,0.2994214052059628,-0.0050568133353657,0.0050568133353657,0.0001800392086093,10.0
2289.572,0.2948501524,0.2999157103371415,0.2996238697143498,-0.0050655579371414,0.0050655579371414,0.0001798491177267,10.0
2290.054,0.2950124912,0.3001072129419392,0.2998253481562487,-0.0050947217419392,0.0050947217419392,0.0001796593191572,10.0
2290.536,0.2951467482,0.3002976746607164,0.3000258314477638,-0.0051509264607164,0.0051509264607164,0.0001794698123385,10.0
2291.019,0.2953771879,0.3004874803454862,0.3002257233671536,-0.0051102924454862,0.0051102924454862,0.000179280204448,10.0
2291.5,0.2955204599,0.3006754473865911,0.3004237765202188,-0.0051549874865911,0.0051549874865911,0.0001790916717095,10.0
2291.983,0.2955449136,0.3008631319929857,0.3006216289767829,-0.0053182183929857,0.0053182183929857,0.0001789026457231,10.0
2292.465,0.2955681655,0.3010493582634957,0.3008180397888859,-0.0054811927634957,0.0054811927634957,0.000178714300908,10.0
2292.947,0.2957705466,0.3012345090966914,0.3010134108482918,-0.0054639624966914,0.0054639624966914,0.0001785262450492,10.0
2293.429,0.2961202188,0.3014185777669182,0.3012077334081844,-0.0052983589669182,0.0052983589669182,0.0001783384775919,10.0
2293.911,0.2961582608,0.3016015576090961,0.3014009987793,-0.0054432968090961,0.0054432968090961,0.0001781509979825,10.0
2294.393,0.2963562465,0.3017834420187203,0.3015931983303158,-0.0054271955187203,0.0054271955187203,0.0001779638056688,10.0
2294.875,0.2964157966,0.3019642244518631,0.3017843234882376,-0.0055484278518631,0.0055484278518631,0.0001777769000997,10.0
2295.357,0.2965925185,0.3021438984251655,0.3019743657387791,-0.0055513799251655,0.0055513799251655,0.0001775902807255,10.0
2295.84,0.2966992859,0.3023228268070427,0.3021637075007364,-0.0056235409070427,0.0056235409070427,0.0001774035607097,10.0
2296.322,0.2969643217,0.3025002623200455,0.3023515563400613,-0.0055359406200455,0.0055359406200455,0.0001772175126717,10.0
2296.804,0.2969023819,0.3026765702734879,0.3025382970679655,-0.0057741883734879,0.0057741883734879,0.0001770317491857,10.0
2297.286,0.2970674925,0.3028517444263433,0.3027239214088966,-0.0057842519263432,0.0057842519263432,0.0001768462697067,10.0
2297.768,0.2971037822,0.3030257785981058,0.3029084211478809,-0.0059219963981058,0.0059219963981058,0.0001766610736913,10.0
2298.25,0.2973441387,0.3031986666687706,0.3030917881308854,-0.0058545279687706,0.0058545279687706,0.0001764761605971,10.0
2298.732,0.2972767366,0.3033704025788156,0.3032740142651796,-0.0060936659788156,0.0060936659788156,0.000176291529883,10.0
2299.214,0.2973524429,0.3035409803291808,0.3034550915196922,-0.0061885374291808,0.0061885374291808,0.0001761071810093,10.0
2299.697,0.2975363588,0.303710744247685,0.3036353839961791,-0.006174385447685,0.006174385447685,0.0001759227318463,10.0
2300.179,0.297737817,0.3038789854898285,0.3038141372216372,-0.0061411684898285,0.0061411684898285,0.0001757389456204,10.0
2300.661,0.2980184523,0.304046050925625,0.3039917178313688,-0.0060275986256249,0.0060275986256249,0.0001755554396216,10.0
2301.143,0.2981975477,0.3042119347977279,0.3041681180445759,-0.0060143870977278,0.0060143870977278,0.0001753722133147,10.0
2301.625,0.2983047444,0.3043766314091151,0.3043433301438563,-0.006071887009115,0.006071887009115,0.0001751892661661,10.0
2302.107,0.2984045590999999,0.3045401351230554,0.3045173464755422,-0.0061355760230554,0.0061355760230554,0.0001750065976432,10.0
2302.589,0.2985227098,0.3047024403630716,0.3046901594500308,-0.0061797305630715,0.0061797305630715,0.0001748242072147,10.0
2303.071,0.2984880976,0.3048635416129067,0.3048617615421184,-0.0063754440129067,0.0063754440129067,0.0001746420943505,10.0
2303.553,0.2986589436,0.3050234334164845,0.3050321452913254,-0.0063644898164845,0.0063644898164845,0.0001744602585216,10.0
2304.036,0.2988466664,0.3051824383166456,0.3052016529732023,-0.0063357719166456,0.0063357719166456,0.0001742783228083,10.0
2304.518,0.2988801460999999,0.3053398925630027,0.3053695753499129,-0.0064597464630027,0.0064597464630027,0.0001740970400401,10.0
2305.0,0.2988825627,0.3054961213446632,0.3055362573788657,-0.0066135586446631,0.0066135586446631,0.0001739160327265,10.0
2305.482,0.2990697151,0.3056511194459803,0.3057016918618175,-0.0065814043459802,0.0065814043459802,0.0001737353003434,10.0
2305.964,0.2991717254,0.3058048817112727,0.3058658716668344,-0.0066331563112727,0.0066331563112727,0.0001735548423678,10.0
2306.446,0.29911823,0.3059574030447756,0.306028789728597,-0.0068391730447756,0.0068391730447756,0.0001733746582779,10.0
2306.928,0.2993643298,0.306108678410592,0.3061904390487041,-0.0067443486105919,0.0067443486105919,0.0001731947475531,10.0
2307.41,0.2995015142,0.3062587028326424,0.3063508126959712,-0.0067571886326424,0.0067571886326424,0.000173015109674,10.0
2307.893,0.2994236513,0.3064077787342406,0.3065102325333544,-0.0069841274342405,0.0069841274342405,0.0001728353722773,10.0
2308.375,0.2996528464,0.3065552839589296,0.3066680316297542,-0.0069024375589296,0.0069024375589296,0.0001726562790993,10.0
2308.857,0.2997753366,0.3067015236601065,0.3068245346521197,-0.0069261870601065,0.0069261870601065,0.0001724774572146,10.0
2309.339,0.2999728929999999,0.3068464931005552,0.3069797349412003,-0.0068736001005552,0.0068736001005552,0.0001722989061084,10.0
2309.821,0.2999817295,0.3069901876026069,0.3071336259064083,-0.0070084581026068,0.0070084581026068,0.0001721206252673,10.0
2310.303,0.2998804171,0.3071326025480811,0.3072862010260954,-0.0072521854480811,0.0072521854480811,0.0001719426141787,10.0
2310.785,0.2999158291,0.3072737333782276,0.3074374538478271,-0.0073579042782276,0.0073579042782276,0.0001717648723313,10.0
2311.267,0.3002413546,0.3074135755936651,0.3075873779886541,-0.0071722209936651,0.0071722209936651,0.000171587399215,10.0
2311.75,0.3002242645999999,0.3075524108535389,0.3077362740195533,-0.007328146253539,0.007328146253539,0.0001714098269542,10.0
2312.232,0.3004274012,0.3076896598823042,0.3078835191399066,-0.0072622586823041,0.0072622586823041,0.0001712328903292,10.0
2312.714,0.3005807762,0.3078256071449208,0.3080294168373402,-0.0072448309449208,0.0072448309449208,0.0001710562209108,10.0
2313.196,0.3004580456,0.3079602483789925,0.3081739610096292,-0.0075022027789924,0.0075022027789924,0.0001708798181933,10.0
2313.678,0.3005023546,0.3080935793811785,0.3083171456253342,-0.0075912247811785,0.0075912247811785,0.0001707036816723,10.0
2314.16,0.3005217103,0.3082255960071295,0.3084589647240513,-0.0077038857071294,0.0077038857071294,0.0001705278108447,10.0
2314.642,0.3007615211,0.308356294171421,0.3085994124166575,-0.007594773071421,0.007594773071421,0.0001703522052081,10.0
2315.124,0.3008039129,0.3084856698474847,0.3087384828855511,-0.0076817569474846,0.0076817569474846,0.0001701768642617,10.0
2315.606,0.3008561096,0.3086137190675438,0.3088761703848927,-0.0077576094675438,0.0077576094675438,0.0001700017875054,10.0
2316.089,0.3008444876,0.3087406994391393,0.3090127505711567,-0.0078962118391393,0.0078962118391393,0.0001698266120316,10.0
2316.571,0.3011388301,0.308866081306629,0.309147652283685,-0.007727251206629,0.007727251206629,0.000169652062706,10.0
2317.053,0.3010837582,0.3089901251590275,0.3092811542106325,-0.0079063669590275,0.0079063669590275,0.0001694777760766,10.0
2317.535,0.3010977864999999,0.3091128272631478,0.3094132508956598,-0.0080150407631478,0.0080150407631478,0.0001693037516479,10.0
2318.017,0.3013041924,0.3092341839442449,0.309543936955323,-0.0079299915442448,0.0079299915442448,0.0001691299889256,10.0
2318.499,0.3011258832,0.3093541915859434,0.3096732070792906,-0.0082283083859434,0.0082283083859434,0.0001689564874166,10.0
2318.981,0.3012882979,0.3094728466301671,0.3098010560305554,-0.0081845487301671,0.0081845487301671,0.0001687832466287,10.0
2319.463,0.3013661173999999,0.309590145577065,0.3099274786456424,-0.008224028177065,0.008224028177065,0.0001686102660709,10.0
2319.946,0.3015159457,0.309706324107536,0.3100527276611791,-0.008190378407536,0.008190378407536,0.000168437187181,10.0
2320.427,0.3013421999,0.309820661470172,0.310176024582271,-0.008478461570172,0.008478461570172,0.0001682650836871,10.0
2320.91,0.3015696113,0.3099341051606757,0.3102983897918753,-0.0083644938606757,0.0083644938606757,0.000168092523886,10.0
2321.392,0.3015120413,0.3100459430370489,0.3104190538997113,-0.0085339017370489,0.0085339017370489,0.0001679205798958,10.0
2321.874,0.3016796697,0.3101564081810706,0.3105382669541501,-0.0084767384810706,0.0084767384810706,0.0001677488936962,10.0
2322.356,0.3017606882999999,0.3102654974408226,0.3106560242372331,-0.0085048091408226,0.0085048091408226,0.0001675774648026,10.0
2322.838,0.3018268843,0.3103732077220962,0.3107723211058888,-0.0085463234220962,0.0085463234220962,0.0001674062927318,10.0
2323.32,0.301778395,0.3104795359883153,0.3108871529921101,-0.0087011409883152,0.0087011409883152,0.0001672353770013,10.0
2323.802,0.3018540392,0.3105844792604615,0.3110005154031285,-0.0087304400604615,0.0087304400604615,0.0001670647171301,10.0
2324.284,0.3019925853,0.3106880346169998,0.3111124039215861,-0.0086954493169997,0.0086954493169997,0.0001668943126379,10.0
2324.767,0.3020675225999999,0.3107904097058354,0.3112230417330874,-0.0087228871058354,0.0087228871058354,0.0001667238103029,10.0
2325.249,0.3019735354,0.310891177801964,0.311331966436706,-0.008917642401964,0.008917642401964,0.00016655391566,10.0
2325.731,0.3019602365,0.3109905495563682,0.3114394044411797,-0.0090303130563681,0.0090303130563681,0.0001663842749612,10.0
2326.213,0.3018446647,0.3110885222768011,0.3115453516325753,-0.0092438575768011,0.0092438575768011,0.0001662148877306,10.0
2326.695,0.3016786458,0.3111850933281191,0.3116498039731659,-0.0095064475281191,0.0095064475281191,0.0001660457534935,10.0
2327.177,0.3017775916,0.3112802601322039,0.3117527575015774,-0.0095026685322038,0.0095026685322038,0.0001658768717759,10.0
2327.659,0.3017764805,0.3113740201678866,0.3118542083329326,-0.0095975396678866,0.0095975396678866,0.0001657082421054,10.0
2328.141,0.3017341008,0.3114663709708727,0.311954152658992,-0.0097322701708726,0.0097322701708726,0.0001655398640101,10.0
2328.624,0.3017310027,0.3115574973350902,0.3120527893959558,-0.0098264946350902,0.0098264946350902,0.0001653713884691,10.0
2329.106,0.3018296224,0.3116470195709143,0.3121497064493282,-0.0098173971709143,0.0098173971709143,0.0001652035126332,10.0
2329.588,0.3019246106,0.3117351255169335,0.3122451060265053,-0.0098105149169335,0.0098105149169335,0.0001650358869631,10.0
2330.07,0.3018733944,0.3118218129357019,0.312338984627278,-0.0099484185357019,0.0099484185357019,0.0001648685109912,10.0
2330.552,0.3021429166,0.3119070796462654,0.3124313388287155,-0.0097641630462654,0.0097641630462654,0.000164701384251,10.0
2331.034,0.3022668932,0.3119909235240867,0.3125221652852833,-0.0097240303240867,0.0097240303240867,0.0001645345062774,10.0
2331.516,0.3023604322,0.3120733425009691,0.3126114607289558,-0.0097129103009691,0.0097129103009691,0.0001643678766058,10.0
2331.998,0.3025475152,0.3121543345649813,0.3126992219693253,-0.0096068193649813,0.0096068193649813,0.0001642014947729,10.0
2332.48,0.3025595371,0.312233897760381,0.3127854458937068,-0.009674360660381,0.009674360660381,0.0001640353603165,10.0
2332.963,0.3027942604,0.3123121907994451,0.3128703035560479,-0.0095179303994451,0.0095179303994451,0.0001638691288667,10.0
2333.445,0.3028898794,0.3123888876406757,0.3129534406168925,-0.0094990082406757,0.0094990082406757,0.0001637034882912,10.0
2333.927,0.3031142534,0.312464150078804,0.3130350314851364,-0.009349896678804,0.009349896678804,0.0001635380937106,10.0
2334.409,0.3030583024,0.3125379763822115,0.3131150733601238,-0.0094796739822115,0.0094796739822115,0.0001633729446665,10.0
2334.891,0.3031819796,0.3126103648750958,0.3131935635193903,-0.0094283852750958,0.0094283852750958,0.0001632080407018,10.0
2335.373,0.3033287652,0.3126813139373948,0.3132704993187443,-0.0093525487373948,0.0093525487373948,0.0001630433813603,10.0
2335.855,0.303156907,0.3127508220047147,0.3133458781923451,-0.0095939150047146,0.0095939150047146,0.0001628789661869,10.0
2336.337,0.3032120161,0.3128188875682546,0.3134196976527774,-0.0096068714682546,0.0096068714682546,0.0001627147947272,10.0
2336.82,0.3030588673,0.3128856458918674,0.3134921035780945,-0.0098267785918673,0.0098267785918673,0.0001625505266809,10.0
2337.302,0.3031575627,0.3129508191433793,0.3135627938164934,-0.0097932564433793,0.0097932564433793,0.0001623868417938,10.0
2337.784,0.3030064403,0.3130145456948147,0.3136319176461213,-0.0100081053948146,0.0100081053948146,0.0001622233992632,10.0
2338.266,0.3030589272,0.3130768242591341,0.3136994728940901,-0.0100178970591341,0.0100178970591341,0.0001620601986388,10.0
2338.748,0.3027598028,0.3131376536045293,0.3137654574662493,-0.0103778508045292,0.0103778508045292,0.0001618972394717,10.0
2339.23,0.3028481807,0.3131970325543515,0.3138298693472373,-0.0103488518543514,0.0103488518543514,0.0001617345213134,10.0
2339.712,0.3025673291,0.31325495998704,0.3138927066005272,-0.01068763088704,0.01068763088704,0.000161572043717,10.0
2340.194,0.3024928238,0.3133114348360521,0.3139539673684707,-0.0108186110360521,0.0108186110360521,0.0001614098062362,10.0
2340.677,0.3026987559,0.313366568730091,0.3140137720531666,-0.010667812830091,0.010667812830091,0.0001612474725795,10.0
2341.159,0.3025768381,0.3134201324131431,0.3140718713135333,-0.0108432943131431,0.0108432943131431,0.000161085714491,10.0
2341.641,0.3024084378,0.313472240640482,0.3141283889859708,-0.011063802840482,0.011063802840482,0.0001609241951846,10.0
2342.123,0.3024583429,0.313522892565051,0.3141833235288617,-0.011064549665051,0.011064549665051,0.0001607629142178,10.0
2342.605,0.3027906,0.3135720873944633,0.3142366734796229,-0.0107814873944632,0.0107814873944632,0.0001606018711495,10.0
2343.087,0.3029016861,0.3136198243909348,0.3142884374547273,-0.0107181382909348,0.0107181382909348,0.0001604410655392,10.0
2343.569,0.3030199675,0.3136661028712159,0.3143386141497184,-0.0106461353712159,0.0106461353712159,0.0001602804969477,10.0
2344.051,0.3031330827,0.3137109222065248,0.3143872023392229,-0.0105778395065248,0.0105778395065248,0.0001601201649365,10.0
2344.533,0.3031440102,0.3137542818224802,0.3144342008769583,-0.0106102716224802,0.0106102716224802,0.0001599600690683,10.0
2345.016,0.3034670444,0.3137962666089561,0.3144797012485846,-0.0103292222089561,0.0103292222089561,0.0001597998774911,10.0
2345.498,0.3035640015,0.313836702249378,0.3145235140570478,-0.0102727007493779,0.0102727007493779,0.000159640253088,10.0
2345.98,0.3036253023,0.3138756767722499,0.3145657342476614,-0.0102503744722499,0.0102503744722499,0.0001594808635203,10.0
2346.462,0.3038653561,0.3139131898202486,0.3146063609906752,-0.0100478337202486,0.0100478337202486,0.0001593217083546,10.0
2346.944,0.3039196346,0.313949241090126,0.3146453935354136,-0.010029606490126,0.010029606490126,0.0001591627871581,10.0
2347.426,0.3041962517,0.3139838303326435,0.3146828312102588,-0.0097875786326435,0.0097875786326435,0.0001590040994993,10.0
2347.908,0.3038224995,0.3140169573525113,0.3147186734226336,-0.0101944578525112,0.0101944578525112,0.0001588456449473,10.0
2348.39,0.3038993567,0.3140486220083229,0.3147529196589765,-0.0101492653083229,0.0101492653083229,0.0001586874230724,10.0
2348.873,0.3036187273,0.3140788853524247,0.3147856355632226,-0.0104601580524246,0.0104601580524246,0.0001585291059075,10.0
2349.354,0.3036761647,0.3141075639312091,0.3148166225442489,-0.010431399231209,0.010431399231209,0.0001583716756393,10.0
2349.837,0.3032751735,0.3141348962559647,0.3148461380126798,-0.0108597227559646,0.0108597227559646,0.0001582138226482,10.0
2350.319,0.3032150642,0.3141607080831345,0.3148739934746938,-0.0109456438831345,0.0109456438831345,0.0001580565276812,10.0
2350.801,0.3030178473,0.3141850576456546,0.3149002515768995,-0.0111672103456545,0.0111672103456545,0.0001578994632555,10.0
2351.283,0.3025928276,0.3142079451242516,0.3149249122793097,-0.0116151175242516,0.0116151175242516,0.000157742628947,10.0
2351.765,0.3025766735,0.314229370753113,0.3149479756206872,-0.011652697253113,0.011652697253113,0.0001575860243323,10.0
2352.247,0.302565899,0.3142493348198279,0.314969441718492,-0.0116834358198278,0.0116834358198278,0.0001574296489892,10.0
2352.729,0.3021957256,0.3142678376653299,0.3149893107688242,-0.0120721120653299,0.0120721120653299,0.0001572735024963,10.0
2353.211,0.3023640043,0.3142848796838386,0.315007583046362,-0.0119208753838386,0.0119208753838386,0.0001571175844331,10.0
2353.694,0.3021949423,0.3143004921321342,0.3150242918423274,-0.0121055498321342,0.0121055498321342,0.0001569615716084,10.0
2354.176,0.3023970914,0.3143146108639417,0.3150393684016258,-0.0119175194639417,0.0119175194639417,0.0001568061096186,10.0
2354.658,0.3023872088,0.3143272702717729,0.3150528494841125,-0.0119400614717729,0.0119400614717729,0.0001566508748018,10.0
2355.14,0.3022671721,0.3143384709625401,0.3150647356782584,-0.0120712988625401,0.0120712988625401,0.0001564958667411,10.0
2355.622,0.3023576263,0.3143482135961636,0.315075027650752,-0.0119905872961635,0.0119905872961635,0.0001563410850206,10.0
2356.104,0.3023447811,0.3143564988855158,0.3150837261464148,-0.0120117177855158,0.0120117177855158,0.0001561865292254,10.0
2356.586,0.302446796,0.314363327596369,0.3150908319881149,-0.0119165315963689,0.0119165315963689,0.0001560321989413,10.0
2357.068,0.3022773658,0.3143687005473407,0.3150963460766747,-0.0120913347473406,0.0120913347473406,0.0001558780937552,10.0
2357.551,0.3021710372,0.3143726252268829,0.3151002758775477,-0.0122015880268829,0.0122015880268829,0.000155723894234,10.0
2358.033,0.3017924152,0.3143750863095402,0.315102606176619,-0.0125826711095402,0.0125826711095402,0.0001555702384728,10.0
2358.515,0.3018708182,0.3143760944068017,0.3151033478942136,-0.0125052762068017,0.0125052762068017,0.0001554168065745,10.0
2358.997,0.3018698211,0.3143756505482566,0.3151025022421495,-0.0125058294482566,0.0125058294482566,0.0001552635981297,10.0
2359.479,0.3015785105,0.3143737558160799,0.3151000705096863,-0.0127952453160799,0.0127952453160799,0.0001551106127295,10.0
2359.961,0.3014397383,0.3143704113449843,0.3150960540634141,-0.0129306730449842,0.0129306730449842,0.0001549578499663,10.0
2360.443,0.3012722452,0.3143656183221689,0.3150904543471349,-0.0130933731221689,0.0130933731221689,0.0001548053094329,10.0
2360.925,0.3013501173,0.3143593779872713,0.315083272881743,-0.0130092606872713,0.0130092606872713,0.0001546529907235,10.0
2361.407,0.3015060288,0.3143516916323177,0.3150745112650987,-0.0128456628323176,0.0128456628323176,0.0001545008934329,10.0
2361.89,0.3017396828,0.3143425401568515,0.3150641480798071,-0.0126028573568514,0.0126028573568514,0.0001543487022902,10.0
2362.372,0.3014244387999999,0.3143319628543102,0.3150522279921241,-0.0129075240543102,0.0129075240543102,0.0001541970470825,10.0
2362.854,0.3015862018,0.3143199437247026,0.3150387330111455,-0.0127337419247026,0.0127337419247026,0.0001540456120825,10.0
2363.336,0.3017792126999999,0.3143064842692384,0.3150236650414399,-0.0125272715692384,0.0125272715692384,0.0001538943968886,10.0
2363.818,0.3020262404,0.3142915860412788,0.3150070260638655,-0.0122653456412788,0.0122653456412788,0.0001537434011,10.0
2364.3,0.3021736626,0.31427525064629,0.3149888181354233,-0.01210158804629,0.01210158804629,0.0001535926243169,10.0
2364.782,0.3021683804,0.3142574797417964,0.3149690433891071,-0.0120890993417964,0.0120890993417964,0.0001534420661402,10.0
2365.264,0.3022728473,0.314238275037337,0.31494770403375,-0.0119654277373369,0.0119654277373369,0.0001532917261717,10.0
2365.747,0.3025557553,0.314217593992249,0.3149247532176015,-0.011661838692249,0.011661838692249,0.0001531412927835,10.0
2366.229,0.3025239037,0.3141955240589509,0.3149002883392934,-0.0116716203589509,0.0116716203589509,0.000152991388491,10.0
2366.711,0.3027668293,0.314172025769858,0.3148742659370193,-0.0114051964698579,0.0114051964698579,0.0001528417012167,10.0
2367.193,0.3029000206,0.3141471010422224,0.3148466885215171,-0.0112470804422224,0.0112470804422224,0.0001526922305657,10.0
2367.675,0.3030345496,0.314120751845089,0.3148175586785415,-0.011086202245089,0.011086202245089,0.0001525429761441,10.0
2368.157,0.3029544083,0.3140929801992498,0.3147868790686892,-0.0111385718992498,0.0111385718992498,0.0001523939375591,10.0
2368.639,0.3030201999999999,0.3140637881772029,0.3147546524272209,-0.0110435881772029,0.0110435881772029,0.0001522451144183,10.0
2369.121,0.3032926522,0.3140331779031082,0.314720881563878,-0.0107405257031082,0.0107405257031082,0.0001520965063304,10.0
2369.604,0.3032957639,0.314001083637565,0.3146854945006938,-0.010705319737565,0.010705319737565,0.0001519478052578,10.0
2370.086,0.3032330103,0.3139676405073469,0.3146486407312883,-0.0107346302073469,0.0107346302073469,0.0001517996265495,10.0
2370.568,0.3034871862,0.3139327858118943,0.3146102516206159,-0.0104455996118943,0.0104455996118943,0.0001516516617244,10.0
2371.05,0.3034682881,0.3138965218817015,0.3145703302746061,-0.0104282337817014,0.0104282337817014,0.0001515039103947,10.0
2371.532,0.3037021982,0.3138588510987162,0.3145288798727067,-0.0101566528987162,0.0101566528987162,0.0001513563721731,10.0
2372.014,0.3035796129999999,0.3138197758962969,0.3144859036676803,-0.0102401628962969,0.0102401628962969,0.0001512090466735,10.0
2372.496,0.3034338194,0.3137792987591729,0.3144414049853996,-0.0103454793591728,0.0103454793591728,0.0001510619335104,10.0
2372.978,0.303631166,0.3137374222234026,0.3143953872246356,-0.0101062562234026,0.0101062562234026,0.0001509150322991,10.0
2373.46,0.3035640907999999,0.3136941488763337,0.3143478538568455,-0.0101300580763337,0.0101300580763337,0.000150768342656,10.0
2373.943,0.3036088935,0.3136493872379778,0.3142987051026613,-0.0100404937379778,0.0100404937379778,0.00015062156052,10.0
2374.425,0.3036626303,0.3136033253512437,0.314248148099099,-0.0099406950512436,0.0099406950512436,0.0001504752933019,10.0
2374.907,0.3036634259,0.3135558747283207,0.3141960863445419,-0.0098924488283206,0.0098924488283206,0.0001503292365048,10.0
2375.389,0.3035678959,0.3135070381614132,0.3141425235991398,-0.0099391422614132,0.0099391422614132,0.0001501833897481,10.0
2375.871,0.3036158518,0.3134568184938132,0.314087463694612,-0.0098409666938131,0.0098409666938131,0.0001500377526521,10.0
2376.353,0.3035069813,0.313405218619859,0.3140309105340126,-0.0098982373198589,0.0098982373198589,0.0001498923248381,10.0
2376.835,0.3036945578,0.3133522414848964,0.3139728680914948,-0.0096576836848963,0.0096576836848963,0.000149747105928,10.0
2377.317,0.3034850315,0.313297890085238,0.3139133404120698,-0.009812858585238,0.009812858585238,0.0001496020955446,10.0
2377.799,0.3035524384,0.313242167468124,0.3138523316113654,-0.009689729068124,0.009689729068124,0.0001494572933114,10.0
2378.281,0.3035659712,0.3131850767316813,0.3137898458753769,-0.0096191055316812,0.0096191055316812,0.0001493126988529,10.0
2378.764,0.3036087415,0.3131264983308132,0.3137257532385563,-0.0095177568308131,0.0095177568308131,0.0001491680124514,10.0
2379.246,0.3035263824999999,0.3130666780315539,0.31366032342838,-0.0095402955315539,0.0095402955315539,0.0001490238328478,10.0
2379.728,0.3033195879,0.313005499219066,0.3135934296697977,-0.009685911319066,0.009685911319066,0.0001488798598961,10.0
2380.21,0.3035139587,0.3129429651947294,0.3135250764278933,-0.0094290064947293,0.0094290064947293,0.0001487360932239,10.0
2380.692,0.3036050503,0.3128790793106099,0.3134552682368376,-0.0092740290106098,0.0092740290106098,0.0001485925324597,10.0
2381.174,0.3035406893,0.3128138449694196,0.3133840096996224,-0.0092731556694196,0.0092731556694196,0.0001484491772327,10.0
2381.656,0.3037229652,0.3127472656244754,0.3133113054877912,-0.0090243004244754,0.0090243004244754,0.0001483060271729,10.0
2382.138,0.3033363225,0.3126793447796581,0.3132371603411664,-0.0093430222796581,0.0093430222796581,0.0001481630819111,10.0
2382.621,0.3034184775,0.3126099409106383,0.3131614207704754,-0.0091914634106383,0.0091914634106383,0.0001480200451484,10.0
2383.103,0.3033052749,0.3125393450152113,0.3130844052811846,-0.0092340701152112,0.0092340701152112,0.0001478775088011,10.0
2383.585,0.3032361895,0.3124674184421647,0.3130059634938016,-0.0092312289421647,0.0092312289421647,0.0001477351761482,10.0
2384.067,0.3032625463,0.3123941648973288,0.3129261004186212,-0.0091316185973288,0.0091316185973288,0.0001475930468236,10.0
2384.549,0.3033161518,0.3123195881368908,0.3128448211328094,-0.0090034363368908,0.0090034363368908,0.0001474511204622,10.0
2385.031,0.3031466058,0.3122436919673512,0.3127621307801114,-0.0090970861673511,0.0090970861673511,0.0001473093966993,10.0
2385.513,0.3029618324,0.3121664802454826,0.312678034570559,-0.0092046478454825,0.0092046478454825,0.0001471678751713,10.0
2385.995,0.3030171869999999,0.312087956878286,0.3125925377801726,-0.009070769878286,0.009070769878286,0.0001470265555153,10.0
2386.478,0.303058923,0.3120079588417855,0.3125054640301355,-0.0089490358417855,0.0089490358417855,0.0001468851448021,10.0
2386.96,0.302980573,0.3119268214051013,0.3124171792907941,-0.0089462484051013,0.0089462484051013,0.0001467442282214,10.0
2387.442,0.3028450608,0.3118443843534967,0.3123275102030212,-0.0089993235534966,0.0089993235534966,0.0001466035124277,10.0
2387.924,0.3027233344,0.311760651794552,0.3122364623038984,-0.0090373173945519,0.0090373173945519,0.0001464629970614,10.0
2388.406,0.3025944687999999,0.3116756278858542,0.3121440411949662,-0.0090811590858542,0.0090811590858542,0.0001463226817632,10.0
2388.888,0.3025395054999999,0.3115893168349516,0.3120502525419091,-0.0090498113349516,0.0090498113349516,0.000146182566175,10.0
2389.37,0.3026364716999999,0.311501722899307,0.3119551020742376,-0.008865251199307,0.008865251199307,0.0001460426499392,10.0
2389.852,0.3027849953,0.3114128503862517,0.3118585955849688,-0.0086278550862516,0.0086278550862516,0.000145902932699,10.0
2390.334,0.3023255019,0.3113227036529367,0.3117607389303013,-0.0089972017529366,0.0089972017529366,0.0001457634140984,10.0
2390.817,0.3022153717999999,0.3112310961285175,0.3116613308250914,-0.0090157243285176,0.0090157243285176,0.0001456238049418,10.0
2391.299,0.302189158,0.3111384116046257,0.3115607888890965,-0.0089492536046256,0.0089492536046256,0.0001454846829658,10.0
2391.781,0.3021603873,0.3110444662397688,0.3114589147447192,-0.0088840789397687,0.0088840789397687,0.0001453457585651,10.0
2392.263,0.3022071216,0.3109492645899969,0.3113557144977247,-0.0087421429899969,0.0087421429899969,0.0001452070313869,10.0
2392.745,0.3019462502,0.3108528112609333,0.3112511943153996,-0.0089065610609333,0.0089065610609333,0.0001450685010789,10.0
2393.227,0.3018635099,0.3107551109077232,0.3111453604262117,-0.0088916010077231,0.0088916010077231,0.0001449301672896,10.0
2393.709,0.3019180486,0.3106561682349802,0.3110382191194667,-0.0087381196349802,0.0087381196349802,0.0001447920296683,10.0
2394.191,0.3020154612,0.3105559879967369,0.3109297767449641,-0.0085405267967368,0.0085405267967368,0.0001446540878649,10.0
2394.674,0.3016909622,0.3104543633178765,0.3108198107011402,-0.0087634011178765,0.0087634011178765,0.0001445160559525,10.0
2395.156,0.3016001521999999,0.3103517198656693,0.3107087828149195,-0.0087515676656693,0.0087515676656693,0.0001443785051425,10.0
2395.638,0.301431515,0.3102478534162322,0.3105964732834011,-0.0088163384162321,0.0088163384162321,0.0001442411491044,10.0
2396.12,0.3015807044,0.3101427689208158,0.3104828886949636,-0.0085620645208158,0.0085620645208158,0.0001441039874909,10.0
2396.602,0.3014882471,0.3100364713798093,0.3103680356967077,-0.0085482242798093,0.0085482242798093,0.0001439670199559,10.0
2397.084,0.3013039393,0.309928965842681,0.3102519209940951,-0.008625026542681,0.008625026542681,0.0001438302461538,10.0
2397.566,0.3011903434,0.3098202574079189,0.3101345513505836,-0.0086299140079189,0.0086299140079189,0.0001436936657397,10.0
2398.048,0.3010638779,0.3097103512229692,0.3100159335872589,-0.0086464733229691,0.0086464733229691,0.0001435572783696,10.0
2398.531,0.3008155048,0.3095990207528425,0.3098958246268685,-0.0087835159528425,0.0087835159528425,0.0001434208013387,10.0
2399.012,0.3008417658,0.3094869664367194,0.3097749812714429,-0.0086452006367194,0.0086452006367194,0.0001432850813886,10.0
2399.495,0.3006999557,0.3093732617386278,0.3096524055977901,-0.0086733060386277,0.0086733060386277,0.0001431489895285,10.0
2399.977,0.3005993068,0.3092586145687546,0.309528862181364,-0.0086593077687546,0.0086593077687546,0.0001430133713053,10.0
2400.459,0.3003997431,0.3091427961293514,0.309404105616765,-0.0087430530293514,0.0087430530293514,0.0001428779444158,10.0
2400.941,0.300528266,0.3090258118603849,0.3092781430631198,-0.0084975458603849,0.0084975458603849,0.0001427427085203,10.0
2401.423,0.3004350247,0.3089076672503251,0.3091509817345426,-0.0084726425503251,0.0084726425503251,0.0001426076632798,10.0
2401.905,0.3001167781,0.308788367836074,0.3090226288997491,-0.008671589736074,0.008671589736074,0.000142472808356,10.0
2402.387,0.3000958079999999,0.3086679192028967,0.3088930918816686,-0.0085721112028968,0.0085721112028968,0.0001423381434113,10.0
2402.869,0.3000395402,0.3085463269843461,0.30876237805705,-0.008506786784346,0.008506786784346,0.0001422036681087,10.0
2403.352,0.2998117905999999,0.3084233410565006,0.3086302200290888,-0.0086115504565006,0.0086115504565006,0.0001420691037071,10.0
2403.834,0.2998042208,0.3082994764177289,0.3084971725321997,-0.0084952556177289,0.0084952556177289,0.000141935007073,10.0
2404.316,0.2994495225,0.3081744853952672,0.3083629706936802,-0.0087249628952672,0.0087249628952672,0.0001418010990739,10.0
2404.798,0.2994704301,0.3080483738151695,0.3082276221017056,-0.0085779437151694,0.0085779437151694,0.000141667379376,10.0
2405.28,0.2995622194,0.3079211475513931,0.3080911343962776,-0.0083589281513931,0.0083589281513931,0.0001415338476459,10.0
2405.762,0.2993919797,0.307792812525719,0.3079535152688183,-0.008400832825719,0.008400832825719,0.000141400503551,10.0
2406.244,0.2990964473,0.3076633747076678,0.3078147724617635,-0.0085669274076677,0.0085669274076677,0.0001412673467593,10.0
2406.726,0.2990706178,0.3075328401144144,0.3076749137681506,-0.0084622223144144,0.0084622223144144,0.0001411343769396,10.0
2407.208,0.2991457394,0.3074012148107038,0.307533947031209,-0.0082554754107038,0.0082554754107038,0.0001410015937614,10.0
2407.691,0.2988371274,0.3072682284538427,0.3073915842612624,-0.0084311010538427,0.0084311010538427,0.000140868721991,10.0
2408.173,0.2988780018,0.3071344378822958,0.3072484229083357,-0.0082564360822957,0.0082564360822957,0.0001407363114925,10.0
2408.655,0.2988429933,0.3069995750919769,0.3071041773553852,-0.0081565817919769,0.0081565817919769,0.0001406040866473,10.0
2409.137,0.2987193598,0.3068636463371087,0.306958855642338,-0.0081442865371087,0.0081442865371087,0.0001404720471278,10.0
2409.619,0.2987678383,0.3067266579190247,0.3068124658572169,-0.0079588196190246,0.0079588196190246,0.0001403401926069,10.0
2410.101,0.2986154384,0.3065886161860747,0.3066650161357171,-0.0079731777860747,0.0079731777860747,0.0001402085227581,10.0
2410.583,0.2982225602,0.3064495275335245,0.3065165146607783,-0.0082269673335245,0.0082269673335245,0.0001400770372559,10.0
2411.065,0.298214687,0.3063093984034566,0.3063669696621561,-0.0080947114034566,0.0080947114034566,0.0001399457357752,10.0
2411.548,0.2981975739,0.3061679413448245,0.3062160759384705,-0.0079703674448245,0.0079703674448245,0.0001398143461537,10.0
2412.03,0.2978797193999999,0.3060257486478999,0.3060644666449872,-0.0081460292478999,0.0081460292478999,0.0001396834121238,10.0
2412.512,0.2977353943,0.3058825350932733,0.305911838811071,-0.0081471407932733,0.0081471407932733,0.0001395526611438,10.0
2412.994,0.297733287,0.3057383073093443,0.305758200849505,-0.0080050203093443,0.0080050203093443,0.0001394220928915,10.0
2413.476,0.2975531915,0.3055930719707981,0.3056035612177135,-0.0080398804707981,0.0080398804707981,0.0001392917070451,10.0
2413.958,0.2972046612,0.3054468357984908,0.3054479284173207,-0.0082421745984908,0.0082421745984908,0.0001391615032839,10.0
2414.44,0.2972098465,0.3052996055593354,0.3052913109937079,-0.0080897590593354,0.0080897590593354,0.0001390314812874,10.0
2414.922,0.2971401345,0.3051513880661863,0.3051337175355714,-0.0080112535661863,0.0080112535661863,0.0001389016407363,10.0
2415.405,0.2969908523,0.3050018796241943,0.3049748267104287,-0.0080110273241943,0.0080110273241943,0.0001387717124965,10.0
2415.887,0.2968660428999999,0.3048517062323,0.3048153051403327,-0.0079856633323001,0.0079856633323001,0.0001386422342545,10.0
2416.369,0.2966076097,0.3047005663138797,0.3046548335753353,-0.0080929566138797,0.0080929566138797,0.0001385129365024,10.0
2416.851,0.2965016094,0.3045484668644298,0.3044934207729922,-0.0080468574644298,0.0080468574644298,0.0001383838189232,10.0
2417.333,0.2964276097,0.3043954149247695,0.3043310755319233,-0.0079678052247694,0.0079678052247694,0.0001382548812007,10.0
2417.815,0.2963767897,0.3042414175809105,0.304167806691359,-0.0078646278809105,0.0078646278809105,0.0001381261230192,10.0
2418.297,0.2963191948,0.3040864819639229,0.3040036231306812,-0.0077672871639229,0.0077672871639229,0.0001379975440639,10.0
2418.779,0.2960907053,0.3039306152498003,0.3038385337689666,-0.0078399099498003,0.0078399099498003,0.0001378691440205,10.0
2419.261,0.295999738,0.3037738246593243,0.3036725475645281,-0.0077740866593243,0.0077740866593243,0.0001377409225753,10.0
2419.744,0.2957829263,0.3036157893168063,0.3035053263860775,-0.0078328630168063,0.0078328630168063,0.0001376126139509,10.0
2420.226,0.2956983983,0.3034571709355177,0.3033375717119183,-0.0077587726355177,0.0077587726355177,0.000137484749133,10.0
2420.708,0.2955396952,0.3032976506228235,0.3031689473196223,-0.0077579554228235,0.0077579554228235,0.0001373570619757,10.0
2421.19,0.2954096747999999,0.303137235777312,0.3029994623198875,-0.007727560977312,0.007727560977312,0.0001372295521682,10.0
2421.672,0.2951704179,0.3029759338416322,0.3028291258603244,-0.0078055159416322,0.0078055159416322,0.0001371022193999,10.0
2422.154,0.2951198632,0.302813752302339,0.3026579471249854,-0.0076938891023389,0.0076938891023389,0.0001369750633614,10.0
2422.636,0.2950927868,0.302650698689737,0.3024859353338943,-0.007557911889737,0.007557911889737,0.0001368480837434,10.0
2423.118,0.294973565,0.302486780577723,0.3023130997425746,-0.0075132155777229,0.0075132155777229,0.0001367212802375,10.0
2423.601,0.2948045696,0.3023216628413711,0.3021390885314403,-0.007517093241371,0.007517093241371,0.0001365943900055,10.0
2424.083,0.2948049189,0.3021560368719039,0.3019646315850736,-0.0073511179719039,0.0073511179719039,0.0001364679381651,10.0
2424.565,0.2945372133,0.3019895694006662,0.3017893788327577,-0.0074523561006661,0.0074523561006661,0.0001363416615148,10.0
2425.047,0.2944507377,0.3018222681743689,0.3016133396673347,-0.0073715304743689,0.0073715304743689,0.0001362155597488,10.0
2425.529,0.2942867068,0.3016541409824809,0.3014365235147655,-0.0073674341824809,0.0073674341824809,0.0001360896325618,10.0
2426.011,0.2942484184,0.3014851956570518,0.3012589398336479,-0.0072367772570517,0.0072367772570517,0.0001359638796493,10.0
2426.493,0.2942047454,0.3013154400725333,0.3010805981147356,-0.0071106946725332,0.0071106946725332,0.0001358383007073,10.0
2426.975,0.2938295225,0.3011448821455998,0.3009015078804563,-0.0073153596455998,0.0073153596455998,0.0001357128954326,10.0
2427.458,0.2936938496,0.3009731735120254,0.3007213048333024,-0.0072793239120254,0.0072793239120254,0.0001355874038851,10.0
2427.939,0.2936274558,0.3008013911411775,0.300541120110965,-0.0071739353411775,0.0071739353411775,0.0001354626046746,10.0
2428.422,0.2935974396,0.3006281145539513,0.3003594649369736,-0.0070306749539513,0.0070306749539513,0.0001353374596675,10.0
2428.904,0.2935211017,0.3004544256723884,0.3001774750187705,-0.0069333239723884,0.0069333239723884,0.0001352127463985,10.0
2429.386,0.2931744978,0.3002799746754362,0.2999947846755556,-0.0071054768754362,0.0071054768754362,0.000135088205289,10.0
2429.868,0.29303402,0.3001047697292012,0.2998114036096513,-0.0070707497292011,0.0070707497292011,0.0001349638360393,10.0
2430.35,0.2930006898,0.2999288190406556,0.2996273415516404,-0.0069281292406556,0.0069281292406556,0.0001348396383506,10.0
2430.832,0.2928242575,0.2997521308574302,0.2994426082598739,-0.0069278733574301,0.0069278733574301,0.0001347156119245,10.0
2431.314,0.2927603177,0.2995747134676049,0.2992572135199779,-0.0068143957676048,0.0068143957676048,0.0001345917564634,10.0
2431.796,0.2924135492,0.299396575199497,0.2990711671443612,-0.0069830259994969,0.0069830259994969,0.0001344680716702,10.0
2432.279,0.2924773941999999,0.2992173526269128,0.2988840909915512,-0.0067399584269128,0.0067399584269128,0.0001343443011713,10.0
2432.761,0.2923103405,0.2990377962950287,0.2986967695855766,-0.0067274557950286,0.0067274557950286,0.0001342209571775,10.0
2433.243,0.2923194134,0.2988575443266228,0.2985088261573865,-0.0065381309266228,0.0065381309266228,0.0001340977829635,10.0
2433.725,0.2919758403,0.2986766052088456,0.2983202706216074,-0.0067007649088456,0.0067007649088456,0.0001339747782346,10.0
2434.207,0.2917999753,0.2984949874679709,0.2981311129171645,-0.0066950121679708,0.0066950121679708,0.0001338519426968,10.0
2434.689,0.2916484346,0.2983126996691608,0.2979413630067786,-0.0066642650691608,0.0066642650691608,0.0001337292760566,10.0
2435.171,0.2915797609,0.2981297504162313,0.2977510308764694,-0.0065499895162313,0.0065499895162313,0.0001336067780213,10.0
2435.653,0.2912677524,0.2979461483514105,0.2975601265350509,-0.0066783959514105,0.0066783959514105,0.0001334844482987,10.0
2436.135,0.2912423669,0.2977619021550965,0.2973686600136321,-0.0065195352550965,0.0065195352550965,0.0001333622865973,10.0
2436.618,0.2912125635,0.2975766363193641,0.2971762424192258,-0.0063640728193641,0.0063640728193641,0.0001332400397005,10.0
2437.1,0.2908099761,0.2973911267617072,0.2969836806036917,-0.0065811506617071,0.0065811506617071,0.0001331182135159,10.0
2437.582,0.2908034357,0.2972049993585638,0.2967905868511845,-0.0064015636585638,0.0064015636585638,0.0001329965544807,10.0
2438.064,0.2907561181,0.2970182629405807,0.2965969712769968,-0.0062621448405807,0.0062621448405807,0.0001328750623057,10.0
2438.546,0.2901733872,0.2968309263753054,0.2964028440161957,-0.0066575391753054,0.0066575391753054,0.0001327537367022,10.0
2439.028,0.2902971079,0.2966429985669164,0.2962082152231136,-0.0063458906669164,0.0063458906669164,0.0001326325773823,10.0
2439.51,0.290031094,0.2964544884559574,0.2960130950708427,-0.0064233944559574,0.0064233944559574,0.0001325115840585,10.0
2439.992,0.2899733442,0.2962654050190648,0.2958174937507291,-0.0062920608190647,0.0062920608190647,0.0001323907564441,10.0
2440.475,0.2898029963999999,0.2960753632282956,0.2956210142004334,-0.0062723668282956,0.0062723668282956,0.0001322698440882,10.0
2440.957,0.2895804703,0.2958851590698543,0.2954244802439066,-0.0063046887698543,0.0063046887698543,0.0001321493473768,10.0
2441.439,0.2896174147,0.2956944087480399,0.2952274958192753,-0.0060769940480399,0.0060769940480399,0.0001320290155173,10.0
2441.921,0.2894071988,0.2955031213811314,0.2950300711858459,-0.0060959225811314,0.0060959225811314,0.0001319088482252,10.0
2442.403,0.2891956058,0.2953113061220786,0.2948322166186302,-0.0061157003220786,0.0061157003220786,0.0001317888452168,10.0
2442.885,0.2888403473,0.2951189721582095,0.2946339424078373,-0.0062786248582094,0.0062786248582094,0.0001316690062086,10.0
2443.367,0.2888358975,0.294926128710932,0.2944352588583635,-0.0060902312109319,0.0060902312109319,0.000131549330918,10.0
2443.849,0.288697239,0.294732785035429,0.2942361762892787,-0.0060355460354289,0.0060355460354289,0.0001314298190629,10.0
2444.332,0.2885644652,0.2945385477699796,0.2940362907956733,-0.0059740825699796,0.0059740825699796,0.0001313102229198,10.0
2444.814,0.2885683895,0.2943442305476473,0.293836440424544,-0.0057758410476473,0.0057758410476473,0.0001311910374292,10.0
2445.296,0.2884821376,0.29414944108165,0.2936362220924524,-0.0056673034816499,0.0056673034816499,0.0001310720145307,10.0
2445.778,0.2882590354,0.2939541887592347,0.293435646170075,-0.0056951533592347,0.0056951533592347,0.0001309531539444,10.0
2446.26,0.2880654718,0.2937584829998516,0.2932347230397031,-0.0056930111998516,0.0056930111998516,0.0001308344553911,10.0
2446.742,0.2879736414,0.2935623332548261,0.2930334630947268,-0.0055886918548261,0.0055886918548261,0.0001307159185921,10.0
2447.224,0.2879588755,0.2933657490070291,0.2928318767391248,-0.0054068735070291,0.0054068735070291,0.0001305975432694,10.0
2447.706,0.2876829561,0.2931687397705412,0.2926299743869482,-0.0054857836705412,0.0054857836705412,0.0001304793291454,10.0
2448.188,0.2873886296,0.2929713150903172,0.2924277664618109,-0.0055826854903172,0.0055826854903172,0.0001303612759432,10.0
2448.671,0.2875114614,0.2927730736897769,0.2922248429659744,-0.0052616122897768,0.0052616122897768,0.0001302431389628,10.0
2449.153,0.2872757168,0.2925748460665958,0.2920220546216217,-0.0052991292665957,0.0052991292665957,0.000130125407108,10.0
2449.635,0.2873389872,0.2923762318363471,0.2918189920490568,-0.005037244636347,0.005037244636347,0.000130007835347,10.0
2450.117,0.2869432485,0.2921772406640676,0.2916156657050118,-0.0052339921640675,0.0052339921640675,0.0001298904234051,10.0
2450.599,0.2867828619999999,0.2919778822439118,0.2914120860532082,-0.0051950202439118,0.0051950202439118,0.0001297731710082,10.0
2451.081,0.2865371175,0.2917781662987891,0.2912082635638439,-0.0052410487987891,0.0052410487987891,0.0001296560778827,10.0
2451.563,0.2863353759,0.2915781025799971,0.2910042087130791,-0.0052427266799971,0.0052427266799971,0.0001295391437556,10.0
2452.045,0.28622035,0.2913777008668493,0.2907999319825212,-0.0051573508668493,0.0051573508668493,0.0001294223683545,10.0
2452.528,0.2861082514,0.2911765541798932,0.2905950193970287,-0.0050683027798931,0.0050683027798931,0.0001293055096281,10.0
2453.01,0.2857445,0.2909755052759191,0.2903903299650321,-0.005231005275919,0.005231005275919,0.0001291890511918,10.0
2453.492,0.2854287909,0.2907741479003426,0.2901854501473953,-0.0053453570003426,0.0053453570003426,0.0001290727506668,10.0
2453.974,0.2856255019,0.2905724919408049,0.2899803904423883,-0.0049469900408048,0.0049469900408048,0.0001289566077831,10.0
2454.456,0.2852613839,0.2903705473110428,0.2897751613511584,-0.0051091634110428,0.0051091634110428,0.0001288406222709,10.0
2454.938,0.2852617466,0.2901683239504958,0.2895697733772195,-0.0049065773504958,0.0049065773504958,0.0001287247938611,10.0
2455.42,0.2849972961,0.2899658318239044,0.2893642370259372,-0.0049685357239044,0.0049685357239044,0.0001286091222852,10.0
2455.902,0.2849259127,0.2897630809209059,0.2891585628040173,-0.0048371682209059,0.0048371682209059,0.0001284936072751,10.0
2456.385,0.2848154935999999,0.2895596598428668,0.2889523341196456,-0.0047441662428668,0.0047441662428668,0.0001283780093922,10.0
2456.867,0.2846718032,0.2893564209686787,0.2887464154478468,-0.0046846177686787,0.0046846177686787,0.0001282628070354,10.0
2457.349,0.2845658278,0.2891529534531682,0.2885403904502392,-0.0045871256531682,0.0045871256531682,0.000128147760443,10.0
2457.831,0.2845201199,0.2889492673814796,0.2883342696337625,-0.0044291474814796,0.0044291474814796,0.0001280328693493,10.0
2458.313,0.2843581739,0.2887453728615677,0.2881280635041335,-0.0043871989615677,0.0043871989615677,0.0001279181334889,10.0
2458.795,0.2840159949,0.2885412800237683,0.2879217825653379,-0.0045252851237683,0.0045252851237683,0.0001278035525971,10.0
2459.277,0.2839953848,0.2883369990203656,0.2877154373191186,-0.0043416142203655,0.0043416142203655,0.0001276891264097,10.0
2459.759,0.283742182,0.2881325400251527,0.2875090382644654,-0.0043903580251527,0.0043903580251527,0.000127574854663,10.0
2460.241,0.2837086766,0.2879279132329905,0.287302595897105,-0.0042192366329905,0.0042192366329905,0.0001274607370938,10.0
2460.724,0.2834852573999999,0.2877227038388073,0.2870956923103934,-0.0042374464388073,0.0042374464388073,0.0001273465371602,10.0
2461.206,0.2834071862,0.2875177718243207,0.2868891947537704,-0.0041105856243207,0.0041105856243207,0.0001272327274773,10.0
2461.688,0.2832410678,0.2873127027406855,0.2866826853687015,-0.0040716349406854,0.0040716349406854,0.0001271190711852,10.0
2462.17,0.2830864156,0.2871075068625673,0.2864761746327652,-0.0040210912625673,0.0040210912625673,0.0001270055680228,10.0
2462.652,0.2829915858,0.2869021944834257,0.2862696730177366,-0.0039106086834257,0.0039106086834257,0.0001268922177297,10.0
2463.134,0.2827191878,0.2866967759150458,0.2860631909890793,-0.0039775881150458,0.0039775881150458,0.0001267790200459,10.0
2463.616,0.2823899137,0.2864912614870677,0.2858567390054398,-0.0041013477870677,0.0041013477870677,0.000126665974712,10.0
2464.098,0.2824010524999999,0.286285661546512,0.2856503275181445,-0.003884609046512,0.003884609046512,0.000126553081469,10.0
2464.581,0.2823274873,0.2860795596745763,0.2854435388969681,-0.0037520723745763,0.0037520723745763,0.000126440106313,10.0
2465.062,0.2821200561999999,0.2858742465997635,0.2852376677982505,-0.0037541903997636,0.0037541903997636,0.0001263277502232,10.0
2465.545,0.2818880531,0.2856680253618914,0.2850310126514055,-0.0037799722618914,0.0037799722618914,0.0001262150785872,10.0
2466.027,0.2817353221999999,0.2854621870915766,0.2848248676800569,-0.0037268648915766,0.0037268648915766,0.0001261027914429,10.0
2466.509,0.281602316,0.2852563153091995,0.2846188153557987,-0.0036539993091994,0.0036539993091994,0.0001259906551023,10.0
2466.991,0.2815049934,0.2850504204558736,0.2844128660754327,-0.0035454270558735,0.0035454270558735,0.0001258786693098,10.0
2467.473,0.2812981215,0.2848445129866492,0.2842070302249219,-0.0035463914866492,0.0035463914866492,0.0001257668338101,10.0
2467.955,0.2809950284,0.2846386033700039,0.2840013181788899,-0.0036435749700038,0.0036435749700038,0.0001256551483484,10.0
2468.438,0.2811418752,0.2844322749221891,0.2837953139366519,-0.003290399722189,0.003290399722189,0.0001255433814243,10.0
2468.919,0.2807043333,0.2842268196324289,0.2835903069390794,-0.0035224863324289,0.0035224863324289,0.0001254322265229,10.0
2469.402,0.2803585427,0.2840205394675877,0.2833846027124953,-0.0036619967675877,0.0036619967675877,0.0001253207590253,10.0
2469.884,0.2803315382,0.283814726290215,0.2831794897398471,-0.0034831880902149,0.0034831880902149,0.0001252096714878,10.0
2470.366,0.2801531231,0.2836089635130248,0.2829745522786862,-0.0034558404130247,0.0034558404130247,0.0001250987327218,10.0
2470.848,0.2800981897,0.2834032616741917,0.2827698006251403,-0.0033050719741917,0.0033050719741917,0.0001249879424758,10.0
2471.33,0.2800176752,0.2831976313216519,0.2825652450605312,-0.0031799561216518,0.0031799561216518,0.0001248773004986,10.0
2471.812,0.2797716483,0.2829920830125578,0.2823608958508764,-0.0032204347125578,0.0032204347125578,0.0001247668065395,10.0
2472.294,0.279535793,0.282786627312741,0.2821567632464045,-0.0032508343127409,0.0032508343127409,0.0001246564603484,10.0
2472.776,0.2794964072999999,0.2825812747961603,0.2819528574810618,-0.0030848674961603,0.0030848674961603,0.0001245462616756,10.0
2473.259,0.2791244349,0.2823756103634177,0.2817487664763364,-0.0032511754634177,0.0032511754634177,0.0001244359821026,10.0
2473.741,0.2790098547,0.2821704962339525,0.2815453455471002,-0.0031606415339525,0.0031606415339525,0.0001243260780245,10.0
2474.223,0.2789334302,0.2819655170748348,0.281342182077375,-0.0030320868748348,0.0030320868748348,0.0001242163207184,10.0
2474.705,0.2788134986,0.2817606834870048,0.281139286231073,-0.0029471848870048,0.0029471848870048,0.0001241067099366,10.0
2475.187,0.2786158657,0.2815560060767361,0.2809366681533903,-0.0029401403767361,0.0029401403767361,0.000123997245432,10.0
2475.669,0.278590296,0.2813514954550688,0.2807343379703291,-0.0027611994550688,0.0027611994550688,0.0001238879269581,10.0
2476.151,0.278377347,0.2811471622372351,0.2805323057882133,-0.0027698152372351,0.0027698152372351,0.0001237787542686,10.0
2476.633,0.2781753668,0.2809430170420829,0.2803305816932089,-0.0027676502420829,0.0027676502420829,0.0001236697271179,10.0
2477.115,0.278237317,0.2807390704914942,0.2801291757508444,-0.0025017534914942,0.0025017534914942,0.000123560845261,10.0
2477.598,0.2779746746,0.2805349107432526,0.2799276811799054,-0.0025602361432525,0.0025602361432525,0.0001234518830087,10.0
2478.08,0.2778476089,0.2803313938239167,0.2797269423665774,-0.0024837849239167,0.0024837849239167,0.0001233432913058,10.0
2478.562,0.2776801081,0.2801281074491953,0.2795265517946088,-0.0024479993491953,0.0024479993491953,0.0001232348441637,10.0
2479.044,0.277401887,0.2799250622472378,0.2793265194421692,-0.0025231752472377,0.0025231752472377,0.0001231265413391,10.0
2479.526,0.2774205292,0.279722268846273,0.2791268552644145,-0.002301739646273,0.002301739646273,0.0001230183825894,10.0
2480.008,0.2773666351,0.2795197378740098,0.2789275691930174,-0.0021531027740098,0.0021531027740098,0.0001229103676723,10.0
2480.49,0.2772368319,0.2793174799570297,0.2787286711356949,-0.0020806480570297,0.0020806480570297,0.0001228024963462,10.0
2480.972,0.2770265329,0.2791155057201826,0.2785301709757434,-0.0020889728201826,0.0020889728201826,0.0001226947683698,10.0
2481.455,0.2768763203,0.2789134076761681,0.2783316680221653,-0.0020370873761681,0.0020370873761681,0.0001225869604459,10.0
2481.937,0.2766646048,0.2787120333078008,0.2781339940833941,-0.0020474285078008,0.0020474285078008,0.0001224795187433,10.0
2482.419,0.2767324168,0.2785109744996138,0.2779367475610105,-0.0017785576996138,0.0017785576996138,0.0001223722196692,10.0
2482.901,0.2765457929,0.2783102418633758,0.2777399382359158,-0.0017644489633757,0.0017644489633757,0.0001222650629843,10.0
2483.383,0.2764338907999999,0.2781098460060369,0.2775435758622704,-0.0016759552060369,0.0016759552060369,0.0001221580484496,10.0
2483.865,0.2760791492,0.2779097975291013,0.2773476701670341,-0.0018306483291013,0.0018306483291013,0.000122051175827,10.0
2484.347,0.2760426159,0.2777101070279992,0.2771522308495093,-0.0016674911279992,0.0016674911279992,0.0001219444448784,10.0
2484.829,0.2758187375,0.2775107850914542,0.2769572675808852,-0.0016920475914541,0.0016920475914541,0.0001218378553666,10.0
2485.312,0.2756417043,0.2773114299579279,0.2767623870348824,-0.0016697256579278,0.0016697256579278,0.0001217311863541,10.0
2485.794,0.2754385955,0.2771128777061983,0.2765684058004817,-0.0016742822061983,0.0016742822061983,0.0001216248792977,10.0
2486.276,0.275628486,0.2769147257605068,0.2763749294751889,-0.0012862397605067,0.0012862397605067,0.0001215187129682,10.0
2486.758,0.2751603448999999,0.2767169846763562,0.2761819676131514,-0.0015566397763562,0.0015566397763562,0.0001214126871302,10.0
2487.24,0.2752882741,0.2765196649993413,0.2759895297381496,-0.0012313908993412,0.0012313908993412,0.0001213068015485,10.0
2487.722,0.2748823523,0.2763227772644984,0.275797625343148,-0.0014404249644983,0.0014404249644983,0.0001212010559888,10.0
2488.204,0.2749061783,0.2761263319956579,0.2756062638898552,-0.0012201536956579,0.0012201536956579,0.0001210954502168,10.0
2488.686,0.2748136872,0.2759303397047866,0.2754154548082771,-0.0011166525047865,0.0011166525047865,0.0001209899839989,10.0
2489.168,0.2747319748,0.2757348108913375,0.2752252074962816,-0.0010028360913375,0.0010028360913375,0.0001208846571021,10.0
2489.651,0.274512436,0.2755393518634267,0.2750351384002883,-0.0010269158634266,0.0010269158634266,0.0001207792512061,10.0
2490.133,0.2744256315,0.2753447824657477,0.2748460439042696,-0.0009191509657477,0.0009191509657477,0.0001206742025416,10.0
2490.615,0.2741540176,0.2751507079838369,0.2746575391934701,-0.0009966903838368,0.0009966903838368,0.0001205692925009,10.0
2491.097,0.2739618978,0.2749571388604447,0.2744696335327561,-0.0009952410604446,0.0009952410604446,0.0001204645208528,10.0
2491.579,0.2740606307,0.2747640855224937,0.274282336152679,-0.0007034548224937,0.0007034548224937,0.0001203598873665,10.0
2492.061,0.2740427699,0.2745715583804063,0.2740956562490449,-0.0005287884804063,0.0005287884804063,0.0001202553918115,10.0
2492.543,0.2737229577,0.2743795678274358,0.2739096029824874,-0.0006566101274357,0.0006566101274357,0.0001201510339579,10.0
2493.025,0.2735472283,0.2741881242389933,0.2737241854780432,-0.0006408959389933,0.0006408959389933,0.0001200468135764,10.0
2493.508,0.2733027675,0.2739968425288828,0.2735390301555819,-0.0006940750288828,0.0006940750288828,0.0001199425146403,10.0
2493.99,0.2733523385999999,0.273806525109437,0.2733549127720027,-0.000454186509437,0.000454186509437,0.0001198385688002,10.0
2494.472,0.2731400734,0.2736167856883324,0.2731714583265062,-0.0004767122883324,0.0004767122883324,0.0001197347597461,10.0
2494.954,0.2729753088,0.2734276345628066,0.2729886757974495,-0.0004523257628066,0.0004523257628066,0.0001196310872501,10.0
2495.436,0.2727595354,0.2732390820088634,0.272806574125494,-0.0004795466088634,0.0004795466088634,0.0001195275510853,10.0
2495.918,0.2728867058,0.2730511382805918,0.272625162213195,-0.0001644324805917,0.0001644324805917,0.0001194241510248,10.0
2496.4,0.2725507843999999,0.2728638136094798,0.2724444489245879,-0.0003130292094798,0.0003130292094798,0.0001193208868424,10.0
2496.882,0.2723586829,0.2726771182037301,0.2722644430847799,-0.0003184353037301,0.0003184353037301,0.0001192177583122,10.0
2497.365,0.2722582867999999,0.2724906769111229,0.272084782260007,-0.0002323901111229,0.0002323901111229,0.0001191145516708,10.0
2497.846,0.2722844602,0.2723056559005781,0.2719065888549165,-2.119570057812492e-05,2.119570057812492e-05,0.0001190119073074,10.0
2498.329,0.2720872195,0.2721205266980747,0.2717283897416148,-3.3307198074705724e-05,3.3307198074705724e-05,0.0001189089714054,10.0
2498.811,0.2719164775,0.2719364513462476,0.2715513027044629,-1.9973846247578475e-05,1.9973846247578475e-05,0.0001188063835141,10.0
2499.293,0.2717797816,0.2717530559483199,0.2713749666614201,2.672565168004848e-05,2.672565168004848e-05,0.0001187039301521,10.0
2499.775,0.2717240414,0.2715703505582594,0.2711993901954737,0.0001536908417406,0.0001536908417406,0.0001186016110963,10.0
2500.257,0.2717811223,0.2713883452019149,0.2710245818478795,0.000392777098085,0.000392777098085,0.0001184994261239,10.0
2500.739,0.2716548703999999,0.2712070498763258,0.2708505501177727,0.0004478205236741,0.0004478205236741,0.0001183973750127,10.0
2501.221,0.2713160537,0.271026474549023,0.2706773034617756,0.0002895791509769,0.0002895791509769,0.0001182954575408,10.0
2501.703,0.2712900655,0.2708466291573371,0.2705048502936126,0.0004434363426628,0.0004434363426628,0.0001181936734869,10.0
2502.186,0.2709674032,0.2706671527953429,0.2703328436999886,0.000300250404657,0.000300250404657,0.0001180918118744,10.0
2502.668,0.2708190756999999,0.2704887985282687,0.2701620042646603,0.0003302771717312,0.0003302771717312,0.0001179902942696,10.0
2503.15,0.2707083299,0.2703112038410206,0.2699919833142522,0.0003971260589794,0.0003971260589794,0.0001178889094207,10.0
2503.632,0.2706532393,0.2701343785430933,0.2698227890869802,0.0005188607569067,0.0005188607569067,0.0001177876571082,10.0
2504.114,0.2705228672,0.2699583324102964,0.2696544297762607,0.0005645347897035,0.0005645347897035,0.0001176865371127,10.0
2504.596,0.2703795342,0.2697830751840581,0.2694869135303388,0.0005964590159419,0.0005964590159419,0.0001175855492156,10.0
2505.078,0.2701316596999999,0.2696086165707261,0.2693202484519168,0.0005230431292738,0.0005230431292738,0.0001174846931984,10.0
2505.56,0.2699878921999999,0.2694349662408731,0.2691544425977868,0.0005529259591268,0.0005529259591268,0.0001173839688433,10.0
2506.042,0.2699933392999999,0.2692621338285972,0.2689895039784653,0.0007312054714027,0.0007312054714027,0.0001172833759327,10.0
2506.525,0.2699558298,0.26908977294103,0.2688251010925555,0.0008660568589699,0.0008660568589699,0.0001171827059592,10.0
2507.007,0.2697677626999999,0.2689186068634065,0.2686619226278707,0.0008491558365934,0.0008491558365934,0.0001170823755587,10.0
2507.489,0.2697565880999999,0.2687482873995623,0.2684996351645461,0.0010083007004376,0.0010083007004376,0.0001169821759524,10.0
2507.971,0.2694965736,0.2685788240306572,0.2683382465242893,0.0009177495693428,0.0009177495693428,0.0001168821069245,10.0
2508.453,0.2693261407,0.2684102261978948,0.2681777644807387,0.0009159145021052,0.0009159145021052,0.0001167821682598,10.0
2508.935,0.2695011654,0.2682425033018305,0.2680181967591153,0.0012586620981694,0.0012586620981694,0.0001166823597433,10.0
2509.417,0.2695929358,0.2680756647016764,0.2678595510358739,0.0015172710983235,0.0015172710983235,0.0001165826811605,10.0
2509.899,0.2693498263,0.267909719714609,0.2677018349383566,0.001440106585391,0.001440106585391,0.0001164831322973,10.0
2510.382,0.2693440903,0.2677443361490411,0.2675447317564866,0.0015997541509588,0.0015997541509588,0.0001163835068103,10.0
2510.864,0.2691401718,0.267580208070001,0.2673888995620993,0.0015599637299989,0.0015599637299989,0.0001162842170139,10.0
2511.346,0.2690650173,0.2674170013154608,0.2672340195928363,0.0016480159845391,0.0016480159845391,0.000116185056297,10.0
2511.828,0.2690165118,0.2672547250274507,0.2670800992760836,0.0017617867725492,0.0017617867725492,0.0001160860244471,10.0
2512.31,0.268899277,0.2670933883025148,0.2669271459884244,0.0018058886974851,0.0018058886974851,0.0001159871212524,10.0
2512.792,0.2686735173,0.2669330001910249,0.2667751670553107,0.001740517108975,0.001740517108975,0.0001158883465012,10.0
2513.274,0.2687302688999999,0.2667735696964961,0.2666241697507361,0.0019566992035038,0.0019566992035038,0.0001157896999825,10.0
2513.756,0.2685116337,0.2666151057749034,0.2664741612969105,0.0018965279250965,0.0018965279250965,0.0001156911814854,10.0
2514.239,0.2686662541,0.2664572916146591,0.2663248407498199,0.0022089624853408,0.0022089624853408,0.0001155925868024,10.0
2514.721,0.2684249339,0.2663007895646712,0.2661768335439439,0.0021241443353288,0.0021241443353288,0.0001154943239827,10.0
2515.203,0.2682807177,0.2661452806817241,0.2660298365561435,0.0021354370182758,0.0021354370182758,0.0001153961885546,10.0
2515.685,0.2681202143,0.2659907737247308,0.2658838567981918,0.0021294405752692,0.0021294405752692,0.0001152981803089,10.0
2516.167,0.2680699269,0.2658372774016754,0.2657389012284975,0.0022326494983245,0.0022326494983245,0.000115200299037,10.0
2516.649,0.267820234,0.2656848003689387,0.2655949767517929,0.0021354336310612,0.0021354336310612,0.0001151025445306,10.0
2517.131,0.2679002463,0.2655333512306302,0.2654520902188314,0.0023668950693698,0.0023668950693698,0.000115004916582,10.0
2517.613,0.2675732312,0.2653829385379197,0.2653102484260832,0.0021902926620802,0.0021902926620802,0.0001149074149836,10.0
2518.095,0.2677080902,0.265233570788373,0.2651694581154358,0.002474519411627,0.002474519411627,0.0001148100395284,10.0
2518.578,0.2676911834,0.2650849498199616,0.2650294371777616,0.0026062335800383,0.0026062335800383,0.0001147125883781,10.0
2519.06,0.2672987991,0.2649376994432458,0.2648907720531511,0.0023610996567541,0.0023610996567541,0.0001146154648504,10.0
2519.542,0.2672545892,0.264791519191382,0.2647531783194374,0.0024630700086179,0.0024630700086179,0.0001145184668469,10.0
2520.024,0.2672973779,0.2646464173408019,0.2646166624971189,0.002650960559198,0.002650960559198,0.0001144215941621,10.0
2520.506,0.2668507355,0.2645024021110456,0.2644812310506533,0.0023483333889544,0.0023483333889544,0.0001143248465909,10.0
2520.988,0.2670179756,0.2643594816641117,0.2643468903881752,0.0026584939358882,0.0026584939358882,0.0001142282239288,10.0
2521.47,0.2668667663,0.2642176641038133,0.2642136468612164,0.0026491021961866,0.0026491021961866,0.0001141317259716,10.0
2521.952,0.2666608952,0.264076957475134,0.2640815067644274,0.0025839377248659,0.0025839377248659,0.0001140353525153,10.0
2522.435,0.2665756186999999,0.2639370813311466,0.2639502056457347,0.0026385373688533,0.0026385373688533,0.0001139389037987,10.0
2522.917,0.2665244818,0.263798622808191,0.2638202933857709,0.0027258589918089,0.0027258589918089,0.0001138427789918,10.0
2523.399,0.2663890546,0.263661299008707,0.2636915031085632,0.0027277555912929,0.0027277555912929,0.0001137467780765,10.0
2523.881,0.2665102671,0.2635251177358738,0.2635638408784077,0.0029851493641261,0.0029851493641261,0.0001136509008505,10.0
2524.363,0.2661779404,0.2633900867308775,0.2634373127013791,0.0027878536691224,0.0027878536691224,0.000113555147112,10.0
2524.845,0.266067301,0.2632562136722884,0.2633119245250687,0.0028110873277115,0.0028110873277115,0.0001134595166595,10.0
2525.327,0.2659805729,0.2631235061754439,0.2631876822383304,0.0028570667245561,0.0028570667245561,0.000113364009292,10.0
2525.809,0.2659410722,0.2629919717918334,0.2630645916710253,0.0029491004081665,0.0029491004081665,0.0001132686248088,10.0
2526.292,0.2659268871,0.2628613487973451,0.262942406827762,0.0030655383026549,0.0030655383026549,0.0001131731654985,10.0
2526.773,0.265681234,0.2627324522473775,0.2628218887176986,0.0029487817526224,0.0029487817526224,0.0001130782236948,10.0
2527.256,0.2658576729,0.2626042176137432,0.2627020407782034,0.0032534552862568,0.0032534552862568,0.0001129830096608,10.0
2527.738,0.2657024935,0.2624774524024338,0.2625836166410709,0.0032250410975662,0.0032250410975662,0.0001128881149693,10.0
2528.22,0.2656566108,0.2623518970977925,0.2624663724905447,0.0033047137022074,0.0033047137022074,0.0001127933421642,10.0
2528.702,0.2655338443,0.2622275588554119,0.2623503137972512,0.003306285444588,0.003306285444588,0.0001126986910474,10.0
2529.184,0.2655434494,0.2621044447628523,0.262235445971134,0.0034390046371477,0.0034390046371477,0.0001126041614207,10.0
2529.666,0.2655419429,0.2619825618390612,0.2621217743612237,0.0035593810609387,0.0035593810609387,0.0001125097530868,10.0
2530.148,0.2653234415,0.2618619170337986,0.2620093042554127,0.0034615244662014,0.0034615244662014,0.0001124154658484,10.0
2530.63,0.2653368993,0.2617425172270667,0.2618980408802311,0.0035943820729333,0.0035943820729333,0.0001123212995087,10.0
2531.113,0.2651955248,0.2616241254141516,0.2617877623413673,0.0035713993858484,0.0035713993858484,0.0001122270588812,10.0
2531.595,0.2651668043999999,0.261507238580679,0.2616789303906455,0.0036595658193209,0.0036595658193209,0.000112133134,10.0
2532.077,0.2651469777,0.2613916169753199,0.2615713204901804,0.0037553607246801,0.0037553607246801,0.000112039329429,10.0
2532.559,0.2648676635,0.2612772671932871,0.2614649376187553,0.0035903963067128,0.0035903963067128,0.000111945644973,10.0
2533.041,0.2650247726,0.2611641957572566,0.2613597866927214,0.0038605768427434,0.0038605768427434,0.0001118520804372,10.0
2533.523,0.2648804544,0.2610524091168275,0.2612558725657934,0.0038280452831725,0.0038280452831725,0.000111758635627,10.0
2534.005,0.2649332947,0.2609419136479866,0.2611532000288479,0.0039913810520134,0.0039913810520134,0.0001116653103484,10.0
2534.487,0.2645904683,0.260832715652581,0.2610517738097256,0.0037577526474189,0.0037577526474189,0.0001115721044075,10.0
2534.969,0.2645651317,0.2607248213577932,0.2609515985730362,0.0038403103422067,0.0038403103422067,0.0001114790176109,10.0
2535.452,0.2643946929,0.2606180171518912,0.2608524750008034,0.0037766757481087,0.0037766757481087,0.00011138585701,10.0
2535.934,0.2643754705,0.2605127513750529,0.2607548180879584,0.003862719124947,0.003862719124947,0.0001112930081698,10.0
2536.416,0.2642990433,0.2604088075396135,0.2606584257792987,0.0038902357603864,0.0038902357603864,0.0001112002778958,10.0
2536.898,0.2642180966,0.2603061915688185,0.2605633024844881,0.0039119050311814,0.0039119050311814,0.000111107665996,10.0
2537.38,0.2640836651,0.2602049093087163,0.2604694525490307,0.0038787557912837,0.0038787557912837,0.000111015172279,10.0
2537.862,0.2642615882,0.2601049665276702,0.2603768802540948,0.0041566216723297,0.0041566216723297,0.0001109227965536,10.0
2538.344,0.2641263021,0.2600063689158767,0.2602855898163402,0.0041199331841232,0.0041199331841232,0.000110830538629,10.0
2538.826,0.263751444,0.2599091220848891,0.2601955853877487,0.0038423219151108,0.0038423219151108,0.0001107383983149,10.0
2539.309,0.2638568017,0.2598130340378435,0.2601066883446777,0.0040437676621565,0.0040437676621565,0.0001106461846243,10.0
2539.791,0.2638112854,0.2597185081170633,0.2600192708198436,0.0040927772829366,0.0040927772829366,0.0001105542792044,10.0
2540.273,0.2638160204,0.2596253493462851,0.2599331513785416,0.0041906710537149,0.0041906710537149,0.0001104624908255,10.0
2540.755,0.2638053814,0.2595335630176866,0.2598483339122723,0.0042718183823133,0.0042718183823133,0.0001103708192988,10.0
2541.237,0.263794649,0.2594431543425173,0.2597648222470586,0.0043514946574826,0.0043514946574826,0.0001102792644357,10.0
2541.719,0.2636315706,0.2593541284506598,0.2596826201432938,0.0042774421493401,0.0042774421493401,0.000110187826048,10.0
2542.201,0.2636650424,0.2592664903902011,0.2596017312955964,0.0043985520097988,0.0043985520097988,0.0001100965039478,10.0
2542.683,0.2633120672,0.2591802451270071,0.2595221593326647,0.0041318220729928,0.0041318220729928,0.0001100052979477,10.0
2543.166,0.263440613,0.259095222968206,0.2594437468446325,0.004345390031794,0.004345390031794,0.0001099140189974,10.0
2543.648,0.2633768226,0.2590117807808243,0.259366822023311,0.0043650418191756,0.0043650418191756,0.0001098230448764,10.0
2544.13,0.2634048942,0.2589297458005492,0.2592912245829923,0.0044751483994507,0.0044751483994507,0.0001097321862948,10.0
2544.612,0.2632699148,0.2588491226600928,0.2592169578871865,0.0044207921399071,0.0044207921399071,0.0001096414430666,10.0
2545.094,0.2630754239,0.2587699159079325,0.259144025232814,0.0043055079920674,0.0043055079920674,0.0001095508150062,10.0
2545.576,0.2633165258,0.2586921300079284,0.259072429850081,0.0046243957920715,0.0046243957920715,0.0001094603019282,10.0
2546.058,0.2630228854,0.2586157693389505,0.2590021749023591,0.0044071160610494,0.0044071160610494,0.0001093699036476,10.0
2546.54,0.2629782697,0.258540838194511,0.2589332634860674,0.0044374315054889,0.0044374315054889,0.0001092796199799,10.0
2547.022,0.2630444026,0.2584673407824062,0.2588656986305592,0.0045770618175938,0.0045770618175938,0.0001091894507408,10.0
2547.505,0.2631732297,0.2583951332206628,0.2587993473266444,0.0047780964793371,0.0047780964793371,0.0001090992090289,10.0
2547.987,0.263170753,0.2583245185475993,0.2587344872207508,0.0048462344524006,0.0048462344524006,0.0001090092683322,10.0
2548.469,0.2628955592999999,0.2582553497205749,0.2586709823660007,0.004640209579425,0.004640209579425,0.000108919441513,10.0
2548.951,0.2629000737999999,0.2581876306008931,0.2586088355222637,0.0047124431991068,0.0047124431991068,0.0001088297283886,10.0
2549.433,0.2628944691,0.2581213649624547,0.2585480493818197,0.0047731041375452,0.0047731041375452,0.0001087401287765,10.0
2549.915,0.2630374747,0.2580565564914465,0.2584886265692657,0.0049809182085535,0.0049809182085535,0.0001086506424946,10.0
2550.397,0.2629662556,0.2579932087860326,0.2584305696414241,0.0049730468139673,0.0049730468139673,0.000108561269361,10.0
2550.879,0.2628503729,0.2579313253560584,0.2583738810872546,0.0049190475439415,0.0049190475439415,0.0001084720091944,10.0
2551.362,0.2629284044,0.2578707858069072,0.2583184499872151,0.0050576185930927,0.0050576185930927,0.0001083826769777,10.0
2551.844,0.262765829,0.2578118441579566,0.2582645082266546,0.0049539848420433,0.0049539848420433,0.0001082936424355,10.0
2552.326,0.2628328248,0.2577543767878377,0.2582119419033136,0.0050784480121622,0.0050784480121622,0.0001082047203176,10.0
2552.808,0.2626439896,0.2576983868501094,0.2581607532337491,0.0049456027498906,0.0049456027498906,0.0001081159104441,10.0
2553.29,0.2626976360999999,0.2576438774086386,0.258110944366266,0.0050537586913613,0.0050537586913613,0.0001080272126351,10.0
2553.772,0.2625366848,0.2575908514373517,0.2580625173808499,0.0049458333626483,0.0049458333626483,0.0001079386267114,10.0
2554.254,0.2626348772,0.2575393118199918,0.2580154742891017,0.0050955653800082,0.0050955653800082,0.0001078501524939,10.0
2554.736,0.2626963132,0.2574892613498847,0.2579698170341766,0.0052070518501152,0.0052070518501152,0.000107761789804,10.0
2555.219,0.2626944913,0.2574406035382893,0.2579254570889864,0.0052538877617106,0.0052538877617106,0.0001076733554849,10.0
2555.7,0.2627010385,0.2573936385713049,0.2578826674648437,0.0053073999286951,0.0053073999286951,0.0001075853982939,10.0
2556.183,0.262683148,0.2573479784155132,0.2578410940650992,0.0053351695844867,0.0053351695844867,0.0001074971866002,10.0
2556.665,0.2626703575,0.2573039137649023,0.2578010011097176,0.0053664437350977,0.0053664437350977,0.0001074092684704,10.0
2557.147,0.2625783587999999,0.2572613508690798,0.2577623026815871,0.0053170079309201,0.0053170079309201,0.0001073214609796,10.0
2557.629,0.2626343683,0.2572202919742387,0.2577250003119463,0.0054140763257612,0.0054140763257612,0.0001072337639511,10.0
2558.111,0.2624757893,0.2571807392347521,0.2576890954632519,0.0052950500652478,0.0052950500652478,0.0001071461772086,10.0
2558.593,0.2625835495999999,0.2571426947130081,0.2576545895291459,0.0054408548869918,0.0054408548869918,0.0001070587005763,10.0
2559.075,0.2624667772,0.2571061603792494,0.2576214838344218,0.0053606168207505,0.0053606168207505,0.0001069713338784,10.0
2559.557,0.2622088382999999,0.2570711381114255,0.2575897796349985,0.0051377001885744,0.0051377001885744,0.0001068840769396,10.0
2560.04,0.2622260894,0.2570375617503491,0.2575594167105486,0.0051885276496509,0.0051885276496509,0.0001067967488953,10.0
2560.522,0.2624003867,0.257005572024351,0.2575305219074275,0.005394814675649,0.005394814675649,0.0001067097111773,10.0
2561.004,0.2625573345999999,0.2569750994462306,0.2575030319559888,0.0055822351537693,0.0055822351537693,0.0001066227826942,10.0
2561.486,0.2622733226,0.2569461455232467,0.2574769478362952,0.0053271770767533,0.0053271770767533,0.0001065359632722,10.0
2561.968,0.2625934316,0.2569187116697458,0.2574522704594445,0.0056747199302542,0.0056747199302542,0.0001064492527375,10.0
2562.45,0.2623505362,0.256892799207063,0.2574290006675608,0.0054577369929369,0.0054577369929369,0.000106362650917,10.0
2562.932,0.2623900081,0.2568684093634356,0.2574071392337921,0.0055215987365644,0.0055215987365644,0.0001062761576377,10.0
2563.414,0.262437774,0.2568455432739202,0.2573866868623062,0.0055922307260798,0.0055922307260798,0.0001061897727269,10.0
2563.896,0.2623429309,0.2568242019803228,0.2573676441882945,0.0055187289196771,0.0055187289196771,0.0001061034960123,10.0
2564.379,0.2623988349,0.2568043469066532,0.2573499766625347,0.0055944879933467,0.0055944879933467,0.000106017148661,10.0
2564.861,0.2621018334,0.2567860611250427,0.257333757940528,0.0053157722749572,0.0053157722749572,0.0001059310880469,10.0
2565.343,0.2622466504,0.2567693027061597,0.2573189504085961,0.0054773476938402,0.0054773476938402,0.0001058451351138,10.0
2565.825,0.2623037158,0.2567540723180703,0.2573055544259661,0.0055496434819296,0.0055496434819296,0.0001057592896907,10.0
2566.307,0.2625735957,0.2567403705353632,0.2572935702829484,0.0058332251646368,0.0058332251646368,0.0001056735516068,10.0
2566.789,0.2623025414,0.2567281978391295,0.2572829982009584,0.0055743435608704,0.0055743435608704,0.0001055879206919,10.0
2567.271,0.2623167402,0.2567175546169538,0.2572738383325411,0.0055991855830462,0.0055991855830462,0.0001055023967759,10.0
2567.753,0.2624327838,0.2567084411629111,0.2572660907613997,0.0057243426370889,0.0057243426370889,0.0001054169796892,10.0
2568.236,0.2624027922,0.2567008435346916,0.2572597438268059,0.0057019486653084,0.0057019486653084,0.0001053314923805,10.0
2568.718,0.2624046835,0.2566947932996302,0.2572548237560163,0.0057098902003698,0.0057098902003698,0.0001052462886652,10.0
2569.2,0.2621317868,0.2566902731539242,0.2572513158205731,0.0054415136460757,0.0054415136460757,0.0001051611912717,10.0
2569.682,0.2623819964,0.2566872830175808,0.257249219829021,0.0056947133824191,0.0056947133824191,0.0001050762000315,10.0
2570.164,0.2624428116,0.2566858227172239,0.2572485355212564,0.005756988882776,0.005756988882776,0.0001049913147765,10.0
2570.646,0.2621428193,0.256685891986143,0.2572492625685738,0.0054569273138569,0.0054569273138569,0.000104906535339,10.0
2571.128,0.2623391112,0.256687490464354,0.2572514005737172,0.0056516207356459,0.0056516207356459,0.0001048218615515,10.0
2571.61,0.2623351767,0.2566906176986689,0.2572549490709361,0.005644559001331,0.005644559001331,0.0001047372932468,10.0
2572.093,0.2622678414,0.2566952843895113,0.2572599192785339,0.0055725570104886,0.0055725570104886,0.0001046526551332,10.0
2572.575,0.2622744259,0.2567014705725491,0.2572662900122633,0.0055729553274508,0.0055729553274508,0.0001045682975122,10.0
2573.057,0.2622439582,0.2567091835920975,0.2572740694289778,0.0055347746079025,0.0055347746079025,0.0001044840448741,10.0
2573.539,0.262300976,0.2567184226228168,0.2572832567894168,0.0055825533771832,0.0055825533771832,0.0001043998970533,10.0
2574.021,0.2624470705,0.2567291867466356,0.2572938512861469,0.0057178837533644,0.0057178837533644,0.000104315853884,10.0
2574.503,0.2622670911999999,0.2567414749528733,0.2573058520436376,0.0055256162471266,0.0055256162471266,0.000104231915201,10.0
2574.985,0.2623548813,0.2567552861383672,0.2573192581183363,0.0055995951616328,0.0055995951616328,0.0001041480808394,10.0
2575.467,0.2624191074999999,0.2567706191076109,0.2573340684987508,0.005648488392389,0.005648488392389,0.0001040643506346,10.0
2575.949,0.262308469,0.2567874725729032,0.2573502821055341,0.0055209964270967,0.0055209964270967,0.0001039807244223,10.0
2576.432,0.2624043443,0.2568058848500003,0.2573679357952612,0.0055984594499997,0.0055984594499997,0.0001038970288633,10.0
2576.914,0.2624373108,0.2568257782233257,0.2573869552508004,0.0056115325766742,0.0056115325766742,0.0001038136103591,10.0
2577.396,0.2624585580999999,0.2568471876746667,0.2574073742856859,0.0056113704253332,0.0056113704253332,0.000103730295356,10.0
2577.878,0.2626221727,0.2568701115489781,0.2574291915499086,0.0057520611510218,0.0057520611510218,0.0001036470836908,10.0
2578.36,0.2626207416,0.2568945480998802,0.2574524056260735,0.0057261935001197,0.0057261935001197,0.0001035639752008,10.0
2578.842,0.2624580736,0.2569204954898528,0.2574770150294999,0.0055375781101471,0.0055375781101471,0.0001034809697236,10.0
2579.324,0.2626277088,0.2569479517904422,0.2575030182083282,0.0056797570095578,0.0056797570095578,0.000103398067097,10.0
2579.806,0.2627453388,0.2569769149824753,0.2575304135436317,0.0057684238175246,0.0057684238175246,0.0001033152671591,10.0
2580.289,0.2628488489,0.2570074477305494,0.2575592605153,0.0058414011694505,0.0058414011694505,0.0001032323982836,10.0
2580.771,0.2628507506,0.2570394214012295,0.2575894379183504,0.0058113291987705,0.0058113291987705,0.0001031498034511,10.0
2581.253,0.2626767097,0.2570728953589319,0.2576210022159781,0.005603814341068,0.005603814341068,0.0001030673108233,10.0
2581.735,0.2628331402,0.2571078672237223,0.2576539515220005,0.0057252729762776,0.0057252729762776,0.0001029849202396,10.0
2582.217,0.2627728356,0.2571443345261394,0.2576882838837617,0.0056285010738606,0.0056285010738606,0.0001029026315397,10.0
2582.699,0.2629424499,0.257182294707458,0.2577239972822601,0.0057601551925419,0.0057601551925419,0.0001028204445634,10.0
2583.181,0.2628624644,0.2572217451199612,0.2577610896322809,0.0056407192800387,0.0056407192800387,0.0001027383591512,10.0
2583.663,0.262904183,0.2572626830272183,0.2577995587825297,0.0056414999727816,0.0056414999727816,0.0001026563751435,10.0
2584.146,0.262918449,0.2573051951593207,0.2578394866064206,0.0056132538406792,0.0056132538406792,0.0001025743226051,10.0
2584.627,0.2628791336,0.2573490099384309,0.2578806185489706,0.0055301236615691,0.0055301236615691,0.0001024927107056,10.0
2585.11,0.2629465801,0.2573944887194013,0.2579232943084953,0.0055520913805987,0.0055520913805987,0.0001024108606007,10.0
2585.592,0.2632056812,0.2574413505355787,0.2579672506646812,0.0057643306644212,0.0057643306644212,0.0001023292808319,10.0
2586.074,0.2629994868,0.2574896848372886,0.2580125720731567,0.0055098019627113,0.0055098019627113,0.0001022478016747,10.0
2586.556,0.2632923242,0.2575394883619359,0.258059255989019,0.005752835838064,0.005752835838064,0.0001021664229715,10.0
2587.038,0.2632272053,0.2575907577603864,0.2581072998023161,0.0056364475396135,0.0056364475396135,0.0001020851445648,10.0
2587.52,0.2632897559,0.257643489597304,0.2581567008382051,0.0056462663026959,0.0056462663026959,0.0001020039662978,10.0
2588.002,0.2632548143,0.2576976803515012,0.2582074563571144,0.0055571339484987,0.0055571339484987,0.0001019228880136,10.0
2588.484,0.2633682005,0.2577533264162944,0.2582595635549096,0.0056148740837055,0.0056148740837055,0.0001018419095557,10.0
2588.967,0.2635036826,0.2578105440661387,0.2583131318677037,0.0056931385338613,0.0056931385338613,0.0001017608630732,10.0
2589.449,0.2633152569,0.2578690925917485,0.2583679365426449,0.0054461643082515,0.0054461643082515,0.0001016800840062,10.0
2589.931,0.2634274058999999,0.2579290850904969,0.2584240840921056,0.005498320809503,0.005498320809503,0.0001015994042975,10.0
2590.413,0.2634965368,0.257990517617246,0.2584815714552799,0.0055060191827539,0.0055060191827539,0.0001015188237921,10.0
2590.895,0.2635726929,0.2580533861432518,0.2585403955076714,0.0055193067567482,0.0055193067567482,0.0001014383423347,10.0
2591.377,0.2634110939,0.2581176865565613,0.2586005530612748,0.0052934073434386,0.0052934073434386,0.0001013579597709,10.0
2591.859,0.2636000123,0.2581834146624209,0.2586620408647638,0.0054165976375791,0.0054165976375791,0.000101277675946,10.0
2592.341,0.2635399573,0.2582505661836877,0.2587248556036794,0.0052893911163123,0.0052893911163123,0.000101197490706,10.0
2592.823,0.2635699633,0.2583191367612498,0.2587889939006218,0.0052508265387501,0.0052508265387501,0.0001011174038971,10.0
2593.306,0.2634940487,0.2583892686193149,0.2588545894911244,0.005104780080685,0.005104780080685,0.0001010372495164,10.0
2593.788,0.2636107910999999,0.2584606668271466,0.2589213672490189,0.0051501242728533,0.0051501242728533,0.0001009573593127,10.0
2594.27,0.2636832675,0.2585334705167922,0.2589894580496005,0.0051497969832077,0.0051497969832077,0.0001008775670799,10.0
2594.752,0.2637723204,0.2586076750054314,0.2590588582655569,0.0051646453945685,0.0051646453945685,0.0001007978726653,10.0
2595.234,0.2639813911999999,0.2586832755304754,0.2591295642076403,0.0052981156695245,0.0052981156695245,0.0001007182759166,10.0
2595.716,0.2640157824,0.2587602672500259,0.2592015721248751,0.0052555151499741,0.0052555151499741,0.0001006387766816,10.0
2596.198,0.2641065515,0.2588386452433409,0.2592748782047716,0.0052679062566591,0.0052679062566591,0.0001005593748085,10.0
2596.68,0.2640312556,0.258918404511308,0.2593494785735404,0.005112851088692,0.005112851088692,0.0001004800701457,10.0
2597.163,0.2639660241,0.2589997097347525,0.2594255280845,0.0049663143652474,0.0049663143652474,0.0001004006983116,10.0
2597.645,0.2641634909,0.2590822190826723,0.2595027078301374,0.0050812718173276,0.0050812718173276,0.0001003215878168,10.0
2598.127,0.2641165775,0.2591660942315557,0.2595811698691967,0.0049504832684443,0.0049504832684443,0.000100242574079,10.0
2598.609,0.2639945942,0.2592513298734893,0.259660910084774,0.0047432643265106,0.0047432643265106,0.0001001636569479,10.0
2599.091,0.2643181657,0.2593379206246392,0.2597419242997822,0.0049802450753607,0.0049802450753607,0.0001000848362732,10.0
2599.573,0.2643195912,0.2594258610257612,0.2598242082771866,0.0048937301742387,0.0048937301742387,0.0001000061119051,10.0
2600.055,0.2645385006,0.2595151455427129,0.2599077577202369,0.005023355057287,0.005023355057287,9.992748369409432e-05,10.0
2600.537,0.2641995143,0.2596057685669737,0.2599925682727056,0.0045937457330262,0.0045937457330262,9.98489514907054e-05,10.0
2601.02,0.2644307389,0.259697916577426,0.2600788153851157,0.0047328223225739,0.0047328223225739,9.977035251451172e-05,10.0
2601.502,0.2644278462,0.2597912022430798,0.2601661374443077,0.0046366439569202,0.0046366439569202,9.969201207810088e-05,10.0
2601.984,0.2645484516999999,0.2598858091373167,0.260254707180322,0.0046626425626832,0.0046626425626832,9.961376720280604e-05,10.0
2602.466,0.2648247904,0.2599817313592543,0.26034452000133,0.0048430590407457,0.0048430590407457,9.953561774042454e-05,10.0
2602.948,0.2647430078,0.2600789629363099,0.2604355712572536,0.00466404486369,0.00466404486369,9.945756354303024e-05,10.0
2603.43,0.2648391242,0.2601774978247524,0.26052785624002,0.0046616263752475,0.0046616263752475,9.937960446296906e-05,10.0
2603.912,0.2648796308,0.2602773299102573,0.2606213701838161,0.0046023008897426,0.0046023008897426,9.930174035286356e-05,10.0
2604.394,0.265174792,0.2603784530084697,0.2607161082653507,0.0047963389915302,0.0047963389915302,9.922397106560802e-05,10.0
2604.876,0.2649683217999999,0.2604808608655679,0.2608120656041119,0.004487460934432,0.004487460934432,9.91462964543718e-05,10.0
2605.359,0.2651287827,0.260584763600134,0.2609094401224115,0.004544019099866,0.004544019099866,9.906855551623198e-05,10.0
2605.841,0.2651274945999999,0.2606897245709419,0.2610078236102849,0.0044377700290579,0.0044377700290579,9.89910700132922e-05,10.0
2606.323,0.2654401668,0.2607959511146372,0.2611074113626567,0.0046442156853627,0.0046442156853627,9.891367874720694e-05,10.0
2606.805,0.2653514176,0.2609034367051502,0.261208198272692,0.0044479808948497,0.0044479808948497,9.883638157222912e-05,10.0
2607.287,0.2655234428,0.2610121747498456,0.2613101791776838,0.0045112680501543,0.0045112680501543,9.875917834288776e-05,10.0
2607.769,0.2655788348,0.2611221585901163,0.2614133488593313,0.0044566762098836,0.0044566762098836,9.868206891397488e-05,10.0
2608.251,0.265770287,0.2612333815019796,0.2615177020440172,0.0045369054980203,0.0045369054980203,9.860505314055562e-05,10.0
2608.733,0.2656102801,0.2613458366966799,0.2616232334030917,0.00426444340332,0.00426444340332,9.852813087796136e-05,10.0
2609.216,0.2658289802,0.2614597544422548,0.2617301601464096,0.0043692257577452,0.0043692257577452,9.845114268269712e-05,10.0
2609.698,0.2657813292,0.2615746561011026,0.2618380340658074,0.0042066730988973,0.0042066730988973,9.8374407202079e-05,10.0
2610.18,0.2660582316,0.2616907692794085,0.2619470698348504,0.0043674623205914,0.0043674623205914,9.829776479959105e-05,10.0
2610.662,0.2661504218,0.2618080869352889,0.2620572619075144,0.004342334864711,0.004342334864711,9.822121533163168e-05,10.0
2611.144,0.2660744018,0.2619266019651527,0.262168604684188,0.0041477998348473,0.0041477998348473,9.814475865486908e-05,10.0
2611.626,0.2663777491,0.262046307204328,0.2622810925119725,0.004331441895672,0.004331441895672,9.806839462623278e-05,10.0
2612.108,0.2662147019,0.2621671954276875,0.2623947196849781,0.0040475064723124,0.0040475064723124,9.799212310291982e-05,10.0
2612.59,0.2664256581,0.2622892593502817,0.2625094804446272,0.0041363987497183,0.0041363987497183,9.791594394238767e-05,10.0
2613.073,0.2665201572,0.2624127485059735,0.2626256105808644,0.0041074086940264,0.0041074086940264,9.78396992414033e-05,10.0
2613.554,0.2663878527,0.2625368848580682,0.2627423794279302,0.0038509678419317,0.0038509678419317,9.776386214082484e-05,10.0
2614.037,0.266611928,0.2626626932441945,0.2628607521052944,0.0039492347558054,0.0039492347558054,9.768780183654684e-05,10.0
2614.519,0.2665783626,0.2627893883097236,0.2629799908793959,0.0037889742902763,0.0037889742902763,9.761199089729375e-05,10.0
2615.001,0.2665999917,0.262917221758934,0.2631003336551103,0.0036827699410659,0.0036827699410659,9.753627161176452e-05,10.0
2615.483,0.2667485817,0.2630461859612532,0.2632217743640891,0.0037023957387467,0.0037023957387467,9.74606438389912e-05,10.0
2615.965,0.2667778721,0.2631762732307928,0.2633443068874722,0.0036015988692071,0.0036015988692071,9.738510743826364e-05,10.0
2616.447,0.266737502,0.2633074758270021,0.2634679250562082,0.0034300261729979,0.0034300261729979,9.73096622691321e-05,10.0
2616.929,0.2667523518,0.2634397859553264,0.2635926226513765,0.0033125658446735,0.0033125658446735,9.723430819140604e-05,10.0
2617.411,0.266885469,0.2635731957678653,0.2637183934045114,0.0033122732321346,0.0033122732321346,9.715904506515228e-05,10.0
2617.894,0.2670053126,0.263707977542389,0.2638454952510319,0.003297335057611,0.003297335057611,9.708371688584152e-05,10.0
2618.376,0.2671842673,0.2638435652099036,0.2639733955116622,0.0033407020900964,0.0033407020900964,9.700863543173866e-05,10.0
2618.858,0.2673882324,0.2639802286878412,0.2641023498175128,0.0034080037121587,0.0034080037121587,9.693364451056748e-05,10.0
2619.34,0.267244683,0.2641179599214645,0.2642323517051293,0.0031267230785355,0.0031267230785355,9.685874398342132e-05,10.0
2619.822,0.2673289888,0.2642567508060252,0.2643633946631682,0.0030722379939747,0.0030722379939747,9.678393371165283e-05,10.0
2620.304,0.2675282177,0.264396593187438,0.2644954721327345,0.0031316245125619,0.0031316245125619,9.670921355686746e-05,10.0
2620.786,0.2676668688,0.2645374788629546,0.2646285775077224,0.0031293899370453,0.0031293899370453,9.663458338092442e-05,10.0
2621.268,0.2675952599,0.2646793995818397,0.2647627041351553,0.0029158603181602,0.0029158603181602,9.656004304593834e-05,10.0
2621.75,0.2677756574,0.2648223470460484,0.2648978453155307,0.0029533103539515,0.0029533103539515,9.648559241427796e-05,10.0
2622.233,0.2677068381,0.2649666126480855,0.2650342778128545,0.0027402254519144,0.0027402254519144,9.641107716550006e-05,10.0
2622.715,0.2679247616,0.2651115906096745,0.2651714298859398,0.0028131709903255,0.0028131709903255,9.633680571399618e-05,10.0
2623.197,0.2681144173999999,0.2652575701278531,0.2653095761235414,0.0028568472721468,0.0028568472721468,9.626262355415043e-05,10.0
2623.679,0.2682355618,0.2654045427220569,0.2654487096434371,0.002831019077943,0.002831019077943,9.61885305493374e-05,10.0
2624.161,0.2683856094,0.2655524998678237,0.2655888235186295,0.0028331095321762,0.0028331095321762,9.611452656318576e-05,10.0
2624.643,0.2682582373,0.2657014329974808,0.2657299107777003,0.0025568043025192,0.0025568043025192,9.604061145957068e-05,10.0
2625.125,0.2683381517,0.2658513335008298,0.2658719644051695,0.0024868181991702,0.0024868181991702,9.596678510261832e-05,10.0
2625.607,0.2686936501,0.2660021927258348,0.266014977341853,0.0026914573741651,0.0026914573741651,9.589304735670574e-05,10.0
2626.09,0.2688202595,0.2661543179177691,0.2661592421529629,0.0026659415822308,0.0026659415822308,9.581924537901668e-05,10.0
2626.572,0.2689269169,0.2663070704098622,0.2663041543107754,0.0026198464901378,0.0026198464901378,9.5745684632439e-05,10.0
2627.054,0.2688331332,0.266460755405126,0.2664500043267042,0.002372377794874,0.002372377794874,9.56722120912355e-05,10.0
2627.536,0.2689329824,0.2666153640909865,0.266596784970302,0.0023176183090135,0.0023176183090135,9.559882762077365e-05,10.0
2628.018,0.2689699352,0.2667708876164826,0.2667444889692474,0.0021990475835173,0.0021990475835173,9.552553108666356e-05,10.0
2628.5,0.269136563,0.2669273170929557,0.2668931090097128,0.0022092459070442,0.0022092459070442,9.545232235476808e-05,10.0
2628.982,0.2692518593,0.2670846435947435,0.2670426377367405,0.0021672157052565,0.0021672157052565,9.537920129118924e-05,10.0
2629.464,0.2692137975,0.2672428581598694,0.267193067754614,0.0019709393401305,0.0019709393401305,9.530616776227858e-05,10.0
2629.947,0.2693422277,0.2674022827680371,0.2673447065011607,0.0019399449319628,0.0019399449319628,9.523307038487373e-05,10.0
2630.429,0.2694553888,0.2675622482277552,0.2674969185835952,0.0018931405722448,0.0018931405722448,9.51602117062368e-05,10.0
2630.911,0.2696215449,0.2677230746350786,0.2676500095133233,0.0018984702649214,0.0018984702649214,9.508744016250228e-05,10.0
2631.393,0.2696534548,0.267884752889628,0.2678039717352984,0.001768701910372,0.001768701910372,9.501475562099477e-05,10.0
2631.875,0.2696754623,0.2680472738581717,0.2679587976556168,0.0016281884418283,0.0016281884418283,9.494215794928096e-05,10.0
2632.357,0.2699740122,0.2682106283753162,0.2681144796419008,0.0017633838246838,0.0017633838246838,9.48696470151685e-05,10.0
2632.839,0.2700254046999999,0.268374807244196,0.2682710100236857,0.0016505974558039,0.0016505974558039,9.479722268670696e-05,10.0
2633.321,0.2702564259,0.2685398012371666,0.2684283810928086,0.0017166246628333,0.0017166246628333,9.472488483218464e-05,10.0
2633.803,0.2702298689,0.2687056010964921,0.2685865851037967,0.0015242678035078,0.0015242678035078,9.465263332013408e-05,10.0
2634.286,0.2704954278,0.2688725439923832,0.2687459450626301,0.0016228838076167,0.0016228838076167,9.45803183883096e-05,10.0
2634.768,0.270620827,0.2690399293179164,0.2689057932612254,0.0015808976820835,0.0015808976820835,9.450823934620525e-05,10.0
2635.25,0.2703762638,0.2692080925435277,0.2690664509289981,0.0011681712564722,0.0011681712564722,9.443624625332756e-05,10.0
2635.732,0.2707073124,0.2693770242979477,0.2692279101750928,0.0013302881020522,0.0013302881020522,9.436433897916366e-05,10.0
2636.214,0.2706562735,0.2695467151832568,0.2693901630733164,0.0011095583167431,0.0011095583167431,9.429251739343814e-05,10.0
2636.696,0.2707423867,0.2697171557755704,0.2695532016625392,0.0010252309244295,0.0010252309244295,9.422078136611172e-05,10.0
2637.178,0.2709440524,0.2698883366257218,0.2697170179470926,0.0010557157742781,0.0010557157742781,9.41491307673834e-05,10.0
2637.66,0.2711170916,0.2700602482599455,0.2698816038971722,0.0010568433400544,0.0010568433400544,9.407756546768835e-05,10.0
2638.143,0.2711867532999999,0.2702332400833207,0.2700472952800276,0.0009535132166792,0.0009535132166792,9.400593712711402e-05,10.0
2638.625,0.2711466861,0.2704065862361876,0.2702133978920721,0.0007400998638123,0.0007400998638123,9.393454221402682e-05,10.0
2639.107,0.2716423895,0.2705806345912284,0.2703802458625549,0.0010617549087715,0.0010617549087715,9.3863232212422e-05,10.0
2639.589,0.2716059856,0.2707553755830438,0.2705478310291086,0.0008506100169561,0.0008506100169561,9.379200699367056e-05,10.0
2640.071,0.2717767795,0.2709307996250305,0.2707161451972594,0.0008459798749694,0.0008459798749694,9.372086642938442e-05,10.0
2640.553,0.2716769567,0.2711068971100581,0.2708851801408394,0.0005700595899419,0.0005700595899419,9.364981039140342e-05,10.0
2641.035,0.2717969245,0.2712836584111422,0.2710549276023982,0.0005132660888578,0.0005132660888578,9.35788387518037e-05,10.0
2641.517,0.2719856558,0.2714610738821138,0.2712253792936133,0.0005245819178861,0.0005245819178861,9.3507951382889e-05,10.0
2642.0,0.2722192072,0.2716395039405747,0.2713968826913291,0.0005797032594252,0.0005797032594252,9.34370013499193e-05,10.0
2642.481,0.2720827593,0.2718178286571415,0.271568362059856,0.0002649306428584,0.0002649306428584,9.336642894750635e-05,10.0
2642.964,0.2722462281,0.2719975212550661,0.2717412350213835,0.0002487068449338,0.0002487068449338,9.329564716761364e-05,10.0
2643.446,0.2723389084,0.2721774578502864,0.271914421527995,0.0001614505497135,0.0001614505497135,9.32250957827903e-05,10.0
2643.928,0.2723205092,0.2723580000999541,0.2720882703565903,-3.749089995414012e-05,3.749089995414012e-05,9.3154628033392e-05,10.0
2644.41,0.2725112609,0.2725391382567605,0.2722627730423005,-2.787735676057501e-05,2.787735676057501e-05,9.30842437931074e-05,10.0
2644.892,0.2725544636,0.2727208625588594,0.2724379210923103,-0.0001663989588593,0.0001663989588593,9.301394293585762e-05,10.0
2645.374,0.2726652170999999,0.2729031632305231,0.2726137059862795,-0.0002379461305231,0.0002379461305231,9.294372533579024e-05,10.0
2645.856,0.2727411171,0.2730860304827955,0.272790119176767,-0.0003449133827955,0.0003449133827955,9.2873590867279e-05,10.0
2646.338,0.2729939118,0.2732694545141412,0.272967152089654,-0.0002755427141412,0.0002755427141412,9.280353940492952e-05,10.0
2646.821,0.2729423257,0.2734538077554193,0.2731451653099414,-0.0005114820554192,0.0005114820554192,9.27334257466054e-05,10.0
2647.303,0.2730812764999999,0.2736383169974187,0.2733234130817053,-0.0005570404974187,0.0005570404974187,9.26635400928548e-05,10.0
2647.785,0.2732151083999999,0.2738233535244767,0.2735022546797414,-0.0006082451244767,0.0006082451244767,9.259373707017476e-05,10.0
2648.267,0.2733104943,0.2740089074911862,0.2736816814274403,-0.0006984131911862,0.0006984131911862,9.252401655407363e-05,10.0
2648.749,0.273340326,0.2741949690427789,0.2738616846236536,-0.0008546430427789,0.0008546430427789,9.245437842028407e-05,10.0
2649.231,0.2735548440999999,0.2743815283157622,0.2740422555431261,-0.0008266842157622,0.0008266842157622,9.238482254476494e-05,10.0
2649.713,0.273682941,0.2745685754385519,0.274223385436927,-0.0008856344385519,0.0008856344385519,9.231534880369684e-05,10.0
2650.195,0.2739224429,0.2747561005321021,0.2744050655328814,-0.000833657632102,0.000833657632102,9.224595707348624e-05,10.0
2650.677,0.2740115491,0.2749440937105314,0.2745872870360044,-0.0009325446105314,0.0009325446105314,9.21766472307621e-05,10.0
2651.16,0.273910039,0.2751329365291219,0.2747704208343012,-0.0012228975291219,0.0012228975291219,9.210727561056546e-05,10.0
2651.642,0.27408238,0.2753218371152276,0.2749536997551528,-0.0012394571152276,0.0012394571152276,9.20381293428442e-05,10.0
2652.124,0.2742630943,0.2755111760732418,0.2751374935472976,-0.0012480817732418,0.0012480817732418,9.196906459357508e-05,10.0
2652.606,0.2739772902,0.27570094349615,0.2753217933288161,-0.00172365329615,0.00172365329615,9.190008124027404e-05,10.0
2653.088,0.274500953,0.2758911294731964,0.2755065901971582,-0.0013901764731963,0.0013901764731963,9.183117916068264e-05,10.0
2653.57,0.2745890539,0.2760817240904935,0.2756918752295825,-0.0014926701904935,0.0014926701904935,9.17623582327564e-05,10.0
2654.052,0.2747599075999999,0.2762727174316279,0.2758776394835945,-0.0015128098316279,0.0015128098316279,9.16936183346746e-05,10.0
2654.534,0.274614839,0.2764640995782631,0.2760638739973861,-0.0018492605782631,0.0018492605782631,9.162495934483587e-05,10.0
2655.017,0.2752830347,0.2766562588421725,0.2762509575992039,-0.0013732241421725,0.0013732241421725,9.155623894732014e-05,10.0
2655.499,0.2750271602,0.2768483895952771,0.2764381066010521,-0.0018212293952771,0.0018212293952771,9.148774157726356e-05,10.0
2655.981,0.275196413,0.2770408793727307,0.2766256988470552,-0.0018444663727307,0.0018444663727307,9.141932475170642e-05,10.0
2656.463,0.2752957799,0.2772337182544704,0.2768137253025264,-0.0019379383544704,0.0019379383544704,9.13509883499164e-05,10.0
2656.945,0.2753468914999999,0.2774268963214749,0.2770021769156744,-0.0020800048214749,0.0020800048214749,9.128273225138328e-05,10.0
2657.427,0.2756031627999999,0.2776204036563499,0.2771910446180475,-0.0020172408563499,0.0020172408563499,9.121455633581326e-05,10.0
2657.909,0.2758209172,0.2778142303439056,0.2773803193249772,-0.0019933131439056,0.0019933131439056,9.114646048312704e-05,10.0
2658.391,0.27575824,0.2780083664717343,0.2775699919360239,-0.0022501264717343,0.0022501264717343,9.107844457346292e-05,10.0
2658.874,0.2759112053,0.2782032058287558,0.277760448051491,-0.0022920005287557,0.0022920005287557,9.101036762382794e-05,10.0
2659.356,0.2759420065,0.2783979317044825,0.2779508898867643,-0.0024559252044825,0.0024559252044825,9.094251140671707e-05,10.0
2659.838,0.2760548972,0.278592937285118,0.2781417022156741,-0.0025380400851179,0.0025380400851179,9.087473477408344e-05,10.0
2660.32,0.2762113139,0.2787882126750785,0.2783328758791228,-0.0025768987750784,0.0025768987750784,9.080703760692208e-05,10.0
2660.802,0.2763071431,0.2789837479843892,0.2785244017044747,-0.0026766048843892,0.0026766048843892,9.073941978644551e-05,10.0
2661.284,0.2763148404,0.2791795333292372,0.278716270506001,-0.0028646929292371,0.0028646929292371,9.067188119407616e-05,10.0
2661.766,0.2766620058,0.2793755588325227,0.2789084730853296,-0.0027135530325227,0.0027135530325227,9.060442171144998e-05,10.0
2662.248,0.2766842153,0.2795718146244055,0.2791010002318927,-0.0028875993244055,0.0028875993244055,9.0537041220416e-05,10.0
2662.73,0.2769696685,0.2797682908428468,0.2792938427233752,-0.0027986223428468,0.0027986223428468,9.046973960303412e-05,10.0
2663.213,0.2768568188,0.2799653859100922,0.2794873923611989,-0.0031085671100922,0.0031085671100922,9.040237735684174e-05,10.0
2663.695,0.2770339841999999,0.2801622738356594,0.2796808384371256,-0.0031282896356594,0.0031282896356594,9.033523329681644e-05,10.0
2664.177,0.2771435525,0.2803593526334611,0.2798745721058284,-0.0032158001334611,0.0032158001334611,9.026816775764629e-05,10.0
2664.659,0.2774139683,0.2805566124780417,0.2800685841024795,-0.0031426441780417,0.0031426441780417,9.02011806222349e-05,10.0
2665.141,0.2774264275,0.2807540435544049,0.2802628651527521,-0.0033276160544049,0.0033276160544049,9.01342717736951e-05,10.0
2665.623,0.2774138379,0.2809516360585349,0.2804574059732743,-0.0035377981585348,0.0035377981585348,9.006744109534977e-05,10.0
2666.105,0.2776035545999999,0.2811493801979094,0.2806521972720762,-0.0035458255979095,0.0035458255979095,9.000068847072881e-05,10.0
2666.587,0.2776941214,0.281347266192015,0.2808472297490433,-0.003653144792015,0.003653144792015,8.993401378357126e-05,10.0
2667.07,0.2778740299,0.2815456952292786,0.2810428994436871,-0.0036716653292786,0.0036716653292786,8.986727883086837e-05,10.0
2667.552,0.2779295583,0.2817438358855317,0.2812383867983575,-0.0038142775855317,0.0038142775855317,8.980075983178229e-05,10.0
2668.034,0.2781072186,0.281942089111872,0.2814340873671381,-0.003834870511872,0.003834870511872,8.973431842238504e-05,10.0
2668.516,0.2780211154999999,0.282140445180878,0.2816299918218313,-0.004119329680878,0.004119329680878,8.966795448724203e-05,10.0
2668.998,0.2783104597999999,0.2823388943796331,0.2818260908283494,-0.0040284345796331,0.0040284345796331,8.960166791113104e-05,10.0
2669.48,0.2784196797,0.2825374270102141,0.2820223750471691,-0.0041177473102141,0.0041177473102141,8.953545857903011e-05,10.0
2669.962,0.2783525689,0.2827360333901736,0.2822188351337807,-0.0043834644901736,0.0043834644901736,8.94693263761261e-05,10.0
2670.444,0.2786262453,0.2829347038530199,0.2824154617391413,-0.0043084585530198,0.0043084585530198,8.940327118781102e-05,10.0
2670.927,0.2788783659,0.2831338410909037,0.2826126539320942,-0.0042554751909037,0.0042554751909037,8.933715609512069e-05,10.0
2671.408,0.2788434566,0.2833321984440288,0.2828091770899791,-0.0044887418440288,0.0044887418440288,8.927139139752746e-05,10.0
2671.891,0.278808429,0.2835314158114074,0.2830066561151693,-0.0047229868114073,0.0047229868114073,8.920543008094433e-05,10.0
2672.373,0.279174277,0.2837302463196485,0.2832038554883067,-0.0045559693196485,0.0045559693196485,8.913968196768468e-05,10.0
2672.855,0.2792302893,0.2839290928142736,0.2834011745633441,-0.0046988035142735,0.0046988035142735,8.907401029879003e-05,10.0
2673.337,0.2792966824,0.2841279457343935,0.2835986039735149,-0.0048312633343934,0.0048312633343934,8.900841496087008e-05,10.0
2673.819,0.2792366303,0.2843267955383114,0.2837961343506771,-0.0050901652383114,0.0050901652383114,8.894289584073973e-05,10.0
2674.301,0.2794241359,0.2845256327039736,0.2839937563257688,-0.0051014968039735,0.0051014968039735,8.887745282541267e-05,10.0
2674.783,0.279427264,0.2847244477294048,0.2841914605292548,-0.0052971837294048,0.0052971837294048,8.881208580210681e-05,10.0
2675.265,0.2799112072999999,0.2849232311331516,0.2843892375915803,-0.0050120238331516,0.0050120238331516,8.874679465823606e-05,10.0
2675.748,0.279783085,0.2851223857339227,0.2845874886606934,-0.0053393007339226,0.0053393007339226,8.868144405849082e-05,10.0
2676.23,0.2801779369,0.2853210774195618,0.2847853834367455,-0.0051431405195617,0.0051431405195617,8.861630449338921e-05,10.0
2676.712,0.2801824282,0.2855197091470635,0.2849833229479146,-0.0053372809470635,0.0053372809470635,8.855124047094288e-05,10.0
2677.194,0.2803593253,0.2857182715213865,0.2851812978290658,-0.0053589462213864,0.0053589462213864,8.848625187936805e-05,10.0
2677.676,0.2804068025,0.2859167551701341,0.2853792987172944,-0.005509952670134,0.005509952670134,8.842133860707669e-05,10.0
2678.158,0.2806632281,0.2861151507439643,0.285577316252372,-0.0054519226439643,0.0054519226439643,8.83565005426847e-05,10.0
2678.64,0.2808854071,0.2863134489170003,0.2857753410771975,-0.0054280418170002,0.0054280418170002,8.829173757500026e-05,10.0
2679.122,0.2804864009,0.2865116403872326,0.2859733638382442,-0.0060252394872326,0.0060252394872326,8.822704959303247e-05,10.0
2679.604,0.2809309387,0.2867097158769182,0.2861713751860075,-0.0057787771769182,0.0057787771769182,8.816243648598557e-05,10.0
2680.087,0.2809457039999999,0.2869080766815697,0.2863697765162524,-0.0059623726815697,0.0059623726815697,8.809776432392497e-05,10.0
2680.569,0.2811102398,0.287105892187434,0.2865677369351123,-0.0059956523874339,0.0059956523874339,8.8033300789889e-05,10.0
2681.051,0.2811572806,0.2873035640099915,0.2867656579014209,-0.0061462834099915,0.0061462834099915,8.796891179933843e-05,10.0
2681.533,0.2814217217999999,0.2875010829725327,0.2869635300862463,-0.0060793611725327,0.0060793611725327,8.790459724226208e-05,10.0
2682.015,0.281447541,0.2876984399245478,0.2871613441669098,-0.0062508989245477,0.0062508989245477,8.784035700884394e-05,10.0
2682.497,0.2816649409,0.2878956257421048,0.2873590908274362,-0.0062306848421048,0.0062306848421048,8.777619098946337e-05,10.0
2682.979,0.281494439,0.2880926313282161,0.2875567607589937,-0.0065981923282161,0.0065981923282161,8.771209907469271e-05,10.0
2683.461,0.2814939867,0.2882894476132067,0.2877543446603405,-0.0067954609132067,0.0067954609132067,8.76480811552986e-05,10.0
2683.944,0.2817244663,0.2884864732636801,0.2879522428600756,-0.0067620069636801,0.0067620069636801,8.758400453500255e-05,10.0
2684.426,0.2818081571999999,0.2886828834089005,0.2881496266031717,-0.0068747262089005,0.0068747262089005,8.752013443238707e-05,10.0
2684.908,0.2818432737,0.2888790771928247,0.2883468964430605,-0.0070358034928247,0.0070358034928247,8.745633799838256e-05,10.0
2685.39,0.2820962371,0.2890750456586569,0.2885440431133026,-0.0069788085586569,0.0069788085586569,8.73926151245263e-05,10.0
2685.872,0.2819866932,0.2892707798786805,0.2887410573572611,-0.0072840866786805,0.0072840866786805,8.732896570254851e-05,10.0
2686.354,0.282138905,0.2894662709545963,0.2889379299285374,-0.0073273659545963,0.0073273659545963,8.726538962437087e-05,10.0
2686.836,0.2822495168,0.2896615100178618,0.2891346515914137,-0.0074119932178617,0.0074119932178617,8.720188678210617e-05,10.0
2687.318,0.2823027076,0.2898564882300226,0.2893312131212922,-0.0075537806300226,0.0075537806300226,8.713845706805641e-05,10.0
2687.801,0.2824476351,0.2900516004562896,0.2895280125753736,-0.0076039653562895,0.0076039653562895,8.7074969005123e-05,10.0
2688.283,0.2826235013,0.290246029986095,0.2897242258321368,-0.0076225286860949,0.0076225286860949,8.701168537633594e-05,10.0
2688.765,0.2827442359,0.2904401723151099,0.289920251334143,-0.0076959364151099,0.0076959364151099,8.694847455359043e-05,10.0
2689.247,0.282758381,0.29063401872854,0.2901160799056672,-0.0078756377285399,0.0078756377285399,8.688533642994902e-05,10.0
2689.729,0.2828312222,0.2908275605432802,0.2903117023842855,-0.0079963383432801,0.0079963383432801,8.682227089866269e-05,10.0
2690.211,0.2829646182999999,0.2910207891082236,0.2905071096213099,-0.0080561708082236,0.0080561708082236,8.675927785317115e-05,10.0
2690.693,0.2831599489,0.2912136958045651,0.2907022924822217,-0.0080537469045651,0.0080537469045651,8.669635718710025e-05,10.0
2691.175,0.2831259604,0.2914062720460998,0.290897241847101,-0.0082803116460998,0.0082803116460998,8.663350879426469e-05,10.0
2691.657,0.2834136571,0.2915985092795216,0.2910919486110619,-0.0081848521795215,0.0081848521795215,8.65707325686659e-05,10.0
2692.14,0.2833271442,0.2917907967289866,0.2912868068505135,-0.0084636525289866,0.0084636525289866,8.650789838770043e-05,10.0
2692.622,0.2835726176,0.2919823296718892,0.2914810006098307,-0.0084097120718891,0.0084097120718891,8.644526632850236e-05,10.0
2693.104,0.2837047237,0.2921734981295406,0.2916749245292855,-0.0084687744295405,0.0084687744295405,8.638270611944722e-05,10.0
2693.586,0.2837652474,0.2923642936831745,0.291868569568448,-0.0085990462831744,0.0085990462831744,8.632021765528025e-05,10.0
2694.068,0.2837636565,0.292554707948343,0.2920619267040631,-0.008791051448343,0.008791051448343,8.625780083093447e-05,10.0
2694.55,0.2839677658,0.292744732575188,0.292254986930476,-0.008776966775188,0.008776966775188,8.619545554152487e-05,10.0
2695.032,0.2840165322,0.2929343592487099,0.292447741260056,-0.0089178270487099,0.0089178270487099,8.613318168235498e-05,10.0
2695.514,0.2843478073,0.2931235796890338,0.2926401807236217,-0.0087757723890338,0.0087757723890338,8.607097914890823e-05,10.0
2695.997,0.2842547471,0.2933127769287338,0.2928326946082364,-0.0090580298287338,0.0090580298287338,8.600871900767898e-05,10.0
2696.479,0.2845569587,0.2935011593193748,0.2930244768085098,-0.0089442006193748,0.0089442006193748,8.594665896030784e-05,10.0
2696.961,0.2846417388,0.2936891108335986,0.2932159173316584,-0.0090473720335986,0.0090473720335986,8.588466992600171e-05,10.0
2697.443,0.284796281,0.2938766233346657,0.2934070072865441,-0.0090803423346657,0.0090803423346657,8.582275180097967e-05,10.0
2697.925,0.2848748579,0.2940636887222275,0.2935977378025787,-0.0091888308222275,0.0091888308222275,8.576090448164112e-05,10.0
2698.407,0.2849803726,0.2942502989325642,0.2937881000301375,-0.0092699263325642,0.0092699263325642,8.56991278645682e-05,10.0
2698.889,0.2851304589,0.2944364459388265,0.2939780851409773,-0.0093059870388265,0.0093059870388265,8.563742184652522e-05,10.0
2699.371,0.2851980109,0.294622121751267,0.2941676843286485,-0.009424110851267,0.009424110851267,8.557578632445934e-05,10.0
2699.854,0.2852491151,0.2948077021393546,0.2943572809329459,-0.0095585870393545,0.0095585870393545,8.551409354011124e-05,10.0
2700.335,0.2851794354999999,0.2949920280225955,0.2945456898201367,-0.0098125925225955,0.0098125925225955,8.545272635693331e-05,10.0
2700.818,0.2853489496,0.295176624357738,0.2947344690373377,-0.009827674757738,0.009827674757738,8.539117434212194e-05,10.0
2701.3,0.2852350421,0.2953603351962617,0.2949224360358262,-0.0101252930962617,0.0101252930962617,8.532981992231485e-05,10.0
2701.782,0.2852627547,0.2955435354405819,0.2951099734022132,-0.0102807807405818,0.0102807807405818,8.52685354857e-05,10.0
2702.264,0.2855493799,0.295726217328369,0.2952970724694915,-0.010176837428369,0.010176837428369,8.520732093030123e-05,10.0
2702.746,0.2855507724,0.2959083731359353,0.2954837245953104,-0.0103576007359353,0.0103576007359353,8.514617615432302e-05,10.0
2703.228,0.2856171648,0.296089995178442,0.2956699211623822,-0.010472830378442,0.010472830378442,8.50851010561452e-05,10.0
2703.71,0.2858469188999999,0.2962710758101007,0.2958556535788821,-0.0104241569101007,0.0104241569101007,8.502409553432851e-05,10.0
2704.192,0.2858303894,0.296451607424371,0.2960409132788497,-0.0106212180243709,0.0106212180243709,8.496315948760627e-05,10.0
2704.675,0.2860612314999999,0.2966319552625392,0.2962260745741816,-0.0105707237625393,0.0105707237625393,8.490216660753465e-05,10.0
2705.157,0.286219414,0.2968113650022289,0.2964103622237085,-0.0105919510022288,0.0105919510022288,8.484136935153861e-05,10.0
2705.639,0.2862805408,0.2969902031268467,0.2965941516004187,-0.0107096623268467,0.0107096623268467,8.478064126770064e-05,10.0
2706.121,0.2860937848,0.2971684621888515,0.296777434245847,-0.0110746773888514,0.0110746773888514,8.471998225546333e-05,10.0
2706.603,0.2863689202,0.2973461347808922,0.296960201729376,-0.0109772145808922,0.0109772145808922,8.465939221444472e-05,10.0
2707.085,0.2864235068,0.2975232135359885,0.2971424456486266,-0.0110997067359885,0.0110997067359885,8.459887104444147e-05,10.0
2707.567,0.2864884669,0.2976996911277046,0.2973241576298502,-0.0112112242277046,0.0112112242277046,8.453841864542136e-05,10.0
2708.049,0.2867446771999999,0.2978755602703244,0.2975053293283189,-0.0111308830703245,0.0111308830703245,8.447803491752619e-05,10.0
2708.531,0.2867237905,0.2980508137190142,0.2976859524287082,-0.0113270232190141,0.0113270232190141,8.441771976107664e-05,10.0
2709.014,0.2868109638,0.2982258059215663,0.2978663916422392,-0.0114148421215663,0.0114148421215663,8.435734815454924e-05,10.0
2709.496,0.2871151489,0.2983998050976749,0.2980458915390055,-0.0112846561976749,0.0112846561976749,8.429716998438597e-05,10.0
2709.978,0.287171075,0.2985731670775828,0.2982248180549782,-0.0114020920775828,0.0114020920775828,8.42370600874571e-05,10.0
2710.46,0.2874519195,0.2987458847817113,0.2984031629963641,-0.0112939652817113,0.0112939652817113,8.417701836477544e-05,10.0
2710.942,0.2872041743,0.2989179511721657,0.2985809182006911,-0.0117137768721656,0.0117137768721656,8.411704471752243e-05,10.0
2711.424,0.2875412606,0.2990893592528816,0.2987580755371821,-0.0115480986528815,0.0115480986528815,8.405713904705828e-05,10.0
2711.906,0.2874018611,0.2992601020697755,0.2989346269071342,-0.0118582409697755,0.0118582409697755,8.399730125490836e-05,10.0
2712.388,0.2876469453,0.2994301727108858,0.2991105642442901,-0.0117832274108858,0.0117832274108858,8.393753124277398e-05,10.0
2712.871,0.2877930568,0.2995999150307529,0.2992862425876502,-0.0118068582307529,0.0118068582307529,8.387770511905618e-05,10.0
2713.353,0.2875974481,0.2997686193235681,0.2994609264766074,-0.0121711712235681,0.0121711712235681,8.381807051284872e-05,10.0
2713.835,0.287798098,0.2999366309448183,0.2996349723159019,-0.0121385329448183,0.0121385329448183,8.375850339257725e-05,10.0
2714.317,0.2879126104,0.3001039431525046,0.2998083721728423,-0.0121913327525046,0.0121913327525046,8.369900366062386e-05,10.0
2714.799,0.2880432581,0.3002705492474249,0.2999811181490274,-0.0122272911474249,0.0122272911474249,8.363957121954325e-05,10.0
2715.281,0.2880925914,0.3004364425733046,0.3001532023807132,-0.0123438511733045,0.0123438511733045,8.358020597205377e-05,10.0
2715.763,0.2883834336,0.3006016165169168,0.3003246170391723,-0.0122181829169168,0.0122181829169168,8.352090782104818e-05,10.0
2716.245,0.2881601433,0.300766064508206,0.3004953543310544,-0.0126059212082059,0.0126059212082059,8.346167666958497e-05,10.0
2716.728,0.2884846930999999,0.3009301189132272,0.3006657585865234,-0.0124454258132272,0.0124454258132272,8.340238974296555e-05,10.0
2717.21,0.2884474078,0.3010930939231411,0.3008351164630545,-0.012645686123141,0.012645686123141,8.334329243893878e-05,10.0
2717.692,0.2884872766,0.3012553235174354,0.3010037737928835,-0.0127680469174353,0.0127680469174353,8.328426184444177e-05,10.0
2718.174,0.2886655641,0.3014168012999781,0.3011717229278048,-0.0127512371999781,0.0127512371999781,8.322529786320456e-05,10.0
2718.656,0.2887965784,0.3015775209183727,0.3013389562567624,-0.0127809425183727,0.0127809425183727,8.316640039912523e-05,10.0
2719.138,0.2887260324,0.3017374760640615,0.3015054662061973,-0.0130114436640615,0.0130114436640615,8.310756935626893e-05,10.0
2719.62,0.2887788542,0.3018966604724279,0.3016712452403938,-0.0131178062724279,0.0131178062724279,8.304880463886631e-05,10.0
2720.102,0.2890371747,0.302055067922897,0.3018362858618247,-0.013017893222897,0.013017893222897,8.299010615131439e-05,10.0
2720.584,0.2888833468,0.3022126922390312,0.3020005806114927,-0.0133293454390312,0.0133293454390312,8.293147379817684e-05,10.0
2721.067,0.2888822974,0.302369851847877,0.302164460578731,-0.013487554447877,0.013487554447877,8.287278604588627e-05,10.0
2721.549,0.2891422182,0.3025258898866468,0.302327239777902,-0.0133836716866468,0.0133836716866468,8.281428581264048e-05,10.0
2722.031,0.2891940852999999,0.3026811265150461,0.3024892509477091,-0.0134870412150461,0.0134870412150461,8.275585142828938e-05,10.0
2722.513,0.2892142128,0.3028355557342071,0.302650486786746,-0.0136213429342071,0.0136213429342071,8.269748279805671e-05,10.0
2722.995,0.289234913,0.3029891715898515,0.3028109400338207,-0.0137542585898515,0.0137542585898515,8.263917982732968e-05,10.0
2723.477,0.2894482781,0.3031419681723713,0.3029706034682842,-0.0136936900723713,0.0136936900723713,8.258094242165707e-05,10.0
2723.959,0.289600925,0.3032939396169108,0.3031294699103609,-0.0136930146169108,0.0136930146169108,8.252277048675219e-05,10.0
2724.441,0.2897370378,0.3034450801034425,0.3032875322214715,-0.0137080423034425,0.0137080423034425,8.246466392849321e-05,10.0
2724.924,0.2895900111,0.3035956948165964,0.3034451087034516,-0.0140056837165964,0.0140056837165964,8.240650230312882e-05,10.0
2725.406,0.2898881482,0.3037451543529578,0.3036015397983205,-0.0138570061529578,0.0138570061529578,8.234852635158934e-05,10.0
2725.888,0.2898886844,0.3038937657292132,0.303757145582403,-0.0140050813292132,0.0140050813292132,8.229061549510376e-05,10.0
2726.37,0.2898054171,0.3040415233054869,0.3039119190852209,-0.0142361062054869,0.0142361062054869,8.223276964019978e-05,10.0
2726.852,0.2899716968,0.3041884214870914,0.3040658533790937,-0.0142167246870914,0.0142167246870914,8.217498869356348e-05,10.0
2727.334,0.2900552079,0.3043344547245922,0.3042189415794508,-0.0142792468245921,0.0142792468245921,8.211727256204393e-05,10.0
2727.816,0.290101889,0.3044796175138713,0.3043711768451441,-0.0143777285138713,0.0143777285138713,8.205962115264922e-05,10.0
2728.298,0.2901073557,0.3046239043961873,0.3045225523787546,-0.0145165486961873,0.0145165486961873,8.200203437254941e-05,10.0
2728.781,0.2903525837,0.3047676065602885,0.3046733727809672,-0.0144150228602885,0.0144150228602885,8.194439285534035e-05,10.0
2729.262,0.2905084202,0.3049098288322075,0.3048226972805447,-0.0144014086322075,0.0144014086322075,8.188705432971049e-05,10.0
2729.745,0.290587708,0.3050517485965942,0.3049717609784711,-0.0144640405965942,0.0144640405965942,8.182954187539696e-05,10.0
2730.227,0.29084959,0.3051924763061772,0.30511962864884,-0.0143428863061772,0.0143428863061772,8.17722128205887e-05,10.0
2730.709,0.2906331005999999,0.3053323014869447,0.3052666032530464,-0.0146992008869447,0.0146992008869447,8.171494793312628e-05,10.0
2731.191,0.2905877706,0.3054712189536855,0.3054126782625066,-0.0148834483536855,0.0148834483536855,8.1657747121136e-05,10.0
2731.673,0.290959599,0.3056092235669383,0.3055578471944652,-0.0146496245669383,0.0146496245669383,8.160061029290029e-05,10.0
2732.155,0.2909062781,0.3057463102330376,0.3057021036122873,-0.0148400321330376,0.0148400321330376,8.154353735686095e-05,10.0
2732.637,0.290887384,0.3058824739041568,0.3058454411257445,-0.0149950899041568,0.0149950899041568,8.148652822161833e-05,10.0
2733.119,0.2908956843,0.3060177095783516,0.3059878533913032,-0.0151220252783516,0.0151220252783516,8.14295827959276e-05,10.0
2733.602,0.2910711095,0.3061522899627349,0.3061296266681923,-0.0150811804627349,0.0150811804627349,8.137258304272241e-05,10.0
2734.084,0.2910481429,0.306285652870127,0.3062701676434462,-0.015237509970127,0.015237509970127,8.13157648947392e-05,10.0
2734.566,0.2909765165,0.3064180730404024,0.3064097646103655,-0.0154415565404024,0.0154415565404024,8.125901018332853e-05,10.0
2735.048,0.2910566452,0.3065495456556254,0.3065484114151012,-0.0154929004556254,0.0154929004556254,8.120231881787511e-05,10.0
2735.53,0.2910810474,0.3066800659439268,0.3066861019518906,-0.0155990185439268,0.0155990185439268,8.11456907079171e-05,10.0
2736.012,0.2912771293,0.3068096291795372,0.3068228301633314,-0.0155324998795372,0.0155324998795372,8.108912576314708e-05,10.0
2736.494,0.291016349,0.3069382306828165,0.3069585900406494,-0.0159218816828165,0.0159218816828165,8.103262389341416e-05,10.0
2736.976,0.2914231519999999,0.3070658658202829,0.3070933756239647,-0.0156427138202829,0.0156427138202829,8.097618500872133e-05,10.0
2737.458,0.291422105,0.3071925300046405,0.3072271810025569,-0.0157704250046405,0.0157704250046405,8.091980901922871e-05,10.0
2737.941,0.2913473265,0.3073184784425745,0.3073602748448137,-0.0159711519425745,0.0159711519425745,8.086337906813749e-05,10.0
2738.423,0.2914515758,0.3074431851058886,0.3074921002158969,-0.0159916093058886,0.0159916093058886,8.080712873015573e-05,10.0
2738.905,0.291639443,0.3075669073223949,0.3076229279357529,-0.0159274643223948,0.0159274643223948,8.075094101858381e-05,10.0
2739.387,0.2913737649,0.3076896406898828,0.3077527522929941,-0.0163158757898828,0.0163158757898828,8.069481584419646e-05,10.0
2739.869,0.2916254781,0.3078113808524441,0.3078815676266759,-0.016185902752444,0.016185902752444,8.06387531179183e-05,10.0
2740.351,0.2915691811,0.3079321235004902,0.3080093683265464,-0.0163629424004902,0.0163629424004902,8.058275275082865e-05,10.0
2740.833,0.2917246807,0.3080518643707711,0.3081361488332922,-0.0163271836707711,0.0163271836707711,8.052681465415835e-05,10.0
2741.315,0.2917701195,0.3081705992463909,0.3082619036387837,-0.0164004797463909,0.0164004797463909,8.047093873928934e-05,10.0
2741.798,0.2918049079,0.3082885671460277,0.3083868849734258,-0.0164836592460276,0.0164836592460276,8.041500918593222e-05,10.0
2742.28,0.2920181925,0.3084052754585375,0.3085105699018284,-0.0163870829585375,0.0163870829585375,8.035925749797224e-05,10.0
2742.762,0.2920369344,0.3085209653955543,0.3086332129030368,-0.0164840309955542,0.0164840309955542,8.030356772668964e-05,10.0
2743.244,0.2918444685,0.3086356329258317,0.3087548086761517,-0.0167911644258317,0.0167911644258317,8.024793978407152e-05,10.0
2743.726,0.2922307691,0.3087492740645404,0.3088753519726402,-0.0165185049645403,0.0165185049645403,8.019237358225735e-05,10.0
2744.208,0.2921433136,0.3088618848732757,0.3089948375965636,-0.0167185712732757,0.0167185712732757,8.013686903353581e-05,10.0
2744.69,0.2919747283,0.3089734614600667,0.309113260404804,-0.0169987331600667,0.0169987331600667,8.008142605034535e-05,10.0
2745.172,0.292337256,0.3090839999793813,0.3092306153072862,-0.0167467439793813,0.0167467439793813,8.002604454527473e-05,10.0
2745.655,0.2923172216,0.309193722717983,0.3093471373972938,-0.016876501117983,0.016876501117983,7.997060972279526e-05,10.0
2746.137,0.2923060423,0.3093021715783302,0.3094623391898097,-0.0169961292783301,0.0169961292783301,7.991535103942143e-05,10.0
2746.619,0.2923851618,0.3094095711056509,0.3095764581166302,-0.0170244093056509,0.0170244093056509,7.98601535726475e-05,10.0
2747.101,0.2924787201,0.3095159176403119,0.30968948930215,-0.0170371975403119,0.0170371975403119,7.980501723565565e-05,10.0
2747.583,0.2924338133999999,0.3096212075691357,0.3098014279248839,-0.0171873941691357,0.0171873941691357,7.974994194178024e-05,10.0
2748.065,0.2924292008,0.309725437325402,0.3099122692176777,-0.017296236525402,0.017296236525402,7.969492760450067e-05,10.0
2748.547,0.2925323809,0.3098286033888464,0.3100220084679098,-0.0172962224888463,0.0172962224888463,7.963997413744454e-05,10.0
2749.029,0.2925816901,0.3099307022856584,0.3101306410176955,-0.0173490121856584,0.0173490121856584,7.958508145438629e-05,10.0
2749.511,0.2926445935,0.3100317305884795,0.3102381622640846,-0.0173871370884795,0.0173871370884795,7.953024946924812e-05,10.0
2749.994,0.2927012766,0.3101318911718096,0.3103447872542917,-0.0174306145718096,0.0174306145718096,7.947536452549214e-05,10.0
2750.476,0.2929201175,0.3102307659518468,0.3104500699767656,-0.0173106484518468,0.0173106484518468,7.942065380402907e-05,10.0
2750.958,0.2926275015,0.3103285601277157,0.3105542279094119,-0.0177010586277157,0.0177010586277157,7.93660035229553e-05,10.0
2751.44,0.2926910747,0.3104252704579183,0.3106572566710784,-0.0177341957579182,0.0177341957579182,7.93114135967749e-05,10.0
2751.922,0.2928006276,0.3105208937473818,0.310759151936504,-0.0177202661473818,0.0177202661473818,7.925688394014156e-05,10.0
2752.404,0.2929527612,0.3106154268474524,0.3108599094365036,-0.0176626656474524,0.0176626656474524,7.920241446785188e-05,10.0
2752.886,0.2930224043,0.3107088666558855,0.310959524958146,-0.0176864623558854,0.0176864623558854,7.914800509485033e-05,10.0
2753.368,0.2928079629,0.3108012101168373,0.3110579943449335,-0.0179932472168373,0.0179932472168373,7.909365573622382e-05,10.0
2753.851,0.2931883456,0.3108926423791345,0.311155514205451,-0.0177042967791344,0.0177042967791344,7.903925373577133e-05,10.0
2754.333,0.2931747228,0.3109827818731269,0.3112516766807071,-0.0178080590731268,0.0178080590731268,7.89850242758057e-05,10.0
2754.815,0.2932363226,0.3110718161244048,0.3113466808837337,-0.0178354935244048,0.0178354935244048,7.893085457616648e-05,10.0
2755.297,0.2933587576,0.3111597422627177,0.3114405228856026,-0.0178009846627176,0.0178009846627176,7.887674455251754e-05,10.0
2755.779,0.2931458108,0.3112465574641579,0.3115331988146637,-0.0181007466641578,0.0181007466641578,7.88226941206662e-05,10.0
2756.261,0.2932161448,0.3113322589511487,0.3116247048567063,-0.0181161141511487,0.0181161141511487,7.876870319656165e-05,10.0
2756.743,0.293218277,0.3114168439924301,0.3117150372551177,-0.01819856699243,0.01819856699243,7.871477169629677e-05,10.0
2757.225,0.2933417938,0.3115003099030438,0.3118041923110375,-0.0181585161030438,0.0181585161030438,7.866089953610543e-05,10.0
2757.708,0.2933604602,0.311582823714905,0.31189234767221,-0.018222363514905,0.018222363514905,7.860697504887446e-05,10.0
2758.189,0.2934166198,0.3116638738238562,0.3119789558896376,-0.0182472540238562,0.0182472540238562,7.855333290159249e-05,10.0
2758.672,0.2934503629,0.3117441316901336,0.3120647336635825,-0.0182937687901336,0.0182937687901336,7.849952692214509e-05,10.0
2759.154,0.2934929997,0.3118230928082588,0.3121491410455866,-0.0183300931082588,0.0183300931082588,7.844589140976707e-05,10.0
2759.636,0.2935915091,0.3119009220598635,0.3122323534553115,-0.0183094129598635,0.0183094129598635,7.839231482058955e-05,10.0
2760.118,0.2936173394,0.3119776170375586,0.3123143675436334,-0.0183602776375586,0.0183602776375586,7.833879707169751e-05,10.0
2760.6,0.2936027783,0.3120531753801403,0.312395180020189,-0.0184503970801402,0.0184503970801402,7.82853380803132e-05,10.0
2761.082,0.2937166175,0.3121275947725689,0.3124747876535066,-0.0184109772725689,0.0184109772725689,7.823193776380083e-05,10.0
2761.564,0.2935419216,0.3122008729459518,0.3125531872711364,-0.0186589513459518,0.0186589513459518,7.81785960396641e-05,10.0
2762.046,0.2936357597,0.3122730076775217,0.3126303757597765,-0.0186372479775216,0.0186372479775216,7.812531282554778e-05,10.0
2762.529,0.2938199337,0.3123441428785821,0.3127065064242098,-0.0185242091785821,0.0185242091785821,7.807197767504516e-05,10.0
2763.011,0.2937333586,0.3124139818592225,0.3127812610238357,-0.0186806232592224,0.0186806232592224,7.801881135541816e-05,10.0
2763.493,0.2936695353,0.312482671002023,0.3128547955046493,-0.0188131357020229,0.0188131357020229,7.796570329940773e-05,10.0
2763.975,0.2936772376,0.3125502082686108,0.3129271069912749,-0.0188729706686107,0.0188729706686107,7.791265342521125e-05,10.0
2764.457,0.2937291632,0.3126165916666322,0.3129981926680732,-0.0188874284666322,0.0188874284666322,7.785966165116639e-05,10.0
2764.939,0.2937227997,0.3126818192497333,0.3130680497792538,-0.0189590195497332,0.0189590195497332,7.780672789575023e-05,10.0
2765.421,0.2936437959,0.3127458891175351,0.3131366756289797,-0.019102093217535,0.019102093217535,7.775385207757409e-05,10.0
2765.903,0.2934653875,0.3128087994156125,0.3132040675814721,-0.0193434119156125,0.0193434119156125,7.770103411539026e-05,10.0
2766.385,0.293761833,0.3128705483354697,0.3132702230611103,-0.0191087153354696,0.0191087153354696,7.764827392808682e-05,10.0
2766.868,0.293635197,0.3129312586008747,0.313335272944409,-0.0192960616008747,0.0192960616008747,7.759546215333134e-05,10.0
2767.35,0.2935866471,0.312990677103937,0.3133989454144765,-0.019404030003937,0.019404030003937,7.75428173924438e-05,10.0
2767.832,0.2939016229,0.313048929075216,0.3134613740418344,-0.019147306175216,0.019147306175216,7.749023016375198e-05,10.0
2768.314,0.2937701959,0.3131060128897923,0.3135225564925684,-0.0193358169897923,0.0193358169897923,7.743770038669017e-05,10.0
2768.796,0.2938992893,0.3131619269685554,0.3135824904933821,-0.0192626376685554,0.0192626376685554,7.738522798083082e-05,10.0
2769.278,0.2938506862,0.3132166697781793,0.3136411738316805,-0.0193659835781793,0.0193659835781793,7.733281286587647e-05,10.0
2769.76,0.2937627337,0.3132702398310972,0.3136986043556491,-0.0195075061310972,0.0195075061310972,7.728045496166897e-05,10.0
2770.242,0.2939105704,0.3133226356854758,0.3137547799743316,-0.0194120652854757,0.0194120652854757,7.722815418818436e-05,10.0
2770.725,0.2937920213,0.3133739609883165,0.313809811288925,-0.0195819396883165,0.0195819396883165,7.717580213531614e-05,10.0
2771.207,0.2938796652,0.3134240018597545,0.3138634684541296,-0.0195443366597545,0.0195443366597545,7.712361550185799e-05,10.0
2771.689,0.2940635829,0.3134728644786373,0.3139158648031634,-0.0194092815786373,0.0194092815786373,7.707148575969189e-05,10.0
2772.171,0.2938851724,0.3135205475859015,0.3139669984893437,-0.0196353751859014,0.0196353751859014,7.701941282933227e-05,10.0
2772.653,0.2936982824,0.3135670499680876,0.3140168677271889,-0.0198687675680875,0.0198687675680875,7.696739663142644e-05,10.0
2773.135,0.2938748119,0.3136123704573122,0.3140654707924775,-0.0197375585573122,0.0197375585573122,7.691543708675422e-05,10.0
2773.617,0.294170109,0.3136565079312418,0.3141128060223045,-0.0194863989312417,0.0194863989312417,7.686353411623088e-05,10.0
2774.099,0.2937975747,0.3136994613130656,0.3141588718151358,-0.0199018866130656,0.0199018866130656,7.681168764090127e-05,10.0
2774.582,0.2940942417,0.3137413149949828,0.3142037582439481,-0.0196470732949827,0.0196470732949827,7.675979019228093e-05,10.0
2775.064,0.2942984316,0.3137818946823167,0.3142472779624743,-0.0194834630823167,0.0194834630823167,7.670805658781424e-05,10.0
2775.546,0.2942271379,0.3138212873180734,0.314289523805242,-0.0195941494180734,0.0195941494180734,7.665637924231402e-05,10.0
2776.028,0.2940027118,0.3138594920073542,0.3143304944168056,-0.0198567802073542,0.0198567802073542,7.660475807735787e-05,10.0
2776.51,0.29421314,0.3138965079006462,0.3143701885033132,-0.0196833679006462,0.0196833679006462,7.655319301465328e-05,10.0
2776.992,0.294163236,0.3139323341937945,0.3144086048325449,-0.0197690981937945,0.0197690981937945,7.650168397603831e-05,10.0
2777.474,0.2941708969,0.3139669701279742,0.3144457422339448,-0.0197960732279742,0.0197960732279742,7.645023088348472e-05,10.0
2777.956,0.2942948078,0.314000414989662,0.3144815995986501,-0.019705607189662,0.019705607189662,7.639883365909341e-05,10.0
2778.438,0.2942544906,0.3140326681106088,0.3145161758795211,-0.0197781775106088,0.0197781775106088,7.63474922250956e-05,10.0
2778.921,0.2940442632,0.3140637920693483,0.3145495378329312,-0.0200195288693483,0.0200195288693483,7.629610015980187e-05,10.0
2779.403,0.2942457052,0.3140936574094659,0.314581546388985,-0.0198479522094659,0.0198479522094659,7.624487018915314e-05,10.0
2779.885,0.2943294969,0.3141223292743957,0.314612271088613,-0.0197928323743957,0.0197928323743957,7.619369577621515e-05,10.0
2780.367,0.2942252612,0.3141498071767937,0.3146417111319005,-0.0199245459767937,0.0199245459767937,7.614257684373825e-05,10.0
2780.849,0.2942084038,0.3141760906744476,0.3146698657807456,-0.0199676868744475,0.0199676868744475,7.609151331460469e-05,10.0
2781.331,0.2941144128,0.3142011793702483,0.3146967343588688,-0.0200867665702483,0.0200867665702483,7.604050511182415e-05,10.0
2781.813,0.2941449914,0.3142250729121607,0.3147223162518191,-0.0200800815121607,0.0200800815121607,7.59895521585365e-05,10.0
2782.295,0.2941618163,0.3142477709931964,0.3147466109069788,-0.0200859546931964,0.0200859546931964,7.593865437800942e-05,10.0
2782.778,0.2942543942,0.3142693167189757,0.3147696642268771,-0.0200149225189757,0.0200149225189757,7.588770626811016e-05,10.0
2783.26,0.294050168,0.3142896206559302,0.3147913803230004,-0.0202394526559302,0.0202394526559302,7.583691871749003e-05,10.0
2783.742,0.2941052019,0.3143087284807145,0.3148118078937659,-0.0202035265807145,0.0202035265807145,7.578618611004423e-05,10.0
2784.224,0.2939566742,0.3143266400663264,0.31483094663399,-0.0203699658663263,0.0203699658663263,7.573550836955314e-05,10.0
2784.706,0.29416402,0.3143433553306639,0.3148487963002947,-0.0201793353306639,0.0201793353306639,7.568488541992414e-05,10.0
2785.188,0.2941963813,0.3143588742364974,0.3148653567110943,-0.0201624929364974,0.0201624929364974,7.563431718519078e-05,10.0
2785.67,0.2940474861,0.3143731967914391,0.3148806277465773,-0.0203257106914391,0.0203257106914391,7.558380358951551e-05,10.0
2786.152,0.2941058498,0.3143863230479153,0.3148946093486882,-0.0202804732479153,0.0202804732479153,7.553334455718455e-05,10.0
2786.635,0.2940774236,0.3143982766109311,0.3149073265130873,-0.0203208530109311,0.0203208530109311,7.548283549545745e-05,10.0
2787.116,0.2940003528,0.3144089870990648,0.3149187043292022,-0.0204086342990647,0.0204086342990647,7.543258988034236e-05,10.0
2787.599,0.2941286697,0.314418543768078,0.3149288375425216,-0.020289874068078,0.020289874068078,7.538218979334433e-05,10.0
2788.081,0.2939643084,0.3144268837698801,0.3149376593906815,-0.0204625753698801,0.0204625753698801,7.533194837229434e-05,10.0
2788.563,0.2940268419,0.3144340284071399,0.3149451924411917,-0.0204071865071399,0.0204071865071399,7.528176113776433e-05,10.0
2789.045,0.2939844775,0.3144399780006395,0.3149514370060698,-0.0204555005006394,0.0204555005006394,7.523162801479548e-05,10.0
2789.527,0.2939938581,0.3144447329157698,0.3149563934588671,-0.0204508748157697,0.0204508748157697,7.518154892855593e-05,10.0
2790.009,0.2938558398,0.3144482935624986,0.3149600622346244,-0.0205924537624985,0.0205924537624985,7.513152380433721e-05,10.0
2790.491,0.2939240004,0.3144506603953426,0.3149624438298263,-0.0205266599953426,0.0205266599953426,7.5081552567557e-05,10.0
2790.973,0.2937626024,0.3144518339133373,0.3149635388023517,-0.0206892315133372,0.0206892315133372,7.50316351437547e-05,10.0
2791.456,0.2939091075,0.3144518133805809,0.3149633460387572,-0.0205427058805809,0.0205427058805809,7.498166806277678e-05,10.0
2791.938,0.2938895361,0.3144505994711414,0.314961867018985,-0.0205610633711413,0.0205610633711413,7.493185815330999e-05,10.0
2792.42,0.2937636772,0.3144481940121315,0.3149591034196069,-0.0206845168121315,0.0206845168121315,7.4882101834032e-05,10.0
2792.902,0.2938882887,0.3144445976804558,0.3149550560436568,-0.0205563089804558,0.0205563089804558,7.483239903098014e-05,10.0
2793.384,0.2937017453,0.3144398111973882,0.3149497257552733,-0.0207380658973882,0.0207380658973882,7.478274967030984e-05,10.0
2793.866,0.2939288687999999,0.3144338353285422,0.3149431134796346,-0.0205049665285422,0.0205049665285422,7.473315367830427e-05,10.0
2794.348,0.2939185439,0.3144266708838406,0.3149352202028872,-0.0205081269838405,0.0205081269838405,7.468361098136624e-05,10.0
2794.83,0.293792479,0.3144183187174858,0.3149260469720749,-0.0206258397174858,0.0206258397174858,7.463412150602263e-05,10.0
2795.312,0.2937546163,0.314408779727929,0.3149155948950634,-0.020654163427929,0.020654163427929,7.458468517891918e-05,10.0
2795.795,0.2939659626999999,0.3143980313750308,0.3149038394775728,-0.0204320686750308,0.0204320686750308,7.453519952706677e-05,10.0
2796.277,0.2938730069,0.3143861191540394,0.3148908306277417,-0.0205131122540394,0.0205131122540394,7.448586938676237e-05,10.0
2796.759,0.2938389301,0.3143730230725758,0.3148765466221848,-0.0205340929725758,0.0205340929725758,7.443659217522028e-05,10.0
2797.241,0.2938015597,0.3143587442058749,0.3148609888113717,-0.0205571845058749,0.0205571845058749,7.43873678195749e-05,10.0
2797.723,0.2939215386,0.3143432836732689,0.3148441586061764,-0.0204217450732688,0.0204217450732688,7.433819624708171e-05,10.0
2798.205,0.2939303843,0.3143266426381557,0.3148260574777839,-0.0203962583381556,0.0203962583381556,7.428907738511412e-05,10.0
2798.687,0.2937203175,0.3143088223079675,0.314806686957594,-0.0205885048079675,0.0205885048079675,7.424001116116896e-05,10.0
2799.169,0.2939510968,0.3142898239341419,0.3147860486371262,-0.0203387271341419,0.0203387271341419,7.419099750286231e-05,10.0
2799.652,0.2937311818999999,0.3142696057326847,0.3147640974079794,-0.0205384238326847,0.0205384238326847,7.41419348132646e-05,10.0
2800.134,0.2938649304,0.3142482527645702,0.314740925879985,-0.0203833223645702,0.0203833223645702,7.409302617824299e-05,10.0
2800.616,0.2936946136,0.3142257257737575,0.3147164916896943,-0.0205311121737575,0.0205311121737575,7.404416989227628e-05,10.0
2801.098,0.2938504976,0.314202026187478,0.3146907966681873,-0.020351528587478,0.020351528587478,7.399536588345844e-05,10.0
2801.58,0.2935505156,0.3141771554768114,0.314663842706131,-0.0206266398768114,0.0206266398768114,7.394661408000298e-05,10.0
2802.062,0.2936856012,0.3141511151566525,0.3146356317536644,-0.0204655139566524,0.0204655139566524,7.389791441024152e-05,10.0
2802.544,0.293485867,0.3141239067856794,0.3146061658202801,-0.0206380397856794,0.0206380397856794,7.384926680262615e-05,10.0
2803.026,0.2935603533,0.3140955319663224,0.3145754469747058,-0.0205351786663223,0.0205351786663223,7.380067118572483e-05,10.0
2803.509,0.2933681996,0.3140659298495643,0.314543409719067,-0.0206977302495643,0.0206977302495643,7.375202682908032e-05,10.0
2803.991,0.2933061152,0.3140352247042625,0.3145101889034751,-0.0207291095042624,0.0207291095042624,7.370353508728231e-05,10.0
2804.473,0.2930609812999999,0.3140033581836922,0.3144757217407553,-0.0209423768836922,0.0209423768836922,7.365509512246451e-05,10.0
2804.955,0.2929213001,0.3139703320650547,0.3144400105354358,-0.0210490319650547,0.0210490319650547,7.36067068636702e-05,10.0
2805.437,0.2930358281,0.3139361481691391,0.3144030576506352,-0.0209003200691391,0.0209003200691391,7.355837024005461e-05,10.0
2805.919,0.2930022466999999,0.3139008083602901,0.3143648655079282,-0.0208985616602901,0.0208985616602901,7.351008518089355e-05,10.0
2806.401,0.292969439,0.313864314546372,0.3143254365872026,-0.0208948755463719,0.0208948755463719,7.346185161557692e-05,10.0
2806.883,0.2927516957,0.3138266686787379,0.3142847734265208,-0.0210749729787378,0.0210749729787378,7.341366947361349e-05,10.0
2807.365,0.2929576295,0.3137878727521941,0.314242878621973,-0.0208302432521941,0.0208302432521941,7.336553868462643e-05,10.0
2807.848,0.2929436003,0.3137478447417792,0.3141996640834171,-0.0208042444417791,0.0208042444417791,7.331735948160249e-05,10.0
2808.33,0.2929588271,0.3137067524802033,0.3141553114694924,-0.0207479253802033,0.0207479253802033,7.32693312940827e-05,10.0
2808.812,0.2929043561,0.3136645164089667,0.3141097353524567,-0.0207601603089667,0.0207601603089667,7.322135424896149e-05,10.0
2809.294,0.2931907065,0.3136211386964341,0.3140629385591293,-0.0204304321964341,0.0204304321964341,7.317342827632669e-05,10.0
2809.776,0.2929161909,0.3135766215542489,0.3140149239735924,-0.0206604306542489,0.0206604306542489,7.312555330637968e-05,10.0
2810.258,0.2929357918999999,0.3135309672372987,0.3139656945370304,-0.0205951753372987,0.0205951753372987,7.307772926943914e-05,10.0
2810.74,0.2929725649,0.3134841780436784,0.3139152532475672,-0.0205116131436784,0.0205116131436784,7.302995609593694e-05,10.0
2811.222,0.2927956998,0.3134362563146545,0.3138636031600978,-0.0206405565146545,0.0206405565146545,7.298223371641844e-05,10.0
2811.705,0.2928737224,0.3133871014941301,0.3138106364757214,-0.0205133790941301,0.0205133790941301,7.293446321037704e-05,10.0
2812.187,0.2928917978,0.3133369195534763,0.3137565756916516,-0.0204451217534762,0.0204451217534762,7.288684231594707e-05,10.0
2812.669,0.2930445202,0.313285612365046,0.3137013156199448,-0.020241092165046,0.020241092165046,7.283927200768219e-05,10.0
2813.151,0.2927355423,0.3132331824425091,0.3136448595409881,-0.0204976401425091,0.0204976401425091,7.279175221658628e-05,10.0
2813.633,0.2927927873,0.3131796323425185,0.313587210791071,-0.0203868450425185,0.0203868450425185,7.274428287377557e-05,10.0
2814.115,0.2929086596,0.3131249646646729,0.3135283727622022,-0.0202163050646728,0.0202163050646728,7.269686391047722e-05,10.0
2814.597,0.2926651609,0.3130691820514772,0.313468348901927,-0.0204040211514772,0.0204040211514772,7.264949525803665e-05,10.0
2815.079,0.2925552881,0.3130122871883025,0.3134071427131383,-0.0204569990883024,0.0204569990883024,7.26021768479069e-05,10.0
2815.562,0.2926230961,0.3129541613108706,0.3133446271016825,-0.0203310652108706,0.0203310652108706,7.255481059688459e-05,10.0
2816.043,0.2925995764,0.312895171667596,0.3132811976371985,-0.020295595267596,0.020295595267596,7.250769048096563e-05,10.0
2816.526,0.2925677412,0.312834830521677,0.3132163305177333,-0.020267089321677,0.020267089321677,7.246042458047696e-05,10.0
2817.008,0.2925641301,0.3127735120868267,0.3131504287252639,-0.0202093819868267,0.0202093819868267,7.241330655999244e-05,10.0
2817.49,0.2924517108,0.3127110954764994,0.3130833629501465,-0.0202593846764994,0.0202593846764994,7.236623844063836e-05,10.0
2817.972,0.2924751158,0.3126475836325001,0.3130151370234094,-0.0201724678325,0.0201724678325,7.231922015454189e-05,10.0
2818.454,0.2924109186,0.3125829795392094,0.3129457548300494,-0.0201720609392094,0.0201720609392094,7.227225163394202e-05,10.0
2818.936,0.2924050035,0.3125172862235424,0.3128752203088245,-0.0201122827235424,0.0201122827235424,7.22253328111887e-05,10.0
2819.418,0.2921881189,0.312450506754903,0.3128035374520447,-0.020262387854903,0.020262387854903,7.217846361874325e-05,10.0
2819.9,0.2921534851,0.3123826442451397,0.3127307103053594,-0.0202291591451397,0.0202291591451397,7.213164398917579e-05,10.0
2820.383,0.2920713767,0.312313557694154,0.3126565883259826,-0.020242180994154,0.020242180994154,7.208477687309906e-05,10.0
2820.865,0.2921983761,0.3122435363767954,0.3125814825961431,-0.0200451602767954,0.0200451602767954,7.203805626992412e-05,10.0
2821.347,0.2920320454,0.3121724416148348,0.3125052450400056,-0.0201403962148348,0.0201403962148348,7.199138502786374e-05,10.0
2821.829,0.2918944955,0.3121002766895292,0.3124278799145187,-0.0202057811895292,0.0202057811895292,7.194476307993179e-05,10.0
2822.311,0.2917365769,0.3120270449243466,0.3123493915288721,-0.0202904680243465,0.0202904680243465,7.189819035924866e-05,10.0
2822.793,0.2919373393,0.3119527496849197,0.3122697842442733,-0.0200154103849197,0.0200154103849197,7.185166679904557e-05,10.0
2823.275,0.2918168335,0.3118773943789958,0.3121890624737163,-0.0200605608789958,0.0200605608789958,7.18051923326642e-05,10.0
2823.757,0.2919207638,0.3118009824563865,0.3121072306817508,-0.0198802186563865,0.0198802186563865,7.175876689355207e-05,10.0
2824.24,0.2917637887,0.3117233556007767,0.3120241201691576,-0.0199595669007766,0.0199595669007766,7.171229424935632e-05,10.0
2824.722,0.2919790527,0.3116448387883659,0.3119400796537565,-0.0196657860883658,0.0196657860883658,7.166596676693907e-05,10.0
2825.204,0.2918807773,0.311565275968047,0.3118549428272174,-0.019684498668047,0.019684498668047,7.16196881126545e-05,10.0
2825.686,0.2917708456,0.3114846707574652,0.3117687143580597,-0.0197138251574652,0.0197138251574652,7.157345822038331e-05,10.0
2826.168,0.2916235322,0.311403026816069,0.3116813989651661,-0.019779494616069,0.019779494616069,7.152727702412182e-05,10.0
2826.65,0.2917465598,0.3113203478450577,0.311593001417538,-0.0195737880450577,0.0195737880450577,7.148114445796403e-05,10.0
2827.132,0.2915416173,0.3112366375873249,0.3115035265340483,-0.0196950202873249,0.0196950202873249,7.143506045611917e-05,10.0
2827.614,0.2912091092,0.3111518998274025,0.3114129791831917,-0.0199427906274025,0.0199427906274025,7.138902495290051e-05,10.0
2828.096,0.2913335118,0.3110661383914042,0.3113213642828319,-0.0197326265914041,0.0197326265914041,7.134303788272918e-05,10.0
2828.579,0.2911972692,0.3109791760455082,0.3112284934219333,-0.0197819068455082,0.0197819068455082,7.129700392185257e-05,10.0
2829.061,0.2912478713999999,0.310891376798151,0.3111347561834904,-0.019643505398151,0.019643505398151,7.125111362161009e-05,10.0
2829.543,0.2912072989,0.310802565610203,0.3110399664533578,-0.019595266710203,0.019595266710203,7.120527155818316e-05,10.0
2830.025,0.2910027357,0.3107127464736011,0.3109441293444128,-0.019710010773601,0.019710010773601,7.115947766641872e-05,10.0
2830.507,0.2909311745,0.3106219234215654,0.3108472500176086,-0.0196907489215654,0.0196907489215654,7.111373188127188e-05,10.0
2830.989,0.2908205966,0.3105301005285364,0.3107493336817089,-0.0197095039285364,0.0197095039285364,7.106803413780098e-05,10.0
2831.471,0.2909099632,0.3104372819101108,0.3106503855930203,-0.0195273187101107,0.0195273187101107,7.102238437117229e-05,10.0
2831.953,0.290718357,0.3103434717229774,0.3105504110551227,-0.0196251147229773,0.0196251147229773,7.097678251665708e-05,10.0
2832.436,0.2907834191,0.3102484764659841,0.3104492048263896,-0.0194650573659841,0.0194650573659841,7.093113404893501e-05,10.0
2832.918,0.2908692204,0.3101526937402816,0.3103471913869253,-0.0192834733402816,0.0192834733402816,7.088562792394752e-05,10.0
2833.4,0.2906106271999999,0.3100559321707503,0.3102441677012472,-0.0194453049707503,0.0194453049707503,7.084016951738271e-05,10.0
2833.882,0.2904841891,0.3099581960778649,0.3101401392593864,-0.0194740069778648,0.0194740069778648,7.079475876493246e-05,10.0
2834.364,0.290555794,0.309859489822853,0.3100351115972668,-0.019303695822853,0.019303695822853,7.074939560239288e-05,10.0
2834.846,0.2902296086,0.3097598178076249,0.3099290902964244,-0.0195302092076249,0.0195302092076249,7.070407996566376e-05,10.0
2835.328,0.2906191241,0.3096591844747006,0.3098220809837219,-0.0190400603747006,0.0190400603747006,7.0658811790748e-05,10.0
2835.81,0.2903747835,0.309557594307136,0.3097140893310627,-0.019182810807136,0.019182810807136,7.061359101375596e-05,10.0
2836.292,0.2903747636,0.3094550518284484,0.3096051210551023,-0.0190802882284484,0.0190802882284484,7.056841757089802e-05,10.0
2836.775,0.2903263527,0.3093513459105371,0.3094949528222724,-0.0190249932105371,0.0190249932105371,7.052319782481801e-05,10.0
2837.257,0.2902736362,0.3092469105897106,0.3093840466311067,-0.0189732743897106,0.0189732743897106,7.0478118957152e-05,10.0
2837.739,0.2902511278,0.3091415367799989,0.3092721812443909,-0.0188904089799988,0.0188904089799988,7.043308723274474e-05,10.0
2838.221,0.2900850411,0.3090352291660795,0.3091593625549587,-0.0189501880660795,0.0189501880660795,7.038810258822058e-05,10.0
2838.703,0.2901221921,0.3089279924726994,0.3090455964989238,-0.0188058003726994,0.0188058003726994,7.034316496030792e-05,10.0
2839.185,0.2899495236,0.3088198314645946,0.3089308890553822,-0.0188703078645945,0.0188703078645945,7.029827428583752e-05,10.0
2839.667,0.2899144307,0.3087107509464041,0.3088152462461078,-0.018796320246404,0.018796320246404,7.025343050174132e-05,10.0
2840.149,0.2900525237,0.3086007557625871,0.3086986741352494,-0.0185482320625871,0.0185482320625871,7.020863354505485e-05,10.0
2840.632,0.2897723664,0.3084896197617413,0.3085809341074291,-0.0187172533617412,0.0187172533617412,7.016379055875903e-05,10.0
2841.114,0.2896793999,0.3083778080667414,0.3084625198576506,-0.0186984081667413,0.0186984081667413,7.011908716523007e-05,10.0
2841.596,0.2895929018,0.3082650964878773,0.3083431947628015,-0.0186721946878772,0.0186721946878772,7.007443041069501e-05,10.0
2842.078,0.2895419402,0.3081514900280915,0.3082229650535398,-0.0186095498280914,0.0186095498280914,7.00298202325989e-05,10.0
2842.56,0.2895617998,0.308036993729699,0.3081018370013491,-0.0184751939296989,0.0184751939296989,6.998525656848167e-05,10.0
2843.042,0.2892110776,0.3079216126742963,0.3079798169182259,-0.0187105350742962,0.0187105350742962,6.99407393559894e-05,10.0
2843.524,0.2893338861,0.307805351982664,0.3078569111563614,-0.018471465882664,0.018471465882664,6.989626853286554e-05,10.0
2844.006,0.2893601994999999,0.3076882168146735,0.307733126107824,-0.0183280173146735,0.0183280173146735,6.985184403695665e-05,10.0
2844.489,0.2890380915,0.3075699666467,0.307608208675034,-0.0185318751467,0.0185318751467,6.980737378323982e-05,10.0
2844.97,0.2891408622,0.3074513438839519,0.3074829439164609,-0.0183104816839518,0.0183104816839518,6.976313377866744e-05,10.0
2845.453,0.2889645602,0.3073313673497345,0.3073562966571573,-0.0183668071497345,0.0183668071497345,6.971875606096867e-05,10.0
2845.935,0.2889967924,0.3072107848882395,0.3072290574053398,-0.0182139924882394,0.0182139924882394,6.967451634991837e-05,10.0
2846.417,0.2891551691,0.3070893543437324,0.3071009714277715,-0.0179341852437324,0.0179341852437324,6.963032265668523e-05,10.0
2846.899,0.2888862173,0.3069670811085833,0.3069720453490722,-0.0180808638085833,0.0180808638085833,6.95861749197157e-05,10.0
2847.381,0.2886963659,0.3068439706135307,0.3068422858314584,-0.0181476047135307,0.0181476047135307,6.954207307755556e-05,10.0
2847.863,0.2886348217,0.3067200283275721,0.3067116995744126,-0.0180852066275721,0.0180852066275721,6.94980170688476e-05,10.0
2848.345,0.2885279663,0.3065952597578549,0.3065802933143492,-0.0180672934578549,0.0180672934578549,6.945400683233634e-05,10.0
2848.827,0.2887162301,0.3064696704495603,0.3064480738242786,-0.0177534403495603,0.0177534403495603,6.94100423068628e-05,10.0
2849.31,0.2886519445,0.3063430028924082,0.306314771092575,-0.0176910583924082,0.0176910583924082,6.936603236077975e-05,10.0
2849.792,0.2885814019,0.3062157872204097,0.3061809439544906,-0.0176343853204097,0.0176343853204097,6.93221591688214e-05,10.0
2850.274,0.2883800774,0.3060877676842168,0.3060463241359423,-0.0177076902842168,0.0177076902842168,6.927833150489127e-05,10.0
2850.756,0.2885690711,0.3059589499800674,0.3059109185530134,-0.0173898788800674,0.0173898788800674,6.923454930822542e-05,10.0
2851.238,0.2883084193,0.3058293398416438,0.3057747341566812,-0.0175209205416437,0.0175209205416437,6.919081251815632e-05,10.0
2851.72,0.2884195256,0.3056989430399476,0.3056377779324727,-0.0172794174399475,0.0172794174399475,6.914712107411453e-05,10.0
2852.202,0.2882416875,0.3055677653831761,0.3055000569001194,-0.017326077883176,0.017326077883176,6.910347491562941e-05,10.0
2852.684,0.2884553304,0.305435812716594,0.3053615781132083,-0.016980482316594,0.016980482316594,6.905987398232566e-05,10.0
2853.167,0.2879817422,0.3053028147705783,0.3052220590256619,-0.0173210725705783,0.0173210725705783,6.901622789616895e-05,10.0
2853.649,0.2878793027,0.3051693281905457,0.3050820844888692,-0.0172900254905457,0.0172900254905457,6.897271732601063e-05,10.0
2854.131,0.2879094354,0.3050350843699896,0.3049413735727911,-0.0171256489699895,0.0171256489699895,6.892925180036709e-05,10.0
2854.613,0.2877925239,0.3049000893012046,0.3047999334629993,-0.0171075654012046,0.0171075654012046,6.888583125925392e-05,10.0
2855.095,0.2877665484,0.3047643490128867,0.3046577713771611,-0.0169978006128867,0.0169978006128867,6.884245564277952e-05,10.0
2855.577,0.2875781435,0.3046278695699917,0.3045148945646809,-0.0170497260699917,0.0170497260699917,6.87991248911505e-05,10.0
2856.059,0.2874870037,0.3044906570735954,0.3043713103063453,-0.0170036533735954,0.0170036533735954,6.875583894466767e-05,10.0
2856.541,0.287365425,0.3043527176607491,0.3042270259139625,-0.0169872926607491,0.0169872926607491,6.871259774372988e-05,10.0
2857.023,0.2874259369,0.3042140575043341,0.304082048730002,-0.0167881206043341,0.0167881206043341,6.866940122882899e-05,10.0
2857.506,0.2872415346,0.3040743929153732,0.3039360832153041,-0.0168328583153732,0.0168328583153732,6.86261598601654e-05,10.0
2857.988,0.2870446162,0.3039343084700791,0.3037897411974791,-0.016889692270079,0.016889692270079,6.858305263160477e-05,10.0
2858.47,0.287050013,0.30379352202642,0.3036427286112841,-0.01674350902642,0.01674350902642,6.853998991101219e-05,10.0
2858.952,0.2870262206,0.3036520398991736,0.3034950529182671,-0.0166258192991736,0.0166258192991736,6.849697163926167e-05,10.0
2859.434,0.287049297,0.3035098684381873,0.3033467216088164,-0.0164605714381872,0.0164605714381872,6.845399775732287e-05,10.0
2859.916,0.2870848086999999,0.3033670140282191,0.3031977422017913,-0.0162822053282191,0.0162822053282191,6.841106820625884e-05,10.0
2860.398,0.2868187471,0.3032234830887794,0.3030481222441567,-0.0164047359887793,0.0164047359887793,6.83681829272292e-05,10.0
2860.88,0.2868984628,0.3030792820739645,0.3028978693106081,-0.0161808192739644,0.0161808192739644,6.832534186148611e-05,10.0
2861.363,0.2865315571,0.3029341162380511,0.3027466773328836,-0.0164025591380511,0.0164025591380511,6.828245620596218e-05,10.0
2861.845,0.2864584401,0.3027885932159002,0.3025951800069905,-0.0163301531159002,0.0163301531159002,6.823970348235068e-05,10.0
2862.327,0.2865987786,0.3026424197001659,0.3024430726078607,-0.0160436411001659,0.0160436411001659,6.819699479622627e-05,10.0
2862.809,0.2864503822,0.3024956022816906,0.3022903628174508,-0.0160452200816905,0.0160452200816905,6.815433008921647e-05,10.0
2863.291,0.2864295316999999,0.3023481475850536,0.30213705834358,-0.0159186158850536,0.0159186158850536,6.811170930304308e-05,10.0
2863.773,0.2862040893,0.3022000622683956,0.3019831669195556,-0.0159959729683956,0.0159959729683956,6.806913237952148e-05,10.0
2864.255,0.2861166915,0.3020513530232391,0.3018286963037925,-0.0159346615232391,0.0159346615232391,6.80265992605575e-05,10.0
2864.737,0.2860211783,0.3019020265743066,0.3016736542794364,-0.0158808482743066,0.0158808482743066,6.798410988815324e-05,10.0
2865.219,0.2859577076,0.3017520896793352,0.3015180486539801,-0.0157943820793352,0.0157943820793352,6.794166420440222e-05,10.0
2865.702,0.2858452804,0.3016012361813291,0.3013615627003148,-0.0157559557813291,0.0157559557813291,6.789917422573903e-05,10.0
2866.184,0.2857762541,0.3014500975674968,0.3012048522620633,-0.0156738434674968,0.0156738434674968,6.785681583628313e-05,10.0
2866.666,0.2858563335,0.3012983689913139,0.3010476018038444,-0.0154420354913138,0.0154420354913138,6.781450096219488e-05,10.0
2867.148,0.2857103757999999,0.3011460573407581,0.300889819226777,-0.0154356815407581,0.0154356815407581,6.77722295459358e-05,10.0
2867.63,0.2855889038,0.3009931695358651,0.3007315124544124,-0.015404265735865,0.015404265735865,6.773000153006075e-05,10.0
2868.112,0.2854032793,0.3008397125285299,0.3005726894323502,-0.0154364332285299,0.0154364332285299,6.768781685721684e-05,10.0
2868.594,0.2854069458,0.3006856933023046,0.3004133581278511,-0.0152787475023046,0.0152787475023046,6.764567547013917e-05,10.0
2869.076,0.2853259823,0.3005311188721947,0.3002535265294482,-0.0152051365721947,0.0152051365721947,6.76035773116588e-05,10.0
2869.559,0.2852649904,0.3003756738884543,0.3000928695182362,-0.0151106834884542,0.0151106834884542,6.756143511852042e-05,10.0
2870.041,0.2853040591,0.3002200091051753,0.2999320603844621,-0.0149159500051753,0.0149159500051753,6.751942333547311e-05,10.0
2870.523,0.2850227116,0.3000638103644493,0.2997707750628599,-0.0150410987644493,0.0150410987644493,6.74774546099364e-05,10.0
2871.005,0.2849919536999999,0.2999070848050664,0.2996090216232048,-0.0149151311050664,0.0149151311050664,6.743552888510446e-05,10.0
2871.487,0.2849900349,0.2997498395962106,0.2994468081545939,-0.0147598046962106,0.0147598046962106,6.739364610425733e-05,10.0
2871.969,0.285023084,0.2995920819372404,0.2992841427650548,-0.0145689979372404,0.0145689979372404,6.735180621077112e-05,10.0
2872.451,0.2847587432,0.2994338190574654,0.2991210335811511,-0.0146750758574654,0.0146750758574654,6.731000914810732e-05,10.0
2872.933,0.2846884532,0.2992750582159221,0.2989574887475896,-0.014586605015922,0.014586605015922,6.726825485982096e-05,10.0
2873.416,0.2845097321,0.2991154757988304,0.2987931757965882,-0.0146057436988304,0.0146057436988304,6.722645679539282e-05,10.0
2873.897,0.2844352193,0.298956071830941,0.2986291247986665,-0.0145208525309409,0.0145208525309409,6.718487438104103e-05,10.0
2874.38,0.2843893654,0.2987955280747322,0.2984639797238277,-0.0144061626747322,0.0144061626747322,6.714316176072801e-05,10.0
2874.862,0.2841890403,0.2986348475984043,0.2982987732603963,-0.0144458072984042,0.0144458072984042,6.710157809549536e-05,10.0
2875.344,0.284224791,0.2984737059087143,0.2981331721462383,-0.0142489149087143,0.0142489149087143,6.706003692363445e-05,10.0
2875.826,0.2840167361,0.2983121104382399,0.2979671846266409,-0.0142953743382399,0.0142953743382399,6.701853818923537e-05,10.0
2876.308,0.2839539718,0.2981500686476325,0.2978008189622566,-0.0141960968476325,0.0141960968476325,6.697708183647692e-05,10.0
2876.79,0.2839330589,0.2979875880253706,0.2976340834287044,-0.0140545291253706,0.0140545291253706,6.693566780962572e-05,10.0
2877.272,0.2838413236,0.2978246760875126,0.2974669863161732,-0.0139833524875126,0.0139833524875126,6.689429605303944e-05,10.0
2877.754,0.2839779334,0.2976613403774404,0.2972995359290176,-0.0136834069774404,0.0136834069774404,6.685296651116069e-05,10.0
2878.237,0.2838615979,0.2974972483039756,0.297131392109437,-0.0136356504039756,0.0136356504039756,6.68115935138391e-05,10.0
2878.719,0.2836509739,0.2973330869478348,0.2969632594510448,-0.0136821130478347,0.0136821130478347,6.677034832235677e-05,10.0
2879.201,0.2836748943,0.2971685246268571,0.2967947985294182,-0.0134936303268571,0.0134936303268571,6.672914517932987e-05,10.0
2879.683,0.28366211,0.2970035689912002,0.2966260177015995,-0.0133414589912001,0.0133414589912001,6.668798402955332e-05,10.0
2880.165,0.2835955986,0.2968382277170401,0.29645692533679,-0.0132426291170401,0.0132426291170401,6.664686481791143e-05,10.0
2880.647,0.2835842905,0.296672508506304,0.2962875298159474,-0.013088218006304,0.013088218006304,6.660578748937508e-05,10.0
2881.129,0.283467514,0.2965064190863964,0.2961178395313832,-0.0130389050863964,0.0130389050863964,6.656475198900276e-05,10.0
2881.611,0.2833118272,0.2963399672099236,0.2959478628863581,-0.0130281400099235,0.0130281400099235,6.652375826193818e-05,10.0
2882.094,0.2832198199,0.2961728142194461,0.2957772547863032,-0.0129529943194461,0.0129529943194461,6.648272133407035e-05,10.0
2882.576,0.2831905995,0.2960056600755468,0.2956067301215087,-0.0128150605755468,0.0128150605755468,6.644181107578983e-05,10.0
2883.058,0.2830105114,0.2958381668975836,0.2954359443852019,-0.0128276554975835,0.0128276554975835,6.640094242666065e-05,10.0
2883.54,0.2826017085,0.2956703425362117,0.2952649060204203,-0.0130686340362117,0.0130686340362117,6.636011533217431e-05,10.0
2884.022,0.2826932375,0.2955021948658679,0.2950936234791269,-0.0128089573658679,0.0128089573658679,6.63193297379113e-05,10.0
2884.504,0.2828140447,0.2953337317844777,0.2949221052218054,-0.0125196870844777,0.0125196870844777,6.62785855895332e-05,10.0
2884.986,0.2827873924,0.2951649612131597,0.2947503597170547,-0.0123775688131597,0.0123775688131597,6.623788283279172e-05,10.0
2885.468,0.2827654408,0.2949958910959266,0.2945783954411819,-0.0122304502959266,0.0122304502959266,6.619722141352113e-05,10.0
2885.95,0.2824191957,0.2948265293993849,0.2944062208777983,-0.0124073336993849,0.0124073336993849,6.615660127764473e-05,10.0
2886.433,0.2824028323,0.2946565318620149,0.2942334866862333,-0.0122536995620148,0.0122536995620148,6.611593822538569e-05,10.0
2886.915,0.2822847956,0.2944866104321207,0.2940609166336396,-0.0122018148321207,0.0122018148321207,6.607540057977201e-05,10.0
2887.397,0.2822627114,0.2943164214719214,0.2938881618017689,-0.0120537100719213,0.0120537100719213,6.603490405571598e-05,10.0
2887.879,0.281949252,0.2941459730353636,0.2937152306993904,-0.0121967210353636,0.0121967210353636,6.599444859948028e-05,10.0
2888.361,0.281873649,0.2939752731974351,0.2935421318405432,-0.0121016241974351,0.0121016241974351,6.595403415741241e-05,10.0
2888.843,0.2819962927,0.2938043300538432,0.2933688737441279,-0.0118080373538432,0.0118080373538432,6.591366067594389e-05,10.0
2889.325,0.2820083164,0.2936331517206955,0.2931954649335017,-0.0116248353206954,0.0116248353206954,6.587332810159153e-05,10.0
2889.807,0.2817799668,0.293461746334172,0.2930219139360687,-0.0116817795341719,0.0116817795341719,6.583303638095564e-05,10.0
2890.29,0.2815913576,0.2932897657613431,0.292847868808256,-0.011698408161343,0.011698408161343,6.579270199496302e-05,10.0
2890.772,0.2816211347,0.2931179303265863,0.2926740587828669,-0.0114967956265863,0.0114967956265863,6.575249190638177e-05,10.0
2891.254,0.2814110187,0.2929458923811583,0.2925001321908191,-0.0115348736811582,0.0115348736811582,6.57123225117137e-05,10.0
2891.736,0.2815370224,0.29277366013826,0.2923260975716438,-0.01123663773826,0.01123663773826,6.567219375789553e-05,10.0
2892.218,0.2814666095,0.292601241829494,0.2921519634668852,-0.0111346323294939,0.0111346323294939,6.563210559194682e-05,10.0
2892.7,0.2813976462999999,0.2924286457045228,0.2919777384196926,-0.0110309994045229,0.0110309994045229,6.559205796097302e-05,10.0
2893.182,0.2813499422,0.2922558800307221,0.2918034309744135,-0.0109059378307221,0.0109059378307221,6.555205081216059e-05,10.0
2893.664,0.2810832885,0.2920829530928311,0.2916290496761871,-0.0109996645928311,0.0109996645928311,6.55120840927786e-05,10.0
2894.146,0.2811937829,0.2919098731926025,0.2914546030705378,-0.0107160902926025,0.0107160902926025,6.547215775018111e-05,10.0
2894.629,0.2811228626,0.2917362891168474,0.2912797376097109,-0.0106134265168474,0.0106134265168474,6.54321890226077e-05,10.0
2895.111,0.2810438591999999,0.2915629279893484,0.2911051859341431,-0.0105190687893484,0.0105190687893484,6.53923433594658e-05,10.0
2895.593,0.2808928183,0.2913894389206223,0.2909305946036976,-0.0104966206206222,0.0104966206206222,6.535253791555497e-05,10.0
2896.075,0.2808742696,0.2912158302769252,0.2907559721613724,-0.0103415606769252,0.0103415606769252,6.531277263855825e-05,10.0
2896.557,0.2808194598,0.2910421104397225,0.2905813271485197,-0.0102226506397224,0.0102226506397224,6.527304747624223e-05,10.0
2897.039,0.2807768951,0.2908682878053181,0.2904066681044398,-0.0100913927053181,0.0100913927053181,6.523336237645465e-05,10.0
2897.521,0.2804423606,0.2906943707844822,0.2902320035659758,-0.0102520101844822,0.0102520101844822,6.519371728712463e-05,10.0
2898.003,0.2804764691999999,0.290520367802077,0.2900573420671096,-0.010043898602077,0.010043898602077,6.515411215626409e-05,10.0
2898.486,0.2803631833,0.290345926059079,0.2898823298122492,-0.009982742759079,0.009982742759079,6.511446488788581e-05,10.0
2898.968,0.2801581777999999,0.2901717763480856,0.289707700031609,-0.0100135985480857,0.0100135985480857,6.507493960095801e-05,10.0
2899.45,0.2803341761,0.2899975660484342,0.289533098888972,-0.0096633899484341,0.0096633899484341,6.503545411691552e-05,10.0
2899.932,0.2799587987,0.289823303637567,0.2893585349028189,-0.009864504937567,0.009864504937567,6.499600838409629e-05,10.0
2900.414,0.2802526853,0.2896489976050965,0.2891840165867481,-0.0093963123050965,0.0093963123050965,6.495660235091821e-05,10.0
2900.896,0.2800613568,0.2894746564524136,0.2890095524490721,-0.0094132996524136,0.0094132996524136,6.491723596588091e-05,10.0
2901.378,0.2800223202999999,0.2893002886922926,0.2888351509924158,-0.0092779683922926,0.0092779683922926,6.487790917756335e-05,10.0
2901.86,0.2798576603,0.2891259028484909,0.2886608207133134,-0.0092682425484908,0.0092682425484908,6.483862193462592e-05,10.0
2902.343,0.2798657408,0.2889511456351822,0.2884862086747167,-0.0090854048351822,0.0090854048351822,6.479929279996452e-05,10.0
2902.824,0.279665015,0.2887771110573954,0.2883124076410497,-0.0091120960573954,0.0091120960573954,6.476016587993718e-05,10.0
2903.307,0.2796963793,0.2886023604201157,0.2881379807807787,-0.0089059811201157,0.0089059811201157,6.472091574351271e-05,10.0
2903.789,0.2795112826,0.2884279877271155,0.2879640202682277,-0.0089167051271155,0.0089167051271155,6.468178625187415e-05,10.0
2904.271,0.2794625954,0.2882536397376594,0.2877901733280577,-0.0087910443376593,0.0087910443376593,6.464269605001645e-05,10.0
2904.753,0.2795438752,0.2880793250329126,0.2876164484118286,-0.0085354498329126,0.0085354498329126,6.460364508707935e-05,10.0
2905.235,0.2792362679,0.2879050522021598,0.287442853962209,-0.0086687843021597,0.0086687843021597,6.45646333122834e-05,10.0
2905.717,0.279030579,0.2877308298423826,0.2872693984125777,-0.0087002508423825,0.0087002508423825,6.452566067492881e-05,10.0
2906.199,0.2789244735,0.2875566665578385,0.2870960901866267,-0.0086321930578385,0.0086321930578385,6.448672712439533e-05,10.0
2906.681,0.2788530989,0.2873825709596345,0.2869229376979644,-0.0085294720596345,0.0085294720596345,6.444783261013942e-05,10.0
2907.164,0.2788577682,0.2872081907147175,0.2867495906291787,-0.0083504225147174,0.0083504225147174,6.440889650906064e-05,10.0
2907.646,0.2785952237,0.2870342565329361,0.2865767751802734,-0.0084390328329361,0.0084390328329361,6.437007999677907e-05,10.0
2908.128,0.2787314146,0.2868604159255259,0.2864041406623995,-0.0081290013255259,0.0081290013255259,6.433130236951944e-05,10.0
2908.61,0.2784064985,0.2866866775266939,0.2862316954448525,-0.0082801790266939,0.0082801790266939,6.429256357705423e-05,10.0
2909.092,0.2786475016,0.2865130499753275,0.2860594478848693,-0.0078655483753274,0.0078655483753274,6.425386356923717e-05,10.0
2909.574,0.2785109692,0.2863395419145544,0.2858874063272371,-0.0078285727145544,0.0078285727145544,6.421520229599682e-05,10.0
2910.056,0.2783875554,0.2861661619912983,0.2857155791038992,-0.0077786065912983,0.0077786065912983,6.417657970734227e-05,10.0
2910.538,0.2784052824999999,0.2859929188558324,0.2855439745335661,-0.0075876363558324,0.0075876363558324,6.413799575335843e-05,10.0
2911.021,0.2783316905,0.2858194621946727,0.2853722456202439,-0.0074877716946726,0.0074877716946726,6.409937045463848e-05,10.0
2911.503,0.2781698995,0.2856465189254601,0.2852011117621391,-0.0074766194254601,0.0074766194254601,6.406086370046332e-05,10.0
2911.985,0.2781224496,0.2854737384284193,0.2850302254470224,-0.0073512888284192,0.0073512888284192,6.402239543158136e-05,10.0
2912.467,0.2781690778,0.2853011293627129,0.2848595949367422,-0.0071320515627129,0.0071320515627129,6.398396559838917e-05,10.0
2912.949,0.2781081555,0.2851287003885835,0.2846892284779677,-0.0070205448885835,0.0070205448885835,6.394557415136051e-05,10.0
2913.431,0.2779955182999999,0.2849564601668939,0.2845191343018043,-0.0069609418668939,0.0069609418668939,6.390722104104652e-05,10.0
2913.913,0.2778653256,0.2847844173586632,0.2843493206234072,-0.0069190917586632,0.0069190917586632,6.386890621807587e-05,10.0
2914.395,0.2779878556,0.2846125806246022,0.2841797956415982,-0.0066247250246022,0.0066247250246022,6.383062963315219e-05,10.0
2914.877,0.2778364862,0.2844409586246441,0.2840105675384806,-0.0066044724246441,0.0066044724246441,6.379239123705929e-05,10.0
2915.36,0.2777167345,0.2842692046569282,0.283841294339026,-0.0065524701569281,0.0065524701569281,6.375411176662097e-05,10.0
2915.842,0.2777276639,0.2840980385899468,0.2836726851290506,-0.0063703746899468,0.0063703746899468,6.371594967981234e-05,10.0
2916.324,0.2776134914,0.2839271132454529,0.2835043972567992,-0.0063136218454529,0.0063136218454529,6.367782563453561e-05,10.0
2916.806,0.2776987128,0.2837564372755451,0.2833364388336496,-0.006057724475545,0.006057724475545,6.363973958187716e-05,10.0
2917.288,0.2774930478,0.2835860193291741,0.2831688179523606,-0.0060929715291741,0.0060929715291741,6.360169147300143e-05,10.0
2917.77,0.2775098139,0.2834158680516603,0.2830015426866903,-0.0059060541516602,0.0059060541516602,6.35636812591466e-05,10.0
2918.252,0.277342198,0.2832459920842106,0.2828346210910221,-0.0059037940842106,0.0059037940842106,6.352570889162728e-05,10.0
2918.734,0.2772955695,0.2830764000634357,0.2826680611999888,-0.0057808305634357,0.0057808305634357,6.348777432183481e-05,10.0
2919.217,0.2773576478,0.2829067496873227,0.28250152662508,-0.0055491018873227,0.0055491018873227,6.344979891633247e-05,10.0
2919.699,0.2772316309,0.2827377520827679,0.2823357149582711,-0.0055061211827679,0.0055061211827679,6.341193987463359e-05,10.0
2920.181,0.2772617154,0.2825690643201313,0.2821702889942696,-0.0053073489201312,0.0053073489201312,6.337411848518327e-05,10.0
2920.663,0.276993481,0.2824006950127325,0.2820052566849287,-0.0054072140127325,0.0054072140127325,6.333633469967538e-05,10.0
2921.145,0.2770441768,0.282232652766838,0.2818406259604865,-0.005188475966838,0.005188475966838,6.329858846987517e-05,10.0
2921.627,0.2767848007,0.282064946181167,0.2816764047292016,-0.005280145481167,0.005280145481167,6.32608797476239e-05,10.0
2922.109,0.2768890467,0.2818975838463936,0.2815126008769834,-0.0050085371463936,0.0050085371463936,6.322320848483858e-05,10.0
2922.591,0.2765812838,0.2817305743446457,0.2813492222670269,-0.0051492905446457,0.0051492905446457,6.318557463350823e-05,10.0
2923.073,0.2765774353,0.2815639262490055,0.2811862767394468,-0.0049864909490054,0.0049864909490054,6.314797814569893e-05,10.0
2923.556,0.2763706598,0.2813973035381567,0.281023435428105,-0.0050266437381567,0.0050266437381567,6.31103410887129e-05,10.0
2924.038,0.2763383784,0.2812314047294736,0.280861380430463,-0.0048930263294735,0.0048930263294735,6.307281926170636e-05,10.0
2924.52,0.2762079824,0.2810658930045368,0.2806997819095209,-0.0048579106045368,0.0048579106045368,6.303533465476131e-05,10.0
2925.002,0.2759807869,0.2809007768951715,0.2805386476093957,-0.0049199899951715,0.0049199899951715,6.299788722023849e-05,10.0
2925.484,0.275984707,0.2807360649216247,0.2803779852493173,-0.0047513579216247,0.0047513579216247,6.296047691057346e-05,10.0
2925.966,0.2760593533,0.2805717655920536,0.2802178025232699,-0.0045124122920536,0.0045124122920536,6.29231036782756e-05,10.0
2926.448,0.2759878939,0.2804078874020144,0.2800581070996367,-0.0044199935020143,0.0044199935020143,6.288576747592415e-05,10.0
2926.93,0.2758155171,0.28024443883395,0.2798989066208469,-0.0044289217339499,0.0044289217339499,6.284846825617679e-05,10.0
2927.413,0.2757875957,0.2800810906219223,0.2797398799819054,-0.0042934949219223,0.0042934949219223,6.281112870247842e-05,10.0
2927.895,0.2757104996,0.2799185276253194,0.2795816932807685,-0.0042080280253194,0.0042080280253194,6.277390338267843e-05,10.0
2928.377,0.2757033566,0.2797564196316697,0.2794240243081566,-0.0040530630316696,0.0040530630316696,6.27367149037885e-05,10.0
2928.859,0.2757290666,0.2795947750657654,0.2792668805990971,-0.0038657084657654,0.0038657084657654,6.269956321875601e-05,10.0
2929.341,0.2756342295,0.2794336023366967,0.2791102696609076,-0.0037993728366966,0.0037993728366966,6.266244828060134e-05,10.0
2929.823,0.275621508,0.2792729098373318,0.2789541989728495,-0.0036514018373317,0.0036514018373317,6.262537004241646e-05,10.0
2930.305,0.275492006,0.2791127059437954,0.2787986759857841,-0.0036206999437954,0.0036206999437954,6.258832845736648e-05,10.0
2930.787,0.2755183713,0.2789529990149451,0.2786437081218268,-0.003434627714945,0.003434627714945,6.255132347868811e-05,10.0
2931.27,0.2754550503,0.2787934676290672,0.2784889830208111,-0.0033384173290672,0.0033384173290672,6.251427839969783e-05,10.0
2931.751,0.2754442937,0.2786351093972656,0.2783354673059354,-0.0031908156972656,0.0031908156972656,6.247742315375813e-05,10.0
2932.234,0.275362865,0.2784766157380451,0.2781818916933434,-0.0031137507380451,0.0031137507380451,6.244045120566031e-05,10.0
2932.716,0.2755180676,0.2783189810014904,0.2780292191764317,-0.0028009134014904,0.0028009134014904,6.240359226179604e-05,10.0
2933.198,0.2750867311,0.2781618847636909,0.2778771384651931,-0.0030751536636909,0.0030751536636909,6.236676969147259e-05,10.0
2933.68,0.2751691578999999,0.2780053352688405,0.2777256568020878,-0.0028361773688405,0.0028361773688405,6.232998344835955e-05,10.0
2934.162,0.2752380683,0.2778493407401841,0.277574781398471,-0.002611272440184,0.002611272440184,6.229323348619554e-05,10.0
2934.644,0.2752967715,0.2776939093794878,0.2774245194342589,-0.0023971378794877,0.0023971378794877,6.225651975879138e-05,10.0
2935.126,0.2750802669,0.2775390493665118,0.277274878057603,-0.0024587824665117,0.0024587824665117,6.221984222002936e-05,10.0
2935.608,0.2749033804,0.2773847688584789,0.2771258643845596,-0.0024813884584789,0.0024813884584789,6.218320082386246e-05,10.0
2936.091,0.2750618351,0.2772307577411518,0.2769771783235096,-0.0021689226411518,0.0021689226411518,6.214651961719923e-05,10.0
2936.573,0.2748067912,0.2770776618662858,0.2768294426147765,-0.0022708706662857,0.0022708706662857,6.210995044311016e-05,10.0
2937.055,0.2748002901,0.2769251698442594,0.2766823557765322,-0.0021248797442594,0.0021248797442594,6.207341727380518e-05,10.0
2937.537,0.2747292514,0.2767732897367919,0.276535924793142,-0.0020440383367919,0.0020440383367919,6.203692006351814e-05,10.0
2938.019,0.2744398203,0.2766220295804119,0.276390156615263,-0.0021822092804119,0.0021822092804119,6.200045876655678e-05,10.0
2938.501,0.2744553719,0.2764713973859229,0.2762450581595239,-0.0020160254859229,0.0020160254859229,6.196403333729647e-05,10.0
2938.983,0.2742573784,0.2763214011378763,0.2761006363082132,-0.0020640227378763,0.0020640227378763,6.192764373018358e-05,10.0
2939.465,0.2743285398,0.2761720487940347,0.2759568979089605,-0.0018435089940346,0.0018435089940346,6.189128989973485e-05,10.0
2939.948,0.2742069906,0.2760230404606311,0.2758135537163008,-0.0018160498606311,0.0018160498606311,6.185489648889345e-05,10.0
2940.43,0.2740553414,0.2758750010656342,0.2756712040770345,-0.0018196596656342,0.0018196596656342,6.181861414959077e-05,10.0
2940.912,0.2741372394,0.2757276292984091,0.2755295582356117,-0.001590389898409,0.001590389898409,6.178236745082579e-05,10.0
2941.394,0.273968875,0.2755809330042007,0.2753886228978549,-0.0016120580042007,0.0016120580042007,6.174615634739423e-05,10.0
2941.876,0.2740381518999999,0.2754349199988091,0.2752484047333835,-0.0013967680988091,0.0013967680988091,6.17099807941587e-05,10.0
2942.358,0.2738191266999999,0.2752895980680614,0.2751089103753126,-0.0014704713680614,0.0014704713680614,6.167384074605366e-05,10.0
2942.84,0.2738202251,0.2751449749672807,0.2749701464199509,-0.0013247498672807,0.0013247498672807,6.163773615808311e-05,10.0
2943.322,0.2737763788,0.275001058420755,0.2748321194264992,-0.001224679620755,0.001224679620755,6.16016669853176e-05,10.0
2943.804,0.2738652306,0.2748578561212093,0.2746948359167543,-0.0009926255212092,0.0009926255212092,6.15656331828973e-05,10.0
2944.287,0.2734868816,0.2747150808825229,0.2745580198942711,-0.0012281992825229,0.0012281992825229,6.152956005708587e-05,10.0
2944.769,0.2736031523,0.2745733315476839,0.2744222443422333,-0.0009701792476838,0.0009701792476838,6.149359693420418e-05,10.0
2945.251,0.2737156862,0.2744323193590601,0.2742872316251705,-0.00071663315906,0.00071663315906,6.145766904740933e-05,10.0
2945.733,0.273577252,0.2742920518777727,0.2741529881122407,-0.0007147998777727,0.0007147998777727,6.142177635211624e-05,10.0
2946.215,0.2735541158,0.274152536630742,0.2740195201337354,-0.000598420830742,0.000598420830742,6.138591880380788e-05,10.0
2946.697,0.2735023736,0.2740137811101618,0.2738868339807937,-0.0005114075101618,0.0005114075101618,6.135009635803559e-05,10.0
2947.179,0.2733525124,0.2738757927729766,0.273754935905119,-0.0005232803729765,0.0005232803729765,6.131430897041893e-05,10.0
2947.661,0.2734318256,0.2737385790403562,0.2736238321186944,-0.0003067534403562,0.0003067534403562,6.12785565966437e-05,10.0
2948.144,0.2734930954,0.2736018650617463,0.2734932592909919,-0.0001087696617462,0.0001087696617462,6.124276512628883e-05,10.0
2948.626,0.2731318351,0.2734662243013072,0.2733637642385155,-0.0003343892013072,0.0003343892013072,6.120708271994468e-05,10.0
2949.108,0.2731783962,0.2733313802042176,0.273235081882724,-0.0001529840042176,0.0001529840042176,6.117143519481843e-05,10.0
2949.59,0.2731539804,0.2731973400432664,0.2731072182738545,-4.335964326640518e-05,4.335964326640518e-05,6.113582250686815e-05,10.0
2950.072,0.2730490648,0.2730641110528689,0.272980179421042,-1.5046252868855524e-05,1.5046252868855524e-05,6.110024461211874e-05,10.0
2950.554,0.2730367769,0.2729317004285516,0.2728539712920488,0.0001050764714483,0.0001050764714483,6.106470146666179e-05,10.0
2951.036,0.2729368609,0.2728001153264371,0.2727285998129966,0.0001367455735629,0.0001367455735629,6.1029193026656326e-05,10.0
2951.518,0.2729179959,0.2726693628627322,0.2726040708681008,0.0002486330372677,0.0002486330372677,6.099371924832805e-05,10.0
2952.0,0.2730397191,0.2725394501132148,0.2724803902994049,0.0005002689867851,0.0005002689867851,6.095828008796904e-05,10.0
2952.483,0.2729483467,0.2724101172259915,0.2723573099718926,0.0005382294740085,0.0005382294740085,6.092280208435252e-05,10.0
2952.965,0.2728395826999999,0.2722819067464151,0.272235345301784,0.0005576759535848,0.0005576759535848,6.088743210067488e-05,10.0
2953.447,0.2727923263,0.2721545569750808,0.2721142462901811,0.0006377693249191,0.0006377693249191,6.08520966041538e-05,10.0
2953.929,0.2726984016,0.2720280748208849,0.2719940186077546,0.0006703267791151,0.0006703267791151,6.0816795551349646e-05,10.0
2954.411,0.2728165312,0.2719024671497626,0.2718746678817147,0.0009140640502373,0.0009140640502373,6.0781528898886574e-05,10.0
2954.893,0.2725478013,0.2717777407841877,0.27175619969556,0.0007700605158122,0.0007700605158122,6.074629660345605e-05,10.0
2955.375,0.2728767465,0.2716539025026726,0.2716386195888269,0.0012228439973274,0.0012228439973274,6.07110986218154e-05,10.0
2955.857,0.2725980489,0.271530959039273,0.2715219330568443,0.0010670898607269,0.0010670898607269,6.067593491078656e-05,10.0
2956.34,0.2726583163,0.2714086648257434,0.2714059062657376,0.0012496514742566,0.0012496514742566,6.06407325800625e-05,10.0
2956.822,0.2727176762,0.2712875329114451,0.2712910250731897,0.0014301432885548,0.0014301432885548,6.060563735186682e-05,10.0
2957.304,0.2726528935,0.2711673157593892,0.2711770536847669,0.0014855777406107,0.0014855777406107,6.057057626505825e-05,10.0
2957.786,0.2725389003,0.2710480199207808,0.2710639974164444,0.0014908803792191,0.0014908803792191,6.0535549276720166e-05,10.0
2958.268,0.2722254105,0.2709296518999156,0.2709518615387858,0.0012957586000843,0.0012957586000843,6.0500556344003446e-05,10.0
2958.75,0.2724052007999999,0.270812218153697,0.2708406512767096,0.0015929826463029,0.0015929826463029,6.046559742412508e-05,10.0
2959.232,0.2722109998,0.2706957250911566,0.2707303718092589,0.0015152747088433,0.0015152747088433,6.043067247436428e-05,10.0
2959.714,0.2724260455,0.2705801790729745,0.2706210282693699,0.0018458664270254,0.0018458664270254,6.039578145206764e-05,10.0
2960.197,0.2722618878,0.2704653496622565,0.2705124018238266,0.0017965381377434,0.0017965381377434,6.03608520321267e-05,10.0
2960.678,0.2723653416,0.2703519533678037,0.2704051692721356,0.0020133882321962,0.0020133882321962,6.032610101957237e-05,10.0
2961.161,0.2722953912999999,0.2702390534150191,0.2702984438745432,0.0020563378849808,0.0020563378849808,6.029123938211786e-05,10.0
2961.643,0.2722092627,0.2701273602204374,0.270192896432754,0.0020819024795626,0.0020819024795626,6.025648371442035e-05,10.0
2962.125,0.2719912376,0.2700166451444419,0.2700883098938725,0.001974592455558,0.001974592455558,6.022176176179524e-05,10.0
2962.607,0.2722051269,0.2699069142476171,0.2699846891094143,0.0022982126523828,0.0022982126523828,6.018707348197861e-05,10.0
2963.089,0.2721571575,0.269798173538928,0.2698820388832487,0.002358983961072,0.002358983961072,6.015241883276558e-05,10.0
2963.571,0.2718343922,0.2696904289752634,0.2697803639713859,0.0021439632247365,0.0021439632247365,6.011779777201795e-05,10.0
2964.053,0.2719836086,0.2695836864609851,0.2696796690817694,0.0023999221390149,0.0023999221390149,6.0083210257660086e-05,10.0
2964.535,0.2721052205,0.26947795184748,0.2695799588740705,0.0026272686525199,0.0026272686525199,6.004865624768126e-05,10.0
2965.018,0.2718160411999999,0.2693730147271343,0.2694810341758477,0.0024430264728656,0.0024430264728656,6.001406411549506e-05,10.0
2965.5,0.2719781775,0.2692693153761663,0.2693833091835375,0.0027088621238336,0.0027088621238336,5.99795770577884e-05,10.0
2965.982,0.2719781618,0.2691666411695844,0.2692865825698062,0.0028115206304155,0.0028115206304155,5.994512337872113e-05,10.0
2966.464,0.2720174550999999,0.2690649977423361,0.2691908587991165,0.0029524573576638,0.0029524573576638,5.99107030365364e-05,10.0
2966.946,0.2717470366,0.2689643906741987,0.2690961422866617,0.0027826459258012,0.0027826459258012,5.987631598953997e-05,10.0
2967.428,0.2719737411,0.2688648254893513,0.269002437398175,0.0031089156106486,0.0031089156106486,5.984196219610171e-05,10.0
2967.91,0.2718563639,0.2687663076559493,0.2689097484497388,0.0030900562440506,0.0030900562440506,5.9807641614653766e-05,10.0
2968.392,0.2718380446,0.2686688425857041,0.2688180797075985,0.0031692020142958,0.0031692020142958,5.977335420369092e-05,10.0
2968.875,0.2718797745,0.2685722367226378,0.2687272483970052,0.0033075377773621,0.0033075377773621,5.9739028889204856e-05,10.0
2969.357,0.27180535,0.2684768953977071,0.2686376348042193,0.0033284546022929,0.0033284546022929,5.970480776355149e-05,10.0
2969.839,0.2717208809,0.2683826227390626,0.2685490539240929,0.0033382581609374,0.0033382581609374,5.967061968415957e-05,10.0
2970.321,0.2715733755,0.2682894239283864,0.2684615098215949,0.0032839515716135,0.0032839515716135,5.9636464609774105e-05,10.0
2970.803,0.271597895,0.268197304088868,0.2683750065109572,0.0034005909111319,0.0034005909111319,5.960234249920266e-05,10.0
2971.285,0.2716058535,0.2681062682848079,0.2682895479555033,0.0034995852151921,0.0034995852151921,5.956825331131563e-05,10.0
2971.767,0.2716198579,0.268016321521224,0.2682051380674771,0.0036035363787759,0.0036035363787759,5.953419700504604e-05,10.0
2972.249,0.2714916688,0.2679274687434612,0.2681217807078763,0.0035642000565387,0.0035642000565387,5.950017353938751e-05,10.0
2972.731,0.2714766343,0.2678397148368091,0.2680394796862873,0.0036369194631908,0.0036369194631908,5.946618287339615e-05,10.0
2973.214,0.2713695545,0.2677528860045007,0.2679580713156307,0.0036166684954992,0.0036166684954992,5.9432154548125e-05,10.0
2973.696,0.2714591723,0.2676673465584274,0.2678778964032436,0.0037918257415726,0.0037918257415726,5.939822942672172e-05,10.0
2974.178,0.2713970974,0.2675829202848959,0.2677987889550742,0.003814177115104,0.003814177115104,5.9364336982440056e-05,10.0
2974.66,0.271177618,0.2674996118250753,0.2677207525733545,0.0036780061749246,0.0036780061749246,5.9330477174583066e-05,10.0
2975.142,0.2712989529,0.2674174257582166,0.2676437908081184,0.0038815271417834,0.0038815271417834,5.9296649962514205e-05,10.0
2975.624,0.2712015594,0.2673363666012945,0.2675679071570495,0.0038651927987055,0.0038651927987055,5.926285530566036e-05,10.0
2976.106,0.2713077048,0.2672564388086541,0.2674931050653356,0.0040512659913459,0.0040512659913459,5.92290931635072e-05,10.0
2976.588,0.2712599668,0.2671776467716606,0.2674193879255234,0.0040823200283393,0.0040823200283393,5.919536349560175e-05,10.0
2977.071,0.2712174016,0.2670998349028,0.2673466095286825,0.0041175666972,0.0041175666972,5.916159638396719e-05,10.0
2977.553,0.2710480117,0.2670233296761149,0.267275074527103,0.0040246820238851,0.0040246820238851,5.912793161061047e-05,10.0
2978.035,0.2712472954,0.2669479730065217,0.267204634344459,0.0042993223934783,0.0042993223934783,5.9094299190426415e-05,10.0
2978.517,0.271176071,0.2668737690299354,0.2671352921612228,0.0043023019700645,0.0043023019700645,5.906069908320578e-05,10.0
2978.999,0.2713600218999999,0.2668007218176165,0.2670670511045387,0.0045593000823834,0.0045593000823834,5.902713124880032e-05,10.0
2979.481,0.2712059766999999,0.26672883537585,0.2669999142480943,0.0044771413241499,0.0044771413241499,5.89935956471208e-05,10.0
2979.963,0.2710118276,0.2666581136456296,0.2669338846119925,0.0043537139543703,0.0043537139543703,5.896009223813997e-05,10.0
2980.445,0.271109931,0.266588560502348,0.2668689651626271,0.004521370497652,0.004521370497652,5.892662098189031e-05,10.0
2980.927,0.2710003928,0.2665201797554921,0.2668051588125624,0.0044802130445078,0.0044802130445078,5.889318183846243e-05,10.0
2981.41,0.2709485426,0.2664528369448516,0.2667423395193473,0.0044957056551483,0.0044957056551483,5.8859705492047424e-05,10.0
2981.892,0.2710054522,0.2663868146057134,0.266680770213621,0.0046186375942865,0.0046186375942865,5.882633052120047e-05,10.0
2982.374,0.2709289091,0.2663219757004678,0.2666203224263741,0.0046069333995322,0.0046069333995322,5.879298754372931e-05,10.0
2982.856,0.2709419445,0.2662583237718869,0.2665609988535689,0.004683620728113,0.004683620728113,5.875967651996612e-05,10.0
2983.338,0.2710301283,0.26619586229539,0.266502802136768,0.0048342660046099,0.0048342660046099,5.8726397410302223e-05,10.0
2983.82,0.271222315,0.2661345946787657,0.2664457348630261,0.0050877203212342,0.0050877203212342,5.869315017518752e-05,10.0
2984.302,0.2709954004,0.266074524261907,0.2663897995647875,0.004920876138093,0.004920876138093,5.865993477513352e-05,10.0
2984.784,0.2710566042,0.266015654316546,0.2663349987197851,0.0050409498834539,0.0050409498834539,5.862675117070667e-05,10.0
2985.267,0.2709327962,0.2659578696598351,0.2662812245983379,0.0049749265401648,0.0049749265401648,5.859353057575322e-05,10.0
2985.749,0.2710324167,0.265901412705712,0.2662287022396713,0.005131003994288,0.005131003994288,5.85604105102912e-05,10.0
2986.231,0.2710291334,0.2658461656330674,0.2661773214429408,0.0051829677669326,0.0051829677669326,5.852732212243792e-05,10.0
2986.713,0.2709193803,0.2657921314383329,0.2661270844659618,0.0051272488616671,0.0051272488616671,5.8494265372999074e-05,10.0
2987.195,0.2708311264,0.2657393130485476,0.2660779935113718,0.0050918133514524,0.0050918133514524,5.846124022283859e-05,10.0
2987.677,0.2708942324,0.2656877133211296,0.266030050726546,0.0052065190788703,0.0052065190788703,5.842824663287858e-05,10.0
2988.159,0.270926265,0.2656373350436521,0.265983258203515,0.0052889299563478,0.0052889299563478,5.8395284564100696e-05,10.0
2988.641,0.2708144275,0.2655881809336256,0.2659376179788844,0.0052262465663744,0.0052262465663744,5.836235397754427e-05,10.0
2989.124,0.2706400614,0.2655401554811324,0.2658930409404809,0.0050999059188675,0.0050999059188675,5.832938661148136e-05,10.0
2989.605,0.2707169926,0.2654935557343867,0.2658498022936625,0.0052234368656132,0.0052234368656132,5.829658709554434e-05,10.0
2990.088,0.270853436,0.2654479966824413,0.2658075443404784,0.0054054393175587,0.0054054393175587,5.826368262979364e-05,10.0
2990.57,0.2708237799999999,0.265403767572102,0.2657665349726181,0.0054200124278979,0.0054200124278979,5.8230877648635336e-05,10.0
2991.052,0.2706151207,0.2653607751634322,0.2657266872557942,0.0052543455365677,0.0052543455365677,5.8198103955687965e-05,10.0
2991.534,0.270604578,0.2653190217491656,0.2656880028924177,0.0052855562508343,0.0052855562508343,5.8165361512339815e-05,10.0
2992.016,0.2706071617,0.2652785095506107,0.2656504835289907,0.0053286521493892,0.0053286521493892,5.813265028003562e-05,10.0
2992.498,0.2707943594,0.2652392407174793,0.2656141307560462,0.0055551186825207,0.0055551186825207,5.8099970220279904e-05,10.0
2992.98,0.2708072962,0.2652012173277216,0.265578946108093,0.0056060788722783,0.0056060788722783,5.806732129463264e-05,10.0
2993.462,0.270528215,0.2651644413873674,0.2655449310635616,0.0053637736126326,0.0053637736126326,5.803470346471185e-05,10.0
2993.945,0.2707992339,0.2651288424238579,0.2655120201218712,0.005670391476142,0.005670391476142,5.800204911703978e-05,10.0
2994.427,0.2708030066,0.2650945697097913,0.2654803509286436,0.0057084368902087,0.0057084368902087,5.796949342797173e-05,10.0
2994.909,0.2705910939,0.2650615500338365,0.2654498554398299,0.0055295438661635,0.0055295438661635,5.793696871974877e-05,10.0
2995.391,0.2708187527,0.2650297851127235,0.2654205349089523,0.0057889675872764,0.0057889675872764,5.790447495421855e-05,10.0
2995.873,0.270666831,0.2649992765905603,0.2653923905332301,0.0056675544094396,0.0056675544094396,5.787201209328389e-05,10.0
2996.355,0.2706729446,0.2649700260387081,0.26536542345354,0.0057029185612919,0.0057029185612919,5.783958009890616e-05,10.0
2996.837,0.2709000843,0.2649420349556665,0.2653396347543824,0.0059580493443334,0.0059580493443334,5.7807178933102e-05,10.0
2997.319,0.2708708982,0.2649153047669633,0.2653150254638499,0.0059555934330366,0.0059555934330366,5.777480855794627e-05,10.0
2997.802,0.2708917609,0.2648897852999991,0.2652915491735456,0.0060019756000008,0.0060019756000008,5.774240187285772e-05,10.0
2998.284,0.2709052528,0.264865583506861,0.2652693040104966,0.0060396692931389,0.0060396692931389,5.771009302912978e-05,10.0
2998.766,0.2708682139,0.2648426464482367,0.2652482410033442,0.0060255674517632,0.0060255674517632,5.767781486253209e-05,10.0
2999.248,0.2707383336,0.2648209752566417,0.265228360954165,0.0059173583433582,0.0059173583433582,5.764556733536346e-05,10.0
2999.73,0.2707915699,0.2648005709911645,0.2652096646085076,0.0059909989088355,0.0059909989088355,5.7613350409980016e-05,10.0
3000.212,0.2708124555,0.2647814346373941,0.2651921526553771,0.0060310208626058,0.0060310208626058,5.758116404879335e-05,10.0
3000.694,0.270859575,0.2647635671073544,0.2651758257272222,0.0060960078926456,0.0060960078926456,5.754900821427053e-05,10.0
3001.176,0.2706444192,0.2647469692394434,0.2651606843999236,0.0058974499605565,0.0058974499605565,5.751688286893562e-05,10.0
3001.658,0.2707154049,0.2647316417983816,0.2651467291927869,0.0059837631016183,0.0059837631016183,5.7484787975367736e-05,10.0
3002.141,0.2706618922,0.2647175576344316,0.265133935311357,0.0059443345655683,0.0059443345655683,5.7452657003975e-05,10.0
3002.623,0.2708112322,0.264704775685332,0.2651223561391546,0.0061064565146679,0.0061064565146679,5.742062296488388e-05,10.0
3003.105,0.270726157,0.2646932660157854,0.2651119643062091,0.0060328909842145,0.0060328909842145,5.738861926555317e-05,10.0
3003.587,0.2706782618,0.2646830290952383,0.2651027601053833,0.0059952327047616,0.0059952327047616,5.735664586878432e-05,10.0
3004.069,0.2708775431999999,0.2646740653192883,0.2650947437729663,0.0062034778807116,0.0062034778807116,5.732470273743284e-05,10.0
3004.551,0.2707732439,0.2646663750096678,0.2650879154886805,0.0061068688903321,0.0061068688903321,5.729278983441119e-05,10.0
3005.033,0.2708721246,0.2646599584142352,0.2650822753756933,0.0062121661857648,0.0062121661857648,5.726090712268474e-05,10.0
3005.515,0.2709231434999999,0.2646548157069718,0.2650778235006304,0.0062683277930281,0.0062683277930281,5.722905456527615e-05,10.0
3005.998,0.2709294859,0.2646509402859366,0.2650745543377394,0.0062785456140633,0.0062785456140633,5.719716613488373e-05,10.0
3006.48,0.27096956,0.264648348224637,0.2650724813773813,0.0063212117753629,0.0063212117753629,5.716537383776433e-05,10.0
3006.962,0.2708268092999999,0.2646470301300879,0.2650715965154786,0.006179779169912,0.006179779169912,5.713361158427963e-05,10.0
3007.444,0.2708219116,0.2646469858807138,0.2650718995925617,0.0061749257192862,0.0061749257192862,5.710187933767049e-05,10.0
3007.926,0.2709971266,0.2646482152811454,0.2650733903927275,0.0063489113188546,0.0063489113188546,5.707017706123202e-05,10.0
3008.408,0.2709361316,0.2646507180622557,0.2650760686436683,0.0062854135377443,0.0062854135377443,5.70385047183135e-05,10.0
3008.89,0.2709017236,0.2646544938812011,0.2650799340167042,0.0062472297187988,0.0062472297187988,5.700686227231898e-05,10.0
3009.372,0.271005598,0.2646595423214701,0.2650849861268173,0.0063460556785298,0.0063460556785298,5.6975249686707056e-05,10.0
3009.854,0.2710062584,0.2646658628929383,0.2650912245326902,0.0063403955070616,0.0063403955070616,5.694366692498928e-05,10.0
3010.337,0.27085864,0.2646734721046152,0.2650986653719167,0.0061851678953847,0.0061851678953847,5.691204851906746e-05,10.0
3010.819,0.2709264512,0.264682337810037,0.2651072772787573,0.006244113389963,0.006244113389963,5.688052535757604e-05,10.0
3011.301,0.271091873,0.2646924737336942,0.2651170738186944,0.0063993992663057,0.0063993992663057,5.6849031910763824e-05,10.0
3011.783,0.2711669464,0.2647038790915291,0.265128054325521,0.0064630673084708,0.0064630673084708,5.681756814235842e-05,10.0
3012.265,0.2710032858,0.2647165530262381,0.2651402180769568,0.0062867327737619,0.0062867327737619,5.678613401614006e-05,10.0
3012.747,0.2709429586,0.2647304946073641,0.2651535642947016,0.0062124639926359,0.0062124639926359,5.675472949594568e-05,10.0
3013.229,0.2710858272,0.2647457028313957,0.2651680921444919,0.0063401243686042,0.0063401243686042,5.67233545456614e-05,10.0
3013.711,0.2710557632,0.2647621766218712,0.2651838007361579,0.0062935865781287,0.0062935865781287,5.669200912923208e-05,10.0
3014.194,0.2710388052,0.2647799529442725,0.2652007253875427,0.0062588522557275,0.0062588522557275,5.666062827050226e-05,10.0
3014.676,0.2709788538,0.2647989569664275,0.2652187950136894,0.0061798968335725,0.0061798968335725,5.662934187490406e-05,10.0
3015.158,0.2712573917,0.2648192228863206,0.2652380423741435,0.0064381688136793,0.0064381688136793,5.659808490522917e-05,10.0
3015.64,0.2712035406,0.2648407493367115,0.2652584663556365,0.0063627912632884,0.0063627912632884,5.656685732563184e-05,10.0
3016.122,0.2710909648,0.264863534878027,0.2652800657893256,0.006227429921973,0.006227429921973,5.653565910031956e-05,10.0
3016.604,0.2710999446,0.2648875779985016,0.2653028394508689,0.0062123666014983,0.0062123666014983,5.650449019355329e-05,10.0
3017.086,0.2711796534,0.2649128771143276,0.2653267860605026,0.0062667762856723,0.0062667762856723,5.647335056964491e-05,10.0
3017.568,0.2709991205,0.2649394305698065,0.2653519042831189,0.0060596899301935,0.0060596899301935,5.644224019296098e-05,10.0
3018.051,0.2712222939,0.2649672956272982,0.2653782484841412,0.0062549982727017,0.0062549982727017,5.64110945745152e-05,10.0
3018.532,0.2716076727,0.2649962935184481,0.2654056499506482,0.0066113791815518,0.0066113791815518,5.638010703898957e-05,10.0
3019.015,0.2711917517,0.2650266635143261,0.2654343350486177,0.0061650881856739,0.0061650881856739,5.634901985820681e-05,10.0
3019.497,0.2713868479,0.2650582189244381,0.2654641276850018,0.0063286289755618,0.0063286289755618,5.631802617547158e-05,10.0
3019.979,0.271323585,0.2650910193189255,0.2654950844282434,0.0062325656810744,0.0062325656810744,5.628706156250064e-05,10.0
3020.461,0.2713025069,0.2651250626141732,0.2655272036128735,0.0061774442858268,0.0061774442858268,5.625612598397401e-05,10.0
3020.943,0.2715777353,0.2651603466559213,0.2655604835187074,0.0064173886440787,0.0064173886440787,5.622521940462421e-05,10.0
3021.425,0.271521376,0.2651968692194675,0.2655949223709452,0.0063245067805324,0.0063245067805324,5.619434178923331e-05,10.0
3021.907,0.2712940176,0.2652346280098728,0.2656305183402733,0.0060593895901271,0.0060593895901271,5.6163493102638085e-05,10.0
3022.389,0.2714789821,0.2652736206621764,0.265667269542971,0.0062053614378235,0.0062053614378235,5.613267330972418e-05,10.0
3022.872,0.2715160444,0.2653139294723977,0.2657052538785272,0.0062021149276022,0.0062021149276022,5.61018185237997e-05,10.0
3023.354,0.2717888780999999,0.2653553850216017,0.2657443120661948,0.0064334930783982,0.0064334930783982,5.60710564728818e-05,10.0
3023.836,0.2714934269,0.2653980669144863,0.2657845195064054,0.0060953599855136,0.0060953599855136,5.604032321054452e-05,10.0
3024.318,0.2715910464,0.2654419725081002,0.2658258740987938,0.0061490738918997,0.0061490738918997,5.6009618701881806e-05,10.0
3024.8,0.2716661725,0.26548709909062,0.2658683736891497,0.00617907340938,0.00617907340938,5.597894291203638e-05,10.0
3025.282,0.2715469134,0.2655334438815971,0.2659120160695376,0.0060134695184028,0.0060134695184028,5.594829580620635e-05,10.0
3025.764,0.2716549919,0.2655810040322115,0.2659567989784197,0.0060739878677884,0.0060739878677884,5.591767734963672e-05,10.0
3026.246,0.2715204378,0.2656297766255274,0.2660027201007804,0.0058906611744725,0.0058906611744725,5.5887087507625687e-05,10.0
3026.729,0.2717594209,0.2656798636290814,0.2660498758758537,0.0060795572709185,0.0060795572709185,5.5856462870100886e-05,10.0
3027.211,0.2719203494,0.2657310545855558,0.2660980686158025,0.0061892948144441,0.0061892948144441,5.58259302124925e-05,10.0
3027.693,0.271834506,0.2657834488213582,0.266147392299417,0.0060510571786418,0.0060510571786418,5.579542606557175e-05,10.0
3028.175,0.2717353859,0.2658370431496443,0.2661978443989616,0.0058983427503557,0.0058983427503557,5.576495039483909e-05,10.0
3028.657,0.2720963556,0.2658918343168275,0.2662494223338871,0.0062045212831725,0.0062045212831725,5.573450316584594e-05,10.0
3029.139,0.2717250007,0.2659478190028668,0.2663021234709675,0.0057771816971331,0.0057771816971331,5.570408434419595e-05,10.0
3029.621,0.2718007317,0.2660049938215645,0.2663559451244454,0.0057957378784355,0.0057957378784355,5.567369389554057e-05,10.0
3030.103,0.2719604311,0.2660633553208642,0.2664108845561742,0.0058970757791357,0.0058970757791357,5.564333178558451e-05,10.0
3030.585,0.271967437,0.2661228999831579,0.266466938975767,0.005844537016842,0.005844537016842,5.561299798007992e-05,10.0
3031.068,0.2721594388,0.2661837514331512,0.2665242252976493,0.0059756873668487,0.0059756873668487,5.55826295996401e-05,10.0
3031.55,0.2720743235,0.2662456540438139,0.2665825034118999,0.005828669456186,0.005828669456186,5.5552352359047206e-05,10.0
3032.032,0.2719811453,0.2663087288666941,0.2666418878247475,0.0056724164333058,0.0056724164333058,5.552210332039629e-05,10.0
3032.514,0.2722128589,0.2663729721249971,0.2667023755382531,0.0058398867750029,0.0058398867750029,5.549188244964142e-05,10.0
3032.996,0.2721877501,0.2664383799779783,0.2667639635030087,0.0057493701220216,0.0057493701220216,5.546168971278621e-05,10.0
3033.478,0.2720707897,0.2665049485212796,0.2668266486182978,0.0055658411787203,0.0055658411787203,5.543152507588488e-05,10.0
3033.96,0.2721045776,0.2665726737872674,0.2668904277322607,0.0055319038127326,0.0055319038127326,5.540138850503902e-05,10.0
3034.442,0.2721201245,0.2666415517453792,0.2669552976420601,0.0054785727546207,0.0054785727546207,5.537127996640172e-05,10.0
3034.925,0.2720818062,0.2667117247768777,0.2670213930634492,0.0053700814231222,0.0053700814231222,5.534113704749676e-05,10.0
3035.407,0.2722937742,0.2667828981475814,0.2670884369993299,0.0055108760524186,0.0055108760524186,5.5311084529915226e-05,10.0
3035.889,0.2721711284999999,0.2668552117358427,0.2671565618113534,0.0053159167641572,0.0053159167641572,5.528105994322716e-05,10.0
3036.371,0.2723924642,0.2669286612627893,0.2672257640943761,0.0054638029372107,0.0054638029372107,5.525106325378188e-05,10.0
3036.853,0.2724421621,0.267003242388412,0.2672960403931432,0.0054389197115879,0.0054389197115879,5.522109442797926e-05,10.0
3037.335,0.2723585037,0.2670789507119357,0.2673673872024689,0.0052795529880643,0.0052795529880643,5.519115343226634e-05,10.0
3037.817,0.2725998089,0.2671557817721948,0.2674398009674181,0.0054440271278052,0.0054440271278052,5.5161240233141406e-05,10.0
3038.299,0.2724930191,0.2672337310480142,0.2675132780834914,0.0052592880519858,0.0052592880519858,5.513135479715105e-05,10.0
3038.781,0.2725797884,0.2673127939585953,0.2675878148968138,0.0052669944414046,0.0052669944414046,5.510149709088986e-05,10.0
3039.264,0.2728557662,0.2673931333452022,0.2676635656309799,0.0054626328547978,0.0054626328547978,5.507160522178103e-05,10.0
3039.746,0.2727561722,0.2674744118325001,0.2677402128597528,0.0052817603674999,0.0052817603674999,5.504180293231538e-05,10.0
3040.228,0.2728369354,0.2675567898483886,0.267817908521852,0.0052801455516114,0.0052801455516114,5.501202827258665e-05,10.0
3040.71,0.2728431572999999,0.2676402625773763,0.2678966487677077,0.0052028947226236,0.0052028947226236,5.49822812093847e-05,10.0
3041.192,0.2729592961,0.2677248251463322,0.267976429699342,0.0052344709536678,0.0052344709536678,5.495256170954795e-05,10.0
3041.674,0.2730296729,0.267810472624895,0.2680572473705699,0.005219200275105,0.005219200275105,5.492286973996157e-05,10.0
3042.156,0.2728834301,0.2678972000258834,0.268139097787201,0.0049862300741165,0.0049862300741165,5.489320526756102e-05,10.0
3042.638,0.2731126806,0.2679850023057154,0.2682219769072453,0.0051276782942845,0.0051276782942845,5.486356825932833e-05,10.0
3043.121,0.2732835963,0.2680740598551565,0.2683060557774773,0.0052095364448435,0.0052095364448435,5.483389728012842e-05,10.0
3043.603,0.2731183879,0.2681639987417891,0.2683909821010534,0.0049543891582108,0.0049543891582108,5.480431515818081e-05,10.0
3044.085,0.2732520577,0.2682549970314557,0.268476924708623,0.0049970606685442,0.0049970606685442,5.477476040156928e-05,10.0
3044.567,0.2732164321,0.2683470494590885,0.2685638793689904,0.0048693826409115,0.0048693826409115,5.474523297746794e-05,10.0
3045.049,0.2732264861,0.2684401507053546,0.2686518418042166,0.0047863353946453,0.0047863353946453,5.471573285309998e-05,10.0
3045.531,0.273320918,0.2685342953970935,0.2687408076898375,0.0047866226029064,0.0047866226029064,5.468625999573493e-05,10.0
3046.013,0.2731268549,0.2686294781077579,0.2688307726550838,0.004497376792242,0.004497376792242,5.465681437269045e-05,10.0
3046.495,0.2732241234,0.2687256933578594,0.2689217322831037,0.0044984300421406,0.0044984300421406,5.462739595133033e-05,10.0
3046.978,0.2733155131999999,0.2688231384265411,0.2690138739046522,0.0044923747734588,0.0044923747734588,5.459794374958735e-05,10.0
3047.459,0.2732545725,0.2689211992963913,0.2691066176309808,0.0043333732036086,0.0043333732036086,5.4568640583365856e-05,10.0
3047.942,0.2734221648,0.2690206857911499,0.2692007301532891,0.0044014790088501,0.0044014790088501,5.4539242734709646e-05,10.0
3048.424,0.2734319906,0.2691209774506893,0.2692956253712981,0.0043110131493107,0.0043110131493107,5.450993285082192e-05,10.0
3048.906,0.2734234177,0.2692222734619032,0.2693914924748019,0.0042011442380968,0.0042011442380968,5.448065000608745e-05,10.0
3049.388,0.2737102132,0.269324568037052,0.2694883267751346,0.0043856451629479,0.0043856451629479,5.445139416815444e-05,10.0
3049.87,0.2737924747,0.2694278553386519,0.269586123539159,0.0043646193613481,0.0043646193613481,5.442216530471916e-05,10.0
3050.352,0.2735880327,0.2695321294799423,0.2696848779895048,0.0040559032200576,0.0040559032200576,5.439296338352395e-05,10.0
3050.834,0.2738291995999999,0.2696373845253589,0.2697845853048111,0.004191815074641,0.004191815074641,5.436378837235717e-05,10.0
3051.316,0.2739893417,0.2697436144910046,0.2698852406199669,0.0042457272089954,0.0042457272089954,5.433464023905489e-05,10.0
3051.799,0.2739539582999999,0.2698510367523367,0.2699870507883436,0.0041029215476632,0.0041029215476632,5.430545856177488e-05,10.0
3052.281,0.2739569325,0.2699592004069884,0.2700895892752616,0.0039977320930116,0.0039977320930116,5.427636414349256e-05,10.0
3052.763,0.2740058432,0.2700683207322089,0.2701930608962457,0.0039375224677911,0.0039375224677911,5.424729650679558e-05,10.0
3053.245,0.2741195437,0.2701783915554692,0.2702974606135635,0.0039411521445308,0.0039411521445308,5.421825561970506e-05,10.0
3053.727,0.2740946485,0.270289406658315,0.2704027833469734,0.0038052418416849,0.0038052418416849,5.418924145029044e-05,10.0
3054.209,0.2741290884,0.2704013597768564,0.2705090239739823,0.0037277286231435,0.0037277286231435,5.416025396666457e-05,10.0
3054.691,0.2743483446999999,0.2705142446022576,0.2706161773300987,0.0038341000977423,0.0038341000977423,5.413129313699008e-05,10.0
3055.173,0.27446124,0.2706280547812302,0.2707242382090926,0.0038331852187697,0.0038331852187697,5.4102358929473306e-05,10.0
3055.656,0.2744864203,0.2707430228945717,0.2708334283621408,0.0037433974054282,0.0037433974054282,5.4073391365674496e-05,10.0
3056.138,0.2746810334,0.2708586664319482,0.2709432903579855,0.0038223669680517,0.0038223669680517,5.404451036234386e-05,10.0
3056.62,0.274404263,0.2709752159877756,0.2710540439990901,0.0034290470122243,0.0034290470122243,5.401565588600061e-05,10.0
3057.102,0.2746638896,0.2710926650358343,0.2711656839148005,0.0035712245641656,0.0035712245641656,5.398682790503448e-05,10.0
3057.584,0.2745770733,0.2712110070079451,0.2712782046940418,0.0033660662920549,0.0033660662920549,5.395802638788216e-05,10.0
3058.066,0.2746886236,0.2713302352944743,0.2713916008855861,0.0033583883055257,0.0033583883055257,5.392925130302628e-05,10.0
3058.548,0.2745655408,0.2714503432448402,0.2715058669983254,0.0031151975551597,0.0031151975551597,5.390050261899213e-05,10.0
3059.03,0.2744402803,0.2715713241680202,0.2716209975015433,0.0028689561319797,0.0028689561319797,5.38717803043536e-05,10.0
3059.512,0.2747404041,0.2716931713330587,0.2717369868251885,0.0030472327669412,0.0030472327669412,5.384308432772848e-05,10.0
3059.995,0.2747793497,0.2718161334363631,0.2718540726550487,0.0029632162636368,0.0029632162636368,5.381435520446108e-05,10.0
3060.477,0.2747908055,0.2719396944969824,0.2719717645059731,0.0028511110030176,0.0028511110030176,5.378571186437839e-05,10.0
3060.959,0.27481699,0.2720641013578688,0.2720902982220993,0.0027528886421311,0.0027528886421311,5.375709476837001e-05,10.0
3061.441,0.2751314403,0.2721893471333799,0.2722096680787388,0.00294209316662,0.00294209316662,5.37285038852352e-05,10.0
3061.923,0.2750243723,0.2723154249005104,0.2723298683132688,0.0027089473994895,0.0027089473994895,5.369993918381622e-05,10.0
3062.405,0.2750644033,0.2724423276994062,0.2724508931254139,0.0026220756005937,0.0026220756005937,5.367140063300394e-05,10.0
3062.887,0.27517703,0.272570048533885,0.2725727366775353,0.0026069814661149,0.0026069814661149,5.36428882017317e-05,10.0
3063.369,0.2753645441,0.2726985803719555,0.2726953930949184,0.0026659637280445,0.0026659637280445,5.361440185897643e-05,10.0
3063.852,0.2753757212,0.2728281853085861,0.2728191134488395,0.0025475358914138,0.0025475358914138,5.358588255459315e-05,10.0
3064.334,0.2752414034,0.2729583195630041,0.2729433794813738,0.0022830838369958,0.0022830838369958,5.355744834995323e-05,10.0
3064.816,0.2755125107,0.2730892435005468,0.273068440523018,0.0024232671994531,0.0024232671994531,5.352904014097109e-05,10.0
3065.298,0.2754167815,0.2732209499511281,0.2731942905535915,0.0021958315488718,0.0021958315488718,5.350065789680202e-05,10.0
3065.78,0.2754733813,0.2733534317114617,0.2733209235173013,0.0021199495885382,0.0021199495885382,5.347230158664916e-05,10.0
3066.262,0.2756916263,0.2734866815455899,0.2734483333230431,0.00220494475441,0.00220494475441,5.344397117975662e-05,10.0
3066.744,0.2754049447,0.273620692185405,0.273576513844697,0.0017842525145949,0.0017842525145949,5.341566664541512e-05,10.0
3067.226,0.2756566657,0.2737554563311766,0.2737054589214311,0.0019012093688233,0.0019012093688233,5.33873879529589e-05,10.0
3067.708,0.2756663298,0.273890966652079,0.2738351623580034,0.0017753631479209,0.0017753631479209,5.33591350717654e-05,10.0
3068.191,0.2758563556,0.2740274992241402,0.2739658893572659,0.0018288563758597,0.0018288563758597,5.33308494355856e-05,10.0
3068.673,0.2757763424,0.2741644812908403,0.2740970923325745,0.0016118611091596,0.0016118611091596,5.330264813862032e-05,10.0
3069.155,0.2757597572,0.2743021873434527,0.2742290348654792,0.0014575698565473,0.0014575698565473,5.327447256125326e-05,10.0
3069.637,0.2760057038,0.2744406099319745,0.2743617106260811,0.0015650938680255,0.0015650938680255,5.324632267303813e-05,10.0
3070.119,0.2760078397,0.2745797415779434,0.2744951132516056,0.0014280981220565,0.0014280981220565,5.321819844357361e-05,10.0
3070.601,0.2760637893,0.2747195747749671,0.2746292363467155,0.0013442145250329,0.0013442145250329,5.319009984249932e-05,10.0
3071.083,0.2758198747,0.2748601019892491,0.2747640734838207,0.0009597727107509,0.0009597727107509,5.316202683950058e-05,10.0
3071.565,0.2760880028,0.2750013156601183,0.2748996182033946,0.0010866871398816,0.0010866871398816,5.313397940430693e-05,10.0
3072.048,0.2762786492,0.2751435032838276,0.2750361474062092,0.0011351459161723,0.0011351459161723,5.3105899396496766e-05,10.0
3072.53,0.276209861,0.2752860684657187,0.2751730892201842,0.0009237925342813,0.0009237925342813,5.30779030591586e-05,10.0
3073.012,0.2762157341,0.2754292972503441,0.2753107190359589,0.0007864368496559,0.0007864368496559,5.304993219900773e-05,10.0
3073.494,0.2762681226,0.2755731819747634,0.275449030269364,0.0006949406252366,0.0006949406252366,5.3021986785945856e-05,10.0
3073.976,0.2763865588999999,0.275717714951802,0.2755880163058853,0.0006688439481979,0.0006688439481979,5.299406678991848e-05,10.0
3074.458,0.2762301137,0.2758628884705784,0.2757276705009855,0.0003672252294216,0.0003672252294216,5.296617218091219e-05,10.0
3074.94,0.2763941993,0.2760086947970309,0.2758679861804285,0.000385504502969,0.000385504502969,5.293830292895937e-05,10.0
3075.422,0.276546878,0.2761551261744428,0.2760089566406021,0.0003917518255571,0.0003917518255571,5.291045900413484e-05,10.0
3075.905,0.2762631762999999,0.2763024805404033,0.27615086963214,-3.930424040332614e-05,3.930424040332614e-05,5.288258268783399e-05,10.0
3076.386,0.2765835224,0.2764498329451754,0.2762928349437898,0.0001336894548245,0.0001336894548245,5.285484701637535e-05,10.0
3076.869,0.2766303278,0.276598400929391,0.2764360263516708,3.1926870609044755e-05,3.1926870609044755e-05,5.282702130980506e-05,10.0
3077.351,0.2766243766,0.276747255732621,0.2765795496177544,-0.000122879132621,0.000122879132621,5.279927844735181e-05,10.0
3077.833,0.2768122900999999,0.2768966964654905,0.2767236937031304,-8.440636549056357e-05,8.440636549056357e-05,5.277156076297563e-05,10.0
3078.315,0.2769609803,0.2770467152463505,0.27686845173478,-8.573494635055745e-05,8.573494635055745e-05,5.274386822700605e-05,10.0
3078.797,0.2768342157,0.2771973041745681,0.2770138168126186,-0.0003630884745681,0.0003630884745681,5.271620080981693e-05,10.0
3079.279,0.2768357253,0.2773484553310503,0.2771597820098328,-0.0005127300310503,0.0005127300310503,5.268855848182229e-05,10.0
3079.761,0.2769376957,0.2775001607787621,0.2773063403732145,-0.0005624650787621,0.0005624650787621,5.266094121347951e-05,10.0
3080.243,0.2769438231,0.277652412563248,0.2774534849234987,-0.0007085894632479,0.0007085894632479,5.263334897528814e-05,10.0
3080.726,0.2770927587,0.277805520259253,0.277601515733659,-0.000712761559253,0.000712761559253,5.2605724570319e-05,10.0
3081.208,0.2769969891,0.2779588418788817,0.2777498127971273,-0.0009618527788817,0.0009618527788817,5.25781823558744e-05,10.0
3081.69,0.2772799871999999,0.2781126858559512,0.2778986749420838,-0.0008326986559512,0.0008326986559512,5.255066508327214e-05,10.0
3082.172,0.277142494,0.2782670441714659,0.2780480950883756,-0.0011245501714658,0.0011245501714658,5.252317272317811e-05,10.0
3082.654,0.2773626937,0.2784219087915925,0.2781980661314942,-0.0010592150915925,0.0010592150915925,5.249570524630352e-05,10.0
3083.136,0.2772888682,0.278577271668174,0.2783485809429203,-0.0012884034681739,0.0012884034681739,5.2468262623399095e-05,10.0
3083.618,0.2776119251,0.27873312473924,0.278499632370466,-0.00112119963924,0.00112119963924,5.2440844825258605e-05,10.0
3084.1,0.2775549923,0.278889459929519,0.2786512132386217,-0.0013344676295189,0.0013344676295189,5.241345182271638e-05,10.0
3084.583,0.2776218052999999,0.2790465949684188,0.2788036324533848,-0.0014247896684188,0.0014247896684188,5.238602683180026e-05,10.0
3085.065,0.2775166236999999,0.279203871078879,0.2789562516456627,-0.001687247378879,0.001687247378879,5.235868338441788e-05,10.0
3085.547,0.2777367387,0.2793616049911693,0.2791093786005076,-0.0016248662911693,0.0016248662911693,5.2331364645326965e-05,10.0
3086.029,0.2779271098,0.2795197885818654,0.2792630060525489,-0.0015926787818654,0.0015926787818654,5.230407058552924e-05,10.0
3086.511,0.2779482337,0.2796784137167747,0.2794171267148373,-0.0017301800167747,0.0017301800167747,5.227680117606502e-05,10.0
3086.993,0.2779549716,0.2798374722514362,0.2795717332791931,-0.0018825006514361,0.0018825006514361,5.2249556388020496e-05,10.0
3087.475,0.2779493521,0.2799969560316238,0.2797268184165608,-0.0020476039316237,0.0020476039316237,5.2222336192518536e-05,10.0
3087.957,0.2780617081,0.2801568568938423,0.2798823747773599,-0.0020951487938422,0.0020951487938422,5.2195140560725e-05,10.0
3088.439,0.2780087063999999,0.2803171666658255,0.2800383949918399,-0.0023084602658255,0.0023084602658255,5.2167969463846776e-05,10.0
3088.922,0.2782953345,0.2804782110021856,0.2801951967802019,-0.0021828765021856,0.0021828765021856,5.214076657785827e-05,10.0
3089.404,0.2782368702,0.2806393148501735,0.2803521234378155,-0.0024024446501735,0.0024024446501735,5.2113644515347966e-05,10.0
3089.886,0.2783226814,0.2808008030264345,0.2805094917069519,-0.0024781216264345,0.0024781216264345,5.208654690155969e-05,10.0
3090.368,0.2784100033,0.2809626673285389,0.2806672941406909,-0.0025526640285389,0.0025526640285389,5.205947370786363e-05,10.0
3090.85,0.2782999003999999,0.2811248995477466,0.2808255232737249,-0.0028249991477466,0.0028249991477466,5.203242490566983e-05,10.0
3091.332,0.2783931382,0.2812874914694903,0.2809841716227128,-0.0028943532694902,0.0028943532694902,5.200540046643138e-05,10.0
3091.814,0.2784048131,0.281450434873863,0.2811432316866437,-0.0030456217738629,0.0030456217738629,5.197840036163935e-05,10.0
3092.296,0.2787836367,0.2816137215360976,0.281302695947193,-0.0028300848360976,0.0028300848360976,5.195142456282769e-05,10.0
3092.779,0.2787637649,0.2817776830336882,0.2814628889378406,-0.0030139181336882,0.0030139181336882,5.192441715076562e-05,10.0
3093.261,0.2786680863,0.2819416321897481,0.2816231397686284,-0.0032735458897481,0.0032735458897481,5.189748992895232e-05,10.0
3093.743,0.2788754371,0.2821058998879149,0.2817837721250785,-0.0032304627879148,0.0032304627879148,5.187058692790141e-05,10.0
3094.225,0.2788533289,0.2822704778887626,0.2819447784231983,-0.0034171489887626,0.0034171489887626,5.184370811930524e-05,10.0
3094.707,0.2791090858,0.2824353579503856,0.2821061510634909,-0.0033262721503856,0.0033262721503856,5.181685347489874e-05,10.0
3095.189,0.2790598325,0.2826005318288709,0.2822678824313219,-0.0035406993288709,0.0035406993288709,5.179002296645632e-05,10.0
3095.671,0.279206398,0.2827659912787648,0.2824299648972824,-0.0035595932787647,0.0035595932787647,5.1763216565793096e-05,10.0
3096.153,0.2791981342,0.282931728053538,0.2825923908175544,-0.0037335938535379,0.0037335938535379,5.173643424476255e-05,10.0
3096.635,0.279316674,0.2830977339060494,0.2827551525342757,-0.0037810599060494,0.0037810599060494,5.170967597525925e-05,10.0
3097.118,0.2794134909,0.2832643458060405,0.2829185810723295,-0.0038508549060405,0.0038508549060405,5.168288628892931e-05,10.0
3097.6,0.2793015731,0.2834308655879142,0.2830819920108347,-0.0041292924879142,0.0041292924879142,5.165617608807669e-05,10.0
3098.082,0.279329125,0.2835976296899144,0.2832457156756187,-0.0042685046899144,0.0042685046899144,5.162948985461484e-05,10.0
3098.564,0.2797230761,0.2837646298670364,0.2834097443562841,-0.0040415537670364,0.0040415537670364,5.160282756059757e-05,10.0
3099.046,0.2796760567,0.2839318578759441,0.2835740703302248,-0.004255801175944,0.004255801175944,5.157618917811681e-05,10.0
3099.528,0.2797061389,0.2840993054754182,0.2837386858629953,-0.0043931665754181,0.0043931665754181,5.15495746793053e-05,10.0
3100.01,0.2795579575,0.2842669644268032,0.2839035832086795,-0.0047090069268032,0.0047090069268032,5.152298403633584e-05,10.0
3100.492,0.2797794756,0.2844348264944512,0.2840687546102597,-0.0046553508944511,0.0046553508944511,5.149641722141831e-05,10.0
3100.975,0.2799849688999999,0.2846032323089097,0.2842345358031195,-0.0046182634089098,0.0046182634089098,5.146981916302987e-05,10.0
3101.457,0.2798523186,0.284771476295076,0.2844002325311185,-0.004919157695076,0.004919157695076,5.144329997029986e-05,10.0
3101.939,0.2800622031,0.2849398986959488,0.2845661799648834,-0.0048776955959488,0.0048776955959488,5.141680452243405e-05,10.0
3102.421,0.2800739158,0.2851084912923081,0.284732370306672,-0.0050345754923081,0.0050345754923081,5.139033279180114e-05,10.0
3102.903,0.2802076288,0.2852772458701254,0.284898795749495,-0.0050696170701253,0.0050696170701253,5.1363884750807295e-05,10.0
3103.385,0.2800140908,0.2854461542209873,0.2850654484774843,-0.0054320634209873,0.0054320634209873,5.133746037189958e-05,10.0
3103.867,0.2802129407,0.2856152081425265,0.2852323206662677,-0.0054022674425264,0.0054022674425264,5.1311059627561566e-05,10.0
3104.349,0.2803121131,0.2857843994388416,0.2853994044833388,-0.0054722863388416,0.0054722863388416,5.128468249031957e-05,10.0
3104.832,0.2802346379,0.2859540713368385,0.2855670393645454,-0.0057194334368384,0.0057194334368384,5.125827428179575e-05,10.0
3105.313,0.2803345788,0.2861231614070544,0.2857341756338897,-0.0057885826070543,0.0057885826070543,5.123199892740816e-05,10.0
3105.796,0.2805346392,0.2862930676073175,0.2859021953215596,-0.0057584284073175,0.0057584284073175,5.1205637893656207e-05,10.0
3106.278,0.2804091776,0.2864627267963983,0.2860700475428273,-0.0060535491963982,0.0060535491963982,5.117935495952863e-05,10.0
3106.76,0.2804861603,0.2866324824754681,0.2862380721045643,-0.0061463221754681,0.0061463221754681,5.115309549563926e-05,10.0
3107.242,0.2805739958,0.2868023264961836,0.286406261133278,-0.0062283306961836,0.0062283306961836,5.112685947474455e-05,10.0
3107.724,0.280582415,0.2869722507195568,0.2865746067499553,-0.0063898357195567,0.0063898357195567,5.110064686963839e-05,10.0
3108.206,0.2804761403,0.2871422470163552,0.2867431010704345,-0.0066661067163552,0.0066661067163552,5.107445765315298e-05,10.0
3108.688,0.2807672223999999,0.2873123072675009,0.2869117362057791,-0.0065450848675009,0.0065450848675009,5.1048291798159606e-05,10.0
3109.17,0.2806440115999999,0.2874824233644645,0.2870805042626509,-0.0068384117644645,0.0068384117644645,5.102214927756703e-05,10.0
3109.653,0.280728663,0.2876529402907062,0.2872497478687503,-0.0069242772907062,0.0069242772907062,5.099597589929311e-05,10.0
3110.135,0.2809595295,0.2878231438717699,0.2874187583077089,-0.0068636143717698,0.0068636143717698,5.096988001465376e-05,10.0
3110.617,0.2810949409,0.2879933790235393,0.2875878779491141,-0.0068984381235393,0.0068984381235393,5.09438073833158e-05,10.0
3111.099,0.2811299967,0.2881636376836106,0.2877570988857595,-0.0070336409836105,0.0070336409836105,5.091775797833977e-05,10.0
3111.581,0.2808652299,0.2883339118020651,0.2879264132079075,-0.0074686819020651,0.0074686819020651,5.089173177282592e-05,10.0
3112.063,0.2809461399,0.2885041933418495,0.2880958130036651,-0.0075580534418495,0.0075580534418495,5.086572873991016e-05,10.0
3112.545,0.2812074669,0.2886744742791496,0.2882652903593573,-0.0074670073791496,0.0074670073791496,5.083974885276871e-05,10.0
3113.027,0.2813186631,0.2888447466037646,0.2884348373599018,-0.0075260835037646,0.0075260835037646,5.08137920846142e-05,10.0
3113.51,0.2814866467,0.2890153555242971,0.2886047980331874,-0.0075287088242971,0.0075287088242971,5.078780462837509e-05,10.0
3113.992,0.2815727209,0.2891855865899282,0.2887744606778389,-0.0076128656899281,0.0076128656899281,5.0761894065807856e-05,10.0
3114.474,0.2816744978,0.2893557850811141,0.288944169200961,-0.0076812872811141,0.0076812872811141,5.073600654203553e-05,10.0
3114.956,0.2815838866,0.2895259430458021,0.289113915685578,-0.0079420564458021,0.0079420564458021,5.071014203042141e-05,10.0
3115.438,0.2818195442,0.2896960525473732,0.2892836922151778,-0.0078765083473732,0.0078765083473732,5.0684300504364784e-05,10.0
3115.92,0.2818661839,0.2898661056649936,0.2894534908740814,-0.0079999217649936,0.0079999217649936,5.065848193730478e-05,10.0
3116.402,0.2817216657999999,0.2900360944939696,0.2896233037478198,-0.0083144286939697,0.0083144286939697,5.063268630271605e-05,10.0
3116.884,0.2818854519,0.2902060111460948,0.2897931229235045,-0.0083205592460948,0.0083205592460948,5.060691357411094e-05,10.0
3117.366,0.282091581,0.2903758477499983,0.2899629404902031,-0.0082842667499983,0.0082842667499983,5.0581163725038575e-05,10.0
3117.849,0.2819740823,0.2905459485303993,0.2901331008227867,-0.0085718662303992,0.0085718662303992,5.055538337731299e-05,10.0
3118.331,0.2820380237,0.2907156012860261,0.2903028914040273,-0.0086775775860261,0.0086775775860261,5.052967925543424e-05,10.0
3118.813,0.2820069634,0.2908851504675306,0.2904726566425409,-0.0088781870675306,0.0088781870675306,5.050399793390435e-05,10.0
3119.295,0.2822418385,0.2910545882743127,0.2906423886389426,-0.0088127497743127,0.0088127497743127,5.047833938642189e-05,10.0
3119.777,0.2820350078,0.291223906924295,0.2908120794976654,-0.0091888991242949,0.0091888991242949,5.0452703586719774e-05,10.0
3120.259,0.2823062051,0.2913930986542453,0.2909817213273281,-0.0090868935542453,0.0090868935542453,5.042709050857039e-05,10.0
3120.741,0.2821677648,0.2915621557201052,0.2911513062411094,-0.0093943909201052,0.0093943909201052,5.040150012578181e-05,10.0
3121.223,0.2824075745,0.2917310703973104,0.2913208263571163,-0.0093234958973104,0.0093234958973104,5.0375932412197865e-05,10.0
3121.706,0.2823077812,0.2919001849537451,0.2914906252684579,-0.009592403753745,0.009592403753745,5.035033436714826e-05,10.0
3122.188,0.2825122620999999,0.2920687914242036,0.2916599919895213,-0.0095565293242037,0.0095565293242037,5.032481196055091e-05,10.0
3122.67,0.2826555225,0.292237232436577,0.2918292702840971,-0.009581709936577,0.009581709936577,5.029931214485872e-05,10.0
3123.152,0.2825433499,0.2924055003474824,0.291998452293723,-0.0098621504474824,0.0098621504474824,5.02738348940622e-05,10.0
3123.634,0.2826212552,0.2925735875345964,0.2921675301667129,-0.0099523323345963,0.0099523323345963,5.024838018218822e-05,10.0
3124.116,0.2827092578,0.2927414863969599,0.2923364960585281,-0.0100322285969599,0.0100322285969599,5.022294798330108e-05,10.0
3124.598,0.2825870733,0.2929091893552792,0.2925053421321434,-0.0103221160552792,0.0103221160552792,5.019753827150057e-05,10.0
3125.08,0.2829441267,0.2930766888522229,0.292674060558415,-0.0101325621522228,0.0101325621522228,5.017215102092168e-05,10.0
3125.562,0.2828936669,0.293243977352717,0.2928426435164466,-0.010350310452717,0.010350310452717,5.0146786205737744e-05,10.0
3126.045,0.2830903327,0.2934113937301388,0.2930114324995148,-0.0103210610301388,0.0103210610301388,5.01213912458288e-05,10.0
3126.527,0.2831730699999999,0.2935782372463559,0.2931797207716472,-0.0104051672463559,0.0104051672463559,5.009607127050797e-05,10.0
3127.009,0.2830574712,0.2937448472818889,0.2933478501498431,-0.0106873760818889,0.0106873760818889,5.007077365326093e-05,10.0
3127.491,0.2831549616,0.2939112163936337,0.2935158128498785,-0.0107562547936337,0.0107562547936337,5.004549836840532e-05,10.0
3127.973,0.283291293,0.2940773371621763,0.2936836010976058,-0.0107860441621763,0.0107860441621763,5.002024539029203e-05,10.0
3128.455,0.2833277408,0.2942432021920669,0.2938512071293152,-0.0109154613920668,0.0109154613920668,4.999501469330938e-05,10.0
3128.937,0.2835318652999999,0.2944088041120963,0.2940186231921006,-0.0108769388120963,0.0108769388120963,4.996980625188136e-05,10.0
3129.419,0.2834504167,0.2945741355755659,0.2941858415442195,-0.0111237188755659,0.0111237188755659,4.994462004046581e-05,10.0
3129.902,0.283441646,0.2947395314017703,0.2943532007363592,-0.0112978854017702,0.0112978854017702,4.991940384914121e-05,10.0
3130.384,0.2835225033,0.2949042994123953,0.2945200000381298,-0.0113817961123953,0.0113817961123953,4.989426206726244e-05,10.0
3130.866,0.2836130616,0.295068775061037,0.2946865784586328,-0.011455713461037,0.011455713461037,4.986914243893607e-05,10.0
3131.348,0.2835542158999999,0.2952329511017464,0.294852928304421,-0.0116787352017464,0.0116787352017464,4.984404493876414e-05,10.0
3131.83,0.2836277474999999,0.2953968203143978,0.2950190418950148,-0.0117690728143978,0.0117690728143978,4.981896954138304e-05,10.0
3132.312,0.2836318722,0.2955603755049421,0.2951849115632597,-0.011928503304942,0.011928503304942,4.979391622146511e-05,10.0
3132.794,0.2836891973,0.2957236095056577,0.2953505296556841,-0.0120344122056577,0.0120344122056577,4.97688849537186e-05,10.0
3133.276,0.2838409694,0.2958865151753984,0.2955158885328568,-0.0120455457753984,0.0120455457753984,4.974387571288487e-05,10.0
3133.759,0.2839539972,0.2960494223288455,0.2956813228016791,-0.0120954251288455,0.0120954251288455,4.97188366558508e-05,10.0
3134.24,0.2838730526,0.2962113130917115,0.2958457981560524,-0.0123382604917115,0.0123382604917115,4.969392321110559e-05,10.0
3134.723,0.2836796878,0.2963735266694531,0.2960106747582071,-0.0126938388694531,0.0126938388694531,4.9668928173013416e-05,10.0
3135.205,0.2838338153999999,0.2965350473966696,0.2961749200645415,-0.0127012319966696,0.0127012319966696,4.964400683342787e-05,10.0
3135.687,0.2839691593,0.2966962044797756,0.2963388681658168,-0.0127270451797756,0.0127270451797756,4.9619107394944616e-05,10.0
3136.169,0.2839184901,0.2968569909421777,0.2965025115143216,-0.0129385008421777,0.0129385008421777,4.959422983251548e-05,10.0
3136.651,0.2842220707,0.2970173998355133,0.2966658425788605,-0.0127953291355133,0.0127953291355133,4.956937412112863e-05,10.0
3137.133,0.2841774783,0.2971774242398731,0.2968288538451012,-0.0129999459398731,0.0129999459398731,4.954454023580636e-05,10.0
3137.615,0.2842140557,0.297337057264027,0.2969915378159283,-0.013123001564027,0.013123001564027,4.951972815160612e-05,10.0
3138.097,0.2842545971,0.2974962920456404,0.2971538870117877,-0.0132416949456404,0.0132416949456404,4.9494937843620354e-05,10.0
3138.58,0.2842801631,0.2976554508479042,0.2973162297241389,-0.0133752877479042,0.0133752877479042,4.947011792252037e-05,10.0
3139.062,0.2844103335,0.2978138678125285,0.2974778862701883,-0.0134035343125284,0.0134035343125284,4.944537113742576e-05,10.0
3139.544,0.2843424021,0.2979718661091204,0.2976391856960709,-0.0136294640091204,0.0136294640091204,4.9420646053976e-05,10.0
3140.026,0.2843855352,0.2981294389931344,0.2978001205959888,-0.0137439037931343,0.0137439037931343,4.939594264740145e-05,10.0
3140.508,0.284358085,0.2982865797499782,0.2979606835834342,-0.0139284947499782,0.0139284947499782,4.937126089296658e-05,10.0
3140.99,0.2844007279,0.298443281695215,0.2981208672915317,-0.014042553795215,0.014042553795215,4.934660076596936e-05,10.0
3141.472,0.2846602215,0.2985995381747651,0.2982806643733815,-0.013939316674765,0.013939316674765,4.932196224174398e-05,10.0
3141.954,0.2845018541,0.2987553425651033,0.2984400675023984,-0.0142534884651032,0.0142534884651032,4.929734529565563e-05,10.0
3142.437,0.2845243617,0.2989110100860966,0.2985993988298847,-0.0143866483860966,0.0143866483860966,4.927269889770963e-05,10.0
3142.919,0.2847761015,0.2990658895785855,0.2987579913012744,-0.0142897880785855,0.0142897880785855,4.924812507877606e-05,10.0
3143.401,0.2849104194,0.2992202972830291,0.2989161679503038,-0.0143098778830291,0.0143098778830291,4.922357276423575e-05,10.0
3143.883,0.2849106142,0.2993742267001061,0.2990739215350732,-0.0144636125001061,0.0144636125001061,4.919904192959218e-05,10.0
3144.365,0.2847786875,0.2995276713620001,0.2992312448356858,-0.014748983862,0.014748983862,4.917453255038134e-05,10.0
3144.847,0.2848616565,0.2996806248325764,0.2993881306545775,-0.0148189683325764,0.0148189683325764,4.9150044602175816e-05,10.0
3145.329,0.2849967311,0.2998330807075668,0.2995445718168519,-0.0148363496075668,0.0148363496075668,4.9125578060580754e-05,10.0
3145.811,0.2850297224999999,0.2999850326147439,0.2997005611706122,-0.0149553101147439,0.0149553101147439,4.9101132901233966e-05,10.0
3146.293,0.2853008602,0.3001364742140944,0.2998560915872895,-0.0148356140140943,0.0148356140140943,4.907670909980831e-05,10.0
3146.776,0.285273962,0.3002877117789871,0.3000114771829288,-0.0150137497789871,0.0150137497789871,4.905225602664284e-05,10.0
3147.258,0.2854368976,0.300438112781028,0.3001660674457673,-0.015001215181028,0.015001215181028,4.902787491239667e-05,10.0
3147.74,0.285353586,0.3005879846372828,0.3003201775144594,-0.0152343986372828,0.0152343986372828,4.900351508324053e-05,10.0
3148.222,0.2852959568,0.3007373211383605,0.3004738003570818,-0.0154413643383605,0.0154413643383605,4.897917651498107e-05,10.0
3148.704,0.2853798027999999,0.3008861161079177,0.3006269289666725,-0.0155063133079177,0.0155063133079177,4.895485918345875e-05,10.0
3149.186,0.2855164632,0.3010343634028203,0.300779556361555,-0.0155179002028202,0.0155179002028202,4.8930563064547374e-05,10.0
3149.668,0.285575721,0.301182056913299,0.3009316755856598,-0.015606335913299,0.015606335913299,4.890628813415289e-05,10.0
3150.15,0.2855853823,0.301329190563105,0.3010832797088432,-0.0157438082631049,0.0157438082631049,4.888203436821687e-05,10.0
3150.633,0.285593488,0.3014760617996935,0.3012346747281885,-0.0158825737996935,0.0158825737996935,4.885775148951324e-05,10.0
3151.115,0.285487591,0.3016220564414804,0.3013852268600032,-0.0161344654414803,0.0161344654414803,4.883354002423069e-05,10.0
3151.597,0.2856194422,0.3017674731841141,0.3015352432450251,-0.0161480309841141,0.0161480309841141,4.8809349651375886e-05,10.0
3152.079,0.2856039954,0.301912306086992,0.3016847170600493,-0.016308310686992,0.016308310686992,4.8785180347022047e-05,10.0
3152.561,0.2857365255,0.3020565492437693,0.3018336415093791,-0.0163200237437692,0.0163200237437692,4.876103208727462e-05,10.0
3153.043,0.2858095229,0.3022001967824991,0.3019820098251392,-0.0163906738824991,0.0163906738824991,4.87369048482721e-05,10.0
3153.525,0.2858867432,0.3023432428657693,0.3021298152675841,-0.0164564996657692,0.0164564996657692,4.8712798606186766e-05,10.0
3154.007,0.2858548326,0.3024856816908396,0.3022770511254081,-0.0166308490908396,0.0166308490908396,4.8688713337223e-05,10.0
3154.49,0.2860610287,0.3026278010929493,0.3024240143854154,-0.0165667723929493,0.0165667723929493,4.866459911340323e-05,10.0
3154.972,0.2859713271,0.3027690068430842,0.3025700898391057,-0.0167976797430842,0.0167976797430842,4.864055576281646e-05,10.0
3155.454,0.2860621104,0.3029095881243688,0.3027155757342586,-0.0168474777243687,0.0168474777243687,4.861653331411133e-05,10.0
3155.936,0.2862841341,0.3030495392741361,0.3028604654764537,-0.0167654051741361,0.0167654051741361,4.859253174362477e-05,10.0
3156.418,0.2862385179,0.3031888546650378,0.3030047525012366,-0.0169503367650378,0.0169503367650378,4.856855102772357e-05,10.0
3156.9,0.2863841246,0.3033275287051666,0.3031484302744173,-0.0169434041051666,0.0169434041051666,4.8544591142808615e-05,10.0
3157.382,0.2861603612,0.3034655558381758,0.3032914922923707,-0.0173051946381758,0.0173051946381758,4.852065206531304e-05,10.0
3157.864,0.286290511,0.3036029305433987,0.3034339320823329,-0.0173124195433986,0.0173124195433986,4.849673377170299e-05,10.0
3158.346,0.2865142857,0.3037396473359646,0.3035757432026972,-0.0172253616359646,0.0172253616359646,4.847283623847466e-05,10.0
3158.829,0.2864184431,0.3038759823421196,0.3037172114750657,-0.0174575392421196,0.0174575392421196,4.844890992677681e-05,10.0
3159.311,0.2866942955,0.3040113656054142,0.3038577447200804,-0.0173170701054141,0.0173170701054141,4.8425053886886765e-05,10.0
3159.793,0.2864503701,0.3041460747062331,0.303997630147424,-0.017695704606233,0.017695704606233,4.840121853701741e-05,10.0
3160.275,0.2864820423,0.3042801043040885,0.3041368614431133,-0.0177980620040884,0.0177980620040884,4.8377403853796e-05,10.0
3160.757,0.2864831146,0.3044134490948401,0.304275432325779,-0.0179303344948401,0.0179303344948401,4.8353609813881374e-05,10.0
3161.239,0.2865414399,0.3045461038107996,0.304413336546951,-0.0180046639107995,0.0180046639107995,4.8329836393965545e-05,10.0
3161.721,0.2865644431999999,0.3046780632208331,0.3045505678913441,-0.0181136200208331,0.0181136200208331,4.830608357076983e-05,10.0
3162.203,0.28651017,0.3048093221304608,0.3046871201771395,-0.0182991521304608,0.0182991521304608,4.828235132105044e-05,10.0
3162.686,0.2864848371,0.3049401455022358,0.3048232684216571,-0.0184553084022358,0.0184553084022358,4.8258590448542704e-05,10.0
3163.167,0.2865639491,0.3050697178544405,0.3049581630146862,-0.0185057687544404,0.0185057687544404,4.823494844921936e-05,10.0
3163.65,0.2866567175,0.3051991116138677,0.3050929196442584,-0.0185423941138677,0.0185423941138677,4.821122869280327e-05,10.0
3164.132,0.2864710855,0.3053275158126857,0.3052266930909448,-0.0188564303126856,0.0188564303126856,4.818757854764254e-05,10.0
3164.614,0.2864786541999999,0.3054551940815401,0.3053597570693036,-0.0189765398815401,0.0189765398815401,4.816394886016201e-05,10.0
3165.096,0.2866402393,0.3055821414479569,0.3054921056042424,-0.0189419021479569,0.0189419021479569,4.8140339607308e-05,10.0
3165.578,0.286624663,0.305708352976766,0.3056237327560688,-0.019083689976766,0.019083689976766,4.811675076605748e-05,10.0
3166.06,0.2867481088,0.3058338237701875,0.3057546326207616,-0.0190857149701875,0.0190857149701875,4.809318231341926e-05,10.0
3166.542,0.2866945372,0.3059585489679151,0.3058847993302377,-0.019264011767915,0.019264011767915,4.806963422643438e-05,10.0
3167.024,0.2868905569,0.3060825237471989,0.3060142270526187,-0.0191919668471989,0.0191919668471989,4.8046106482173306e-05,10.0
3167.507,0.2869952273,0.3062059981768663,0.3061431761913471,-0.0192107708768662,0.0192107708768662,4.8022550308256926e-05,10.0
3167.989,0.2871170803,0.3063284562200636,0.3062711070269354,-0.0192113759200636,0.0192113759200636,4.799906322287247e-05,10.0
3168.471,0.2871289907,0.3064501495929641,0.3063982815878157,-0.0193211588929641,0.0193211588929641,4.797559641156872e-05,10.0
3168.953,0.2872883463,0.3065710736239051,0.3065246941896244,-0.0192827273239051,0.0192827273239051,4.795214985154322e-05,10.0
3169.435,0.2871524639,0.3066912236791654,0.3066503391855057,-0.0195387597791654,0.0195387597791654,4.792872352002444e-05,10.0
3169.917,0.2872450451,0.3068105951630365,0.3067752109663653,-0.0195655500630365,0.0195655500630365,4.790531739427075e-05,10.0
3170.399,0.2872784965,0.3069291835178916,0.3068993039611218,-0.0196506870178916,0.0196506870178916,4.7881931451574085e-05,10.0
3170.881,0.287446817,0.3070469842242582,0.307022612636962,-0.0196001672242582,0.0196001672242582,4.7858565669255525e-05,10.0
3171.364,0.2872976480999999,0.3071642347307587,0.3071453848632981,-0.0198665866307587,0.0198665866307587,4.7835171610638025e-05,10.0
3171.846,0.2874265233999999,0.3072804450774352,0.3072671068015902,-0.0198539216774352,0.0198539216774352,4.781184612287364e-05,10.0
3172.328,0.2874044272,0.3073958544376785,0.3073880280434037,-0.0199914272376784,0.0199914272376784,4.778854072759128e-05,10.0
3172.81,0.287503129,0.3075104584453589,0.3075081432115435,-0.0200073294453588,0.0200073294453588,4.776525540223647e-05,10.0
3173.292,0.2873841711,0.3076242527728192,0.3076274469683079,-0.0202400816728191,0.0202400816728191,4.774199012428554e-05,10.0
3173.774,0.2873369296,0.3077372331309357,0.3077459340157293,-0.0204003035309356,0.0204003035309356,4.771874487124488e-05,10.0
3174.256,0.2872212587,0.3078493952691742,0.3078635990958114,-0.0206281365691742,0.0206281365691742,4.769551962065276e-05,10.0
3174.738,0.2873494191,0.3079607349756486,0.3079804369907652,-0.0206113158756485,0.0206113158756485,4.767231435007728e-05,10.0
3175.22,0.2872121587,0.3080712480771755,0.3080964425232431,-0.0208590893771755,0.0208590893771755,4.764912903711722e-05,10.0
3175.703,0.2873533562,0.3081811571296978,0.3082118486202795,-0.0208278009296978,0.0208278009296978,4.76259156191594e-05,10.0
3176.185,0.2874378747,0.3082900029206066,0.3083261723052947,-0.0208521282206066,0.0208521282206066,4.7602770195639365e-05,10.0
3176.667,0.2873284272,0.3083980098113912,0.3084396483303041,-0.0210695826113911,0.0210695826113911,4.757964466266831e-05,10.0
3177.149,0.2873021708,0.3085051737842865,0.3085522716821109,-0.0212030029842865,0.0212030029842865,4.755653899796696e-05,10.0
3177.631,0.287468735,0.3086114908604864,0.3086640373890998,-0.0211427558604864,0.0211427558604864,4.753345317928747e-05,10.0
3178.113,0.2873898279,0.3087169571001911,0.308774940521459,-0.021327129200191,0.021327129200191,4.751038718441086e-05,10.0
3178.595,0.2876773146,0.3088215686026528,0.3088849761913997,-0.0211442540026528,0.0211442540026528,4.748734099114919e-05,10.0
3179.077,0.2875804822,0.3089253215062212,0.3089941395533746,-0.0213448393062212,0.0213448393062212,4.746431457734397e-05,10.0
3179.56,0.287688453,0.3090284245550008,0.309102649549501,-0.0213399715550008,0.0213399715550008,4.744126020973843e-05,10.0
3180.042,0.287674004,0.3091304470314234,0.3092100520944161,-0.0214564430314234,0.0214564430314234,4.7418273329415056e-05,10.0
3180.524,0.2877734215,0.3092315995512835,0.3093165680405755,-0.0214581780512835,0.0214581780512835,4.739530616221061e-05,10.0
3181.006,0.2877918735,0.3093318784098226,0.3094221927136239,-0.0215400049098226,0.0215400049098226,4.7372358686086014e-05,10.0
3181.488,0.2877942185,0.3094312799415826,0.3095269214825048,-0.0216370614415826,0.0216370614415826,4.734943087903512e-05,10.0
3181.97,0.2876810673,0.3095298005204467,0.3096307497596689,-0.0218487332204467,0.0218487332204467,4.732652271907966e-05,10.0
3182.452,0.2877317785,0.3096274365596724,0.3097336730012738,-0.0218956580596724,0.0218956580596724,4.7303634184271474e-05,10.0
3182.934,0.2877386864,0.3097241845119286,0.3098356867073878,-0.0219854981119286,0.0219854981119286,4.7280765252694005e-05,10.0
3183.417,0.2875594811999999,0.3098202388122173,0.3099369952194747,-0.0222607576122173,0.0222607576122173,4.725786851750696e-05,10.0
3183.899,0.2878199701,0.3099151982457976,0.3100371746214884,-0.0220952281457976,0.0220952281457976,4.723503876731165e-05,10.0
3184.381,0.2877382933,0.3100092591801425,0.3101364312446406,-0.0222709658801424,0.0222709658801424,4.721222855472568e-05,10.0
3184.863,0.2877128086,0.3101024182259752,0.3102347607667002,-0.0223896096259751,0.0223896096259751,4.718943785795048e-05,10.0
3185.345,0.2877816051,0.3101946720335894,0.3103321589103207,-0.0224130669335894,0.0224130669335894,4.716666665521679e-05,10.0
3185.827,0.2878806861,0.3102860172928783,0.3104286214432277,-0.0224053311928782,0.0224053311928782,4.7143914924784906e-05,10.0
3186.309,0.287731686,0.3103764507333614,0.3105241441784058,-0.0226447647333613,0.0226447647333613,4.712118264494394e-05,10.0
3186.791,0.2879290582,0.3104659691242112,0.3106187229742809,-0.0225369109242111,0.0225369109242111,4.7098469794013033e-05,10.0
3187.273,0.2881521253,0.3105545692742799,0.3107123537349041,-0.0224024439742798,0.0224024439742798,4.7075776350341685e-05,10.0
3187.756,0.2881293359,0.3106424289783096,0.3108052236970635,-0.0225130930783096,0.0225130930783096,4.7053055270828914e-05,10.0
3188.238,0.2881982483999999,0.3107291813109452,0.3108969442950082,-0.0225309329109452,0.0225309329109452,4.7030400616989854e-05,10.0
3188.72,0.2879859618,0.3108150060613396,0.3109877048372187,-0.0228290442613395,0.0228290442613395,4.700776530558673e-05,10.0
3189.202,0.2879093906,0.310899900197381,0.3110775014121116,-0.022990509597381,0.022990509597381,4.69851493150859e-05,10.0
3189.684,0.2882320441,0.3109838607267521,0.3111663301546048,-0.0227518166267521,0.0227518166267521,4.696255262398149e-05,10.0
3190.166,0.2881879689,0.3110668846969476,0.311254187246283,-0.0228789157969476,0.0228789157969476,4.693997521079765e-05,10.0
3190.648,0.2880627206,0.3111489691952959,0.311341068915567,-0.0230862485952959,0.0230862485952959,4.691741705408805e-05,10.0
3191.13,0.2880303566,0.3112301113489762,0.3114269714378755,-0.0231997547489762,0.0231997547489762,4.689487813243428e-05,10.0
3191.613,0.2882135658,0.3113104737243513,0.3115120662935651,-0.0230969079243512,0.0230969079243512,4.687231172302006e-05,10.0
3192.094,0.2882038335,0.3113895573304112,0.3115958243792043,-0.0231857238304111,0.0231857238304111,4.684985790876979e-05,10.0
3192.577,0.288274707,0.3114680170663382,0.3116789386352395,-0.0231933100663382,0.0231933100663382,4.682732994218699e-05,10.0
3193.059,0.2882718072,0.3115453599298836,0.3117608862044282,-0.0232735527298835,0.0232735527298835,4.680486778686714e-05,10.0
3193.541,0.2881953405999999,0.3116217466775058,0.3118418367071109,-0.0234264060775059,0.0234264060775059,4.678242475990454e-05,10.0
3194.023,0.2879419228,0.3116971746759148,0.3119217867041155,-0.0237552518759147,0.0237552518759147,4.676000084005473e-05,10.0
3194.505,0.2882950036,0.3117716413317771,0.3120007328043512,-0.0234766377317771,0.0234766377317771,4.673759600610164e-05,10.0
3194.987,0.2883231863,0.311845144091728,0.3120786716649568,-0.023521957791728,0.023521957791728,4.671521023685863e-05,10.0
3195.469,0.2883921778,0.3119176804423834,0.3121555999914426,-0.0235255026423834,0.0235255026423834,4.669284351116774e-05,10.0
3195.951,0.2883041816,0.3119892479103505,0.3122315145378328,-0.0236850663103505,0.0236850663103505,4.667049580789817e-05,10.0
3196.434,0.2883317288,0.312059989515935,0.3123065664366131,-0.0237282607159349,0.0237282607159349,4.66481208005783e-05,10.0
3196.916,0.2884105359,0.3121296099357536,0.3123804417599445,-0.0237190740357536,0.0237190740357536,4.662581111823306e-05,10.0
3197.398,0.2883770207,0.3121982542879046,0.3124532938513271,-0.0238212335879046,0.0238212335879046,4.660352039504684e-05,10.0
3197.88,0.2883282032,0.3122659202591331,0.3125251196603038,-0.0239377170591331,0.0239377170591331,4.658124861000484e-05,10.0
3198.362,0.2884208438,0.3123326055762181,0.3125959161856009,-0.0239117617762181,0.0239117617762181,4.655899574211831e-05,10.0
3198.844,0.2885467452,0.312398308005978,0.3126656804752563,-0.023851562805978,0.023851562805978,4.653676177042968e-05,10.0
3199.326,0.2885523754,0.3124630253552779,0.3127344096267433,-0.0239106499552779,0.0239106499552779,4.651454667400634e-05,10.0
3199.808,0.2883879324,0.312526755471033,0.3128021007870933,-0.024138823071033,0.024138823071033,4.6492350431946354e-05,10.0
3200.291,0.2885140823,0.3125896253779182,0.3128688883479622,-0.0240755430779181,0.0240755430779181,4.6470127031716615e-05,10.0
3200.773,0.2883602075,0.3126513726685427,0.3129344929980969,-0.0242911651685426,0.0242911651685426,4.644796847479612e-05,10.0
3201.255,0.2884456099999999,0.3127121265025426,0.3129990513911679,-0.0242665165025426,0.0242665165025426,4.64258287096559e-05,10.0
3201.737,0.2885840805999999,0.3127718848871604,0.3130625608737181,-0.0241878042871604,0.0241878042871604,4.640370771550693e-05,10.0
3202.219,0.2884459892,0.3128306458697082,0.3131250188424264,-0.0243846566697082,0.0243846566697082,4.63816054715853e-05,10.0
3202.701,0.2884412485,0.3128884075375661,0.313186422744212,-0.024447159037566,0.024447159037566,4.635952195715766e-05,10.0
3203.183,0.2885660611,0.3129451680181871,0.3132467700763442,-0.0243791069181871,0.0243791069181871,4.633745715151745e-05,10.0
3203.665,0.2887451146,0.3130009254790952,0.3133060583865429,-0.0242558108790952,0.0242558108790952,4.631541103398655e-05,10.0
3204.147,0.2886009102,0.3130556781278867,0.3133642852730808,-0.0244547679278867,0.0244547679278867,4.629338358391409e-05,10.0
3204.63,0.2885104865,0.3131095346711132,0.3134215658731542,-0.0245990481711131,0.0245990481711131,4.627132913862875e-05,10.0
3205.112,0.2884821673,0.3131622703851328,0.313477660695758,-0.0246801030851328,0.0246801030851328,4.62493390002541e-05,10.0
3205.594,0.2883863834,0.3132139961468215,0.3135326871891917,-0.0248276127468215,0.0248276127468215,4.622736746750935e-05,10.0
3206.076,0.288330699,0.3132647103241379,0.3135866431550048,-0.0249340113241379,0.0249340113241379,4.620541451985516e-05,10.0
3206.558,0.2885356755,0.3133144113251049,0.3136395264457663,-0.0247787358251049,0.0247787358251049,4.618348013677956e-05,10.0
3207.04,0.2885883462,0.313363097597808,0.3136913349651539,-0.0247747513978079,0.0247747513978079,4.616156429779694e-05,10.0
3207.522,0.2885998552,0.3134107676303911,0.3137420666680358,-0.0248109124303911,0.0248109124303911,4.613966698245128e-05,10.0
3208.004,0.2885581869,0.3134574199510541,0.3137917195605541,-0.024899233051054,0.024899233051054,4.6117788170312814e-05,10.0
3208.487,0.2885323058,0.3135031467423191,0.3138403913475162,-0.0249708409423191,0.0249708409423191,4.609588250679774e-05,10.0
3208.969,0.2885347294,0.3135477572652264,0.3138878785951366,-0.0250130278652264,0.0250130278652264,4.607404067817651e-05,10.0
3209.451,0.28856016,0.3135913458983359,0.3139342813554716,-0.0250311858983359,0.0250311858983359,4.605221729159569e-05,10.0
3209.933,0.2885852829999999,0.3136339113301042,0.3139795978406283,-0.0250486283301042,0.0250486283301042,4.603041232673566e-05,10.0
3210.415,0.2887102836,0.3136754522890181,0.3140238263143583,-0.0249651686890181,0.0249651686890181,4.600862576330345e-05,10.0
3210.897,0.2887226246,0.3137159675435884,0.3140669650921249,-0.0249933429435884,0.0249933429435884,4.598685758103281e-05,10.0
3211.379,0.2885493265,0.3137554559023424,0.3141090125411667,-0.0252061294023424,0.0252061294023424,4.596510775968591e-05,10.0
3211.861,0.2884367848999999,0.3137939162138174,0.3141499670805605,-0.0253571313138174,0.0253571313138174,4.594337627905091e-05,10.0
3212.344,0.2883631097,0.3138314239539893,0.3141899087398855,-0.0254683142539893,0.0254683142539893,4.59216180899252e-05,10.0
3212.826,0.2886040896,0.3138678227380271,0.3142286706496763,-0.0252637331380271,0.0252637331380271,4.589992326813686e-05,10.0
3213.308,0.2885808645,0.3139031902582824,0.3142663352157566,-0.0253223257582824,0.0253223257582824,4.587824672654699e-05,10.0
3213.79,0.2884795814,0.3139375255233366,0.3143029010652337,-0.0254579441233366,0.0254579441233366,4.585658844505383e-05,10.0
3214.272,0.2882748871,0.3139708275817403,0.3143383668773265,-0.0256959404817403,0.0256959404817403,4.5834948403580295e-05,10.0
3214.754,0.2883276422999999,0.314003095522003,0.3143727313834116,-0.025675453222003,0.025675453222003,4.581332658207762e-05,10.0
3215.236,0.288470844,0.3140343284725852,0.3144059933670698,-0.0255634844725852,0.0255634844725852,4.579172296052277e-05,10.0
3215.718,0.2882075658,0.3140645256018858,0.3144381516641269,-0.0258569598018858,0.0258569598018858,4.5770137518920266e-05,10.0
3216.2,0.2882624385,0.3140936861182352,0.3144692051626949,-0.0258312476182351,0.0258312476182351,4.574857023730244e-05,10.0
3216.683,0.2882667031,0.3141218665378313,0.3144992137849997,-0.0258551634378313,0.0258551634378313,4.5726976406804885e-05,10.0
3217.165,0.2882505687,0.3141489494585331,0.3145280522628406,-0.0258983807585331,0.0258983807585331,4.5705445422926296e-05,10.0
3217.647,0.2882931311,0.3141749936293887,0.3145557829186774,-0.0258818625293887,0.0258818625293887,4.568393253924341e-05,10.0
3218.129,0.2883642919,0.3141999984184195,0.3145824048502224,-0.0258357065184194,0.0258357065184194,4.566243773589384e-05,10.0
3218.611,0.2882903019,0.31422396323352,0.3146079172076375,-0.0259336613335199,0.0259336613335199,4.564096099304167e-05,10.0
3219.093,0.2882323514,0.3142468875224451,0.3146323191935563,-0.026014536122445,0.026014536122445,4.561950229087817e-05,10.0
3219.575,0.2881965909,0.3142687707727985,0.314655610063109,-0.0260721798727985,0.0260721798727985,4.559806160962002e-05,10.0
3220.057,0.2883816149,0.3142896125120192,0.3146777891239423,-0.0259079976120192,0.0259079976120192,4.557663892951137e-05,10.0
3220.54,0.2883671862,0.3143094523024061,0.3146988982860973,-0.0259422661024061,0.0259422661024061,4.5555189841411735e-05,10.0
3221.021,0.288298882,0.3143281697659181,0.3147188093127182,-0.0260292877659181,0.0260292877659181,4.5533847493848766e-05,10.0
3221.504,0.288406488,0.3143459202030675,0.3147376872479333,-0.0259394322030675,0.0259394322030675,4.551243438395188e-05,10.0
3221.986,0.2885137348,0.314362589804188,0.31475541088946,-0.025848855004188,0.025848855004188,4.5491083548566525e-05,10.0
3222.468,0.288623888,0.3143782161279079,0.3147720200479345,-0.0257543281279079,0.0257543281279079,4.546975061590315e-05,10.0
3222.95,0.2885860039,0.3143927989404754,0.3147875143464927,-0.0258067950404754,0.0258067950404754,4.544843556636349e-05,10.0
3223.432,0.2884586115,0.3144063380478759,0.3148018934608589,-0.0259477265478758,0.0259477265478758,4.542713838037399e-05,10.0
3223.914,0.2884724426,0.3144188332958175,0.3148151571193456,-0.0259463906958175,0.0259463906958175,4.54058590383889e-05,10.0
3224.396,0.2884536213,0.3144302845697145,0.3148273051028514,-0.0259766632697145,0.0259766632697145,4.5384597520887753e-05,10.0
3224.878,0.2885173395,0.3144406917946724,0.3148383372448564,-0.0259233522946724,0.0259233522946724,4.536335380837616e-05,10.0
3225.361,0.2884455806,0.3144500732757495,0.3148482728443334,-0.0260044926757494,0.0260044926757494,4.5342083862666805e-05,10.0
3225.843,0.2883782541,0.3144583901707204,0.3148570706986517,-0.0260801360707204,0.0260801360707204,4.532087573859335e-05,10.0
3226.325,0.2883738839999999,0.3144656630301857,0.3148647525273538,-0.0260917790301857,0.0260917790301857,4.5299685361142575e-05,10.0
3226.807,0.2884176457,0.3144718919379338,0.3148713183742608,-0.0260542462379337,0.0260542462379337,4.527851271092269e-05,10.0
3227.289,0.2882533262,0.3144770770173609,0.3148767683357152,-0.0262237508173608,0.0262237508173608,4.525735776856836e-05,10.0
3227.771,0.2880536125,0.3144812184314549,0.3148811025605624,-0.0264276059314548,0.0264276059314548,4.523622051474188e-05,10.0
3228.253,0.2881093518,0.3144843163827759,0.3148843212501289,-0.0263749645827759,0.0263749645827759,4.521510093012926e-05,10.0
3228.735,0.2880868403,0.3144863711134398,0.3148864246581969,-0.0263995308134398,0.0263995308134398,4.519399899544319e-05,10.0
3229.218,0.2881301055999999,0.3144873839203359,0.3148874139828961,-0.0263572783203359,0.0263572783203359,4.517287096636441e-05,10.0
3229.7,0.2881487271,0.3144873509314145,0.314887285486932,-0.0263386238314145,0.0263386238314145,4.515180431028886e-05,10.0
3230.182,0.2881923761,0.3144862756861191,0.3148860427861842,-0.0262938995861191,0.0262938995861191,4.5130755246389445e-05,10.0
3230.664,0.2882278051999999,0.3144841585846825,0.3148836863440786,-0.0262563533846825,0.0262563533846825,4.510972375548236e-05,10.0
3231.146,0.2882404577,0.3144810000667989,0.314880216676339,-0.0262405423667989,0.0262405423667989,4.5088709818406864e-05,10.0
3231.628,0.287986869,0.3144768006116042,0.3148756343509492,-0.0264899316116042,0.0264899316116042,4.506771341602947e-05,10.0
3232.11,0.2881809767,0.3144715607376563,0.3148699399881108,-0.0262905840376563,0.0262905840376563,4.504673452924084e-05,10.0
3232.592,0.288118891,0.3144652810029146,0.3148631342601997,-0.0263463900029146,0.0263463900029146,4.5025773138957454e-05,10.0
3233.074,0.2883804473,0.3144579620047194,0.31485521789172,-0.0260775147047194,0.0260775147047194,4.500482922612101e-05,10.0
3233.557,0.288061231,0.3144495859611137,0.3148461717794974,-0.0263883549611136,0.0263883549611136,4.498385937395274e-05,10.0
3234.039,0.2880606535,0.3144401882327587,0.3148360342116523,-0.0263795347327587,0.0263795347327587,4.4962950395098165e-05,10.0
3234.521,0.2880870482,0.3144297532705752,0.3148247884909005,-0.0263427050705752,0.0263427050705752,4.4942058836628784e-05,10.0
3235.003,0.2881409977,0.314418281829299,0.3148124355498543,-0.026277284129299,0.026277284129299,4.492118467958666e-05,10.0
3235.485,0.2881396652999999,0.3144057747029414,0.3147989763729863,-0.0262661094029414,0.0262661094029414,4.490032790503946e-05,10.0
3235.967,0.2882509911,0.3143922327247657,0.3147844119965688,-0.0261412416247656,0.0261412416247656,4.487948849408042e-05,10.0
3236.449,0.288069271,0.314377656767265,0.3147687435086104,-0.026308385767265,0.026308385767265,4.48586664278277e-05,10.0
3236.931,0.2880543081,0.3143620477421394,0.3147519720487893,-0.0263077396421394,0.0263077396421394,4.48378616874244e-05,10.0
3237.414,0.2880829575,0.3143453710028806,0.3147340605825319,-0.0262624135028806,0.0262624135028806,4.4817031144561175e-05,10.0
3237.896,0.2880311343,0.3143276965961075,0.3147150845224169,-0.0262965622961074,0.0262965622961074,4.4796261035233945e-05,10.0
3238.378,0.2879867829999999,0.3143089920939947,0.3146950092215454,-0.0263222090939947,0.0263222090939947,4.477550819529518e-05,10.0
3238.86,0.2880469254,0.3142892585649177,0.3146738360256813,-0.0262423331649177,0.0262423331649177,4.475477260598938e-05,10.0
3239.342,0.2878294599,0.3142684971163395,0.3146515663318939,-0.0264390372163395,0.0264390372163395,4.473405424858302e-05,10.0
3239.824,0.2879843710999999,0.3142467088947864,0.3146282015884794,-0.0262623377947864,0.0262623377947864,4.471335310436902e-05,10.0
3240.306,0.2879979108,0.3142238950858236,0.3146037432948775,-0.0262259842858236,0.0262259842858236,4.469266915466359e-05,10.0
3240.788,0.2879527247,0.3142000569140284,0.3145781930015869,-0.0262473322140284,0.0262473322140284,4.467200238081047e-05,10.0
3241.271,0.2878131378999999,0.3141751430009537,0.314551495906607,-0.0263620051009537,0.0263620051009537,4.465130994046731e-05,10.0
3241.753,0.2875987294,0.3141492578146204,0.3145237642121793,-0.0265505284146203,0.0265505284146203,4.463067749797828e-05,10.0
3242.235,0.2878519275,0.3141223521758297,0.3144949454786184,-0.0262704246758297,0.0262704246758297,4.461006217547458e-05,10.0
3242.717,0.2875526063,0.3140944274650302,0.3144650414598701,-0.0265418211650302,0.0265418211650302,4.458946395439754e-05,10.0
3243.199,0.2877441342,0.3140654851015514,0.31443405396048,-0.0263213509015514,0.0263213509015514,4.456888281621219e-05,10.0
3243.681,0.2875535127999999,0.3140355265435758,0.314401984835495,-0.0264820137435758,0.0264820137435758,4.454831874240695e-05,10.0
3244.163,0.2876932297,0.3140045532881098,0.3143688359903609,-0.0263113235881097,0.0263113235881097,4.452777171449608e-05,10.0
3244.645,0.2875061077999999,0.3139725668709577,0.3143346093808202,-0.0264664590709577,0.0264664590709577,4.4507241714018056e-05,10.0
3245.127,0.2874647887,0.3139395688666908,0.3142993070128053,-0.0264747801666907,0.0264747801666907,4.4486728722535305e-05,10.0
3245.61,0.2875391056999999,0.3139054892839231,0.314262854358647,-0.0263663835839231,0.0263663835839231,4.446619021646015e-05,10.0
3246.092,0.2874097174,0.3138704708938558,0.3142254044706927,-0.0264607534938558,0.0264607534938558,4.444571122294567e-05,10.0
3246.574,0.2874853787,0.3138344458762494,0.3141868851466329,-0.0263490671762494,0.0263490671762494,4.442524918322247e-05,10.0
3247.056,0.2874871599,0.3137974159605304,0.3141472985921583,-0.0263102560605303,0.0263102560605303,4.440480407894841e-05,10.0
3247.538,0.2875467947,0.3137593829147446,0.3141066470625857,-0.0262125882147445,0.0262125882147445,4.438437589181012e-05,10.0
3248.02,0.2874339037,0.3137203485455229,0.3140649328627368,-0.0262864448455228,0.0262864448455228,4.4363964603513176e-05,10.0
3248.502,0.2875903705,0.3136803146980519,0.3140221583468183,-0.0260899441980518,0.0260899441980518,4.434357019579051e-05,10.0
3248.984,0.2874223393,0.313639283256041,0.3139783259182959,-0.026216943956041,0.026216943956041,4.432319265039873e-05,10.0
3249.467,0.2872639168999999,0.3135971679148617,0.3139333438059489,-0.0263332510148617,0.0263332510148617,4.430278972449592e-05,10.0
3249.948,0.2873498424,0.3135542353156526,0.3138874971828382,-0.0262043929156526,0.0262043929156526,4.428248807375204e-05,10.0
3250.431,0.2874084074,0.313510130435215,0.3138404073456511,-0.026101723035215,0.026101723035215,4.426211885124936e-05,10.0
3250.913,0.2872896706,0.3134651261703132,0.3137923661109419,-0.0261754555703132,0.0261754555703132,4.424180860803664e-05,10.0
3251.395,0.2873069426,0.3134191343104453,0.313743279720885,-0.0261121917104453,0.0261121917104453,4.422151513625852e-05,10.0
3251.877,0.2873417891,0.3133721569698336,0.3136931508718661,-0.0260303678698336,0.0260303678698336,4.420123841781346e-05,10.0
3252.359,0.2871205646,0.3133241963009849,0.3136419823085967,-0.0262036317009849,0.0262036317009849,4.418097843462626e-05,10.0
3252.841,0.2872160425,0.3132752544946538,0.3135897768239719,-0.0260592119946538,0.0260592119946538,4.416073516864298e-05,10.0
3253.323,0.2870396431,0.3132253337798062,0.3135365372589256,-0.0261856906798062,0.0261856906798062,4.414050860183664e-05,10.0
3253.805,0.2870824049,0.3131744364235823,0.313482266502284,-0.0260920315235823,0.0260920315235823,4.412029871620111e-05,10.0
3254.288,0.2870810867,0.3131224561024393,0.3134268516955705,-0.0260413694024393,0.0260413694024393,4.410006361641144e-05,10.0
3254.77,0.2871634663,0.3130696104032689,0.3133705252890542,-0.0259061441032689,0.0259061441032689,4.407988707371197e-05,10.0
3255.252,0.2869184998,0.3130157950977865,0.3133131766496113,-0.0260972952977865,0.0260972952977865,4.405972715827322e-05,10.0
3255.734,0.2870927318,0.3129610126055241,0.3132548088562228,-0.0258682808055241,0.0258682808055241,4.403958385218354e-05,10.0
3256.216,0.2868311828,0.312905265383993,0.3131954250349943,-0.026074082583993,0.026074082583993,4.401945713755678e-05,10.0
3256.698,0.2870588699,0.3128485559286437,0.313135028358997,-0.0257896860286436,0.0257896860286436,4.3999346996528655e-05,10.0
3257.18,0.2871220032,0.3127908867728246,0.3130736220481057,-0.0256688835728245,0.0256688835728245,4.397925341125971e-05,10.0
3257.662,0.2868569143,0.3127322604877393,0.3130112093688338,-0.0258753461877392,0.0258753461877392,4.395917636393244e-05,10.0
3258.145,0.2869324575,0.3126725550803841,0.3129476610259025,-0.0257400975803841,0.0257400975803841,4.393907423456256e-05,10.0
3258.627,0.2867285375,0.3126120204295235,0.3128832435245979,-0.0258834829295235,0.0258834829295235,4.391903024398161e-05,10.0
3259.109,0.2868380263,0.3125505365953225,0.3128178297397265,-0.0257125102953225,0.0257125102953225,4.389900273799557e-05,10.0
3259.591,0.286799023,0.3124881063000537,0.3127514231227692,-0.0256890833000537,0.0256890833000537,4.387899169888108e-05,10.0
3260.073,0.2867271531,0.3124247323036271,0.3126840271709931,-0.0256975792036271,0.0256975792036271,4.3858997108937503e-05,10.0
3260.555,0.2865801232,0.3123604174035413,0.3126156454272727,-0.0257802942035413,0.0257802942035413,4.383901895048843e-05,10.0
3261.037,0.2867624901,0.3122951644348407,0.312546281479915,-0.0255326743348407,0.0255326743348407,4.38190572058803e-05,10.0
3261.519,0.2866618386,0.3122289762700647,0.3124759389624742,-0.0255671376700647,0.0255671376700647,4.3799111857480776e-05,10.0
3262.001,0.2866854677,0.3121618558192021,0.3124046215535712,-0.0254763881192021,0.0254763881192021,4.377918288768358e-05,10.0
3262.484,0.2865391846,0.3120936638835253,0.3123321819934887,-0.0255544792835253,0.0255544792835253,4.375922898343309e-05,10.0
3262.966,0.2864171746,0.3120246858212364,0.312258924013755,-0.0256075112212364,0.0256075112212364,4.3739332751998646e-05,10.0
3263.448,0.2863500624,0.3119547844333341,0.3121847024549122,-0.0256047220333341,0.0256047220333341,4.3719452846445454e-05,10.0
3263.93,0.286504148,0.3118839627791827,0.312109521174065,-0.0253798147791826,0.0253798147791826,4.369958924925716e-05,10.0
3264.412,0.2864030423,0.3118122239553425,0.3120333840724365,-0.0254091816553425,0.0254091816553425,4.367974194294118e-05,10.0
3264.894,0.2864895468,0.3117395710955187,0.3119562950951748,-0.0252500242955187,0.0252500242955187,4.365991091002831e-05,10.0
3265.376,0.2864862028,0.3116660073705061,0.3118782582311538,-0.0251798045705061,0.0251798045705061,4.364009613307108e-05,10.0
3265.858,0.2863004969,0.3115915359881372,0.3117992775127756,-0.0252910390881372,0.0252910390881372,4.3620297594645066e-05,10.0
3266.341,0.2862866849,0.3115160028740434,0.3117191902315613,-0.0252293179740434,0.0252293179740434,4.360047425204773e-05,10.0
3266.823,0.286519596,0.3114397240821946,0.3116383321378826,-0.0249201280821946,0.0249201280821946,4.358070817210296e-05,10.0
3267.305,0.2862280648999999,0.3113625474850685,0.3115565425548713,-0.0251344825850685,0.0251344825850685,4.356095827851823e-05,10.0
3267.787,0.2862466392,0.3112844764381569,0.311473825687094,-0.0250378372381569,0.0250378372381569,4.3541224553959854e-05,10.0
3268.269,0.2864703466,0.3112055143337036,0.3113901857816177,-0.0247351677337036,0.0247351677337036,4.3521506981116463e-05,10.0
3268.751,0.2861754829,0.3111256646006438,0.3113056271277996,-0.0249501817006438,0.0249501817006438,4.350180554270097e-05,10.0
3269.233,0.2863623704,0.3110449307045446,0.3112201540570727,-0.0246825603045446,0.0246825603045446,4.348212022144774e-05,10.0
3269.715,0.2864617121,0.3109633161475427,0.3111337709427327,-0.0245016040475427,0.0245016040475427,4.3462451000113406e-05,10.0
3270.198,0.2860291554999999,0.3108806524144275,0.3110463001644289,-0.0248514969144275,0.0248514969144275,4.344275710403797e-05,10.0
3270.68,0.2861736219,0.3107972853793991,0.3109581083841176,-0.024623663479399,0.024623663479399,4.342312006421634e-05,10.0
3271.162,0.2861347543999999,0.3107130484161975,0.3108690199384449,-0.0245782940161975,0.0245782940161975,4.340349907268444e-05,10.0
3271.644,0.2861782445,0.310627945172681,0.3107790393660509,-0.0244497006726809,0.0244497006726809,4.3383894112289206e-05,10.0
3272.126,0.2859125325,0.3105419793329537,0.3106881712463336,-0.0246294468329536,0.0246294468329536,4.336430516589932e-05,10.0
3272.608,0.2860971858,0.3104551546173009,0.3105964201992232,-0.0243579688173009,0.0243579688173009,4.334473221640647e-05,10.0
3273.09,0.2860912072,0.3103674747821207,0.3105037908849551,-0.0242762675821207,0.0242762675821207,4.3325175246725046e-05,10.0
3273.572,0.2860054716,0.3102789436198523,0.3104102880038382,-0.0242734720198523,0.0242734720198523,4.330563423979121e-05,10.0
3274.054,0.2858483077,0.3101895649589068,0.310315916296024,-0.0243412572589068,0.0243412572589068,4.328610917856205e-05,10.0
3274.537,0.2859925769999999,0.310099154606156,0.3102204820618834,-0.024106577606156,0.024106577606156,4.326655958718664e-05,10.0
3275.019,0.2858058717,0.3100080908385115,0.3101243853017393,-0.0242022191385115,0.0242022191385115,4.3247066399326725e-05,10.0
3275.501,0.2858622567,0.3099161912807373,0.3100274341821879,-0.0240539345807372,0.0240539345807372,4.322758910614494e-05,10.0
3275.983,0.2855286266,0.3098234599044784,0.3099296336004802,-0.0242948333044784,0.0242948333044784,4.320812769068836e-05,10.0
3276.465,0.2858773224,0.3097299007169826,0.3098309884925249,-0.0238525783169825,0.0238525783169825,4.318868213602586e-05,10.0
3276.947,0.2858195125,0.3096355177610225,0.3097315038326457,-0.0238160052610225,0.0238160052610225,4.316925242524856e-05,10.0
3277.429,0.2857825412,0.3095403151148176,0.3096311846333379,-0.0237577739148176,0.0237577739148176,4.314983854146984e-05,10.0
3277.911,0.2855970428,0.3094442968919546,0.3095300359450217,-0.0238472540919546,0.0238472540919546,4.313044046782283e-05,10.0
3278.394,0.2856577513,0.3093472655093344,0.309427850439957,-0.0236895142093344,0.0236895142093344,4.31110179916714e-05,10.0
3278.875,0.2854508423,0.3092498303469478,0.3093252704911864,-0.0237989880469478,0.0237989880469478,4.309169168357816e-05,10.0
3279.358,0.2856248283,0.3091511853640857,0.3092214482200358,-0.0235263570640856,0.0235263570640856,4.307230080895746e-05,10.0
3279.84,0.2854191921,0.3090519450221849,0.3091170311568897,-0.0236327529221849,0.0236327529221849,4.305296584027387e-05,10.0
3280.322,0.2853516645,0.3089519102081254,0.3090118104279009,-0.0236002457081254,0.0236002457081254,4.303364659769109e-05,10.0
3280.804,0.2854420828,0.3088510852460269,0.3089057913058622,-0.0234090024460268,0.0234090024460268,4.301434306447527e-05,10.0
3281.286,0.2855365325,0.3087494744947842,0.3087989790997246,-0.0232129419947842,0.0232129419947842,4.299505522391382e-05,10.0
3281.768,0.2853019344,0.3086470823479763,0.3086913791543371,-0.0233451479479763,0.0233451479479763,4.297578305931575e-05,10.0
3282.25,0.2853166729,0.3085439132337778,0.3085829968501877,-0.0232272403337778,0.0232272403337778,4.295652655401315e-05,10.0
3282.732,0.2853561379,0.308439971614864,0.3084738376031396,-0.023083833714864,0.023083833714864,4.29372856913579e-05,10.0
3283.215,0.2850006472999999,0.308335043953226,0.308363677993932,-0.023334396653226,0.023334396653226,4.2918020584573405e-05,10.0
3283.697,0.28504842,0.3082295692712044,0.3082529796653612,-0.0231811492712043,0.0231811492712043,4.289881098972508e-05,10.0
3284.179,0.2849806674,0.3081233356880687,0.3081415208625786,-0.0231426682880687,0.0231426682880687,4.287961698767633e-05,10.0
3284.661,0.2849317112,0.3080163478036222,0.3080293071403684,-0.0230846366036222,0.0230846366036222,4.286043856186726e-05,10.0
3285.143,0.2848823248,0.3079086102516866,0.3079163440875544,-0.0230262854516866,0.0230262854516866,4.284127569575823e-05,10.0
3285.625,0.2849881901,0.3078001277000016,0.3078026373267289,-0.0228119376000016,0.0228119376000016,4.282212837282996e-05,10.0
3286.107,0.2847936599,0.3076909048501245,0.3076881925139813,-0.0228972449501245,0.0228972449501245,4.280299657658583e-05,10.0
3286.589,0.2847530614,0.3075809464373245,0.3075730153386217,-0.0228278850373244,0.0228278850373244,4.278388029055043e-05,10.0
3287.072,0.284625005,0.3074700268284888,0.3074568703072037,-0.0228450218284888,0.0228450218284888,4.2764739886164095e-05,10.0
3287.554,0.2843829807,0.3073586101287836,0.3073402441164463,-0.0229756294287836,0.0229756294287836,4.274565460329866e-05,10.0
3288.036,0.2843452006,0.3072464722832481,0.3072229028396075,-0.022901271683248,0.022901271683248,4.2726584781308965e-05,10.0
3288.518,0.2844578202,0.307133618161006,0.3071048522961751,-0.022675797961006,0.022675797961006,4.270753040380455e-05,10.0
3289.0,0.2844413554,0.3070200526643521,0.3069860983374619,-0.022578697264352,0.022578697264352,4.2688491454416566e-05,10.0
3289.482,0.2844823323,0.3069057807286405,0.3068666468463245,-0.0224234484286405,0.0224234484286405,4.266946791679705e-05,10.0
3289.964,0.2844616358,0.3067908073221699,0.3067465037368764,-0.0223291715221699,0.0223291715221699,4.2650459774618985e-05,10.0
3290.446,0.2844585243999999,0.3066751374460678,0.3066256749542043,-0.0222166130460678,0.0222166130460678,4.2631467011575806e-05,10.0
3290.928,0.284514577,0.3065587761341737,0.3065041664740796,-0.0220441991341737,0.0220441991341737,4.261248961138376e-05,10.0
3291.411,0.2843927807,0.3064414849054593,0.3063817301165705,-0.0220487042054592,0.0220487042054592,4.259348823336061e-05,10.0
3291.893,0.2842244205,0.306323754545646,0.3062588789112688,-0.0220993340456459,0.0220993340456459,4.2574541541889005e-05,10.0
3292.375,0.2845259119,0.3062053480573063,0.3061353661296593,-0.0216794361573063,0.0216794361573063,4.255561016450679e-05,10.0
3292.857,0.2842167052,0.3060862706039846,0.3060111978674137,-0.0218695654039846,0.0218695654039846,4.253669408501243e-05,10.0
3293.339,0.2842440534,0.3059665273813243,0.3058863802494305,-0.0217224739813243,0.0217224739813243,4.2517793287226815e-05,10.0
3293.821,0.2841776124,0.3058461236169399,0.3057609194295395,-0.0216685112169399,0.0216685112169399,4.24989077549904e-05,10.0
3294.303,0.2841813697999999,0.3057250645702887,0.3056348215902066,-0.0215436947702887,0.0215436947702887,4.248003747216556e-05,10.0
3294.785,0.2841565071,0.3056033555325403,0.3055080929422354,-0.0214468484325403,0.0214468484325403,4.246118242263523e-05,10.0
3295.268,0.2841585163,0.3054807473141574,0.3053804748612774,-0.0213222310141574,0.0213222310141574,4.244230351932014e-05,10.0
3295.75,0.2840269887,0.3053577529731128,0.305252502064039,-0.0213307642731128,0.0213307642731128,4.2423478919630384e-05,10.0
3296.232,0.2841755967,0.3052341247146187,0.3051239172706866,-0.0210585280146187,0.0210585280146187,4.240466950497393e-05,10.0
3296.714,0.2840196668999999,0.3051098679554121,0.3049947268024265,-0.0210902010554121,0.0210902010554121,4.23858752593164e-05,10.0
3297.196,0.2843544249,0.3049849881432606,0.3048649370072946,-0.0206305632432605,0.0206305632432605,4.236709616664535e-05,10.0
3297.678,0.2841691979,0.3048594907568206,0.3047345542598508,-0.0206902928568206,0.0206902928568206,4.2348332210965634e-05,10.0
3298.16,0.2840271415,0.3047333813054944,0.3046035849608729,-0.0207062398054944,0.0207062398054944,4.232958337630732e-05,10.0
3298.642,0.2840023929999999,0.3046066653292862,0.3044720355370501,-0.0206042723292863,0.0206042723292863,4.2310849646716766e-05,10.0
3299.125,0.2840390543,0.3044790836348326,0.3043396377345232,-0.0204400293348326,0.0204400293348326,4.229209218658375e-05,10.0
3299.607,0.2841171891,0.3043511701212036,0.3042069462731713,-0.0202339810212036,0.0202339810212036,4.227338865061181e-05,10.0
3300.089,0.2838877113,0.3042226668965401,0.3040736941329296,-0.02033495559654,0.02033495559654,4.225470017194335e-05,10.0
3300.571,0.2838385354,0.3040935796218207,0.3039398878410826,-0.0202550442218207,0.0202550442218207,4.223602673470794e-05,10.0
3301.053,0.283737947,0.3039639139878715,0.3038055339492733,-0.0202259669878714,0.0202259669878714,4.22173683230555e-05,10.0
3301.535,0.2838142292,0.3038336757152072,0.3036706390331855,-0.0200194465152072,0.0200194465152072,4.219872492115774e-05,10.0
3302.017,0.2835827469999999,0.3037028705538752,0.3035352096922311,-0.0201201235538752,0.0201201235538752,4.218009651320564e-05,10.0
3302.499,0.2836821684,0.3035715042832934,0.3033992525492336,-0.0198893358832933,0.0198893358832933,4.2161483083411e-05,10.0
3302.981,0.2834433697,0.3034395827120881,0.3032627742501104,-0.0199962130120881,0.0199962130120881,4.2142884616005553e-05,10.0
3303.464,0.2833300357,0.3033068362746601,0.3031254967159862,-0.0199768005746601,0.0199768005746601,4.212426255574484e-05,10.0
3303.946,0.2832607303,0.3031738205224247,0.3029879950866038,-0.0199130902224247,0.0199130902224247,4.21056939968554e-05,10.0
3304.428,0.2831760896999999,0.3030402670813055,0.3028499923881815,-0.0198641773813055,0.0198641773813055,4.208714035313954e-05,10.0
3304.91,0.28309864,0.30290618187516,0.30271149535587,-0.01980754187516,0.01980754187516,4.20686016089095e-05,10.0
3305.392,0.2829785038,0.3027715708562125,0.3025725107463144,-0.0197930670562125,0.0197930670562125,4.205007774849927e-05,10.0
3305.874,0.2829722424999999,0.3026364400048792,0.3024330453373307,-0.0196641975048792,0.0196641975048792,4.2031568756261344e-05,10.0
3306.356,0.283045402,0.3025007953295923,0.3022931059275831,-0.0194553933295922,0.0194553933295922,4.201307461656824e-05,10.0
3306.838,0.2830986595,0.3023646428666213,0.3021526993362586,-0.0192659833666213,0.0192659833666213,4.199459531381388e-05,10.0
3307.321,0.2831330059,0.3022277046476638,0.3020115396739248,-0.0190946987476638,0.0190946987476638,4.197609253975455e-05,10.0
3307.802,0.2830884274,0.3020908388608075,0.301870511986291,-0.0190024114608075,0.0190024114608075,4.195768115679354e-05,10.0
3308.285,0.2830395289,0.3019529134646839,0.3017284503837943,-0.0189133845646838,0.0189133845646838,4.193920804012663e-05,10.0
3308.767,0.282816144,0.3018147897676258,0.3015862427520227,-0.0189986457676258,0.0189986457676258,4.1920787960094686e-05,10.0
3309.249,0.2828440567,0.3016761888882323,0.3014436023454091,-0.0188321321882323,0.0188321321882323,4.190238263923317e-05,10.0
3309.731,0.2828568898,0.3015371170259873,0.3013005360994559,-0.0186802272259872,0.0186802272259872,4.188399206205684e-05,10.0
3310.213,0.2827658375,0.3013975804069022,0.3011570509678916,-0.0186317429069022,0.0186317429069022,4.186561621309693e-05,10.0
3310.695,0.2827669677,0.3012575852833229,0.3010131539223424,-0.0184906175833229,0.0184906175833229,4.184725507690667e-05,10.0
3311.177,0.2826506363,0.30111713793373,0.3008688519519973,-0.01846650163373,0.01846650163373,4.182890863805792e-05,10.0
3311.659,0.2826430011,0.3009762446625406,0.300724152063278,-0.0183332435625405,0.0183332435625405,4.181057688114273e-05,10.0
3312.142,0.2826652648,0.3008346181256492,0.300578759859828,-0.0181693533256492,0.0181693533256492,4.179222180374572e-05,10.0
3312.624,0.282678179,0.3006928511350433,0.3004332844318347,-0.0180146721350432,0.0180146721350432,4.177391939493302e-05,10.0
3313.106,0.2824828846,0.3005506573029407,0.3002874322194423,-0.0180677727029406,0.0180677727029406,4.175563162191548e-05,10.0
3313.588,0.2825660946,0.3004080430355134,0.3001412102946937,-0.0178419484355134,0.0178419484355134,4.173735846936452e-05,10.0
3314.07,0.2822767972,0.3002650147638357,0.2999946257451887,-0.0179882175638357,0.0179882175638357,4.171909992197071e-05,10.0
3314.552,0.2823024238,0.3001215789436737,0.299847685673749,-0.0178191551436737,0.0178191551436737,4.170085596444343e-05,10.0
3315.034,0.2822781786,0.2999777420552678,0.2997003971980793,-0.0176995634552678,0.0176995634552678,4.16826265815113e-05,10.0
3315.516,0.2823428169,0.2998335106031189,0.2995527674504334,-0.0174906937031188,0.0174906937031188,4.16644117579244e-05,10.0
3315.999,0.2822571406999999,0.2996885906765137,0.2994044962559227,-0.0174314499765138,0.0174314499765138,4.16461737336425e-05,10.0
3316.481,0.2821666588,0.2995435889216769,0.2992562047466735,-0.0173769301216768,0.0173769301216768,4.162798801319693e-05,10.0
3316.963,0.2821370212,0.2993982122736025,0.2991075934609924,-0.0172611910736025,0.0172611910736025,4.160981680642774e-05,10.0
3317.445,0.2821375165999999,0.2992524673316513,0.2989586695859545,-0.0171149507316513,0.0171149507316513,4.159166009816159e-05,10.0
3317.927,0.2820614379,0.2991063607183203,0.2988094403214827,-0.0170449228183203,0.0170449228183203,4.157351787324542e-05,10.0
3318.409,0.2821260152,0.2989598990790117,0.2986599128800069,-0.0168338838790117,0.0168338838790117,4.155539011654388e-05,10.0
3318.891,0.2817181073,0.2988130890818005,0.2985100944861232,-0.0170949817818005,0.0170949817818005,4.153727681294171e-05,10.0
3319.373,0.2819532801,0.2986659374171961,0.2983599923762489,-0.0167126573171961,0.0167126573171961,4.151917794734292e-05,10.0
3319.855,0.281772562,0.2985184507979085,0.2982096137982846,-0.0167458887979085,0.0167458887979085,4.150109350467077e-05,10.0
3320.338,0.281567349,0.2983703289523124,0.2980586531891899,-0.0168029799523124,0.0168029799523124,4.14829859951354e-05,10.0
3320.82,0.2818577406,0.2982221919894748,0.297907742927072,-0.0163644513894748,0.0163644513894748,4.1464930383007854e-05,10.0
3321.302,0.281638351,0.2980737403549399,0.297756578021129,-0.0164353893549398,0.0164353893549398,4.1446889148660646e-05,10.0
3321.784,0.281640602,0.2979249808478275,0.2976051657617703,-0.0162843788478274,0.0162843788478274,4.142886227709363e-05,10.0
3322.266,0.2814913483,0.2977759202882301,0.297453513449165,-0.01628457198823,0.01628457198823,4.141084975332618e-05,10.0
3322.748,0.2814844793,0.297626565516962,0.2973016283928997,-0.016142086216962,0.016142086216962,4.139285156239537e-05,10.0
3323.23,0.2815974485,0.2974769233953042,0.2971495179116308,-0.0158794748953042,0.0158794748953042,4.137486768935982e-05,10.0
3323.712,0.2814150421,0.2973270008047482,0.2969971893327403,-0.0159119587047482,0.0159119587047482,4.135689811929482e-05,10.0
3324.195,0.2815464947,0.2971764927568757,0.2968443333063348,-0.0156299980568757,0.0156299980568757,4.133890560051548e-05,10.0
3324.677,0.2815004603,0.2970260294065404,0.2966915901331264,-0.0155255691065404,0.0155255691065404,4.132096462129318e-05,10.0
3325.159,0.2813777859,0.2968753063648613,0.2965386509085917,-0.0154975204648613,0.0154975204648613,4.130303790035427e-05,10.0
3325.641,0.2813697357,0.2967243305915962,0.2963855229915644,-0.0153545948915961,0.0153545948915961,4.128512542284895e-05,10.0
3326.123,0.2812277996,0.2965731090653963,0.2962322137478717,-0.0153453094653963,0.0153453094653963,4.126722717394901e-05,10.0
3326.605,0.2810154653,0.2964216487835325,0.296078730549984,-0.0154061834835325,0.0154061834835325,4.124934313884424e-05,10.0
3327.087,0.2810442696999999,0.2962699567616242,0.2959250807766704,-0.0152256870616242,0.0152256870616242,4.123147330274318e-05,10.0
3327.569,0.2809753133,0.2961180400333624,0.2957712718126476,-0.0151427267333624,0.0151427267333624,4.1213617650873135e-05,10.0
3328.052,0.2811412548999999,0.2959655897973816,0.2956169914748954,-0.0148243348973816,0.0148243348973816,4.119573916767514e-05,10.0
3328.534,0.2807913974,0.2958132443988448,0.2954628860137617,-0.0150218469988448,0.0150218469988448,4.117791186937615e-05,10.0
3329.016,0.280760738,0.2956606955153918,0.2953086435636468,-0.0148999575153918,0.0148999575153918,4.116009871107205e-05,10.0
3329.498,0.280880822,0.2955079502502365,0.2951542715295944,-0.0146271282502365,0.0146271282502365,4.1142299678064455e-05,10.0
3329.98,0.2807549171,0.2953550157232525,0.2949997773208564,-0.0146000986232525,0.0146000986232525,4.11245147556763e-05,10.0
3330.462,0.2807763759,0.2952018990706825,0.2948451683505435,-0.0144255231706825,0.0144255231706825,4.110674392924598e-05,10.0
3330.944,0.2806061189,0.2950486074448468,0.2946904520352765,-0.0144424885448468,0.0144424885448468,4.1088987184131454e-05,10.0
3331.426,0.2805392751,0.2948951480138503,0.2945356357948395,-0.0143558729138503,0.0143558729138503,4.1071244505709326e-05,10.0
3331.908,0.2805498764,0.2947415279612835,0.2943807270518285,-0.0141916515612835,0.0141916515612835,4.1053515879376186e-05,10.0
3332.391,0.2804613007,0.2945874352993382,0.2942254115840754,-0.0141261345993381,0.0141261345993381,4.103576455286829e-05,10.0
3332.873,0.2803433349,0.2944335153190247,0.2940703399598354,-0.0140901804190247,0.0140901804190247,4.101806401604945e-05,10.0
3333.355,0.2803838677,0.294279456372846,0.2939151981296158,-0.013895588672846,0.013895588672846,4.100037748758552e-05,10.0
3333.837,0.2803076899,0.2941252657033563,0.2937599935237796,-0.0138175758033562,0.0138175758033562,4.0982704952945975e-05,10.0
3334.319,0.280425312,0.2939709505670798,0.2936047335737592,-0.0135456385670798,0.0135456385670798,4.0965046397618574e-05,10.0
3334.801,0.2802313942,0.2938165182341959,0.2934494257117049,-0.0135851240341959,0.0135851240341959,4.094740180710835e-05,10.0
3335.283,0.2804988885,0.2936619759882314,0.2932940773701407,-0.0131630874882314,0.0131630874882314,4.092977116694097e-05,10.0
3335.765,0.2801062057,0.2935073311257401,0.2931386959816103,-0.0134011254257401,0.0134011254257401,4.091215446265855e-05,10.0
3336.248,0.2803035735,0.2933522698242971,0.292982966535693,-0.0130486963242971,0.0130486963242971,4.0894515173986375e-05,10.0
3336.729,0.2802366406,0.2931977628006352,0.2928278637918523,-0.0129611222006352,0.0129611222006352,4.087696280400991e-05,10.0
3337.212,0.280383035,0.2930425325270978,0.2926721053654655,-0.0126594975270978,0.0126594975270978,4.085935137263165e-05,10.0
3337.694,0.2803488303,0.2928875502690272,0.2925166661035993,-0.0125387199690272,0.0125387199690272,4.084179029645952e-05,10.0
3338.176,0.2802662261,0.2927325020767242,0.2923612309610413,-0.0124662759767241,0.0124662759767241,4.082424308412969e-05,10.0
3338.658,0.2801558551,0.2925773953181936,0.2922058073631521,-0.0124215402181935,0.0124215402181935,4.080670972129467e-05,10.0
3339.14,0.2799256391,0.2924222373721977,0.2920504027328771,-0.0124965982721977,0.0124965982721977,4.078919019362456e-05,10.0
3339.622,0.2800033755,0.2922670356279243,0.2918950244903994,-0.0122636601279243,0.0122636601279243,4.0771684486808006e-05,10.0
3340.104,0.2800909817,0.2921117974846485,0.2917396800527927,-0.0120208157846485,0.0120208157846485,4.075419258655045e-05,10.0
3340.586,0.2799258533,0.291956530351397,0.291584376833674,-0.0120306770513969,0.0120306770513969,4.073671447857767e-05,10.0
3341.069,0.2795784844,0.2918009194535973,0.2914288001935834,-0.0122224350535973,0.0122224350535973,4.071921392989438e-05,10.0
3341.551,0.2796477404999999,0.2916456165831551,0.2912736017606809,-0.0119978760831551,0.0119978760831551,4.0701763392276126e-05,10.0
3342.033,0.2796481757,0.2914903070203435,0.2911184667782628,-0.0118421313203435,0.0118421313203435,4.068432660419377e-05,10.0
3342.515,0.2794345849999999,0.2913349982097857,0.2909634026426469,-0.0119004132097857,0.0119004132097857,4.066690355144488e-05,10.0
3342.997,0.279521404,0.2911796976041311,0.2908084167449619,-0.011658293604131,0.011658293604131,4.064949421984269e-05,10.0
3343.479,0.2793410735,0.2910244126637047,0.2906535164708042,-0.0116833391637047,0.0116833391637047,4.063209859522011e-05,10.0
3343.961,0.2792408088999999,0.2908691508561549,0.2904987091998919,-0.0116283419561549,0.0116283419561549,4.0614716663427e-05,10.0
3344.443,0.2792730941,0.2907139196560976,0.2903440023057217,-0.0114408255560976,0.0114408255560976,4.059734841033152e-05,10.0
3344.926,0.2792803736,0.2905584046121353,0.2901890825272054,-0.0112780310121352,0.0112780310121352,4.057995783064353e-05,10.0
3345.408,0.2793091291,0.2904032571793334,0.2900345987268511,-0.0110941280793334,0.0110941280793334,4.056261692092436e-05,10.0
3345.89,0.2790735218,0.2902481628316424,0.2898802373982048,-0.0111746410316424,0.0111746410316424,4.054528964758417e-05,10.0
3346.372,0.2790031473,0.2900931290679618,0.2897260058864211,-0.0110899817679617,0.0110899817679617,4.052797599656237e-05,10.0
3346.854,0.2790112969,0.2899381633923508,0.2895719115287174,-0.0109268664923507,0.0109268664923507,4.051067595381627e-05,10.0
3347.336,0.2790587692,0.2897832733136575,0.2894179616540289,-0.0107245041136574,0.0107245041136574,4.049338950531899e-05,10.0
3347.818,0.2789536107,0.2896284663451512,0.2892641635826694,-0.0106748556451512,0.0106748556451512,4.047611663706413e-05,10.0
3348.3,0.2791205242,0.28947375000415,0.2891105246259893,-0.0103532258041499,0.0103532258041499,4.045885733506104e-05,10.0
3348.782,0.2790913907,0.2893191318116455,0.2889570520860353,-0.0102277411116454,0.0102277411116454,4.044161158533714e-05,10.0
3349.265,0.2791335872,0.2891642988416031,0.288803435393468,-0.0100307116416031,0.0100307116416031,4.042434363652487e-05,10.0
3349.747,0.2790397099,0.2890098997645669,0.2886503179372578,-0.0099701898645669,0.0099701898645669,4.040712497755656e-05,10.0
3350.229,0.2789737898,0.2888556214329076,0.2884973887597735,-0.0098818316329076,0.0098818316329076,4.038991982902535e-05,10.0
3350.711,0.2790532347,0.2887014713785403,0.2883446551224311,-0.0096482366785403,0.0096482366785403,4.037272817703007e-05,10.0
3351.193,0.278871247,0.2885474571351568,0.2881921242756499,-0.0096762101351568,0.0096762101351568,4.035555000768576e-05,10.0
3351.675,0.2789340491,0.2883935862378373,0.2880398034585125,-0.0094595371378372,0.0094595371378372,4.0338385307124415e-05,10.0
3352.157,0.2788839468,0.2882398662226653,0.2878876998984324,-0.0093559194226653,0.0093559194226653,4.032123406149703e-05,10.0
3352.639,0.2789333731,0.2880863046263353,0.2877358208108128,-0.0091529315263353,0.0091529315263353,4.030409625696935e-05,10.0
3353.122,0.2788784768,0.287932590915288,0.2875838590233462,-0.009054114115288,0.009054114115288,4.0286936365922205e-05,10.0
3353.604,0.278866933,0.287779369135003,0.287432450980197,-0.008912436135003,0.008912436135003,4.026982542998232e-05,10.0
3354.086,0.278867831,0.2876263283990415,0.2872812889952083,-0.0087584973990414,0.0087584973990414,4.025272789372075e-05,10.0
3354.568,0.2785787766,0.2874734762426213,0.2871303802323838,-0.0088946996426212,0.0088946996426212,4.023564374337449e-05,10.0
3355.05,0.2787586486,0.2873208201995995,0.2869797318420498,-0.0085621715995994,0.0085621715995994,4.021857296519692e-05,10.0
3355.532,0.2785037488,0.2871683678020739,0.2868293509605247,-0.0086646190020738,0.0086646190020738,4.020151554546001e-05,10.0
3356.014,0.2787360564,0.2870161265799804,0.2866792447097874,-0.0082800701799804,0.0082800701799804,4.018447147045224e-05,10.0
3356.496,0.2788069473,0.2868641040606906,0.2865294201971476,-0.0080571567606906,0.0080571567606906,4.016744072647871e-05,10.0
3356.979,0.2784886089,0.2867119930789206,0.286379574580062,-0.0082233841789206,0.0082233841789206,4.015038800783232e-05,10.0
3357.461,0.2784647825,0.2865604310278409,0.2862303354264849,-0.0080956485278408,0.0080956485278408,4.0133383912500576e-05,10.0
3357.943,0.2783662809,0.28640911025783,0.2860813992562623,-0.0080428293578299,0.0080428293578299,4.011639310719493e-05,10.0
3358.425,0.2783433226,0.2862580382819314,0.2859327731147082,-0.0079147156819314,0.0079147156819314,4.009941557828997e-05,10.0
3358.907,0.2782798902,0.2861072226085842,0.2857844640308283,-0.0078273324085842,0.0078273324085842,4.008245131217742e-05,10.0
3359.389,0.2782164715,0.28595667074121,0.2856364790169924,-0.00774019924121,0.00774019924121,4.006550029526458e-05,10.0
3359.871,0.2782734144,0.2858063901778018,0.2854888250686141,-0.0075329757778018,0.0075329757778018,4.004856251397757e-05,10.0
3360.353,0.278118467,0.285656388410506,0.2853415091638243,-0.007537921410506,0.007537921410506,4.0031637954757967e-05,10.0
3360.835,0.2780411182,0.2855066729252078,0.2851945382631496,-0.0074655547252078,0.0074655547252078,4.00147266040664e-05,10.0
3361.318,0.2780739616,0.2853569415080831,0.2850476154911431,-0.0072829799080831,0.0072829799080831,3.999779340367103e-05,10.0
3361.8,0.2780523017,0.2852078216500232,0.2849013561599844,-0.0071555199500232,0.0071555199500232,3.998090845681267e-05,10.0
3362.282,0.2779178159,0.2850590105053358,0.2847554626199898,-0.0071411946053357,0.0071411946053357,3.996403667793409e-05,10.0
3362.764,0.2778178062,0.2849105155306484,0.2846099417580217,-0.0070927093306483,0.0070927093306483,3.994717805356087e-05,10.0
3363.246,0.2777681555,0.2847623441742227,0.2844648004417378,-0.0069941886742227,0.0069941886742227,3.993033257023796e-05,10.0
3363.728,0.2777898096,0.2846145038755304,0.2843200455192754,-0.0068246942755304,0.0068246942755304,3.991350021452527e-05,10.0
3364.21,0.2777948025,0.2844670020648266,0.2841756838189335,-0.0066721995648266,0.0066721995648266,3.9896680973001e-05,10.0
3364.692,0.2776871864,0.2843198461627254,0.2840317221488609,-0.0066326597627254,0.0066326597627254,3.98798748322585e-05,10.0
3365.174,0.2776282270999999,0.2841730435797699,0.2838881672967394,-0.0065448164797699,0.0065448164797699,3.986308177890921e-05,10.0
3365.656,0.2775629074,0.2840266017160049,0.2837450260294727,-0.0064636943160049,0.0064636943160049,3.984630179958093e-05,10.0
3366.139,0.2773417206,0.2838802252907289,0.283602009432946,-0.0065385046907289,0.0065385046907289,3.982950010834689e-05,10.0
3366.621,0.2776425059,0.2837345278080087,0.2834597164444076,-0.0060920219080086,0.0060920219080086,3.981274626406604e-05,10.0
3367.103,0.2773110475,0.2835892131925837,0.283317857227533,-0.0062781656925836,0.0062781656925836,3.979600545376117e-05,10.0
3367.585,0.277307749,0.2834442887981674,0.2831764384629579,-0.0061365397981674,0.0061365397981674,3.977927766412753e-05,10.0
3368.067,0.2776332469,0.2832997619658146,0.2830354668089904,-0.0056665150658145,0.0056665150658145,3.976256288187575e-05,10.0
3368.549,0.2775515654,0.2831556400234856,0.2828949489013049,-0.0056040746234856,0.0056040746234856,3.9745861093733474e-05,10.0
3369.031,0.2775580466,0.2830119302856118,0.2827548913526366,-0.0054538836856118,0.0054538836856118,3.972917228644453e-05,10.0
3369.513,0.2774896997,0.282868640052659,0.2826153007524778,-0.005378940352659,0.005378940352659,3.9712496446770176e-05,10.0
3369.996,0.2773472757,0.2827254806622032,0.2824758955388759,-0.0053782049622032,0.0053782049622032,3.96957990046425e-05,10.0
3370.478,0.2773984343,0.2825830521905347,0.2823372595124809,-0.0051846178905347,0.0051846178905347,3.9679149087379e-05,10.0
3370.96,0.2772809598,0.2824410650520566,0.2821991100740905,-0.0051601052520565,0.0051601052520565,3.966251209808364e-05,10.0
3371.442,0.2774560234,0.2822995264869621,0.2820614537171567,-0.004843503086962,0.004843503086962,3.96458880235822e-05,10.0
3371.924,0.2770632858,0.2821584437192869,0.2819242969103867,-0.0050951579192868,0.0050951579192868,3.962927685071848e-05,10.0
3372.406,0.2773221768,0.2820178239564682,0.2817876460974446,-0.0046956471564681,0.0046956471564681,3.961267856635089e-05,10.0
3372.888,0.2772271988,0.2818776743889044,0.281651507696657,-0.0046504755889044,0.0046504755889044,3.959609315735514e-05,10.0
3373.37,0.2770582569,0.2817380021895127,0.2815158881007162,-0.0046797452895127,0.0046797452895127,3.957952061062404e-05,10.0
3373.853,0.2770746665,0.2815985262507907,0.2813805139478191,-0.0045238597507906,0.0045238597507906,3.95629265701943e-05,10.0
3374.335,0.2771808601,0.2814598312618128,0.2812459521449536,-0.0042789711618128,0.0042789711618128,3.954637973534984e-05,10.0
3374.817,0.2769734991,0.2813216350652072,0.2811119281813683,-0.0043481359652072,0.0043481359652072,3.95298457235171e-05,10.0
3375.299,0.2772618148999999,0.2811839447595091,0.2809784483442528,-0.0039221298595091,0.0039221298595091,3.951332452165199e-05,10.0
3375.781,0.2769988291,0.2810467674235603,0.2808455188937111,-0.0040479383235603,0.0040479383235603,3.949681611672829e-05,10.0
3376.263,0.2771261454,0.280910110116067,0.2807131460624765,-0.003783964716067,0.003783964716067,3.948032049573551e-05,10.0
3376.745,0.2771624357,0.2807739798751547,0.2805813360556246,-0.0036115441751546,0.0036115441751546,3.946383764567982e-05,10.0
3377.227,0.2770915253,0.2806383837179268,0.2804500950502919,-0.0035468584179267,0.0035468584179267,3.944736755358229e-05,10.0
3377.709,0.2768788946,0.2805033286400177,0.2803194291953898,-0.0036244340400176,0.0036244340400176,3.943091020648244e-05,10.0
3378.192,0.2769506297,0.2803685431294599,0.2801890753347582,-0.0034179134294599,0.0034179134294599,3.941443148719997e-05,10.0
3378.674,0.2771913770999999,0.2802345922676789,0.2800595793380677,-0.0030432151676789,0.0030432151676789,3.939799961764543e-05,10.0
3379.156,0.277139935,0.2801012033532331,0.2799306767789542,-0.0029612683532331,0.0029612683532331,3.9381580454271984e-05,10.0
3379.638,0.2769819845,0.2799683832914029,0.2798023736905821,-0.0029863987914029,0.0029863987914029,3.93651739841811e-05,10.0
3380.12,0.2767826183,0.2798361389637816,0.279674676076502,-0.0030535206637816,0.0030535206637816,3.9348780194490986e-05,10.0
3380.602,0.2770042941,0.2797044772278333,0.2795475899103769,-0.0027001831278333,0.0027001831278333,3.933239907233616e-05,10.0
3381.084,0.2769434116,0.2795734049164481,0.2794211211357093,-0.002629993316448,0.002629993316448,3.931603060486621e-05,10.0
3381.566,0.2769592087999999,0.2794429288375013,0.2792952756655721,-0.0024837200375013,0.0024837200375013,3.929967477924858e-05,10.0
3382.049,0.2768730619,0.2793127869587395,0.2791698002556178,-0.0024397250587395,0.0024397250587395,3.928329768873572e-05,10.0
3382.531,0.2767862443,0.2791835249381043,0.2790452203342544,-0.0023972806381042,0.0023972806381042,3.926696713454473e-05,10.0
3383.013,0.2767541877,0.279054879432943,0.278921281283407,-0.002300691732943,0.002300691732943,3.925064918377193e-05,10.0
3383.495,0.2767593038,0.2789268571465866,0.2787979888916805,-0.0021675533465866,0.0021675533465866,3.9234343823648416e-05,10.0
3383.977,0.2765240534,0.278799464755139,0.2786753489159158,-0.002275411355139,0.002275411355139,3.921805104141833e-05,10.0
3384.459,0.2765482098,0.2786727089070379,0.2785533670809298,-0.0021244991070378,0.0021244991070378,3.9201770824344505e-05,10.0
3384.941,0.2766249316,0.278546596222613,0.2784320490792537,-0.001921664622613,0.001921664622613,3.9185503159702696e-05,10.0
3385.423,0.276841179,0.2784211332936491,0.2783114005708762,-0.0015799542936491,0.0015799542936491,3.916924803478587e-05,10.0
3385.906,0.276506477,0.2782960684348469,0.2781911789812137,-0.0017895914348468,0.0017895914348468,3.915297175158082e-05,10.0
3386.387,0.2764732499,0.2781721829238794,0.2780721345097134,-0.0016989330238794,0.0016989330238794,3.913677535337922e-05,10.0
3386.87,0.2765019292,0.2780484530492936,0.2779532827577397,-0.0015465238492936,0.0015465238492936,3.91205241381044e-05,10.0
3387.352,0.2763800009,0.2779256558825991,0.2778353696036101,-0.0015456549825991,0.0015456549825991,3.9104319071229565e-05,10.0
3387.834,0.2764857859,0.277803541000104,0.2777181537569946,-0.001317755100104,0.001317755100104,3.908812648075336e-05,10.0
3388.316,0.2765034433,0.2776821148130672,0.2776016406772106,-0.0011786715130672,0.0011786715130672,3.907194635406283e-05,10.0
3388.798,0.2764736199,0.277561383701147,0.2774858357892668,-0.001087763801147,0.001087763801147,3.90557786785608e-05,10.0
3389.28,0.276446346,0.2774413540119687,0.2773707444836178,-0.0009950080119686,0.0009950080119686,3.9039623441664806e-05,10.0
3389.762,0.2764908498,0.2773220320606933,0.2772563721159203,-0.0008311822606932,0.0008311822606932,3.902348063080805e-05,10.0
3390.244,0.2764338509,0.2772034241295872,0.2771427240067908,-0.0007695732295872,0.0007695732295872,3.900735023344083e-05,10.0
3390.727,0.2762201716,0.2770852926404151,0.2770295719326892,-0.0008651210404151,0.0008651210404151,3.899119881008233e-05,10.0
3391.209,0.2762719032,0.2769681329763874,0.2769173896910844,-0.0006962297763874,0.0006962297763874,3.897509322779082e-05,10.0
3391.691,0.276073279,0.2768517059904603,0.2768059474680407,-0.0007784269904602,0.0007784269904602,3.895900002140304e-05,10.0
3392.173,0.276069764,0.2767360178289683,0.2766952504415512,-0.0006662538289682,0.0006662538289682,3.89429191784298e-05,10.0
3392.655,0.2761890412,0.2766210746032173,0.2765853037533841,-0.0004320334032172,0.0004320334032172,3.892685068639616e-05,10.0
3393.137,0.2761595697,0.2765068823890612,0.2764761125088503,-0.0003473126890611,0.0003473126890611,3.891079453284565e-05,10.0
3393.619,0.2762787604,0.2763934472264804,0.2763676817765724,-0.0001146868264804,0.0001146868264804,3.889475070533484e-05,10.0
3394.101,0.276208406,0.2762807751191629,0.2762600165882583,-7.236911916291833e-05,7.236911916291833e-05,3.887871919143567e-05,10.0
3394.583,0.2764568544999999,0.2761688720340857,0.2761531219384728,0.0002879824659142,0.0002879824659142,3.886269997873696e-05,10.0
3395.066,0.2761955761999999,0.2760575141544596,0.2760467834297393,0.0001380620455403,0.0001380620455403,3.88466598582212e-05,10.0
3395.548,0.2762420921,0.2759471684919756,0.2759414463152236,0.0002949236080243,0.0002949236080243,3.883066523620359e-05,10.0
3396.03,0.2762904461,0.2758376095403451,0.2758368945079303,0.0004528365596549,0.0004528365596549,3.8814682878215805e-05,10.0
3396.512,0.2761168062,0.2757288431154723,0.2757331328515486,0.0003879630845277,0.0003879630845277,3.8798712771907045e-05,10.0
3396.994,0.2760719561,0.2756208749944831,0.2756301661515193,0.0004510811055168,0.0004510811055168,3.8782754904940455e-05,10.0
3397.476,0.2758756235,0.2755137109153187,0.2755279991748201,0.0003619125846813,0.0003619125846813,3.876680926499606e-05,10.0
3397.958,0.2762260978,0.2754073565763284,0.2754266366497513,0.0008187412236715,0.0008187412236715,3.8750875839768224e-05,10.0
3398.44,0.2761746028,0.2753018176358669,0.275326083265725,0.000872785164133,0.000872785164133,3.873495461696584e-05,10.0
3398.923,0.2761392448,0.2751968833121072,0.2752261375935771,0.0009423614878927,0.0009423614878927,3.87190125906867e-05,10.0
3399.405,0.2759894013,0.2750929937024708,0.2751272181059629,0.0008964075975291,0.0008964075975291,3.8703115761179165e-05,10.0
3399.887,0.2760989182,0.274989936233888,0.2750291216016459,0.0011089819661119,0.0011089819661119,3.86872310972925e-05,10.0
3400.369,0.2763584115999999,0.2748877164006472,0.2749318526123189,0.0014706951993527,0.0014706951993527,3.867135858679564e-05,10.0
3400.851,0.2760725588,0.2747863396550515,0.2748354156297545,0.0012862191449484,0.0012862191449484,3.865549821747507e-05,10.0
3401.333,0.2757455842,0.274685811407029,0.2747398151056049,0.0010597727929709,0.0010597727929709,3.8639649977129885e-05,10.0
3401.815,0.2760111332,0.2745861370237422,0.2746450554512026,0.0014249961762577,0.0014249961762577,3.86238138535753e-05,10.0
3402.297,0.2758414133,0.2744873218292031,0.2745511410373649,0.0013540914707968,0.0013540914707968,3.860798983464168e-05,10.0
3402.78,0.2756544574,0.2743891687888685,0.2744578839997192,0.0012652886111314,0.0012652886111314,3.8592145115908553e-05,10.0
3403.262,0.2758945187,0.2742920895791181,0.2743656747923508,0.0016024291208818,0.0016024291208818,3.857634529481679e-05,10.0
3403.744,0.2759600614,0.2741958852781403,0.2742743237017377,0.0017641761218596,0.0017641761218596,3.856055754190028e-05,10.0
3404.226,0.2757073687999999,0.2741005610334323,0.2741838349346207,0.0016068077665676,0.0016068077665676,3.854478184504885e-05,10.0
3404.708,0.2756765491,0.2740061219474434,0.2740942126562714,0.0016704271525566,0.0016704271525566,3.852901819216713e-05,10.0
3405.19,0.2757322699,0.2739125730772043,0.2740054609903063,0.0018196968227957,0.0018196968227957,3.8513266571175326e-05,10.0
3405.672,0.2758003417999999,0.2738199194339578,0.2739175840185049,0.0019804223660421,0.0019804223660421,3.849752697000682e-05,10.0
3406.154,0.2756964212,0.2737281659827931,0.2738305857806286,0.0019682552172068,0.0019682552172068,3.8481799376611264e-05,10.0
3406.636,0.2756035088999999,0.2736373176422825,0.2737444702742414,0.0019661912577174,0.0019661912577174,3.846608377895193e-05,10.0
3407.119,0.2755541758,0.2735471936392952,0.2736590655556857,0.0020069821607047,0.0020069821607047,3.8450347597344286e-05,10.0
3407.601,0.2754735175,0.2734581719908641,0.273574729187053,0.0020153455091358,0.0020153455091358,3.843465597993392e-05,10.0
3408.083,0.2756120924,0.2733700699359743,0.2734912872956465,0.0022420224640256,0.0022420224640256,3.8418976322215074e-05,10.0
3408.565,0.2756353866,0.2732828922034556,0.2734087437084053,0.0023524943965443,0.0023524943965443,3.840330861221025e-05,10.0
3409.047,0.2758472361999999,0.273196643473849,0.2733271022092083,0.0026505927261509,0.0026505927261509,3.838765283795837e-05,10.0
3409.529,0.2756170889,0.2731113283790585,0.2732463665387059,0.0025057605209414,0.0025057605209414,3.837200898751022e-05,10.0
3410.011,0.2756351837,0.2730269515020113,0.2731665403941573,0.0026082321979887,0.0026082321979887,3.8356377048932925e-05,10.0
3410.493,0.2756321465,0.2729435173763168,0.2730876274292668,0.0026886291236831,0.0026886291236831,3.834075701030788e-05,10.0
3410.976,0.275645696,0.2728608603390367,0.2730094703917144,0.0027848356609632,0.0027848356609632,3.832511649002557e-05,10.0
3411.458,0.2758220919,0.2727793270969229,0.272932396485364,0.0030427648030771,0.0030427648030771,3.8309520240234384e-05,10.0
3411.94,0.2757976295,0.2726987499167864,0.2728562464641266,0.0030988795832135,0.0030988795832135,3.829393585470248e-05,10.0
3412.422,0.2757163581,0.2726191331315348,0.2727810238058136,0.0030972249684651,0.0030972249684651,3.827836332156863e-05,10.0
3412.904,0.2756810665,0.272540481023112,0.2727067319439016,0.0031405854768879,0.0031405854768879,3.826280262898856e-05,10.0
3413.386,0.2758818739999999,0.2724627978221765,0.2726333742673806,0.0034190761778234,0.0034190761778234,3.8247253765129456e-05,10.0
3413.868,0.2758020841,0.2723860877077876,0.2725609541206085,0.0034159963922124,0.0034159963922124,3.82317167181746e-05,10.0
3414.35,0.2757431799,0.2723103548070912,0.2724894748031626,0.0034328250929088,0.0034328250929088,3.821619147632288e-05,10.0
3414.833,0.2758592618,0.2722354491315263,0.2724187942146471,0.0036238126684737,0.0036238126684737,3.820064585445724e-05,10.0
3415.314,0.2757128258,0.272161836893951,0.2723493516298101,0.0035509889060489,0.0035509889060489,3.818517636078644e-05,10.0
3415.797,0.275802616,0.2720889099148874,0.2722805727366381,0.0037137060851125,0.0037137060851125,3.816965433907925e-05,10.0
3416.279,0.2756866916,0.2720171281560545,0.272212890813309,0.0036695634439454,0.0036695634439454,3.815417622428035e-05,10.0
3416.761,0.2759807261,0.2719463434652373,0.2721461655468931,0.0040343826347627,0.0040343826347627,3.81387098557633e-05,10.0
3417.243,0.2759202642,0.2718765596516389,0.2720803999652617,0.004043704548361,0.004043704548361,3.812325522180991e-05,10.0
3417.725,0.2757486405,0.2718077804704641,0.2720155970505458,0.0039408600295358,0.0039408600295358,3.810781231072032e-05,10.0
3418.207,0.2759950774,0.2717400096226378,0.2719517597390102,0.0042550677773621,0.0042550677773621,3.809238111080613e-05,10.0
3418.689,0.2757248812,0.2716732507545255,0.2718888909209256,0.0040516304454744,0.0040516304454744,3.807696161039339e-05,10.0
3419.171,0.2757473289,0.2716075074576586,0.2718269934404457,0.0041398214423413,0.0041398214423413,3.80615537978236e-05,10.0
3419.654,0.2757151108,0.2715426500476962,0.2717659447130297,0.0041724607523038,0.0041724607523038,3.804612573138912e-05,10.0
3420.136,0.2757823253,0.2714789505723594,0.2717060002847054,0.0043033747276406,0.0043033747276406,3.803074128377255e-05,10.0
3420.618,0.2758489893,0.2714162771182155,0.271647035454095,0.0044327121817844,0.0044327121817844,3.801536848908211e-05,10.0
3421.1,0.2757853535,0.2713546330546732,0.2715890528795882,0.0044307204453267,0.0044307204453267,3.800000733571513e-05,10.0
3421.582,0.275902393,0.2712940216949914,0.2715320551728681,0.0046083713050086,0.0046083713050086,3.7984657812084535e-05,10.0
3422.064,0.2758949061,0.2712344462960296,0.2714760448988024,0.0046604598039703,0.0046604598039703,3.796931990661503e-05,10.0
3422.546,0.2757946075,0.2711759100580002,0.2714210245753332,0.0046186974419997,0.0046186974419997,3.795399360774708e-05,10.0
3423.028,0.2759012239,0.2711184161242272,0.2713669966733714,0.0047828077757727,0.0047828077757727,3.793867890393461e-05,10.0
3423.51,0.2757873292,0.271061967580908,0.2713139636166928,0.0047253616190919,0.0047253616190919,3.792337578364606e-05,10.0
3423.993,0.2758735213,0.2710064536107622,0.271261820861904,0.0048670676892377,0.0048670676892377,3.790805252217951e-05,10.0
3424.475,0.2758095446,0.2709521070616273,0.2712107866542125,0.0048574375383727,0.0048574375383727,3.789277255837048e-05,10.0
3424.957,0.2756838365,0.270898814822446,0.2711607542839918,0.0047850216775539,0.0047850216775539,3.787750414354916e-05,10.0
3425.439,0.2759458473,0.2708465797484933,0.2711117259853782,0.0050992675515066,0.0050992675515066,3.786224726624025e-05,10.0
3425.921,0.2757681701,0.2707954046367924,0.2710637039448846,0.0049727654632075,0.0049727654632075,3.784700191498156e-05,10.0
3426.403,0.2755743567,0.270745292225902,0.2710166903013097,0.0048290644740979,0.0048290644740979,3.783176807832461e-05,10.0
3426.885,0.2757535117999999,0.270696245195709,0.2709706871456487,0.0050572666042909,0.0050572666042909,3.781654574483639e-05,10.0
3427.367,0.2757575177,0.2706482661672262,0.2709256965210087,0.0051092515327737,0.0051092515327737,3.780133490309554e-05,10.0
3427.85,0.275685943,0.2706012614965205,0.2708816302417596,0.0050846815034794,0.0050846815034794,3.778610401967748e-05,10.0
3428.332,0.2756586573,0.2705554283268491,0.2708386727273624,0.0051032289731509,0.0051032289731509,3.777091615101028e-05,10.0
3428.814,0.2755309476,0.2705106706717244,0.2707967335890314,0.0050202769282755,0.0050202769282755,3.775573973989011e-05,10.0
3429.296,0.275582531,0.2704669909145987,0.2707558146773984,0.0051155400854013,0.0051155400854013,3.774057477495194e-05,10.0
3429.778,0.2754221772,0.2704243913791039,0.2707159177948092,0.004997785820896,0.004997785820896,3.7725421244844896e-05,10.0
3430.26,0.2756570414,0.2703828743288755,0.2706770446952492,0.0052741670711245,0.0052741670711245,3.771027913823137e-05,10.0
3430.742,0.2755864058,0.2703424419673822,0.2706391970842741,0.0052439638326177,0.0052439638326177,3.769514844378868e-05,10.0
3431.224,0.2755551336,0.27030309643776,0.2706023766189416,0.0052520371622399,0.0052520371622399,3.7680029150206654e-05,10.0
3431.707,0.2754859443,0.270264761585417,0.2705665117215605,0.0052211827145829,0.0052211827145829,3.766488991382192e-05,10.0
3432.189,0.2756893953,0.2702275981722278,0.2705317524635361,0.0054617971277722,0.0054617971277722,3.764979341168165e-05,10.0
3432.671,0.2753694596,0.2701915276607401,0.2704980250337763,0.0051779319392599,0.0051779319392599,3.763470827653189e-05,10.0
3433.153,0.2755777862,0.2701565519510689,0.2704653308946098,0.005421234248931,0.005421234248931,3.7619634497117695e-05,10.0
3433.635,0.2754256184999999,0.2701226728822388,0.2704336714595605,0.0053029456177611,0.0053029456177611,3.760457206219717e-05,10.0
3434.117,0.2752525555,0.2700898922320458,0.2704030480932931,0.0051626632679541,0.0051626632679541,3.758952096054345e-05,10.0
3434.599,0.2751844758,0.2700582117169258,0.2703734621115612,0.0051262640830742,0.0051262640830742,3.757448118094256e-05,10.0
3435.081,0.2755012154,0.2700276329918269,0.2703449147811578,0.005473582408173,0.005473582408173,3.7559452712193177e-05,10.0
3435.563,0.2754140902,0.2699981576500878,0.2703174073198672,0.0054159325499121,0.0054159325499121,3.754443554310832e-05,10.0
3436.046,0.2755212371,0.2699697295130976,0.270290887069768,0.0055515075869023,0.0055515075869023,3.752939854170992e-05,10.0
3436.528,0.2753443271,0.2699424677679575,0.2702654649670802,0.0054018593320425,0.0054018593320425,3.751440396183425e-05,10.0
3437.01,0.275234949,0.2699163138182365,0.2702410860945364,0.0053186351817635,0.0053186351817635,3.749942064812071e-05,10.0
3437.492,0.2753529432,0.2698912690095777,0.2702177514733561,0.0054616741904222,0.0054616741904222,3.7484448589436114e-05,10.0
3437.974,0.2754866173,0.2698673346254752,0.2701954620755467,0.0056192826745248,0.0056192826745248,3.7469487774662224e-05,10.0
3438.456,0.2755366579,0.2698445118871824,0.2701742188238708,0.0056921460128175,0.0056921460128175,3.7454538192691867e-05,10.0
3438.938,0.2756060446,0.2698228019536243,0.2701540225918144,0.0057832426463756,0.0057832426463756,3.743959983243308e-05,10.0
3439.42,0.2754827365,0.269802205921313,0.270134874203557,0.005680530578687,0.005680530578687,3.7424672682806985e-05,10.0
3439.903,0.2756111297,0.2697826855667156,0.270116737973105,0.0058284441332843,0.0058284441332843,3.740972579842669e-05,10.0
3440.385,0.2755975702,0.2697643226925351,0.2700996897254148,0.0058332475074648,0.0058332475074648,3.739482106008207e-05,10.0
3440.867,0.2756769816,0.2697470766357416,0.2700836914993252,0.0059299049642583,0.0059299049642583,3.7379927499190456e-05,10.0
3441.349,0.2755642908,0.2697309482423468,0.2700687439214463,0.0058333425576531,0.0058333425576531,3.736504510472529e-05,10.0
3441.831,0.2755841048,0.2697159382956132,0.2700548475689722,0.0058681665043867,0.0058681665043867,3.735017386567426e-05,10.0
3442.313,0.2755610772,0.2697020475160022,0.2700420029696646,0.0058590296839977,0.0058590296839977,3.733531377103914e-05,10.0
3442.795,0.2756880598,0.2696892765611264,0.2700302106018411,0.0059987832388735,0.0059987832388735,3.732046480983305e-05,10.0
3443.277,0.275739513,0.2696776260257083,0.270019470894364,0.0060618869742917,0.0060618869742917,3.7305626971084414e-05,10.0
3443.76,0.2756617745999999,0.2696670757614937,0.2700097652246802,0.0059946988385062,0.0059946988385062,3.7290769494531405e-05,10.0
3444.241,0.2757217097,0.2696576882774657,0.2700011509285761,0.0060640214225342,0.0060640214225342,3.727598461713476e-05,10.0
3444.724,0.2756386124,0.269649385914137,0.2699935566506753,0.005989226485863,0.005989226485863,3.726114937676724e-05,10.0
3445.206,0.2758025263,0.2696422240732423,0.2699870330705458,0.0061603022267577,0.0061603022267577,3.7246355941359946e-05,10.0
3445.688,0.2757150247,0.2696361846814611,0.2699815635533643,0.0060788400185388,0.0060788400185388,3.7231573573723154e-05,10.0
3446.17,0.2756953729,0.2696312679554458,0.2699771482310672,0.0060641049445541,0.0060641049445541,3.7216802262962935e-05,10.0
3446.652,0.2759367512,0.2696274740488069,0.2699737871861262,0.006309277151193,0.006309277151193,3.720204199819873e-05,10.0
3447.134,0.2758049687,0.2696248030521121,0.2699714804515563,0.0061801656478878,0.0061801656478878,3.7187292768564886e-05,10.0
3447.616,0.2758363558,0.2696232549928905,0.2699702280109261,0.0062131008071094,0.0062131008071094,3.717255456320618e-05,10.0
3448.098,0.2759035875,0.2696228298356424,0.2699700297983711,0.0062807576643575,0.0062807576643575,3.715782737128257e-05,10.0
3448.581,0.275805158,0.2696235300962999,0.2699708885699744,0.0061816279037,0.0061816279037,3.71430806618818e-05,10.0
3449.063,0.2758063661,0.2696253527133779,0.2699728006047244,0.006181013386622,0.006181013386622,3.7128375487149214e-05,10.0
3449.545,0.2756327329,0.2696282977473891,0.2699757663730149,0.0060044351526108,0.0060044351526108,3.7113681293385485e-05,10.0
3450.027,0.2757121488,0.2696323649107803,0.2699797856113153,0.0060797838892196,0.0060797838892196,3.709899806979954e-05,10.0
3450.509,0.2758319047,0.2696375538530902,0.269984858006757,0.0061943508469098,0.0061943508469098,3.708432580561683e-05,10.0
3450.991,0.2757076223,0.2696438641609914,0.2699909831971614,0.0060637581390086,0.0060637581390086,3.70696644900747e-05,10.0
3451.473,0.2757427367,0.2696512953583351,0.2699981607710686,0.0060914413416648,0.0060914413416648,3.705501411242202e-05,10.0
3451.955,0.2759660684,0.2696598469062003,0.2700063902677675,0.0063062214937996,0.0063062214937996,3.7040374661922415e-05,10.0
3452.438,0.2757516544,0.2696695394314058,0.2700156915248891,0.0060821149685941,0.0060821149685941,3.702571578953681e-05,10.0
3452.92,0.2756521572,0.2696803321337645,0.2700260254677826,0.0059718250662355,0.0059718250662355,3.701109818379898e-05,10.0
3453.402,0.2757061762,0.2696922431922567,0.2700374096548603,0.0060139330077432,0.0060139330077432,3.6996491473058807e-05,10.0
3453.884,0.2759894102,0.2697052718173481,0.2700498434286615,0.0062841383826519,0.0062841383826519,3.6981895646630406e-05,10.0
3454.366,0.2759368448,0.2697194171570596,0.2700633260826635,0.0062174276429404,0.0062174276429404,3.6967310693840766e-05,10.0
3454.848,0.2761151367,0.2697346782970472,0.2700778568613258,0.0063804584029527,0.0063804584029527,3.695273660403072e-05,10.0
3455.33,0.2759278414,0.2697510542606888,0.2700934349601386,0.0061767871393111,0.0061767871393111,3.693817336655301e-05,10.0
3455.812,0.2760748219,0.2697685440091731,0.2701100595256708,0.0063062778908268,0.0063062778908268,3.6923620970773126e-05,10.0
3456.294,0.2759021651,0.2697871464415964,0.270127729655621,0.0061150186584035,0.0061150186584035,3.690907940607023e-05,10.0
3456.777,0.2760256188,0.2698069024499647,0.2701464843113281,0.0062187163500352,0.0062187163500352,3.689451852630246e-05,10.0
3457.259,0.2760861048,0.2698277290018943,0.2701662448321051,0.0062583757981056,0.0062583757981056,3.687999861435488e-05,10.0
3457.741,0.276173323,0.2698496645607908,0.2701870479155029,0.0063236584392092,0.0063236584392092,3.686548950167438e-05,10.0
3458.223,0.2760795997,0.2698727077783062,0.2702088924642015,0.0062068919216938,0.0062068919216938,3.685099117768904e-05,10.0
3458.705,0.2763223397,0.2698968572445513,0.2702317773323024,0.0064254824554487,0.0064254824554487,3.683650363184198e-05,10.0
3459.187,0.2763569408,0.2699221114882221,0.2702557013253943,0.0064348293117779,0.0064348293117779,3.682202685358678e-05,10.0
3459.669,0.2760876448,0.2699484689767285,0.2702806632006195,0.0061391758232715,0.0061391758232715,3.6807560832392464e-05,10.0
3460.151,0.2765346881,0.2699759281163308,0.2703066616667441,0.0065587599836691,0.0065587599836691,3.67931055577377e-05,10.0
3460.634,0.2764822783,0.270004547645861,0.2703337525459666,0.0064777306541389,0.0064777306541389,3.677863106234572e-05,10.0
3461.116,0.276391363,0.2700342073393028,0.2703618222705135,0.0063571556606971,0.0063571556606971,3.676419727150273e-05,10.0
3461.598,0.276432688,0.2700649635333922,0.2703909244196997,0.0063677244666077,0.0063677244666077,3.674977419569309e-05,10.0
3462.08,0.2763883568,0.2700968143911086,0.2704210575094264,0.0062915424088913,0.0062915424088913,3.6735361824447255e-05,10.0
3462.562,0.2764781134,0.2701297580150277,0.2704522200075988,0.0063483553849722,0.0063483553849722,3.672096014730853e-05,10.0
3463.044,0.2765396295,0.2701637924474865,0.2704844103342108,0.0063758370525134,0.0063758370525134,3.670656915383133e-05,10.0
3463.526,0.2764467794,0.2701989156707511,0.2705176268614291,0.0062478637292488,0.0062478637292488,3.669218883358435e-05,10.0
3464.008,0.2763176895999999,0.2702351256071889,0.2705518679136797,0.006082563992811,0.006082563992811,3.6677819176147794e-05,10.0
3464.49,0.276314507,0.2702724201194486,0.2705871317677401,0.0060420868805514,0.0060420868805514,3.666346017111354e-05,10.0
3464.973,0.2762905394,0.27031087775432,0.2706234929927772,0.0059796616456799,0.0059796616456799,3.664908205075475e-05,10.0
3465.455,0.2762477451,0.2703503370067345,0.2706607992032722,0.0058974080932654,0.0058974080932654,3.6634744341400855e-05,10.0
3465.937,0.2763190073,0.2703908740615753,0.2706991227570132,0.0059281332384247,0.0059281332384247,3.6620417253281566e-05,10.0
3466.419,0.2763668647,0.270432486544358,0.2707384617410177,0.0059343781556419,0.0059343781556419,3.660610077603844e-05,10.0
3466.901,0.2764485967,0.2704751720218361,0.2707788141951335,0.0059734246781638,0.0059734246781638,3.659179489932663e-05,10.0
3467.383,0.2764156527,0.2705189280022056,0.2708201781121409,0.0058967246977943,0.0058967246977943,3.657749961281409e-05,10.0
3467.865,0.2764367483,0.2705637519353165,0.2708625514378597,0.0058729963646834,0.0058729963646834,3.65632149061791e-05,10.0
3468.347,0.2764400742,0.2706096412128855,0.2709059320712542,0.0058304329871144,0.0058304329871144,3.6548940769114015e-05,10.0
3468.83,0.2763692181,0.2706566916821818,0.2709504109945971,0.0057125264178181,0.0057125264178181,3.653464760980682e-05,10.0
3469.312,0.2764772554,0.2707047057885842,0.2709958018318918,0.0057725496114158,0.0057725496114158,3.652039460288148e-05,10.0
3469.794,0.2763525373,0.2707537770621722,0.2710421933890314,0.0055987602378277,0.0055987602378277,3.6506152134653785e-05,10.0
3470.276,0.27645888,0.2708039026642398,0.2710895833785778,0.0056549773357601,0.0056549773357601,3.64919201948645e-05,10.0
3470.758,0.2768560816,0.2708550796990844,0.2711379694668058,0.0060010019009156,0.0060010019009156,3.647769877326744e-05,10.0
3471.24,0.2764964829,0.2709073052142463,0.2711873492738229,0.0055891776857536,0.0055891776857536,3.646348785962728e-05,10.0
3471.722,0.276639755,0.2709605762007535,0.2712377203736917,0.0056791787992464,0.0056791787992464,3.644928744372214e-05,10.0
3472.204,0.2767169897,0.2710148895933699,0.2712890802945531,0.0057021001066301,0.0057021001066301,3.6435097515341294e-05,10.0
3472.687,0.2766137989,0.271070358188566,0.2713415361443669,0.0055434407114339,0.0055434407114339,3.642088865722316e-05,10.0
3473.168,0.2767852403999999,0.2711266310561839,0.2713947564829727,0.005658609343816,0.005658609343816,3.640674908037345e-05,10.0
3473.651,0.2767505209,0.2711841729203572,0.2714491812750242,0.0055663479796427,0.0055663479796427,3.639256118975251e-05,10.0
3474.133,0.2768841635,0.2712426263013084,0.2715044728745528,0.0056415371986915,0.0056415371986915,3.63784131312738e-05,10.0
3474.615,0.2768542209,0.2713021059202156,0.2715607402458073,0.0055521149797843,0.0055521149797843,3.636427550943008e-05,10.0
3475.097,0.2768753803,0.2713626083795902,0.2716179806440334,0.0055127719204097,0.0055127719204097,3.635014831408305e-05,10.0
3475.579,0.2769865856,0.2714241302275322,0.2716761912794834,0.0055624553724678,0.0055624553724678,3.633603153510765e-05,10.0
3476.061,0.2769648828,0.2714866679580121,0.2717353693175577,0.0054782148419878,0.0054782148419878,3.632192516239012e-05,10.0
3476.543,0.2769371866,0.2715502180111533,0.2717955118789471,0.0053869685888466,0.0053869685888466,3.630782918582992e-05,10.0
3477.025,0.277075532,0.2716147767735221,0.271856616039778,0.0054607552264779,0.0054607552264779,3.6293743595337024e-05,10.0
3477.508,0.2769143081,0.2716804776450764,0.2719188085871508,0.0052338304549235,0.0052338304549235,3.627963918992336e-05,10.0
3477.99,0.2770255233,0.2717470448463583,0.2719818289771732,0.0052784784536416,0.0052784784536416,3.6265574362840864e-05,10.0
3478.472,0.2771075474,0.2718146095902736,0.2720458019227237,0.0052929378097263,0.0052929378097263,3.625151989160931e-05,10.0
3478.954,0.2769570806,0.2718831680520023,0.2721107243230706,0.0050739125479977,0.0050739125479977,3.623747576618655e-05,10.0
3479.436,0.2771897431,0.2719527163546648,0.2721765930336738,0.0052370267453351,0.0052370267453351,3.6223441976543656e-05,10.0
3479.918,0.2772981144999999,0.2720232505696297,0.2722434048663416,0.0052748639303702,0.0052748639303702,3.62094185126626e-05,10.0
3480.4,0.2772450783,0.2720947667168275,0.27231115658939,0.0051503115831724,0.0051503115831724,3.619540536453797e-05,10.0
3480.882,0.2773513122,0.2721672607650686,0.2723798449278033,0.0051840514349313,0.0051840514349313,3.61814025221758e-05,10.0
3481.365,0.2775401661,0.2722408820647473,0.2724496119744601,0.0052992840352527,0.0052992840352527,3.616738095611079e-05,10.0
3481.847,0.2774998261,0.2723153216260956,0.2725201654718535,0.0051845044739043,0.0051845044739043,3.615339871666948e-05,10.0
3482.329,0.2774787287,0.2723907266826856,0.2725916454941119,0.0050880020173144,0.0050880020173144,3.61394267530594e-05,10.0
3482.811,0.2775065334,0.2724670930019798,0.272664048594457,0.0050394403980201,0.0050394403980201,3.612546505533511e-05,10.0
3483.293,0.2774707891,0.2725444163019562,0.2727373712836145,0.0049263727980437,0.0049263727980437,3.611151361356039e-05,10.0
3483.775,0.2774063934,0.2726226922514455,0.2728116100299873,0.0047837011485544,0.0047837011485544,3.609757241781455e-05,10.0
3484.257,0.2775954902,0.2727019164704714,0.2728867612598307,0.0048935737295286,0.0048935737295286,3.608364145818378e-05,10.0
3484.739,0.2773856778,0.272782084530592,0.2729628213574275,0.0046035932694079,0.0046035932694079,3.6069720724771066e-05,10.0
3485.221,0.2775809727,0.2728631919552484,0.2730397866652688,0.0047177807447515,0.0047177807447515,3.605581020768806e-05,10.0
3485.704,0.2776263565,0.2729454054008805,0.2731178159681804,0.0046809510991194,0.0046809510991194,3.604188106884213e-05,10.0
3486.186,0.2775542671,0.2730283798594405,0.2731965824163946,0.0045258872405594,0.0045258872405594,3.602799097594665e-05,10.0
3486.668,0.2774205787,0.2731122799580268,0.2732762428454963,0.0043082987419731,0.0043082987419731,3.601411106976706e-05,10.0
3487.15,0.2776578464,0.2731971010310325,0.2733567934325449,0.0044607453689674,0.0044607453689674,3.600024134046328e-05,10.0
3487.632,0.2777048472,0.2732828383665101,0.2734382303137294,0.0044220088334898,0.0044220088334898,3.5986381778206024e-05,10.0
3488.114,0.2776845187,0.2733694872065335,0.2735205495845586,0.0043150314934664,0.0043150314934664,3.5972532373177484e-05,10.0
3488.596,0.2777923693,0.2734570427475637,0.2736037473000516,0.0043353265524362,0.0043353265524362,3.5958693115572136e-05,10.0
3489.078,0.2778181026,0.273545500140821,0.2736878194749342,0.0042726024591789,0.0042726024591789,3.594486399559495e-05,10.0
3489.561,0.2778636785,0.2736350408040924,0.2737729392153095,0.0042286376959075,0.0042286376959075,3.593101634387677e-05,10.0
3490.043,0.2780082715,0.2737252890218502,0.2738587499861348,0.0042829824781497,0.0042829824781497,3.5917207490802225e-05,10.0
3490.525,0.2778391448,0.2738164242673821,0.2739454230121587,0.0040227205326178,0.0040227205326178,3.5903408746021986e-05,10.0
3491.007,0.2779659553,0.2739084415145886,0.2740329541488175,0.0040575137854113,0.0040575137854113,3.588962009978783e-05,10.0
3491.489,0.2779554638,0.2740013356940106,0.2741213392122469,0.0039541281059893,0.0039541281059893,3.587584154236455e-05,10.0
3491.971,0.2780017537,0.2740951016932162,0.2742105739794894,0.0039066520067837,0.0039066520067837,3.586207306402679e-05,10.0
3492.453,0.2778966096,0.2741897343571862,0.2743006541886992,0.0037068752428138,0.0037068752428138,3.584831465505954e-05,10.0
3492.935,0.2778298853,0.274285228488702,0.2743915755393499,0.0035446568112979,0.0035446568112979,3.5834566305761734e-05,10.0
3493.417,0.2777866618,0.2743815788487372,0.274483333692444,0.0034050829512627,0.0034050829512627,3.582082800644306e-05,10.0
3493.9,0.2779996737999999,0.2744789827001901,0.274576117229609,0.0035206910998098,0.0035206910998098,3.580707127598835e-05,10.0
3494.382,0.2779915357,0.2745770313837774,0.2746695375310262,0.0034145043162225,0.0034145043162225,3.579335306840146e-05,10.0
3494.864,0.2779240272,0.2746759203207377,0.2747637813799214,0.0032481068792622,0.0032481068792622,3.577964488176932e-05,10.0
3495.346,0.2780920078,0.2747756441086856,0.2748588442854718,0.0033163636913143,0.0033163636913143,3.5765946706447726e-05,10.0
3495.828,0.2779512045,0.2748761973054159,0.2749547217194589,0.003075007194584,0.003075007194584,3.575225853280286e-05,10.0
3496.31,0.2780354888999999,0.2749775744293075,0.2750514091164904,0.0030579144706924,0.0030579144706924,3.573858035121312e-05,10.0
3496.792,0.2781554006,0.2750797699597292,0.2751489018742203,0.0030756306402707,0.0030756306402707,3.572491215206651e-05,10.0
3497.274,0.2782245755,0.2751827783374468,0.2752471953535744,0.0030417971625531,0.0030417971625531,3.571125392576435e-05,10.0
3497.757,0.2780692283,0.2752868101853807,0.2753464912831251,0.0027824181146192,0.0027824181146192,3.569757735717017e-05,10.0
3498.239,0.2781908679,0.2753914290848364,0.2754463737795597,0.0027994388151636,0.0027994388151636,3.5683939068443385e-05,10.0
3498.721,0.2782152323,0.2754968439145558,0.2755470428523874,0.0027183883854441,0.0027183883854441,3.567031072381057e-05,10.0
3499.203,0.278495716,0.2756030489649242,0.2756484937178098,0.0028926670350757,0.0028926670350757,3.5656692313716973e-05,10.0
3499.685,0.2784864366,0.2757100384897842,0.2757507215564398,0.0027763981102157,0.0027763981102157,3.564308382861966e-05,10.0
