sample_id,residual_10deg,residual_15deg
1,0.0885548353154653,0.1157594299397288
2,0.088103857850723,0.1155406735707675
3,0.0877512323600586,0.1156067502692107
4,0.0875635687747545,0.11559840964405
5,0.087164424349735,0.1154291616631043
6,0.0869236689723526,0.115448994028448
7,0.0865872125354796,0.1151376919548031
8,0.0862245335000402,0.1151589011887304
9,0.0860020738873749,0.1149631891393374
10,0.0857519606803817,0.115093305179482
11,0.0855980040246402,0.1149976019469634
12,0.0856970265295193,0.1147697400456994
13,0.0852253067369951,0.1148607691782626
14,0.0856758079419747,0.1149461545494786
15,0.0857189816293497,0.1144605541768291
16,0.0860413216741398,0.1145396168399216
17,0.0860419531204592,0.1141528010901585
18,0.0856351943825295,0.1139507931518269
19,0.0854309328456766,0.1139300636231777
20,0.0851347393673123,0.1137004779774918
21,0.0847734615691705,0.1134710953551044
22,0.0845024183819034,0.1134801720095588
23,0.0841340403145647,0.1132985078311773
24,0.0838617573984256,0.1132516431520127
25,0.0834078838398202,0.1129391531861974
26,0.0832156290481538,0.1129466636785002
27,0.0827704394113522,0.1128046352557778
28,0.0828491256967186,0.1126199697279257
29,0.0824459111517747,0.1124369187888157
30,0.082223727605088,0.1124951681172208
31,0.0818663240842708,0.1124206757743864
32,0.0815947026995988,0.1123534934946716
33,0.0813562660886754,0.1120909474376032
34,0.0813944036119773,0.1121199215302848
35,0.080957609914935,0.1119501837891343
36,0.0806469606286715,0.1119789321207213
37,0.0803809518707239,0.111808159322595
38,0.0803234788457507,0.1115207944840977
39,0.0798864362462245,0.1115818056871619
40,0.0799388927665194,0.1115816792004858
41,0.0795147019522718,0.1110913285784009
42,0.0792835560678641,0.1109483906053743
43,0.0792175244634441,0.1108138511412064
44,0.078864764880225,0.110577234442079
45,0.0785566407510945,0.1101829208612766
46,0.0786844907012068,0.1100645242498868
47,0.0782273317485635,0.1097170286574936
48,0.0780556594532193,0.1093670966563202
49,0.0779021303662773,0.1091483095006314
50,0.0777461245848515,0.1091700773070494
51,0.0775882482036397,0.1086864203255745
52,0.077544851612883,0.1086624700079591
53,0.0771727061988647,0.1083165425083177
54,0.0767994321443956,0.1082393286837255
55,0.0767604666292876,0.1081307095948039
56,0.0764385445906273,0.107963660860831
57,0.075994320753654,0.1075071009625239
58,0.0760525995718951,0.1074498332037681
59,0.0757613020174245,0.1072698268647731
60,0.0755190390614903,0.1073223734320315
61,0.0752060643749093,0.1069663376988271
62,0.0750163674284534,0.1069332981657336
63,0.0747348208932212,0.1070949848410971
64,0.0744478591409975,0.1067778323415085
65,0.0740033994643188,0.1066771603511806
66,0.0739407046690627,0.1064083092558537
67,0.0736204742677386,0.1063549561827135
68,0.0733888407380422,0.1060260015856201
69,0.0732886719599805,0.1059241086288571
70,0.0730411816161643,0.1055452853875308
71,0.0729895310920848,0.1051230016479582
72,0.0726305109763837,0.1051090034080418
73,0.0725123937173258,0.1047840277075723
74,0.0721132329677966,0.1047764827196403
75,0.0720742224004002,0.1047392684900657
76,0.0716405620186417,0.1045169098664441
77,0.0712868724303552,0.1046768343096644
78,0.071132385747907,0.1048223197942153
79,0.0710282609883901,0.1048542876084828
80,0.0706816900738077,0.1047333363550351
81,0.0705568538669186,0.1046580897443825
82,0.0703935294930445,0.1044805795278048
83,0.0702301573281545,0.1041644607982311
84,0.0699139684422573,0.103654665614249
85,0.0695845664751518,0.1029656878874406
86,0.0692331636814185,0.1023802282106652
87,0.0692421196215641,0.1015280063926568
88,0.068930929962128,0.1011845534582231
89,0.0686185781757826,0.1007811449484359
90,0.0683957869414221,0.1003998327208093
91,0.0678154906412946,0.1001279362158916
92,0.0678315621677616,0.0996450706294093
93,0.0673187054038907,0.0997085497866533
94,0.0672039357540036,0.0993093654123281
95,0.0669944823289693,0.0991685408483272
96,0.0667684797462439,0.0990886260538539
97,0.0665280097299038,0.0991249340055317
98,0.0662587814106706,0.0988451130975056
99,0.0658912413259302,0.0987572843415338
100,0.0656924509517519,0.0985973243660822
101,0.0655039708086963,0.0985381451503689
102,0.0652152831334784,0.0982761981156328
103,0.064850121389975,0.0981297035446512
104,0.0646196294487084,0.0978355023381394
105,0.0645003662868204,0.0976855942147875
106,0.0641582872880434,0.0975712707112899
107,0.0639782554426631,0.0974972342823677
108,0.0637710628244451,0.0972986075851737
109,0.0633441044602255,0.0974796414644411
110,0.0631280811387105,0.0972507461765144
111,0.0626028358757159,0.0973386376480943
112,0.0625228528933374,0.0973514411238895
113,0.0622877151198796,0.0973076119665897
114,0.0619829955897793,0.0972210366568301
115,0.061609300743524,0.0972635544931485
116,0.0615063769550219,0.0972812192649387
117,0.0611391966304317,0.0974618534648983
118,0.0606944481245946,0.097306191597888
119,0.0608185698010939,0.0967956448333088
120,0.0602141297290844,0.0959922996581399
121,0.0598551331831849,0.0950914763768531
122,0.0592250649433659,0.0937332376113182
123,0.0590111983948323,0.0926532310007048
124,0.0588560260279056,0.091650715001376
125,0.0586760229489924,0.0912677885397098
126,0.0584612647399905,0.0908127501587126
127,0.0583711591892598,0.0905877760430026
128,0.0583238357061214,0.0905818411163512
129,0.058065569204362,0.0906411348190966
130,0.0581509826021006,0.0905414354080008
131,0.057710874121645,0.0905539973560994
132,0.0574982957893509,0.0905730151525483
133,0.057211271313862,0.0905843858478374
134,0.0571042435807925,0.0904005142890311
135,0.0569284099724472,0.090109730122656
136,0.0568713285297068,0.0900205830005174
137,0.0564816790967602,0.0896589008896855
138,0.0562429945209501,0.0897895086723117
139,0.0559264157526207,0.0896325865454375
140,0.0559561696449645,0.089246659520799
141,0.0555367451900717,0.0888290291904136
142,0.0550390412377456,0.088676947197445
143,0.0548667933667028,0.0879416076679709
144,0.0543700260310989,0.0875312966806017
145,0.0541043237320545,0.0868955900471866
146,0.0537468998363806,0.0867400451631125
147,0.0533862722126479,0.0861229411369781
148,0.0529587614310322,0.0859489682903654
149,0.0528597822631619,0.0857872791576096
150,0.052320323981964,0.0856738198855663
151,0.0524185551717372,0.08583686263546
152,0.0521372538084259,0.0858439017313226
153,0.0520543259278651,0.0856384847794912
154,0.0517685803064735,0.0858691780743175
155,0.0514374940212263,0.0853220835214579
156,0.0511160553495143,0.0849956514376255
157,0.0508604206690012,0.0845050405503355
158,0.0505195025574883,0.0838075453976521
159,0.0499978898927768,0.0831356977279301
160,0.0496652646039008,0.0826370790295845
161,0.0493297486184303,0.0820635387657063
162,0.0489791302810073,0.081566891165634
163,0.048654570067936,0.0810704274160979
164,0.048541783554893,0.0810038392128123
165,0.0480688681168107,0.0806810730602083
166,0.047830530227768,0.0805992658711685
167,0.0478014416608806,0.0804674951667592
168,0.0476574524967385,0.080277685591848
169,0.0473985749892637,0.0798789755138994
170,0.0470124622839914,0.0799289403053029
171,0.046921087649005,0.079678385016987
172,0.0465255408509632,0.0793397088067213
173,0.046193297155021,0.0793129161388493
174,0.0458635306247599,0.0789597932840203
175,0.0456063216221213,0.0787343451189201
176,0.04549758430323,0.0783951775453684
177,0.0451112357686753,0.0779257638705062
178,0.0447185147029382,0.0780063924225332
179,0.0445677484606534,0.0775611170994288
180,0.0441902750945803,0.0773861549038868
181,0.0439830764555763,0.0770730487430511
182,0.0437633176925768,0.0767995800282576
183,0.0433326057525851,0.0764793004747779
184,0.0430794736806655,0.0760953440015611
185,0.0427213856795292,0.075848370812436
186,0.0426075950894165,0.0753927759825852
187,0.0421207768548905,0.0753715639811383
188,0.041795444413167,0.0750841457390477
189,0.0417006274996218,0.0750594864897018
190,0.0416581162478378,0.0744565516686852
191,0.0409805897896575,0.0743585142135414
192,0.0407418755552488,0.0740402521635389
193,0.0404692120630085,0.0734961184483907
194,0.0401417154835325,0.0731396657129662
195,0.0398113562712429,0.0730011467786769
196,0.0396041901502211,0.0726548289892293
197,0.039340894043337,0.0724287897889432
198,0.039095157072371,0.0718729326225454
199,0.0387781285581486,0.0715530455349638
200,0.0386459559206843,0.0713135683711258
201,0.0382666256917611,0.0708991921713151
202,0.0379805253529764,0.0705117162932361
203,0.0377353313626519,0.0704123779028346
204,0.0373527445574221,0.0700759053490144
205,0.036995798282797,0.0698731197049892
206,0.0368212670573841,0.0694641767115774
207,0.0367138362003085,0.0693720860083493
208,0.0364052551314535,0.0690538967334714
209,0.0360256334717104,0.0688878986235588
210,0.0357815663432422,0.0686778847135348
211,0.0354785772348055,0.0682776069533094
212,0.0352545220524105,0.0680830539511345
213,0.0349206907366907,0.0676611975084891
214,0.0347265807175828,0.0672663952520358
215,0.034447832327807,0.0671434003061428
216,0.0339052706032118,0.0666363823927873
217,0.0339755998831299,0.0665804316314641
218,0.0335158758107513,0.0659979714391065
219,0.0331814045335077,0.0658696160300111
220,0.0328471506570262,0.0656986176077612
221,0.032524105760751,0.0653509222973438
222,0.0323864165881065,0.0649074254610963
223,0.0320320840074489,0.064639202602006
224,0.0315334376935284,0.0643948606201914
225,0.0313328274279633,0.0640559097128862
226,0.0308923652997316,0.0635360851744276
227,0.0307429732056779,0.06323165139626
228,0.0304291056208704,0.0630218005592245
229,0.0301441758970995,0.0625180149739503
230,0.0299352360056862,0.062324248768818
231,0.0296639965801407,0.0622393851236982
232,0.0292632439646154,0.0621450621157285
233,0.0290464947145078,0.0621314034193785
234,0.0290480820970821,0.0618660287065236
235,0.0288010158921079,0.0619240493465358
236,0.028684362018614,0.0618419908255287
237,0.0282795729443609,0.0617404290750919
238,0.0283446777572152,0.0618277204326753
239,0.0280987711935087,0.0613471729585278
240,0.0277403343055251,0.0609939914110095
241,0.0273396673622419,0.0602268811467484
242,0.0268212053500914,0.0595786841208185
243,0.0262425060737369,0.0586174354869208
244,0.02585756695687,0.0580680489975851
245,0.025467480309633,0.057489457955378
246,0.025406249253154,0.0572428705558594
247,0.0252080009018004,0.0570836231127767
248,0.0248342942635332,0.0570368842760197
249,0.0246899352695946,0.0570069121955068
250,0.0245343099754153,0.0569228359214623
251,0.0241993533615381,0.0568918375047137
252,0.0239925294345616,0.0569660569970044
253,0.0237549635703809,0.056765581625339
254,0.023330605449099,0.0564149434101119
255,0.0232750988515171,0.0558413746254474
256,0.0228742107981308,0.0553804355299447
257,0.0226021668404969,0.055083431584895
258,0.0222378456622919,0.0545718664546834
259,0.0216885598803907,0.0541328288072057
260,0.0216920134459615,0.0535464801143023
261,0.0213356725324346,0.0532679626401051
262,0.0209766942023826,0.0527714958020145
263,0.0207380164270567,0.05255413383004
264,0.020515933125735,0.0524223195484274
265,0.0203394337315027,0.0519277458115573
266,0.0200814671252987,0.0515981101247544
267,0.0195075100305837,0.0511022678007809
268,0.019321195014592,0.0509042887604041
269,0.0191162882896058,0.0507109936329775
270,0.019108841014246,0.0506628118570447
271,0.018711224877069,0.0505697209448676
272,0.0186716101684479,0.0506255487456474
273,0.0184142165252916,0.0503208471289572
274,0.0181893011047998,0.0505264156762784
275,0.0182625329172717,0.0507679401815574
276,0.0180159811275166,0.050773081951911
277,0.0178303907562826,0.0507854378083545
278,0.0176716276817075,0.0506735199865476
279,0.0172281975407858,0.0505092364375592
280,0.0167519528558416,0.0497929384880335
281,0.0161913531708154,0.0491106510011003
282,0.0156509002464858,0.0480442961929747
283,0.0152341058702821,0.0471299275842103
284,0.0147524247961261,0.0462029779148737
285,0.0142365943460188,0.0452230437454251
286,0.0140284562116417,0.0448560937576155
287,0.0136303371559821,0.0443362443554021
288,0.0136112998549278,0.0446185545665607
289,0.0134712224553755,0.0443003182531632
290,0.0134266175152821,0.044034958931059
291,0.0131187813993979,0.0441521726024429
292,0.0132517549521739,0.0441574076965994
293,0.0128512929994891,0.0440300687709348
294,0.0127967575504071,0.0441391388120354
295,0.0124966552989397,0.0440438117367412
296,0.012382702920656,0.0440917533157363
297,0.0124927317900404,0.0441168448016059
298,0.0120163424139608,0.0441977885641386
299,0.0122714820442697,0.0440205077522112
300,0.0121350939268859,0.0438989189506334
301,0.0118003340036677,0.0439410206813449
302,0.011578026514305,0.043562861404633
303,0.0112969373982236,0.0430990073203682
304,0.0110179291965128,0.042572589569262
305,0.0103976370978985,0.0416788766967572
306,0.0100907234839729,0.0407174826657216
307,0.0099981553843538,0.0403019050967433
308,0.0096137493663545,0.0398767748067647
309,0.0094076569088116,0.0397086098601611
310,0.0092704569041018,0.03969607937012
311,0.0091991965601762,0.039821276000043
312,0.009070114502604,0.0399255234649609
313,0.0089395498959455,0.0400713523514139
314,0.0087196865665511,0.0399472611947464
315,0.0085789656741485,0.0397806252905075
316,0.0081882019356013,0.0390365190747716
317,0.0077074029958444,0.0381556291426491
318,0.006940216830012,0.0369597657498254
319,0.0063836240455811,0.0356126080141237
320,0.0060250218845254,0.0345968814170829
321,0.005712449257599,0.0339892752596754
322,0.0054657524859282,0.0335515064933434
323,0.005323900964193,0.0335675943275129
324,0.0053463406584606,0.033417419257649
325,0.0051636740279368,0.0335877338939001
326,0.0049178128675747,0.0336968797343354
327,0.0048992760222308,0.0339101399523524
328,0.0049046326889083,0.0338973835984156
329,0.0047396981190062,0.0337247378018086
330,0.0048342081205816,0.0338740507724065
331,0.0045866857610511,0.0339685990981527
332,0.0042691958330418,0.0339277930677578
333,0.0043312662125828,0.0337446943827718
334,0.0038903602572764,0.0333775374935255
335,0.0037078102928142,0.0331124398400892
336,0.0034456875152834,0.0325693950541567
337,0.0030344736934825,0.0320122776609472
338,0.0029231549712384,0.0314497754811217
339,0.0025034548697347,0.0313667783327203
340,0.0022634276554429,0.0308568456484119
341,0.0020876490936333,0.0305215585423119
342,0.0019451283542163,0.030263993772574
343,0.0016691024913283,0.0303886362664606
344,0.001639190448162,0.0304192479585453
345,0.0015008538593168,0.0303159916927508
346,0.0015835994531503,0.0304891826243979
347,0.0012006153541354,0.0305578649222748
348,0.0012238068805173,0.0302826405051286
349,0.0008925753894767,0.0302178418081518
350,0.0008132311314984,0.0297162426326145
351,0.0005256184393081,0.0292596461221813
352,0.0001861893535414,0.0286474637445424
353,-5.5788474897067175e-05,0.0280617475935711
354,-0.0004195220824772,0.0276232592914881
355,-0.000668103190687,0.0271894824910465
356,-0.0008457500491524,0.0270188892466121
357,-0.0009480797030814,0.0268831834216345
358,-0.0009093000545402,0.0265776691094186
359,-0.0010728350413191,0.0266417573069932
360,-0.0013279462744807,0.0262654779530225
361,-0.0011243898360258,0.0262149952300563
362,-0.0012932869765615,0.0259659165667981
363,-0.001732426512972,0.0258608264403834
364,-0.0018925918261022,0.0251946732786654
365,-0.0018398677064787,0.0252192591761717
366,-0.0018891401145132,0.0249196944549381
367,-0.0022721130457808,0.0247581239578922
368,-0.0024927895135887,0.0246658740389585
369,-0.0023344648837026,0.0247682173143664
370,-0.0024716160720713,0.0244854235649925
371,-0.0025617719425627,0.0245288752387107
372,-0.0026253914047079,0.0248887062527494
373,-0.0028109408026599,0.0246685666759431
374,-0.0029035139407877,0.0247586633172107
375,-0.0029116720915226,0.0248303684400429
376,-0.0031504086243734,0.0247075685629644
377,-0.0032086031433986,0.0248349422857462
378,-0.0034464011850215,0.0248707208917976
379,-0.0036054570158584,0.0244170019505649
380,-0.0038612160305618,0.0236917051199333
381,-0.0039327722147439,0.0231951397683013
382,-0.0043945458175115,0.0224447284786437
383,-0.0044934555211897,0.0215919774354314
384,-0.0047920902884511,0.0210053110901958
385,-0.0049701061960619,0.0208673531075029
386,-0.0050514503620402,0.020513663426701
387,-0.0050697348177664,0.0203293929924726
388,-0.0052431241059537,0.0200905633572528
389,-0.0050896586786409,0.020180479383646
390,-0.0052659895952,0.0200867030468463
391,-0.0050502444478124,0.0199951131628589
392,-0.0054332889206089,0.0198119103180876
393,-0.0052481690737496,0.0197662426888884
394,-0.0054784536760157,0.0197791954252092
395,-0.0053935987938668,0.0196616726016527
396,-0.0056324211895738,0.0196279654198804
397,-0.0056161868193741,0.0196372984110129
398,-0.0055995547316506,0.0197954707380237
399,-0.0055831486651316,0.0197268937981323
400,-0.0057090306114004,0.0200583096630043
401,-0.0056823449172375,0.0199598618513348
402,-0.0057092001149721,0.0199804790496896
403,-0.0057937383867546,0.0199887819163508
404,-0.0059260175964471,0.0199153124557079
405,-0.005844948887971,0.0198480354206078
406,-0.0060153652836841,0.0197192944146953
407,-0.0061102391827817,0.0193222715947448
408,-0.0061600419425511,0.0190430920568427
409,-0.0061397649345049,0.0186433795812387
410,-0.0061137954992432,0.0182195566623983
411,-0.0064063260274018,0.0178507579930714
412,-0.0066034375788741,0.0173625317306458
413,-0.0067227392813816,0.0170348244994138
414,-0.0068878618290728,0.0166920838928247
415,-0.0071743680811527,0.0162573564757263
416,-0.0071954995791702,0.0163494764411585
417,-0.0072383409575779,0.0160149152501798
418,-0.0076231952175312,0.0160454762551826
419,-0.0075540476648562,0.0158585243290971
420,-0.0076900444640358,0.0159085415272384
421,-0.0075885614370223,0.0159374877894556
422,-0.0078924378620852,0.0159743240422652
423,-0.0079056744726889,0.0160033817009655
424,-0.0077932917564038,0.0159898013717346
425,-0.0077079964294802,0.0158248357409615
426,-0.0078279414037003,0.0157308579503911
427,-0.007832562645869,0.0155811881213118
428,-0.0078369906492353,0.0152424546444321
429,-0.007856878156208,0.0152802450115439
430,-0.0076343237574658,0.0152903509175034
431,-0.0079092139911064,0.0151224418621876
432,-0.0077284619418265,0.0149252119524312
433,-0.0079890243638197,0.0149882645966956
434,-0.0078343677841262,0.0149767288891676
435,-0.0080713317612128,0.0148801460768265
436,-0.007938888058156,0.0150787992136922
437,-0.0081439327810639,0.0152068567700832
438,-0.0081221773784704,0.0153635671344105
439,-0.0081571963407637,0.0154776080149483
440,-0.0082588543996525,0.015659302641578
441,-0.0081583306086137,0.0155886563122432
442,-0.0082791263376981,0.0156508188709605
443,-0.00827198895944,0.0157551076990415
444,-0.0083512580430162,0.0158956488578417
445,-0.0082277268936646,0.0159102996684497
446,-0.0082951693812829,0.0159206800260212
447,-0.0084199866143657,0.0159017778587815
448,-0.008199039639765,0.0156890479295499
449,-0.0078267515424825,0.0152258711372363
450,-0.0079642110455044,0.0149685812183047
451,-0.007536957794343,0.0147500030056572
452,-0.0075630923809509,0.0140939494550046
453,-0.0076625305675488,0.0138126194035874
454,-0.0075236641275731,0.0139190123526445
455,-0.0074245454721612,0.0137264961478411
456,-0.0074261787502043,0.0136818522805493
457,-0.0076161972484396,0.013759703189094
458,-0.00738985019158,0.0137584469599695
459,-0.0076534094424786,0.0140242051290196
460,-0.0075880562617825,0.0139357865310836
461,-0.0075752847490637,0.0136556545726184
462,-0.0078435641627777,0.0137647403088553
463,-0.0076763467201926,0.0138595605847196
464,-0.0075920679780992,0.013826323799895
465,-0.0074831949331956,0.0139353096098041
466,-0.007544126822511,0.0136634342265498
467,-0.0075820875238633,0.0136255945198254
468,-0.0075598666026949,0.0138192349896641
469,-0.0077246308833306,0.0136179995126863
470,-0.0076872933540819,0.0137430192612609
471,-0.0077433230606988,0.0137844188443606
472,-0.0073223409925547,0.013798278132559
473,-0.0075123618833194,0.0137707821587236
474,-0.0074594980116677,0.0137821583186732
475,-0.0074417775020216,0.0139248361717977
476,-0.0073303195576308,0.0141133702965636
477,-0.0074121878315004,0.0141757853062952
478,-0.0072610649136256,0.0143366509646679
479,-0.0072213123190257,0.0142457147913708
480,-0.0073411521127031,0.0144559679722092
481,-0.0071470177105911,0.0142367492595022
482,-0.0070993559805368,0.0144502261724415
483,-0.0070307630433129,0.0143796386974123
484,-0.0066918529736684,0.0141821088882779
485,-0.0064590217571316,0.0141577680156507
486,-0.0063415138638387,0.0139232230378166
487,-0.006187089083114,0.0140756362898079
488,-0.0060458847162222,0.01413773929803
489,-0.0060792005241228,0.0140524649572142
490,-0.0060213999287075,0.0139450152304722
491,-0.0058427748140687,0.0141297878493147
492,-0.0060979283277965,0.01417592361363
493,-0.0059776099946734,0.0140940496576967
494,-0.0060362500378097,0.0143587103299016
495,-0.00568588222852,0.0145206806563954
496,-0.0056310970814877,0.0144788084101633
497,-0.0055230650818319,0.0145883590318932
498,-0.0053587642865779,0.0145737672297267
499,-0.0054488553261587,0.0146739511789734
500,-0.0051596711059413,0.0144865180217853
501,-0.0052122764567706,0.0145366636927856
502,-0.0051816079916054,0.0147055620887245
503,-0.0051549178484607,0.0145795226719318
504,-0.0050803830645563,0.0147164615996447
505,-0.0050723854043991,0.014681688825554
506,-0.0048926592560691,0.0148188442845137
507,-0.0050563589940042,0.0147334582749038
508,-0.0051694011807337,0.0148317925580098
509,-0.0048540139686312,0.0148085740573641
510,-0.0049060496016909,0.0151001016580523
511,-0.0049374978686349,0.0149812623370212
512,-0.0048046750744138,0.0152023669606615
513,-0.0047462115991022,0.0152404810122596
514,-0.0046971184709889,0.0152653724159866
515,-0.0044902595192056,0.0154772665535562
516,-0.0042607450756351,0.0152248168633182
517,-0.0041343223768365,0.0152401142393147
518,-0.0037919090659921,0.0152998005303047
519,-0.0036720145948699,0.0152225037387523
520,-0.0033314226897991,0.0153505338269933
521,-0.0030512119232065,0.0153832466147472
522,-0.0028846822934157,0.015616563953247
523,-0.0029680858061764,0.0157343369495117
524,-0.0027499092859214,0.0158575183587068
525,-0.0028764059778339,0.0158229975829328
526,-0.0026250364499333,0.0159280981699838
527,-0.0027201063951719,0.0159697721120748
528,-0.0025323287611362,0.0161150215857312
529,-0.0026831338195182,0.0162520779416746
530,-0.0026943134681322,0.0164239074009489
531,-0.0025855562205992,0.0165622130205827
532,-0.0024973269261851,0.0168226771951882
533,-0.0024353829719775,0.0168636156555049
534,-0.0022943286850773,0.0168546631669148
535,-0.0020579378348023,0.0173095120279252
536,-0.0022696635636743,0.0172404415850538
537,-0.0017370831821562,0.0170404160819559
538,-0.0017464721854875,0.0172887825293737
539,-0.0018128498337693,0.0173291781430797
540,-0.001546874340483,0.017529206663978
541,-0.0014861372747513,0.0176723532564236
542,-0.0011900786636032,0.017766074206519
543,-0.0009306170942482,0.0177387933203827
544,-0.0008862165163577,0.017938732622394
545,-0.0005575109595694,0.0178821953425335
546,-0.0007967238550221,0.0179517065909721
547,-0.0003985456508307,0.0181699791186346
548,-0.0004262798691722,0.0181507745053385
549,-0.0004757789061784,0.0182774548400206
550,-0.0002209778342469,0.0185083431188415
551,-0.0002573322043552,0.0184158830432666
552,-0.0003332955483781,0.0185317073181276
553,-0.0003645459745608,0.0187204679494163
554,-0.0002214951678407,0.018931009098566
555,-0.0001404109994955,0.0189336919428074
556,5.613975201351762e-05,0.0189938509810345
557,-5.948178429612816e-05,0.0192522697055041
558,0.0003589295257479,0.0191716618997754
559,0.0001118286191456,0.0195705728366381
560,0.0005866743334002,0.0198186573760177
561,0.0004720743630495,0.019686063645678
562,0.0006758468630649,0.0199384117250381
563,0.0012236448426612,0.020283077194268
564,0.0012696189808202,0.0205253551812126
565,0.0016880831954144,0.020654858936458
566,0.001967795078401,0.0207214206982483
567,0.0022554175060117,0.0208058086768654
568,0.0025241834364493,0.0211666903524147
569,0.0027309122075862,0.0210002964725975
570,0.002602624934667,0.0214116498504719
571,0.0029251193812689,0.0212381716893294
572,0.0027418188399278,0.0214686224195559
573,0.0026907649847197,0.0214177057524733
574,0.0029042139176756,0.0215258922402646
575,0.0030732140068028,0.0218025303890995
576,0.0030317988838245,0.0217744164568317
577,0.0029343729419275,0.0217952429506863
578,0.0030833764335215,0.0218390570249395
579,0.003255830468,0.0221394065785912
580,0.0034171663210014,0.0221220697295836
581,0.0037559971546503,0.0223323415914205
582,0.0036542507232232,0.02248954311358
583,0.0037598190419698,0.0227004597508099
584,0.003960123472076,0.0230005132908341
585,0.0039984111184838,0.0229517510519887
586,0.0041088664277218,0.0230662362808517
587,0.0044201678857459,0.0232852600498696
588,0.0044880475100872,0.0233982268094306
589,0.0045941708948986,0.0235002868722979
590,0.0047343180463393,0.0236809887651611
591,0.0049062645867745,0.0236046284403871
592,0.0049335934673719,0.0239904334642982
593,0.0050675040660108,0.0240205966147877
594,0.0051373319852073,0.0242528536789288
595,0.005358370150052,0.0243098267505898
596,0.0054379677480401,0.0244688569727863
597,0.0052888456440921,0.024594547895984
598,0.0053499511212867,0.024635962468046
599,0.0055706972746797,0.0247037955863551
600,0.0056749815117887,0.024940846243161
601,0.0053956731506104,0.0249601582232011
602,0.0056455733176572,0.0251663749013226
603,0.0059588779460053,0.0253802437401126
604,0.0060523662733606,0.0254725034875282
605,0.0063094925675283,0.0257326226257967
606,0.0065755839071148,0.0259383288960665
607,0.0070790212127886,0.0263312544518934
608,0.0072093640217186,0.0265167569592763
609,0.007294778266255,0.0267470138578092
610,0.0072950786720882,0.0269459875583429
611,0.0075839080564223,0.0269578382406543
612,0.0076069107261676,0.0271121723511261
613,0.0076885896047126,0.0271427153534127
614,0.0076421541701882,0.0273605096060819
615,0.0079586884073481,0.0274387937481216
616,0.0078637562641381,0.0275521648693657
617,0.0076892961694166,0.0275336520147493
618,0.0079197074312462,0.0274581457820351
619,0.007834960235205,0.0277726777195494
620,0.0080748971427158,0.0279102872239289
621,0.0082698857104807,0.0280631945007645
622,0.0085067955833823,0.028068533847927
623,0.0087499454981118,0.0284033501104735
624,0.0087120604970269,0.0285034139888806
625,0.0090112553315705,0.0285373820103535
626,0.0091947475840316,0.0287317644147254
627,0.0093297385013338,0.0291789344746586
628,0.0093135330935036,0.0291514251934895
629,0.0094687869321644,0.0293943025030693
630,0.0094964220490399,0.0293894362616347
631,0.0098986744003009,0.0294217079983388
632,0.0098328892602342,0.0297231122507836
633,0.0098515217834661,0.0295401701109947
634,0.0097418150274791,0.0296329143216641
635,0.0098828189026705,0.0298999373413766
636,0.0098680434709702,0.0299141607425587
637,0.0100531348444778,0.0300590971094359
638,0.0101728920841193,0.0301854332360105
639,0.0100247408544396,0.0302950138920529
640,0.0102454366049939,0.0303967756518969
641,0.0104683986273406,0.0304237320392067
642,0.0104196542645172,0.0306440665671526
643,0.0105154003019416,0.0308246591487869
644,0.0108395434661777,0.0309890859951153
645,0.0108402994237236,0.0311677449131793
646,0.0111732663798143,0.0313452542041639
647,0.0113649789772449,0.0315326828615129
648,0.0115531562561868,0.0315578346537018
649,0.0114496863997944,0.0315361764105771
650,0.0118950195689347,0.0318071766961643
651,0.011867521245101,0.031888752454456
652,0.0119124484417369,0.0319169456125579
653,0.0122553254031672,0.0319341809789113
654,0.012277212103551,0.0320015516415345
655,0.0122141609458527,0.0323061104662854
656,0.0122653314130964,0.0321644862034888
657,0.0124285570805043,0.0324690393544586
658,0.0124178718022719,0.0324936091616378
659,0.0125015431864806,0.0326650319851232
660,0.0125166060651349,0.0325593423544171
661,0.012689855893239,0.0328610550667924
662,0.0126694670478926,0.0328696456856836
663,0.0129576452274025,0.0330745358390899
664,0.0129738222504177,0.0331010252180068
665,0.0128763428616827,0.033481405068123
666,0.0130490470880821,0.0334183398341414
667,0.0130339424668135,0.0334119270070967
668,0.0131015792893648,0.0336229822144938
669,0.0133169650634758,0.0336003150392408
670,0.0131027359123718,0.0338955347181852
671,0.0132739584740179,0.0339905176406763
672,0.013366041000383,0.0341998647471376
673,0.0136186980211281,0.0341862236512853
674,0.0137724241780127,0.0342955913281756
675,0.0138326019703426,0.0345108040479908
676,0.0139222419989398,0.0346862915415183
677,0.0139835172752169,0.0350697130837994
678,0.0139788226205484,0.0348496680928237
679,0.0142510675656499,0.0350720922282417
680,0.014185639749979,0.0350677226900973
681,0.0144976028784994,0.0352174107683064
682,0.0145138668343541,0.0351183781877888
683,0.0148916241262521,0.0355606705929571
684,0.0147593301795629,0.0356790133555111
685,0.0152092958164989,0.0357910745514796
686,0.01517970991701,0.0359077066975825
687,0.0152659625660122,0.0359774468425969
688,0.0153954172529067,0.0360584426662415
689,0.0154432592711161,0.0361166413780817
690,0.015119159117635,0.0362683550164542
691,0.0153954475678624,0.0360012485854994
692,0.0152125209190647,0.0361052797787955
693,0.0154122550410623,0.0363025246184839
694,0.0153967241407252,0.0362034766474471
695,0.0151327898264616,0.0363064303322383
696,0.0153389427078508,0.0364175270621208
697,0.0154537270952956,0.0365833952481229
698,0.01556045109968,0.0365595801221105
699,0.0157132398203398,0.0368814313770151
700,0.015622347905641,0.0369324707155933
701,0.0157347794729514,0.0368166020951833
702,0.0159065428317637,0.0370830068219363
703,0.0157477831905595,0.0372677231184849
704,0.0160636656565503,0.0372967695231238
705,0.0158553659354284,0.037408163089012
706,0.015679606531131,0.0373687187833911
707,0.0159020688456178,0.0373944074868207
708,0.0158222992566509,0.0375034243374117
709,0.0157196043064449,0.0373953469305788
710,0.0158420651977683,0.0375986639867896
711,0.0160769938224538,0.0376900450324036
712,0.0162195578694134,0.0377470170035404
713,0.0165797424244848,0.0380805674454197
714,0.0168495024702862,0.0380687122117162
715,0.016997882086086,0.0379382156639349
716,0.0174194034867469,0.0382676017636849
717,0.0171648632076005,0.0382387138939183
718,0.0173353750440686,0.0385215571737915
719,0.0173304940606895,0.0385848387899958
720,0.0176776481181458,0.038572646734163
721,0.0174246090731954,0.0387250273023402
722,0.0174175948786092,0.0385197959944728
723,0.017504979083122,0.0389056267139095
724,0.0172960335313887,0.0388141589669209
725,0.017392110507806,0.0388349503579468
726,0.0172862047563477,0.0387274956367713
727,0.0172495261850013,0.0390169975173592
728,0.0174618393216614,0.0387900652129458
729,0.017029328790074,0.0389884417375096
730,0.0174986585098485,0.0389423650053754
731,0.0171423938964787,0.0389820702308392
732,0.0174148361613712,0.038976390927806
733,0.0174760510707686,0.0390564034606216
734,0.0175868887166177,0.0390845574552743
735,0.0174961997762474,0.0392592497921532
736,0.0174795793449513,0.0393838167800436
737,0.0174369403141998,0.0393675871257346
738,0.0173653622717174,0.039524464833742
739,0.0171035333015611,0.0397057293060408
740,0.0175138707842174,0.0394142721418134
741,0.0175246490115049,0.03986887278365
742,0.0177794545126184,0.0397194740851185
743,0.0174904538482035,0.0395810014315588
744,0.0177594616298283,0.0397762358035229
745,0.0179366976399592,0.0399069028176559
746,0.0177895538396887,0.0396904849515696
747,0.0177850246873513,0.0399970723786665
748,0.018104527038667,0.0398951614679849
749,0.017819148946885,0.0399428202840609
750,0.0179744811629417,0.0401344640867946
751,0.0178121837336134,0.0401569071294414
752,0.0177142773407159,0.0401590312756111
753,0.017949830817752,0.0402025247901002
754,0.017902900907827,0.0402450361129779
755,0.0177339906525805,0.0402257998791968
756,0.0177836269923677,0.0402963873185283
757,0.0174959043664518,0.0400197257555084
758,0.0177638970131956,0.0404175338093948
759,0.0177217772148897,0.0404269920261131
760,0.0175875488171483,0.0405027982009915
761,0.0178753720236614,0.0405656410477523
762,0.0179581804710189,0.040892195664091
763,0.018077079895949,0.0409086290423575
764,0.0184148061355369,0.0410330109695708
765,0.018396157127448,0.0413111790274453
766,0.018741565210156,0.0413057421924213
767,0.0189160372231717,0.0413938896357096
768,0.0187211113366463,0.0415446428475826
769,0.0188611976034542,0.0412209209456855
770,0.0187840069457281,0.0413595368320883
771,0.0187773349093002,0.0414808173574559
772,0.0187690144422444,0.041255061567564
773,0.0185284159951242,0.0414366495033877
774,0.0187677520212454,0.0413338589012031
775,0.0184614113769113,0.0410807360926969
776,0.018488501706399,0.0410780886256663
777,0.0183412093113495,0.0412301558984542
778,0.0187046932517524,0.0411647204590633
779,0.0184306078982991,0.0411562944218225
780,0.0185989147259892,0.0412356376971155
781,0.0186085654143995,0.0411396064915341
782,0.0184301176479547,0.0413440561080334
783,0.0186693062161983,0.0413548677460952
784,0.018650473814069,0.0414985013019
785,0.0185337104811249,0.0414957844432372
786,0.0185469013948095,0.0413733852487534
787,0.0186123517727243,0.0414951473660394
788,0.0187644784339629,0.0414587810796679
789,0.0186065747044055,0.0413920696718465
790,0.0189464251170044,0.0415878790226254
791,0.0189062872120641,0.0415942458101024
792,0.0188034157375285,0.0415058846106417
793,0.0185510162857682,0.04161382893105
794,0.0187341475085581,0.0413999239012532
795,0.0188422696674007,0.0416079152272572
796,0.018697502543468,0.0415187439805271
797,0.018607019027006,0.0415809904319431
798,0.0187734470176236,0.0416724294520426
799,0.0186518120245814,0.0415213322112684
800,0.0186166547670821,0.0415490247802199
801,0.0185734667614643,0.0416294960304873
802,0.018739205686969,0.041604699632024
803,0.0186654086745708,0.041517430958212
804,0.018512597743802,0.04157609731352
805,0.0185278258151231,0.0416535901627584
806,0.0186698035732911,0.0417275261827685
807,0.018785293915037,0.0416338004524178
808,0.0187624575493519,0.0415789907528792
809,0.0187018804977777,0.0416651013679132
810,0.0187838970946955,0.0415259490841578
811,0.0187355316887564,0.0416942173739068
812,0.0185984340071981,0.0418856561471909
813,0.0186130906670098,0.0417413403199034
814,0.0186636298566301,0.0416581086929007
815,0.0185042938787739,0.0416771958713861
816,0.0187107611507175,0.0418592322652118
817,0.018501462404582,0.0416255583891823
818,0.0186081963876183,0.0417068250633576
819,0.0184398426854958,0.0416616146545738
820,0.0185054327727447,0.0415232483333873
821,0.0184859111329188,0.0417199131737963
822,0.0186221989764256,0.0415572410197909
823,0.0184912901302061,0.0415184828221733
824,0.0184800313380087,0.0415304270388728
825,0.0185040053606677,0.0415090532352639
826,0.0184212601763758,0.0416821222844837
827,0.0184282703809591,0.0411815817677506
828,0.0184219573873444,0.0414361781975842
829,0.0185025255407148,0.0415030314903235
830,0.0182264384858088,0.0414485524273207
831,0.0183997823915167,0.0413619420251439
832,0.0182711298457065,0.0414394186100516
833,0.018386708455487,0.0414227820183192
834,0.0182927426474719,0.0413771966965597
835,0.0184583753680392,0.0413943121020509
836,0.0183401452674666,0.0414469378499162
837,0.0185441464266186,0.0414872928034975
838,0.018456162780193,0.0413767284367747
839,0.0183508973560373,0.041365554852751
840,0.0184505293030423,0.0414202405667218
841,0.0183464546913911,0.0414384706065981
842,0.018131451612809,0.0412909910132334
843,0.0181426707808083,0.0413877195407466
844,0.0181812952309325,0.041125064356848
845,0.0181679974562939,0.0410884222618415
846,0.01802716197252,0.0410936221056053
847,0.0181575064161784,0.04106492613763
848,0.01799077451318,0.0409747638830492
849,0.0180720142126576,0.0409715892822025
850,0.0181068044871975,0.0409488898909568
851,0.0181256648330684,0.0409770575810271
852,0.0181014715704501,0.0408779621402951
853,0.0179235296398248,0.0407487377506608
854,0.0180729101515844,0.0408448205587925
855,0.0181529906639045,0.0405822184103132
856,0.0179955611946766,0.0408277490607721
857,0.0177808331868057,0.0407045691834678
858,0.0178352263084238,0.0405893741697601
859,0.0177708477531006,0.0405812709293789
860,0.0175550885400537,0.0405773439907374
861,0.0177019627616358,0.0404908356126643
862,0.0177205681471289,0.0406846905275786
863,0.0175584700890704,0.0404975040940451
864,0.0177374603126473,0.0406211025075157
865,0.0175563969677153,0.0406754980644372
866,0.0176095204314788,0.0407023297115685
867,0.0176951935081861,0.0404440307164757
868,0.0177021778293184,0.0403836504678295
869,0.0174566454537796,0.0404413163757002
870,0.0177423440680771,0.0403117615718496
871,0.0176422612174306,0.0404560740039228
872,0.0174893477434512,0.0403564690017021
873,0.0174942543863538,0.040271496723485
874,0.0172835338447222,0.0401459660905339
875,0.0173436802456335,0.0401893458472372
876,0.01726778294483,0.0402533970613927
877,0.0174006097268853,0.0401154958244852
878,0.0171758933053695,0.0399038645519614
879,0.0171704652457918,0.0398198751167173
880,0.017161962532265,0.0397371383127435
881,0.017323485630368,0.0397357804721247
882,0.0171214367711153,0.0396895613087211
883,0.0170537562153085,0.0397820164617025
884,0.0170307175536849,0.0395590719958102
885,0.0172389248070667,0.0394769904016171
886,0.0172964160265057,0.0394801742957836
887,0.0171458468934275,0.0394728412213133
888,0.0169210654176569,0.0395622010634743
889,0.0168454979884371,0.039123132833162
890,0.0169300732321979,0.0395025377285278
891,0.0167521140530952,0.0392988510002866
892,0.0167552885863366,0.0391994354267293
893,0.016674438698311,0.039363661913961
894,0.0168126603867135,0.0393149204961368
895,0.0166004940806703,0.0392701647356953
896,0.0167131134112402,0.0392432258391762
897,0.0166811315491609,0.0389924185746731
898,0.0165261212662533,0.0391613646304085
899,0.0166362339184157,0.0390660370840811
900,0.0165457121935623,0.0388825123427958
901,0.0164741505117311,0.0388023107432789
902,0.0163069739251933,0.0386893067520936
903,0.0167076174185574,0.0386243934658473
904,0.0164928102088736,0.0388032587114007
905,0.0166394601573905,0.0386995535026766
906,0.0164402754051739,0.0388271430207672
907,0.0164281328918928,0.0386160087370335
908,0.0164056316652093,0.0384980652012173
909,0.0163674555057101,0.0386152893943044
910,0.0163275484269966,0.0385495496287154
911,0.0160877486757722,0.0385422471484905
912,0.0162460204319295,0.038410231429473
913,0.0163888160433764,0.0384709888508871
914,0.0162215209269092,0.038435127930273
915,0.0161371030515437,0.0383562157921205
916,0.0162238473306094,0.0384444492411173
917,0.0161082234110255,0.0384513496146256
918,0.0161702973733739,0.0382990433828457
919,0.0161063884319727,0.0380968913489779
920,0.0160988580349461,0.0381991691493822
921,0.0160295002519475,0.0379718784205561
922,0.0159310862359547,0.0378998918651701
923,0.0160536472575879,0.037868535938057
924,0.0159179734721542,0.0377511440329675
925,0.0157717350738588,0.0374767596464004
926,0.0157737070149064,0.0376366677166905
927,0.0156817780817533,0.0374537678163542
928,0.0157279525951624,0.0375246869522259
929,0.0155355392102587,0.0375453506655861
930,0.0155066685165841,0.0373967357322915
931,0.0155176539870666,0.0372953658766798
932,0.0153938540945899,0.037390615835878
933,0.015501071260595,0.0372083907833168
934,0.0153187043126586,0.0372030109342326
935,0.0152983384130194,0.0369415798390289
936,0.0152480918586245,0.0369427305833857
937,0.0151286339811716,0.0369280336883656
938,0.015289089047153,0.0368961555105161
939,0.015142992170082,0.036863251173998
940,0.0148771559031233,0.0367959199473006
941,0.0150570020787836,0.0366967769188928
942,0.0147575372029992,0.0368166372881016
943,0.0148912280166955,0.0367238749902102
944,0.0147746505958236,0.0367314199965434
945,0.014781032651396,0.0364349955145472
946,0.0146366620295192,0.0364396595878708
947,0.0148520254114284,0.0365884182964408
948,0.0147421388534832,0.0363785363417679
949,0.0145310376786285,0.0365501616842147
950,0.0144535521516758,0.0363197697164584
951,0.014655690894553,0.0361755150641097
952,0.01446333266447,0.0362613216893937
953,0.0145009317539484,0.0361808946912102
954,0.0142270788908482,0.0363230088051886
955,0.0145365611383972,0.036221749403741
956,0.0143192173466598,0.0360963472067994
957,0.0142076456088945,0.0359672420846376
958,0.0142761567721842,0.0361049963808109
959,0.0141697599413589,0.0358930438152097
960,0.0140658947567484,0.0358750905447313
961,0.0139991694942073,0.0358470649633179
962,0.0137628754651408,0.0357996177019894
963,0.0139419683165299,0.0355968678288758
964,0.013928543730957,0.0354535352492449
965,0.013745565410183,0.03551567785589
966,0.0136838192924867,0.0355654527265323
967,0.0137763462864825,0.0350796542237026
968,0.0136421550172762,0.0353398793013291
969,0.0138066982457013,0.035156260950584
970,0.0137190095683452,0.0350808214998975
971,0.0135699146175753,0.0348651001149681
972,0.0134639357615654,0.0347860060987729
973,0.0136063090371087,0.0346780782705236
974,0.0135492524626498,0.0348330587983128
975,0.0132630544885639,0.0347359143206044
976,0.0133177953263906,0.0345916061893961
977,0.0133597489236157,0.0344570032939728
978,0.0133327317637005,0.0344205974609017
979,0.0130758574661125,0.0346248715540236
980,0.0132200253863558,0.0344028491744449
981,0.0132048316089856,0.0342723132357943
982,0.0131759342827354,0.034234421187866
983,0.0130736964847852,0.0340291612161153
984,0.0131029143512588,0.0340975693754205
985,0.0129231130394573,0.0341670530178782
986,0.0130617450216837,0.0338463187677426
987,0.012741913906524,0.0341013320864113
988,0.0129709606388875,0.033896864972398
989,0.0129601810000452,0.0340332436613065
990,0.012899290107676,0.0337186777258021
991,0.0125914409036683,0.0337980499846071
992,0.0128079226746112,0.033669100370986
993,0.0126434236475427,0.0337250577637687
994,0.0127770241860859,0.0336438636834093
995,0.0125018233905047,0.0335960360872526
996,0.0123744738977563,0.0334520506694952
997,0.0123355462815424,0.0334240690611451
998,0.0122806430523683,0.0335020984299798
999,0.0123802169570343,0.0331021002691824
1000,0.0120789723175291,0.0333010986696919
1001,0.0122053417005255,0.0331155664606202
1002,0.0120526003642001,0.0330050996562459
1003,0.0120003276038405,0.032802255507388
1004,0.0118858465519125,0.0330020777013551
1005,0.0119496062781312,0.032731202461896
1006,0.012063518989533,0.0328331458491465
1007,0.0117805999305518,0.0327108027595772
1008,0.0120124984786258,0.0325720095857048
1009,0.0116766741369742,0.0325865943068143
1010,0.0117891828647966,0.0323298008465114
1011,0.0116283790567892,0.0325002780459233
1012,0.0115782975454628,0.0323449831822326
1013,0.0116536580012309,0.0322782019686181
1014,0.0115169508325058,0.0321141514541979
1015,0.0116174346857955,0.0320836143239678
1016,0.0115712263169829,0.0320936276766917
1017,0.0113510141289326,0.032009273547403
1018,0.0114942554123637,0.0317769982594273
1019,0.0115082689670718,0.031562325640533
1020,0.0114009141314797,0.0316857431540608
1021,0.011493433882756,0.0316189361988619
1022,0.0111746869369326,0.0316107417092336
1023,0.0112913544490288,0.0314264920548576
1024,0.0110553778131787,0.0315467026407375
1025,0.0110217418212958,0.0314237665397034
1026,0.011080810969863,0.0311406207788032
1027,0.0108238428681086,0.0311447154707222
1028,0.0108048607678374,0.0310439684609805
1029,0.01074907486066,0.0308489282301027
1030,0.0106733929781392,0.0309382591935556
1031,0.0106866264919442,0.030986293301686
1032,0.0108027085140078,0.030931425039657
1033,0.0104872178976009,0.0308216238090781
1034,0.0105636985048432,0.0307147533041938
1035,0.0104091015775875,0.0306049198781058
1036,0.0106402948903579,0.0304970391544958
1037,0.0104159273587931,0.0304045765915569
1038,0.0103397752398297,0.0305499762819361
1039,0.0101339567318898,0.0302134992526744
1040,0.0102747645750728,0.0302557801651499
1041,0.0101158865082504,0.0301128196054664
1042,0.0103224303847804,0.0302002272321693
1043,0.0100289461625168,0.0300474153163964
1044,0.0102668547994618,0.029953881543022
1045,0.0099048962972683,0.0299935056151919
1046,0.0100252169502844,0.0299063188990117
1047,0.0098159400960152,0.0298593611945487
1048,0.0099307600153544,0.0298471720357818
1049,0.0098119448328191,0.0297045060905561
1050,0.0098189764167928,0.0297173394605351
1051,0.0097491652364691,0.0295410375521525
1052,0.0098471650958565,0.0294673440078859
1053,0.009569533368673,0.0295216691690106
1054,0.0096072949011687,0.0294324201719012
1055,0.0094037956847449,0.0293296494865455
1056,0.0095609472562296,0.02915484411651
1057,0.0092551953981562,0.0291381749989052
1058,0.0093378640390476,0.0290181481043534
1059,0.009397034422557,0.0292006516453057
1060,0.0094721263983938,0.0290351831157701
1061,0.0091729955128283,0.0289853201035592
1062,0.009360049581198,0.028992079812933
1063,0.0093431134663408,0.028827520281539
1064,0.0092917277789152,0.0289055356803929
1065,0.0092654373777272,0.0288734064138637
1066,0.0090979309700618,0.0287211286196605
1067,0.0089918370120206,0.0288605932688232
1068,0.0091173617729503,0.0286720026650121
1069,0.0089487399182655,0.0287428976499502
1070,0.0089755285521123,0.0283638925716618
1071,0.0088115494292589,0.0286676260343216
1072,0.0085698654550746,0.028566699575427
1073,0.0087590382859045,0.0282758221658059
1074,0.0084535267294517,0.0284616150096246
1075,0.0085249815451667,0.0282703395444038
1076,0.0085386851947895,0.0281518811099367
1077,0.0082481602719329,0.0279493615143758
1078,0.0084532556874885,0.0278324328019137
1079,0.008115366711813,0.0278584120435554
1080,0.0083041181690529,0.027980832543783
1081,0.0082160662375707,0.027882117140588
1082,0.0081880229503815,0.0278557710055136
1083,0.0083188055955933,0.0276494067436929
1084,0.0082480346168585,0.0277757396939014
1085,0.0078652558697543,0.0277530129199207
1086,0.0079892671857367,0.0275254257953493
1087,0.0080289630191671,0.0277308708795198
1088,0.0079298949404036,0.0275624458461798
1089,0.0079265715776929,0.0274880871030128
1090,0.0079165163176646,0.0274751868917102
1091,0.0082458679058231,0.027358016388051
1092,0.0078968407470574,0.0271838074019801
1093,0.0080239069893844,0.0270534189513047
1094,0.0078493212570424,0.0271313454376755
1095,0.0077680570258059,0.0269841288542891
1096,0.0077855084431974,0.026925290448533
1097,0.0075964665187521,0.0270144117024408
1098,0.0075746421245637,0.0268739294328033
1099,0.0073526074958397,0.0267604203912835
1100,0.0073610018314632,0.0266088801645386
1101,0.0074269523127465,0.0267169441617566
1102,0.0073984425130795,0.026543468177729
1103,0.0073588545472357,0.0266075636942241
1104,0.0073827171038944,0.0266344504310394
1105,0.0074855567657911,0.0263499975210055
1106,0.0074902329259932,0.0265208949634485
1107,0.007313564945382,0.0265596729936856
1108,0.0074611676532685,0.0265315035831932
1109,0.0070672912480236,0.0265558654397753
1110,0.0070286840977113,0.0265241559077431
1111,0.007141645947737,0.0264222455763434
1112,0.0068029059422958,0.0264069848813719
1113,0.0068794954912723,0.0264296511261477
1114,0.0069251136479391,0.0262943503027701
1115,0.0068961098385448,0.0262767566408221
1116,0.0068657205629935,0.026064669307585
1117,0.0066615752955312,0.0261073813082614
1118,0.0066104341854362,0.0259452393861988
1119,0.0064182919315038,0.0259102815900677
1120,0.0065330134003044,0.0259313478333232
1121,0.0064768350018145,0.0260244811886463
1122,0.0064488798924761,0.0256864684542564
1123,0.0063707132073406,0.0255998898677581
1124,0.0063978571608027,0.0256118665064096
1125,0.0063576015473451,0.0254598341873983
1126,0.0063941095422886,0.0255455038681224
1127,0.0065605615025496,0.0254383813464806
1128,0.0061913484809353,0.0255892111098834
1129,0.0062353514162929,0.0254339026246697
1130,0.0062169064548844,0.0253743650491845
1131,0.0063431877876928,0.0253934988462489
1132,0.0060556200911907,0.025501754520742
1133,0.0061274935281408,0.0253807552199344
1134,0.0060838145484009,0.0255008221338308
1135,0.0060367185897369,0.0252882080955169
1136,0.005769223495368,0.025054381625045
1137,0.005892035949874,0.0252339436153827
1138,0.0056655701441531,0.0251139255863133
1139,0.0056539559758536,0.0252050046467828
1140,0.0058756255347008,0.0249506069506816
1141,0.0056153984033494,0.0250259464972401
1142,0.005502514858243,0.0250312091314353
1143,0.0056788616704789,0.0249705025444011
1144,0.0053895549066825,0.0249627049738493
1145,0.0053795806715009,0.0248779179500792
1146,0.0053245485708834,0.0249076239126749
1147,0.005304573545709,0.025055298659129
1148,0.0053550266535568,0.024801697117727
1149,0.0056525514519891,0.0250418398655609
1150,0.0053478764994615,0.0249454220289979
1151,0.0053510600562369,0.0247329970841601
1152,0.0054166209853061,0.0246914307574111
1153,0.0053951921734632,0.0248115330284469
1154,0.0053642073375011,0.0248679442795662
1155,0.0053628050581391,0.0249156579039391
1156,0.0051763499186192,0.0246030782338457
1157,0.0052300096096018,0.024945536254375
1158,0.0051197208301227,0.0247412592039644
1159,0.0051290527885501,0.0248486428749495
1160,0.0051383648035508,0.0247673914141187
1161,0.0051388562613249,0.0248111300441967
1162,0.0051511185352496,0.0247752274598388
1163,0.0049050220629284,0.0247287993538178
1164,0.0051290192142486,0.0245779868936525
1165,0.005043485373961,0.024754373141228
1166,0.0051181644430917,0.0246583292821648
1167,0.0050640729398565,0.0248306066606857
1168,0.004893343300665,0.0247167823802473
1169,0.0049395963811268,0.0247785890041737
1170,0.0048067066570613,0.0245385047563058
1171,0.0047900432621321,0.0245301629649422
1172,0.0046915384859994,0.0245571179883958
1173,0.0046245129344802,0.0244010114493019
1174,0.0045899738744851,0.0245274215201351
1175,0.0044976605982519,0.0243099084372546
1176,0.0043477416243823,0.024341218701607
1177,0.0042045430988786,0.0241169163794353
1178,0.0042789155961848,0.0242701610029989
1179,0.0044162890718329,0.0241439374997456
1180,0.0043633462640743,0.0243874170194523
1181,0.0043826884542662,0.0241994346525616
1182,0.0043200836411542,0.0242912610027066
1183,0.0046846506571775,0.0243652900432701
1184,0.0042864519695229,0.0240952555181577
1185,0.0045634787811894,0.0241205988425818
1186,0.0044452044320485,0.0240927062038536
1187,0.0043245068999072,0.0242228572621807
1188,0.0042915428637797,0.0239725236647395
1189,0.0044554203021401,0.0240047798386217
1190,0.0043380655006324,0.0240637093026772
1191,0.0043079964995862,0.0239026646168483
1192,0.0043017275826196,0.024081762518117
1193,0.0041097309777153,0.0239598335213605
1194,0.0043457878582947,0.0240559590202105
1195,0.0042081211442939,0.0240031902879291
1196,0.0041752873334584,0.0240431136239234
1197,0.003890541401372,0.0239508583515605
1198,0.0040333847965676,0.0240112485210936
1199,0.0040952514359302,0.0240381299331631
1200,0.0041398890882543,0.0239729393725307
1201,0.004181918475323,0.0240862649090045
1202,0.0041225637729873,0.0240937650983719
1203,0.0040537010122452,0.0243464666833411
1204,0.0039926581803196,0.0239987875944885
1205,0.0042016932330116,0.0240435723059514
1206,0.0040164191240888,0.0239379650953459
1207,0.0039132979269994,0.02400606480587
1208,0.0038923162647646,0.0239237877292239
1209,0.0041131781220136,0.0240712911498515
1210,0.0039676077460573,0.0239101691459392
1211,0.0040756308479577,0.0238364457904214
1212,0.004050394403599,0.0240340742519973
1213,0.0038762564053082,0.024068755629625
1214,0.0037295163235016,0.0238445271281778
1215,0.0037812927969783,0.0239232220010679
1216,0.0036622783717078,0.0238407263103462
1217,0.0037507082637986,0.0237226616190179
1218,0.0037067097605551,0.0237497352921014
1219,0.0036308021215301,0.0237728818976948
1220,0.0036432758795745,0.0240432893080542
1221,0.0037210084775123,0.023816498956493
1222,0.0035917016910448,0.0239044290593665
1223,0.0037261238197869,0.0237539632757701
1224,0.0035286876096275,0.023877588620741
1225,0.0033446155726196,0.0237361788986162
1226,0.0037954919034268,0.0238749914295678
1227,0.0036479862772627,0.024064764745644
1228,0.0036183199509104,0.0237999098918958
1229,0.0037089547637378,0.0237844769275117
1230,0.003680247238708,0.0239263557269615
1231,0.0036509720435232,0.0239180809142872
1232,0.0035338514749794,0.0240547833356274
1233,0.0035983841262864,0.0239437129140618
1234,0.0034737489649687,0.0240478568967512
1235,0.0035395018471194,0.0240532370519326
1236,0.0033956115183801,0.0240252894700949
1237,0.0036216718149125,0.0239668932651602
1238,0.0033912571643633,0.0238440869756679
1239,0.0035178861042894,0.0239808538961602
1240,0.0035194887601706,0.0242564638962174
1241,0.0033421970891352,0.0239763149540675
1242,0.0032741006945029,0.0241014127187454
1243,0.0034333422758124,0.0241253497699093
1244,0.0035461421297475,0.0241125888190553
1245,0.0031014165510548,0.024102160510734
1246,0.0031027349334554,0.024079327523774
1247,0.0032486877705475,0.0242030133725067
1248,0.0033146098410808,0.0241562498015693
1249,0.0031431153352277,0.0243725134575903
1250,0.0030979997536403,0.0241574141853636
1251,0.0030361558985143,0.0243212004536482
1252,0.0030213921763207,0.0242296841728892
1253,0.0032092627986589,0.0244127392964625
1254,0.0031356395831017,0.0244331267219259
1255,0.0030410619540326,0.0244186323922669
1256,0.0030366504926727,0.0245473142450466
1257,0.0030095672549075,0.0246099944111854
1258,0.0029116982082415,0.0246405842047778
1259,0.0028388372127061,0.0243490251631902
1260,0.0028649395391863,0.024524999775507
1261,0.0030241543702009,0.0247716319837928
1262,0.0028700464006713,0.0247511063843542
1263,0.0028268090386801,0.024564738929005
1264,0.0027460223062227,0.024653414526333
1265,0.0029144251906555,0.0246342612617566
1266,0.0026825519061127,0.0245697534330853
1267,0.0027078062923822,0.0246438267056848
1268,0.0028100726346264,0.024821340128026
1269,0.0028336178355064,0.0248807258116854
1270,0.0030472929158673,0.0248606572326149
1271,0.00282566521541,0.0247205464324067
1272,0.0025885404933539,0.0249256019195587
1273,0.0026560703596848,0.0249862227135148
1274,0.0028191224997555,0.0250169831443108
1275,0.0025459042059202,0.0251181157726834
1276,0.0026829141221118,0.0250958903875385
1277,0.0030587291149176,0.0252252669510002
1278,0.0028633750741692,0.0250729440996684
1279,0.0027786121135209,0.0252893737458724
1280,0.0026536734710183,0.0253910456789276
1281,0.0027895317385716,0.0253406481450826
1282,0.0024252898178881,0.0252996504552658
1283,0.0027128844183498,0.0252558415019187
1284,0.0026314278584747,0.0254139605419014
1285,0.0026320734808298,0.0255523306859969
1286,0.0025764209812522,0.0256119688117539
1287,0.002645188283579,0.0255405134823953
1288,0.0027332280401122,0.0255948598480459
1289,0.0026929565320683,0.0256281488469551
1290,0.0026655988700159,0.0256496239067146
1291,0.0025628178843483,0.0255526186644502
1292,0.0026112704081971,0.0256999278583299
1293,0.0026411274812416,0.0258644072177626
1294,0.0027483775358321,0.025883547339998
1295,0.002727536635654,0.0258848722176495
1296,0.0025067250760833,0.0258232248398818
1297,0.0026051148845279,0.0259173888935937
1298,0.0026419895207555,0.0261071392645929
1299,0.0025351388696794,0.0258753261559852
1300,0.0025559723518465,0.0262092018822942
1301,0.0026394109317318,0.0260207592638229
1302,0.0027532932018101,0.026124123193857
1303,0.0025864153883409,0.0263068714703717
1304,0.0026164202516115,0.0262528262971672
1305,0.0025546684861644,0.0262814240849947
1306,0.0025211025210113,0.0263156380526768
1307,0.002580612419831,0.0263848677282163
1308,0.0024746281719763,0.026430283548203
1309,0.0024996812601808,0.0264008394140311
1310,0.0026785560091024,0.0264861971152253
1311,0.0024528295230729,0.0265026465276936
1312,0.0025007336418689,0.0267104833419551
1313,0.0024851717408238,0.0268286560641984
1314,0.0024308550309248,0.0267938054173315
1315,0.0023325395588951,0.0266150586420192
1316,0.002432352537634,0.0268634646554536
1317,0.0024090123308808,0.0267189295958563
1318,0.0026523921153605,0.0270543971259826
1319,0.0024522247815488,0.0269673991679772
1320,0.0023779678558475,0.0268780758667896
1321,0.0023521463005779,0.0268576445911512
1322,0.0025349413139609,0.0269909254345419
1323,0.0023969480300797,0.0271039797161438
1324,0.002557194654133,0.0271573948631511
1325,0.0027300187205948,0.0271532253028951
1326,0.0024521708070809,0.0270331456834575
1327,0.002508492090759,0.0272270755364182
1328,0.0025808927842613,0.0271513275236613
1329,0.0025378681355603,0.0271896832382578
1330,0.0025098964278318,0.0271873817053369
1331,0.0023158372792998,0.0272793399829431
1332,0.0023451174430721,0.0273229275628831
1333,0.0025088930676736,0.0273751844492528
1334,0.0023700111674223,0.0276143158081372
1335,0.0026038626491513,0.027679321739553
1336,0.0025146888038099,0.027606496978826
1337,0.0025093436561764,0.027725242599071
1338,0.0022647598646028,0.0277552938119585
1339,0.0024911263207466,0.0278800348684624
1340,0.0024178912492902,0.0279225900595977
1341,0.0024171694655199,0.0279066916295421
1342,0.002503311985632,0.0279868473143445
1343,0.0024522312578885,0.0281057468439926
1344,0.0025070963280979,0.0280052698217858
1345,0.002344008284323,0.0281698971015252
1346,0.0022293115429503,0.0281639594294155
1347,0.0022386977510222,0.0281820421964463
1348,0.0023872398858449,0.0281919010390095
1349,0.002396470554582,0.0282644074395007
1350,0.002362525693833,0.0283390628269065
1351,0.0023104792318221,0.0285119057920794
1352,0.0022460662461264,0.0284860664451195
1353,0.0021567849208192,0.0283973206465087
1354,0.0024162652060441,0.0284553806174496
1355,0.0022253233790813,0.028404014528429
1356,0.0021901859438487,0.0285743834997093
1357,0.0022325087303902,0.0284648403017994
1358,0.0022518875943507,0.0285349242559148
1359,0.0022521173746615,0.0286738805824619
1360,0.0024807012389671,0.0286443744480935
1361,0.002158207905743,0.0288801582297623
1362,0.0022126849278015,0.0287953254560624
1363,0.0022394086807457,0.0288272654083286
1364,0.0023867317623726,0.0289220736209959
1365,0.0023064403920621,0.0289115316819358
1366,0.0021118453101554,0.0287894324327806
1367,0.0020848172773216,0.028889490669227
1368,0.0022416825128895,0.0288642746604842
1369,0.0021723679157174,0.0290462065494442
1370,0.0022288799772754,0.0291354339329588
1371,0.0020609595332224,0.0289578090260097
1372,0.0020469780362049,0.0291751036989078
1373,0.0021648665551564,0.0290582640774935
1374,0.0020590053745869,0.0292414946433199
1375,0.002050331393859,0.0293095256338178
1376,0.0020085152319047,0.029198994733024
1377,0.0021263774864286,0.0293028821524219
1378,0.0021793378347248,0.0296103860427041
1379,0.0019247340283736,0.0293687645664323
1380,0.0020631495300419,0.0295735460426062
1381,0.0019470769127009,0.029602657746721
1382,0.0021433470588335,0.0294884636108088
1383,0.0021505451596337,0.0294833497234611
1384,0.0021616420734704,0.0295446432963407
1385,0.0022395507889101,0.0294866618284313
1386,0.0021171471926075,0.0295194405140512
1387,0.0020997777026136,0.0294248313682297
1388,0.0021191133415446,0.0296763022624029
1389,0.0020917222357234,0.0294992645243311
1390,0.002147548514319,0.0296017097379961
1391,0.0022626805084725,0.0297558052434829
1392,0.0022412216504201,0.0297528010368421
1393,0.0022209999236112,0.0296997326214481
1394,0.0020910237095847,0.029839253342553
1395,0.0018817797555044,0.0298103873766241
1396,0.0020244072892286,0.0300481596421745
1397,0.0021253930351951,0.0300492683127336
1398,0.0018022141134946,0.029832270116604
1399,0.0018426743389413,0.0300999067366027
1400,0.0017961698201333,0.0300970402097832
1401,0.0019004106263908,0.0300320169907159
1402,0.0020991973473962,0.0300187195333037
1403,0.0020932732578228,0.0298500980391595
1404,0.0019700996291415,0.0300322566526939
1405,0.0021520509924112,0.0301770068132976
1406,0.0021839222990649,0.0301901224769767
1407,0.0020139167875797,0.0304306404515539
1408,0.0019768496824875,0.0302954544962536
1409,0.0020087701933876,0.0303949351212728
1410,0.0020095768139484,0.0304630079873353
1411,0.0019120794726544,0.0303972032573755
1412,0.0018028557262907,0.0305852791270835
1413,0.0019830701861024,0.0306164772269192
1414,0.0018823222721487,0.0307542429152236
1415,0.0019574536835078,0.0308736257983827
1416,0.0017725213972539,0.0305722092302873
1417,0.0017390673674309,0.0306782716117705
1418,0.0018073066240227,0.0307029380900334
1419,0.0017586595296565,0.0308473103718205
1420,0.0019129424226081,0.0308025943837235
1421,0.0016420878595952,0.0305696547171321
1422,0.0016558622641404,0.0307366814989539
1423,0.0018304053305058,0.0307890827993544
1424,0.0017124637226429,0.0308088743310914
1425,0.0017834784731414,0.030841159748833
1426,0.001721723482178,0.0308590727484605
1427,0.0016206021164574,0.0308462112663588
1428,0.0017382752527957,0.0308459618440689
1429,0.0016263005801169,0.0307999270907672
1430,0.0015796880450263,0.0305758608141211
1431,0.0014527274698846,0.0309501493054208
1432,0.0013341964382758,0.0309766616926928
1433,0.001478940893941,0.0308047522399053
1434,0.0014565698397154,0.0310611328461599
1435,0.0015546956364562,0.0310734965448718
1436,0.0014752615627706,0.0309024350516065
1437,0.0014630682449739,0.030872253809439
1438,0.0014140735227876,0.030935665073207
1439,0.0013719699785983,0.0309024867053798
1440,0.0013175342474728,0.0309700446984398
1441,0.0014083644160885,0.0310628137739871
1442,0.0012817495216663,0.0310789032818302
1443,0.0014360383508992,0.031079485799066
1444,0.0015071095828806,0.0310747669523185
1445,0.0013956724860451,0.0311252435986053
1446,0.0012635941845299,0.0311334016578004
1447,0.0012624005523448,0.0311025129069749
1448,0.0013120522076376,0.0312441003457125
1449,0.0013366602116338,0.0311724433951236
1450,0.0011705310675748,0.0311003740968476
1451,0.0013054210196538,0.0312677138120428
1452,0.001142545051962,0.0312518740203706
1453,0.0011958196152643,0.0311983301685991
1454,0.0013170702205546,0.0312609797154532
1455,0.0011347207133328,0.0311000748152056
1456,0.0009848686267963,0.0313718365113869
1457,0.0010514593287714,0.0312549808607925
1458,0.0013657853206691,0.0312686083324094
1459,0.00119938633644,0.0312472333063321
1460,0.0013189810415352,0.0314316396726718
1461,0.0011154013399738,0.0312611789028914
1462,0.0012176526327737,0.0314812455865203
1463,0.0012168942674265,0.0314989152721904
1464,0.0012498439488206,0.0314421649267574
1465,0.0010875071098755,0.0313610201581302
1466,0.001148097783405,0.0314781356933628
1467,0.0011060862265226,0.0314240169616639
1468,0.0009468672196247,0.0314469077932447
1469,0.0010023357653841,0.0315111801181616
1470,0.0007185375877379,0.031510230565151
1471,0.0008419901161428,0.0314363464544067
1472,0.0007709252301446,0.0315876949611207
1473,0.0004561163373041,0.0314203311804541
1474,0.0007539066366738,0.0314315782242919
1475,0.0006209713435968,0.0316350366972874
1476,0.0008576565887262,0.0315159515956609
1477,0.0007527534170497,0.0316720098060004
1478,0.0007015049869154,0.0315818287040498
1479,0.0009318884061552,0.0314496364466138
1480,0.0007718088875428,0.0313245752356819
1481,0.0008208381834186,0.0313326298879729
1482,0.000678625195971,0.0313896320238725
1483,0.0008163326359622,0.0314485369468208
1484,0.0005504381217827,0.0314154699420807
1485,0.0007803348785186,0.0315040946755023
1486,0.0005851750370177,0.031369715492286
1487,0.000398529232965,0.0316111485157428
1488,0.0005740237704722,0.0314867131037251
1489,0.0005603378148948,0.0315258371898342
1490,0.0004973995511455,0.0315191149357113
1491,0.0004720999251117,0.0314990896648052
1492,0.0004385991829702,0.0314012048724364
1493,0.0001962362702997,0.0312894313245433
1494,0.000369782431191,0.0314448807564284
1495,0.00010174570737,0.0313206174715035
1496,0.0002996379832747,0.0311366916391152
1497,0.0004291971730014,0.0311846129897854
1498,0.0001085118077441,0.0311170069580424
1499,0.0003080784110861,0.0312891883072934
1500,0.0002569637999391,0.0311904309627655
1501,3.50251837040183e-05,0.0312169970102469
1502,9.000236343370549e-05,0.0310924239948289
1503,6.713733100632835e-05,0.0315163005196482
1504,-0.000158128947049,0.0312897225734936
1505,1.0950221770444912e-05,0.0313510425350647
1506,-4.945478189150032e-05,0.0313341965110294
1507,-8.59968110428766e-05,0.0313016500242569
1508,-0.0002586818319144,0.0312937530493799
1509,-0.000261443124747,0.0313180036115499
1510,-0.0001828501845738,0.0314329746851836
1511,-0.0003046676219949,0.0314349220927165
1512,-0.0003735160639466,0.0312985513033564
1513,-0.0001835437743919,0.0312137572981396
1514,-0.0001939185400509,0.0310827072895646
1515,-0.0002314905696474,0.0312330958898566
1516,-0.0002559495630413,0.0310711568429885
1517,-0.0003912662401672,0.0314508747335093
1518,-0.0003581568417584,0.0312070981853144
1519,-0.000372423630067,0.0312512969604205
1520,-0.0005030322895734,0.0310614785577391
1521,-0.0005265860125872,0.0311718777042347
1522,-0.0005544102754843,0.0309451263918239
1523,-0.000640416446453,0.0308057832783913
1524,-0.0007214129014402,0.0309908227378815
1525,-0.0006750516813903,0.0307952913556727
1526,-0.0006245818187719,0.0310701168266223
1527,-0.0007095502730684,0.030864759174021
1528,-0.0007438765314329,0.0308505821484029
1529,-0.0007562846093335,0.0307984874263588
1530,-0.0009341321511951,0.0305081856093513
1531,-0.0008194667240762,0.0306863594697795
1532,-0.0007863537323034,0.0307176869966893
1533,-0.0008033544917602,0.0305531519016019
1534,-0.0007668096690179,0.0304528606737964
1535,-0.0008405298626962,0.0305344882215912
1536,-0.0008784443040595,0.0303885199711932
1537,-0.000860841157608,0.0303578731655511
1538,-0.0008695691216571,0.0304556571632188
1539,-0.0010614479859908,0.0303712672396592
1540,-0.000896018683879,0.0301949038618981
1541,-0.0010325486703497,0.0299357398767737
1542,-0.0010624436847354,0.0302001111940121
1543,-0.0010708412029861,0.0299310093333396
1544,-0.0010604057382103,0.0299990881233813
1545,-0.0012515461412065,0.0299588664005645
1546,-0.001425323600985,0.0299308436080337
1547,-0.0011781615452884,0.0298274054945663
1548,-0.0013103792046949,0.0297881608121802
1549,-0.0013476543119807,0.0296620789885725
1550,-0.0013382098997092,0.0296569251449139
1551,-0.0014401554556592,0.0297109963418487
1552,-0.0013096081088215,0.0296643440403541
1553,-0.001593392629872,0.029594888500699
1554,-0.00155808963164,0.0294733944814145
1555,-0.0016406120695687,0.029431550638272
1556,-0.0015723014422437,0.0293749905456719
1557,-0.0017751983491181,0.0292920011258458
1558,-0.0017411384946223,0.0292746583541926
1559,-0.0016499069092186,0.0291268587653397
1560,-0.0018551405681821,0.0290610103861522
1561,-0.0020336450920236,0.029180465634751
1562,-0.0019126228468993,0.0290123938195487
1563,-0.0017817509450198,0.0290274811382848
1564,-0.001811214636066,0.0288316961344454
1565,-0.0021304925112706,0.0288211852374665
1566,-0.0019674119233366,0.0288191269253673
1567,-0.0020304342727076,0.028762786243728
1568,-0.0020785959078097,0.0285558927227786
1569,-0.001980805725418,0.0285846465764832
1570,-0.0023817911710161,0.0286355330016392
1571,-0.0022295757391478,0.0286695093769832
1572,-0.0024222839737649,0.0283207171623075
1573,-0.0023727492377357,0.0284339475104467
1574,-0.0021347368982941,0.0282755840654338
1575,-0.0023342387346469,0.0283460718182538
1576,-0.0023093792918225,0.0281797208441824
1577,-0.0023268199658957,0.0280864439952496
1578,-0.0024652757042973,0.0282891986994037
1579,-0.0026808657061165,0.02794876235969
1580,-0.0027301301223986,0.0278003708534339
1581,-0.0025366371973157,0.0278907230091715
1582,-0.0025975453640403,0.0277905616171552
1583,-0.0025007974448412,0.0276438037065865
1584,-0.002497863821475,0.027742980422003
1585,-0.002564359535802,0.0276329866740887
1586,-0.0026179306566038,0.0273951307691414
1587,-0.0026675530065284,0.0272378055822747
1588,-0.0026392372623394,0.0272849817566689
1589,-0.0027763774551577,0.027380542102841
1590,-0.0026922086707048,0.0271573841979116
1591,-0.0026107991914337,0.0271363001873389
1592,-0.002910097904903,0.0268573235723564
1593,-0.0028702097077689,0.0269229546599205
1594,-0.0029281858065295,0.0270213160864115
1595,-0.002797431563389,0.0268148555513119
1596,-0.0030264160964653,0.0267835212165364
1597,-0.003034664579987,0.026728834505765
1598,-0.0030285378444925,0.0266663529037883
1599,-0.003142779257872,0.0264741928714071
1600,-0.0030782988180914,0.0264899093166599
1601,-0.0034190227711847,0.0263483081144557
1602,-0.0032051764748867,0.0263862865875645
1603,-0.0032237531441396,0.0262253976167196
1604,-0.003364141751257,0.0264181109400172
1605,-0.0032380902260847,0.0262547626523231
1606,-0.0033172537561548,0.0260461893046884
1607,-0.003233806186837,0.0259558430037725
1608,-0.0033360777526658,0.0259569589753362
1609,-0.003584578897996,0.0258139354005598
1610,-0.0034755314101425,0.0257560957488183
1611,-0.0034784435673557,0.0254975661435256
1612,-0.0035300230064072,0.0254629388609551
1613,-0.0038057818227119,0.0253930196297132
1614,-0.0037456101704466,0.0252962576302294
1615,-0.0039466661626634,0.0253063922942456
1616,-0.0038661338534433,0.0250657137015863
1617,-0.0039696671115439,0.0249857601074933
1618,-0.0039874753902358,0.0251430376025735
1619,-0.0038084192392591,0.0250197073188216
1620,-0.0043274878677378,0.0247833936371381
1621,-0.004133625044272,0.0250594200868746
1622,-0.0041157660970205,0.0248446427453846
1623,-0.0039825283137844,0.0248065526375856
1624,-0.0041485634539151,0.0247153585336007
1625,-0.0040708920671145,0.0243627820900189
1626,-0.0043625502499495,0.0244342771626188
1627,-0.0043546928296543,0.0240460381622245
1628,-0.0043565973934586,0.0240487326451446
1629,-0.0044925265886436,0.0239345445127861
1630,-0.0042527934226013,0.0238151831112666
1631,-0.0045009905628862,0.0237387627310402
1632,-0.0045363794372632,0.0235058370065309
1633,-0.0046945292559192,0.023316087370958
1634,-0.0047968126457847,0.023349839304866
1635,-0.0048902061994732,0.0232355573836119
1636,-0.0050297846861446,0.0230567893138567
1637,-0.0050568133353657,0.0230175973445091
1638,-0.0050655579371414,0.022793386466401
1639,-0.0050947217419392,0.0227422050119757
1640,-0.0051509264607164,0.0224890422549797
1641,-0.0051102924454862,0.0222864655346053
1642,-0.0051549874865911,0.0222576275329903
1643,-0.0053182183929857,0.0220864119104737
1644,-0.0054811927634957,0.0220692925165454
1645,-0.0054639624966914,0.0219745494224691
1646,-0.0052983589669182,0.0216702900436489
1647,-0.0054432968090961,0.0216805621348425
1648,-0.0054271955187203,0.021677370689917
1649,-0.0055484278518631,0.0212643336415989
1650,-0.0055513799251655,0.021199503261244
1651,-0.0056235409070427,0.021211437689047
1652,-0.0055359406200455,0.0208412840236447
1653,-0.0057741883734879,0.0208207770931126
1654,-0.0057842519263432,0.0206742677209518
1655,-0.0059219963981058,0.0203607864682044
1656,-0.0058545279687706,0.0205635431332592
1657,-0.0060936659788156,0.0203816481516597
1658,-0.0061885374291808,0.0202079556959199
1659,-0.006174385447685,0.0201339415483942
1660,-0.0061411684898285,0.019783626903713
1661,-0.0060275986256249,0.0199392636448054
1662,-0.0060143870977278,0.0197496868902126
1663,-0.006071887009115,0.0195539394946127
1664,-0.0061355760230554,0.0194289246486739
1665,-0.0061797305630715,0.0193938131789119
1666,-0.0063754440129067,0.0192277084475519
1667,-0.0063644898164845,0.0190737536524
1668,-0.0063357719166456,0.0189426274484501
1669,-0.0064597464630027,0.0185959546516105
1670,-0.0066135586446631,0.0184750113177376
1671,-0.0065814043459802,0.0181667046856141
1672,-0.0066331563112727,0.0181236916290267
1673,-0.0068391730447756,0.0178789241566668
1674,-0.0067443486105919,0.0177114079120386
1675,-0.0067571886326424,0.0175789327733672
1676,-0.0069841274342405,0.0170710423889275
1677,-0.0069024375589296,0.0169336691911947
1678,-0.0069261870601065,0.0168914747616413
1679,-0.0068736001005552,0.016846203916462
1680,-0.0070084581026068,0.0166308282062039
1681,-0.0072521854480811,0.0165187471157082
1682,-0.0073579042782276,0.0165003707640556
1683,-0.0071722209936651,0.0164211275045152
1684,-0.007328146253539,0.0164562005641049
1685,-0.0072622586823041,0.0162916119973644
1686,-0.0072448309449208,0.0163232280061647
1687,-0.0075022027789924,0.0162234750799762
1688,-0.0075912247811785,0.0160065205422743
1689,-0.0077038857071294,0.0162018569505106
1690,-0.007594773071421,0.0157278011960952
1691,-0.0076817569474846,0.0159017757043785
1692,-0.0077576094675438,0.0155919280346409
1693,-0.0078962118391393,0.0154836821043942
1694,-0.007727251206629,0.0152691189698107
1695,-0.0079063669590275,0.0151027443562426
1696,-0.0080150407631478,0.0149351152584988
1697,-0.0079299915442448,0.0146985819053104
1698,-0.0082283083859434,0.0144715836593418
1699,-0.0081845487301671,0.0142955643172026
1700,-0.008224028177065,0.0140077696094656
1701,-0.008190378407536,0.0140131214391692
1702,-0.008478461570172,0.013725482589421
1703,-0.0083644938606757,0.0138375516941889
1704,-0.0085339017370489,0.0135331491582729
1705,-0.0084767384810706,0.0132297919361891
1706,-0.0085048091408226,0.013178094062678
1707,-0.0085463234220962,0.0131702175066483
1708,-0.0087011409883152,0.0128343358712195
1709,-0.0087304400604615,0.0129596402937642
1710,-0.0086954493169997,0.0128906808459572
1711,-0.0087228871058354,0.0128123033622993
1712,-0.008917642401964,0.0130098007015429
1713,-0.0090303130563681,0.0130035177070097
1714,-0.0092438575768011,0.0129687482879683
1715,-0.0095064475281191,0.0130230777882627
1716,-0.0095026685322038,0.0130103508863772
1717,-0.0095975396678866,0.0128955247954973
1718,-0.0097322701708726,0.0132853270635804
1719,-0.0098264946350902,0.0129935369285806
1720,-0.0098173971709143,0.0129180423912617
1721,-0.0098105149169335,0.0129473193802544
1722,-0.0099484185357019,0.0128956493831765
1723,-0.0097641630462654,0.0129363029227854
1724,-0.0097240303240867,0.0126720753570546
1725,-0.0097129103009691,0.0125377976792578
1726,-0.0096068193649813,0.012459340618049
1727,-0.009674360660381,0.0124922274375517
1728,-0.0095179303994451,0.0123895493368429
1729,-0.0094990082406757,0.0120486142683466
1730,-0.009349896678804,0.0119063989995489
1731,-0.0094796739822115,0.0117618035371899
1732,-0.0094283852750958,0.0113119821239272
1733,-0.0093525487373948,0.0112167811384292
1734,-0.0095939150047146,0.0110863884954706
1735,-0.0096068714682546,0.0108974208460312
1736,-0.0098267785918673,0.0105902937650957
1737,-0.0097932564433793,0.0103985068167117
1738,-0.0100081053948146,0.0100821289448842
1739,-0.0100178970591341,0.0100629224462738
1740,-0.0103778508045292,0.00971275105425
1741,-0.0103488518543514,0.009331365838994
1742,-0.01068763088704,0.0094908175076054
1743,-0.0108186110360521,0.0089789106042069
1744,-0.010667812830091,0.0089302716555698
1745,-0.0108432943131431,0.0088780018963537
1746,-0.011063802840482,0.0092380381315518
1747,-0.011064549665051,0.0090258368543306
1748,-0.0107814873944632,0.0091183072954221
1749,-0.0107181382909348,0.0091563619232367
1750,-0.0106461353712159,0.0091585201439736
1751,-0.0105778395065248,0.0091933249017318
1752,-0.0106102716224802,0.0089399047786251
1753,-0.0103292222089561,0.0091293120910014
1754,-0.0102727007493779,0.0085868130052486
1755,-0.0102503744722499,0.0087751697238606
1756,-0.0100478337202486,0.0087693237820099
1757,-0.010029606490126,0.0084015700534509
1758,-0.0097875786326435,0.0084404568506355
1759,-0.0101944578525112,0.0083409969248267
1760,-0.0101492653083229,0.0085414410662161
1761,-0.0104601580524246,0.0083806036716697
1762,-0.010431399231209,0.008260423706683
1763,-0.0108597227559646,0.0084021917061804
1764,-0.0109456438831345,0.0082363702921008
1765,-0.0111672103456545,0.0080190018925435
1766,-0.0116151175242516,0.0078760703335655
1767,-0.011652697253113,0.0079714881809599
1768,-0.0116834358198278,0.0076671075403727
1769,-0.0120721120653299,0.0077931254574177
1770,-0.0119208753838386,0.0076599780177914
1771,-0.0121055498321342,0.0076323539370497
1772,-0.0119175194639417,0.0077917271571651
1773,-0.0119400614717729,0.0077889609267665
1774,-0.0120712988625401,0.0076164074929069
1775,-0.0119905872961635,0.0076500939432955
1776,-0.0120117177855158,0.0075513995064107
1777,-0.0119165315963689,0.0075368551516134
1778,-0.0120913347473406,0.0073996766892599
1779,-0.0122015880268829,0.0069762907089401
1780,-0.0125826711095402,0.006790993338117
1781,-0.0125052762068017,0.0068222310443419
1782,-0.0125058294482566,0.0065279359029504
1783,-0.0127952453160799,0.0068890738308296
1784,-0.0129306730449842,0.0068181949865296
1785,-0.0130933731221689,0.0066425310703721
1786,-0.0130092606872713,0.0069726890245569
1787,-0.0128456628323176,0.006946222233273
1788,-0.0126028573568514,0.0069890488888921
1789,-0.0129075240543102,0.006730544292381
1790,-0.0127337419247026,0.0062994820613144
1791,-0.0125272715692384,0.0062834139487755
1792,-0.0122653456412788,0.0058498798503621
1793,-0.01210158804629,0.0054246389042926
1794,-0.0120890993417964,0.0053504902915067
1795,-0.0119654277373369,0.0050453604357672
1796,-0.011661838692249,0.0052668155375217
1797,-0.0116716203589509,0.0054370879431559
1798,-0.0114051964698579,0.0054330050394775
1799,-0.0112470804422224,0.005580864922425
1800,-0.011086202245089,0.0060415328312547
1801,-0.0111385718992498,0.0063107436486382
1802,-0.0110435881772029,0.0064936603007568
1803,-0.0107405257031082,0.0066703248573961
1804,-0.010705319737565,0.0067086759233071
1805,-0.0107346302073469,0.0066751115094012
1806,-0.0104455996118943,0.006606053575394
1807,-0.0104282337817014,0.0062571386662924
1808,-0.0101566528987162,0.0061975329711631
1809,-0.0102401628962969,0.0061244213232194
1810,-0.0103454793591728,0.00603682629991
1811,-0.0101062562234026,0.0058797703230022
1812,-0.0101300580763337,0.0059305079586685
1813,-0.0100404937379778,0.0057265142568312
1814,-0.0099406950512436,0.0058917811574495
1815,-0.0098924488283206,0.0060488092388431
1816,-0.0099391422614132,0.0060938322455088
1817,-0.0098409666938131,0.0059474889667519
1818,-0.0098982373198589,0.0061213547367654
1819,-0.0096576836848963,0.0062239285347044
1820,-0.009812858585238,0.0062389980847629
1821,-0.009689729068124,0.006395139956246
1822,-0.0096191055316812,0.0063951000636436
1823,-0.0095177568308131,0.0067434526414542
1824,-0.0095402955315539,0.0066585174276808
1825,-0.009685911319066,0.0069125737663952
1826,-0.0094290064947293,0.0067007455534113
1827,-0.0092740290106098,0.0069846869300709
1828,-0.0092731556694196,0.0069414963833086
1829,-0.0090243004244754,0.0070766958457161
1830,-0.0093430222796581,0.0072712038956039
1831,-0.0091914634106383,0.0073520219284449
1832,-0.0092340701152112,0.007520482261028
1833,-0.0092312289421647,0.0075306236913319
1834,-0.0091316185973288,0.0076904137810284
1835,-0.0090034363368908,0.0076337244378008
1836,-0.0090970861673511,0.0080482899153976
1837,-0.0092046478454825,0.0078433064136871
1838,-0.009070769878286,0.0078043663787076
1839,-0.0089490358417855,0.0079662335030287
1840,-0.0089462484051013,0.0080217179141869
1841,-0.0089993235534966,0.008294929107215
1842,-0.0090373173945519,0.0081394955132166
1843,-0.0090811590858542,0.0081216608097063
1844,-0.0090498113349516,0.008044619620653
1845,-0.008865251199307,0.0080182083165233
1846,-0.0086278550862516,0.0079689302143225
1847,-0.0089972017529366,0.0079381503776351
1848,-0.0090157243285176,0.007980066503401
1849,-0.0089492536046256,0.0078848054561056
1850,-0.0088840789397687,0.0078526132434301
1851,-0.0087421429899969,0.0077250776155389
1852,-0.0089065610609333,0.0078951157693558
1853,-0.0088916010077231,0.007634377948597
1854,-0.0087381196349802,0.007773491643802
1855,-0.0085405267967368,0.0079711140923634
1856,-0.0087634011178765,0.0077043642731338
1857,-0.0087515676656693,0.0078179864941467
1858,-0.0088163384162321,0.0076663210597085
1859,-0.0085620645208158,0.0078036320947869
1860,-0.0085482242798093,0.0075806229713328
1861,-0.008625026542681,0.0076400433083027
1862,-0.0086299140079189,0.0074229495716801
1863,-0.0086464733229691,0.0075798215744948
1864,-0.0087835159528425,0.0075664444337544
1865,-0.0086452006367194,0.0074707196859012
1866,-0.0086733060386277,0.0074931403973212
1867,-0.0086593077687546,0.0075739047669775
1868,-0.0087430530293514,0.0074565997440538
1869,-0.0084975458603849,0.0073166594241034
1870,-0.0084726425503251,0.0073803178498312
1871,-0.008671589736074,0.0073784963111079
1872,-0.0085721112028968,0.0073168902449761
1873,-0.008506786784346,0.0073259687356613
1874,-0.0086115504565006,0.0070034414572295
1875,-0.0084952556177289,0.0071272712092886
1876,-0.0087249628952672,0.0071194792496435
1877,-0.0085779437151694,0.0071608338512023
1878,-0.0083589281513931,0.0070848123340804
1879,-0.008400832825719,0.0069709620656055
1880,-0.0085669274076677,0.0070006587603171
1881,-0.0084622223144144,0.0069752434799675
1882,-0.0082554754107038,0.0069068770335203
1883,-0.0084311010538427,0.0067902247173865
1884,-0.0082564360822957,0.0068025928175983
1885,-0.0081565817919769,0.006657897656513
1886,-0.0081442865371087,0.0068799076318085
1887,-0.0079588196190246,0.0068075242883582
1888,-0.0079731777860747,0.0068103315182249
1889,-0.0082269673335245,0.0066733830606544
1890,-0.0080947114034566,0.0066756790020675
1891,-0.0079703674448245,0.0068376876723831
1892,-0.0081460292478999,0.0068239237769725
1893,-0.0081471407932733,0.0068165122165516
1894,-0.0080050203093443,0.0067895536660418
1895,-0.0080398804707981,0.006782260047491
1896,-0.0082421745984908,0.0067947651300622
1897,-0.0080897590593354,0.0067792212300202
1898,-0.0080112535661863,0.006559653410719
1899,-0.0080110273241943,0.0065801401436696
1900,-0.0079856633323001,0.0066072405286307
1901,-0.0080929566138797,0.0065020794596886
1902,-0.0080468574644298,0.0065394014883015
1903,-0.0079678052247694,0.0063668846129422
1904,-0.0078646278809105,0.0063983294790816
1905,-0.0077672871639229,0.0065107441791744
1906,-0.0078399099498003,0.0061829407526385
1907,-0.0077740866593243,0.0061558494858401
1908,-0.0078328630168063,0.0063539955948636
1909,-0.0077587726355177,0.0063396152908975
1910,-0.0077579554228235,0.0064010614791804
1911,-0.007727560977312,0.0062801170335755
1912,-0.0078055159416322,0.0062186876748006
1913,-0.0076938891023389,0.0061135713704091
1914,-0.007557911889737,0.0059616887347709
1915,-0.0075132155777229,0.0061259726290509
1916,-0.007517093241371,0.0061715549902517
1917,-0.0073511179719039,0.006010117043682
1918,-0.0074523561006661,0.0062663824821341
1919,-0.0073715304743689,0.0061917156536496
1920,-0.0073674341824809,0.0062502992529667
1921,-0.0072367772570517,0.0061365322215005
1922,-0.0071106946725332,0.0061397128473229
1923,-0.0073153596455998,0.005966820565142
1924,-0.0072793239120254,0.006062376264073
1925,-0.0071739353411775,0.0062709333486717
1926,-0.0070306749539513,0.0061937710223813
1927,-0.0069333239723884,0.0060776434213168
1928,-0.0071054768754362,0.006045901474579
1929,-0.0070707497292011,0.0061637850961792
1930,-0.0069281292406556,0.005958369946631
1931,-0.0069278733574301,0.0059623837329342
1932,-0.0068143957676048,0.0059717600085555
1933,-0.0069830259994969,0.0060956950734123
1934,-0.0067399584269128,0.0060740080690112
1935,-0.0067274557950286,0.006081960548021
1936,-0.0065381309266228,0.0060897001835876
1937,-0.0067007649088456,0.0059597091611576
1938,-0.0066950121679708,0.0060941871125509
1939,-0.0066642650691608,0.0060346431159459
1940,-0.0065499895162313,0.0062497675958667
1941,-0.0066783959514105,0.0060328161231708
1942,-0.0065195352550965,0.0060586470150383
1943,-0.0063640728193641,0.0061290585836489
1944,-0.0065811506617071,0.0060929008888611
1945,-0.0064015636585638,0.0060207125760295
1946,-0.0062621448405807,0.006369257347411
1947,-0.0066575391753054,0.0060718194515382
1948,-0.0063458906669164,0.0059847925832152
1949,-0.0064233944559574,0.0061479949835111
1950,-0.0062920608190647,0.0060394545397562
1951,-0.0062723668282956,0.0062259790780345
1952,-0.0063046887698543,0.0061983484417201
1953,-0.0060769940480399,0.0060040534880275
1954,-0.0060959225811314,0.0061619581892056
1955,-0.0061157003220786,0.0059835472637606
1956,-0.0062786248582094,0.0062564141764625
1957,-0.0060902312109319,0.0060506294383466
1958,-0.0060355460354289,0.0062754160067237
1959,-0.0059740825699796,0.0061296057048493
1960,-0.0057758410476473,0.0062941038857209
1961,-0.0056673034816499,0.0064005806089798
1962,-0.0056951533592347,0.0062205259170087
1963,-0.0056930111998516,0.0064554636985179
1964,-0.0055886918548261,0.0063555429885577
1965,-0.0054068735070291,0.0063375393685397
1966,-0.0054857836705412,0.0064233565662551
1967,-0.0055826854903172,0.0065094107558926
1968,-0.0052616122897768,0.0065588212604086
1969,-0.0052991292665957,0.0067293100567759
1970,-0.005037244636347,0.0066211550315125
1971,-0.0052339921640675,0.0067350754445409
1972,-0.0051950202439118,0.0066418760023193
1973,-0.0052410487987891,0.0068332938578691
1974,-0.0052427266799971,0.0068284488108141
1975,-0.0051573508668493,0.0066618465074147
1976,-0.0050683027798931,0.0068794769453159
1977,-0.005231005275919,0.0068279557481605
1978,-0.0053453570003426,0.0068897672980263
1979,-0.0049469900408048,0.0069912385280296
1980,-0.0051091634110428,0.0069535030181425
1981,-0.0049065773504958,0.0070320364952454
1982,-0.0049685357239044,0.0068461765331809
1983,-0.0048371682209059,0.0069801574528089
1984,-0.0047441662428668,0.0070773412345275
1985,-0.0046846177686787,0.0071205024336247
1986,-0.0045871256531682,0.0070841545431781
1987,-0.0044291474814796,0.0073662867726221
1988,-0.0043871989615677,0.0072921973787311
1989,-0.0045252851237683,0.0071260707656894
1990,-0.0043416142203655,0.0072275062851678
1991,-0.0043903580251527,0.0075632950364003
1992,-0.0042192366329905,0.0074484073662673
1993,-0.0042374464388073,0.0074513737684849
1994,-0.0041105856243207,0.007415028099738
1995,-0.0040716349406854,0.007660556919495
1996,-0.0040210912625673,0.0076776171659818
1997,-0.0039106086834257,0.0076540209255243
1998,-0.0039775881150458,0.0077639835326436
1999,-0.0041013477870677,0.0078494655701643
2000,-0.003884609046512,0.0077989235693174
2001,-0.0037520723745763,0.0077059262167624
2002,-0.0037541903997636,0.0078445370201483
2003,-0.0037799722618914,0.0078712145047165
2004,-0.0037268648915766,0.0078686055673847
2005,-0.0036539993091994,0.0079016837593622
2006,-0.0035454270558735,0.0079897316046555
2007,-0.0035463914866492,0.0079522799765227
2008,-0.0036435749700038,0.0079246036976101
2009,-0.003290399722189,0.0081286160861751
2010,-0.0035224863324289,0.0081851355258061
2011,-0.0036619967675877,0.0081153813924207
2012,-0.0034831880902149,0.0085617394106068
2013,-0.0034558404130247,0.0083261950176508
2014,-0.0033050719741917,0.0084111772354746
2015,-0.0031799561216518,0.0085558522364424
2016,-0.0032204347125578,0.0085105875435268
2017,-0.0032508343127409,0.0089111528304808
2018,-0.0030848674961603,0.008832180722012
2019,-0.0032511754634177,0.0088638511627542
2020,-0.0031606415339525,0.0089027348651941
2021,-0.0030320868748348,0.0090206346336538
2022,-0.0029471848870048,0.0090802918983939
2023,-0.0029401403767361,0.0093109293415678
2024,-0.0027611994550688,0.0094714111974245
2025,-0.0027698152372351,0.0093340246525128
2026,-0.0027676502420829,0.0092142290458916
2027,-0.0025017534914942,0.0094667803693448
2028,-0.0025602361432525,0.0094101136093964
2029,-0.0024837849239167,0.0094904579176824
2030,-0.0024479993491953,0.0094623408288527
2031,-0.0025231752472377,0.00966302664773
2032,-0.002301739646273,0.0097063576330066
2033,-0.0021531027740098,0.0100739288974834
2034,-0.0020806480570297,0.0097424186083212
2035,-0.0020889728201826,0.0100314020872898
2036,-0.0020370873761681,0.0100311711579116
2037,-0.0020474285078008,0.0102537105239879
2038,-0.0017785576996138,0.0104262142319088
2039,-0.0017644489633757,0.0106016053244195
2040,-0.0016759552060369,0.0105130648002116
2041,-0.0018306483291013,0.0104288035142077
2042,-0.0016674911279992,0.0106236652778503
2043,-0.0016920475914541,0.0108571930593903
2044,-0.0016697256579278,0.0109852259426843
2045,-0.0016742822061983,0.0107266746818845
2046,-0.0012862397605067,0.0108985588650428
2047,-0.0015566397763562,0.0111283123906035
2048,-0.0012313908993412,0.0113209595153673
2049,-0.0014404249644983,0.0112210533548157
2050,-0.0012201536956579,0.0113497045834393
2051,-0.0011166525047865,0.0114488454350747
2052,-0.0010028360913375,0.011398241603246
2053,-0.0010269158634266,0.011689307977287
2054,-0.0009191509657477,0.0115705249816726
2055,-0.0009966903838368,0.0115701096214488
2056,-0.0009952410604446,0.0115980051323251
2057,-0.0007034548224937,0.0117391091114875
2058,-0.0005287884804063,0.0119372590179727
2059,-0.0006566101274357,0.0119627935730448
2060,-0.0006408959389933,0.0122093221605843
2061,-0.0006940750288828,0.0121690345637499
2062,-0.000454186509437,0.0124421293134879
2063,-0.0004767122883324,0.0121674852030206
2064,-0.0004523257628066,0.0122665518705859
2065,-0.0004795466088634,0.0124024776190539
2066,-0.0001644324805917,0.0126443542163435
2067,-0.0003130292094798,0.0127245305958505
2068,-0.0003184353037301,0.0129140300568795
2069,-0.0002323901111229,0.0129807418733109
2070,-2.119570057812492e-05,0.0131861071528877
2071,-3.3307198074705724e-05,0.0129937360027557
2072,-1.9973846247578475e-05,0.0133531560669369
2073,2.672565168004848e-05,0.0134398401886508
2074,0.0001536908417406,0.0136242962719795
2075,0.000392777098085,0.0138286760900997
2076,0.0004478205236741,0.0137968612857626
2077,0.0002895791509769,0.0139083076717781
2078,0.0004434363426628,0.0138133205315059
2079,0.000300250404657,0.0139014336124255
2080,0.0003302771717312,0.0140074801057856
2081,0.0003971260589794,0.0140674050260934
2082,0.0005188607569067,0.0144149659438763
2083,0.0005645347897035,0.0142575528027531
2084,0.0005964590159419,0.0143078625199645
2085,0.0005230431292738,0.0145834237869012
2086,0.0005529259591268,0.0146406875696452
2087,0.0007312054714027,0.0148449327095123
2088,0.0008660568589699,0.0149341916702184
2089,0.0008491558365934,0.0150169893751962
2090,0.0010083007004376,0.0150590146925767
2091,0.0009177495693428,0.0149737953701285
2092,0.0009159145021052,0.0152055928336637
2093,0.0012586620981694,0.015388691187621
2094,0.0015172710983235,0.0154388762156494
2095,0.001440106585391,0.015485436681201
2096,0.0015997541509588,0.0157165039407732
2097,0.0015599637299989,0.0157089352110422
2098,0.0016480159845391,0.0157327337680672
2099,0.0017617867725492,0.015934966400505
2100,0.0018058886974851,0.0159577732798633
2101,0.001740517108975,0.0160752369611225
2102,0.0019566992035038,0.0161633123833728
2103,0.0018965279250965,0.0163982099704478
2104,0.0022089624853408,0.0163840237521298
2105,0.0021241443353288,0.0163979800911759
2106,0.0021354370182758,0.0165696062552982
2107,0.0021294405752692,0.0168170652137834
2108,0.0022326494983245,0.0167972923239365
2109,0.0021354336310612,0.0169865277317586
2110,0.0023668950693698,0.0169332022726206
2111,0.0021902926620802,0.0173196900719482
2112,0.002474519411627,0.0174571763459077
2113,0.0026062335800383,0.0175986666539842
2114,0.0023610996567541,0.0175361761641767
2115,0.0024630700086179,0.0173593115225475
2116,0.002650960559198,0.01781357721521
2117,0.0023483333889544,0.0177375949225434
2118,0.0026584939358882,0.0179140905199121
2119,0.0026491021961866,0.0178995004783921
2120,0.0025839377248659,0.0182739740655016
2121,0.0026385373688533,0.018383541033319
2122,0.0027258589918089,0.0184734771304257
2123,0.0027277555912929,0.0185512778183193
2124,0.0029851493641261,0.0187688875576927
2125,0.0027878536691224,0.0188072628094088
2126,0.0028110873277115,0.0188755711352632
2127,0.0028570667245561,0.0191124022987508
2128,0.0029491004081665,0.0191533630658305
2129,0.0030655383026549,0.0193576429368557
2130,0.0029487817526224,0.0192884902915954
2131,0.0032534552862568,0.0195582618049275
2132,0.0032250410975662,0.0198351215190782
2133,0.0033047137022074,0.0198283750045349
2134,0.003306285444588,0.0197656229584988
2135,0.0034390046371477,0.0201489008861569
2136,0.0035593810609387,0.0201934258014851
2137,0.0034615244662014,0.0202499409280598
2138,0.0035943820729333,0.0204534556998692
2139,0.0035713993858484,0.0203494621981123
2140,0.0036595658193209,0.0206563932942376
2141,0.0037553607246801,0.0208227678820477
2142,0.0035903963067128,0.020811577445427
2143,0.0038605768427434,0.0209876867827992
2144,0.0038280452831725,0.021034654407966
2145,0.0039913810520134,0.0212187827509464
2146,0.0037577526474189,0.0213215863588183
2147,0.0038403103422067,0.0214995062965676
2148,0.0037766757481087,0.0215285617158266
2149,0.003862719124947,0.0216990453357478
2150,0.0038902357603864,0.0215665009705951
2151,0.0039119050311814,0.0217875017655573
2152,0.0038787557912837,0.0219926136880113
2153,0.0041566216723297,0.0222463761283882
2154,0.0041199331841232,0.0223602156010405
2155,0.0038423219151108,0.0222749010451134
2156,0.0040437676621565,0.0225161601808573
2157,0.0040927772829366,0.0227978106347352
2158,0.0041906710537149,0.0228025346095084
2159,0.0042718183823133,0.022967926252303
2160,0.0043514946574826,0.022939401339424
2161,0.0042774421493401,0.0231735162772422
2162,0.0043985520097988,0.0231406452030815
2163,0.0041318220729928,0.0233522983861018
2164,0.004345390031794,0.0233591583384137
2165,0.0043650418191756,0.0237474010192
2166,0.0044751483994507,0.0238138572396696
2167,0.0044207921399071,0.0237345044053262
2168,0.0043055079920674,0.0240579502579775
2169,0.0046243957920715,0.0238820455766319
2170,0.0044071160610494,0.024229119178395
2171,0.0044374315054889,0.0243667312193688
2172,0.0045770618175938,0.0243375360955529
2173,0.0047780964793371,0.0245345406557542
2174,0.0048462344524006,0.0247492785770337
2175,0.004640209579425,0.0249976057457119
2176,0.0047124431991068,0.0251779036264698
2177,0.0047731041375452,0.0250702161283902
2178,0.0049809182085535,0.0250834255058619
2179,0.0049730468139673,0.0254517664594823
2180,0.0049190475439415,0.0254538436369557
2181,0.0050576185930927,0.0256043550499524
2182,0.0049539848420433,0.0256846239429203
2183,0.0050784480121622,0.0259563544711262
2184,0.0049456027498906,0.0262357395798318
2185,0.0050537586913613,0.0260839346659143
2186,0.0049458333626483,0.0261186538787633
2187,0.0050955653800082,0.0262403610211807
2188,0.0052070518501152,0.0263261588502745
2189,0.0052538877617106,0.0265845039936245
2190,0.0053073999286951,0.02684957267384
2191,0.0053351695844867,0.0268638081499439
2192,0.0053664437350977,0.0268914223169485
2193,0.0053170079309201,0.0271348798798214
2194,0.0054140763257612,0.0271632848403935
2195,0.0052950500652478,0.0274378930610393
2196,0.0054408548869918,0.0276254984655603
2197,0.0053606168207505,0.0275272320400663
2198,0.0051377001885744,0.0278208555338521
2199,0.0051885276496509,0.0278449945474459
2200,0.005394814675649,0.0279984350129351
2201,0.0055822351537693,0.0280319732122439
2202,0.0053271770767533,0.0281371347562823
2203,0.0056747199302542,0.0282414245234999
2204,0.0054577369929369,0.0284331771607463
2205,0.0055215987365644,0.0286356401841287
2206,0.0055922307260798,0.0285676052798671
2207,0.0055187289196771,0.0286862930051436
2208,0.0055944879933467,0.028899160971628
2209,0.0053157722749572,0.0289295842579881
2210,0.0054773476938402,0.0292436003597697
2211,0.0055496434819296,0.0293343080265923
2212,0.0058332251646368,0.0292991202832339
2213,0.0055743435608704,0.0293565067304584
2214,0.0055991855830462,0.0297461338458361
2215,0.0057243426370889,0.0296494451845611
2216,0.0057019486653084,0.0296468478473536
2217,0.0057098902003698,0.0298635157005503
2218,0.0054415136460757,0.0299838389979144
2219,0.0056947133824191,0.0300118035133742
2220,0.005756988882776,0.0301752669024958
2221,0.0054569273138569,0.0303512201032643
2222,0.0056516207356459,0.0304271628368671
2223,0.005644559001331,0.0305696039084687
2224,0.0055725570104886,0.0305988229581319
2225,0.0055729553274508,0.0307020560045571
2226,0.0055347746079025,0.0307919996987796
2227,0.0055825533771832,0.0307612810896773
2228,0.0057178837533644,0.0309655486138883
2229,0.0055256162471266,0.0310581906965492
2230,0.0055995951616328,0.0312804453520255
2231,0.005648488392389,0.031283732384635
2232,0.0055209964270967,0.0313612791893661
2233,0.0055984594499997,0.0314056796839061
2234,0.0056115325766742,0.0313816783793999
2235,0.0056113704253332,0.0315197103675425
2236,0.0057520611510218,0.0314115156132275
2237,0.0057261935001197,0.0316988863754965
2238,0.0055375781101471,0.0318059673082147
2239,0.0056797570095578,0.0319494753607351
2240,0.0057684238175246,0.0320086330785565
2241,0.0058414011694505,0.0322271375669948
2242,0.0058113291987705,0.032298015716384
2243,0.005603814341068,0.0323551831369747
2244,0.0057252729762776,0.0325744406654696
2245,0.0056285010738606,0.0324748853378833
2246,0.0057601551925419,0.0327876764901534
2247,0.0056407192800387,0.032749026758736
2248,0.0056414999727816,0.0330200557811997
2249,0.0056132538406792,0.0329241996871008
2250,0.0055301236615691,0.0332092860470773
2251,0.0055520913805987,0.0333719735964673
2252,0.0057643306644212,0.0332611279992648
2253,0.0055098019627113,0.0332935717686735
2254,0.005752835838064,0.0334327773610426
2255,0.0056364475396135,0.033425004237713
2256,0.0056462663026959,0.0337759334655352
2257,0.0055571339484987,0.0337714054173741
2258,0.0056148740837055,0.033879587072609
2259,0.0056931385338613,0.033819626885241
2260,0.0054461643082515,0.0341135561722052
2261,0.005498320809503,0.0341925312345544
2262,0.0055060191827539,0.0343743742827192
2263,0.0055193067567482,0.0344280190359811
2264,0.0052934073434386,0.0345219944229093
2265,0.0054165976375791,0.034573760781787
2266,0.0052893911163123,0.0346937172610277
2267,0.0052508265387501,0.0348349402195805
2268,0.005104780080685,0.0348098160691782
2269,0.0051501242728533,0.0346601712833537
2270,0.0051497969832077,0.034859116812807
2271,0.0051646453945685,0.0348117950627043
2272,0.0052981156695245,0.0350963024506144
2273,0.0052555151499741,0.03504324780685
2274,0.0052679062566591,0.0349396034747989
2275,0.005112851088692,0.0350501656112391
2276,0.0049663143652474,0.0352253759182019
2277,0.0050812718173276,0.0351488023357332
2278,0.0049504832684443,0.0351146449693603
2279,0.0047432643265106,0.0352721471326332
2280,0.0049802450753607,0.0354822867539202
2281,0.0048937301742387,0.0353951259766588
2282,0.005023355057287,0.035438695059595
2283,0.0045937457330262,0.0355199726770117
2284,0.0047328223225739,0.0356468184340959
2285,0.0046366439569202,0.0354982546830346
2286,0.0046626425626832,0.0357806824804405
2287,0.0048430590407457,0.0357589719650341
2288,0.00466404486369,0.0358776393920396
2289,0.0046616263752475,0.0360747143333428
2290,0.0046023008897426,0.0360765596776375
2291,0.0047963389915302,0.0360284258305605
2292,0.004487460934432,0.0361615704148138
2293,0.004544019099866,0.0360392216351618
2294,0.0044377700290579,0.0360773089664891
2295,0.0046442156853627,0.0362406290986932
2296,0.0044479808948497,0.0362074419239745
2297,0.0045112680501543,0.0362385487520359
2298,0.0044566762098836,0.0363307665101334
2299,0.0045369054980203,0.0365545796431172
2300,0.00426444340332,0.0364977466134585
2301,0.0043692257577452,0.0365542366954324
2302,0.0042066730988973,0.0366059715367393
2303,0.0043674623205914,0.0366298813085899
2304,0.004342334864711,0.0365988419442234
2305,0.0041477998348473,0.03678732349446
2306,0.004331441895672,0.0366424451276563
2307,0.0040475064723124,0.0366148234296509
2308,0.0041363987497183,0.0367134549036957
2309,0.0041074086940264,0.0366884451747768
2310,0.0038509678419317,0.0368566761675213
2311,0.0039492347558054,0.0368333013457697
2312,0.0037889742902763,0.0369251692344927
2313,0.0036827699410659,0.0370272701719102
2314,0.0037023957387467,0.0370523320639119
2315,0.0036015988692071,0.0370854543329956
2316,0.0034300261729979,0.0371819345181042
2317,0.0033125658446735,0.0370844394744532
2318,0.0033122732321346,0.0373086731733431
2319,0.003297335057611,0.0372486222594417
2320,0.0033407020900964,0.0370408884951952
2321,0.0034080037121587,0.0373157656861855
2322,0.0031267230785355,0.037334844766209
2323,0.0030722379939747,0.0372349164840454
2324,0.0031316245125619,0.0375322003032043
2325,0.0031293899370453,0.0372391091016576
2326,0.0029158603181602,0.0373876751715641
2327,0.0029533103539515,0.0373855411189782
2328,0.0027402254519144,0.0372974717588236
2329,0.0028131709903255,0.0375079087553583
2330,0.0028568472721468,0.0375408788343302
2331,0.002831019077943,0.0375676995545058
2332,0.0028331095321762,0.0377102919869377
2333,0.0025568043025192,0.037581549814609
2334,0.0024868181991702,0.037375340232069
2335,0.0026914573741651,0.037649009745054
2336,0.0026659415822308,0.0376270176255706
2337,0.0026198464901378,0.0375581415694863
2338,0.002372377794874,0.0375488253976257
2339,0.0023176183090135,0.0376954255567277
2340,0.0021990475835173,0.037675945202678
2341,0.0022092459070442,0.0377165517000671
2342,0.0021672157052565,0.0377909117217427
2343,0.0019709393401305,0.0376225216483485
2344,0.0019399449319628,0.0376229409989656
2345,0.0018931405722448,0.0376923606586264
2346,0.0018984702649214,0.0377175647172475
2347,0.001768701910372,0.0375707745820768
2348,0.0016281884418283,0.0376825488657102
2349,0.0017633838246838,0.037648726085569
2350,0.0016505974558039,0.0377379301633753
2351,0.0017166246628333,0.0375297064246115
2352,0.0015242678035078,0.0377194139979745
2353,0.0016228838076167,0.037767538691126
2354,0.0015808976820835,0.037825149735797
2355,0.0011681712564722,0.0378675971043633
2356,0.0013302881020522,0.0379998486329327
2357,0.0011095583167431,0.0377870761579545
2358,0.0010252309244295,0.0379809663156173
2359,0.0010557157742781,0.0376441558412417
2360,0.0010568433400544,0.0379400325686613
2361,0.0009535132166792,0.0377267935534251
2362,0.0007400998638123,0.0378635630295787
2363,0.0010617549087715,0.0379074272074418
2364,0.0008506100169561,0.0379243403087552
2365,0.0008459798749694,0.03772116315056
2366,0.0005700595899419,0.0380211713445289
2367,0.0005132660888578,0.0378189574962966
2368,0.0005245819178861,0.0378742899047735
2369,0.0005797032594252,0.0377708625928881
2370,0.0002649306428584,0.0377390276497542
2371,0.0002487068449338,0.0377102882255427
2372,0.0001614505497135,0.0377462145891839
2373,-3.749089995414012e-05,0.0377865862944621
2374,-2.787735676057501e-05,0.037771986885425
2375,-0.0001663989588593,0.0375478416944264
2376,-0.0002379461305231,0.0376803847413887
2377,-0.0003449133827955,0.0374449546330589
2378,-0.0002755427141412,0.0374688291622588
2379,-0.0005114820554192,0.0372164528107444
2380,-0.0005570404974187,0.0376425762614622
2381,-0.0006082451244767,0.0374016418540195
2382,-0.0006984131911862,0.0372818664180855
2383,-0.0008546430427789,0.037245266265564
2384,-0.0008266842157622,0.0371763899898053
2385,-0.0008856344385519,0.0371088817648174
2386,-0.000833657632102,0.0370348681444699
2387,-0.0009325446105314,0.0371562144616924
2388,-0.0012228975291219,0.0370875194979019
2389,-0.0012394571152276,0.037023987687706
2390,-0.0012480817732418,0.0370466567986205
2391,-0.00172365329615,0.0371908314718657
2392,-0.0013901764731963,0.0369086018236451
2393,-0.0014926701904935,0.0370379141443132
2394,-0.0015128098316279,0.0367155979975458
2395,-0.0018492605782631,0.0366734245195002
2396,-0.0013732241421725,0.0367336649994516
2397,-0.0018212293952771,0.036682796091586
2398,-0.0018444663727307,0.0364193495070557
2399,-0.0019379383544704,0.0363436920636421
2400,-0.0020800048214749,0.0364086016473652
2401,-0.0020172408563499,0.0363974975116252
2402,-0.0019933131439056,0.0365200320763391
2403,-0.0022501264717343,0.0363305230270774
2404,-0.0022920005287557,0.0363692707569329
2405,-0.0024559252044825,0.0361083682945745
2406,-0.0025380400851179,0.0363684908809419
2407,-0.0025768987750784,0.0360809815556392
2408,-0.0026766048843892,0.0359544319195577
2409,-0.0028646929292371,0.0359819837339938
2410,-0.0027135530325227,0.0359406720197681
2411,-0.0028875993244055,0.0357647665563397
2412,-0.0027986223428468,0.0359278503809223
2413,-0.0031085671100922,0.0360041758818185
2414,-0.0031282896356594,0.0356787404118922
2415,-0.0032158001334611,0.0355799513011026
2416,-0.0031426441780417,0.0356014103088947
2417,-0.0033276160544049,0.0355841252480148
2418,-0.0035377981585348,0.0354303829836107
2419,-0.0035458255979095,0.0353833507323431
2420,-0.003653144792015,0.0352097956614825
2421,-0.0036716653292786,0.035327737725202
2422,-0.0038142775855317,0.0351339054840805
2423,-0.003834870511872,0.0351577668425883
2424,-0.004119329680878,0.0350520476615776
2425,-0.0040284345796331,0.0350108993480256
2426,-0.0041177473102141,0.034568445254134
2427,-0.0043834644901736,0.034732447876435
2428,-0.0043084585530198,0.0346908690548903
2429,-0.0042554751909037,0.0346729584982292
2430,-0.0044887418440288,0.0344274120518771
2431,-0.0047229868114073,0.0343703789156966
2432,-0.0045559693196485,0.0341349049558163
2433,-0.0046988035142735,0.0342641877955319
2434,-0.0048312633343934,0.0341656604166355
2435,-0.0050901652383114,0.0340328009380775
2436,-0.0051014968039735,0.0339813287150743
2437,-0.0052971837294048,0.0338123101382182
2438,-0.0050120238331516,0.0337490500325859
2439,-0.0053393007339226,0.0336099884750876
2440,-0.0051431405195617,0.0335228173115905
2441,-0.0053372809470635,0.0333404252167334
2442,-0.0053589462213864,0.0333719401447324
2443,-0.005509952670134,0.0331596302798609
2444,-0.0054519226439643,0.033024752735573
2445,-0.0054280418170002,0.0329879130536229
2446,-0.0060252394872326,0.0328784285031921
2447,-0.0057787771769182,0.0329645026800159
2448,-0.0059623726815697,0.0327142488129705
2449,-0.0059956523874339,0.0327096048438221
2450,-0.0061462834099915,0.0323441762644088
2451,-0.0060793611725327,0.032443471368043
2452,-0.0062508989245477,0.0322001434702619
2453,-0.0062306848421048,0.0322283071079677
2454,-0.0065981923282161,0.0322470934385748
2455,-0.0067954609132067,0.0319797179391573
2456,-0.0067620069636801,0.0320709447861003
2457,-0.0068747262089005,0.031878826241188
2458,-0.0070358034928247,0.0317648850319416
2459,-0.0069788085586569,0.0314462373056564
2460,-0.0072840866786805,0.0315523196250749
2461,-0.0073273659545963,0.0314609284675566
2462,-0.0074119932178617,0.0312346891242517
2463,-0.0075537806300226,0.0310875188992713
2464,-0.0076039653562895,0.0309631530590127
2465,-0.0076225286860949,0.0308444029404116
2466,-0.0076959364151099,0.0308475914472669
2467,-0.0078756377285399,0.0304877084274006
2468,-0.0079963383432801,0.0304434796375329
2469,-0.0080561708082236,0.0305192976424816
2470,-0.0080537469045651,0.030290351314365
2471,-0.0082803116460998,0.0302792472318113
2472,-0.0081848521795215,0.0300808456791683
2473,-0.0084636525289866,0.0300004581884653
2474,-0.0084097120718891,0.030014974404635
2475,-0.0084687744295405,0.0298540528555773
2476,-0.0085990462831744,0.0294743859407367
2477,-0.008791051448343,0.0295927019614021
2478,-0.008776966775188,0.0294209665199498
2479,-0.0089178270487099,0.0292071277190838
2480,-0.0087757723890338,0.0291434497610874
2481,-0.0090580298287338,0.0288701139923818
2482,-0.0089442006193748,0.0289169394610898
2483,-0.0090473720335986,0.0288834327948451
2484,-0.0090803423346657,0.0286689941868219
2485,-0.0091888308222275,0.0284988389260867
2486,-0.0092699263325642,0.0284547628968807
2487,-0.0093059870388265,0.0281388431779012
2488,-0.009424110851267,0.0285167499415929
2489,-0.0095585870393545,0.0280749931212898
2490,-0.0098125925225955,0.0278080802712653
2491,-0.009827674757738,0.0278594898209667
2492,-0.0101252930962617,0.0277198270821771
2493,-0.0102807807405818,0.0277297447951109
2494,-0.010176837428369,0.0275719063800319
2495,-0.0103576007359353,0.027425561946121
2496,-0.010472830378442,0.0272517288908079
2497,-0.0104241569101007,0.0270510812991097
2498,-0.0106212180243709,0.027007116742972
2499,-0.0105707237625393,0.0265596780955364
2500,-0.0105919510022288,0.0267373199634954
2501,-0.0107096623268467,0.0264685512228862
2502,-0.0110746773888514,0.0262520277868834
2503,-0.0109772145808922,0.026132047452391
2504,-0.0110997067359885,0.0261954092994172
2505,-0.0112112242277046,0.0263384790904593
2506,-0.0111308830703245,0.0258234759698908
2507,-0.0113270232190141,0.0258678553633575
2508,-0.0114148421215663,0.0257652996204117
2509,-0.0112846561976749,0.0257907093568583
2510,-0.0114020920775828,0.0255952349905297
2511,-0.0112939652817113,0.0255103598661703
2512,-0.0117137768721656,0.0252545005068553
2513,-0.0115480986528815,0.0250648676134175
2514,-0.0118582409697755,0.0249766253638832
2515,-0.0117832274108858,0.0248203027129131
2516,-0.0118068582307529,0.0246857847474676
2517,-0.0121711712235681,0.024545485372785
2518,-0.0121385329448183,0.0243921148391669
2519,-0.0121913327525046,0.0241922338022896
2520,-0.0122272911474249,0.0241992007917565
2521,-0.0123438511733045,0.0237253394105755
2522,-0.0122181829169168,0.023855002634642
2523,-0.0126059212082059,0.0237516820122268
2524,-0.0124454258132272,0.0235200565858068
2525,-0.012645686123141,0.0235559990057718
2526,-0.0127680469174353,0.0233031102770414
2527,-0.0127512371999781,0.0231893355323288
2528,-0.0127809425183727,0.0230982853742512
2529,-0.0130114436640615,0.0230248848748566
2530,-0.0131178062724279,0.0229103673751508
2531,-0.013017893222897,0.0226884352846347
2532,-0.0133293454390312,0.0224406597808455
2533,-0.013487554447877,0.0224475002135437
2534,-0.0133836716866468,0.022232554400752
2535,-0.0134870412150461,0.021764888734179
2536,-0.0136213429342071,0.0217922236589701
2537,-0.0137542585898515,0.0217845664861016
2538,-0.0136936900723713,0.0215154731919567
2539,-0.0136930146169108,0.0215101927179106
2540,-0.0137080423034425,0.0214031904699161
2541,-0.0140056837165964,0.0211210454885071
2542,-0.0138570061529578,0.0210312873650952
2543,-0.0140050813292132,0.0209815766916014
2544,-0.0142361062054869,0.0207474060282127
2545,-0.0142167246870914,0.0206789907977199
2546,-0.0142792468245921,0.0203983729851412
2547,-0.0143777285138713,0.0204180206373503
2548,-0.0145165486961873,0.0202880800627087
2549,-0.0144150228602885,0.0200187425167429
2550,-0.0144014086322075,0.0198572221716128
2551,-0.0144640405965942,0.0198710370375451
2552,-0.0143428863061772,0.0195051203769179
2553,-0.0146992008869447,0.019292753762925
2554,-0.0148834483536855,0.0193886117654008
2555,-0.0146496245669383,0.0190499187132567
2556,-0.0148400321330376,0.019012150494165
2557,-0.0149950899041568,0.0185130205542373
2558,-0.0151220252783516,0.0187961373977165
2559,-0.0150811804627349,0.0186831083186442
2560,-0.015237509970127,0.0182205985649202
2561,-0.0154415565404024,0.0182368266741411
2562,-0.0154929004556254,0.0181907579799719
2563,-0.0155990185439268,0.0180419085727259
2564,-0.0155324998795372,0.0179797147990904
2565,-0.0159218816828165,0.0178155136618492
2566,-0.0156427138202829,0.0174999596196128
2567,-0.0157704250046405,0.0176333540865543
2568,-0.0159711519425745,0.0173317565476019
2569,-0.0159916093058886,0.0171406195750299
2570,-0.0159274643223948,0.0170450542052036
2571,-0.0163158757898828,0.0167821899719086
2572,-0.016185902752444,0.0167788190632421
2573,-0.0163629424004902,0.0165505162213834
2574,-0.0163271836707711,0.0165939677423596
2575,-0.0164004797463909,0.0163649740758227
2576,-0.0164836592460276,0.0163723176334941
2577,-0.0163870829585375,0.0162163142922412
2578,-0.0164840309955542,0.0159998008514689
2579,-0.0167911644258317,0.0158942747730694
2580,-0.0165185049645403,0.0157515509715042
2581,-0.0167185712732757,0.0154995079136057
2582,-0.0169987331600667,0.0153173946183843
2583,-0.0167467439793813,0.0152444485568404
2584,-0.016876501117983,0.0149550392066408
2585,-0.0169961292783301,0.014983508323496
2586,-0.0170244093056509,0.0147550945158279
2587,-0.0170371975403119,0.0147546191606993
2588,-0.0171873941691357,0.0145620122862882
2589,-0.017296236525402,0.014354127971722
2590,-0.0172962224888463,0.0143155959469241
2591,-0.0173490121856584,0.0142517896924558
2592,-0.0173871370884795,0.0140864349393673
2593,-0.0174306145718096,0.0138440679098751
2594,-0.0173106484518468,0.0136928214093736
2595,-0.0177010586277157,0.0135442986226564
2596,-0.0177341957579182,0.0132325706812112
2597,-0.0177202661473818,0.0131721783663245
2598,-0.0176626656474524,0.013087448408957
2599,-0.0176864623558854,0.0129377839896219
2600,-0.0179932472168373,0.0126217834382647
2601,-0.0177042967791344,0.0127185533132151
2602,-0.0178080590731268,0.0126387951793807
2603,-0.0178354935244048,0.0121911438157428
2604,-0.0178009846627176,0.0120584303487626
2605,-0.0181007466641578,0.0119918357537953
2606,-0.0181161141511487,0.0118945734549948
2607,-0.01819856699243,0.0117213536252195
2608,-0.0181585161030438,0.0115226659859429
2609,-0.018222363514905,0.0112057751141605
2610,-0.0182472540238562,0.0111338183073359
2611,-0.0182937687901336,0.0111306067301725
2612,-0.0183300931082588,0.0110259837958963
2613,-0.0183094129598635,0.0108882932016349
2614,-0.0183602776375586,0.0108836026587383
2615,-0.0184503970801402,0.0105818807266326
2616,-0.0184109772725689,0.0103809338127563
2617,-0.0186589513459518,0.0101540940724983
2618,-0.0186372479775216,0.010331540809141
2619,-0.0185242091785821,0.0100682287639559
2620,-0.0186806232592224,0.0099713342382523
2621,-0.0188131357020229,0.0097401325010917
2622,-0.0188729706686107,0.0095524157466932
2623,-0.0188874284666322,0.0095142469169207
2624,-0.0189590195497332,0.0096058187012397
2625,-0.019102093217535,0.009349101736681
2626,-0.0193434119156125,0.009107770807803
2627,-0.0191087153354696,0.0091120683466591
2628,-0.0192960616008747,0.00892748550184
2629,-0.019404030003937,0.0086633898757975
2630,-0.019147306175216,0.0086916294123219
2631,-0.0193358169897923,0.0085504309330516
2632,-0.0192626376685554,0.0084863768069901
2633,-0.0193659835781793,0.0082987409504871
2634,-0.0195075061310972,0.0081569312272215
2635,-0.0194120652854757,0.0080506152481879
2636,-0.0195819396883165,0.0079911631404013
2637,-0.0195443366597545,0.0078083289946283
2638,-0.0194092815786373,0.0075605703229747
2639,-0.0196353751859014,0.0073539624254863
2640,-0.0198687675680875,0.0072793426494834
2641,-0.0197375585573122,0.0073431814895622
2642,-0.0194863989312417,0.006979099687593
2643,-0.0199018866130656,0.0069554791327217
2644,-0.0196470732949827,0.0067140654772037
2645,-0.0194834630823167,0.0066075366976786
2646,-0.0195941494180734,0.0065985140286525
2647,-0.0198567802073542,0.0064233095483283
2648,-0.0196833679006462,0.0062482617822244
2649,-0.0197690981937945,0.0062938054031873
2650,-0.0197960732279742,0.0060100680314056
2651,-0.019705607189662,0.0059415867344277
2652,-0.0197781775106088,0.0059346874271768
2653,-0.0200195288693483,0.0056802867458833
2654,-0.0198479522094659,0.0055591688833862
2655,-0.0197928323743957,0.0052955800511144
2656,-0.0199245459767937,0.0052291638535964
2657,-0.0199676868744475,0.0054257883428476
2658,-0.0200867665702483,0.005145408518396
2659,-0.0200800815121607,0.0048800785273129
2660,-0.0200859546931964,0.0048729817642373
2661,-0.0200149225189757,0.0046072791073017
2662,-0.0202394526559302,0.00464409659263
2663,-0.0202035265807145,0.0043054469860113
2664,-0.0203699658663263,0.0043191697725716
2665,-0.0201793353306639,0.0042183122851682
2666,-0.0201624929364974,0.0041852235044277
2667,-0.0203257106914391,0.0040075511587816
2668,-0.0202804732479153,0.0039426838245034
2669,-0.0203208530109311,0.0036968702963459
2670,-0.0204086342990647,0.0036104094345978
2671,-0.020289874068078,0.0036891420476087
2672,-0.0204625753698801,0.0035353166969331
2673,-0.0204071865071399,0.0033059833673452
2674,-0.0204555005006394,0.0032220785229151
2675,-0.0204508748157697,0.0028958761758444
2676,-0.0205924537624985,0.002949103586513
2677,-0.0205266599953426,0.0026376238635226
2678,-0.0206892315133372,0.0026518451637439
2679,-0.0205427058805809,0.0023833067664781
2680,-0.0205610633711413,0.0024390636657254
2681,-0.0206845168121315,0.0024239888573316
2682,-0.0205563089804558,0.0022132899916057
2683,-0.0207380658973882,0.0020685180673636
2684,-0.0205049665285422,0.0018728880319787
2685,-0.0205081269838405,0.0017460507814293
2686,-0.0206258397174858,0.0018745146603514
2687,-0.020654163427929,0.0015921614620875
2688,-0.0204320686750308,0.0017816924022077
2689,-0.0205131122540394,0.001446722785655
2690,-0.0205340929725758,0.0013211932721974
2691,-0.0205571845058749,0.0011970046504141
2692,-0.0204217450732688,0.0012243227578503
2693,-0.0203962583381556,0.000969152481068
2694,-0.0205885048079675,0.0009541100557012
2695,-0.0203387271341419,0.0009551361665073
2696,-0.0205384238326847,0.0007186145185242
2697,-0.0203833223645702,0.0007249560707206
2698,-0.0205311121737575,0.0006803210152905
2699,-0.020351528587478,0.0005401400339145
2700,-0.0206266398768114,0.0005900485576633
2701,-0.0204655139566524,0.0003315292670518
2702,-0.0206380397856794,0.0004463738920934
2703,-0.0205351786663223,-2.3365787647167124e-05
2704,-0.0206977302495643,-0.0001169880414366
2705,-0.0207291095042624,-0.0002187286252554
2706,-0.0209423768836922,-0.0001183594714996
2707,-0.0210490319650547,-0.000311171701967
2708,-0.0209003200691391,-0.0004704009886343
2709,-0.0208985616602901,-0.0005412855536069
2710,-0.0208948755463719,-0.000499783669064
2711,-0.0210749729787378,-0.0006010103572059
2712,-0.0208302432521941,-0.0005503028902015
2713,-0.0208042444417791,-0.0009167618670298
2714,-0.0207479253802033,-0.0011385869889204
2715,-0.0207601603089667,-0.000906169366576
2716,-0.0204304321964341,-0.0011930697716192
2717,-0.0206604306542489,-0.0012443064253804
2718,-0.0205951753372987,-0.0012966459988466
2719,-0.0205116131436784,-0.00141226051261
2720,-0.0206405565146545,-0.0013776937368183
2721,-0.0205133790941301,-0.0015250055955052
2722,-0.0204451217534762,-0.0015471285958951
2723,-0.020241092165046,-0.0016851116099371
2724,-0.0204976401425091,-0.0016689599055996
2725,-0.0203868450425185,-0.0018312481001569
2726,-0.0202163050646728,-0.0019270150601417
2727,-0.0204040211514772,-0.0021206908012957
2728,-0.0204569990883024,-0.0020730780885239
2729,-0.0203310652108706,-0.002197786801171
2730,-0.020295595267596,-0.0022607323063474
2731,-0.020267089321677,-0.0025241125087439
2732,-0.0202093819868267,-0.0025145938217893
2733,-0.0202593846764994,-0.0023955823381889
2734,-0.0201724678325,-0.0024721642169481
2735,-0.0201720609392094,-0.0028134365659139
2736,-0.0201122827235424,-0.0029385796417321
2737,-0.020262387854903,-0.0026475564498036
2738,-0.0202291591451397,-0.002963299144242
2739,-0.020242180994154,-0.0029843889257292
2740,-0.0200451602767954,-0.0028354266392647
2741,-0.0201403962148348,-0.0028534252911353
2742,-0.0202057811895292,-0.0029938908299924
2743,-0.0202904680243465,-0.003114579052995
2744,-0.0200154103849197,-0.0031991060057719
2745,-0.0200605608789958,-0.0031085795823824
2746,-0.0198802186563865,-0.0032754567252791
2747,-0.0199595669007766,-0.0033054898750804
2748,-0.0196657860883658,-0.0032987849456327
2749,-0.019684498668047,-0.0035380082983904
2750,-0.0197138251574652,-0.0035527526691129
2751,-0.019779494616069,-0.0037555562417725
2752,-0.0195737880450577,-0.0037693455485223
2753,-0.0196950202873249,-0.0037339818696604
2754,-0.0199427906274025,-0.004093236633599
2755,-0.0197326265914041,-0.0038808977168319
2756,-0.0197819068455082,-0.0040569488134442
2757,-0.019643505398151,-0.0042135020219978
2758,-0.019595266710203,-0.004269581366978
2759,-0.019710010773601,-0.0042094455169989
2760,-0.0196907489215654,-0.0043680663886065
2761,-0.0197095039285364,-0.0044715130462511
2762,-0.0195273187101107,-0.0043756283022603
2763,-0.0196251147229773,-0.0045019262168122
2764,-0.0194650573659841,-0.0046072830725172
2765,-0.0192834733402816,-0.0043666117395866
2766,-0.0194453049707503,-0.0045265373328474
2767,-0.0194740069778648,-0.0043057102037292
2768,-0.019303695822853,-0.00461992815139
2769,-0.0195302092076249,-0.0045327011226942
2770,-0.0190400603747006,-0.0046446784121918
2771,-0.019182810807136,-0.0048156957620962
2772,-0.0190802882284484,-0.0046126446622648
2773,-0.0190249932105371,-0.0047509841089436
2774,-0.0189732743897106,-0.0046403359392611
2775,-0.0188904089799988,-0.0048756575762424
2776,-0.0189501880660795,-0.0047176969002312
2777,-0.0188058003726994,-0.0049896745391249
2778,-0.0188703078645945,-0.0047867202683579
2779,-0.018796320246404,-0.0048970693108863
2780,-0.0185482320625871,-0.0050283534371731
2781,-0.0187172533617412,-0.0050591534120699
2782,-0.0186984081667413,-0.0051436455887914
2783,-0.0186721946878772,-0.0052077419475095
2784,-0.0186095498280914,-0.0050810996486795
2785,-0.0184751939296989,-0.0050190315002003
2786,-0.0187105350742962,-0.0051217541574038
2787,-0.018471465882664,-0.0050860220230431
2788,-0.0183280173146735,-0.0050182694472847
2789,-0.0185318751467,-0.0051383313808494
2790,-0.0183104816839518,-0.0051929539092494
2791,-0.0183668071497345,-0.0052447506399263
2792,-0.0182139924882394,-0.0052428129536275
2793,-0.0179341852437324,-0.0052221486905861
2794,-0.0180808638085833,-0.0054340096853759
2795,-0.0181476047135307,-0.0053334473199325
2796,-0.0180852066275721,-0.0053779125235491
2797,-0.0180672934578549,-0.0053201771728724
2798,-0.0177534403495603,-0.0054515357918984
2799,-0.0176910583924082,-0.0052425807323943
2800,-0.0176343853204097,-0.0057966402838082
2801,-0.0177076902842168,-0.0055322006646935
2802,-0.0173898788800674,-0.0054501091885152
2803,-0.0175209205416437,-0.0053837020160764
2804,-0.0172794174399475,-0.005565246955518
2805,-0.017326077883176,-0.0056685537623175
2806,-0.016980482316594,-0.0055750633392909
2807,-0.0173210725705783,-0.0056662310732785
2808,-0.0172900254905457,-0.0056269235524734
2809,-0.0171256489699895,-0.0056620162988177
2810,-0.0171075654012046,-0.0057720500045848
2811,-0.0169978006128867,-0.0054992829093914
2812,-0.0170497260699917,-0.0058479799002004
2813,-0.0170036533735954,-0.0056162202113258
2814,-0.0169872926607491,-0.0057364109244332
2815,-0.0167881206043341,-0.0057535935685447
2816,-0.0168328583153732,-0.0056975341976264
2817,-0.016889692270079,-0.0056606036883732
2818,-0.01674350902642,-0.005519433886753
2819,-0.0166258192991736,-0.0054760576113519
2820,-0.0164605714381872,-0.0054985250281362
2821,-0.0162822053282191,-0.0056391150504546
2822,-0.0164047359887793,-0.0053406482390443
2823,-0.0161808192739644,-0.005481723802037
2824,-0.0164025591380511,-0.005643114387801
2825,-0.0163301531159002,-0.0054281578675488
2826,-0.0160436411001659,-0.0056031939366876
2827,-0.0160452200816905,-0.0055954396930821
2828,-0.0159186158850536,-0.0055335766820214
2829,-0.0159959729683956,-0.0056398384962242
2830,-0.0159346615232391,-0.0054327256758453
2831,-0.0158808482743066,-0.005522961108483
2832,-0.0157943820793352,-0.0055945496291842
2833,-0.0157559557813291,-0.0055291737234328
2834,-0.0156738434674968,-0.0056729997282679
2835,-0.0154420354913138,-0.0055142768181201
2836,-0.0154356815407581,-0.0055568269179945
2837,-0.015404265735865,-0.0056654897003751
2838,-0.0154364332285299,-0.0054904391852322
2839,-0.0152787475023046,-0.0056542330400288
2840,-0.0152051365721947,-0.0054523306797243
2841,-0.0151106834884542,-0.0054832910715076
2842,-0.0149159500051753,-0.0054590493881652
2843,-0.0150410987644493,-0.0053525273274865
2844,-0.0149151311050664,-0.0052396876945737
2845,-0.0147598046962106,-0.0053604727420511
2846,-0.0145689979372404,-0.0053529667700699
2847,-0.0146750758574654,-0.005010630626313
2848,-0.014586605015922,-0.0053919458059974
2849,-0.0146057436988304,-0.0050476568543773
2850,-0.0145208525309409,-0.0050528424542469
2851,-0.0144061626747322,-0.0052864606376882
2852,-0.0144458072984042,-0.0049154414692674
2853,-0.0142489149087143,-0.0052067167223162
2854,-0.0142953743382399,-0.0049310448774084
2855,-0.0141960968476325,-0.0050157016626651
2856,-0.0140545291253706,-0.0049310122537548
2857,-0.0139833524875126,-0.005021334473892
2858,-0.0136834069774404,-0.005031174293836
2859,-0.0136356504039756,-0.0048806453074645
2860,-0.0136821130478347,-0.0048350162580761
2861,-0.0134936303268571,-0.0046902342156412
2862,-0.0133414589912001,-0.0047458161411715
2863,-0.0132426291170401,-0.004819846143206
2864,-0.013088218006304,-0.0046616372778072
2865,-0.0130389050863964,-0.0047218194485523
2866,-0.0130281400099235,-0.004500325706528
2867,-0.0129529943194461,-0.0045248995244562
2868,-0.0128150605755468,-0.0045725794084988
2869,-0.0128276554975835,-0.0042335526284069
2870,-0.0130686340362117,-0.0043179865253097
2871,-0.0128089573658679,-0.004221248487796
2872,-0.0125196870844777,-0.0042609688518986
2873,-0.0123775688131597,-0.0043533438010835
2874,-0.0122304502959266,-0.0042470329662328
2875,-0.0124073336993849,-0.0040921807256295
2876,-0.0122536995620148,-0.0038612073322766
2877,-0.0122018148321207,-0.0040075111101348
2878,-0.0120537100719213,-0.0037380497126088
2879,-0.0121967210353636,-0.0036744536074973
2880,-0.0121016241974351,-0.003717132909901
2881,-0.0118080373538432,-0.0036804425821999
2882,-0.0116248353206954,-0.0037047718340262
2883,-0.0116817795341719,-0.0036965164222418
2884,-0.011698408161343,-0.0036278854400325
2885,-0.0114967956265863,-0.0036412613591126
2886,-0.0115348736811582,-0.0034537526803263
2887,-0.01123663773826,-0.0033102448492532
2888,-0.0111346323294939,-0.0032671147585479
2889,-0.0110309994045229,-0.0031687960479045
2890,-0.0109059378307221,-0.0034002734040223
2891,-0.0109996645928311,-0.0030248488605642
2892,-0.0107160902926025,-0.0030381952981197
2893,-0.0106134265168474,-0.0029052495603584
2894,-0.0105190687893484,-0.00295443440018
2895,-0.0104966206206222,-0.0029551728568663
2896,-0.0103415606769252,-0.0029053201983713
2897,-0.0102226506397224,-0.00245625763935
2898,-0.0100913927053181,-0.0025039054411061
2899,-0.0102520101844822,-0.0023850644115389
2900,-0.010043898602077,-0.0022681425050918
2901,-0.009982742759079,-0.0022223714905637
2902,-0.0100135985480857,-0.0021418487969294
2903,-0.0096633899484341,-0.0020397788821509
2904,-0.009864504937567,-0.0020498622863529
2905,-0.0093963123050965,-0.0017839022958987
2906,-0.0094132996524136,-0.0016774470433258
2907,-0.0092779683922926,-0.0015894684072764
2908,-0.0092682425484908,-0.0015602585124251
2909,-0.0090854048351822,-0.0015418034218047
2910,-0.0091120960573954,-0.0014419215747398
2911,-0.0089059811201157,-0.00131615657743
2912,-0.0089167051271155,-0.0012133736711428
2913,-0.0087910443376593,-0.0011795508319604
2914,-0.0085354498329126,-0.0011915652592298
2915,-0.0086687843021597,-0.0010192248977695
2916,-0.0087002508423825,-0.0010388044377766
2917,-0.0086321930578385,-0.0009308583147378
2918,-0.0085294720596345,-0.0006793979093309
2919,-0.0083504225147174,-0.0007259245983638
2920,-0.0084390328329361,-0.0005635196296275
2921,-0.0081290013255259,-0.0005882871061559
2922,-0.0082801790266939,-0.0002956813884865
2923,-0.0078655483753274,-0.0002556513818346
2924,-0.0078285727145544,-0.0001721961359811
2925,-0.0077786065912983,0.0003079444548417
2926,-0.0075876363558324,0.0002032325520667
2927,-0.0074877716946726,0.0002879411554058
2928,-0.0074766194254601,0.0003995521678312
2929,-0.0073512888284192,0.0005983134899926
2930,-0.0071320515627129,0.0005956591071196
2931,-0.0070205448885835,0.0007300094607353
2932,-0.0069609418668939,0.0008879726487922
2933,-0.0069190917586632,0.0010774258258076
2934,-0.0066247250246022,0.0011641809030065
2935,-0.0066044724246441,0.0010871813484653
2936,-0.0065524701569281,0.0011417653368644
2937,-0.0063703746899468,0.0012570731972587
2938,-0.0063136218454529,0.0012566202557603
2939,-0.006057724475545,0.0015241100092649
2940,-0.0060929715291741,0.0016592268122881
2941,-0.0059060541516602,0.0018610034771296
2942,-0.0059037940842106,0.0017866374740391
2943,-0.0057808305634357,0.0019608268313868
2944,-0.0055491018873227,0.0020185917765457
2945,-0.0055061211827679,0.0024414830809997
2946,-0.0053073489201312,0.0023287040638123
2947,-0.0054072140127325,0.002467719987526
2948,-0.005188475966838,0.0024741999737059
2949,-0.005280145481167,0.0028027597031357
2950,-0.0050085371463936,0.0026925819160107
2951,-0.0051492905446457,0.0029206151121364
2952,-0.0049864909490054,0.0030487460511334
2953,-0.0050266437381567,0.0031083274226049
2954,-0.0048930263294735,0.0033458406121521
2955,-0.0048579106045368,0.0032922848659652
2956,-0.0049199899951715,0.0035415887849369
2957,-0.0047513579216247,0.0035754596308394
2958,-0.0045124122920536,0.0036968875265545
2959,-0.0044199935020143,0.0039178443563006
2960,-0.0044289217339499,0.0040048748658659
2961,-0.0042934949219223,0.0040467087800729
2962,-0.0042080280253194,0.0044073114301076
2963,-0.0040530630316696,0.0042837177500785
2964,-0.0038657084657654,0.0047137769343864
2965,-0.0037993728366966,0.0044626564402295
2966,-0.0036514018373317,0.0048632392878579
2967,-0.0036206999437954,0.0049301173608355
2968,-0.003434627714945,0.0050872664063069
2969,-0.0033384173290672,0.0051362151844505
2970,-0.0031908156972656,0.0052577649228242
2971,-0.0031137507380451,0.0055183833206975
2972,-0.0028009134014904,0.0056112059106281
2973,-0.0030751536636909,0.0056102651522343
2974,-0.0028361773688405,0.0058532933798718
2975,-0.002611272440184,0.0060627011934527
2976,-0.0023971378794877,0.0061019727587421
2977,-0.0024587824665117,0.006173394707663
2978,-0.0024813884584789,0.0063339848386052
2979,-0.0021689226411518,0.0066286869873257
2980,-0.0022708706662857,0.0067852908863468
2981,-0.0021248797442594,0.0070129388441289
2982,-0.0020440383367919,0.0071185801280231
2983,-0.0021822092804119,0.007331754973453
2984,-0.0020160254859229,0.0075275921842472
2985,-0.0020640227378763,0.0075887316329788
2986,-0.0018435089940346,0.0077157705613088
2987,-0.0018160498606311,0.0078585224097328
2988,-0.0018196596656342,0.0079047360769779
2989,-0.001590389898409,0.0082539930459505
2990,-0.0016120580042007,0.0082420814381231
2991,-0.0013967680988091,0.0082041796458413
2992,-0.0014704713680614,0.0084928481326911
2993,-0.0013247498672807,0.0087303317338792
2994,-0.001224679620755,0.0088755869566057
2995,-0.0009926255212092,0.009000730280453
2996,-0.0012281992825229,0.0090972206211137
2997,-0.0009701792476838,0.0092158087639829
2998,-0.00071663315906,0.0093996685635155
2999,-0.0007147998777727,0.009648840392697
3000,-0.000598420830742,0.0096953133988815
3001,-0.0005114075101618,0.0097208306042074
3002,-0.0005232803729765,0.0099692695060111
3003,-0.0003067534403562,0.0101414655772484
3004,-0.0001087696617462,0.0102291689211152
3005,-0.0003343892013072,0.0104031470685747
3006,-0.0001529840042176,0.0104149643405284
3007,-4.335964326640518e-05,0.0104389092166674
3008,-1.5046252868855524e-05,0.0107834724544743
3009,0.0001050764714483,0.0109452370896759
3010,0.0001367455735629,0.0110016986366966
3011,0.0002486330372677,0.0113132717891132
3012,0.0005002689867851,0.0115248642201202
3013,0.0005382294740085,0.0114925295734268
3014,0.0005576759535848,0.0116148465180087
3015,0.0006377693249191,0.0117487923209688
3016,0.0006703267791151,0.0121250305786467
3017,0.0009140640502373,0.0121104279693812
3018,0.0007700605158122,0.0123526800539996
3019,0.0012228439973274,0.0125725860763131
3020,0.0010670898607269,0.0126637537636157
3021,0.0012496514742566,0.0127422413220548
3022,0.0014301432885548,0.0130172434951261
3023,0.0014855777406107,0.0132626931985603
3024,0.0014908803792191,0.0135237226986345
3025,0.0012957586000843,0.0133966077476717
3026,0.0015929826463029,0.013753572384567
3027,0.0015152747088433,0.0138820702353204
3028,0.0018458664270254,0.0139561038135696
3029,0.0017965381377434,0.0143190397844508
3030,0.0020133882321962,0.0143029663485372
3031,0.0020563378849808,0.0146124724301536
3032,0.0020819024795626,0.0145669388380912
3033,0.001974592455558,0.0148089825526089
3034,0.0022982126523828,0.0150200260246321
3035,0.002358983961072,0.0152309004965939
3036,0.0021439632247365,0.015265788503001
3037,0.0023999221390149,0.0155224897710101
3038,0.0026272686525199,0.0156340667210023
3039,0.0024430264728656,0.0156617290766103
3040,0.0027088621238336,0.0162649754569861
3041,0.0028115206304155,0.0161910793228706
3042,0.0029524573576638,0.0163500252734018
3043,0.0027826459258012,0.0167208833038977
3044,0.0031089156106486,0.0168344123064542
3045,0.0030900562440506,0.0169994596705552
3046,0.0031692020142958,0.0170095774836785
3047,0.0033075377773621,0.0173498085361122
3048,0.0033284546022929,0.0173925778514602
3049,0.0033382581609374,0.0174228543495494
3050,0.0032839515716135,0.0178092466160216
3051,0.0034005909111319,0.0178134748376218
3052,0.0034995852151921,0.0179976397028318
3053,0.0036035363787759,0.0183112960025066
3054,0.0035642000565387,0.0182243637305135
3055,0.0036369194631908,0.0184111993843763
3056,0.0036166684954992,0.0184252198659339
3057,0.0037918257415726,0.0187278723230739
3058,0.003814177115104,0.0189430321042672
3059,0.0036780061749246,0.0188308287281746
3060,0.0038815271417834,0.0192483563203804
3061,0.0038651927987055,0.0192520688140562
3062,0.0040512659913459,0.0194531287506284
3063,0.0040823200283393,0.0198023594804445
3064,0.0041175666972,0.0199151915529747
3065,0.0040246820238851,0.0199670354186207
3066,0.0042993223934783,0.0202629948661968
3067,0.0043023019700645,0.0202872056885266
3068,0.0045593000823834,0.0204665974907479
3069,0.0044771413241499,0.0207186702910053
3070,0.0043537139543703,0.0209831871211338
3071,0.004521370497652,0.0211271653273565
3072,0.0044802130445078,0.0211540498709756
3073,0.0044957056551483,0.0213097974361173
3074,0.0046186375942865,0.0216706641586794
3075,0.0046069333995322,0.0218800873776497
3076,0.004683620728113,0.0216506712216876
3077,0.0048342660046099,0.0219032011380451
3078,0.0050877203212342,0.0220398801932761
3079,0.004920876138093,0.0221701728739456
3080,0.0050409498834539,0.0223376889873443
3081,0.0049749265401648,0.0225088795935272
3082,0.005131003994288,0.0229584891593288
3083,0.0051829677669326,0.0228238954892153
3084,0.0051272488616671,0.0230236267805937
3085,0.0050918133514524,0.023341472855189
3086,0.0052065190788703,0.0232900923597687
3087,0.0052889299563478,0.023824288966867
3088,0.0052262465663744,0.024146213375512
3089,0.0050999059188675,0.0241639246548429
3090,0.0052234368656132,0.0243865492303869
3091,0.0054054393175587,0.0245652123427122
3092,0.0054200124278979,0.0247320262639367
3093,0.0052543455365677,0.0249409857833021
3094,0.0052855562508343,0.0251706916741845
3095,0.0053286521493892,0.025165311141571
3096,0.0055551186825207,0.0255086337227966
3097,0.0056060788722783,0.0255837848882777
3098,0.0053637736126326,0.0257888105422491
3099,0.005670391476142,0.0256120159375405
3100,0.0057084368902087,0.0261212426111064
3101,0.0055295438661635,0.0260573954752473
3102,0.0057889675872764,0.026185779076915
3103,0.0056675544094396,0.0263550368005665
3104,0.0057029185612919,0.0266352014689015
3105,0.0059580493443334,0.0267439969435996
3106,0.0059555934330366,0.0268880851260578
3107,0.0060019756000008,0.0270846817148681
3108,0.0060396692931389,0.0271561719055827
3109,0.0060255674517632,0.0274143295336838
3110,0.0059173583433582,0.0275051171668943
3111,0.0059909989088355,0.0275480344163368
3112,0.0060310208626058,0.0277118185372682
3113,0.0060960078926456,0.027948291029813
3114,0.0058974499605565,0.0281190759396983
3115,0.0059837631016183,0.0282927820589823
3116,0.0059443345655683,0.0285650574919931
3117,0.0061064565146679,0.0285811416424048
3118,0.0060328909842145,0.0288790985443131
3119,0.0059952327047616,0.0288379027825058
3120,0.0062034778807116,0.029117734391746
3121,0.0061068688903321,0.029057309557495
3122,0.0062121661857648,0.0291162501166357
3123,0.0062683277930281,0.0292944137581907
3124,0.0062785456140633,0.0294591551249232
3125,0.0063212117753629,0.0297414249056069
3126,0.006179779169912,0.029818122637283
3127,0.0061749257192862,0.0299530341248174
3128,0.0063489113188546,0.0301730305287893
3129,0.0062854135377443,0.0302621165661987
3130,0.0062472297187988,0.0304022997111718
3131,0.0063460556785298,0.0301515291956628
3132,0.0063403955070616,0.0307198663101539
3133,0.0061851678953847,0.0309047013989981
3134,0.006244113389963,0.030947091315216
3135,0.0063993992663057,0.0311382991735756
3136,0.0064630673084708,0.0312813888057369
3137,0.0062867327737619,0.0313803615053439
3138,0.0062124639926359,0.0315159291287053
3139,0.0063401243686042,0.0318428317954717
3140,0.0062935865781287,0.0317222798893123
3141,0.0062588522557275,0.0320128536284831
3142,0.0061798968335725,0.0321309688838027
3143,0.0064381688136793,0.0322088291916302
3144,0.0063627912632884,0.0323969251985112
3145,0.006227429921973,0.0327294136183262
3146,0.0062123666014983,0.0327244115329407
3147,0.0062667762856723,0.0327775414928529
3148,0.0060596899301935,0.032635239717837
3149,0.0062549982727017,0.0330032041866031
3150,0.0066113791815518,0.0331541395923113
3151,0.0061650881856739,0.0332970746471387
3152,0.0063286289755618,0.0335694017775504
3153,0.0062325656810744,0.0334230559182937
3154,0.0061774442858268,0.0336281014181869
3155,0.0064173886440787,0.0339407412996944
3156,0.0063245067805324,0.033776123259531
3157,0.0060593895901271,0.0341155352692619
3158,0.0062053614378235,0.0342208595758958
3159,0.0062021149276022,0.0342228737183714
3160,0.0064334930783982,0.0343011199892168
3161,0.0060953599855136,0.0344598684428553
3162,0.0061490738918997,0.0346339832340661
3163,0.00617907340938,0.0347125370959606
3164,0.0060134695184028,0.0349623513405436
3165,0.0060739878677884,0.0351338552592678
3166,0.0058906611744725,0.0351079999235821
3167,0.0060795572709185,0.0354464525189688
3168,0.0061892948144441,0.0353556813314526
3169,0.0060510571786418,0.0354263345769076
3170,0.0058983427503557,0.0356749089522965
3171,0.0062045212831725,0.0354521831372281
3172,0.0057771816971331,0.0359459182944658
3173,0.0057957378784355,0.0359906442704333
3174,0.0058970757791357,0.0358513250957086
3175,0.005844537016842,0.0360853196855168
3176,0.0059756873668487,0.0361453324172217
3177,0.005828669456186,0.0362975587379425
3178,0.0056724164333058,0.0361816435707855
3179,0.0058398867750029,0.0362438014745002
3180,0.0057493701220216,0.036525426494828
3181,0.0055658411787203,0.0365720858649501
3182,0.0055319038127326,0.0366362721059269
3183,0.0054785727546207,0.0365861626271307
3184,0.0053700814231222,0.0367811447273212
3185,0.0055108760524186,0.0368541919266631
3186,0.0053159167641572,0.0367496929591443
3187,0.0054638029372107,0.0370429842917476
3188,0.0054389197115879,0.0371272654818169
3189,0.0052795529880643,0.0371271195774454
3190,0.0054440271278052,0.0372504521178521
3191,0.0052592880519858,0.0374567019337532
3192,0.0052669944414046,0.0376864861477246
3193,0.0054626328547978,0.0378037486574232
3194,0.0052817603674999,0.037601047261832
3195,0.0052801455516114,0.0378823421791187
3196,0.0052028947226236,0.0382255513029522
3197,0.0052344709536678,0.0380477344205499
3198,0.005219200275105,0.0384572087129914
3199,0.0049862300741165,0.0383163121555222
3200,0.0051276782942845,0.0383264047178495
3201,0.0052095364448435,0.0386985082978738
3202,0.0049543891582108,0.0384925522903741
3203,0.0049970606685442,0.0385955699753813
3204,0.0048693826409115,0.0387022190034335
3205,0.0047863353946453,0.0387870629208798
3206,0.0047866226029064,0.0389283179701244
3207,0.004497376792242,0.0388094351898605
3208,0.0044984300421406,0.0391999938152968
3209,0.0044923747734588,0.0391131950649871
3210,0.0043333732036086,0.0391616261079709
3211,0.0044014790088501,0.0393439140316519
3212,0.0043110131493107,0.039390080120728
3213,0.0042011442380968,0.0394257573425403
3214,0.0043856451629479,0.0394678205158285
3215,0.0043646193613481,0.0393476150571741
3216,0.0040559032200576,0.0396384926811553
3217,0.004191815074641,0.0393534829004909
3218,0.0042457272089954,0.0398280230261744
3219,0.0041029215476632,0.0394594705696196
3220,0.0039977320930116,0.0397019496594067
3221,0.0039375224677911,0.0395200893770086
3222,0.0039411521445308,0.0397482181278864
3223,0.0038052418416849,0.0399922986163114
3224,0.0037277286231435,0.0399970548454435
3225,0.0038341000977423,0.0399259848174012
3226,0.0038331852187697,0.0399817593333216
3227,0.0037433974054282,0.040077168230886
3228,0.0038223669680517,0.039947100845926
3229,0.0034290470122243,0.0401500626021831
3230,0.0035712245641656,0.0400786693974886
3231,0.0033660662920549,0.0404020005288532
3232,0.0033583883055257,0.0401902079924699
3233,0.0031151975551597,0.040495413683709
3234,0.0028689561319797,0.0402578204971025
3235,0.0030472327669412,0.0403786185263201
3236,0.0029632162636368,0.0403543014885551
3237,0.0028511110030176,0.0403394850391041
3238,0.0027528886421311,0.0404796630820482
3239,0.00294209316662,0.0407355150073799
3240,0.0027089473994895,0.0406288540039669
3241,0.0026220756005937,0.0406571105594705
3242,0.0026069814661149,0.0407509034602551
3243,0.0026659637280445,0.0406443355912904
3244,0.0025475358914138,0.040719250994548
3245,0.0022830838369958,0.0408814613618702
3246,0.0024232671994531,0.0407991722076014
3247,0.0021958315488718,0.0408093401101515
3248,0.0021199495885382,0.0407742071458985
3249,0.00220494475441,0.0410750556890344
3250,0.0017842525145949,0.0408380917113995
3251,0.0019012093688233,0.0410388013823104
3252,0.0017753631479209,0.0410830462683765
3253,0.0018288563758597,0.040900124244123
3254,0.0016118611091596,0.0410711924076764
3255,0.0014575698565473,0.0410770944725947
3256,0.0015650938680255,0.0409477689928587
3257,0.0014280981220565,0.0411814112186958
3258,0.0013442145250329,0.0410753970963433
3259,0.0009597727107509,0.0410039529678049
3260,0.0010866871398816,0.0412720107705945
3261,0.0011351459161723,0.0410293206536232
3262,0.0009237925342813,0.0409259424136669
3263,0.0007864368496559,0.0410088033941449
3264,0.0006949406252366,0.041125057312102
3265,0.0006688439481979,0.0410089206786939
3266,0.0003672252294216,0.0409597424988832
3267,0.000385504502969,0.0408224445711248
3268,0.0003917518255571,0.0407946377870429
3269,-3.930424040332614e-05,0.0407584020343556
3270,0.0001336894548245,0.0409306942802618
3271,3.1926870609044755e-05,0.0409598391267557
3272,-0.000122879132621,0.041060603556951
3273,-8.440636549056357e-05,0.0409192025827148
3274,-8.573494635055745e-05,0.0409376960476449
3275,-0.0003630884745681,0.0410568350860229
3276,-0.0005127300310503,0.0410027914224233
3277,-0.0005624650787621,0.0408648337713214
3278,-0.0007085894632479,0.0410542866366879
3279,-0.000712761559253,0.0410426799383112
3280,-0.0009618527788817,0.0409871587460835
3281,-0.0008326986559512,0.041080926124644
3282,-0.0011245501714658,0.0409369286319467
3283,-0.0010592150915925,0.0409167676133144
3284,-0.0012884034681739,0.0407743569009868
3285,-0.00112119963924,0.0406250665136661
3286,-0.0013344676295189,0.0407607427560557
3287,-0.0014247896684188,0.0406315214497148
3288,-0.001687247378879,0.0408095624305496
3289,-0.0016248662911693,0.040779627077473
3290,-0.0015926787818654,0.0405461831345965
3291,-0.0017301800167747,0.0405021245296122
3292,-0.0018825006514361,0.0405998390732901
3293,-0.0020476039316237,0.0403462318589677
3294,-0.0020951487938422,0.0403657274620313
3295,-0.0023084602658255,0.0402281434393935
3296,-0.0021828765021856,0.0401664059738243
3297,-0.0024024446501735,0.0402698222224419
3298,-0.0024781216264345,0.0401123848124503
3299,-0.0025526640285389,0.0401536579216703
3300,-0.0028249991477466,0.0402347057067359
3301,-0.0028943532694902,0.0402477983025348
3302,-0.0030456217738629,0.0400483968216416
3303,-0.0028300848360976,0.0401394478537462
3304,-0.0030139181336882,0.0400742734914017
3305,-0.0032735458897481,0.0402513150573878
3306,-0.0032304627879148,0.0400363555761391
3307,-0.0034171489887626,0.0397792009401323
3308,-0.0033262721503856,0.0399143008160158
3309,-0.0035406993288709,0.0399875173440059
3310,-0.0035595932787647,0.0395842675372786
3311,-0.0037335938535379,0.0395794771813533
3312,-0.0037810599060494,0.0395907683334739
3313,-0.0038508549060405,0.0396782371515072
3314,-0.0041292924879142,0.0395852304382324
3315,-0.0042685046899144,0.0393891540439811
3316,-0.0040415537670364,0.039571625006757
3317,-0.004255801175944,0.0393672914331229
3318,-0.0043931665754181,0.039514574197554
3319,-0.0047090069268032,0.0392212719417878
3320,-0.0046553508944511,0.0391227272741689
3321,-0.0046182634089098,0.0390374966290343
3322,-0.004919157695076,0.0390666938140562
3323,-0.0048776955959488,0.03883202722156
3324,-0.0050345754923081,0.0389064232198296
3325,-0.0050696170701253,0.0387802338404249
3326,-0.0054320634209873,0.0385808495775062
3327,-0.0054022674425264,0.0386625762871509
3328,-0.0054722863388416,0.0386379207866737
3329,-0.0057194334368384,0.0384851343765497
3330,-0.0057885826070543,0.0385574588266654
3331,-0.0057584284073175,0.038516547085417
3332,-0.0060535491963982,0.03832270057477
3333,-0.0061463221754681,0.0383240056524808
3334,-0.0062283306961836,0.0380893235888709
3335,-0.0063898357195567,0.0381265909106287
3336,-0.0066661067163552,0.0380221140001029
3337,-0.0065450848675009,0.037890402594596
3338,-0.0068384117644645,0.0377679201856514
3339,-0.0069242772907062,0.0376931295464058
3340,-0.0068636143717698,0.0376750098185455
3341,-0.0068984381235393,0.037346566398606
3342,-0.0070336409836105,0.0373984992880571
3343,-0.0074686819020651,0.0373006564390258
3344,-0.0075580534418495,0.0370412085535735
3345,-0.0074670073791496,0.036995502182974
3346,-0.0075260835037646,0.0368959645269864
3347,-0.0075287088242971,0.0369410816773613
3348,-0.0076128656899281,0.0365889757903565
3349,-0.0076812872811141,0.0365523043201127
3350,-0.0079420564458021,0.0364785062531544
3351,-0.0078765083473732,0.0363974477208474
3352,-0.0079999217649936,0.0364878743986664
3353,-0.0083144286939697,0.0360610276054647
3354,-0.0083205592460948,0.0363011936027385
3355,-0.0082842667499983,0.0361087554938953
3356,-0.0085718662303992,0.0360313606144905
3357,-0.0086775775860261,0.0357741645940335
3358,-0.0088781870675306,0.0357799531418078
3359,-0.0088127497743127,0.0356093208215957
3360,-0.0091888991242949,0.0353983886354139
3361,-0.0090868935542453,0.0351014858227784
3362,-0.0093943909201052,0.0349746290599704
3363,-0.0093234958973104,0.0349515976592978
3364,-0.009592403753745,0.0348522343314234
3365,-0.0095565293242037,0.0346361761210939
3366,-0.009581709936577,0.0343826224392609
3367,-0.0098621504474824,0.0341022518350718
3368,-0.0099523323345963,0.0340604757900317
3369,-0.0100322285969599,0.0341311585172695
3370,-0.0103221160552792,0.0340620851608088
3371,-0.0101325621522228,0.0338110368948345
3372,-0.010350310452717,0.0336810130229658
3373,-0.0103210610301388,0.033640511982681
3374,-0.0104051672463559,0.0333974598004956
3375,-0.0106873760818889,0.0335875815137498
3376,-0.0107562547936337,0.0334084090365723
3377,-0.0107860441621763,0.0333487825088905
3378,-0.0109154613920668,0.0332319693957092
3379,-0.0108769388120963,0.0329426359863893
3380,-0.0111237188755659,0.0328067452939279
3381,-0.0112978854017702,0.0326599260639013
3382,-0.0113817961123953,0.0325713963824282
3383,-0.011455713461037,0.0324394805130146
3384,-0.0116787352017464,0.0322163224560878
3385,-0.0117690728143978,0.0323178101321388
3386,-0.011928503304942,0.0320731758810171
3387,-0.0120344122056577,0.0318485281612207
3388,-0.0120455457753984,0.0318089073491942
3389,-0.0120954251288455,0.0317373731298043
3390,-0.0123382604917115,0.0316620828397549
3391,-0.0126938388694531,0.0314254290335264
3392,-0.0127012319966696,0.0311793360160975
3393,-0.0127270451797756,0.0312778334552884
3394,-0.0129385008421777,0.0311956432205935
3395,-0.0127953291355133,0.0311417631945903
3396,-0.0129999459398731,0.0308920477722541
3397,-0.013123001564027,0.0308557385602774
3398,-0.0132416949456404,0.0305620753763903
3399,-0.0133752877479042,0.0303652173334591
3400,-0.0134035343125284,0.03017491834044
3401,-0.0136294640091204,0.030132827810284
3402,-0.0137439037931343,0.0299920661981624
3403,-0.0139284947499782,0.0297699373669326
3404,-0.014042553795215,0.0294699862864781
3405,-0.013939316674765,0.0293301822330533
3406,-0.0142534884651032,0.0293150251886262
3407,-0.0143866483860966,0.0291340149682723
3408,-0.0142897880785855,0.0289096133252921
3409,-0.0143098778830291,0.0288868021872068
3410,-0.0144636125001061,0.0285264437523752
3411,-0.014748983862,0.0286711231216516
3412,-0.0148189683325764,0.0282307642977494
3413,-0.0148363496075668,0.0283123147846116
3414,-0.0149553101147439,0.0282475741867861
3415,-0.0148356140140943,0.0280106488088016
3416,-0.0150137497789871,0.0277526088416418
3417,-0.015001215181028,0.0276236772315777
3418,-0.0152343986372828,0.0276088938708565
3419,-0.0154413643383605,0.0275039290577758
3420,-0.0155063133079177,0.0273112274875566
3421,-0.0155179002028202,0.0272628757517442
3422,-0.015606335913299,0.0269642605376118
3423,-0.0157438082631049,0.0267639345275703
3424,-0.0158825737996935,0.0266776063480843
3425,-0.0161344654414803,0.0264677860662909
3426,-0.0161480309841141,0.026502260022903
3427,-0.016308310686992,0.0261549080750292
3428,-0.0163200237437692,0.0260327094720149
3429,-0.0163906738824991,0.0258414212548769
3430,-0.0164564996657692,0.0257429072557431
3431,-0.0166308490908396,0.0257508132972892
3432,-0.0165667723929493,0.0255894100208963
3433,-0.0167976797430842,0.0254119950429774
3434,-0.0168474777243687,0.0252265438335118
3435,-0.0167654051741361,0.025187911571854
3436,-0.0169503367650378,0.0250927080251792
3437,-0.0169434041051666,0.0249799145479518
3438,-0.0173051946381758,0.0248025444813961
3439,-0.0173124195433986,0.0243678098529742
3440,-0.0172253616359646,0.0244710595758649
3441,-0.0174575392421196,0.0241625313104243
3442,-0.0173170701054141,0.0237659763842013
3443,-0.017695704606233,0.023680900479707
3444,-0.0177980620040884,0.0233474671478541
3445,-0.0179303344948401,0.0233442976227411
3446,-0.0180046639107995,0.0230041072211624
3447,-0.0181136200208331,0.0230524187421196
3448,-0.0182991521304608,0.0229205776663397
3449,-0.0184553084022358,0.0225506489705987
3450,-0.0185057687544404,0.0223657846532228
3451,-0.0185423941138677,0.0223335400999661
3452,-0.0188564303126856,0.0221723660461174
3453,-0.0189765398815401,0.0219472015297426
3454,-0.0189419021479569,0.0218125728119794
3455,-0.019083689976766,0.0217259933324333
3456,-0.0190857149701875,0.021510516208733
3457,-0.019264011767915,0.0213889916360881
3458,-0.0191919668471989,0.0212951125868525
3459,-0.0192107708768662,0.0211951848931985
3460,-0.0192113759200636,0.0211276136672945
3461,-0.0193211588929641,0.0207061867613529
3462,-0.0192827273239051,0.0207862278519716
3463,-0.0195387597791654,0.0203673617907746
3464,-0.0195655500630365,0.0204735549040036
3465,-0.0196506870178916,0.0200669110921108
3466,-0.0196001672242582,0.0200245753293619
3467,-0.0198665866307587,0.0197636016546104
3468,-0.0198539216774352,0.0195698056252581
3469,-0.0199914272376784,0.0193632654272766
3470,-0.0200073294453588,0.0193369038262077
3471,-0.0202400816728191,0.0191067726594731
3472,-0.0204003035309356,0.0189443111359999
3473,-0.0206281365691742,0.0189588020358514
3474,-0.0206113158756485,0.0185940382098673
3475,-0.0208590893771755,0.0182636446793008
3476,-0.0208278009296978,0.0181413088319761
3477,-0.0208521282206066,0.0178789176373032
3478,-0.0210695826113911,0.0177936790407222
3479,-0.0212030029842865,0.0177171592415823
3480,-0.0211427558604864,0.0175773272079184
3481,-0.021327129200191,0.01736018507612
3482,-0.0211442540026528,0.0171518971506042
3483,-0.0213448393062212,0.017186602603491
3484,-0.0213399715550008,0.0167660223382752
3485,-0.0214564430314234,0.0166488393927388
3486,-0.0214581780512835,0.0165084591644372
3487,-0.0215400049098226,0.0163283809930924
3488,-0.0216370614415826,0.0162334213845816
3489,-0.0218487332204467,0.0159456404106377
3490,-0.0218956580596724,0.0158135487085566
3491,-0.0219854981119286,0.0156878324809133
3492,-0.0222607576122173,0.0154885146739734
3493,-0.0220952281457976,0.0152971193751387
3494,-0.0222709658801424,0.0149407118661328
3495,-0.0223896096259751,0.0152084386077614
3496,-0.0224130669335894,0.0147355472247273
3497,-0.0224053311928782,0.0146418073053682
3498,-0.0226447647333613,0.0144560519013995
3499,-0.0225369109242111,0.014404101327657
3500,-0.0224024439742798,0.0139570959618485
3501,-0.0225130930783096,0.0138881321095132
3502,-0.0225309329109452,0.0137583747223075
3503,-0.0228290442613395,0.0134200718690886
3504,-0.022990509597381,0.0135590445765465
3505,-0.0227518166267521,0.0132771783330498
3506,-0.0228789157969476,0.0130870364884224
3507,-0.0230862485952959,0.0128397634537161
3508,-0.0231997547489762,0.0127489941009952
3509,-0.0230969079243512,0.0125025982690573
3510,-0.0231857238304111,0.0124549124335449
3511,-0.0231933100663382,0.0123469430341318
3512,-0.0232735527298835,0.0120737018000212
3513,-0.0234264060775059,0.0117881811333511
3514,-0.0237552518759147,0.0116145309677982
3515,-0.0234766377317771,0.0116167926966306
3516,-0.023521957791728,0.0113148059725145
3517,-0.0235255026423834,0.0113416680073343
3518,-0.0236850663103505,0.0109574440720073
3519,-0.0237282607159349,0.0108664022053261
3520,-0.0237190740357536,0.010447891071256
3521,-0.0238212335879046,0.010630406348898
3522,-0.0239377170591331,0.0104567198434828
3523,-0.0239117617762181,0.0101346467184247
3524,-0.023851562805978,0.0099641394951609
3525,-0.0239106499552779,0.0098462495529943
3526,-0.024138823071033,0.0098814727289415
3527,-0.0240755430779181,0.0095801144392427
3528,-0.0242911651685426,0.009211664616917
3529,-0.0242665165025426,0.0091333539844999
3530,-0.0241878042871604,0.0090762097083055
3531,-0.0243846566697082,0.0087641886116442
3532,-0.024447159037566,0.0087003565746908
3533,-0.0243791069181871,0.0084037515343501
3534,-0.0242558108790952,0.0083763149841359
3535,-0.0244547679278867,0.0080649494740401
3536,-0.0245990481711131,0.0079468313210925
3537,-0.0246801030851328,0.0075181767312314
3538,-0.0248276127468215,0.0076054472842984
3539,-0.0249340113241379,0.0073867041549387
3540,-0.0247787358251049,0.0071734912737037
3541,-0.0247747513978079,0.0069653398269428
3542,-0.0248109124303911,0.0068340647567021
3543,-0.024899233051054,0.0067157894606216
3544,-0.0249708409423191,0.0065441528423014
3545,-0.0250130278652264,0.0064376516926195
3546,-0.0250311858983359,0.0062298927570257
3547,-0.0250486283301042,0.005869556954497
3548,-0.0249651686890181,0.0058645147591421
3549,-0.0249933429435884,0.0057232404001185
3550,-0.0252061294023424,0.0057515903615511
3551,-0.0253571313138174,0.0055437523824513
3552,-0.0254683142539893,0.005498749674931
3553,-0.0252637331380271,0.0054355977468587
3554,-0.0253223257582824,0.0053636738375131
3555,-0.0254579441233366,0.0051660048046182
3556,-0.0256959404817403,0.0048897133604287
3557,-0.025675453222003,0.0048196199716621
3558,-0.0255634844725852,0.0044826538594381
3559,-0.0258569598018858,0.0046015185992178
3560,-0.0258312476182351,0.004412777120747
3561,-0.0258551634378313,0.0041085060767906
3562,-0.0258983807585331,0.0040089483832973
3563,-0.0258818625293887,0.0040222178987494
3564,-0.0258357065184194,0.0035660002694015
3565,-0.0259336613335199,0.0033889544955352
3566,-0.026014536122445,0.0033755864314168
3567,-0.0260721798727985,0.0032438742852528
3568,-0.0259079976120192,0.0028839450191504
3569,-0.0259422661024061,0.0027089983981293
3570,-0.0260292877659181,0.0026381095448261
3571,-0.0259394322030675,0.0024838989213195
3572,-0.025848855004188,0.0024517194123134
3573,-0.0257543281279079,0.0021621294129551
3574,-0.0258067950404754,0.0021641452079069
3575,-0.0259477265478758,0.0021690128354999
3576,-0.0259463906958175,0.0019796356877066
3577,-0.0259766632697145,0.0018518160101172
3578,-0.0259233522946724,0.0017122098019172
3579,-0.0260044926757494,0.0015984408506047
3580,-0.0260801360707204,0.0014157141241826
3581,-0.0260917790301857,0.0012673924971485
3582,-0.0260542462379337,0.0009985737827774
3583,-0.0262237508173608,0.0009758892478529
3584,-0.0264276059314548,0.0007800144126518
3585,-0.0263749645827759,0.0005077917509311
3586,-0.0263995308134398,0.0004717790899204
3587,-0.0263572783203359,8.310980356607267e-05
3588,-0.0263386238314145,0.0001485504565638
3589,-0.0262938995861191,-0.0002281670769953
3590,-0.0262563533846825,-0.0002854707561675
3591,-0.0262405423667989,-0.0003954881865689
3592,-0.0264899316116042,-0.0003761619203772
3593,-0.0262905840376563,-0.0006449850563327
3594,-0.0263463900029146,-0.0009148739397383
3595,-0.0260775147047194,-0.000948881062458
3596,-0.0263883549611136,-0.0010154653486953
3597,-0.0263795347327587,-0.0012148875055719
3598,-0.0263427050705752,-0.0011776227472612
3599,-0.026277284129299,-0.0014225049519331
3600,-0.0262661094029414,-0.0013935509442954
3601,-0.0261412416247656,-0.0015740096955854
3602,-0.026308385767265,-0.0017558529235619
3603,-0.0263077396421394,-0.0019078919924962
3604,-0.0262624135028806,-0.0018528981850303
3605,-0.0262965622961074,-0.0018906484356379
3606,-0.0263222090939947,-0.0019495163903182
3607,-0.0262423331649177,-0.0021661457993711
3608,-0.0264390372163395,-0.0023049425595455
3609,-0.0262623377947864,-0.0022742503140266
3610,-0.0262259842858236,-0.0025908018524183
3611,-0.0262473322140284,-0.0026435525107277
3612,-0.0263620051009537,-0.0027951372687493
3613,-0.0265505284146203,-0.0029364139148159
3614,-0.0262704246758297,-0.0029969468591818
3615,-0.0265418211650302,-0.0030551178233858
3616,-0.0263213509015514,-0.0031042525752786
3617,-0.0264820137435758,-0.0031802245290013
3618,-0.0263113235881097,-0.0032752582449667
3619,-0.0264664590709577,-0.0035277121298343
3620,-0.0264747801666907,-0.0034626285364919
3621,-0.0263663835839231,-0.0039494838696902
3622,-0.0264607534938558,-0.0039402059502112
3623,-0.0263490671762494,-0.0041814383812944
3624,-0.0263102560605303,-0.0043799458006016
3625,-0.0262125882147445,-0.0045443634919034
3626,-0.0262864448455228,-0.0047418667850573
3627,-0.0260899441980518,-0.0047901107559796
3628,-0.026216943956041,-0.0047473106266235
3629,-0.0263332510148617,-0.0049667053685968
3630,-0.0262043929156526,-0.0048748086849038
3631,-0.026101723035215,-0.0051817526103756
3632,-0.0261754555703132,-0.0051617947400977
3633,-0.0261121917104453,-0.0053408325628493
3634,-0.0260303678698336,-0.0051619510763379
3635,-0.0262036317009849,-0.0054831660241209
3636,-0.0260592119946538,-0.0054688459955776
3637,-0.0261856906798062,-0.0057269183258812
3638,-0.0260920315235823,-0.0054181263959713
3639,-0.0260413694024393,-0.0056664594934783
3640,-0.0259061441032689,-0.0057342533438606
3641,-0.0260972952977865,-0.0058088058458575
3642,-0.0258682808055241,-0.005765449863288
3643,-0.026074082583993,-0.0060086799055973
3644,-0.0257896860286436,-0.0060168342278266
3645,-0.0256688835728245,-0.0061664647305868
3646,-0.0258753461877392,-0.0062283584600283
3647,-0.0257400975803841,-0.0062537165196755
3648,-0.0258834829295235,-0.0063557621580886
3649,-0.0257125102953225,-0.0064918507300375
3650,-0.0256890833000537,-0.0064309299636431
3651,-0.0256975792036271,-0.0066266996324242
3652,-0.0257802942035413,-0.0067108196552687
3653,-0.0255326743348407,-0.0066491572964061
3654,-0.0255671376700647,-0.0066296367653792
3655,-0.0254763881192021,-0.006953091717016
3656,-0.0255544792835253,-0.0070107136179019
3657,-0.0256075112212364,-0.0069227773778893
3658,-0.0256047220333341,-0.0072161433527487
3659,-0.0253798147791826,-0.0072194313782648
3660,-0.0254091816553425,-0.0071630600353683
3661,-0.0252500242955187,-0.0075459273501105
3662,-0.0251798045705061,-0.0075447120936355
3663,-0.0252910390881372,-0.0076415715821527
3664,-0.0252293179740434,-0.0075958477195095
3665,-0.0249201280821946,-0.0076719146972691
3666,-0.0251344825850685,-0.0078547629358238
3667,-0.0250378372381569,-0.0079888050314785
3668,-0.0247351677337036,-0.0081143350254722
3669,-0.0249501817006438,-0.0082701226039561
3670,-0.0246825603045446,-0.0081541258979656
3671,-0.0245016040475427,-0.0081799877833957
3672,-0.0248514969144275,-0.0083670180042101
3673,-0.024623663479399,-0.0084023554289193
3674,-0.0245782940161975,-0.0085133424394431
3675,-0.0244497006726809,-0.0085859305909709
3676,-0.0246294468329536,-0.0086009531834321
3677,-0.0243579688173009,-0.0087210830614753
3678,-0.0242762675821207,-0.0087471457144438
3679,-0.0242734720198523,-0.0088748064763545
3680,-0.0243412572589068,-0.0089305563258759
3681,-0.024106577606156,-0.0091232700767311
3682,-0.0242022191385115,-0.009116542248812
3683,-0.0240539345807372,-0.0092513077108224
3684,-0.0242948333044784,-0.0089514048199168
3685,-0.0238525783169825,-0.0091532363777961
3686,-0.0238160052610225,-0.0092994620306889
3687,-0.0237577739148176,-0.0090050586693324
3688,-0.0238472540919546,-0.0093126317289525
3689,-0.0236895142093344,-0.0092524428031336
3690,-0.0237989880469478,-0.009504302374361
3691,-0.0235263570640856,-0.0094728835148899
3692,-0.0236327529221849,-0.0095258639230081
3693,-0.0236002457081254,-0.0096922089944773
3694,-0.0234090024460268,-0.0095475256311751
3695,-0.0232129419947842,-0.0095894467793455
3696,-0.0233451479479763,-0.0098699261295856
3697,-0.0232272403337778,-0.009637972516828
3698,-0.023083833714864,-0.0098787106203275
3699,-0.023334396653226,-0.0098124706977595
3700,-0.0231811492712043,-0.0096359481708584
3701,-0.0231426682880687,-0.0098089161640421
3702,-0.0230846366036222,-0.0100148210338018
3703,-0.0230262854516866,-0.0099848835808814
3704,-0.0228119376000016,-0.0100282040502653
3705,-0.0228972449501245,-0.0101610934311668
3706,-0.0228278850373244,-0.0099138522570155
3707,-0.0228450218284888,-0.0103068948236206
3708,-0.0229756294287836,-0.0101911500433737
3709,-0.022901271683248,-0.0102135285745658
3710,-0.022675797961006,-0.0103355321274765
3711,-0.022578697264352,-0.0104903844565503
3712,-0.0224234484286405,-0.0103154294603868
3713,-0.0223291715221699,-0.0103094071817317
3714,-0.0222166130460678,-0.0104610359074689
3715,-0.0220441991341737,-0.0102026767686116
3716,-0.0220487042054592,-0.0100749646390834
3717,-0.0220993340456459,-0.0103180644798853
3718,-0.0216794361573063,-0.0103631215156738
3719,-0.0218695654039846,-0.0101579354540007
3720,-0.0217224739813243,-0.0102379831465109
3721,-0.0216685112169399,-0.0103593880889396
3722,-0.0215436947702887,-0.0101658014211051
3723,-0.0214468484325403,-0.0099668279269046
3724,-0.0213222310141574,-0.0101408083985669
3725,-0.0213307642731128,-0.010236291036202
3726,-0.0210585280146187,-0.0101700594661529
3727,-0.0210902010554121,-0.0100160278486764
3728,-0.0206305632432605,-0.0101415415880863
3729,-0.0206902928568206,-0.0100645454327504
3730,-0.0207062398054944,-0.0100353295750877
3731,-0.0206042723292863,-0.0101272471515662
3732,-0.0204400293348326,-0.0101233603310639
3733,-0.0202339810212036,-0.0101594999411136
3734,-0.02033495559654,-0.0102123106622752
3735,-0.0202550442218207,-0.0101554888072802
3736,-0.0202259669878714,-0.0105055502328995
3737,-0.0200194465152072,-0.0103050815399414
3738,-0.0201201235538752,-0.0103736914732522
3739,-0.0198893358832933,-0.0105122395217133
3740,-0.0199962130120881,-0.0103637708182428
3741,-0.0199768005746601,-0.0104322958664047
3742,-0.0199130902224247,-0.0103855612466715
3743,-0.0198641773813055,-0.0104088673420963
3744,-0.01980754187516,-0.0101382466618307
3745,-0.0197930670562125,-0.0103057102590621
3746,-0.0196641975048792,-0.0102643820310147
3747,-0.0194553933295922,-0.0102842266189494
3748,-0.0192659833666213,-0.0102050357081652
3749,-0.0190946987476638,-0.0101805648712821
3750,-0.0190024114608075,-0.0102960178518295
3751,-0.0189133845646838,-0.0102664841417141
3752,-0.0189986457676258,-0.0102875748278801
3753,-0.0188321321882323,-0.010185955207456
3754,-0.0186802272259872,-0.0102375879300778
3755,-0.0186317429069022,-0.0100703476894264
3756,-0.0184906175833229,-0.0102428153232289
3757,-0.01846650163373,-0.0102257150132584
3758,-0.0183332435625405,-0.0102043885853366
3759,-0.0181693533256492,-0.0101314898591259
3760,-0.0180146721350432,-0.0102243468498749
3761,-0.0180677727029406,-0.0101780441702009
3762,-0.0178419484355134,-0.0099330810222175
3763,-0.0179882175638357,-0.0102578615520894
3764,-0.0178191551436737,-0.0102981466500353
3765,-0.0176995634552678,-0.0102663641503249
3766,-0.0174906937031188,-0.0102972597312826
3767,-0.0174314499765138,-0.0100417290337025
3768,-0.0173769301216768,-0.0100740492368073
3769,-0.0172611910736025,-0.0096951227263676
3770,-0.0171149507316513,-0.0097777857570094
3771,-0.0170449228183203,-0.0095517355274095
3772,-0.0168338838790117,-0.0097694965802937
3773,-0.0170949817818005,-0.0096191947024375
3774,-0.0167126573171961,-0.0094519839246618
3775,-0.0167458887979085,-0.0092592241218328
3776,-0.0168029799523124,-0.0092132119143996
3777,-0.0163644513894748,-0.0092709164736534
3778,-0.0164353893549398,-0.0091448353040158
3779,-0.0162843788478274,-0.0090929890565945
3780,-0.01628457198823,-0.0090777631265261
3781,-0.016142086216962,-0.0090830979529717
3782,-0.0158794748953042,-0.0091485867191105
3783,-0.0159119587047482,-0.0089877410521368
3784,-0.0156299980568757,-0.0088571389212657
3785,-0.0155255691065404,-0.0090261061182446
3786,-0.0154975204648613,-0.0088768926357654
3787,-0.0153545948915961,-0.0086966359771041
3788,-0.0153453094653963,-0.0086243159895142
3789,-0.0154061834835325,-0.0085397692642199
3790,-0.0152256870616242,-0.008380355436406
3791,-0.0151427267333624,-0.0085113912852067
3792,-0.0148243348973816,-0.008309323637952
3793,-0.0150218469988448,-0.0082778999926951
3794,-0.0148999575153918,-0.0081168566338289
3795,-0.0146271282502365,-0.0079068078162651
3796,-0.0146000986232525,-0.0079952536388036
3797,-0.0144255231706825,-0.0079613586441199
3798,-0.0144424885448468,-0.007807539218746
3799,-0.0143558729138503,-0.0077926375930591
3800,-0.0141916515612835,-0.0076304131412607
3801,-0.0141261345993381,-0.0077464852607397
3802,-0.0140901804190247,-0.0076360369764285
3803,-0.013895588672846,-0.0074314812609782
3804,-0.0138175758033562,-0.0075897367637915
3805,-0.0135456385670798,-0.0073941661779992
3806,-0.0135851240341959,-0.0072133064404326
3807,-0.0131630874882314,-0.007171627931603
3808,-0.0134011254257401,-0.007132841075674
3809,-0.0130486963242971,-0.0068273396643104
3810,-0.0129611222006352,-0.0068481559372857
3811,-0.0126594975270978,-0.0069339109578997
3812,-0.0125387199690272,-0.006711611449349
3813,-0.0124662759767241,-0.0066650600788734
3814,-0.0124215402181935,-0.0067912033320578
3815,-0.0124965982721977,-0.0066160296379333
3816,-0.0122636601279243,-0.0065320856689425
3817,-0.0120208157846485,-0.0064798235409018
3818,-0.0120306770513969,-0.0063234039129653
3819,-0.0122224350535973,-0.0061211160951712
3820,-0.0119978760831551,-0.0061401302266553
3821,-0.0118421313203435,-0.005826415906564
3822,-0.0119004132097857,-0.0058485357670921
3823,-0.011658293604131,-0.0059076339835626
3824,-0.0116833391637047,-0.0057587025743833
3825,-0.0116283419561549,-0.0056246076009983
3826,-0.0114408255560976,-0.0054171997678386
3827,-0.0112780310121352,-0.0054028083137434
3828,-0.0110941280793334,-0.0051017080469437
3829,-0.0111746410316424,-0.005209165903013
3830,-0.0110899817679617,-0.0052113213578979
3831,-0.0109268664923507,-0.0050318146302636
3832,-0.0107245041136574,-0.0049177223814331
3833,-0.0106748556451512,-0.004943970015328
3834,-0.0103532258041499,-0.0046825561784057
3835,-0.0102277411116454,-0.0047082753595923
3836,-0.0100307116416031,-0.0044883987232685
3837,-0.0099701898645669,-0.0045418416885844
3838,-0.0098818316329076,-0.0045498771056783
3839,-0.0096482366785403,-0.0042348173327673
3840,-0.0096762101351568,-0.0042590534701886
3841,-0.0094595371378372,-0.0040702376603258
3842,-0.0093559194226653,-0.0039846244875267
3843,-0.0091529315263353,-0.0038035253780275
3844,-0.009054114115288,-0.0037372772832195
3845,-0.008912436135003,-0.0036590831620672
3846,-0.0087584973990414,-0.0034559154468388
3847,-0.0088946996426212,-0.0033919502305613
3848,-0.0085621715995994,-0.0030972423477161
3849,-0.0086646190020738,-0.0030691442741474
3850,-0.0082800701799804,-0.0029490658269655
3851,-0.0080571567606906,-0.0028488716644511
3852,-0.0082233841789206,-0.0025434517738506
3853,-0.0080956485278408,-0.0025448005454465
3854,-0.0080428293578299,-0.0024570485366696
3855,-0.0079147156819314,-0.0023949835695421
3856,-0.0078273324085842,-0.002249113706733
3857,-0.00774019924121,-0.0022007544514475
3858,-0.0075329757778018,-0.0021186161473102
3859,-0.007537921410506,-0.001938913578252
3860,-0.0074655547252078,-0.0016109138683887
3861,-0.0072829799080831,-0.001674659113463
3862,-0.0071555199500232,-0.0014957750102752
3863,-0.0071411946053357,-0.001274015493372
3864,-0.0070927093306483,-0.0011841130464497
3865,-0.0069941886742227,-0.0010787306927529
3866,-0.0068246942755304,-0.0009793493949417
3867,-0.0066721995648266,-0.000917064654954
3868,-0.0066326597627254,-0.0006296647138638
3869,-0.0065448164797699,-0.0003808449517379
3870,-0.0064636943160049,-0.0003470839874914
3871,-0.0065385046907289,-0.0001033152441208
3872,-0.0060920219080086,0.0002024683048481
3873,-0.0062781656925836,0.0001994417519411
3874,-0.0061365397981674,0.0004174801242952
3875,-0.0056665150658145,0.0003289764109714
3876,-0.0056040746234856,0.0007201063631238
3877,-0.0054538836856118,0.0008761560941601
3878,-0.005378940352659,0.0007723540799169
3879,-0.0053782049622032,0.000762464187803
3880,-0.0051846178905347,0.0010277323253434
3881,-0.0051601052520565,0.0012559068051177
3882,-0.004843503086962,0.0014143364543485
3883,-0.0050951579192868,0.0015409330635802
3884,-0.0046956471564681,0.0017557977868656
3885,-0.0046504755889044,0.0018485961419597
3886,-0.0046797452895127,0.001828083010512
3887,-0.0045238597507906,0.0021215764231903
3888,-0.0042789711618128,0.0021858869519343
3889,-0.0043481359652072,0.0023918640075606
3890,-0.0039221298595091,0.0023699235292403
3891,-0.0040479383235603,0.0025286979210641
3892,-0.003783964716067,0.0027981693522546
3893,-0.0036115441751546,0.0029425125573877
3894,-0.0035468584179267,0.003179467636609
3895,-0.0036244340400176,0.0032700798558629
3896,-0.0034179134294599,0.0032690063055695
3897,-0.0030432151676789,0.00362306394413
3898,-0.0029612683532331,0.0039484064001044
3899,-0.0029863987914029,0.004145944804874
3900,-0.0030535206637816,0.0040822148567949
3901,-0.0027001831278333,0.0042929851214412
3902,-0.002629993316448,0.0044282302318574
3903,-0.0024837200375013,0.0045339865888079
3904,-0.0024397250587395,0.0048860830430222
3905,-0.0023972806381042,0.004915819602369
3906,-0.002300691732943,0.0052385728013902
3907,-0.0021675533465866,0.0054106818142746
3908,-0.002275411355139,0.0055185122842533
3909,-0.0021244991070378,0.0057330949238734
3910,-0.001921664622613,0.0058449071152761
3911,-0.0015799542936491,0.0059091392104799
3912,-0.0017895914348468,0.0061928759843978
3913,-0.0016989330238794,0.0063475158714707
3914,-0.0015465238492936,0.0064456425043847
3915,-0.0015456549825991,0.0066688475938802
3916,-0.001317755100104,0.0067687612868736
3917,-0.0011786715130672,0.0071846708607238
3918,-0.001087763801147,0.0072174911647468
3919,-0.0009950080119686,0.0072539883205309
3920,-0.0008311822606932,0.0074856290222515
3921,-0.0007695732295872,0.0077510917369905
3922,-0.0008651210404151,0.0079642752008922
3923,-0.0006962297763874,0.0081681745362873
3924,-0.0007784269904602,0.0081386389075139
3925,-0.0006662538289682,0.0082662846765108
3926,-0.0004320334032172,0.008595938779784
3927,-0.0003473126890611,0.0087289365287477
3928,-0.0001146868264804,0.0086579727100774
3929,-7.236911916291833e-05,0.0091013764860542
3930,0.0002879824659142,0.0092574049949257
3931,0.0001380620455403,0.0095033386554384
3932,0.0002949236080243,0.0098052719764639
3933,0.0004528365596549,0.0098594065849277
3934,0.0003879630845277,0.0100934138265165
3935,0.0004510811055168,0.0102744703247175
3936,0.0003619125846813,0.0105531260811939
3937,0.0008187412236715,0.0104747342761722
3938,0.000872785164133,0.0109013236688247
3939,0.0009423614878927,0.0108919792588526
3940,0.0008964075975291,0.0111841964100575
3941,0.0011089819661119,0.0112165287941239
3942,0.0014706951993527,0.011722759889917
3943,0.0012862191449484,0.0115891247572443
3944,0.0010597727929709,0.0118236593372617
3945,0.0014249961762577,0.0119551102528915
3946,0.0013540914707968,0.0121745358092349
3947,0.0012652886111314,0.0122119707382242
3948,0.0016024291208818,0.0123494329294478
3949,0.0017641761218596,0.0126172759537878
3950,0.0016068077665676,0.0125801249493013
3951,0.0016704271525566,0.0130688834383733
3952,0.0018196968227957,0.0130491724281642
3953,0.0019804223660421,0.01335028461105
3954,0.0019682552172068,0.0135925646650734
3955,0.0019661912577174,0.013774958154396
3956,0.0020069821607047,0.0140051360081769
3957,0.0020153455091358,0.0143051576313687
3958,0.0022420224640256,0.0144546515831446
3959,0.0023524943965443,0.0146919861767226
3960,0.0026505927261509,0.0147727815137607
3961,0.0025057605209414,0.0148966451848333
3962,0.0026082321979887,0.0151593093699099
3963,0.0026886291236831,0.0153590754388388
3964,0.0027848356609632,0.0155700907464468
3965,0.0030427648030771,0.015511040413924
3966,0.0030988795832135,0.0156686864982822
3967,0.0030972249684651,0.0158752917337679
3968,0.0031405854768879,0.0160939871469742
3969,0.0034190761778234,0.0161820822573509
3970,0.0034159963922124,0.0163972080777047
3971,0.0034328250929088,0.0164873481147182
3972,0.0036238126684737,0.0166419427583218
3973,0.0035509889060489,0.0167366427379082
3974,0.0037137060851125,0.0169744587666946
3975,0.0036695634439454,0.0172994325847451
3976,0.0040343826347627,0.0173639026583261
3977,0.004043704548361,0.0175435573682903
3978,0.0039408600295358,0.0177254493930452
3979,0.0042550677773621,0.0181333185090871
3980,0.0040516304454744,0.018260442291548
3981,0.0041398214423413,0.0183483791147374
3982,0.0041724607523038,0.0184949792404571
3983,0.0043033747276406,0.0188313619531137
3984,0.0044327121817844,0.0188461587092111
3985,0.0044307204453267,0.0192475166852975
3986,0.0046083713050086,0.0195205279598768
3987,0.0046604598039703,0.0193855068139706
3988,0.0046186974419997,0.0197123158316886
3989,0.0047828077757727,0.0196280351007941
3990,0.0047253616190919,0.0198859047132813
3991,0.0048670676892377,0.0202188385741322
3992,0.0048574375383727,0.020413074067782
3993,0.0047850216775539,0.0204455478912168
3994,0.0050992675515066,0.0208459820591457
3995,0.0049727654632075,0.0208508857934163
3996,0.0048290644740979,0.0209163028235997
3997,0.0050572666042909,0.0213668231875869
3998,0.0051092515327737,0.0213757487321822
3999,0.0050846815034794,0.0218665595292774
4000,0.0051032289731509,0.0217901423473923
4001,0.0050202769282755,0.022101557025408
4002,0.0051155400854013,0.0221205850517967
4003,0.004997785820896,0.0224518729269544
4004,0.0052741670711245,0.0224452992638087
4005,0.0052439638326177,0.0226535647884282
4006,0.0052520371622399,0.0229379818406395
4007,0.0052211827145829,0.0229214326790693
4008,0.0054617971277722,0.0231144933333968
4009,0.0051779319392599,0.0231675496031381
4010,0.005421234248931,0.0234909786893475
4011,0.0053029456177611,0.0239628634099297
4012,0.0051626632679541,0.0238155411002655
4013,0.0051262640830742,0.0242002717138397
4014,0.005473582408173,0.0241077782228674
4015,0.0054159325499121,0.0243298579189251
4016,0.0055515075869023,0.0246723061098835
4017,0.0054018593320425,0.0248668810228676
4018,0.0053186351817635,0.0251034855000996
4019,0.0054616741904222,0.0252360057169712
4020,0.0056192826745248,0.0253431005714043
4021,0.0056921460128175,0.0256770783844911
4022,0.0057832426463756,0.0259959707011327
4023,0.005680530578687,0.0263206652906793
4024,0.0058284441332843,0.0262131912838734
4025,0.0058332475074648,0.0265599295572185
4026,0.0059299049642583,0.0268874416450445
4027,0.0058333425576531,0.0270811896209758
4028,0.0058681665043867,0.0270788418863023
4029,0.0058590296839977,0.0275552637706241
4030,0.0059987832388735,0.0276001930324976
4031,0.0060618869742917,0.0276745283600818
4032,0.0059946988385062,0.0279220053908924
4033,0.0060640214225342,0.0279985804169154
4034,0.005989226485863,0.0282145173240893
4035,0.0061603022267577,0.0282847280465716
4036,0.0060788400185388,0.0286616468232973
4037,0.0060641049445541,0.0288140476337086
4038,0.006309277151193,0.0289272256913833
4039,0.0061801656478878,0.0289205568446875
4040,0.0062131008071094,0.0290043245774175
4041,0.0062807576643575,0.029274055609454
4042,0.0061816279037,0.0293521428004982
4043,0.006181013386622,0.0294368722244441
4044,0.0060044351526108,0.0297141567119324
4045,0.0060797838892196,0.0295842087337173
4046,0.0061943508469098,0.0301672665998656
4047,0.0060637581390086,0.030204157960405
4048,0.0060914413416648,0.0303852616059656
4049,0.0063062214937996,0.0304581954684235
4050,0.0060821149685941,0.0306463282997763
4051,0.0059718250662355,0.0307067531013853
4052,0.0060139330077432,0.0309484997517374
4053,0.0062841383826519,0.0311034817541925
4054,0.0062174276429404,0.0313324253565601
4055,0.0063804584029527,0.0312941578517291
4056,0.0061767871393111,0.0315186419783084
4057,0.0063062778908268,0.0318712777212559
4058,0.0061150186584035,0.0317234862125123
4059,0.0062187163500352,0.0321545367507216
4060,0.0062583757981056,0.032275836011338
4061,0.0063236584392092,0.0322147250874653
4062,0.0062068919216938,0.0324986351053561
4063,0.0064254824554487,0.0326761032413776
4064,0.0064348293117779,0.0326775773226313
4065,0.0061391758232715,0.0330308790275714
4066,0.0065587599836691,0.0331856045866201
4067,0.0064777306541389,0.0334195116191998
4068,0.0063571556606971,0.0334783748430296
4069,0.0063677244666077,0.0334934565142259
4070,0.0062915424088913,0.0335380657773053
4071,0.0063483553849722,0.0336799522317969
4072,0.0063758370525134,0.0339332311328389
4073,0.0062478637292488,0.0341685293917796
4074,0.006082563992811,0.0343290732767697
4075,0.0060420868805514,0.0344687825133547
4076,0.0059796616456799,0.0345822330414441
4077,0.0058974080932654,0.034633950105432
4078,0.0059281332384247,0.0347373695330094
4079,0.0059343781556419,0.0347224577852729
4080,0.0059734246781638,0.0351590198836251
4081,0.0058967246977943,0.0352181449103412
4082,0.0058729963646834,0.0353209982091412
4083,0.0058304329871144,0.0354068357857513
4084,0.0057125264178181,0.0356775540705763
4085,0.0057725496114158,0.0355732128704118
4086,0.0055987602378277,0.0359450588290181
4087,0.0056549773357601,0.0361227819058453
4088,0.0060010019009156,0.0361207229251148
4089,0.0055891776857536,0.0360960757763559
4090,0.0056791787992464,0.036315014514945
4091,0.0057021001066301,0.0364587804626327
4092,0.0055434407114339,0.0367016271813254
4093,0.005658609343816,0.0367160585073505
4094,0.0055663479796427,0.036564292330255
4095,0.0056415371986915,0.037103728945016
4096,0.0055521149797843,0.0371858194791032
4097,0.0055127719204097,0.0372371117635737
4098,0.0055624553724678,0.0374667804994512
4099,0.0054782148419878,0.0374752014582203
4100,0.0053869685888466,0.0375756631823154
4101,0.0054607552264779,0.0375837501856017
4102,0.0052338304549235,0.037924401691483
4103,0.0052784784536416,0.0379962200545874
4104,0.0052929378097263,0.0381120560605576
4105,0.0050739125479977,0.0381470075138659
4106,0.0052370267453351,0.0382309660927552
4107,0.0052748639303702,0.0382454028496875
4108,0.0051503115831724,0.0387418235117894
4109,0.0051840514349313,0.038739946281291
4110,0.0052992840352527,0.0387526221343794
4111,0.0051845044739043,0.0389806423138131
4112,0.0050880020173144,0.0392177494522429
4113,0.0050394403980201,0.0391674015567492
4114,0.0049263727980437,0.0393654346116251
4115,0.0047837011485544,0.0393850075787791
4116,0.0048935737295286,0.0396955259981324
4117,0.0046035932694079,0.0394716676880104
4118,0.0047177807447515,0.0399439794455251
4119,0.0046809510991194,0.0397316192646003
4120,0.0045258872405594,0.0399772441672146
4121,0.0043082987419731,0.0401408349967231
4122,0.0044607453689674,0.0400443247692731
4123,0.0044220088334898,0.0401372226816249
4124,0.0043150314934664,0.040014025511498
4125,0.0043353265524362,0.0402405766179085
4126,0.0042726024591789,0.0402608103415014
4127,0.0042286376959075,0.0404002689976111
4128,0.0042829824781497,0.040279896643334
4129,0.0040227205326178,0.040570777613956
4130,0.0040575137854113,0.0408254740799864
4131,0.0039541281059893,0.0406403510951161
4132,0.0039066520067837,0.0409426733965088
4133,0.0037068752428138,0.0409322746050822
4134,0.0035446568112979,0.0410474113257842
4135,0.0034050829512627,0.0411485875478596
4136,0.0035206910998098,0.0414284025259652
4137,0.0034145043162225,0.0413250898361332
4138,0.0032481068792622,0.0416635510181318
4139,0.0033163636913143,0.0415477688011047
4140,0.003075007194584,0.0415237367997212
4141,0.0030579144706924,0.0418528903144001
4142,0.0030756306402707,0.0415966220315267
4143,0.0030417971625531,0.0419641777236583
4144,0.0027824181146192,0.0421577211093509
4145,0.0027994388151636,0.0419530091539216
4146,0.0027183883854441,0.041716083805981
4147,0.0028926670350757,0.0421559761848902
4148,0.0027763981102157,0.0421100059971101
