wavenumber_cm1,reflectance_observed,reflectance_fitted,residual_signed,residual_abs,angle_deg
2500.257,0.1793117304,0.1793696061757347,-5.787577573476699e-05,5.787577573476699e-05,15.0
2500.739,0.179306109,0.179393759399783,-8.765039978306244e-05,8.765039978306244e-05,15.0
2501.221,0.1793735849,0.1794188268191371,-4.524191913707343e-05,4.524191913707343e-05,15.0
2501.703,0.1794256284,0.1794448040811202,-1.9175681120253696e-05,1.9175681120253696e-05,15.0
2502.186,0.1793893048,0.1794717434126977,-8.243861269771613e-05,8.243861269771613e-05,15.0
2502.668,0.1794720652,0.1794995286411637,-2.7463441163722013e-05,2.7463441163722013e-05,15.0
2503.15,0.1794859814,0.1795282098594641,-4.222845946408316e-05,4.222845946408316e-05,15.0
2503.632,0.1794829503,0.1795577821943618,-7.483189436185977e-05,7.483189436185977e-05,15.0
2504.114,0.1795356744,0.1795882406447672,-5.256624476723815e-05,5.256624476723815e-05,15.0
2504.596,0.1796298609999999,0.1796195800826615,1.0280917338456597e-05,1.0280917338456597e-05,15.0
2505.078,0.1796715025,0.1796517952540396,1.9707245960398637e-05,1.9707245960398637e-05,15.0
2505.56,0.1797085,0.179684880779868,2.3619220131942956e-05,2.3619220131942956e-05,15.0
2506.042,0.1796663717,0.1797188311570626,-5.245945706267019e-05,5.245945706267019e-05,15.0
2506.525,0.1798046907,0.1797537138677696,5.097683223043159e-05,5.097683223043159e-05,15.0
2507.007,0.1797449992,0.1797893787118671,-4.437951186717082e-05,4.437951186717082e-05,15.0
2507.489,0.1798892632,0.1798258911514964,6.337204850356826e-05,6.337204850356826e-05,15.0
2507.971,0.1800197928,0.179863245197232,0.0001565476027679,0.0001565476027679,15.0
2508.453,0.1800817346,0.17990143474074,0.0001802998592599,0.0001802998592599,15.0
2508.935,0.180151709,0.1799404535558545,0.0002112554441454,0.0002112554441454,15.0
2509.417,0.1804380973,0.1799802952996734,0.0004578020003265,0.0004578020003265,15.0
2509.899,0.1804800529,0.1800209535136673,0.0004590993863326,0.0004590993863326,15.0
2510.382,0.1805310263,0.1800625084954979,0.0004685178045021,0.0004685178045021,15.0
2510.864,0.1805933629,0.1801047814767753,0.0004885814232246,0.0004885814232246,15.0
2511.346,0.1807229978,0.180147850855996,0.000575146944004,0.000575146944004,15.0
2511.828,0.1807051177,0.1801917097233087,0.0005134079766912,0.0005134079766912,15.0
2512.31,0.1808763796,0.1802363510590233,0.0006400285409766,0.0006400285409766,15.0
2512.792,0.180889355,0.1802817677348122,0.0006075872651877,0.0006075872651877,15.0
2513.274,0.1807858537,0.1803279525149269,0.0004579011850731,0.0004579011850731,15.0
2513.756,0.1808645555,0.1803748980574298,0.0004896574425702,0.0004896574425702,15.0
2514.239,0.1810960816,0.1804226966535752,0.0006733849464247,0.0006733849464247,15.0
2514.721,0.1810072683,0.1804711428158389,0.000536125484161,0.000536125484161,15.0
2515.203,0.1811495363,0.1805203270740886,0.0006292092259113,0.0006292092259113,15.0
2515.685,0.1810252614999999,0.1805702416740184,0.0004550198259815,0.0004550198259815,15.0
2516.167,0.1812495277,0.1806208787615036,0.0006286489384963,0.0006286489384963,15.0
2516.649,0.1814214109,0.1806722303839143,0.0007491805160856,0.0007491805160856,15.0
2517.131,0.1811926068,0.1807242884914414,0.0004683183085585,0.0004683183085585,15.0
2517.613,0.1810677072,0.1807770449384368,0.0002906622615631,0.0002906622615631,15.0
2518.095,0.1812759528,0.1808304914847665,0.0004454613152335,0.0004454613152335,15.0
2518.578,0.1812306802,0.1808847327994414,0.0003459474005585,0.0003459474005585,15.0
2519.06,0.1815420741,0.180939535841076,0.0006025382589239,0.0006025382589239,15.0
2519.542,0.1816116737,0.1809950036906665,0.0006166700093334,0.0006166700093334,15.0
2520.024,0.1815371216,0.1810511277437142,0.0004859938562857,0.0004859938562857,15.0
2520.506,0.1815641727,0.1811078993081776,0.0004562733918223,0.0004562733918223,15.0
2520.988,0.1817175512,0.1811653096058958,0.0005522415941041,0.0005522415941041,15.0
2521.47,0.1817802295,0.1812233497740227,0.0005568797259772,0.0005568797259772,15.0
2521.952,0.1817123054,0.1812820108664711,0.0004302945335288,0.0004302945335288,15.0
2522.435,0.1817523396,0.1813414074581332,0.0004109321418667,0.0004109321418667,15.0
2522.917,0.1819231436999999,0.1814012844763601,0.0005218592236398,0.0005218592236398,15.0
2523.399,0.1819955012,0.1814617550766625,0.0005337461233375,0.0005337461233375,15.0
2523.881,0.1820453861,0.1815228099944834,0.0005225761055166,0.0005225761055166,15.0
2524.363,0.1819438724,0.1815844398894036,0.0003594325105964,0.0003594325105964,15.0
2524.845,0.1822216186,0.181646635346647,0.0005749832533529,0.0005749832533529,15.0
2525.327,0.1822709,0.181709386878593,0.000561513121407,0.000561513121407,15.0
2525.809,0.182286738,0.1817726849262986,0.0005140530737013,0.0005140530737013,15.0
2526.292,0.1824530966,0.1818366528500305,0.0006164437499694,0.0006164437499694,15.0
2526.773,0.1824286494,0.1819008819858,0.0005277674141999,0.0005277674141999,15.0
2527.256,0.1826494217,0.1819658966728519,0.000683525027148,0.000683525027148,15.0
2527.738,0.1826224639999999,0.1820312848643229,0.000591179135677,0.000591179135677,15.0
2528.22,0.1826845617,0.1820971707402849,0.000587390959715,0.000587390959715,15.0
2528.702,0.1828768446,0.1821635443461663,0.0007133002538337,0.0007133002538337,15.0
2529.184,0.1828743765,0.18223039566696,0.0006439808330399,0.0006439808330399,15.0
2529.666,0.1828597883999999,0.1822977146288071,0.0005620737711928,0.0005620737711928,15.0
2530.148,0.1829525843,0.1823654911005884,0.0005870931994115,0.0005870931994115,15.0
2530.63,0.1831715052999999,0.1824337148955211,0.0007377904044787,0.0007377904044787,15.0
2531.113,0.1831803289999999,0.1825025186699298,0.0006778103300701,0.0006778103300701,15.0
2531.595,0.1830408781,0.1825716072109082,0.0004692708890917,0.0004692708890917,15.0
2532.077,0.183007522,0.182641112175264,0.0003664098247359,0.0003664098247359,15.0
2532.559,0.1833640322,0.1827110231695553,0.0006530090304446,0.0006530090304446,15.0
2533.041,0.1832799036,0.1827813297527549,0.000498573847245,0.000498573847245,15.0
2533.523,0.1832619303,0.182852021437881,0.0004099088621189,0.0004099088621189,15.0
2534.005,0.183554561,0.1829230876936334,0.0006314733063665,0.0006314733063665,15.0
2534.487,0.1834972657999999,0.1829945179460311,0.0005027478539688,0.0005027478539688,15.0
2534.969,0.183738104,0.183066301580059,0.0006718024199409,0.0006718024199409,15.0
2535.452,0.1836613986,0.18313857792992,0.0005228206700799,0.0005228206700799,15.0
2535.934,0.18343518,0.1832110370039916,0.0002241429960083,0.0002241429960083,15.0
2536.416,0.183848771,0.1832838173626355,0.0005649536373644,0.0005649536373644,15.0
2536.898,0.1839956778,0.1833569082431383,0.0006387695568616,0.0006387695568616,15.0
2537.38,0.1836233997,0.1834302988500276,0.0001931008499723,0.0001931008499723,15.0
2537.862,0.1841286802999999,0.1835039783567357,0.0006247019432642,0.0006247019432642,15.0
2538.344,0.1840789787,0.1835779359072663,0.0005010427927337,0.0005010427927337,15.0
2538.826,0.1841492899,0.1836521606178605,0.0004971292821394,0.0004971292821394,15.0
2539.309,0.1845868447,0.1837267963622757,0.0008600483377242,0.0008600483377242,15.0
2539.791,0.1841699398,0.1838015231366049,0.000368416663395,0.000368416663395,15.0
2540.273,0.184392758,0.1838764842471121,0.0005162737528879,0.0005162737528879,15.0
2540.755,0.1846078897,0.1839516687156681,0.0006562209843318,0.0006562209843318,15.0
2541.237,0.1847953734,0.1840270655447507,0.0007683078552492,0.0007683078552492,15.0
2541.719,0.1847657823,0.1841026637191196,0.0006631185808804,0.0006631185808804,15.0
2542.201,0.1847997034,0.1841784522074921,0.0006212511925078,0.0006212511925078,15.0
2542.683,0.1848978201,0.1842544199642203,0.0006434001357797,0.0006434001357797,15.0
2543.166,0.1849894037,0.1843307140565794,0.0006586896434206,0.0006586896434206,15.0
2543.648,0.1850515923,0.1844070074784948,0.0006445848215051,0.0006445848215051,15.0
2544.13,0.1851454607,0.1844834469393907,0.0006620137606092,0.0006620137606092,15.0
2544.612,0.1851973439,0.1845600213528966,0.0006373225471033,0.0006373225471033,15.0
2545.094,0.1853592053,0.1846367196266532,0.0007224856733467,0.0007224856733467,15.0
2545.576,0.1854462994,0.1847135306639842,0.0007327687360157,0.0007327687360157,15.0
2546.058,0.1855557335,0.1847904433655665,0.0007652901344334,0.0007652901344334,15.0
2546.54,0.1855746568,0.1848674466310977,0.0007072101689022,0.0007072101689022,15.0
2547.022,0.1855055339,0.1849445293609626,0.0005610045390373,0.0005610045390373,15.0
2547.505,0.1857270819,0.1850218405857841,0.0007052413142158,0.0007052413142158,15.0
2547.987,0.1859316151999999,0.1850990490638316,0.0008325661361683,0.0008325661361683,15.0
2548.469,0.1858974753,0.1851763037051156,0.0007211715948844,0.0007211715948844,15.0
2548.951,0.1860038513,0.1852535934293936,0.0007502578706063,0.0007502578706063,15.0
2549.433,0.1858013263,0.1853309071654037,0.0004704191345962,0.0004704191345962,15.0
2549.915,0.1863702627,0.1854082338525108,0.0009620288474891,0.0009620288474891,15.0
2550.397,0.1860594572999999,0.1854855624423524,0.0005738948576475,0.0005738948576475,15.0
2550.879,0.1861404409,0.1855628819004779,0.000577558999522,0.000577558999522,15.0
2551.362,0.1862687603999999,0.1856403415514092,0.0006284188485907,0.0006284188485907,15.0
2551.844,0.1864295163,0.1857176096305171,0.0007119066694828,0.0007119066694828,15.0
2552.326,0.1863710046,0.1857948355515971,0.0005761690484028,0.0005761690484028,15.0
2552.808,0.186745633,0.185872008352202,0.0008736246477979,0.0008736246477979,15.0
2553.29,0.186670478,0.1859491170919298,0.0007213609080701,0.0007213609080701,15.0
2553.772,0.1865995586,0.1860261508540362,0.0005734077459637,0.0005734077459637,15.0
2554.254,0.1867920172,0.1861030987470383,0.0006889184529617,0.0006889184529617,15.0
2554.736,0.1868083444,0.1861799499063137,0.0006283944936863,0.0006283944936863,15.0
2555.219,0.1867777663,0.1862568525954384,0.0005209137045616,0.0005209137045616,15.0
2555.7,0.1869259879,0.1863333187090483,0.0005926691909516,0.0005926691909516,15.0
2556.183,0.1870297355,0.1864099733356836,0.0006197621643163,0.0006197621643163,15.0
2556.665,0.1871372484,0.186486329205276,0.0006509191947239,0.0006509191947239,15.0
2557.147,0.1871159247,0.1865625344542784,0.0005533902457215,0.0005533902457215,15.0
2557.629,0.1874341691,0.1866385784125226,0.0007955906874773,0.0007955906874773,15.0
2558.111,0.1874756361,0.1867144504477103,0.0007611856522897,0.0007611856522897,15.0
2558.593,0.1875412665,0.186790139966955,0.0007511265330449,0.0007511265330449,15.0
2559.075,0.1874861586,0.1868656364183182,0.0006205221816817,0.0006205221816817,15.0
2559.557,0.1873905119,0.1869409292923351,0.0004495826076648,0.0004495826076648,15.0
2560.04,0.1875982597,0.1870161636590099,0.00058209604099,0.00058209604099,15.0
2560.522,0.1877702916,0.1870910175509288,0.0006792740490711,0.0006792740490711,15.0
2561.004,0.1878007047,0.1871656365856189,0.000635068114381,0.000635068114381,15.0
2561.486,0.1877215255,0.1872400104387083,0.0004815150612916,0.0004815150612916,15.0
2561.968,0.1877850578,0.1873141288358043,0.0004709289641956,0.0004709289641956,15.0
2562.45,0.1879691975,0.1873879815539662,0.0005812159460338,0.0005812159460338,15.0
2562.932,0.1878348626,0.187461558423169,0.0003733041768309,0.0003733041768309,15.0
2563.414,0.1880330375999999,0.1875348493277554,0.0004981882722445,0.0004981882722445,15.0
2563.896,0.1881821263,0.1876078442078803,0.0005742820921196,0.0005742820921196,15.0
2564.379,0.1880325832,0.1876806835426686,0.0003518996573313,0.0003518996573313,15.0
2564.861,0.1882440185,0.1877530557588955,0.0004909627411044,0.0004909627411044,15.0
2565.343,0.1881430342999999,0.1878251020998241,0.0003179322001758,0.0003179322001758,15.0
2565.825,0.1881064796,0.1878968127432044,0.0002096668567955,0.0002096668567955,15.0
2566.307,0.188358607,0.1879681779296568,0.0003904290703431,0.0003904290703431,15.0
2566.789,0.1881359502,0.1880391879640504,9.676223594956568e-05,9.676223594956568e-05,15.0
2567.271,0.1884198595,0.1881098332168692,0.0003100262831308,0.0003100262831308,15.0
2567.753,0.1883907044,0.1881801041255673,0.0002106002744326,0.0002106002744326,15.0
2568.236,0.1883802591,0.1882501357842853,0.0001301233157146,0.0001301233157146,15.0
2568.718,0.1884899048,0.1883196287660427,0.0001702760339573,0.0001702760339573,15.0
2569.2,0.188591979,0.1883887191119016,0.0002032598880984,0.0002032598880984,15.0
2569.682,0.1887841226999999,0.1884573975406567,0.0003267251593432,0.0003267251593432,15.0
2570.164,0.1888429355999999,0.1885256548446682,0.0003172807553317,0.0003172807553317,15.0
2570.646,0.188822138,0.188593481891143,0.0002286561088569,0.0002286561088569,15.0
2571.128,0.1889808237,0.1886608696234019,0.0003199540765981,0.0003199540765981,15.0
2571.61,0.1887777300999999,0.188727809062135,4.9921037864913975e-05,4.9921037864913975e-05,15.0
2572.093,0.1890045883999999,0.1887944287552263,0.0002101596447736,0.0002101596447736,15.0
2572.575,0.1891640764,0.1888604440087003,0.0003036323912996,0.0003036323912996,15.0
2573.057,0.1891379089,0.1889259844892349,0.000211924410765,0.000211924410765,15.0
2573.539,0.1893990673,0.188991041539449,0.0004080257605509,0.0004080257605509,15.0
2574.021,0.189297654,0.1890556065854046,0.0002420474145953,0.0002420474145953,15.0
2574.503,0.1893881026,0.1891196711377792,0.0002684314622208,0.0002684314622208,15.0
2574.985,0.1894362513,0.1891832267930242,0.0002530245069757,0.0002530245069757,15.0
2575.467,0.1895261182,0.1892462652345092,0.0002798529654907,0.0002798529654907,15.0
2575.949,0.189457346,0.1893087782336508,0.0001485677663491,0.0001485677663491,15.0
2576.432,0.189484874,0.1893708856787744,0.0001139883212255,0.0001139883212255,15.0
2576.914,0.1895563797,0.189432322333207,0.0001240573667929,0.0001240573667929,15.0
2577.396,0.1897783239,0.1894932093824866,0.0002851145175133,0.0002851145175133,15.0
2577.878,0.1896543969,0.1895535389614087,0.0001008579385912,0.0001008579385912,15.0
2578.36,0.1897454019,0.1896133032982407,0.0001320986017592,0.0001320986017592,15.0
2578.842,0.189894246,0.1896724947157613,0.0002217512842386,0.0002217512842386,15.0
2579.324,0.1896911451,0.1897311056322839,-3.996053228388918e-05,3.996053228388918e-05,15.0
2579.806,0.1895796524,0.1897891285626637,-0.0002094761626637,0.0002094761626637,15.0
2580.289,0.1898166923,0.1898466746396357,-2.9982339635720168e-05,2.9982339635720168e-05,15.0
2580.771,0.1900399462,0.1899034982755616,0.0001364479244383,0.0001364479244383,15.0
2581.253,0.189905484,0.189959712044189,-5.422804418905858e-05,5.422804418905858e-05,15.0
2581.735,0.1902222609,0.1900153088565089,0.000206952043491,0.000206952043491,15.0
2582.217,0.1899033112,0.1900702817248541,-0.0001669705248541,0.0001669705248541,15.0
2582.699,0.1900471818999999,0.1901246237638104,-7.74418638104235e-05,7.74418638104235e-05,15.0
2583.181,0.1900340129,0.1901783281911108,-0.0001443152911108,0.0001443152911108,15.0
2583.663,0.1902321769,0.1902313883285132,7.885714867206239e-07,7.885714867206239e-07,15.0
2584.146,0.1901799781,0.1902839056545198,-0.0001039275545197,0.0001039275545197,15.0
2584.627,0.1901433323,0.1903355495459273,-0.0001922172459273,0.0001922172459273,15.0
2585.11,0.1903016925,0.1903867430952018,-8.505059520180769e-05,8.505059520180769e-05,15.0
2585.592,0.1901201753,0.1904371600045056,-0.0003169847045056,0.0003169847045056,15.0
2586.074,0.1903452606,0.1904869008099718,-0.0001416402099717,0.0001416402099717,15.0
2586.556,0.1902802165,0.1905359594752169,-0.0002557429752169,0.0002557429752169,15.0
2587.038,0.1901928875,0.1905843300735525,-0.0003914425735525,0.0003914425735525,15.0
2587.52,0.1903848155,0.1906320067887249,-0.0002471912887249,0.0002471912887249,15.0
2588.002,0.1903849917,0.1906789839156386,-0.0002939922156385,0.0002939922156385,15.0
2588.484,0.1903402853,0.1907252558610617,-0.0003849705610617,0.0003849705610617,15.0
2588.967,0.1905306072,0.1907709109273239,-0.0002403037273238,0.0002403037273238,15.0
2589.449,0.1904457573,0.1908157546899073,-0.0003699973899073,0.0003699973899073,15.0
2589.931,0.1905741134,0.1908598771584956,-0.0002857637584955,0.0002857637584955,15.0
2590.413,0.1904674498,0.1909032731942497,-0.0004358233942497,0.0004358233942497,15.0
2590.895,0.1906166496,0.1909459377734561,-0.0003292881734561,0.0003292881734561,15.0
2591.377,0.1907263068,0.1909878659881255,-0.0002615591881255,0.0002615591881255,15.0
2591.859,0.1906399986,0.1910290530465716,-0.0003890544465716,0.0003890544465716,15.0
2592.341,0.1905713965,0.191069494273974,-0.000498097773974,0.000498097773974,15.0
2592.823,0.1906900508,0.1911091851129213,-0.0004191343129212,0.0004191343129212,15.0
2593.306,0.1905722882,0.1911482011163833,-0.0005759129163833,0.0005759129163833,15.0
2593.788,0.1905900653,0.1911863763990239,-0.0005963110990239,0.0005963110990239,15.0
2594.27,0.1906773164,0.1912237883219971,-0.0005464719219971,0.0005464719219971,15.0
2594.752,0.1907129078999999,0.1912604328028456,-0.0005475249028456,0.0005475249028456,15.0
2595.234,0.1907791874999999,0.1912963058789641,-0.0005171183789641,0.0005171183789641,15.0
2595.716,0.1908962422,0.1913314037080331,-0.000435161508033,0.000435161508033,15.0
2596.198,0.1910000561,0.1913657225684328,-0.0003656664684328,0.0003656664684328,15.0
2596.68,0.1910396563,0.1913992588596391,-0.0003596025596391,0.0003596025596391,15.0
2597.163,0.1910212728999999,0.1914320762297185,-0.0004108033297185,0.0004108033297185,15.0
2597.645,0.1910709992,0.1914640354260397,-0.0003930362260397,0.0003930362260397,15.0
2598.127,0.1910273042,0.1914952019752627,-0.0004678977752627,0.0004678977752627,15.0
2598.609,0.1908896903,0.191525572765085,-0.0006358824650849,0.0006358824650849,15.0
2599.091,0.1909328047,0.1915551448059987,-0.0006223401059987,0.0006223401059987,15.0
2599.573,0.1911623631,0.1915839152315745,-0.0004215521315745,0.0004215521315745,15.0
2600.055,0.1910994485,0.1916118812987261,-0.0005124327987261,0.0005124327987261,15.0
2600.537,0.1908609798999999,0.1916390403879558,-0.0007780604879558,0.0007780604879558,15.0
2601.02,0.1910499215999999,0.1916654438277225,-0.0006155222277225,0.0006155222277225,15.0
2601.502,0.1909248993,0.1916909799113816,-0.0007660806113816,0.0007660806113816,15.0
2601.984,0.1909687875,0.1917157018978015,-0.0007469143978015,0.0007469143978015,15.0
2602.466,0.1910527310999999,0.1917396076641799,-0.0006868765641799,0.0006868765641799,15.0
2602.948,0.1910685076,0.1917626952122502,-0.0006941876122502,0.0006941876122502,15.0
2603.43,0.1910959538,0.1917849626684151,-0.0006890088684151,0.0006890088684151,15.0
2603.912,0.1909112737,0.1918064082838595,-0.0008951345838595,0.0008951345838595,15.0
2604.394,0.191106927,0.1918270304346464,-0.0007201034346464,0.0007201034346464,15.0
2604.876,0.1911686625,0.1918468276217932,-0.0006781651217932,0.0006781651217932,15.0
2605.359,0.191078055,0.1918658369700747,-0.0007877819700746,0.0007877819700746,15.0
2605.841,0.1912609324,0.1918839785148834,-0.0006230461148834,0.0006230461148834,15.0
2606.323,0.1912456599,0.1919012913471099,-0.0006556314471099,0.0006556314471099,15.0
2606.805,0.1911862341,0.1919177744682368,-0.0007315403682368,0.0007315403682368,15.0
2607.287,0.1912254835,0.1919334270048008,-0.0007079435048008,0.0007079435048008,15.0
2607.769,0.1911722525,0.1919482482083575,-0.0007759957083575,0.0007759957083575,15.0
2608.251,0.1912726082,0.1919622374554264,-0.0006896292554263,0.0006896292554263,15.0
2608.733,0.1911317674,0.1919753942474173,-0.0008436268474173,0.0008436268474173,15.0
2609.216,0.1914604345,0.1919877429130105,-0.0005273084130104,0.0005273084130104,15.0
2609.698,0.1912275813,0.1919992320696101,-0.0007716507696101,0.0007716507696101,15.0
2610.18,0.1913679657999999,0.1920098880235647,-0.0006419222235647,0.0006419222235647,15.0
2610.662,0.191273989,0.1920197107750003,-0.0007457217750003,0.0007457217750003,15.0
2611.144,0.1912392944,0.1920287004482885,-0.0007894060482885,0.0007894060482885,15.0
2611.626,0.1911691288999999,0.1920368572918629,-0.0008677283918629,0.0008677283918629,15.0
2612.108,0.1912398117,0.1920441816780156,-0.0008043699780156,0.0008043699780156,15.0
2612.59,0.1912197483,0.1920506741026777,-0.0008309258026777,0.0008309258026777,15.0
2613.073,0.1911310185,0.1920563460664804,-0.0009253275664804,0.0009253275664804,15.0
2613.554,0.1910005511,0.1920611656679938,-0.0010606145679938,0.0010606145679938,15.0
2614.037,0.1912692604,0.1920651738549269,-0.0007959134549269,0.0007959134549269,15.0
2614.519,0.1912166708,0.1920683441386821,-0.0008516733386821,0.0008516733386821,15.0
2615.001,0.1911441633,0.1920706867886125,-0.0009265234886124,0.0009265234886124,15.0
2615.483,0.1911081879,0.1920722030370831,-0.0009640151370831,0.0009640151370831,15.0
2615.965,0.191195964,0.192072894238046,-0.000876930238046,0.000876930238046,15.0
2616.447,0.1913040083,0.1920727618666761,-0.0007687535666761,0.0007687535666761,15.0
2616.929,0.1911090375,0.1920718075189887,-0.0009627700189887,0.0009627700189887,15.0
2617.411,0.1914687243999999,0.1920700329114406,-0.0006013085114406,0.0006013085114406,15.0
2617.894,0.1912957318,0.1920674336513685,-0.0007717018513685,0.0007717018513685,15.0
2618.376,0.1912271029,0.1920640224613317,-0.0008369195613317,0.0008369195613317,15.0
2618.858,0.1911776527,0.1920597968836234,-0.0008821441836234,0.0008821441836234,15.0
2619.34,0.1914272894,0.1920547591123671,-0.0006274697123671,0.0006274697123671,15.0
2619.822,0.1912380535,0.1920489114598689,-0.0008108579598689,0.0008108579598689,15.0
2620.304,0.1912542233,0.1920422563561139,-0.0007880330561139,0.0007880330561139,15.0
2620.786,0.1913016324999999,0.1920347963482466,-0.0007331638482466,0.0007331638482466,15.0
2621.268,0.1909747675999999,0.1920265341000344,-0.0010517665000344,0.0010517665000344,15.0
2621.75,0.190964469,0.1920174723913136,-0.0010530033913136,0.0010530033913136,15.0
2622.233,0.1909467349,0.192007592838611,-0.0010608579386109,0.0010608579386109,15.0
2622.715,0.1910825343999999,0.1919969393666214,-0.0009144049666214,0.0009144049666214,15.0
2623.197,0.1908818424,0.1919854954708663,-0.0011036530708663,0.0011036530708663,15.0
2623.679,0.1911059856,0.1919732643898294,-0.0008672787898294,0.0008672787898294,15.0
2624.161,0.1909512928999999,0.1919602494750491,-0.0010089565750491,0.0010089565750491,15.0
2624.643,0.1910260985,0.191946454190466,-0.000920355690466,0.000920355690466,15.0
2625.125,0.1909875359999999,0.1919318821117564,-0.0009443461117564,0.0009443461117564,15.0
2625.607,0.190808894,0.1919165369256489,-0.0011076429256489,0.0011076429256489,15.0
2626.09,0.1908899031,0.1919003881996561,-0.0010104850996561,0.0010104850996561,15.0
2626.572,0.1909121376999999,0.1918835067158011,-0.0009713690158011,0.0009713690158011,15.0
2627.054,0.1907667622,0.1918658638524267,-0.0010991016524267,0.0010991016524267,15.0
2627.536,0.1906410529,0.1918474637335528,-0.0012064108335528,0.0012064108335528,15.0
2628.018,0.1906721681,0.1918283105906014,-0.0011561424906014,0.0011561424906014,15.0
2628.5,0.1906187962,0.1918084087616229,-0.0011896125616229,0.0011896125616229,15.0
2628.982,0.1905968397,0.1917877626905052,-0.0011909229905052,0.0011909229905052,15.0
2629.464,0.1907810791,0.191766376926169,-0.000985297826169,0.000985297826169,15.0
2629.947,0.1907303642,0.1917442094671738,-0.0010138452671737,0.0010138452671737,15.0
2630.429,0.1905719106999999,0.1917213568690877,-0.0011494461690877,0.0011494461690877,15.0
2630.911,0.1905045957,0.1916977788566637,-0.0011931831566637,0.0011931831566637,15.0
2631.393,0.1906179543,0.1916734803908263,-0.0010555260908263,0.0010555260908263,15.0
2631.875,0.1906523206,0.1916484665332909,-0.0009961459332909,0.0009961459332909,15.0
2632.357,0.1905181312,0.1916227424456737,-0.0011046112456737,0.0011046112456737,15.0
2632.839,0.1905206403,0.1915963133885871,-0.0010756730885871,0.0010756730885871,15.0
2633.321,0.1902297103,0.1915691847207231,-0.0013394744207231,0.0013394744207231,15.0
2633.803,0.1904346488,0.1915413618979214,-0.0011067130979214,0.0011067130979214,15.0
2634.286,0.1904381913,0.1915127906079915,-0.0010745993079915,0.0010745993079915,15.0
2634.768,0.1903866367999999,0.1914835948157082,-0.0010969580157082,0.0010969580157082,15.0
2635.25,0.190157487,0.1914537218213977,-0.0012962348213977,0.0012962348213977,15.0
2635.732,0.1904174387,0.1914231774601125,-0.0010057387601125,0.0010057387601125,15.0
2636.214,0.1901991031,0.191391967659201,-0.001192864559201,0.001192864559201,15.0
2636.696,0.190470178,0.1913600984372992,-0.0008899204372992,0.0008899204372992,15.0
2637.178,0.1904040985,0.1913275759033101,-0.0009234774033101,0.0009234774033101,15.0
2637.66,0.1901124792,0.1912944062553718,-0.0011819270553718,0.0011819270553718,15.0
2638.143,0.1901347487,0.1912605249718661,-0.0011257762718661,0.0011257762718661,15.0
2638.625,0.1901147113,0.191226078732539,-0.001111367432539,0.001111367432539,15.0
2639.107,0.190073569,0.1911910045120733,-0.0011174355120733,0.0011174355120733,15.0
2639.589,0.1901096885,0.1911553088551608,-0.0010456203551608,0.0010456203551608,15.0
2640.071,0.1900352483,0.1911189983903883,-0.0010837500903883,0.0010837500903883,15.0
2640.553,0.1901456442,0.1910820798291358,-0.0009364356291358,0.0009364356291358,15.0
2641.035,0.1900697048,0.1910445599644643,-0.0009748551644643,0.0009748551644643,15.0
2641.517,0.1898967186,0.1910064456699931,-0.0011097270699931,0.0011097270699931,15.0
2642.0,0.1900382823,0.1909676629988188,-0.0009293806988188,0.0009293806988188,15.0
2642.481,0.1897557546,0.1909284616821067,-0.0011727070821066,0.0011727070821066,15.0
2642.964,0.1896613573,0.1908885228495853,-0.0012271655495852,0.0012271655495852,15.0
2643.446,0.1899031132,0.1908480999763084,-0.0009449867763084,0.0009449867763084,15.0
2643.928,0.1898261239,0.1908071182248048,-0.0009809943248048,0.0009809943248048,15.0
2644.41,0.189787204,0.1907655849280346,-0.0009783809280345,0.0009783809280345,15.0
2644.892,0.1895497397999999,0.1907235074913684,-0.0011737676913684,0.0011737676913684,15.0
2645.374,0.1894217254,0.1906808933913854,-0.0012591679913854,0.0012591679913854,15.0
2645.856,0.1893909585,0.1906377501746629,-0.0012467916746629,0.0012467916746629,15.0
2646.338,0.1895602244,0.1905940854565557,-0.0010338610565557,0.0010338610565557,15.0
2646.821,0.1893358604,0.1905498147345058,-0.0012139543345057,0.0012139543345057,15.0
2647.303,0.1893818870999999,0.1905051290868213,-0.0011232419868213,0.0011232419868213,15.0
2647.785,0.1892515128999999,0.1904599452004396,-0.0012084323004396,0.0012084323004396,15.0
2648.267,0.1891409809,0.1904142709535923,-0.0012732900535923,0.0012732900535923,15.0
2648.749,0.1890499433999999,0.1903681142870626,-0.0013181708870627,0.0013181708870627,15.0
2649.231,0.1890382151,0.1903214832029167,-0.0012832681029167,0.0012832681029167,15.0
2649.713,0.1890188388,0.1902743857632277,-0.0012555469632277,0.0012555469632277,15.0
2650.195,0.1889316063,0.1902268300887924,-0.0012952237887924,0.0012952237887924,15.0
2650.677,0.1888625001,0.1901788243578415,-0.0013163242578415,0.0013163242578415,15.0
2651.16,0.1890714594,0.1901302758376149,-0.0010588164376149,0.0010588164376149,15.0
2651.642,0.1888062817,0.1900813938607752,-0.0012751121607752,0.0012751121607752,15.0
2652.124,0.18900292,0.1900320867110734,-0.0010291667110734,0.0010291667110734,15.0
2652.606,0.1888464838,0.1899823627835456,-0.0011358789835456,0.0011358789835456,15.0
2653.088,0.1891134961999999,0.1899322305241099,-0.0008187343241099,0.0008187343241099,15.0
2653.57,0.1886055036,0.1898816984282375,-0.0012761948282375,0.0012761948282375,15.0
2654.052,0.1887774545,0.1898307750396192,-0.0010533205396192,0.0010533205396192,15.0
2654.534,0.1887506855,0.1897794689488263,-0.0010287834488262,0.0010287834488262,15.0
2655.017,0.1887982935,0.1897276811888973,-0.0009293876888972,0.0009293876888972,15.0
2655.499,0.1886082056,0.1896756348972554,-0.0010674292972554,0.0010674292972554,15.0
2655.981,0.1885543502999999,0.1896232319611087,-0.0010688816611087,0.0010688816611087,15.0
2656.463,0.1883303167,0.1895704811451434,-0.0012401644451434,0.0012401644451434,15.0
2656.945,0.1885400645,0.1895173912541532,-0.0009773267541532,0.0009773267541532,15.0
2657.427,0.1882987766999999,0.1894639711316737,-0.0011651944316737,0.0011651944316737,15.0
2657.909,0.1883271397,0.1894102296586102,-0.0010830899586102,0.0010830899586102,15.0
2658.391,0.188273115,0.1893561757518633,-0.0010830607518633,0.0010830607518633,15.0
2658.874,0.1881744594,0.1893017052790437,-0.0011272458790437,0.0011272458790437,15.0
2659.356,0.1880405809999999,0.1892470527910902,-0.0012064717910902,0.0012064717910902,15.0
2659.838,0.1880481188,0.1891921148410668,-0.0011439960410667,0.0011439960410667,15.0
2660.32,0.1879616891,0.189136900476102,-0.001175211376102,0.001175211376102,15.0
2660.802,0.1879152657999999,0.1890814187723943,-0.0011661529723943,0.0011661529723943,15.0
2661.284,0.1880028434,0.1890256788338192,-0.0010228354338192,0.0010228354338192,15.0
2661.766,0.1879107911999999,0.1889696897905352,-0.0010588985905352,0.0010588985905352,15.0
2662.248,0.1877552975,0.1889134607975848,-0.0011581632975848,0.0011581632975848,15.0
2662.73,0.1877642642,0.1888570010334977,-0.0010927368334977,0.0010927368334977,15.0
2663.213,0.187776396,0.1888002018788313,-0.0010238058788313,0.0010238058788313,15.0
2663.695,0.1875473987,0.1887433077640421,-0.0011959090640421,0.0011959090640421,15.0
2664.177,0.1874715974,0.1886862105598018,-0.0012146131598018,0.0012146131598018,15.0
2664.659,0.1875692366,0.1886289195246039,-0.0010596829246038,0.0010596829246038,15.0
2665.141,0.1875547605999999,0.1885714439334106,-0.0010166833334106,0.0010166833334106,15.0
2665.623,0.1874993699,0.1885137930762482,-0.0010144231762481,0.0010144231762481,15.0
2666.105,0.1874502301,0.188455976256801,-0.001005746156801,0.001005746156801,15.0
2666.587,0.1873433089999999,0.188398002791006,-0.001054693791006,0.001054693791006,15.0
2667.07,0.1873009172,0.1883397612764412,-0.0010388440764412,0.0010388440764412,15.0
2667.552,0.1872314365,0.18828150223118,-0.0010500657311799,0.0010500657311799,15.0
2668.034,0.1871565710999999,0.1882231145662329,-0.0010665434662329,0.0010665434662329,15.0
2668.516,0.187116854,0.1881646076325044,-0.0010477536325044,0.0010477536325044,15.0
2668.998,0.1871159363,0.1881059907861247,-0.0009900544861247,0.0009900544861247,15.0
2669.48,0.1871183296,0.1880472733870468,-0.0009289437870468,0.0009289437870468,15.0
2669.962,0.1870020815999999,0.1879884647976459,-0.0009863831976459,0.0009863831976459,15.0
2670.444,0.1869091477,0.1879295743813202,-0.0010204266813202,0.0010204266813202,15.0
2670.927,0.1867389087,0.1878704891026343,-0.0011315804026343,0.0011315804026343,15.0
2671.408,0.1867817918,0.1878115855182162,-0.0010297937182162,0.0010297937182162,15.0
2671.891,0.1866003148,0.1877523831693522,-0.0011520683693522,0.0011520683693522,15.0
2672.373,0.1866128385,0.1876932589685074,-0.0010804204685074,0.0010804204685074,15.0
2672.855,0.1866958152999999,0.1876340997436091,-0.0009382844436091,0.0009382844436091,15.0
2673.337,0.1865099245,0.1875749148348983,-0.0010649903348982,0.0010649903348982,15.0
2673.819,0.1863656739,0.1875157135739013,-0.0011500396739012,0.0011500396739012,15.0
2674.301,0.1866479784,0.1874565052820479,-0.0008085268820479,0.0008085268820479,15.0
2674.783,0.186373375,0.1873972992692956,-0.0010239242692956,0.0010239242692956,15.0
2675.265,0.1863597142,0.1873381048327576,-0.0009783906327575,0.0009783906327575,15.0
2675.748,0.186242538,0.187278808516689,-0.001036270516689,0.001036270516689,15.0
2676.23,0.1862441133,0.187219665137821,-0.000975551837821,0.000975551837821,15.0
2676.712,0.1863014726,0.187160561154938,-0.000859088554938,0.000859088554938,15.0
2677.194,0.1860529567,0.1871015058000832,-0.0010485491000832,0.0010485491000832,15.0
2677.676,0.1860947025,0.1870425082856484,-0.0009478057856484,0.0009478057856484,15.0
2678.158,0.185978776,0.1869835778030266,-0.0010048018030266,0.0010048018030266,15.0
2678.64,0.1858832888,0.18692472352127,-0.0010414347212699,0.0010414347212699,15.0
2679.122,0.1856929889,0.1868659545857519,-0.0011729656857518,0.0011729656857518,15.0
2679.604,0.1857421457,0.1868072801168361,-0.0010651344168361,0.0010651344168361,15.0
2680.087,0.1856913747999999,0.1867485878060882,-0.0010572130060882,0.0010572130060882,15.0
2680.569,0.1856107316,0.1866901297678728,-0.0010793981678728,0.0010793981678728,15.0
2681.051,0.1856409044999999,0.186631793412775,-0.000990888912775,0.000990888912775,15.0
2681.533,0.1855127798999999,0.1865735877478494,-0.0010608078478494,0.0010608078478494,15.0
2682.015,0.185660437,0.1865155217485654,-0.0008550847485653,0.0008550847485653,15.0
2682.497,0.1852767548,0.1864576043575111,-0.0011808495575111,0.0011808495575111,15.0
2682.979,0.1854241512999999,0.186399844483105,-0.000975693183105,0.000975693183105,15.0
2683.461,0.1851770928999999,0.1863422509983133,-0.0011651580983133,0.0011651580983133,15.0
2683.944,0.1852283638999999,0.1862847138026118,-0.0010563499026118,0.0010563499026118,15.0
2684.426,0.1853905284,0.186227479958678,-0.000836951558678,0.000836951558678,15.0
2684.908,0.1849595756,0.1861704389159552,-0.0012108633159551,0.0012108633159551,15.0
2685.39,0.1848660578,0.1861135993928338,-0.0012475415928338,0.0012475415928338,15.0
2685.872,0.1849747448,0.1860569700659468,-0.0010822252659468,0.0010822252659468,15.0
2686.354,0.1848967419,0.186000559568932,-0.001103817668932,0.001103817668932,15.0
2686.836,0.1850181967,0.1859443764912023,-0.0009261797912023,0.0009261797912023,15.0
2687.318,0.1848573318,0.1858884293767247,-0.0010310975767247,0.0010310975767247,15.0
2687.801,0.1846964493,0.1858326114171214,-0.0011361621171214,0.0011361621171214,15.0
2688.283,0.1846862548,0.1857771622066696,-0.0010909074066696,0.0010909074066696,15.0
2688.765,0.1846409198,0.1857219743239877,-0.0010810545239877,0.0010810545239877,15.0
2689.247,0.1847212491,0.1856670561191128,-0.0009458070191128,0.0009458070191128,15.0
2689.729,0.1845960562999999,0.1856124158906578,-0.0010163595906578,0.0010163595906578,15.0
2690.211,0.1844075657999999,0.1855580618846429,-0.0011504960846429,0.0011504960846429,15.0
2690.693,0.1844027428,0.1855040022933363,-0.0011012594933363,0.0011012594933363,15.0
2691.175,0.1843280624,0.1854502452541067,-0.0011221828541066,0.0011221828541066,15.0
2691.657,0.1842907431,0.1853967988482823,-0.0011060557482822,0.0011060557482822,15.0
2692.14,0.1841966904999999,0.1853435612132578,-0.0011468707132578,0.0011468707132578,15.0
2692.622,0.1842406025,0.1852907607743138,-0.0010501582743138,0.0010501582743138,15.0
2693.104,0.1840169682,0.1852382948816176,-0.0012213266816175,0.0012213266816175,15.0
2693.586,0.1841502449,0.1851861713810177,-0.0010359264810177,0.0010359264810177,15.0
2694.068,0.1839182871,0.1851343980567754,-0.0012161109567754,0.0012161109567754,15.0
2694.55,0.1839667130999999,0.1850829826304865,-0.0011162695304865,0.0011162695304865,15.0
2695.032,0.1838173746,0.1850319327600144,-0.0012145581600143,0.0012145581600143,15.0
2695.514,0.1836404327,0.1849812560384346,-0.0013408233384346,0.0013408233384346,15.0
2695.997,0.1837482186,0.1849308560452457,-0.0011826374452456,0.0011826374452456,15.0
2696.479,0.1839494943,0.1848809489492805,-0.0009314546492805,0.0009314546492805,15.0
2696.961,0.1837145645,0.184831437397577,-0.001116872897577,0.001116872897577,15.0
2697.443,0.1836983082,0.1847823287135773,-0.0010840205135773,0.0010840205135773,15.0
2697.925,0.1837801636,0.1847336301508226,-0.0009534665508226,0.0009534665508226,15.0
2698.407,0.1837751705,0.184685348891965,-0.000910178391965,0.000910178391965,15.0
2698.889,0.1837783093999999,0.1846374920477929,-0.0008591826477929,0.0008591826477929,15.0
2699.371,0.1835425916999999,0.1845900666562664,-0.0010474749562664,0.0010474749562664,15.0
2699.854,0.1837435895,0.1845429826587423,-0.0007993931587423,0.0007993931587423,15.0
2700.335,0.183633479,0.1844965380131585,-0.0008630590131585,0.0008630590131585,15.0
2700.818,0.1835859526,0.1844503533180543,-0.0008644007180543,0.0008644007180543,15.0
2701.3,0.1836433864,0.1844047235860605,-0.0007613371860605,0.0007613371860605,15.0
2701.782,0.1835004731,0.1843595593849717,-0.0008590862849717,0.0008590862849717,15.0
2702.264,0.183454752,0.184314867296075,-0.000860115296075,0.000860115296075,15.0
2702.746,0.1833822345999999,0.1842706538214305,-0.0008884192214305,0.0008884192214305,15.0
2703.228,0.1833418536,0.1842269253830096,-0.0008850717830096,0.0008850717830096,15.0
2703.71,0.1833126611,0.1841836883218435,-0.0008710272218434,0.0008710272218434,15.0
2704.192,0.1832641449,0.1841409488971883,-0.0008768039971883,0.0008768039971883,15.0
2704.675,0.183046408,0.1840986261879044,-0.0010522181879044,0.0010522181879044,15.0
2705.157,0.1828774705,0.1840569015470052,-0.0011794310470052,0.0011794310470052,15.0
2705.639,0.1830336365,0.1840156928339434,-0.0009820563339434,0.0009820563339434,15.0
2706.121,0.1831154287,0.183975005972597,-0.000859577272597,0.000859577272597,15.0
2706.603,0.1830711747,0.1839348468010855,-0.0008636721010855,0.0008636721010855,15.0
2707.085,0.182915359,0.1838952210710154,-0.0009798620710154,0.0009798620710154,15.0
2707.567,0.1829399719,0.1838561344467382,-0.0009161625467382,0.0009161625467382,15.0
2708.049,0.1828560993,0.1838175925046239,-0.0009614932046239,0.0009614932046239,15.0
2708.531,0.1827402634,0.1837796007323476,-0.0010393373323476,0.0010393373323476,15.0
2709.014,0.1827335168,0.1837420874409265,-0.0010085706409264,0.0010085706409264,15.0
2709.496,0.1829333447,0.1837052132821902,-0.0007718685821902,0.0007718685821902,15.0
2709.978,0.1826609951,0.1836689052279596,-0.0010079101279596,0.0010079101279596,15.0
2710.46,0.1828267841,0.1836331684040937,-0.0008063843040937,0.0008063843040937,15.0
2710.942,0.1827480848,0.1835980078444042,-0.0008499230444041,0.0008499230444041,15.0
2711.424,0.1826137651,0.183563428490028,-0.000949663390028,0.000949663390028,15.0
2711.906,0.1825966103,0.1835294351888164,-0.0009328248888164,0.0009328248888164,15.0
2712.388,0.1827354956,0.1834960326947367,-0.0007605370947366,0.0007605370947366,15.0
2712.871,0.182563885,0.1834631582250857,-0.0008992732250857,0.0008992732250857,15.0
2713.353,0.1828046868999999,0.1834309524782942,-0.0006262655782942,0.0006262655782942,15.0
2713.835,0.1828570315,0.1833993512406536,-0.0005423197406536,0.0005423197406536,15.0
2714.317,0.182752641,0.1833683588847186,-0.0006157178847186,0.0006157178847186,15.0
2714.799,0.1827564498,0.1833379796863954,-0.0005815298863954,0.0005815298863954,15.0
2715.281,0.1826545611,0.1833082178244338,-0.0006536567244337,0.0006536567244337,15.0
2715.763,0.1826771689,0.1832790773799343,-0.0006019084799343,0.0006019084799343,15.0
2716.245,0.1826875898,0.1832505623358713,-0.0005629725358713,0.0005629725358713,15.0
2716.728,0.1824770205,0.1832226193791413,-0.0007455988791413,0.0007455988791413,15.0
2717.21,0.1825547663,0.1831953680073642,-0.0006406017073642,0.0006406017073642,15.0
2717.692,0.1825455054,0.1831687533991885,-0.0006232479991885,0.0006232479991885,15.0
2718.174,0.1824430142,0.1831427791404086,-0.0006997649404086,0.0006997649404086,15.0
2718.656,0.1826026681999999,0.1831174487165347,-0.0005147805165347,0.0005147805165347,15.0
2719.138,0.1824017510999999,0.1830927655124085,-0.0006910144124085,0.0006910144124085,15.0
2719.62,0.1824796107,0.1830687328118326,-0.0005891221118326,0.0005891221118326,15.0
2720.102,0.1824116861,0.1830453537972176,-0.0006336676972176,0.0006336676972176,15.0
2720.584,0.1823787634,0.1830226315492429,-0.0006438681492429,0.0006438681492429,15.0
2721.067,0.1822157649,0.1830005239615233,-0.0007847590615233,0.0007847590615233,15.0
2721.549,0.1821845264,0.1829791254579977,-0.0007945990579977,0.0007945990579977,15.0
2722.031,0.1822485743,0.1829583923552628,-0.0007098180552628,0.0007098180552628,15.0
2722.513,0.1820826206,0.1829383273237887,-0.0008557067237887,0.0008557067237887,15.0
2722.995,0.1822944593,0.1829189329308564,-0.0006244736308564,0.0006244736308564,15.0
2723.477,0.1822807724,0.182900211640314,-0.0006194392403139,0.0006194392403139,15.0
2723.959,0.1822349729,0.1828821658123468,-0.0006471929123468,0.0006471929123468,15.0
2724.441,0.1823713545,0.1828647977032659,-0.0004934432032659,0.0004934432032659,15.0
2724.924,0.1820231306999999,0.1828480755505717,-0.0008249448505717,0.0008249448505717,15.0
2725.406,0.1821839747,0.1828320706485514,-0.0006480959485513,0.0006480959485513,15.0
2725.888,0.1822584333,0.1828167496131302,-0.0005583163131302,0.0005583163131302,15.0
2726.37,0.1821999158999999,0.1828021142830879,-0.000602198383088,0.000602198383088,15.0
2726.852,0.1821144834,0.1827881663925006,-0.0006736829925006,0.0006736829925006,15.0
2727.334,0.1821555744,0.1827749075706227,-0.0006193331706227,0.0006193331706227,15.0
2727.816,0.1822819889999999,0.1827623393417845,-0.0004803503417845,0.0004803503417845,15.0
2728.298,0.1823429704999999,0.1827504631253054,-0.0004074926253054,0.0004074926253054,15.0
2728.781,0.1821752830999999,0.1827392577559735,-0.0005639746559735,0.0005639746559735,15.0
2729.262,0.1824007766,0.1827287918812352,-0.0003280152812351,0.0003280152812351,15.0
2729.745,0.1822881801999999,0.1827189795736581,-0.0004307993736581,0.0004307993736581,15.0
2730.227,0.1821704762,0.1827098849437047,-0.0005394087437047,0.0005394087437047,15.0
2730.709,0.1822127426999999,0.1827014878473508,-0.0004887451473508,0.0004887451473508,15.0
2731.191,0.1821790531,0.1826937890726905,-0.0005147359726904,0.0005147359726904,15.0
2731.673,0.1821806789,0.1826867893026394,-0.0005061104026394,0.0005061104026394,15.0
2732.155,0.182109551,0.1826804891149747,-0.0005709381149747,0.0005709381149747,15.0
2732.637,0.1821900696999999,0.1826748889823883,-0.0004848192823883,0.0004848192823883,15.0
2733.119,0.1821891964,0.1826699892725575,-0.0004807928725575,0.0004807928725575,15.0
2733.602,0.1821555048,0.1826657822650496,-0.0005102774650496,0.0005102774650496,15.0
2734.084,0.1820387418,0.1826622855382697,-0.0006235437382696,0.0006235437382696,15.0
2734.566,0.1822100151,0.1826594897081234,-0.0004494746081233,0.0004494746081233,15.0
2735.048,0.18218445,0.1826573947230225,-0.0004729447230225,0.0004729447230225,15.0
2735.53,0.1821330181,0.1826560004269471,-0.0005229823269471,0.0005229823269471,15.0
2736.012,0.182159713,0.1826553065596076,-0.0004955935596076,0.0004955935596076,15.0
2736.494,0.1823491206,0.1826553127566234,-0.0003061921566234,0.0003061921566234,15.0
2736.976,0.1822774802,0.1826560185497159,-0.0003785383497159,0.0003785383497159,15.0
2737.458,0.1823242122,0.1826574233669167,-0.0003332111669167,0.0003332111669167,15.0
2737.941,0.182308197,0.1826595316216155,-0.0003513346216155,0.0003513346216155,15.0
2738.423,0.1823678674,0.1826623338038638,-0.0002944664038637,0.0002944664038637,15.0
2738.905,0.1826256537,0.1826658326725549,-4.0178972554927306e-05,4.0178972554927306e-05,15.0
2739.387,0.1824708574,0.1826700272431365,-0.0001991698431365,0.0001991698431365,15.0
2739.869,0.1822382822,0.1826749164286366,-0.0004366342286365,0.0004366342286365,15.0
2740.351,0.1822850241,0.1826804990399608,-0.0003954749399608,0.0003954749399608,15.0
2740.833,0.1824538717,0.1826867737862067,-0.0002329020862067,0.0002329020862067,15.0
2741.315,0.1822557396,0.1826937392749915,-0.0004379996749915,0.0004379996749915,15.0
2741.798,0.1823154177,0.1827014106093767,-0.0003859929093767,0.0003859929093767,15.0
2742.28,0.1821157571999999,0.18270975442684,-0.00059399722684,0.00059399722684,15.0
2742.762,0.1820951466,0.1827187842006918,-0.0006236376006917,0.0006236376006917,15.0
2743.244,0.1821357404999999,0.182728498135994,-0.000592757635994,0.000592757635994,15.0
2743.726,0.1821363148,0.1827388943381876,-0.0006025795381875,0.0006025795381875,15.0
2744.208,0.1823239149999999,0.1827499708135083,-0.0004260558135083,0.0004260558135083,15.0
2744.69,0.1822073645,0.1827617254694153,-0.0005543609694153,0.0005543609694153,15.0
2745.172,0.1821706655,0.1827741561150347,-0.0006034906150347,0.0006034906150347,15.0
2745.655,0.1821582673,0.182787288347729,-0.000629021047729,0.000629021047729,15.0
2746.137,0.1823505713,0.182801065399341,-0.0004504940993409,0.0004504940993409,15.0
2746.619,0.1822696088,0.1828155112774357,-0.0005459024774357,0.0005459024774357,15.0
2747.101,0.1822924907999999,0.1828306234023195,-0.0005381326023195,0.0005381326023195,15.0
2747.583,0.1823499428,0.1828463990983921,-0.0004964562983921,0.0004964562983921,15.0
2748.065,0.1824143287,0.1828628355946722,-0.0004485068946722,0.0004485068946722,15.0
2748.547,0.1823606387,0.1828799300253384,-0.0005192913253384,0.0005192913253384,15.0
2749.029,0.1823668215,0.1828976794302802,-0.0005308579302802,0.0005308579302802,15.0
2749.511,0.1827487464,0.182916080755666,-0.000167334355666,0.000167334355666,15.0
2749.994,0.1824778582,0.1829351710497159,-0.0004573128497159,0.0004573128497159,15.0
2750.476,0.182648667,0.1829548680183708,-0.0003062010183708,0.0003062010183708,15.0
2750.958,0.1826499816,0.1829752071824995,-0.0003252255824994,0.0003252255824994,15.0
2751.44,0.1825023351,0.1829961851191204,-0.0004938500191204,0.0004938500191204,15.0
2751.922,0.1825901969,0.1830177983145595,-0.0004276014145595,0.0004276014145595,15.0
2752.404,0.1827485280999999,0.1830400431650933,-0.0002915150650933,0.0002915150650933,15.0
2752.886,0.1826997065999999,0.1830629159776053,-0.0003632093776053,0.0003632093776053,15.0
2753.368,0.1827022007,0.183086412970255,-0.000384212270255,0.000384212270255,15.0
2753.851,0.1828511586,0.1831105809511381,-0.0002594223511381,0.0002594223511381,15.0
2754.333,0.1830072642,0.1831353158816314,-0.0001280516816314,0.0001280516816314,15.0
2754.815,0.1830250552,0.1831606631127895,-0.0001356079127894,0.0001356079127894,15.0
2755.297,0.1829973787,0.1831866185146309,-0.0001892398146308,0.0001892398146308,15.0
2755.779,0.1831196055999999,0.1832131778719768,-9.357227197684392e-05,9.357227197684392e-05,15.0
2756.261,0.1830209147,0.1832403368851927,-0.0002194221851927,0.0002194221851927,15.0
2756.743,0.1830896394999999,0.1832680911709415,-0.0001784516709415,0.0001784516709415,15.0
2757.225,0.1832033998,0.1832964362629456,-9.303646294567258e-05,9.303646294567258e-05,15.0
2757.708,0.1830236137,0.1833254282425259,-0.0003018145425259,0.0003018145425259,15.0
2758.189,0.1831503451,0.1833548805905742,-0.0002045354905742,0.0002045354905742,15.0
2758.672,0.1830117037999999,0.1833850335095407,-0.0003733297095407,0.0003733297095407,15.0
2759.154,0.183169304,0.1834156967143146,-0.0002463927143146,0.0002463927143146,15.0
2759.636,0.1833592391,0.1834469271671959,-8.768806719589017e-05,8.768806719589017e-05,15.0
2760.118,0.1831639402,0.1834787199207714,-0.0003147797207714,0.0003147797207714,15.0
2760.6,0.1830715205,0.1835110699503465,-0.0004395494503465,0.0004395494503465,15.0
2761.082,0.1832174691999999,0.1835439721547934,-0.0003265029547934,0.0003265029547934,15.0
2761.564,0.1832494992,0.1835774213574146,-0.0003279221574146,0.0003279221574146,15.0
2762.046,0.1832816555999999,0.1836114123068119,-0.0003297567068119,0.0003297567068119,15.0
2762.529,0.1830631533,0.183646011865193,-0.000582858565193,0.000582858565193,15.0
2763.011,0.1832646837,0.1836810713556069,-0.0004163876556069,0.0004163876556069,15.0
2763.493,0.1832203795999999,0.1837166563878336,-0.0004962767878336,0.0004962767878336,15.0
2763.975,0.1834684929999999,0.1837527614204321,-0.0002842684204321,0.0002842684204321,15.0
2764.457,0.1835580956,0.1837893808417632,-0.0002312852417632,0.0002312852417632,15.0
2764.939,0.1834906874,0.1838265089709176,-0.0003358215709176,0.0003358215709176,15.0
2765.421,0.1832593632,0.1838641400586532,-0.0006047768586532,0.0006047768586532,15.0
2765.903,0.1836150808,0.183902268288342,-0.000287187488342,0.000287187488342,15.0
2766.385,0.1835832093,0.1839408877769241,-0.0003576784769241,0.0003576784769241,15.0
2766.868,0.183671027,0.1839800742064781,-0.000309047206478,0.000309047206478,15.0
2767.35,0.1838853802999999,0.1840196592908651,-0.0001342789908651,0.0001342789908651,15.0
2767.832,0.1836392352,0.1840597175833816,-0.0004204823833816,0.0004204823833816,15.0
2768.314,0.1837639105,0.1841002429448314,-0.0003363324448314,0.0003363324448314,15.0
2768.796,0.1837646688999999,0.1841412291744899,-0.0003765602744899,0.0003765602744899,15.0
2769.278,0.183679142,0.1841826700111069,-0.0005035280111069,0.0005035280111069,15.0
2769.76,0.1837809496,0.1842245591339193,-0.0004436095339193,0.0004436095339193,15.0
2770.242,0.1839511435,0.1842668901636701,-0.00031574666367,0.00031574666367,15.0
2770.725,0.1839928998,0.1843097458389881,-0.0003168460389881,0.0003168460389881,15.0
2771.207,0.1841479526,0.1843529421992145,-0.0002049895992145,0.0002049895992145,15.0
2771.689,0.1840708613,0.1843965609743031,-0.0003256996743031,0.0003256996743031,15.0
2772.171,0.1842401870999999,0.1844405955612458,-0.0002004084612458,0.0002004084612458,15.0
2772.653,0.1842154701,0.1844850393037461,-0.0002695692037461,0.0002695692037461,15.0
2773.135,0.1841443182,0.1845298854932793,-0.0003855672932793,0.0003855672932793,15.0
2773.617,0.1842375042,0.1845751273701597,-0.0003376231701597,0.0003376231701597,15.0
2774.099,0.1843373187,0.1846207581246134,-0.0002834394246134,0.0002834394246134,15.0
2774.582,0.1843044278,0.1846668667523675,-0.0003624389523674,0.0003624389523674,15.0
2775.064,0.1843392613,0.1847132554087265,-0.0003739941087265,0.0003739941087265,15.0
2775.546,0.1843440678,0.1847600122091584,-0.0004159444091583,0.0004159444091583,15.0
2776.028,0.1842882537,0.184807130154294,-0.000518876454294,0.000518876454294,15.0
2776.51,0.1844131237,0.1848546022001324,-0.0004414785001324,0.0004414785001324,15.0
2776.992,0.1845199364999999,0.1849024212591457,-0.0003824847591457,0.0003824847591457,15.0
2777.474,0.1846772826999999,0.1849505802013919,-0.0002732975013919,0.0002732975013919,15.0
2777.956,0.1847102144,0.1849990718556317,-0.0002888574556316,0.0002888574556316,15.0
2778.438,0.1848474789,0.185047889010448,-0.000200410110448,0.000200410110448,15.0
2778.921,0.1848374977,0.1850971266818174,-0.0002596289818174,0.0002596289818174,15.0
2779.403,0.1848168271,0.1851465736860092,-0.0003297465860092,0.0003297465860092,15.0
2779.885,0.1849402977,0.1851963243115092,-0.0002560266115092,0.0002560266115092,15.0
2780.367,0.1847962989,0.1852463711974185,-0.0004500722974185,0.0004500722974185,15.0
2780.849,0.1848359905,0.1852967069483322,-0.0004607164483322,0.0004607164483322,15.0
2781.331,0.1849679941999999,0.1853473241354861,-0.0003793299354861,0.0003793299354861,15.0
2781.813,0.1851044067999999,0.1853982152979036,-0.0002938084979036,0.0002938084979036,15.0
2782.295,0.1851760455,0.1854493729435487,-0.0002733274435487,0.0002733274435487,15.0
2782.778,0.185178583,0.1855008964878949,-0.0003223134878949,0.0003223134878949,15.0
2783.26,0.1853107845,0.185552565019156,-0.000241780519156,0.000241780519156,15.0
2783.742,0.1851297238,0.1856044773669917,-0.0004747535669916,0.0004747535669916,15.0
2784.224,0.1852816967,0.1856566259266505,-0.0003749292266505,0.0003749292266505,15.0
2784.706,0.185498807,0.1857090030681262,-0.0002101960681262,0.0002101960681262,15.0
2785.188,0.1855632009,0.1857616011373243,-0.0001984002373243,0.0001984002373243,15.0
2785.67,0.1854016358,0.1858144124572323,-0.0004127766572322,0.0004127766572322,15.0
2786.152,0.1854837887,0.1858674293290908,-0.0003836406290908,0.0003836406290908,15.0
2786.635,0.1855739395,0.1859207546377991,-0.0003468151377991,0.0003468151377991,15.0
2787.116,0.1855855628999999,0.1859740488319286,-0.0003884859319286,0.0003884859319286,15.0
2787.599,0.1855693684,0.1860277473279981,-0.0004583789279981,0.0004583789279981,15.0
2788.081,0.1854601087,0.1860815093802896,-0.0006214006802896,0.0006214006802896,15.0
2788.563,0.1857070286,0.1861354381894625,-0.0004284095894625,0.0004284095894625,15.0
2789.045,0.1858236899999999,0.1861895259509277,-0.0003658359509277,0.0003658359509277,15.0
2789.527,0.1857655121999999,0.1862437648465881,-0.0004782526465881,0.0004782526465881,15.0
2790.009,0.1858164749999999,0.186298147046019,-0.000481672046019,0.000481672046019,15.0
2790.491,0.1857650716,0.1863526647076464,-0.0005875931076463,0.0005875931076463,15.0
2790.973,0.1859522263,0.1864073099799288,-0.0004550836799288,0.0004550836799288,15.0
2791.456,0.1859310363,0.1864621887419377,-0.0005311524419377,0.0005311524419377,15.0
2791.938,0.1859920168,0.1865170658708681,-0.0005250490708681,0.0005250490708681,15.0
2792.42,0.1862392356999999,0.1865720469914721,-0.0003328112914721,0.0003328112914721,15.0
2792.902,0.1860543958,0.18662712422412,-0.00057272842412,0.00057272842412,15.0
2793.384,0.1860849111,0.1866822896851105,-0.0005973785851105,0.0005973785851105,15.0
2793.866,0.1860647584,0.1867375354878481,-0.0006727770878481,0.0006727770878481,15.0
2794.348,0.1865019133,0.1867928537440184,-0.0002909404440184,0.0002909404440184,15.0
2794.83,0.1861249318,0.1868482365647615,-0.0007233047647615,0.0007233047647615,15.0
2795.312,0.1865607253,0.1869036760618462,-0.0003429507618462,0.0003429507618462,15.0
2795.795,0.1864381201,0.1869592795150144,-0.0005211594150143,0.0005211594150143,15.0
2796.277,0.1864300458,0.1870148087851278,-0.0005847629851278,0.0005847629851278,15.0
2796.759,0.1864913696,0.1870703710660136,-0.0005790014660136,0.0005790014660136,15.0
2797.241,0.1865124821,0.1871259584836546,-0.0006134763836546,0.0006134763836546,15.0
2797.723,0.1865492882,0.1871815631704979,-0.0006322749704979,0.0006322749704979,15.0
2798.205,0.1866904867,0.1872371772666169,-0.0005466905666169,0.0005466905666169,15.0
2798.687,0.1867273156,0.1872927929208662,-0.0005654773208662,0.0005654773208662,15.0
2799.169,0.1871238217,0.187348402292038,-0.0002245805920379,0.0002245805920379,15.0
2799.652,0.1867456605,0.1874041128727744,-0.0006584523727743,0.0006584523727743,15.0
2800.134,0.1869377945,0.1874596861460495,-0.0005218916460495,0.0005218916460495,15.0
2800.616,0.186916761,0.1875152296675638,-0.0005984686675638,0.0005984686675638,15.0
2801.098,0.1869123943,0.1875707356473692,-0.0006583413473692,0.0006583413473692,15.0
2801.58,0.1871765390999999,0.18762619631118,-0.00044965721118,0.00044965721118,15.0
2802.062,0.1871331135999999,0.1876816039015058,-0.0005484903015058,0.0005484903015058,15.0
2802.544,0.1871379943,0.1877369506787837,-0.0005989563787837,0.0005989563787837,15.0
2803.026,0.1873923181,0.1877922289225012,-0.0003999108225011,0.0003999108225011,15.0
2803.509,0.1873488344,0.1878475453747338,-0.0004987109747338,0.0004987109747338,15.0
2803.991,0.1872435754,0.18790266328954,-0.00065908788954,0.00065908788954,15.0
2804.473,0.18732617,0.1879576896188849,-0.0006315196188849,0.0006315196188849,15.0
2804.955,0.1873836032,0.1880126167296773,-0.0006290135296772,0.0006290135296772,15.0
2805.437,0.1875338577,0.1880674370134388,-0.0005335793134388,0.0005335793134388,15.0
2805.919,0.1876642267,0.1881221428874007,-0.0004579161874007,0.0004579161874007,15.0
2806.401,0.1875173072,0.1881767267955951,-0.000659419595595,0.000659419595595,15.0
2806.883,0.1877576458,0.1882311812099423,-0.0004735354099422,0.0004735354099422,15.0
2807.365,0.1877293149999999,0.1882854986313303,-0.0005561836313303,0.0005561836313303,15.0
2807.848,0.1877639529,0.1883397838273892,-0.0005758309273892,0.0005758309273892,15.0
2808.33,0.18787879,0.1883938045639096,-0.0005150145639096,0.0005150145639096,15.0
2808.812,0.1880753332999999,0.1884476659793322,-0.0003723326793322,0.0003723326793322,15.0
2809.294,0.1880892989,0.188501360701176,-0.000412061801176,0.000412061801176,15.0
2809.776,0.188235856,0.1885548813912442,-0.0003190253912442,0.0003190253912442,15.0
2810.258,0.188401318,0.1886082207466669,-0.0002069027466669,0.0002069027466669,15.0
2810.74,0.188429408,0.1886613715009392,-0.0002319635009392,0.0002319635009392,15.0
2811.222,0.1884811751,0.1887143264249508,-0.0002331513249508,0.0002331513249508,15.0
2811.705,0.1885531084,0.1887671875557843,-0.0002140791557843,0.0002140791557843,15.0
2812.187,0.1884096714,0.1888197288431847,-0.0004100574431847,0.0004100574431847,15.0
2812.669,0.1885069998,0.1888720528328504,-0.0003650530328504,0.0003650530328504,15.0
2813.151,0.1884825057999999,0.1889241524554985,-0.0004416466554985,0.0004416466554985,15.0
2813.633,0.1883840516,0.1889760206842882,-0.0005919690842882,0.0005919690842882,15.0
2814.115,0.1887280275,0.1890276505358054,-0.0002996230358054,0.0002996230358054,15.0
2814.597,0.1886685743,0.1890790350710429,-0.0004104607710428,0.0004104607710428,15.0
2815.079,0.1889460163,0.1891301673963697,-0.0001841510963697,0.0001841510963697,15.0
2815.562,0.1889469764,0.1891811459366796,-0.0002341695366795,0.0002341695366795,15.0
2816.043,0.1888379644999999,0.1892316480754214,-0.0003936835754214,0.0003936835754214,15.0
2816.526,0.188964421,0.1892820870184079,-0.0003176660184079,0.0003176660184079,15.0
2817.008,0.1890171882,0.1893321419224277,-0.0003149537224277,0.0003149537224277,15.0
2817.49,0.1892671726,0.1893819108486925,-0.0001147382486925,0.0001147382486925,15.0
2817.972,0.1892776688,0.1894313871958652,-0.0001537183958652,0.0001537183958652,15.0
2818.454,0.1892113375,0.1894805644145493,-0.0002692269145493,0.0002692269145493,15.0
2818.936,0.1891690985,0.189529436008192,-0.000360337508192,0.000360337508192,15.0
2819.418,0.189101732,0.1895779955339785,-0.0004762635339785,0.0004762635339785,15.0
2819.9,0.1890710260999999,0.1896262366037146,-0.0005552105037146,0.0005552105037146,15.0
2820.383,0.1894852712999999,0.1896742519540947,-0.0001889806540947,0.0001889806540947,15.0
2820.865,0.1893026465,0.1897218364766608,-0.0004191899766607,0.0004191899766607,15.0
2821.347,0.1894303748,0.1897690837021867,-0.0003387089021866,0.0003387089021866,15.0
2821.829,0.1894020373,0.1898159874697428,-0.0004139501697428,0.0004139501697428,15.0
2822.311,0.1893825006,0.1898625416773027,-0.0004800410773027,0.0004800410773027,15.0
2822.793,0.1897178627,0.1899087402825702,-0.0001908775825702,0.0001908775825702,15.0
2823.275,0.1896705413999999,0.189954577303796,-0.0002840359037961,0.0002840359037961,15.0
2823.757,0.1897935805999999,0.1900000468205847,-0.0002064662205847,0.0002064662205847,15.0
2824.24,0.1896693386,0.1900452361430354,-0.0003758975430354,0.0003758975430354,15.0
2824.722,0.1896865547,0.190089952346534,-0.000403397646534,0.000403397646534,15.0
2825.204,0.1897132145,0.1901342836486186,-0.0004210691486186,0.0004210691486186,15.0
2825.686,0.1899264447999999,0.190178224382304,-0.000251779582304,0.000251779582304,15.0
2826.168,0.189857676,0.1902217689458381,-0.0003640929458381,0.0003640929458381,15.0
2826.65,0.1901597143,0.1902649118034464,-0.0001051975034464,0.0001051975034464,15.0
2827.132,0.1900886086,0.1903076474860651,-0.0002190388860651,0.0002190388860651,15.0
2827.614,0.1901690139,0.1903499705920628,-0.0001809566920628,0.0001809566920628,15.0
2828.096,0.1902717891,0.190391875787952,-0.000120086687952,0.000120086687952,15.0
2828.579,0.189969049,0.1904334434278693,-0.0004643944278693,0.0004643944278693,15.0
2829.061,0.1902727504,0.1904744961850588,-0.0002017457850588,0.0002017457850588,15.0
2829.543,0.1902613516,0.1905151154369273,-0.0002537638369273,0.0002537638369273,15.0
2830.025,0.1904922735999999,0.1905552961296001,-6.302252960016519e-05,6.302252960016519e-05,15.0
2830.507,0.1903234957,0.1905950332807357,-0.0002715375807357,0.0002715375807357,15.0
2830.989,0.1900877476,0.1906343219801691,-0.000546574380169,0.000546574380169,15.0
2831.471,0.1904074351,0.1906731573905441,-0.0002657222905441,0.0002657222905441,15.0
2831.953,0.1904046225,0.1907115347479331,-0.0003069122479331,0.0003069122479331,15.0
2832.436,0.1903217756,0.1907495275392371,-0.0004277519392371,0.0004277519392371,15.0
2832.918,0.1907207858,0.190786973821248,-6.618802124805367e-05,6.618802124805367e-05,15.0
2833.4,0.1905619637999999,0.1908239481957461,-0.0002619843957461,0.0002619843957461,15.0
2833.882,0.1904597971,0.1908604461986418,-0.0004006490986417,0.0004006490986417,15.0
2834.364,0.1908116007,0.1908964634421983,-8.486274219829393e-05,8.486274219829393e-05,15.0
2834.846,0.1906980394,0.1909319956155804,-0.0002339562155804,0.0002339562155804,15.0
2835.328,0.1906579122999999,0.1909670384853905,-0.0003091261853905,0.0003091261853905,15.0
2835.81,0.1909455044,0.1910015878961934,-5.608349619340425e-05,5.608349619340425e-05,15.0
2836.292,0.1909949165,0.1910356397710276,-4.072327102766504e-05,4.072327102766504e-05,15.0
2836.775,0.1908070755,0.1910692591943469,-0.0002621836943469,0.0002621836943469,15.0
2837.257,0.1909787705,0.1911023030300668,-0.0001235325300668,0.0001235325300668,15.0
2837.739,0.1912004032,0.1911348375668312,6.556563316875708e-05,6.556563316875708e-05,15.0
2838.221,0.1909789684,0.1911668590466132,-0.0001878906466132,0.0001878906466132,15.0
2838.703,0.1909887482,0.1911983637922341,-0.0002096155922341,0.0002096155922341,15.0
2839.185,0.1909573631,0.1912293482078007,-0.0002719851078007,0.0002719851078007,15.0
2839.667,0.1909466359,0.1912598087791289,-0.0003131728791289,0.0003131728791289,15.0
2840.149,0.1909927433,0.1912897420741558,-0.0002969987741558,0.0002969987741558,15.0
2840.632,0.1909994725,0.1913192051908626,-0.0003197326908626,0.0003197326908626,15.0
2841.114,0.1912374519999999,0.1913480728565655,-0.0001106208565655,0.0001106208565655,15.0
2841.596,0.1910529282,0.1913764034399123,-0.0003234752399123,0.0003234752399123,15.0
2842.078,0.1910258461,0.191404193841359,-0.000378347741359,0.000378347741359,15.0
2842.56,0.1910396748999999,0.1914314410453497,-0.0003917661453497,0.0003917661453497,15.0
2843.042,0.1912205141999999,0.1914581421206505,-0.0002376279206505,0.0002376279206505,15.0
2843.524,0.191113575,0.1914842942206721,-0.0003707192206721,0.0003707192206721,15.0
2844.006,0.191357446,0.1915098945837774,-0.0001524485837774,0.0001524485837774,15.0
2844.489,0.1912167485,0.1915349919180057,-0.0003182434180057,0.0003182434180057,15.0
2844.97,0.1913206867,0.1915594294792127,-0.0002387427792127,0.0002387427792127,15.0
2845.453,0.1914705095,0.1915834079784582,-0.0001128984784581,0.0001128984784581,15.0
2845.935,0.1913301411,0.1916067743183646,-0.0002766332183645,0.0002766332183645,15.0
2846.417,0.1915002143,0.1916295763925926,-0.0001293620925925,0.0001293620925925,15.0
2846.899,0.1913293265,0.1916518119551478,-0.0003224854551477,0.0003224854551477,15.0
2847.381,0.1913377163,0.1916734788467829,-0.0003357625467829,0.0003357625467829,15.0
2847.863,0.1913843871,0.1916945749952005,-0.0003101878952005,0.0003101878952005,15.0
2848.345,0.1914037657,0.1917150984152443,-0.0003113327152443,0.0003113327152443,15.0
2848.827,0.1914113337,0.1917350472090758,-0.0003237135090758,0.0003237135090758,15.0
2849.31,0.191317468,0.1917544591575374,-0.0004369911575373,0.0004369911575373,15.0
2849.792,0.1914570171,0.1917732521542784,-0.0003162350542784,0.0003162350542784,15.0
2850.274,0.1914558224,0.191791465353475,-0.000335642953475,0.000335642953475,15.0
2850.756,0.1914836713,0.1918090972082524,-0.0003254259082524,0.0003254259082524,15.0
2851.238,0.1914113305,0.1918261462597428,-0.0004148157597428,0.0004148157597428,15.0
2851.72,0.1914873107,0.1918426111371827,-0.0003553004371827,0.0003553004371827,15.0
2852.202,0.1916648094,0.1918584905579986,-0.0001936811579986,0.0001936811579986,15.0
2852.684,0.1917277235,0.1918737833278778,-0.0001460598278777,0.0001460598278777,15.0
2853.167,0.1915889414,0.1918885182374601,-0.00029957683746,0.00029957683746,15.0
2853.649,0.1917810191999999,0.1919026332533307,-0.0001216140533307,0.0001216140533307,15.0
2854.131,0.1916417262999999,0.1919161585635753,-0.0002744322635753,0.0002744322635753,15.0
2854.613,0.1916862752,0.1919290933275616,-0.0002428181275616,0.0002428181275616,15.0
2855.095,0.1916603775,0.1919414367930782,-0.0002810592930782,0.0002810592930782,15.0
2855.577,0.191752486,0.1919531882963282,-0.0002007022963282,0.0002007022963282,15.0
2856.059,0.1917205709,0.1919643472619076,-0.0002437763619075,0.0002437763619075,15.0
2856.541,0.1916468243,0.1919749132027725,-0.0003280889027724,0.0003280889027724,15.0
2857.023,0.1917147069,0.1919848857201919,-0.0002701788201919,0.0002701788201919,15.0
2857.506,0.1916323194,0.1919942833443918,-0.0003619639443918,0.0003619639443918,15.0
2857.988,0.1917722257,0.1920030669392247,-0.0002308412392247,0.0002308412392247,15.0
2858.47,0.1918001483999999,0.1920112564434491,-0.0002111080434491,0.0002111080434491,15.0
2858.952,0.1916967846,0.192018851811042,-0.000322067211042,0.000322067211042,15.0
2859.434,0.1915822918,0.1920258530838644,-0.0004435612838644,0.0004435612838644,15.0
2859.916,0.1916293651,0.1920322603915376,-0.0004028952915376,0.0004028952915376,15.0
2860.398,0.1917282293,0.1920380739513048,-0.0003098446513047,0.0003098446513047,15.0
2860.88,0.1918085067,0.1920432940678821,-0.0002347873678821,0.0002347873678821,15.0
2861.363,0.1916536716,0.192047930116858,-0.000394258516858,0.000394258516858,15.0
2861.845,0.1916854969,0.1920519633814202,-0.0003664664814202,0.0003664664814202,15.0
2862.327,0.1916465952,0.1920554046413452,-0.0004088094413452,0.0004088094413452,15.0
2862.809,0.1918346174,0.1920582545496607,-0.0002236371496606,0.0002236371496606,15.0
2863.291,0.1917733713999999,0.1920605138459248,-0.0002871424459248,0.0002871424459248,15.0
2863.773,0.1917334901,0.1920621833559996,-0.0003286932559996,0.0003286932559996,15.0
2864.255,0.191819052,0.1920632639918122,-0.0002442119918122,0.0002442119918122,15.0
2864.737,0.1916967671,0.1920637567511039,-0.0003669896511039,0.0003669896511039,15.0
2865.219,0.1918411743,0.1920636627171665,-0.0002224884171664,0.0002224884171664,15.0
2865.702,0.1917394678,0.1920629810405864,-0.0003235132405863,0.0003235132405863,15.0
2866.184,0.1919376873,0.1920617157998501,-0.0001240284998501,0.0001240284998501,15.0
2866.666,0.1918237428999999,0.1920598675291074,-0.0002361246291074,0.0002361246291074,15.0
2867.148,0.1918373982,0.1920574376511456,-0.0002200394511456,0.0002200394511456,15.0
2867.63,0.1918404937,0.1920544276728006,-0.0002139339728006,0.0002139339728006,15.0
2868.112,0.1917389634,0.1920508391846197,-0.0003118757846197,0.0003118757846197,15.0
2868.594,0.1917133301999999,0.1920466738605135,-0.0003333436605135,0.0003333436605135,15.0
2869.076,0.1919261908,0.1920419334573947,-0.0001157426573947,0.0001157426573947,15.0
2869.559,0.1919684407,0.1920366081960905,-6.816749609050987e-05,6.816749609050987e-05,15.0
2870.041,0.1919676323,0.1920307220525705,-6.308975257054983e-05,6.308975257054983e-05,15.0
2870.523,0.1919346317999999,0.1920242665992516,-8.963479925161444e-05,8.963479925161444e-05,15.0
2871.005,0.1921009415,0.1920172439213849,8.369757861509397e-05,8.369757861509397e-05,15.0
2871.487,0.1919293489,0.1920096561852443,-8.03072852443576e-05,8.03072852443576e-05,15.0
2871.969,0.1919060208,0.192001505637697,-9.54848376970574e-05,9.54848376970574e-05,15.0
2872.451,0.1919743481,0.1919927946057608,-1.844650576085516e-05,1.844650576085516e-05,15.0
2872.933,0.1919977059,0.1919835254961517,1.4180403848318424e-05,1.4180403848318424e-05,15.0
2873.416,0.1920654727,0.1919736798358513,9.179286414867648e-05,9.179286414867648e-05,15.0
2873.897,0.1920641276,0.1919633230664714,0.0001008045335285,0.0001008045335285,15.0
2874.38,0.1918578228999999,0.1919523717114079,-9.454881140796843e-05,9.454881140796843e-05,15.0
2874.862,0.1918368789,0.1919408948023956,-0.0001040159023956,0.0001040159023956,15.0
2875.344,0.1917334983,0.1919288730340089,-0.0001953747340089,0.0001953747340089,15.0
2875.826,0.1917893011,0.1919163092811752,-0.0001270081811751,0.0001270081811751,15.0
2876.308,0.1917234547,0.1919032064950384,-0.0001797517950384,0.0001797517950384,15.0
2876.79,0.1915636466,0.1918895677024189,-0.0003259211024189,0.0003259211024189,15.0
2877.272,0.1917736017,0.1918753960052629,-0.0001017943052629,0.0001017943052629,15.0
2877.754,0.1917114767,0.1918606945800811,-0.0001492178800811,0.0001492178800811,15.0
2878.237,0.1918165041,0.1918454345392397,-2.893043923973826e-05,2.893043923973826e-05,15.0
2878.719,0.1918187266,0.1918296824010539,-1.0955801053980084e-05,1.0955801053980084e-05,15.0
2879.201,0.1919295215,0.191813410513119,0.0001161109868809,0.0001161109868809,15.0
2879.683,0.1916861239,0.191796622344537,-0.000110498444537,0.000110498444537,15.0
2880.165,0.1917907551,0.1917793214360156,1.1433663984400376e-05,1.1433663984400376e-05,15.0
2880.647,0.1916817932,0.1917615113992457,-7.971819924573742e-05,7.971819924573742e-05,15.0
2881.129,0.1918675264,0.1917431959162712,0.0001243304837287,0.0001243304837287,15.0
2881.611,0.1917175686,0.1917243787388477,-6.810138847734848e-06,6.810138847734848e-06,15.0
2882.094,0.1915528188,0.191705023100221,-0.000152204300221,0.000152204300221,15.0
2882.576,0.1917882032,0.1916852130439803,0.0001029901560196,0.0001029901560196,15.0
2883.058,0.1915287989,0.1916649129685606,-0.0001361140685606,0.0001361140685606,15.0
2883.54,0.1916562344,0.191644126898109,1.2107501890928908e-05,1.2107501890928908e-05,15.0
2884.022,0.1916647122999999,0.1916228589231405,4.185337685941315e-05,4.185337685941315e-05,15.0
2884.504,0.1916325331,0.1916011131998411,3.141990015889662e-05,3.141990015889662e-05,15.0
2884.986,0.1917142762,0.1915788939493638,0.0001353822506361,0.0001353822506361,15.0
2885.468,0.1914857062,0.1915562054571152,-7.049925711521965e-05,7.049925711521965e-05,15.0
2885.95,0.1914590905,0.1915330520720338,-7.396157203384823e-05,7.396157203384823e-05,15.0
2886.433,0.1914420287,0.1915093887388599,-6.736003885990383e-05,6.736003885990383e-05,15.0
2886.915,0.191474917,0.1914853179240147,-1.0400924014691835e-05,1.0400924014691835e-05,15.0
2887.397,0.1913163579,0.1914607956464696,-0.0001444377464696,0.0001444377464696,15.0
2887.879,0.1912795982,0.1914358265020294,-0.0001562283020293,0.0001562283020293,15.0
2888.361,0.1912421085,0.1914104151462954,-0.0001683066462954,0.0001683066462954,15.0
2888.843,0.1914912010999999,0.1913845662938951,0.0001066348061048,0.0001066348061048,15.0
2889.325,0.1912331409,0.1913582847177034,-0.0001251438177034,0.0001251438177034,15.0
2889.807,0.1912377283,0.1913315752480573,-9.384694805733562e-05,9.384694805733562e-05,15.0
2890.29,0.1910807144,0.1913043860442234,-0.0002236716442234,0.0002236716442234,15.0
2890.772,0.1912157396,0.1912768346423762,-6.109504237622465e-05,6.109504237622465e-05,15.0
2891.254,0.1914102529,0.1912488701853107,0.0001613827146892,0.0001613827146892,15.0
2891.736,0.19118388,0.191220497725316,-3.66177253159905e-05,3.66177253159905e-05,15.0
2892.218,0.1909371342,0.191191722368102,-0.000254588168102,0.000254588168102,15.0
2892.7,0.191047683,0.1911625492719711,-0.0001148662719711,0.0001148662719711,15.0
2893.182,0.1910624003,0.1911329836469828,-7.05833469828443e-05,7.05833469828443e-05,15.0
2893.664,0.1910493036,0.1911030307541114,-5.372715411139373e-05,5.372715411139373e-05,15.0
2894.146,0.1912093119,0.1910726959043981,0.0001366159956018,0.0001366159956018,15.0
2894.629,0.1910473396,0.1910419203536759,5.419246324050997e-06,5.419246324050997e-06,15.0
2895.111,0.1910496061,0.1910108369549466,3.876914505338003e-05,3.876914505338003e-05,15.0
2895.593,0.1910457819,0.1909793878356916,6.639406430838934e-05,6.639406430838934e-05,15.0
2896.075,0.1908796234,0.1909475784987085,-6.795509870852201e-05,6.795509870852201e-05,15.0
2896.557,0.1909734803,0.190915414492527,5.806580747297341e-05,5.806580747297341e-05,15.0
2897.039,0.1910236841,0.1908829014105245,0.0001407826894754,0.0001407826894754,15.0
2897.521,0.1910489472,0.1908500448900377,0.0001989023099622,0.0001989023099622,15.0
2898.003,0.1908727362,0.1908168506114674,5.588558853253378e-05,5.588558853253378e-05,15.0
2898.486,0.1908928229,0.1907832543995519,0.000109568500448,0.000109568500448,15.0
2898.968,0.190885675,0.1907494011428766,0.0001362738571233,0.0001362738571233,15.0
2899.45,0.1904843354,0.1907152274307653,-0.0002308920307653,0.0002308920307653,15.0
2899.932,0.1907247435,0.1906807391069087,4.4004393091323646e-05,4.4004393091323646e-05,15.0
2900.414,0.1907548928,0.1906459420535122,0.0001089507464877,0.0001089507464877,15.0
2900.896,0.1906542416,0.1906108421903722,4.339940962777567e-05,4.339940962777567e-05,15.0
2901.378,0.1907119476,0.1905754454739481,0.0001365021260519,0.0001365021260519,15.0
2901.86,0.1905172875,0.1905397578964308,-2.2470396430829265e-05,2.2470396430829265e-05,15.0
2902.343,0.1905002396,0.1905037105613614,-3.4709613614403168e-06,3.4709613614403168e-06,15.0
2902.824,0.1906116384999999,0.1904675342999152,0.0001441042000847,0.0001441042000847,15.0
2903.307,0.190562022,0.1904309343806536,0.0001310876193464,0.0001310876193464,15.0
2903.789,0.1904723843,0.1903941434158267,7.824088417321406e-05,7.824088417321406e-05,15.0
2904.271,0.1907073148,0.1903570920667403,0.0003502227332596,0.0003502227332596,15.0
2904.753,0.1903354574999999,0.1903197865202466,1.5670979753329428e-05,1.5670979753329428e-05,15.0
2905.235,0.1905476066,0.1902822329922987,0.0002653736077012,0.0002653736077012,15.0
2905.717,0.1902675391,0.1902444377269909,2.310137300901016e-05,2.310137300901016e-05,15.0
2906.199,0.1907284418,0.1902064069955945,0.0005220348044055,0.0005220348044055,15.0
2906.681,0.1903582365999999,0.1901681470955933,0.0001900895044066,0.0001900895044066,15.0
2907.164,0.190355958,0.1901295842827443,0.0002263737172556,0.0002263737172556,15.0
2907.646,0.1902594313999999,0.1900908845954349,0.000168546804565,0.000168546804565,15.0
2908.128,0.1903972431,0.190051974792789,0.0003452683072109,0.0003452683072109,15.0
2908.61,0.1903142794,0.1900128612674776,0.0003014181325224,0.0003014181325224,15.0
2909.092,0.1902472218999999,0.1899735504335177,0.0002736714664822,0.0002736714664822,15.0
2909.574,0.1901894915,0.1899340487252934,0.0002554427747065,0.0002554427747065,15.0
2910.056,0.1901211789,0.1898943625965754,0.0002268163034245,0.0002268163034245,15.0
2910.538,0.1901256297999999,0.1898544985195389,0.0002711312804609,0.0002711312804609,15.0
2911.021,0.1901554322999999,0.1898143797487824,0.0003410525512174,0.0003410525512174,15.0
2911.503,0.1899316741999999,0.1897741789248825,0.0001574952751174,0.0001574952751174,15.0
2911.985,0.1900274393,0.1897338196833211,0.0002936196166789,0.0002936196166789,15.0
2912.467,0.1899243834,0.1896933085600741,0.0002310748399258,0.0002310748399258,15.0
2912.949,0.1898192013,0.1896526521045917,0.0001665491954082,0.0001665491954082,15.0
2913.431,0.1898576591999999,0.18961185687881,0.0002458023211899,0.0002458023211899,15.0
2913.913,0.1899372007999999,0.189570929456162,0.0003662713438379,0.0003662713438379,15.0
2914.395,0.1900410146999999,0.1895298764205898,0.0005111382794101,0.0005111382794101,15.0
2914.877,0.1894931869999999,0.1894887043655542,4.482634445773792e-06,4.482634445773792e-06,15.0
2915.36,0.1896799816,0.1894473341283393,0.0002326474716606,0.0002326474716606,15.0
2915.842,0.1898612638,0.1894059436352455,0.0004553201647544,0.0004553201647544,15.0
2916.324,0.1894183539,0.1893644539640255,5.38999359744885e-05,5.38999359744885e-05,15.0
2916.806,0.1896077792,0.1893228717363354,0.0002849074636646,0.0002849074636646,15.0
2917.288,0.1895772016,0.1892812035784046,0.0002959980215954,0.0002959980215954,15.0
2917.77,0.1894628051,0.1892394561200482,0.0002233489799518,0.0002233489799518,15.0
2918.252,0.1894152475,0.1891976359936801,0.0002176115063198,0.0002176115063198,15.0
2918.734,0.1893524167,0.189155749833328,0.0001966668666719,0.0001966668666719,15.0
2919.217,0.1893319715999999,0.1891137171925227,0.0002182544074772,0.0002182544074772,15.0
2919.699,0.1893484514,0.1890717187652421,0.0002767326347579,0.0002767326347579,15.0
2920.181,0.189194713,0.1890296742196617,0.0001650387803383,0.0001650387803383,15.0
2920.663,0.1890971052,0.1889875901864255,0.0001095150135744,0.0001095150135744,15.0
2921.145,0.1892708689,0.1889454732928804,0.0003253956071195,0.0003253956071195,15.0
2921.627,0.1890428303,0.1889033301621002,0.0001395001378997,0.0001395001378997,15.0
2922.109,0.1892347238,0.1888611674119097,0.0003735563880903,0.0003735563880903,15.0
2922.591,0.1891806649,0.1888189916539125,0.0003616732460874,0.0003616732460874,15.0
2923.073,0.1891549951,0.1887768094925209,0.000378185607479,0.000378185607479,15.0
2923.556,0.1890714503,0.1887345400143017,0.0003369102856982,0.0003369102856982,15.0
2924.038,0.1890816213,0.1886923648466609,0.000389256453339,0.000389256453339,15.0
2924.52,0.1888894812,0.1886502030496799,0.00023927815032,0.00023927815032,15.0
2925.002,0.1889411289999999,0.1886080611893263,0.0003330678106736,0.0003330678106736,15.0
2925.484,0.1890166401999999,0.1885659458195613,0.0004506943804386,0.0004506943804386,15.0
2925.966,0.1886083301,0.1885238634813849,8.446661861502558e-05,8.446661861502558e-05,15.0
2926.448,0.1887598825999999,0.188481820701886,0.0002780618981139,0.0002780618981139,15.0
2926.93,0.1885423076,0.1884398239932943,0.0001024836067057,0.0001024836067057,15.0
2927.413,0.18850144,0.1883977928901384,0.0001036471098615,0.0001036471098615,15.0
2927.895,0.1885803387,0.1883559079251269,0.000224430774873,0.000224430774873,15.0
2928.377,0.1884082636,0.188314088482526,9.417511747394912e-05,9.417511747394912e-05,15.0
2928.859,0.1885084158,0.1882723410056892,0.0002360747943107,0.0002360747943107,15.0
2929.341,0.1883718677,0.1882306719184273,0.0001411957815726,0.0001411957815726,15.0
2929.823,0.1884113747,0.1881890876240846,0.0002222870759153,0.0002222870759153,15.0
2930.305,0.188398026,0.1881475945046189,0.000250431495381,0.000250431495381,15.0
2930.787,0.1883428528,0.1881061989196856,0.0002366538803143,0.0002366538803143,15.0
2931.27,0.1882653253,0.1880648216506274,0.0002005036493726,0.0002005036493726,15.0
2931.751,0.1881954849,0.1880237256750656,0.0001717592249343,0.0001717592249343,15.0
2932.234,0.1880439833999999,0.187982575543202,6.140785679795147e-05,6.140785679795147e-05,15.0
2932.716,0.1878839401,0.1879416334762431,-5.7693376243173056e-05,5.7693376243173056e-05,15.0
2933.198,0.1881021773,0.1879008203887481,0.0002013569112518,0.0002013569112518,15.0
2933.68,0.1880242996,0.1878601424875379,0.000164157112462,0.000164157112462,15.0
2934.162,0.1880322728,0.1878196059508551,0.0002126668491448,0.0002126668491448,15.0
2934.644,0.1879372366,0.1877792169274887,0.0001580196725112,0.0001580196725112,15.0
2935.126,0.1880076211,0.187738981535904,0.0002686395640959,0.0002686395640959,15.0
2935.608,0.1878133464,0.187698905863378,0.0001144405366219,0.0001144405366219,15.0
2936.091,0.1875593311,0.1876589133410284,-9.95822410284064e-05,9.95822410284064e-05,15.0
2936.573,0.1876518011,0.1876191756020749,3.2625497925070635e-05,3.2625497925070635e-05,15.0
2937.055,0.1875505429,0.1875796156607182,-2.907276071820175e-05,2.907276071820175e-05,15.0
2937.537,0.1874722152,0.1875402394708857,-6.802427088575813e-05,6.802427088575813e-05,15.0
2938.019,0.187640771,0.1875010529510841,0.0001397180489158,0.0001397180489158,15.0
2938.501,0.1873775153,0.1874620619835707,-8.45466835707187e-05,8.45466835707187e-05,15.0
2938.983,0.1875189417,0.1874232724135324,9.566928646756456e-05,9.566928646756456e-05,15.0
2939.465,0.1873710101,0.1873846900482711,-1.3679948271089204e-05,1.3679948271089204e-05,15.0
2939.948,0.1874710409,0.1873462412772152,0.0001247996227847,0.0001247996227847,15.0
2940.43,0.1873122559,0.1873080910475104,4.164852489552118e-06,4.164852489552118e-06,15.0
2940.912,0.1872329373,0.1872701652208968,-3.7227920896804045e-05,3.7227920896804045e-05,15.0
2941.394,0.1872677793,0.1872324694450424,3.530985495756034e-05,3.530985495756034e-05,15.0
2941.876,0.1871975421,0.1871950093257598,2.532774240171509e-06,2.532774240171509e-06,15.0
2942.358,0.1871660331,0.1871577904262329,8.242673767033804e-06,8.242673767033804e-06,15.0
2942.84,0.1871561168,0.1871208182662526,3.52985337473688e-05,3.52985337473688e-05,15.0
2943.322,0.187317702,0.1870840983214587,0.0002336036785412,0.0002336036785412,15.0
2943.804,0.1870040065,0.1870476360225903,-4.362952259037711e-05,4.362952259037711e-05,15.0
2944.287,0.1870644467,0.1870113619296593,5.3084770340688925e-05,5.3084770340688925e-05,15.0
2944.769,0.1868344215,0.186975431593852,-0.000141010093852,0.000141010093852,15.0
2945.251,0.1870874191,0.1869397749303264,0.0001476441696735,0.0001476441696735,15.0
2945.733,0.1868287223999999,0.1869043971827729,-7.567478277295536e-05,7.567478277295536e-05,15.0
2946.215,0.1869598157,0.1868693035463468,9.051215365321608e-05,9.051215365321608e-05,15.0
2946.697,0.1868843074999999,0.1868344991669653,4.980833303461218e-05,4.980833303461218e-05,15.0
2947.179,0.1869518197,0.1867999891406144,0.0001518305593855,0.0001518305593855,15.0
2947.661,0.1869488356,0.1867657785126619,0.000183057087338,0.000183057087338,15.0
2948.144,0.1868511661999999,0.1867318022521465,0.0001193639478534,0.0001193639478534,15.0
2948.626,0.1867316812,0.1866982059981204,3.3475201879573646e-05,3.3475201879573646e-05,15.0
2949.108,0.1868674954999999,0.1866649239782493,0.0002025715217506,0.0002025715217506,15.0
2949.59,0.1867760087,0.1866319610286313,0.0001440476713686,0.0001440476713686,15.0
2950.072,0.1867038868,0.1865993219314455,0.0001045648685544,0.0001045648685544,15.0
2950.554,0.1868023425999999,0.186567011414317,0.0002353311856828,0.0002353311856828,15.0
2951.036,0.1865748388,0.1865350341496929,3.980465030709035e-05,3.980465030709035e-05,15.0
2951.518,0.1865039087,0.1865033947542257,5.139457742719955e-07,5.139457742719955e-07,15.0
2952.0,0.1864797909,0.1864720977881675,7.693111832463018e-06,7.693111832463018e-06,15.0
2952.483,0.1863969935,0.1864410839068132,-4.409040681319088e-05,4.409040681319088e-05,15.0
2952.965,0.1865182667,0.1864104859853279,0.0001077807146721,0.0001077807146721,15.0
2953.447,0.1864868784,0.1863802438387141,0.0001066345612858,0.0001066345612858,15.0
2953.929,0.1862234358,0.1863503617956155,-0.0001269259956155,0.0001269259956155,15.0
2954.411,0.1863174362,0.186320844125379,-3.407925379006471e-06,3.407925379006471e-06,15.0
2954.893,0.1864033377,0.1862916950375048,0.0001116426624951,0.0001116426624951,15.0
2955.375,0.186245912,0.1862629186811057,-1.7006681105685706e-05,1.7006681105685706e-05,15.0
2955.857,0.1860895688,0.1862345191443749,-0.0001449503443749,0.0001449503443749,15.0
2956.34,0.1861191967,0.1862064427226536,-8.724602265361425e-05,8.724602265361425e-05,15.0
2956.822,0.1860523071,0.186178809646011,-0.000126502546011,0.000126502546011,15.0
2957.304,0.1860858298,0.1861515652909721,-6.573549097216302e-05,6.573549097216302e-05,15.0
2957.786,0.1860104741,0.1861247134968088,-0.0001142393968088,0.0001142393968088,15.0
2958.268,0.1860979012,0.1860982580393656,-3.568393656672164e-07,3.568393656672164e-07,15.0
2958.75,0.1858165387,0.1860722026305873,-0.0002556639305873,0.0002556639305873,15.0
2959.232,0.1859378758,0.1860465509180576,-0.0001086751180576,0.0001086751180576,15.0
2959.714,0.1859062353999999,0.1860213064845478,-0.0001150710845478,0.0001150710845478,15.0
2960.197,0.1858466336,0.1859964217549346,-0.0001497881549346,0.0001497881549346,15.0
2960.678,0.1857966303,0.1859720534589739,-0.0001754231589739,0.0001754231589739,15.0
2961.161,0.1857155411,0.1859480023447438,-0.0002324612447437,0.0002324612447437,15.0
2961.643,0.185858324,0.1859244224203045,-6.609842030447233e-05,6.609842030447233e-05,15.0
2962.125,0.1857519651999999,0.1859012667081531,-0.0001493015081531,0.0001493015081531,15.0
2962.607,0.1856858048,0.1858785383931432,-0.0001927335931431,0.0001927335931431,15.0
2963.089,0.1856669717,0.1858562405924452,-0.0001892688924452,0.0001892688924452,15.0
2963.571,0.1856943627,0.1858343763551768,-0.0001400136551768,0.0001400136551768,15.0
2964.053,0.1856842088,0.1858129486620466,-0.0001287398620466,0.0001287398620466,15.0
2964.535,0.1855317166,0.1857919604250062,-0.0002602438250062,0.0002602438250062,15.0
2965.018,0.1855703195,0.1857713723221912,-0.0002010528221912,0.0002010528221912,15.0
2965.5,0.1852982171,0.1857512723827092,-0.0004530552827092,0.0004530552827092,15.0
2965.982,0.1855145184,0.1857316202248591,-0.0002171018248591,0.0002171018248591,15.0
2966.464,0.185516538,0.1857124184821641,-0.000195880482164,0.000195880482164,15.0
2966.946,0.1856509323,0.1856936697178156,-4.2737417815658096e-05,4.2737417815658096e-05,15.0
2967.428,0.1854328406,0.1856753764243914,-0.0002425358243914,0.0002425358243914,15.0
2967.91,0.1854631444,0.1856575410235829,-0.0001943966235829,0.0001943966235829,15.0
2968.392,0.1853614662,0.1856401658659352,-0.0002786996659352,0.0002786996659352,15.0
2968.875,0.1853854544,0.185623218624476,-0.000237764224476,0.000237764224476,15.0
2969.357,0.1853660087,0.1856067716853749,-0.0002407629853748,0.0002407629853748,15.0
2969.839,0.1853668798,0.1855907916161019,-0.0002239118161019,0.0002239118161019,15.0
2970.321,0.1854212074,0.1855752804800762,-0.0001540730800762,0.0001540730800762,15.0
2970.803,0.1854997911999999,0.1855602402684304,-6.04490684304182e-05,6.04490684304182e-05,15.0
2971.285,0.1854398837,0.1855456728998143,-0.0001057891998143,0.0001057891998143,15.0
2971.767,0.1853385442,0.1855315802202121,-0.0001930360202121,0.0001930360202121,15.0
2972.249,0.1853731736,0.1855179640027686,-0.0001447904027686,0.0001447904027686,15.0
2972.731,0.1854046706,0.1855048259476269,-0.0001001553476269,0.0001001553476269,15.0
2973.214,0.1853391638,0.1854921419196458,-0.0001529781196457,0.0001529781196457,15.0
2973.696,0.1852587947,0.1854799659969898,-0.0002211712969898,0.0002211712969898,15.0
2974.178,0.1854260666,0.1854682729005983,-4.2206300598313096e-05,4.2206300598313096e-05,15.0
2974.66,0.1853512525,0.1854570640370572,-0.0001058115370571,0.0001058115370571,15.0
2975.142,0.1853680031,0.1854463407393063,-7.833763930634174e-05,7.833763930634174e-05,15.0
2975.624,0.1852214172,0.1854361042665439,-0.0002146870665439,0.0002146870665439,15.0
2976.106,0.1851868657,0.1854263558041422,-0.0002394901041422,0.0002394901041422,15.0
2976.588,0.1852521103999999,0.1854170964635728,-0.0001649860635728,0.0001649860635728,15.0
2977.071,0.1849964728,0.1854083095992232,-0.0004118367992232,0.0004118367992232,15.0
2977.553,0.1852366436,0.1854000325607093,-0.0001633889607092,0.0001633889607092,15.0
2978.035,0.1850976744,0.1853922475362414,-0.0002945731362413,0.0002945731362413,15.0
2978.517,0.1852691226,0.1853849553410219,-0.0001158327410218,0.0001158327410218,15.0
2978.999,0.1848986900999999,0.185378156716151,-0.000479466616151,0.000479466616151,15.0
2979.481,0.1850125744,0.1853718523286188,-0.0003592779286188,0.0003592779286188,15.0
2979.963,0.1849219678,0.1853660427713092,-0.0004440749713091,0.0004440749713091,15.0
2980.445,0.1850118642,0.1853607285630141,-0.0003488643630141,0.0003488643630141,15.0
2980.927,0.1849388594,0.1853559101484581,-0.0004170507484581,0.0004170507484581,15.0
2981.41,0.18492505,0.1853515794469927,-0.0004265294469927,0.0004265294469927,15.0
2981.892,0.1850695182999999,0.1853477546882779,-0.0002782363882779,0.0002782363882779,15.0
2982.374,0.1849028278999999,0.1853444266138833,-0.0004415987138833,0.0004415987138833,15.0
2982.856,0.1850604697,0.1853415953725879,-0.0002811256725879,0.0002811256725879,15.0
2983.338,0.1851532237,0.1853392610393955,-0.0001860373393955,0.0001860373393955,15.0
2983.82,0.1849928991999999,0.1853374236156253,-0.0003445244156253,0.0003445244156253,15.0
2984.302,0.1851126883,0.1853360830290126,-0.0002233947290126,0.0002233947290126,15.0
2984.784,0.1852229051,0.1853352391338231,-0.0001123340338231,0.0001123340338231,15.0
2985.267,0.1852207213999999,0.1853348915060703,-0.0001141701060703,0.0001141701060703,15.0
2985.749,0.1852507014,0.1853350412923285,-8.433989232858874e-05,8.433989232858874e-05,15.0
2986.231,0.1851276351,0.185335686892429,-0.000208051792429,0.000208051792429,15.0
2986.713,0.1850299873,0.1853368278679393,-0.0003068405679393,0.0003068405679393,15.0
2987.195,0.1851536608,0.1853384637076777,-0.0001848029076776,0.0001848029076776,15.0
2987.677,0.1851482621,0.1853405938278899,-0.0001923317278899,0.0001923317278899,15.0
2988.159,0.1850838243,0.1853432175724354,-0.0002593932724354,0.0002593932724354,15.0
2988.641,0.1851869438,0.1853463342129848,-0.0001593904129847,0.0001593904129847,15.0
2989.124,0.185096659,0.1853499509471705,-0.0002532919471705,0.0002532919471705,15.0
2989.605,0.1849577785,0.1853540429090868,-0.0003962644090867,0.0003962644090867,15.0
2990.088,0.1849993224,0.1853586431812262,-0.0003593207812262,0.0003593207812262,15.0
2990.57,0.1852285173,0.1853637237001627,-0.0001352064001627,0.0001352064001627,15.0
2991.052,0.1851376464999999,0.1853692923959174,-0.0002316458959174,0.0002316458959174,15.0
2991.534,0.1850339755,0.1853753481115986,-0.0003413726115986,0.0003413726115986,15.0
2992.016,0.1850678243,0.1853818896197951,-0.0003140653197951,0.0003140653197951,15.0
2992.498,0.1849629364,0.1853889156228543,-0.0004259792228543,0.0004259792228543,15.0
2992.98,0.1851351688,0.1853964247531727,-0.0002612559531726,0.0002612559531726,15.0
2993.462,0.1852027713,0.1854044155734934,-0.0002016442734934,0.0002016442734934,15.0
2993.945,0.185224705,0.1854129046499809,-0.0001881996499808,0.0001881996499808,15.0
2994.427,0.1851483242999999,0.1854218552527576,-0.0002735309527576,0.0002735309527576,15.0
2994.909,0.1852658424,0.1854312828155075,-0.0001654404155075,0.0001654404155075,15.0
2995.391,0.1852617969,0.1854411856254098,-0.0001793887254097,0.0001793887254097,15.0
2995.873,0.1852038069,0.185451561901634,-0.000247755001634,0.000247755001634,15.0
2996.355,0.185309773,0.1854624097956982,-0.0001526367956981,0.0001526367956981,15.0
2996.837,0.1851352334,0.1854737273918355,-0.0003384939918355,0.0003384939918355,15.0
2997.319,0.185228769,0.1854855127073706,-0.0002567437073706,0.0002567437073706,15.0
2997.802,0.1850078859,0.1854977895926958,-0.0004899036926958,0.0004899036926958,15.0
2998.284,0.185189378,0.1855105050927953,-0.0003211270927953,0.0003211270927953,15.0
2998.766,0.1851906616,0.1855236819621307,-0.0003330203621307,0.0003330203621307,15.0
2999.248,0.1852140314,0.1855373179542103,-0.0003232865542103,0.0003232865542103,15.0
2999.73,0.184855951,0.1855514107576577,-0.0006954597576576,0.0006954597576576,15.0
3000.212,0.1851051004,0.1855659579966422,-0.0004608575966422,0.0004608575966422,15.0
3000.694,0.1850641717,0.18558095723132,-0.00051678553132,0.00051678553132,15.0
3001.176,0.1851801890999999,0.1855964059582842,-0.0004162168582842,0.0004162168582842,15.0
3001.658,0.185150567,0.1856123016110229,-0.0004617346110229,0.0004617346110229,15.0
3002.141,0.1851475209999999,0.185628675920684,-0.000481154920684,0.000481154920684,15.0
3002.623,0.1852252466999999,0.1856454583887111,-0.0004202116887111,0.0004202116887111,15.0
3003.105,0.185378087,0.1856626797032837,-0.0002845927032837,0.0002845927032837,15.0
3003.587,0.1852732208999999,0.1856803370500988,-0.0004071161500988,0.0004071161500988,15.0
3004.069,0.1853812041999999,0.1856984275541702,-0.0003172233541702,0.0003172233541702,15.0
3004.551,0.18541336,0.1857169482803378,-0.0003035882803378,0.0003035882803378,15.0
3005.033,0.1854766028,0.1857358962337848,-0.0002592934337848,0.0002592934337848,15.0
3005.515,0.1851298868,0.1857552683605638,-0.0006253815605638,0.0006253815605638,15.0
3005.998,0.185390488,0.1857751030483361,-0.0003846150483361,0.0003846150483361,15.0
3006.48,0.1852459893,0.1857953149897452,-0.0005493256897452,0.0005493256897452,15.0
3006.962,0.1853646775,0.1858159415864777,-0.0004512640864777,0.0004512640864777,15.0
3007.444,0.1853790078999999,0.185836979553361,-0.000457971653361,0.000457971653361,15.0
3007.926,0.1853453821,0.1858584255488392,-0.0005130434488392,0.0005130434488392,15.0
3008.408,0.1856998223,0.1858802761755461,-0.000180453875546,0.000180453875546,15.0
3008.89,0.1853663274999999,0.1859025279808849,-0.0005362004808849,0.0005362004808849,15.0
3009.372,0.1855134421,0.1859251774576158,-0.0004117353576158,0.0004117353576158,15.0
3009.854,0.1854778762,0.1859482210444499,-0.0004703448444499,0.0004703448444499,15.0
3010.337,0.185665685,0.1859717041484625,-0.0003060191484625,0.0003060191484625,15.0
3010.819,0.1855917725,0.185995525857156,-0.000403753357156,0.000403753357156,15.0
3011.301,0.1854670488,0.1860197306660755,-0.0005526818660755,0.0005526818660755,15.0
3011.783,0.185450019,0.1860443148037178,-0.0005942958037178,0.0005942958037178,15.0
3012.265,0.1856445795,0.1860692744476117,-0.0004246949476117,0.0004246949476117,15.0
3012.747,0.1854783220999999,0.1860946057249517,-0.0006162836249517,0.0006162836249517,15.0
3013.229,0.1857123447,0.1861203047132431,-0.0004079600132431,0.0004079600132431,15.0
3013.711,0.1856083732,0.1861463674409491,-0.000537994240949,0.000537994240949,15.0
3014.194,0.185439005,0.1861728450776161,-0.0007338400776161,0.0007338400776161,15.0
3014.676,0.1855173047,0.1861996239102658,-0.0006823192102658,0.0006823192102658,15.0
3015.158,0.1857218358,0.1862267542714735,-0.0005049184714734,0.0005049184714734,15.0
3015.64,0.1855233647,0.1862542320000582,-0.0007308673000581,0.0007308673000581,15.0
3016.122,0.1856801065999999,0.1862820528891383,-0.0006019462891383,0.0006019462891383,15.0
3016.604,0.185583809,0.1863102126868163,-0.0007264036868163,0.0007264036868163,15.0
3017.086,0.1857108111,0.1863387070968707,-0.0006278959968707,0.0006278959968707,15.0
3017.568,0.186019888,0.186367531779453,-0.000347643779453,0.000347643779453,15.0
3018.051,0.1860696539,0.1863967431658539,-0.0003270892658539,0.0003270892658539,15.0
3018.532,0.1858833361,0.1864261543888891,-0.0005428182888891,0.0005428182888891,15.0
3019.015,0.186108742,0.1864560055536347,-0.0003472635536347,0.0003472635536347,15.0
3019.497,0.1861253736999999,0.1864861077236007,-0.0003607340236007,0.0003607340236007,15.0
3019.979,0.1862464256,0.1865165178277372,-0.0002700922277371,0.0002700922277371,15.0
3020.461,0.1863063069,0.1865472312792865,-0.0002409243792865,0.0002409243792865,15.0
3020.943,0.1861356211,0.1865782434528907,-0.0004426223528907,0.0004426223528907,15.0
3021.425,0.1860963691,0.1866095496853298,-0.0005131805853298,0.0005131805853298,15.0
3021.907,0.1861495936,0.1866411452762642,-0.0004915516762641,0.0004915516762641,15.0
3022.389,0.1864006489999999,0.1866730254889803,-0.0002723764889803,0.0002723764889803,15.0
3022.872,0.1862382033,0.1867052525608376,-0.0004670492608376,0.0004670492608376,15.0
3023.354,0.1865002528,0.1867376882308514,-0.0002374354308513,0.0002374354308513,15.0
3023.836,0.1863989213,0.1867703940917206,-0.0003714727917206,0.0003714727917206,15.0
3024.318,0.1861731044,0.186803365268723,-0.000630260868723,0.000630260868723,15.0
3024.8,0.1864471377,0.1868365968545608,-0.0003894591545608,0.0003894591545608,15.0
3025.282,0.186386329,0.1868700839101317,-0.0004837549101316,0.0004837549101316,15.0
3025.764,0.1864169111,0.1869038214653038,-0.0004869103653038,0.0004869103653038,15.0
3026.246,0.1864688589,0.186937804519693,-0.000468945619693,0.000468945619693,15.0
3026.729,0.1866258517,0.1869720992930699,-0.0003462475930698,0.0003462475930698,15.0
3027.211,0.1864892867,0.1870065587107729,-0.0005172720107729,0.0005172720107729,15.0
3027.693,0.1866138439,0.1870412484422822,-0.0004274045422822,0.0004274045422822,15.0
3028.175,0.186641647,0.1870761633739983,-0.0004345163739983,0.0004345163739983,15.0
3028.657,0.1866105457999999,0.1871112983660117,-0.0005007525660117,0.0005007525660117,15.0
3029.139,0.1869457282,0.187146648252898,-0.000200920052898,0.000200920052898,15.0
3029.621,0.1867183832,0.187182207844518,-0.000463824644518,0.000463824644518,15.0
3030.103,0.1868697688,0.1872179719268186,-0.0003482031268186,0.0003482031268186,15.0
3030.585,0.1870175667999999,0.1872539352626384,-0.0002363684626384,0.0002363684626384,15.0
3031.068,0.1868157460999999,0.1872901678057164,-0.0004744217057164,0.0004744217057164,15.0
3031.55,0.1869688876,0.1873265142347051,-0.000357626634705,0.000357626634705,15.0
3032.032,0.1871392060999999,0.1873630440641294,-0.0002238379641294,0.0002238379641294,15.0
3032.514,0.1870161113,0.1873997519724383,-0.0003836406724383,0.0003836406724383,15.0
3032.996,0.1868364023,0.1874366326190258,-0.0006002303190258,0.0006002303190258,15.0
3033.478,0.1871346983,0.1874736806450483,-0.0003389823450483,0.0003389823450483,15.0
3033.96,0.1868148537,0.1875108906742426,-0.0006960369742425,0.0006960369742425,15.0
3034.442,0.1870742719,0.1875482573137434,-0.0004739854137434,0.0004739854137434,15.0
3034.925,0.1870033341,0.1875858531461642,-0.0005825190461642,0.0005825190461642,15.0
3035.407,0.1870731078,0.1876235170621802,-0.0005504092621801,0.0005504092621801,15.0
3035.889,0.1871645566,0.1876613213072174,-0.0004967647072174,0.0004967647072174,15.0
3036.371,0.1871019947,0.1876992604301965,-0.0005972657301965,0.0005972657301965,15.0
3036.853,0.1873268599,0.1877373289675515,-0.0004104690675514,0.0004104690675514,15.0
3037.335,0.1871880654,0.1877755214440553,-0.0005874560440553,0.0005874560440553,15.0
3037.817,0.1873094770999999,0.1878138323736457,-0.0005043552736457,0.0005043552736457,15.0
3038.299,0.1876148506,0.187852256260251,-0.000237405660251,0.000237405660251,15.0
3038.781,0.1875517706999999,0.187890787598617,-0.000339016898617,0.000339016898617,15.0
3039.264,0.1873365756999999,0.1879295011292943,-0.0005929254292943,0.0005929254292943,15.0
3039.746,0.1875985524,0.1879682310171122,-0.0003696786171122,0.0003696786171122,15.0
3040.228,0.1875494054,0.1880070517826238,-0.0004576463826238,0.0004576463826238,15.0
3040.71,0.1876803476,0.1880459578920993,-0.0003656102920993,0.0003656102920993,15.0
3041.192,0.1877268056,0.1880849438067616,-0.0003581382067615,0.0003581382067615,15.0
3041.674,0.1877758931,0.1881240039836111,-0.0003481108836111,0.0003481108836111,15.0
3042.156,0.1876364411999999,0.1881631328762515,-0.0005266916762515,0.0005266916762515,15.0
3042.638,0.187606326,0.1882023249357146,-0.0005959989357146,0.0005959989357146,15.0
3043.121,0.1877607297,0.1882416560981863,-0.0004809263981863,0.0004809263981863,15.0
3043.603,0.1878057911,0.1882809579404656,-0.0004751668404656,0.0004751668404656,15.0
3044.085,0.1878364042999999,0.1883203062839458,-0.0004839019839458,0.0004839019839458,15.0
3044.567,0.1878807663,0.1883596955776018,-0.0004789292776017,0.0004789292776017,15.0
3045.049,0.1879963748999999,0.1883991202719467,-0.0004027453719467,0.0004027453719467,15.0
3045.531,0.1880657583,0.1884385748198513,-0.0003728165198513,0.0003728165198513,15.0
3046.013,0.1879438512,0.1884780536773593,-0.0005342024773593,0.0005342024773593,15.0
3046.495,0.1880788335,0.1885175513045041,-0.000438717804504,0.000438717804504,15.0
3046.978,0.1879444061,0.1885571441487821,-0.0006127380487821,0.0006127380487821,15.0
3047.459,0.1882370229,0.1885965807326552,-0.0003595578326552,0.0003595578326552,15.0
3047.942,0.1881243404,0.1886361834726756,-0.0005118430726756,0.0005118430726756,15.0
3048.424,0.1880649966,0.1886757008742494,-0.0006107042742493,0.0006107042742493,15.0
3048.906,0.1881546914,0.1887152094224352,-0.0005605180224352,0.0005605180224352,15.0
3049.388,0.1882662753,0.1887547036182283,-0.0004884283182283,0.0004884283182283,15.0
3049.87,0.1880757544,0.1887941779722645,-0.0007184235722645,0.0007184235722645,15.0
3050.352,0.188161901,0.188833627005618,-0.000671726005618,0.000671726005618,15.0
3050.834,0.1881431587,0.1888730452505968,-0.0007298865505968,0.0007298865505968,15.0
3051.316,0.1882145050999999,0.188912427251535,-0.000697922151535,0.000697922151535,15.0
3051.799,0.1883224834,0.1889518491373891,-0.0006293657373891,0.0006293657373891,15.0
3052.281,0.1884887598,0.188991142231913,-0.000502382431913,0.000502382431913,15.0
3052.763,0.1885428526999999,0.1890303827842169,-0.0004875300842169,0.0004875300842169,15.0
3053.245,0.1885866534,0.1890695653946369,-0.0004829119946369,0.0004829119946369,15.0
3053.727,0.1886496324,0.1891086846794528,-0.0004590522794527,0.0004590522794527,15.0
3054.209,0.1886954383,0.1891477352716622,-0.0004522969716621,0.0004522969716621,15.0
3054.691,0.1888193596,0.1891867118217501,-0.0003673522217501,0.0003673522217501,15.0
3055.173,0.1887988111,0.1892256089984548,-0.0004267978984548,0.0004267978984548,15.0
3055.656,0.1887150713,0.1892645019216658,-0.0005494306216658,0.0005494306216658,15.0
3056.138,0.188857895,0.1893032242424778,-0.0004453292424778,0.0004453292424778,15.0
3056.62,0.1888976037999999,0.1893418513023314,-0.0004442475023314,0.0004442475023314,15.0
3057.102,0.1888634874,0.1893803778506081,-0.0005168904506081,0.0005168904506081,15.0
3057.584,0.1889368115,0.1894187986587165,-0.0004819871587165,0.0004819871587165,15.0
3058.066,0.1891243873999999,0.1894571085208335,-0.0003327211208335,0.0003327211208335,15.0
3058.548,0.1890584681,0.1894953022546425,-0.0004368341546425,0.0004368341546425,15.0
3059.03,0.1892113678,0.1895333747020655,-0.0003220069020654,0.0003220069020654,15.0
3059.512,0.1893563946,0.189571320729992,-0.000214926129992,0.000214926129992,15.0
3059.995,0.1892187746999999,0.1896092135440725,-0.0003904388440725,0.0003904388440725,15.0
3060.477,0.1892649462,0.1896468911484745,-0.0003819449484745,0.0003819449484745,15.0
3060.959,0.1893683216999999,0.1896844270806065,-0.0003161053806065,0.0003161053806065,15.0
3061.441,0.1894401581,0.1897218163144724,-0.0002816582144724,0.0002816582144724,15.0
3061.923,0.1893417004,0.1897590538526134,-0.0004173534526134,0.0004173534526134,15.0
3062.405,0.1893675816,0.189796134726806,-0.000428553126806,0.000428553126806,15.0
3062.887,0.1897027908999999,0.1898330539987555,-0.0001302630987555,0.0001302630987555,15.0
3063.369,0.1896476279,0.189869806760784,-0.000222178860784,0.000222178860784,15.0
3063.852,0.1896767348,0.189906463849961,-0.000229729049961,0.000229729049961,15.0
3064.334,0.1895310162,0.1899428686243479,-0.0004118524243478,0.0004118524243478,15.0
3064.816,0.1898739317,0.189979092346324,-0.000105160646324,0.000105160646324,15.0
3065.298,0.1897807727,0.1900151302375131,-0.0002343575375131,0.0002343575375131,15.0
3065.78,0.189723373,0.1900509775535104,-0.0003276045535103,0.0003276045535103,15.0
3066.262,0.1898916794,0.1900866295845367,-0.0001949501845367,0.0001949501845367,15.0
3066.744,0.1899354521,0.1901220816560854,-0.0001866295560854,0.0001866295560854,15.0
3067.226,0.1901197029,0.1901573291295635,-3.762622956349215e-05,3.762622956349215e-05,15.0
3067.708,0.1899999839999999,0.1901923674029266,-0.0001923834029266,0.0001923834029266,15.0
3068.191,0.1901409058,0.1902272639359697,-8.635813596977182e-05,8.635813596977182e-05,15.0
3068.673,0.1901694996,0.1902618696947332,-9.237009473322956e-05,9.237009473322956e-05,15.0
3069.155,0.1902211512,0.1902962526635217,-7.51014635217706e-05,7.51014635217706e-05,15.0
3069.637,0.1904114264,0.1903304083927883,8.101800721163621e-05,8.101800721163621e-05,15.0
3070.119,0.1903184983,0.1903643324726143,-4.5834172614306334e-05,4.5834172614306334e-05,15.0
3070.601,0.1904192573999999,0.1903980205333044,2.123686669552871e-05,2.123686669552871e-05,15.0
3071.083,0.1903816737,0.1904314682459767,-4.979454597670019e-05,4.979454597670019e-05,15.0
3071.565,0.1907808142,0.1904646713231436,0.0003161428768563,0.0003161428768563,15.0
3072.048,0.1905773156,0.1904976936273557,7.962197264432813e-05,7.962197264432813e-05,15.0
3072.53,0.190695121,0.1905303942100894,0.0001647267899105,0.0001647267899105,15.0
3073.012,0.1907389253999999,0.1905628375403571,0.0001760878596428,0.0001760878596428,15.0
3073.494,0.1908189743,0.1905950195020236,0.0002239547979764,0.0002239547979764,15.0
3073.976,0.1906391982,0.1906269360231547,1.226217684521802e-05,1.226217684521802e-05,15.0
3074.458,0.1906938309,0.1906585830765565,3.524782344346833e-05,3.524782344346833e-05,15.0
3074.94,0.1910180018,0.1906899566803071,0.0003280451196928,0.0003280451196928,15.0
3075.422,0.1907764074,0.1907210528982814,5.535450171856304e-05,5.535450171856304e-05,15.0
3075.905,0.1906642586,0.1907519314770244,-8.767287702446391e-05,8.767287702446391e-05,15.0
3076.386,0.1908722843,0.1907823976644778,8.988663552214615e-05,8.988663552214615e-05,15.0
3076.869,0.1908269124,0.1908127010115901,1.4211388409873791e-05,1.4211388409873791e-05,15.0
3077.351,0.1909388982,0.1908426486480284,9.62495519715445e-05,9.62495519715445e-05,15.0
3077.833,0.1905093108999999,0.1908722999152156,-0.0003629890152156,0.0003629890152156,15.0
3078.315,0.1908629824,0.1909016511624959,-3.866876249589146e-05,3.866876249589146e-05,15.0
3078.797,0.1908019869,0.190930698788468,-0.000128711888468,0.000128711888468,15.0
3079.279,0.1906627297,0.1909594392414484,-0.0002967095414484,0.0002967095414484,15.0
3079.761,0.1909034533,0.1909878690199247,-8.441571992473529e-05,8.441571992473529e-05,15.0
3080.243,0.1908727787,0.1910159846730028,-0.0001432059730028,0.0001432059730028,15.0
3080.726,0.1910596363,0.1910438401409108,1.5796159089143114e-05,1.5796159089143114e-05,15.0
3081.208,0.1910779587,0.1910713167260074,6.641973992527195e-06,6.641973992527195e-06,15.0
3081.69,0.1910337448,0.1910984691342884,-6.472433428844626e-05,6.472433428844626e-05,15.0
3082.172,0.1913314485,0.1911252941217416,0.0002061543782583,0.0002061543782583,15.0
3082.654,0.1913889543999999,0.1911517884970827,0.0002371659029172,0.0002371659029172,15.0
3083.136,0.1913346468,0.1911779491221524,0.0001566976778475,0.0001566976778475,15.0
3083.618,0.1912231118,0.1912037729123051,1.93388876949252e-05,1.93388876949252e-05,15.0
3084.1,0.1913848031999999,0.1912292568367878,0.0001555463632121,0.0001555463632121,15.0
3084.583,0.1911565447,0.191254449720615,-9.790502061504668e-05,9.790502061504668e-05,15.0
3085.065,0.1914573667,0.1912792443185705,0.0001781223814294,0.0001781223814294,15.0
3085.547,0.1915316688,0.1913036902797398,0.0002279785202601,0.0002279785202601,15.0
3086.029,0.1914411059,0.1913277847926875,0.0001133211073124,0.0001133211073124,15.0
3086.511,0.191469922,0.1913515251016437,0.0001183968983562,0.0001183968983562,15.0
3086.993,0.1917325146,0.1913749085068321,0.0003576060931678,0.0003576060931678,15.0
3087.475,0.191561495,0.1913979323647895,0.0001635626352105,0.0001635626352105,15.0
3087.957,0.1915419269,0.1914205940886764,0.0001213328113235,0.0001213328113235,15.0
3088.439,0.1917550482,0.1914428911485792,0.0003121570514207,0.0003121570514207,15.0
3088.922,0.1917686681,0.1914648661862459,0.000303801913754,0.000303801913754,15.0
3089.404,0.191753898,0.1914864257884224,0.0002674722115775,0.0002674722115775,15.0
3089.886,0.1916529018,0.1915076134764828,0.0001452883235171,0.0001452883235171,15.0
3090.368,0.1920135459,0.1915284269511784,0.0004851189488216,0.0004851189488216,15.0
3090.85,0.1918044052999999,0.1915488639715622,0.0002555413284377,0.0002555413284377,15.0
3091.332,0.1918080266,0.1915689223552382,0.0002391042447617,0.0002391042447617,15.0
3091.814,0.1917965701,0.1915885999786002,0.0002079701213998,0.0002079701213998,15.0
3092.296,0.1917185379,0.1916078947770619,0.000110643122938,0.000110643122938,15.0
3092.779,0.1919039431999999,0.1916268435761879,0.000277099623812,0.000277099623812,15.0
3093.261,0.1919435573,0.1916453659638465,0.0002981913361534,0.0002981913361534,15.0
3093.743,0.1920028771,0.1916634996852825,0.0003393774147174,0.0003393774147174,15.0
3094.225,0.1919281822,0.1916812429142353,0.0002469392857646,0.0002469392857646,15.0
3094.707,0.192203416,0.19169859388448,0.0005048221155199,0.0005048221155199,15.0
3095.189,0.1921724155,0.191715550890003,0.0004568646099969,0.0004568646099969,15.0
3095.671,0.1922628049,0.1917321122851676,0.0005306926148323,0.0005306926148323,15.0
3096.153,0.1922994769,0.1917482764848723,0.0005512004151276,0.0005512004151276,15.0
3096.635,0.1923429996,0.191764041964698,0.0005789576353019,0.0005789576353019,15.0
3097.118,0.1923114555,0.1917794387222829,0.000532016777717,0.000532016777717,15.0
3097.6,0.1924740428,0.1917944015979286,0.0006796412020713,0.0006796412020713,15.0
3098.082,0.1925530358,0.1918089615431588,0.0007440742568411,0.0007440742568411,15.0
3098.564,0.1924335823,0.1918231172777095,0.0006104650222904,0.0006104650222904,15.0
3099.046,0.1923334947,0.1918368675826021,0.0004966271173978,0.0004966271173978,15.0
3099.528,0.1926309664,0.1918502113002368,0.0007807550997631,0.0007807550997631,15.0
3100.01,0.1925892216,0.1918631473344749,0.000726074265525,0.000726074265525,15.0
3100.492,0.1925459197,0.1918756746507144,0.0006702450492855,0.0006702450492855,15.0
3100.975,0.1926631469999999,0.1918878169897405,0.0007753300102594,0.0007753300102594,15.0
3101.457,0.1923935364,0.1918995231598613,0.0004940132401387,0.0004940132401387,15.0
3101.939,0.1927400822,0.1919108178763016,0.0008292643236983,0.0008292643236983,15.0
3102.421,0.1924072995,0.191921700351292,0.0004855991487079,0.0004855991487079,15.0
3102.903,0.192556789,0.1919321698588335,0.0006246191411665,0.0006246191411665,15.0
3103.385,0.1924494137,0.1919422257347159,0.000507187965284,0.000507187965284,15.0
3103.867,0.192455499,0.191951867376529,0.0005036316234709,0.0005036316234709,15.0
3104.349,0.1925562691,0.1919610942436625,0.0005951748563375,0.0005951748563375,15.0
3104.832,0.1926002001,0.1919699237066993,0.0006302763933006,0.0006302763933006,15.0
3105.313,0.1925839175,0.1919783018003912,0.0006056156996087,0.0006056156996087,15.0
3105.796,0.192544869,0.19198629784082,0.0005585711591799,0.0005585711591799,15.0
3106.278,0.1927091074,0.1919938605746585,0.0007152468253415,0.0007152468253415,15.0
3106.76,0.1924239494,0.1920010067567422,0.0004229426432577,0.0004229426432577,15.0
3107.242,0.1926686731,0.1920077362168968,0.0006609368831031,0.0006609368831031,15.0
3107.724,0.1926985654,0.1920140488464986,0.0006845165535013,0.0006845165535013,15.0
3108.206,0.1925137556,0.192019944598403,0.000493811001597,0.000493811001597,15.0
3108.688,0.1924719717,0.1920254234868631,0.0004465482131368,0.0004465482131368,15.0
3109.17,0.1925190089,0.192030485587441,0.0004885233125589,0.0004885233125589,15.0
3109.653,0.1924400777,0.1920351402417889,0.000404937458211,0.000404937458211,15.0
3110.135,0.1926011125999999,0.1920393683742546,0.0005617442257453,0.0005617442257453,15.0
3110.617,0.1927791388,0.192043180312941,0.000735958487059,0.000735958487059,15.0
3111.099,0.1927980545,0.192046576377692,0.0007514781223079,0.0007514781223079,15.0
3111.581,0.1924964251,0.1920495569490775,0.0004468681509224,0.0004468681509224,15.0
3112.063,0.1926272455,0.1920521224682492,0.0005751230317507,0.0005751230317507,15.0
3112.545,0.1926847039,0.1920542734367891,0.0006304304632108,0.0006304304632108,15.0
3113.027,0.1926776841,0.1920560104165495,0.0006216736834505,0.0006216736834505,15.0
3113.51,0.1926857099,0.1920573363463367,0.0006283735536632,0.0006283735536632,15.0
3113.992,0.1927973881999999,0.1920582464188753,0.0007391417811246,0.0007391417811246,15.0
3114.474,0.192851085,0.192058744549674,0.0007923404503259,0.0007923404503259,15.0
3114.956,0.1927539086999999,0.1920588315400088,0.0006950771599911,0.0006950771599911,15.0
3115.438,0.1927777772,0.1920585082504925,0.0007192689495074,0.0007192689495074,15.0
3115.92,0.1927971952,0.192057775600863,0.0007394195991369,0.0007394195991369,15.0
3116.402,0.1927387536,0.1920566345697629,0.000682119030237,0.000682119030237,15.0
3116.884,0.1929336464,0.1920550861945097,0.0008785602054902,0.0008785602054902,15.0
3117.366,0.1931067488,0.1920531315708595,0.0010536172291404,0.0010536172291404,15.0
3117.849,0.1929197617,0.1920507665368163,0.0008689951631837,0.0008689951631837,15.0
3118.331,0.193094281,0.192048002099525,0.0010462789004749,0.0010462789004749,15.0
3118.813,0.1929864365,0.1920448350519294,0.0009416014480705,0.0009416014480705,15.0
3119.295,0.1928700791,0.1920412667211183,0.0008288123788816,0.0008288123788816,15.0
3119.777,0.1930218756,0.1920372984913077,0.0009845771086922,0.0009845771086922,15.0
3120.259,0.1929390275,0.1920329318035548,0.0009060956964451,0.0009060956964451,15.0
3120.741,0.193040108,0.1920281681554631,0.0010119398445368,0.0010119398445368,15.0
3121.223,0.1930981514,0.1920230091008804,0.0010751422991195,0.0010751422991195,15.0
3121.706,0.1929973739,0.1920174443209452,0.0009799295790547,0.0009799295790547,15.0
3122.188,0.1928999225,0.1920114985265603,0.0008884239734396,0.0008884239734396,15.0
3122.67,0.1929747959,0.1920051623251781,0.0009696335748218,0.0009696335748218,15.0
3123.152,0.1929198998,0.1919984374925561,0.0009214623074438,0.0009214623074438,15.0
3123.634,0.1929784597,0.1919913258590663,0.0009871338409337,0.0009871338409337,15.0
3124.116,0.1930680526,0.1919838293093462,0.0010842232906537,0.0010842232906537,15.0
3124.598,0.1931385355,0.1919759497819429,0.0011625857180571,0.0011625857180571,15.0
3125.08,0.1929827768,0.1919676892689485,0.0010150875310514,0.0010150875310514,15.0
3125.562,0.1929440625,0.1919590498156299,0.00098501268437,0.00098501268437,15.0
3126.045,0.1929482953,0.1919500144237982,0.0009982808762017,0.0009982808762017,15.0
3126.527,0.1930999383,0.1919406226613302,0.0011593156386697,0.0011593156386697,15.0
3127.009,0.1931077936999999,0.1919308584141846,0.0011769352858153,0.0011769352858153,15.0
3127.491,0.1930687284,0.1919207239365736,0.0011480044634263,0.0011480044634263,15.0
3127.973,0.1928040391,0.1919102215339181,0.0008938175660818,0.0008938175660818,15.0
3128.455,0.193047832,0.1918993535624337,0.0011484784375662,0.0011484784375662,15.0
3128.937,0.1930901428,0.1918881224287088,0.0012020203712911,0.0012020203712911,15.0
3129.419,0.1929589491999999,0.1918765305892775,0.0010824186107224,0.0010824186107224,15.0
3129.902,0.1928356819,0.1918645553869887,0.0009711265130112,0.0009711265130112,15.0
3130.384,0.1930250754,0.1918522489681847,0.0011728264318152,0.0011728264318152,15.0
3130.866,0.1929714196999999,0.1918395895140189,0.001131830185981,0.001131830185981,15.0
3131.348,0.1929854228,0.1918265796764912,0.0011588431235088,0.0011588431235088,15.0
3131.83,0.1929136733,0.1918132221553063,0.0011004511446936,0.0011004511446936,15.0
3132.312,0.1929691734,0.1917995196974057,0.0011696537025942,0.0011696537025942,15.0
3132.794,0.1930211917,0.1917854750964933,0.0012357166035066,0.0012357166035066,15.0
3133.276,0.1928243781999999,0.1917710911925564,0.0010532870074435,0.0010532870074435,15.0
3133.759,0.1928439494,0.1917563399836143,0.0010876094163856,0.0010876094163856,15.0
3134.24,0.1929712905999999,0.1917413170640486,0.0012299735359513,0.0012299735359513,15.0
3134.723,0.1929614982,0.1917259004873118,0.0012355977126881,0.0012355977126881,15.0
3135.205,0.1928648584,0.1917101880033909,0.001154670396609,0.001154670396609,15.0
3135.687,0.1930452529,0.1916941510997977,0.0013511018002022,0.0013511018002022,15.0
3136.169,0.1929065428999999,0.1916777928838854,0.0012287500161144,0.0012287500161144,15.0
3136.651,0.193022448,0.1916611165057612,0.0013613314942387,0.0013613314942387,15.0
3137.133,0.1929549621,0.1916441251577583,0.0013108369422416,0.0013108369422416,15.0
3137.615,0.1928967874,0.1916268220739043,0.0012699653260956,0.0012699653260956,15.0
3138.097,0.1929995394,0.1916092105293831,0.0013903288706168,0.0013903288706168,15.0
3138.58,0.1929158222999999,0.1915912563535607,0.0013245659464392,0.0013245659464392,15.0
3139.062,0.1929725236999999,0.1915730372525572,0.0013994864474427,0.0013994864474427,15.0
3139.544,0.1930647725,0.1915545197650015,0.0015102527349984,0.0015102527349984,15.0
3140.026,0.1931916459,0.1915357073252986,0.0016559385747013,0.0016559385747013,15.0
3140.508,0.1929063767,0.1915166034062407,0.0013897732937592,0.0013897732937592,15.0
3140.99,0.1929468409,0.1914972115184397,0.0014496293815602,0.0014496293815602,15.0
3141.472,0.1927726163999999,0.1914775352097529,0.001295081190247,0.001295081190247,15.0
3141.954,0.1927499527,0.191457578064706,0.0012923746352939,0.0012923746352939,15.0
3142.437,0.1926459556,0.1914373014382739,0.001208654161726,0.001208654161726,15.0
3142.919,0.1927701137,0.1914167929541125,0.0013533207458874,0.0013533207458874,15.0
3143.401,0.1926684322,0.1913960146090225,0.0012724175909774,0.0012724175909774,15.0
3143.883,0.1925369846,0.1913749701284027,0.0011620144715972,0.0011620144715972,15.0
3144.365,0.1924414651,0.1913536632713625,0.0010878018286375,0.0010878018286375,15.0
3144.847,0.1925545452,0.1913320978301175,0.0012224473698825,0.0012224473698825,15.0
3145.329,0.1925804203,0.1913102776293816,0.0012701426706183,0.0012701426706183,15.0
3145.811,0.1924331757,0.1912882065257548,0.0011449691742451,0.0011449691742451,15.0
3146.293,0.1924889845,0.1912658884071077,0.0012230960928922,0.0012230960928922,15.0
3146.776,0.1926348959,0.1912432801344973,0.0013916157655026,0.0013916157655026,15.0
3147.258,0.1926303926,0.1912204792793688,0.0014099133206312,0.0014099133206312,15.0
3147.74,0.1924978004,0.1911974432625234,0.0013003571374765,0.0013003571374765,15.0
3148.222,0.1925120624,0.1911741760907411,0.0013378863092588,0.0013378863092588,15.0
3148.704,0.1926642469,0.1911506817989376,0.0015135651010623,0.0015135651010623,15.0
3149.186,0.1925596169,0.1911269644495281,0.0014326524504719,0.0014326524504719,15.0
3149.668,0.1921921009,0.1911030281317863,0.0010890727682136,0.0010890727682136,15.0
3150.15,0.192626916,0.1910788769612032,0.0015480390387967,0.0015480390387967,15.0
3150.633,0.1923475247,0.1910544643193666,0.0012930603806333,0.0012930603806333,15.0
3151.115,0.1923906009,0.1910298954670341,0.0013607054329658,0.0013607054329658,15.0
3151.597,0.1924759135,0.1910051242678747,0.0014707892321252,0.0014707892321252,15.0
3152.079,0.1924493683,0.1909801549358054,0.0014692133641945,0.0014692133641945,15.0
3152.561,0.19239035,0.1909549917077015,0.0014353582922984,0.0014353582922984,15.0
3153.043,0.1924378505,0.1909296388427368,0.0015082116572631,0.0015082116572631,15.0
3153.525,0.1924583567999999,0.1909041006217228,0.0015542561782771,0.0015542561782771,15.0
3154.007,0.1925461985,0.1908783813464445,0.0016678171535554,0.0016678171535554,15.0
3154.49,0.1925582558,0.1908524314321344,0.0017058243678655,0.0017058243678655,15.0
3154.972,0.1927011927,0.1908263626811161,0.0018748300188838,0.0018748300188838,15.0
3155.454,0.1922400281,0.1908001259094285,0.0014399021905714,0.0014399021905714,15.0
3155.936,0.1923684245999999,0.1907737254961105,0.0015946991038894,0.0015946991038894,15.0
3156.418,0.1924604117,0.1907471658378244,0.0017132458621755,0.0017132458621755,15.0
3156.9,0.1923573371999999,0.1907204513481813,0.0016368858518186,0.0016368858518186,15.0
3157.382,0.1922403935,0.1906935864570645,0.0015468070429354,0.0015468070429354,15.0
3157.864,0.1922600576,0.1906665756099514,0.0015934819900485,0.0015934819900485,15.0
3158.346,0.1921094563,0.1906394232672344,0.0014700330327656,0.0014700330327656,15.0
3158.829,0.1921830167,0.1906120771472815,0.0015709395527184,0.0015709395527184,15.0
3159.311,0.1921551326999999,0.1905846549805,0.0015704777194999,0.0015704777194999,15.0
3159.793,0.1921263357,0.1905571047913218,0.0015692309086781,0.0015692309086781,15.0
3160.275,0.1921128874,0.1905294310930081,0.0015834563069919,0.0015834563069919,15.0
3160.757,0.1920827922,0.1905016384103204,0.0015811537896795,0.0015811537896795,15.0
3161.239,0.1918192767,0.1904737312788366,0.0013455454211633,0.0013455454211633,15.0
3161.721,0.1918864276,0.1904457142442644,0.0014407133557355,0.0014407133557355,15.0
3162.203,0.1921818129,0.190417591861756,0.0017642210382439,0.0017642210382439,15.0
3162.686,0.1917584056,0.1903893100393386,0.0013690955606613,0.0013690955606613,15.0
3163.167,0.1919004049,0.1903610493166379,0.001539355583362,0.001539355583362,15.0
3163.65,0.1922117287,0.1903325792692939,0.001879149430706,0.001879149430706,15.0
3164.132,0.1919454593,0.190304081035582,0.0016413782644179,0.0016413782644179,15.0
3164.614,0.1920265417,0.1902755003568495,0.0017510413431504,0.0017510413431504,15.0
3165.096,0.1920187671,0.1902468418304988,0.0017719252695011,0.0017719252695011,15.0
3165.578,0.1920960474,0.1902181100585666,0.0018779373414334,0.0018779373414334,15.0
3166.06,0.1921490367999999,0.190189309647037,0.0019597271529629,0.0019597271529629,15.0
3166.542,0.1918569378,0.1901604452051563,0.0016964925948436,0.0016964925948436,15.0
3167.024,0.1918466249,0.1901315213447466,0.0017151035552534,0.0017151035552534,15.0
3167.507,0.1918386747,0.1901024825040413,0.0017361921959586,0.0017361921959586,15.0
3167.989,0.1918057062,0.1900734535495909,0.001732252650409,0.001732252650409,15.0
3168.471,0.1918311517,0.1900443790302661,0.0017867726697338,0.0017867726697338,15.0
3168.953,0.19158645,0.1900152635613515,0.0015711864386484,0.0015711864386484,15.0
3169.435,0.1914637168,0.1899861117572906,0.0014776050427093,0.0014776050427093,15.0
3169.917,0.1915937157,0.1899569282310051,0.0016367874689948,0.0016367874689948,15.0
3170.399,0.1915288650999999,0.1899277175932156,0.0016011475067843,0.0016011475067843,15.0
3170.881,0.1915229966,0.1898984844517643,0.0016245121482356,0.0016245121482356,15.0
3171.364,0.1913277578,0.1898691727087175,0.0014585850912824,0.0014585850912824,15.0
3171.846,0.1912723288,0.1898399083457616,0.0014324204542383,0.0014324204542383,15.0
3172.328,0.1912737917,0.1898106352881715,0.0014631564118284,0.0014631564118284,15.0
3172.81,0.1913832453999999,0.1897813581255154,0.0016018872744845,0.0016018872744845,15.0
3173.292,0.1912684962,0.189752081441116,0.0015164147588839,0.0015164147588839,15.0
3173.774,0.1911781387,0.1897228098113828,0.0014553288886172,0.0014553288886172,15.0
3174.256,0.1913399207999999,0.189693547805146,0.0016463729948539,0.0016463729948539,15.0
3174.738,0.1911279481,0.189664299982994,0.001463648117006,0.001463648117006,15.0
3175.22,0.1910961846,0.1896350708966102,0.0014611137033897,0.0014611137033897,15.0
3175.703,0.1911109359,0.1896058045224946,0.0015051313775053,0.0015051313775053,15.0
3176.185,0.1914278225,0.1895766265861891,0.0018511959138108,0.0018511959138108,15.0
3176.667,0.191259176,0.1895474809900671,0.0017116950099329,0.0017116950099329,15.0
3177.149,0.1912032484,0.1895183722436036,0.0016848761563963,0.0016848761563963,15.0
3177.631,0.1910442684,0.1894893048440977,0.0015549635559022,0.0015549635559022,15.0
3178.113,0.1910095312,0.1894602832760252,0.0015492479239747,0.0015492479239747,15.0
3178.595,0.1909481694,0.1894313120103952,0.0015168573896047,0.0015168573896047,15.0
3179.077,0.1910210095,0.1894023955041106,0.0016186139958893,0.0016186139958893,15.0
3179.56,0.1908301682,0.1893734783940158,0.0014566898059842,0.0014566898059842,15.0
3180.042,0.1909146587,0.1893446848541164,0.0015699738458835,0.0015699738458835,15.0
3180.524,0.1909081959,0.1893159593624027,0.0015922365375972,0.0015922365375972,15.0
3181.006,0.19086815,0.1892873063129707,0.0015808436870292,0.0015808436870292,15.0
3181.488,0.1907237878,0.1892587300826527,0.0014650577173472,0.0014650577173472,15.0
3181.97,0.1909300447,0.1892302350303963,0.0016998096696036,0.0016998096696036,15.0
3182.452,0.1908326934,0.189201825496647,0.001630867903353,0.001630867903353,15.0
3182.934,0.1907084147999999,0.1891735058027342,0.0015349089972657,0.0015349089972657,15.0
3183.417,0.1906075113,0.189145221791857,0.001462289508143,0.001462289508143,15.0
3183.899,0.1907188837,0.189117094870727,0.0016017888292729,0.0016017888292729,15.0
3184.381,0.1904671604,0.1890890706414605,0.0013780897585394,0.0013780897585394,15.0
3184.863,0.1906470287,0.1890611533428154,0.0015858753571845,0.0015858753571845,15.0
3185.345,0.1902554949,0.1890333471914208,0.0012221477085791,0.0012221477085791,15.0
3185.827,0.1904876489,0.189005656381187,0.001481992518813,0.001481992518813,15.0
3186.309,0.1903820148999999,0.1889780850827195,0.0014039298172804,0.0014039298172804,15.0
3186.791,0.1904664779,0.1889506374427379,0.001515840457262,0.001515840457262,15.0
3187.273,0.1903453698,0.1889233175834976,0.0014220522165023,0.0014220522165023,15.0
3187.756,0.1902742453,0.1888960733355338,0.0013781719644661,0.0013781719644661,15.0
3188.238,0.1902415659,0.1888690215900981,0.0013725443099018,0.0013725443099018,15.0
3188.72,0.1903707147,0.1888421098480506,0.0015286048519493,0.0015286048519493,15.0
3189.202,0.1902268669,0.1888153421280556,0.0014115247719443,0.0014115247719443,15.0
3189.684,0.1904919815,0.1887887224214953,0.0017032590785046,0.0017032590785046,15.0
3190.166,0.1902082108999999,0.1887622546919201,0.0014459562080798,0.0014459562080798,15.0
3190.648,0.1902879331999999,0.1887359428745051,0.0015519903254948,0.0015519903254948,15.0
3191.13,0.1901780861,0.1887097908755107,0.0014682952244892,0.0014682952244892,15.0
3191.613,0.1902062481999999,0.1886837488269396,0.0015224993730603,0.0015224993730603,15.0
3192.094,0.190170325,0.1886579818100495,0.0015123431899504,0.0015123431899504,15.0
3192.577,0.1901209644,0.1886322793729751,0.0014886850270248,0.0014886850270248,15.0
3193.059,0.1898770146,0.1886068054806604,0.0012702091193395,0.0012702091193395,15.0
3193.541,0.1899356488,0.1885815104935836,0.0013541383064163,0.0013541383064163,15.0
3194.023,0.189939739,0.1885563981334131,0.0013833408665868,0.0013833408665868,15.0
3194.505,0.1899083078,0.1885314720892726,0.0013768357107273,0.0013768357107273,15.0
3194.987,0.1898502497999999,0.1885067360172441,0.0013435137827558,0.0013435137827558,15.0
3195.469,0.1898813168999999,0.1884821935398778,0.0013991233601221,0.0013991233601221,15.0
3195.951,0.1898274965,0.1884578482457048,0.0013696482542951,0.0013696482542951,15.0
3196.434,0.1897663779,0.1884336538074312,0.0013327240925687,0.0013327240925687,15.0
3196.916,0.1897394261999999,0.1884097139341793,0.0013297122658206,0.0013297122658206,15.0
3197.398,0.1898936747,0.1883859818080321,0.0015076928919678,0.0015076928919678,15.0
3197.88,0.1897151123,0.1883624608766375,0.0013526514233625,0.0013526514233625,15.0
3198.362,0.1894010489,0.1883391545512848,0.0010618943487151,0.0010618943487151,15.0
3198.844,0.1896196187,0.188316066206455,0.0013035524935449,0.0013035524935449,15.0
3199.326,0.1895269883,0.1882931991793777,0.0012337891206222,0.0012337891206222,15.0
3199.808,0.189659518,0.1882705567695926,0.0013889612304074,0.0013889612304074,15.0
3200.291,0.1893461476,0.1882480959744636,0.0010980516255363,0.0010980516255363,15.0
3200.773,0.1894595656,0.1882259130277604,0.0012336525722395,0.0012336525722395,15.0
3201.255,0.1895845285,0.1882039643731136,0.0013805641268863,0.0013805641268863,15.0
3201.737,0.1893822036,0.188182253154972,0.0011999504450279,0.0011999504450279,15.0
3202.219,0.1893521158,0.1881607824779999,0.001191333322,0.001191333322,15.0
3202.701,0.1894565203,0.1881395554066783,0.0013169648933216,0.0013169648933216,15.0
3203.183,0.1894519763,0.1881185749649119,0.001333401335088,0.001333401335088,15.0
3203.665,0.1894002296,0.1880978441356423,0.0013023854643576,0.0013023854643576,15.0
3204.147,0.1892959494,0.1880773658604692,0.0012185835395307,0.0012185835395307,15.0
3204.63,0.1892208704999999,0.1880571013507492,0.0011637691492507,0.0011637691492507,15.0
3205.112,0.1892434982,0.1880371373801971,0.0012063608198028,0.0012063608198028,15.0
3205.594,0.1890240869999999,0.1880174345425854,0.0010066524574145,0.0010066524574145,15.0
3206.076,0.1890519971,0.1879979956103924,0.0010540014896075,0.0010540014896075,15.0
3206.558,0.1894671386,0.1879788233129559,0.0014883152870441,0.0014883152870441,15.0
3207.04,0.1892161482,0.1879599203361343,0.0012562278638656,0.0012562278638656,15.0
3207.522,0.1888947372,0.187941289321975,0.0009534478780249,0.0009534478780249,15.0
3208.004,0.1890172889,0.1879229328683891,0.0010943560316108,0.0010943560316108,15.0
3208.487,0.1889846771,0.1879048163096373,0.0010798607903626,0.0010798607903626,15.0
3208.969,0.1888094213,0.1878870171755102,0.0009224041244897,0.0009224041244897,15.0
3209.451,0.1887573554,0.187869500132792,0.0008878552672079,0.0008878552672079,15.0
3209.933,0.1887474649,0.1878522675996457,0.0008951973003542,0.0008951973003542,15.0
3210.415,0.1888919707999999,0.1878353219485782,0.0010566488514217,0.0010566488514217,15.0
3210.897,0.1888402116,0.1878186655061587,0.0010215460938412,0.0010215460938412,15.0
3211.379,0.1888077217,0.1878023005527429,0.001005421147257,0.001005421147257,15.0
3211.861,0.1888007703999999,0.1877862293222058,0.0010145410777941,0.0010145410777941,15.0
3212.344,0.1886182897,0.18777042158189,0.0008478681181099,0.0008478681181099,15.0
3212.826,0.1889381197,0.187754944932068,0.001183174767932,0.001183174767932,15.0
3213.308,0.188868492,0.1877397684295865,0.0011287235704134,0.0011287235704134,15.0
3213.79,0.1887293412,0.1877248941197648,0.0010044470802351,0.0010044470802351,15.0
3214.272,0.1886103654,0.1877103240002114,0.0009000413997885,0.0009000413997885,15.0
3214.754,0.1887038153,0.1876960600205999,0.0010077552794,0.0010077552794,15.0
3215.236,0.1886765597,0.1876821040824527,0.0009944556175472,0.0009944556175472,15.0
3215.718,0.1887240104,0.1876684580389321,0.0010555523610678,0.0010555523610678,15.0
3216.2,0.1886210244999999,0.1876551236946395,0.0009659008053604,0.0009659008053604,15.0
3216.683,0.1886997021999999,0.1876420761181554,0.0010576260818445,0.0010576260818445,15.0
3217.165,0.1885335974999999,0.1876293710465171,0.0009042264534828,0.0009042264534828,15.0
3217.647,0.1884468412,0.187616982798028,0.0008298584019719,0.0008298584019719,15.0
3218.129,0.188565407,0.1876049129810769,0.000960494018923,0.000960494018923,15.0
3218.611,0.1884679338,0.1875931631545971,0.0008747706454028,0.0008747706454028,15.0
3219.093,0.188488515,0.1875817348279091,0.0009067801720908,0.0009067801720908,15.0
3219.575,0.1886786504,0.1875706294605728,0.0011080209394271,0.0011080209394271,15.0
3220.057,0.1884390641,0.1875598484622462,0.0008792156377537,0.0008792156377537,15.0
3220.54,0.1884466923,0.1875493718406317,0.0008973204593683,0.0008973204593683,15.0
3221.021,0.1885678881,0.1875392649609507,0.0010286231390492,0.0010286231390492,15.0
3221.504,0.1884146407,0.1875294450369226,0.0008851956630774,0.0008851956630774,15.0
3221.986,0.1884534585,0.1875199752935091,0.0009334832064908,0.0009334832064908,15.0
3222.468,0.1882967601,0.1875108362168128,0.0007859238831871,0.0007859238831871,15.0
3222.95,0.1881637975,0.1875020289144398,0.0006617685855601,0.0006617685855601,15.0
3223.432,0.1881971018,0.1874935544433197,0.0007035473566802,0.0007035473566802,15.0
3223.914,0.1881828177999999,0.1874854138096261,0.0006974039903738,0.0006974039903738,15.0
3224.396,0.1881040958,0.1874776079687041,0.0006264878312958,0.0006264878312958,15.0
3224.878,0.1881581007999999,0.1874701378250053,0.0006879629749945,0.0006879629749945,15.0
3225.361,0.1882141141,0.1874629897824545,0.0007511243175454,0.0007511243175454,15.0
3225.843,0.1883032458,0.1874561942434078,0.0008470515565921,0.0008470515565921,15.0
3226.325,0.1880629804,0.1874497368105521,0.0006132435894478,0.0006132435894478,15.0
3226.807,0.1881939846999999,0.1874436181841648,0.0007503665158351,0.0007503665158351,15.0
3227.289,0.1882954932,0.1874378390134205,0.0008576541865795,0.0008576541865795,15.0
3227.771,0.1881565464,0.1874323998963719,0.0007241465036281,0.0007241465036281,15.0
3228.253,0.1881123234,0.1874273013799381,0.0006850220200618,0.0006850220200618,15.0
3228.735,0.1881864641,0.1874225439599021,0.0007639201400978,0.0007639201400978,15.0
3229.218,0.188014242,0.1874181192746503,0.0005961227253496,0.0005961227253496,15.0
3229.7,0.1881615508999999,0.1874140460400158,0.0007475048599841,0.0007475048599841,15.0
3230.182,0.1880929808999999,0.1874103150830361,0.0006826658169638,0.0006826658169638,15.0
3230.664,0.1879984588,0.1874069266949525,0.0005915321050474,0.0005915321050474,15.0
3231.146,0.1880249115999999,0.1874038811159636,0.0006210304840363,0.0006210304840363,15.0
3231.628,0.1881279324999999,0.1874011785352664,0.0007267539647335,0.0007267539647335,15.0
3232.11,0.1879674006999999,0.1873988190911066,0.0005685816088933,0.0005685816088933,15.0
3232.592,0.1881207025,0.1873968028708326,0.0007238996291674,0.0007238996291674,15.0
3233.074,0.1878249223,0.1873951299109619,0.000429792389038,0.000429792389038,15.0
3233.557,0.1879863211,0.1873937977952757,0.0005925233047242,0.0005925233047242,15.0
3234.039,0.1878829376,0.1873928119746902,0.0004901256253097,0.0004901256253097,15.0
3234.521,0.1879479925,0.1873921692195252,0.0005558232804747,0.0005558232804747,15.0
3235.003,0.1878556177999999,0.1873918693636517,0.0004637484363482,0.0004637484363482,15.0
3235.485,0.1878127849999999,0.1873919121905403,0.0004208728094596,0.0004208728094596,15.0
3235.967,0.1880308291,0.1873922974333675,0.0006385316666324,0.0006385316666324,15.0
3236.449,0.1881145431999999,0.1873930247751323,0.0007215184248676,0.0007215184248676,15.0
3236.931,0.1878850878,0.1873940938487788,0.0004909939512212,0.0004909939512212,15.0
3237.414,0.1878827994,0.1873955075179231,0.0004872918820768,0.0004872918820768,15.0
3237.896,0.1878219818,0.1873972594612341,0.0004247223387658,0.0004247223387658,15.0
3238.378,0.1878905233,0.1873993517351397,0.0004911715648602,0.0004911715648602,15.0
3238.86,0.1878218691,0.1874017837736313,0.0004200853263686,0.0004200853263686,15.0
3239.342,0.187776146,0.1874045549613667,0.0003715910386332,0.0003715910386332,15.0
3239.824,0.1879472253,0.1874076646338364,0.0005395606661635,0.0005395606661635,15.0
3240.306,0.1877044237,0.187411112077535,0.0002933116224649,0.0002933116224649,15.0
3240.788,0.1877894298,0.1874148965301413,0.0003745332698586,0.0003745332698586,15.0
3241.271,0.1878564017,0.1874190260786619,0.000437375621338,0.000437375621338,15.0
3241.753,0.1880865537,0.1874234827625943,0.0006630709374056,0.0006630709374056,15.0
3242.235,0.1879229831,0.1874282738755442,0.0004947092244557,0.0004947092244557,15.0
3242.717,0.1880623865,0.1874333984617636,0.0006289880382364,0.0006289880382364,15.0
3243.199,0.1880337473999999,0.1874388555176903,0.0005948918823096,0.0005948918823096,15.0
3243.681,0.1878944421,0.1874446439921692,0.0004497981078307,0.0004497981078307,15.0
3244.163,0.1881467406999999,0.1874507627866809,0.000695977913319,0.000695977913319,15.0
3244.645,0.1881230665,0.187457210755574,0.0006658557444259,0.0006658557444259,15.0
3245.127,0.1880284485,0.1874639867063073,0.0005644617936926,0.0005644617936926,15.0
3245.61,0.1880995063,0.1874711044743394,0.0006284018256605,0.0006284018256605,15.0
3246.092,0.1880403592,0.1874785332986666,0.0005618259013334,0.0005618259013334,15.0
3246.574,0.1882042155,0.1874862862455654,0.0007179292544345,0.0007179292544345,15.0
3247.056,0.1880635,0.1874943619373782,0.0005691380626217,0.0005691380626217,15.0
3247.538,0.1880160558,0.1875027589508597,0.0005132968491402,0.0005132968491402,15.0
3248.02,0.1880784338999999,0.1875114758174565,0.0005669580825433,0.0005669580825433,15.0
3248.502,0.1880728777999999,0.1875205110235926,0.0005523667764073,0.0005523667764073,15.0
3248.984,0.1878407010999999,0.1875298630109625,0.0003108380890373,0.0003108380890373,15.0
3249.467,0.1880541824,0.1875395505596814,0.0005146318403185,0.0005146318403185,15.0
3249.948,0.1878585569,0.187549510874326,0.000309046025674,0.000309046025674,15.0
3250.431,0.1879609637,0.1875598250895492,0.0004011386104507,0.0004011386104507,15.0
3250.913,0.1879316304,0.1875704283763061,0.0003612020236938,0.0003612020236938,15.0
3251.395,0.1878671164,0.1875813399887392,0.0002857764112607,0.0002857764112607,15.0
3251.877,0.1879456055,0.1875925581065505,0.0003530473934494,0.0003530473934494,15.0
3252.359,0.1880517533,0.1876040808669286,0.0004476724330714,0.0004476724330714,15.0
3252.841,0.1879149047,0.1876159063648867,0.0002989983351132,0.0002989983351132,15.0
3253.323,0.1878820157,0.1876280326536108,0.0002539830463891,0.0002539830463891,15.0
3253.805,0.1879847153,0.187640457744809,0.0003442575551909,0.0003442575551909,15.0
3254.288,0.1879512626,0.1876532063100441,0.0002980562899558,0.0002980562899558,15.0
3254.77,0.1880837007,0.1876662234864348,0.0004174772135651,0.0004174772135651,15.0
3255.252,0.1877936385,0.1876795332507407,0.0001141052492592,0.0001141052492592,15.0
3255.734,0.1880137001,0.1876931334523052,0.0003205666476947,0.0003205666476947,15.0
3256.216,0.1878381295,0.1877070219008362,0.0001311075991637,0.0001311075991637,15.0
3256.698,0.1877191337,0.1877211963667899,-2.062666789898193e-06,2.062666789898193e-06,15.0
3257.18,0.1877840789,0.1877356545817599,4.842431824012006e-05,4.842431824012006e-05,15.0
3257.662,0.18788744,0.1877503942388724,0.0001370457611276,0.0001370457611276,15.0
3258.145,0.1879190992,0.1877654444409012,0.0001536547590987,0.0001536547590987,15.0
3258.627,0.1877118782,0.1877807404814042,-6.886228140423611e-05,6.886228140423611e-05,15.0
3259.109,0.18798994,0.1877963108115857,0.0001936291884142,0.0001936291884142,15.0
3259.591,0.1877866571999999,0.1878121529746723,-2.54957746723683e-05,2.54957746723683e-05,15.0
3260.073,0.1879020862,0.1878282644774723,7.382172252765051e-05,7.382172252765051e-05,15.0
3260.555,0.1879467501999999,0.1878446427907994,0.0001021074092005,0.0001021074092005,15.0
3261.037,0.1879315664,0.1878612853499017,7.028105009826424e-05,7.028105009826424e-05,15.0
3261.519,0.1879855613,0.1878781895548957,0.0001073717451042,0.0001073717451042,15.0
3262.001,0.1880633423,0.1878953527712037,0.0001679895287962,0.0001679895287962,15.0
3262.484,0.1882738192,0.1879128087347584,0.0003610104652415,0.0003610104652415,15.0
3262.966,0.1881239817999999,0.1879304824567941,0.0001934993432058,0.0001934993432058,15.0
3263.448,0.1879514108,0.1879484070769838,3.0037230161206185e-06,3.0037230161206185e-06,15.0
3263.93,0.1879776779,0.1879665798263755,1.1098073624538074e-05,1.1098073624538074e-05,15.0
3264.412,0.1879242989,0.1879849979035795,-6.069900357952296e-05,6.069900357952296e-05,15.0
3264.894,0.1882466743,0.1880036584752334,0.0002430158247665,0.0002430158247665,15.0
3265.376,0.188091967,0.1880225586764691,6.940832353086179e-05,6.940832353086179e-05,15.0
3265.858,0.1881859528,0.1880416956113847,0.0001442571886152,0.0001442571886152,15.0
3266.341,0.1880017104,0.1880611067827783,-5.939638277838166e-05,5.939638277838166e-05,15.0
3266.823,0.1881645783,0.1880807088514453,8.38694485546243e-05,8.38694485546243e-05,15.0
3267.305,0.1883021442,0.1881005387784348,0.0002016054215652,0.0002016054215652,15.0
3267.787,0.1883079956,0.1881205935484443,0.0001874020515556,0.0001874020515556,15.0
3268.269,0.1885252396,0.1881408701175549,0.000384369482445,0.000384369482445,15.0
3268.751,0.1883728899,0.1881613654137239,0.000211524486276,0.000211524486276,15.0
3269.233,0.1883170081,0.1881820763372829,0.0001349317627171,0.0001349317627171,15.0
3269.715,0.1882330516,0.1882029997614385,3.0051838561501176e-05,3.0051838561501176e-05,15.0
3270.198,0.1883944206,0.1882241765921136,0.0001702440078863,0.0001702440078863,15.0
3270.68,0.1883079618,0.1882455159555133,6.244584448664159e-05,6.244584448664159e-05,15.0
3271.162,0.1883475033,0.1882670582747559,8.044502524401365e-05,8.044502524401365e-05,15.0
3271.644,0.1884768821,0.1882888003195656,0.0001880817804343,0.0001880817804343,15.0
3272.126,0.1886125954,0.1883107388350928,0.0003018565649071,0.0003018565649071,15.0
3272.608,0.1883292988,0.188332870542433,-3.571742433094993e-06,3.571742433094993e-06,15.0
3273.09,0.1885295295,0.1883551921391492,0.0001743373608507,0.0001743373608507,15.0
3273.572,0.1882944648999999,0.1883777002997952,-8.323539979529504e-05,8.323539979529504e-05,15.0
3274.054,0.1882635854,0.1884003916764438,-0.0001368062764437,0.0001368062764437,15.0
3274.537,0.1882111661,0.1884233105344854,-0.0002121444344854,0.0002121444344854,15.0
3275.019,0.1883129072,0.1884463585746295,-0.0001334513746295,0.0001334513746295,15.0
3275.501,0.1885566604,0.1884695796503116,8.708074968835633e-05,8.708074968835633e-05,15.0
3275.983,0.1885525111,0.1884929703289558,5.954077104422528e-05,5.954077104422528e-05,15.0
3276.465,0.1884339698,0.1885165271581774,-8.255735817738752e-05,8.255735817738752e-05,15.0
3276.947,0.1885862427,0.1885402466663235,4.599603367644312e-05,4.599603367644312e-05,15.0
3277.429,0.1885989084,0.1885641253630162,3.478303698370433e-05,3.478303698370433e-05,15.0
3277.911,0.1884621825,0.1885881597396974,-0.0001259772396974,0.0001259772396974,15.0
3278.394,0.1886742136,0.188612396605407,6.181699459301138e-05,6.181699459301138e-05,15.0
3278.875,0.1886811348,0.1886366814111727,4.4453388827275786e-05,4.4453388827275786e-05,15.0
3279.358,0.1888274313,0.1886612125399607,0.0001662187600392,0.0001662187600392,15.0
3279.84,0.1887304478,0.1886858344963707,4.461330362931504e-05,4.461330362931504e-05,15.0
3280.322,0.1887458959,0.1887105943290051,3.530157099482234e-05,3.530157099482234e-05,15.0
3280.804,0.1888460769,0.1887354884317359,0.000110588468264,0.000110588468264,15.0
3281.286,0.1889060279,0.1887605131841168,0.0001455147158831,0.0001455147158831,15.0
3281.768,0.1889393865,0.1887856649519416,0.0001537215480583,0.0001537215480583,15.0
3282.25,0.1888254136999999,0.1888109400878033,1.4473612196613804e-05,1.4473612196613804e-05,15.0
3282.732,0.1889708097999999,0.1888363349316523,0.0001344748683476,0.0001344748683476,15.0
3283.215,0.1889194146,0.1888618988565604,5.75157434396234e-05,5.75157434396234e-05,15.0
3283.697,0.1890100621,0.1888875223177336,0.0001225397822663,0.0001225397822663,15.0
3284.179,0.1890934455,0.188913254428832,0.0001801910711679,0.0001801910711679,15.0
3284.661,0.1889197073,0.1889390914848344,-1.938418483446447e-05,1.938418483446447e-05,15.0
3285.143,0.1888468907,0.1889650297708913,-0.0001181390708913,0.0001181390708913,15.0
3285.625,0.1888893007,0.1889910655628885,-0.0001017648628885,0.0001017648628885,15.0
3286.107,0.1890387676,0.1890171951280131,2.1572471986808228e-05,2.1572471986808228e-05,15.0
3286.589,0.1888385461,0.1890434147253187,-0.0002048686253187,0.0002048686253187,15.0
3287.072,0.1890227726999999,0.1890697752698943,-4.700256989439988e-05,4.700256989439988e-05,15.0
3287.554,0.1890558054,0.1890961638463273,-4.035844632732655e-05,4.035844632732655e-05,15.0
3288.036,0.188999874,0.1891226311811457,-0.0001227571811457,0.0001227571811457,15.0
3288.518,0.1889792325,0.1891491735065162,-0.0001699410065162,0.0001699410065162,15.0
3289.0,0.1890144988,0.1891757870493031,-0.0001612882493031,0.0001612882493031,15.0
3289.482,0.1890341778,0.1892024680316342,-0.0001682902316341,0.0001682902316341,15.0
3289.964,0.1892365875999999,0.1892292126714675,7.374928532422054e-06,7.374928532422054e-06,15.0
3290.446,0.1891742474999999,0.1892560171831569,-8.176968315698474e-05,8.176968315698474e-05,15.0
3290.928,0.1891746281,0.189282877778017,-0.000108249678017,0.000108249678017,15.0
3291.411,0.189179503,0.1893098465524798,-0.0001303435524798,0.0001303435524798,15.0
3291.893,0.1893935265,0.1893368080349697,5.671846503021993e-05,5.671846503021993e-05,15.0
3292.375,0.1895576338,0.1893638142141145,0.0001938195858854,0.0001938195858854,15.0
3292.857,0.1893881895,0.1893908612947152,-2.6717947152476995e-06,2.6717947152476995e-06,15.0
3293.339,0.1892388331,0.1894179454813551,-0.0001791123813551,0.0001791123813551,15.0
3293.821,0.1894158306,0.1894450629789592,-2.923237895924302e-05,2.923237895924302e-05,15.0
3294.303,0.1895331762,0.1894722099933563,6.0966206643697785e-05,6.0966206643697785e-05,15.0
3294.785,0.1894053848,0.1894993827318382,-9.399793183817452e-05,9.399793183817452e-05,15.0
3295.268,0.1895739461,0.18952663384437,4.731225562992769e-05,4.731225562992769e-05,15.0
3295.75,0.1897972598,0.1895538466952494,0.0002434131047505,0.0002434131047505,15.0
3296.232,0.1896596595,0.1895810738985966,7.858560140339144e-05,7.858560140339144e-05,15.0
3296.714,0.1898591935,0.1896083116731368,0.0002508818268631,0.0002508818268631,15.0
3297.196,0.1897587425,0.18963555624184,0.0001231862581599,0.0001231862581599,15.0
3297.678,0.1898045244,0.1896628038324721,0.0001417205675278,0.0001417205675278,15.0
3298.16,0.1898607685,0.1896900506781463,0.0001707178218537,0.0001707178218537,15.0
3298.642,0.1897161430999999,0.1897172930178708,-1.1499178708962443e-06,1.1499178708962443e-06,15.0
3299.125,0.1899098986,0.1897445835881484,0.0001653150118515,0.0001653150118515,15.0
3299.607,0.1898387603,0.1897718056305113,6.695466948863915e-05,6.695466948863915e-05,15.0
