wavenumber_cm1,reflectance_observed,reflectance_fitted,residual_signed,residual_abs,angle_deg
2500.257,0.1750315743,0.1735295503704728,0.0015020239295271,0.0015020239295271,10.0
2500.739,0.1748372872,0.1735955353501573,0.0012417518498426,0.0012417518498426,10.0
2501.221,0.1752780929,0.1736620828153672,0.0016160100846327,0.0016160100846327,10.0
2501.703,0.1753632405999999,0.1737291823994907,0.0016340582005092,0.0016340582005092,10.0
2502.186,0.175312573,0.1737969645549248,0.0015156084450751,0.0015156084450751,10.0
2502.668,0.1753564231,0.17386513808434,0.0014912850156599,0.0014912850156599,10.0
2503.15,0.1755186172999999,0.173933832189472,0.0015847851105279,0.0015847851105279,10.0
2503.632,0.1754908344,0.1740030362283855,0.0014877981716144,0.0014877981716144,10.0
2504.114,0.1757866801,0.174072739494656,0.0017139406053439,0.0017139406053439,10.0
2504.596,0.1756227219,0.1741429312191065,0.0014797906808934,0.0014797906808934,10.0
2505.078,0.1758051218,0.1742136005715521,0.0015915212284478,0.0015915212284478,10.0
2505.56,0.1757634695,0.1742847366625507,0.0014787328374492,0.0014787328374492,10.0
2506.042,0.1757280929,0.1743563285451611,0.0013717643548388,0.0013717643548388,10.0
2506.525,0.1758073048,0.1744285151250785,0.0013787896749214,0.0013787896749214,10.0
2507.007,0.1761135305,0.1745009864172498,0.0016125440827502,0.0016125440827502,10.0
2507.489,0.1761963844,0.1745738803097859,0.001622504090214,0.001622504090214,10.0
2507.971,0.1762714276999999,0.1746471856433481,0.0016242420566518,0.0016242420566518,10.0
2508.453,0.1760738127999999,0.1747208912099803,0.0013529215900196,0.0013529215900196,10.0
2508.935,0.176343599,0.1747949857549022,0.0015486132450977,0.0015486132450977,10.0
2509.417,0.1763386391,0.1748694579783051,0.0014691811216948,0.0014691811216948,10.0
2509.899,0.1765660988,0.1749442965371535,0.0016218022628465,0.0016218022628465,10.0
2510.382,0.1765770281,0.1750196464111736,0.0015573816888263,0.0015573816888263,10.0
2510.864,0.1766300807,0.1750951841487351,0.0015348965512648,0.0015348965512648,10.0
2511.346,0.1767428483,0.1751710539275228,0.0015717943724771,0.0015717943724771,10.0
2511.828,0.1767587199,0.1752472442496065,0.0015114756503934,0.0015114756503934,10.0
2512.31,0.1768221713,0.1753237435828935,0.0014984277171065,0.0014984277171065,10.0
2512.792,0.1769064109,0.175400540362949,0.0015058705370509,0.0015058705370509,10.0
2513.274,0.1768261764,0.1754776229948217,0.0013485534051783,0.0013485534051783,10.0
2513.756,0.1771680518,0.1755549798548678,0.0016130719451322,0.0016130719451322,10.0
2514.239,0.1771258492999999,0.1756327605936111,0.0014930887063888,0.0014930887063888,10.0
2514.721,0.1772953196,0.175710631441838,0.0015846881581619,0.0015846881581619,10.0
2515.203,0.1773429207,0.175788741469149,0.0015541792308509,0.0015541792308509,10.0
2515.685,0.1772774193,0.1758670789553832,0.0014103403446167,0.0014103403446167,10.0
2516.167,0.1774711471999999,0.175945632160844,0.0015255150391559,0.0015255150391559,10.0
2516.649,0.1773054389,0.1760243893281312,0.0012810495718687,0.0012810495718687,10.0
2517.131,0.1774113191,0.1761033386839731,0.0013079804160268,0.0013079804160268,10.0
2517.613,0.1775644597,0.1761824684410618,0.0013819912589381,0.0013819912589381,10.0
2518.095,0.1779723807,0.176261766799883,0.0017106139001169,0.0017106139001169,10.0
2518.578,0.1779329362,0.176341386950047,0.001591549249953,0.001591549249953,10.0
2519.06,0.1779584283,0.176420987362611,0.0015374409373889,0.0015374409373889,10.0
2519.542,0.1779442167,0.1765007208989052,0.0014434958010947,0.0014434958010947,10.0
2520.024,0.1781415488,0.176580575728891,0.0015609730711089,0.0015609730711089,10.0
2520.506,0.1781086257,0.176660540019474,0.0014480856805259,0.0014480856805259,10.0
2520.988,0.1782074622,0.1767406019363279,0.001466860263672,0.001466860263672,10.0
2521.47,0.178108539,0.1768207496457166,0.0012877893542833,0.0012877893542833,10.0
2521.952,0.1784055219,0.1769009713163118,0.0015045505836881,0.0015045505836881,10.0
2522.435,0.1785768794999999,0.1769814217413073,0.0015954577586926,0.0015954577586926,10.0
2522.917,0.1784960171,0.1770617559511456,0.0014342611488543,0.0014342611488543,10.0
2523.399,0.1785069838,0.1771421286363039,0.001364855163696,0.001364855163696,10.0
2523.881,0.178525033,0.1772225279932386,0.0013025050067613,0.0013025050067613,10.0
2524.363,0.1787675825,0.1773029422298634,0.0014646402701365,0.0014646402701365,10.0
2524.845,0.1786708691999999,0.1773833595673475,0.0012875096326524,0.0012875096326524,10.0
2525.327,0.1786845373,0.1774637682419081,0.0012207690580918,0.0012207690580918,10.0
2525.809,0.1788401731,0.1775441565065984,0.0012960165934015,0.0012960165934015,10.0
2526.292,0.1788562951,0.1776246793055122,0.0012316157944877,0.0012316157944877,10.0
2526.773,0.1789672398,0.1777048249134513,0.0012624148865486,0.0012624148865486,10.0
2527.256,0.1790050093,0.1777852481038758,0.0012197611961241,0.0012197611961241,10.0
2527.738,0.1790551486,0.1778654375071082,0.0011897110928917,0.0011897110928917,10.0
2528.22,0.178998125,0.1779455480563674,0.0010525769436325,0.0010525769436325,10.0
2528.702,0.1792252633,0.1780255681430238,0.0011996951569761,0.0011996951569761,10.0
2529.184,0.1794239187,0.178105486187645,0.001318432512355,0.001318432512355,10.0
2529.666,0.1793152065,0.1781852906417359,0.001129915858264,0.001129915858264,10.0
2530.148,0.1793659802999999,0.1782649699894719,0.001101010310528,0.001101010310528,10.0
2530.63,0.1797138243,0.1783445127494227,0.0013693115505772,0.0013693115505772,10.0
2531.113,0.1795727376,0.1784240720338208,0.0011486655661791,0.0011486655661791,10.0
2531.595,0.1797254544,0.1785033069774501,0.0012221474225498,0.0012221474225498,10.0
2532.077,0.1798061229,0.1785823710889659,0.001223751811034,0.001223751811034,10.0
2532.559,0.1797985892,0.1786612530416987,0.0011373361583012,0.0011373361583012,10.0
2533.041,0.179897643,0.178739941551883,0.0011577014481169,0.0011577014481169,10.0
2533.523,0.1800544262,0.1788184253803316,0.0012360008196683,0.0012360008196683,10.0
2534.005,0.1800191321,0.178896693334102,0.0011224387658979,0.0011224387658979,10.0
2534.487,0.1802132231,0.1789747342681527,0.0012384888318472,0.0012384888318472,10.0
2534.969,0.1800595864,0.1790525370869903,0.0010070493130096,0.0010070493130096,10.0
2535.452,0.1802730209,0.1791302513793794,0.0011427695206205,0.0011427695206205,10.0
2535.934,0.1803656908,0.1792075443365552,0.0011581464634447,0.0011581464634447,10.0
2536.416,0.1802156462,0.1792845661830094,0.0009310800169905,0.0009310800169905,10.0
2536.898,0.1802567138,0.1793613060378237,0.0008954077621763,0.0008954077621763,10.0
2537.38,0.1802570469999999,0.179437753077712,0.0008192939222879,0.0008192939222879,10.0
2537.862,0.1801653593,0.1795138965386034,0.0006514627613965,0.0006514627613965,10.0
2538.344,0.1805247001,0.1795897257172158,0.0009349743827841,0.0009349743827841,10.0
2538.826,0.1804181452,0.1796652299726149,0.000752915227385,0.000752915227385,10.0
2539.309,0.1804734962999999,0.179740554323484,0.0007329419765159,0.0007329419765159,10.0
2539.791,0.1806019487,0.1798153763380367,0.0007865723619632,0.0007865723619632,10.0
2540.273,0.1808073438,0.1798898418744999,0.0009175019255,0.0009175019255,10.0
2540.755,0.1808403437,0.1799639405568497,0.0008764031431502,0.0008764031431502,10.0
2541.237,0.1807877446,0.1800376620790372,0.0007500825209627,0.0007500825209627,10.0
2541.719,0.1808600299,0.1801109962064764,0.0007490336935235,0.0007490336935235,10.0
2542.201,0.1810442568,0.1801839327775178,0.0008603240224821,0.0008603240224821,10.0
2542.683,0.1810098019,0.1802564617049095,0.0007533401950904,0.0007533401950904,10.0
2543.166,0.1811150247,0.1803287221446369,0.0007863025553631,0.0007863025553631,10.0
2543.648,0.1813090186,0.1804004049303985,0.0009086136696014,0.0009086136696014,10.0
2544.13,0.181204338,0.1804716502511785,0.0007326877488215,0.0007326877488215,10.0
2544.612,0.181309901,0.1805424483318164,0.0007674526681835,0.0007674526681835,10.0
2545.094,0.1815732329,0.1806127894786502,0.0009604434213497,0.0009604434213497,10.0
2545.576,0.1814139027,0.1806826640808919,0.000731238619108,0.000731238619108,10.0
2546.058,0.1814604738,0.1807520626119909,0.0007084111880091,0.0007084111880091,10.0
2546.54,0.181510221,0.1808209756309801,0.0006892453690198,0.0006892453690198,10.0
2547.022,0.1816564930999999,0.1808893937838099,0.00076709931619,0.00076709931619,10.0
2547.505,0.1817228018,0.1809574481746971,0.0007653536253028,0.0007653536253028,10.0
2547.987,0.1817646791,0.1810248478128634,0.0007398312871365,0.0007398312871365,10.0
2548.469,0.1817925611,0.1810917250385596,0.0007008360614403,0.0007008360614403,10.0
2548.951,0.1820092677999999,0.1811580708586113,0.0008511969413886,0.0008511969413886,10.0
2549.433,0.1819323441999999,0.1812238763731932,0.0007084678268067,0.0007084678268067,10.0
2549.915,0.1817591579,0.1812891327770673,0.0004700251229326,0.0004700251229326,10.0
2550.397,0.1818544147,0.1813538313608065,0.0005005833391934,0.0005005833391934,10.0
2550.879,0.1819872966,0.1814179635119983,0.0005693330880016,0.0005693330880016,10.0
2551.362,0.1819582395,0.1814816519743455,0.0004765875256544,0.0004765875256544,10.0
2551.844,0.1818932514,0.1815446245982267,0.0003486268017732,0.0003486268017732,10.0
2552.326,0.1819834508,0.1816070055290817,0.0003764452709182,0.0003764452709182,10.0
2552.808,0.1821036874,0.1816687865544965,0.0004349008455034,0.0004349008455034,10.0
2553.29,0.1820141009,0.1817299595648523,0.0002841413351477,0.0002841413351477,10.0
2553.772,0.1820862827,0.1817905165544288,0.0002957661455711,0.0002957661455711,10.0
2554.254,0.1819579493999999,0.1818504496224911,0.0001074997775088,0.0001074997775088,10.0
2554.736,0.1821805751,0.1819097509743582,0.0002708241256418,0.0002708241256418,10.0
2555.219,0.1821309634,0.1819685339578061,0.0001624294421938,0.0001624294421938,10.0
2555.7,0.1824566492,0.1820264278873422,0.0004302213126577,0.0004302213126577,10.0
2556.183,0.1823195915,0.1820839067185203,0.0002356847814797,0.0002356847814797,10.0
2556.665,0.182273234,0.182140604035657,0.0001326299643429,0.0001326299643429,10.0
2557.147,0.1823344438999999,0.1821966322752383,0.0001378116247615,0.0001378116247615,10.0
2557.629,0.1825941892,0.1822519843005816,0.0003422048994183,0.0003422048994183,10.0
2558.111,0.1824714417,0.1823066530880364,0.0001647886119635,0.0001647886119635,10.0
2558.593,0.1826461435,0.1823606317279085,0.0002855117720914,0.0002855117720914,10.0
2559.075,0.1827884091,0.1824139134253629,0.000374495674637,0.000374495674637,10.0
2559.557,0.1826568145,0.1824664915013101,0.0001903229986898,0.0001903229986898,10.0
2560.04,0.1827155103,0.1825184662602809,0.0001970440397191,0.0001970440397191,10.0
2560.522,0.1825482431,0.1825696160298369,-2.137292983697692e-05,2.137292983697692e-05,10.0
2561.004,0.1828663891,0.1826200428306519,0.000246346269348,0.000246346269348,10.0
2561.486,0.1829066641,0.1826697404553355,0.0002369236446644,0.0002369236446644,10.0
2561.968,0.1830166621,0.1827187028163836,0.0002979592836163,0.0002979592836163,10.0
2562.45,0.1829808497999999,0.1827669239469482,0.0002139258530517,0.0002139258530517,10.0
2562.932,0.1829757042,0.1828143980015873,0.0001613061984126,0.0001613061984126,10.0
2563.414,0.1830427788,0.1828611192569953,0.0001816595430046,0.0001816595430046,10.0
2563.896,0.1831078975999999,0.1829070821127141,0.0002008154872858,0.0002008154872858,10.0
2564.379,0.1831471526,0.1829523740678569,0.000194778532143,0.000194778532143,10.0
2564.861,0.1832902475999999,0.1829968022162568,0.0002934453837431,0.0002934453837431,10.0
2565.343,0.1831467701,0.1830404558967696,0.0001063142032303,0.0001063142032303,10.0
2565.825,0.1832160138,0.1830833300072967,0.0001326837927032,0.0001326837927032,10.0
2566.307,0.1831957325,0.1831254195718426,7.031292815737333e-05,7.031292815737333e-05,10.0
2566.789,0.1831433583,0.1831667197411053,-2.336144110537397e-05,2.336144110537397e-05,10.0
2567.271,0.1832064293999999,0.183207225793047,-7.963930470367142e-07,7.963930470367142e-07,10.0
2567.753,0.1832326633,0.1832469331334437,-1.4269833443769642e-05,1.4269833443769642e-05,10.0
2568.236,0.1832665737,0.183285917172515,-1.934347251508761e-05,1.934347251508761e-05,10.0
2568.718,0.183222615,0.1833240121412738,-0.0001013971412738,0.0001013971412738,10.0
2569.2,0.1834400797,0.1833612953792989,7.878432070104746e-05,7.878432070104746e-05,10.0
2569.682,0.1833021479,0.1833977628089841,-9.561490898410407e-05,9.561490898410407e-05,10.0
2570.164,0.1834987696,0.1834334104829808,6.53591170191592e-05,6.53591170191592e-05,10.0
2570.646,0.1833647884,0.1834682345846263,-0.0001034461846262,0.0001034461846262,10.0
2571.128,0.183347278,0.1835022314283492,-0.0001549534283492,0.0001549534283492,10.0
2571.61,0.1834963023,0.1835353974600554,-3.9095160055485634e-05,3.9095160055485634e-05,10.0
2572.093,0.183381709,0.1835677954664223,-0.0001860864664223,0.0001860864664223,10.0
2572.575,0.1834186706999999,0.1835992879985962,-0.0001806172985962,0.0001806172985962,10.0
2573.057,0.1833762632999999,0.1836299398424685,-0.0002536765424685,0.0002536765424685,10.0
2573.539,0.1833542875,0.1836597479735729,-0.0003054604735729,0.0003054604735729,10.0
2574.021,0.1834979184,0.1836887095005384,-0.0001907911005383,0.0001907911005383,10.0
2574.503,0.1834940525,0.1837168216653501,-0.0002227691653501,0.0002227691653501,10.0
2574.985,0.1835460299,0.1837440818435904,-0.0001980519435904,0.0001980519435904,10.0
2575.467,0.1835917738,0.1837704875446575,-0.0001787137446575,0.0001787137446575,10.0
2575.949,0.1832816306999999,0.1837960364119647,-0.0005144057119647,0.0005144057119647,10.0
2576.432,0.1835167151,0.183820776552335,-0.0003040614523349,0.0003040614523349,10.0
2576.914,0.1835039732,0.1838446034306066,-0.0003406302306066,0.0003406302306066,10.0
2577.396,0.1835663822,0.1838675672072086,-0.0003011850072085,0.0003011850072085,10.0
2577.878,0.183407635,0.1838896660634629,-0.0004820310634629,0.0004820310634629,10.0
2578.36,0.183554476,0.1839108983153883,-0.0003564223153882,0.0003564223153882,10.0
2578.842,0.1836441384999999,0.1839312624137728,-0.0002871239137728,0.0002871239137728,10.0
2579.324,0.1835613078,0.1839507569442274,-0.0003894491442273,0.0003894491442273,10.0
2579.806,0.1836165671,0.1839693806272183,-0.0003528135272183,0.0003528135272183,10.0
2580.289,0.1834268168999999,0.1839871682401558,-0.0005603513401558,0.0005603513401558,10.0
2580.771,0.1836718721,0.1840040451169117,-0.0003321730169117,0.0003321730169117,10.0
2581.253,0.1836322226,0.18402004811507,-0.00038782551507,0.00038782551507,10.0
2581.735,0.1837374067,0.1840351764947052,-0.0002977697947052,0.0002977697947052,10.0
2582.217,0.1837443146,0.1840494296505985,-0.0003051150505985,0.0003051150505985,10.0
2582.699,0.1837409086,0.1840628071121453,-0.0003218985121453,0.0003218985121453,10.0
2583.181,0.1835800824,0.1840753085432431,-0.0004952261432431,0.0004952261432431,10.0
2583.663,0.1837355905,0.1840869337421598,-0.0003513432421598,0.0003513432421598,10.0
2584.146,0.1835997056,0.1840977040311129,-0.0004979984311129,0.0004979984311129,10.0
2584.627,0.1835724631,0.1841075553074305,-0.0005350922074305,0.0005350922074305,10.0
2585.11,0.1836610832,0.1841165696954799,-0.0004554864954799,0.0004554864954799,10.0
2585.592,0.1836040993,0.1841246888135992,-0.0005205895135992,0.0005205895135992,10.0
2586.074,0.1838135639,0.1841319327014647,-0.0003183688014646,0.0003183688014646,10.0
2586.556,0.1836925003,0.1841383019599155,-0.0004458016599155,0.0004458016599155,10.0
2587.038,0.1838092844,0.1841437973226638,-0.0003345129226638,0.0003345129226638,10.0
2587.52,0.1834552005999999,0.1841484196560004,-0.0006932190560004,0.0006932190560004,10.0
2588.002,0.1837996307,0.1841521699584804,-0.0003525392584804,0.0003525392584804,10.0
2588.484,0.183740811,0.1841550493605895,-0.0004142383605895,0.0004142383605895,10.0
2588.967,0.1835071763,0.1841570623909824,-0.0006498860909824,0.0006498860909824,10.0
2589.449,0.1835512655999999,0.1841582021099414,-0.0006069365099414,0.0006069365099414,10.0
2589.931,0.1835779811,0.1841584751112314,-0.0005804940112314,0.0005804940112314,10.0
2590.413,0.1835872592,0.1841578830495967,-0.0005706238495967,0.0005706238495967,10.0
2590.895,0.1834969867999999,0.1841564277097464,-0.0006594409097464,0.0006594409097464,10.0
2591.377,0.1833725563,0.1841541110059034,-0.0007815547059034,0.0007815547059034,10.0
2591.859,0.1834034761,0.1841509349813339,-0.0007474588813339,0.0007474588813339,10.0
2592.341,0.1834989423,0.1841469018078581,-0.0006479595078581,0.0006479595078581,10.0
2592.823,0.1833902921,0.1841420137853413,-0.0007517216853413,0.0007517216853413,10.0
2593.306,0.1834237308,0.1841362605471918,-0.0007125297471918,0.0007125297471918,10.0
2593.788,0.1833546700999999,0.1841296684752459,-0.0007749983752459,0.0007749983752459,10.0
2594.27,0.1834202399999999,0.1841222292224498,-0.0007019892224498,0.0007019892224498,10.0
2594.752,0.1835421699999999,0.1841139455956474,-0.0005717755956474,0.0005717755956474,10.0
2595.234,0.1833517409999999,0.1841048205269024,-0.0007530795269024,0.0007530795269024,10.0
2595.716,0.1835650858,0.1840948570728776,-0.0005297712728776,0.0005297712728776,10.0
2596.198,0.1832840355,0.1840840584141962,-0.0008000229141962,0.0008000229141962,10.0
2596.68,0.1831949058,0.1840724278547855,-0.0008775220547855,0.0008775220547855,10.0
2597.163,0.1836133147,0.1840599421138284,-0.0004466274138284,0.0004466274138284,10.0
2597.645,0.1833255863,0.1840466564468726,-0.0007210701468725,0.0007210701468725,10.0
2598.127,0.1830750948,0.1840325495316941,-0.0009574547316941,0.0009574547316941,10.0
2598.609,0.1832182614,0.1840176251587598,-0.0007993637587598,0.0007993637587598,10.0
2599.091,0.183271635,0.1840018872382878,-0.0007302522382878,0.0007302522382878,10.0
2599.573,0.1832105805,0.1839853397994856,-0.0007747592994855,0.0007747592994855,10.0
2600.055,0.1831903107999999,0.1839679869897694,-0.0007776761897694,0.0007776761897694,10.0
2600.537,0.1831296482999999,0.1839498330739684,-0.0008201847739684,0.0008201847739684,10.0
2601.02,0.1831450715,0.1839308422917358,-0.0007857707917358,0.0007857707917358,10.0
2601.502,0.1832249908,0.1839110977849452,-0.0006861069849452,0.0006861069849452,10.0
2601.984,0.1831750097,0.183890565672498,-0.000715555972498,0.000715555972498,10.0
2602.466,0.1830506953,0.1838692506808053,-0.0008185553808053,0.0008185553808053,10.0
2602.948,0.1828968785,0.1838471576494545,-0.0009502791494545,0.0009502791494545,10.0
2603.43,0.1830777915999999,0.1838242915303139,-0.0007464999303139,0.0007464999303139,10.0
2603.912,0.1829297027999999,0.1838006573866205,-0.0008709545866205,0.0008709545866205,10.0
2604.394,0.1830581168,0.1837762603920526,-0.0007181435920526,0.0007181435920526,10.0
2604.876,0.182937955,0.1837511058297871,-0.0008131508297871,0.0008131508297871,10.0
2605.359,0.1829495964999999,0.1837251445650329,-0.0007755480650329,0.0007755480650329,10.0
2605.841,0.1829568023,0.183698489606756,-0.000741687306756,0.000741687306756,10.0
2606.323,0.1827079301999999,0.1836710935893795,-0.0009631633893795,0.0009631633893795,10.0
2606.805,0.1830321165,0.183642962224553,-0.000610845724553,0.000610845724553,10.0
2607.287,0.1827694191,0.1836141013284783,-0.0008446822284783,0.0008446822284783,10.0
2607.769,0.1828726094,0.1835845168208756,-0.0007119074208756,0.0007119074208756,10.0
2608.251,0.1827656706,0.1835542147239362,-0.0007885441239362,0.0007885441239362,10.0
2608.733,0.1826726800999999,0.1835232011612603,-0.0008505210612603,0.0008505210612603,10.0
2609.216,0.1826182647999999,0.1834914158214053,-0.0008731510214053,0.0008731510214053,10.0
2609.698,0.1824361258,0.1834589966549009,-0.0010228708549008,0.0010228708549008,10.0
2610.18,0.1826695764,0.1834258850045077,-0.0007563086045077,0.0007563086045077,10.0
2610.662,0.182591053,0.183392087388764,-0.000801034388764,0.000801034388764,10.0
2611.144,0.1824165554,0.1833576104220972,-0.0009410550220972,0.0009410550220972,10.0
2611.626,0.1825489009,0.1833224608136814,-0.0007735599136814,0.0007735599136814,10.0
2612.108,0.1823121511,0.1832866453662802,-0.0009744942662802,0.0009744942662802,10.0
2612.59,0.1822868409999999,0.1832501709750778,-0.0009633299750778,0.0009633299750778,10.0
2613.073,0.1823792509,0.1832129669280646,-0.0008337160280646,0.0008337160280646,10.0
2613.554,0.1823104528,0.1831752733970086,-0.0008648205970085,0.0008648205970085,10.0
2614.037,0.1822689130999999,0.1831367841074226,-0.0008678710074226,0.0008678710074226,10.0
2614.519,0.1820625785,0.1830977433992439,-0.0010351648992439,0.0010351648992439,10.0
2615.001,0.1822042412,0.1830580795830271,-0.0008538383830271,0.0008538383830271,10.0
2615.483,0.1819971964999999,0.1830178000834178,-0.0010206035834178,0.0010206035834178,10.0
2615.965,0.1819393125999999,0.1829769124089557,-0.0010375998089557,0.0010375998089557,10.0
2616.447,0.1821338704,0.1829354241508122,-0.0008015537508122,0.0008015537508122,10.0
2616.929,0.1818893178,0.1828933429815152,-0.0010040251815152,0.0010040251815152,10.0
2617.411,0.1819086233,0.1828506766536642,-0.0009420533536641,0.0009420533536641,10.0
2617.894,0.1819572335,0.1828073426868511,-0.0008501091868511,0.0008501091868511,10.0
2618.376,0.1820380267,0.1827635284403955,-0.0007255017403955,0.0007255017403955,10.0
2618.858,0.1819072581,0.1827191527772494,-0.0008118946772494,0.0008118946772494,10.0
2619.34,0.1817934629,0.1826742237573934,-0.0008807608573934,0.0008807608573934,10.0
2619.822,0.1816538272,0.1826287495142979,-0.0009749223142979,0.0009749223142979,10.0
2620.304,0.1820516766,0.1825827382535783,-0.0005310616535782,0.0005310616535782,10.0
2620.786,0.1818637203,0.1825361982516409,-0.0006724779516409,0.0006724779516409,10.0
2621.268,0.1816658088999999,0.1824891378543201,-0.0008233289543201,0.0008233289543201,10.0
2621.75,0.1816998768,0.1824415654755068,-0.0007416886755068,0.0007416886755068,10.0
2622.233,0.1816246191999999,0.1823933893358081,-0.0007687701358081,0.0007687701358081,10.0
2622.715,0.1816771381,0.1823448174830476,-0.0006676793830476,0.0006676793830476,10.0
2623.197,0.1815758947,0.1822957593028895,-0.0007198646028894,0.0007198646028894,10.0
2623.679,0.1815770790999999,0.1822462234676941,-0.0006691443676941,0.0006691443676941,10.0
2624.161,0.1814669209,0.1821962187108939,-0.0007292978108939,0.0007292978108939,10.0
2624.643,0.1813637041999999,0.1821457538255739,-0.0007820496255739,0.0007820496255739,10.0
2625.125,0.1813192740999999,0.1820948376630448,-0.0007755635630448,0.0007755635630448,10.0
2625.607,0.1810954567,0.1820434791314103,-0.0009480224314103,0.0009480224314103,10.0
2626.09,0.1812354304,0.1819915792976962,-0.0007561488976961,0.0007561488976961,10.0
2626.572,0.1811347855,0.1819393621010597,-0.0008045766010597,0.0008045766010597,10.0
2627.054,0.1808399212999999,0.1818867296048195,-0.0010468083048195,0.0010468083048195,10.0
2627.536,0.1808678235,0.1818336909298885,-0.0009658674298884,0.0009658674298884,10.0
2628.018,0.1808517917,0.1817802552467054,-0.0009284635467054,0.0009284635467054,10.0
2628.5,0.1808859103,0.1817264317737656,-0.0008405214737656,0.0008405214737656,10.0
2628.982,0.1807623255,0.1816722297761447,-0.0009099042761447,0.0009099042761447,10.0
2629.464,0.1806485219,0.1816176585640188,-0.0009691366640188,0.0009691366640188,10.0
2629.947,0.1806768226,0.181562613158734,-0.000885790558734,0.000885790558734,10.0
2630.429,0.180586435,0.1815073309037845,-0.0009208959037844,0.0009208959037844,10.0
2630.911,0.1804116915999999,0.1814517076402005,-0.0010400160402005,0.0010400160402005,10.0
2631.393,0.1804920256,0.1813957528437388,-0.0009037272437388,0.0009037272437388,10.0
2631.875,0.1804763416,0.1813394760277828,-0.0008631344277828,0.0008631344277828,10.0
2632.357,0.1801778964,0.1812828867418356,-0.0011049903418356,0.0011049903418356,10.0
2632.839,0.1802940008,0.181225994570011,-0.000931993770011,0.000931993770011,10.0
2633.321,0.1803150017,0.1811688091295206,-0.0008538074295205,0.0008538074295205,10.0
2633.803,0.1801546286,0.1811113400691578,-0.0009567114691578,0.0009567114691578,10.0
2634.286,0.1801397593,0.1810534769909909,-0.0009137176909908,0.0009137176909908,10.0
2634.768,0.180092056,0.1809954692179059,-0.0009034132179059,0.0009034132179059,10.0
2635.25,0.1800944068,0.1809372069658489,-0.0008428001658489,0.0008428001658489,10.0
2635.732,0.1802343964,0.1808786999947851,-0.0006443035947851,0.0006443035947851,10.0
2636.214,0.1801612411,0.1808199580886445,-0.0006587169886445,0.0006587169886445,10.0
2636.696,0.1798835001,0.1807609910537924,-0.0008774909537923,0.0008774909537923,10.0
2637.178,0.1799368541,0.1807018087175003,-0.0007649546175002,0.0007649546175002,10.0
2637.66,0.1799466462999999,0.1806424209264145,-0.0006957746264145,0.0006957746264145,10.0
2638.143,0.1799013287,0.1805827137315876,-0.0006813850315876,0.0006813850315876,10.0
2638.625,0.1797013498999999,0.1805229442656874,-0.0008215943656874,0.0008215943656874,10.0
2639.107,0.1798243336999999,0.180462999006408,-0.000638665306408,0.000638665306408,10.0
2639.589,0.1796888927,0.1804028878625997,-0.0007139951625997,0.0007139951625997,10.0
2640.071,0.1796031002,0.1803426207548225,-0.0007395205548225,0.0007395205548225,10.0
2640.553,0.1793763441999999,0.1802822076138139,-0.0009058634138139,0.0009058634138139,10.0
2641.035,0.179229908,0.1802216583789562,-0.0009917503789561,0.0009917503789561,10.0
2641.517,0.1793433508,0.1801609829967461,-0.0008176321967461,0.0008176321967461,10.0
2642.0,0.1792949868999999,0.1801000651817822,-0.0008050782817822,0.0008050782817822,10.0
2642.481,0.1793247291,0.1800392936026506,-0.0007145645026506,0.0007145645026506,10.0
2642.964,0.1791267834,0.1799781728686233,-0.0008513894686233,0.0008513894686233,10.0
2643.446,0.1792076880999999,0.1799170922820039,-0.0007094041820039,0.0007094041820039,10.0
2643.928,0.1790041445,0.1798559353543929,-0.0008517908543929,0.0008517908543929,10.0
2644.41,0.179090768,0.1797947120428902,-0.0007039440428902,0.0007039440428902,10.0
2644.892,0.1791445071,0.1797334323010326,-0.0005889252010326,0.0005889252010326,10.0
2645.374,0.178934694,0.1796721060772761,-0.0007374120772761,0.0007374120772761,10.0
2645.856,0.1788798012,0.1796107433134837,-0.0007309421134837,0.0007309421134837,10.0
2646.338,0.1788879929,0.1795493539434148,-0.0006613610434148,0.0006613610434148,10.0
2646.821,0.1787539812,0.1794878204823074,-0.0007338392823074,0.0007338392823074,10.0
2647.303,0.1785380771,0.1794264076572694,-0.0008883305572694,0.0008883305572694,10.0
2647.785,0.1786627046,0.1793649979840858,-0.0007022933840858,0.0007022933840858,10.0
2648.267,0.1786814103,0.1793036013490379,-0.0006221910490378,0.0006221910490378,10.0
2648.749,0.178463277,0.1792422276228034,-0.0007789506228034,0.0007789506228034,10.0
2649.231,0.1785453331,0.1791808866589702,-0.0006355535589702,0.0006355535589702,10.0
2649.713,0.1785061809,0.1791195882925537,-0.0006134073925537,0.0006134073925537,10.0
2650.195,0.1785335193,0.1790583423385194,-0.0005248230385194,0.0005248230385194,10.0
2650.677,0.1785120481,0.1789971585903106,-0.0004851104903106,0.0004851104903106,10.0
2651.16,0.178209273,0.1789359201120583,-0.0007266471120583,0.0007266471120583,10.0
2651.642,0.1782160941,0.1788748902420771,-0.0006587961420771,0.0006587961420771,10.0
2652.124,0.1783388708,0.1788139518346187,-0.0004750810346187,0.0004750810346187,10.0
2652.606,0.1779831128,0.178753114582369,-0.000770001782369,0.000770001782369,10.0
2653.088,0.1778815047,0.1786923881492126,-0.0008108834492126,0.0008108834492126,10.0
2653.57,0.1779695355999999,0.1786317821687953,-0.0006622465687954,0.0006622465687954,10.0
2654.052,0.1777868378,0.1785713062430947,-0.0007844684430946,0.0007844684430946,10.0
2654.534,0.1780444323,0.1785109699409957,-0.0004665376409957,0.0004665376409957,10.0
2655.017,0.1777275268,0.178450658088926,-0.000723131288926,0.000723131288926,10.0
2655.499,0.1776984392,0.1783906299402527,-0.0006921907402527,0.0006921907402527,10.0
2655.981,0.1777106285,0.1783307699287438,-0.0006201414287438,0.0006201414287438,10.0
2656.463,0.1777324344999999,0.178271087476743,-0.000538652976743,0.000538652976743,10.0
2656.945,0.1775968500999999,0.1782115919664904,-0.0006147418664904,0.0006147418664904,10.0
2657.427,0.1775269219999999,0.178152292738745,-0.000625370738745,0.000625370738745,10.0
2657.909,0.1774107788,0.1780931990914148,-0.0006824202914147,0.0006824202914147,10.0
2658.391,0.1774058548,0.1780343202781949,-0.0006284654781949,0.0006284654781949,10.0
2658.874,0.1775173755,0.1779755440560734,-0.0004581685560733,0.0004581685560733,10.0
2659.356,0.1774170992,0.1779171229818674,-0.0005000237818674,0.0005000237818674,10.0
2659.838,0.1774143158,0.1778589442429523,-0.0004446284429522,0.0004446284429522,10.0
2660.32,0.1774074899,0.1778010169026282,-0.0003935270026282,0.0003935270026282,10.0
2660.802,0.1771300687,0.1777433499733064,-0.0006132812733064,0.0006132812733064,10.0
2661.284,0.1771897899,0.1776859524152018,-0.0004961625152018,0.0004961625152018,10.0
2661.766,0.1773332571,0.1776288331350357,-0.0002955760350357,0.0002955760350357,10.0
2662.248,0.1769940937999999,0.1775720009847495,-0.0005779071847495,0.0005779071847495,10.0
2662.73,0.1770937902,0.1775154647602271,-0.0004216745602271,0.0004216745602271,10.0
2663.213,0.1769519251,0.1774591168597706,-0.0005071917597705,0.0005071917597705,10.0
2663.695,0.1768954645,0.1774031993029514,-0.0005077348029514,0.0005077348029514,10.0
2664.177,0.1769775796,0.1773476037284143,-0.0003700241284143,0.0003700241284143,10.0
2664.659,0.1770057469,0.1772923386951282,-0.0002865917951282,0.0002865917951282,10.0
2665.141,0.1767634941,0.177237412699776,-0.000473918599776,0.000473918599776,10.0
2665.623,0.1766714066,0.1771828341755434,-0.0005114275755434,0.0005114275755434,10.0
2666.105,0.1766677328,0.1771286114909181,-0.000460878690918,0.000460878690918,10.0
2666.587,0.1764494532999999,0.1770747529484994,-0.0006252996484994,0.0006252996484994,10.0
2667.07,0.1764780765,0.1770211562094389,-0.0005430797094388,0.0005430797094388,10.0
2667.552,0.1765310463999999,0.176968051387762,-0.000437004987762,0.000437004987762,10.0
2668.034,0.176436927,0.176915335225778,-0.000478408225778,0.000478408225778,10.0
2668.516,0.1762014535,0.1768630157507334,-0.0006615622507333,0.0006615622507333,10.0
2668.998,0.1761011858,0.1768111009182173,-0.0007099151182173,0.0007099151182173,10.0
2669.48,0.1760948142999999,0.1767595986110448,-0.0006647843110448,0.0006647843110448,10.0
2669.962,0.1761136287,0.1767085166381539,-0.0005948879381539,0.0005948879381539,10.0
2670.444,0.1760941981,0.1766578627335136,-0.0005636646335136,0.0005636646335136,10.0
2670.927,0.1760979717,0.1766075408261622,-0.0005095691261622,0.0005095691261622,10.0
2671.408,0.1760844365,0.1765578696835622,-0.0004734331835622,0.0004734331835622,10.0
2671.891,0.1759201732,0.1765084437634088,-0.0005882705634088,0.0005882705634088,10.0
2672.373,0.1759477924,0.1764595788929829,-0.0005117864929828,0.0005117864929828,10.0
2672.855,0.1761061122,0.1764111796140016,-0.0003050674140016,0.0003050674140016,10.0
2673.337,0.1759050482,0.1763632531882762,-0.0004582049882762,0.0004582049882762,10.0
2673.819,0.1758933865999999,0.1763158067953804,-0.0004224201953804,0.0004224201953804,10.0
2674.301,0.1759472218999999,0.176268847531667,-0.000321625631667,0.000321625631667,10.0
2674.783,0.1758357240999999,0.1762223824092996,-0.0003866583092996,0.0003866583092996,10.0
2675.265,0.1758355401,0.1761764183552966,-0.0003408782552966,0.0003408782552966,10.0
2675.748,0.1760176564,0.1761308684359065,-0.0001132120359065,0.0001132120359065,10.0
2676.23,0.1758845235,0.1760859280291432,-0.0002014045291432,0.0002014045291432,10.0
2676.712,0.1760410905999999,0.1760415089653314,-4.183653314893121e-07,4.183653314893121e-07,10.0
2677.194,0.1758317334,0.1759976178214619,-0.0001658844214618,0.0001658844214618,10.0
2677.676,0.1758347214999999,0.1759542610848195,-0.0001195395848195,0.0001195395848195,10.0
2678.158,0.1757571221,0.1759114451521177,-0.0001543230521177,0.0001543230521177,10.0
2678.64,0.1756676321999999,0.1758691763286447,-0.0002015441286447,0.0002015441286447,10.0
2679.122,0.1754502663,0.1758274608274274,-0.0003771945274274,0.0003771945274274,10.0
2679.604,0.1754220942,0.1757863047684085,-0.0003642105684085,0.0003642105684085,10.0
2680.087,0.1753408638999999,0.1757456305567304,-0.0004047666567304,0.0004047666567304,10.0
2680.569,0.175339057,0.1757056125571613,-0.0003665555571613,0.0003665555571613,10.0
2681.051,0.1753592041,0.1756661718051372,-0.0003069677051372,0.0003069677051372,10.0
2681.533,0.1751141365,0.1756273140401553,-0.0005131775401553,0.0005131775401553,10.0
2682.015,0.1752565203,0.1755890449047503,-0.0003325246047503,0.0003325246047503,10.0
2682.497,0.1752199207,0.1755513699437662,-0.0003314492437662,0.0003314492437662,10.0
2682.979,0.175119784,0.1755142946036434,-0.0003945106036434,0.0003945106036434,10.0
2683.461,0.175117376,0.1754778242317235,-0.0003604482317235,0.0003604482317235,10.0
2683.944,0.17513355,0.1754418903148082,-0.0003083403148082,0.0003083403148082,10.0
2684.426,0.1751865637,0.1754066468035,-0.0002200831035,0.0002200831035,10.0
2684.908,0.1750629347,0.1753720237114616,-0.0003090890114616,0.0003090890114616,10.0
2685.39,0.1751310881,0.1753380259827833,-0.0002069378827833,0.0002069378827833,10.0
2685.872,0.1750616107,0.1753046584592158,-0.0002430477592158,0.0002430477592158,10.0
2686.354,0.1750640497999999,0.1752719258795712,-0.0002078760795712,0.0002078760795712,10.0
2686.836,0.175049252,0.175239832879141,-0.000190580879141,0.000190580879141,10.0
2687.318,0.1748868313,0.1752083839891311,-0.0003215526891311,0.0003215526891311,10.0
2687.801,0.1748601453,0.175177520412133,-0.000317375112133,0.000317375112133,10.0
2688.283,0.175030195,0.175147374276406,-0.000117179276406,0.000117179276406,10.0
2688.765,0.1750105187,0.1751178852234321,-0.0001073665234321,0.0001073665234321,10.0
2689.247,0.1750889369,0.1750890573625315,-1.2046253150543862e-07,1.2046253150543862e-07,10.0
2689.729,0.1750670136,0.1750608946963616,6.118903638385742e-06,6.118903638385742e-06,10.0
2690.211,0.1748500979,0.1750334011204518,-0.0001833032204518,0.0001833032204518,10.0
2690.693,0.1748317782,0.175006580422756,-0.000174802222756,0.000174802222756,10.0
2691.175,0.1747048883,0.1749804362832226,-0.0002755479832226,0.0002755479832226,10.0
2691.657,0.1749556689,0.1749549722733803,6.96626619695051e-07,6.96626619695051e-07,10.0
2692.14,0.1747188692,0.174930141157225,-0.000211271957225,0.000211271957225,10.0
2692.622,0.1747022331,0.174906049114318,-0.0002038160143179,0.0002038160143179,10.0
2693.104,0.1746820985,0.1748826472679104,-0.0002005487679103,0.0002005487679103,10.0
2693.586,0.1745264014,0.174859938751833,-0.000333537351833,0.000333537351833,10.0
2694.068,0.1746435629,0.1748379265896865,-0.0001943636896865,0.0001943636896865,10.0
2694.55,0.1745849994,0.1748166136945318,-0.0002316142945318,0.0002316142945318,10.0
2695.032,0.1745241538999999,0.1747960028685962,-0.0002718489685962,0.0002718489685962,10.0
2695.514,0.1746365959,0.1747760968029981,-0.0001395009029981,0.0001395009029981,10.0
2695.997,0.1745762811,0.1747568589831173,-0.0001805778831173,0.0001805778831173,10.0
2696.479,0.1745063399,0.1747383715409592,-0.0002320316409592,0.0002320316409592,10.0
2696.961,0.1745242379999999,0.1747205962681167,-0.0001963582681167,0.0001963582681167,10.0
2697.443,0.1745116386,0.1747035354086306,-0.0001918968086305,0.0001918968086305,10.0
2697.925,0.1744024791,0.1746871910943144,-0.0002847119943144,0.0002847119943144,10.0
2698.407,0.1744768978,0.1746715653445832,-0.0001946675445831,0.0001946675445831,10.0
2698.889,0.174425271,0.1746566600662993,-0.0002313890662993,0.0002313890662993,10.0
2699.371,0.1744539979,0.1746424770536354,-0.0001884791536354,0.0001884791536354,10.0
2699.854,0.1745183429,0.1746289908182312,-0.0001106479182311,0.0001106479182311,10.0
2700.335,0.1744219354999999,0.1746162844377147,-0.0001943489377147,0.0001943489377147,10.0
2700.818,0.174448848,0.1746042537050892,-0.0001554057050892,0.0001554057050892,10.0
2701.3,0.1744531762,0.1745929769513785,-0.0001398007513784,0.0001398007513784,10.0
2701.782,0.1746900046,0.1745824297426779,0.000107574857322,0.000107574857322,10.0
2702.264,0.1745849502,0.1745726131948925,1.2337005107471157e-05,1.2337005107471157e-05,10.0
2702.746,0.1745136974,0.1745635283107668,-4.983091076682378e-05,4.983091076682378e-05,10.0
2703.228,0.1746523002,0.1745551759798881,9.712422011187716e-05,9.712422011187716e-05,10.0
2703.71,0.1745485974,0.1745475569787047,1.040421295284144e-06,1.040421295284144e-06,10.0
2704.192,0.1745548551,0.1745406719705632,1.4183129436767803e-05,1.4183129436767803e-05,10.0
2704.675,0.1746058156,0.1745345095093399,7.130609066008375e-05,7.130609066008375e-05,10.0
2705.157,0.1745691804999999,0.1745290955504328,4.008494956717068e-05,4.008494956717068e-05,10.0
2705.639,0.1743626297999999,0.1745244168971749,-0.0001617870971749,0.0001617870971749,10.0
2706.121,0.1746178611,0.1745204737609806,9.738733901931695e-05,9.738733901931695e-05,10.0
2706.603,0.1744887984,0.1745172662406023,-2.8467840602341976e-05,2.8467840602341976e-05,10.0
2707.085,0.174644799,0.1745147943222706,0.0001300046777293,0.0001300046777293,10.0
2707.567,0.1745752088,0.1745130578798498,6.215092015016133e-05,6.215092015016133e-05,10.0
2708.049,0.1746099279,0.1745120566750113,9.78712249886382e-05,9.78712249886382e-05,10.0
2708.531,0.1745130213,0.1745117903574239,1.2309425760637094e-06,1.2309425760637094e-06,10.0
2709.014,0.1746014240999999,0.174512260199191,8.916390080890291e-05,8.916390080890291e-05,10.0
2709.496,0.1746000138,0.1745134636799908,8.655012000913231e-05,8.655012000913231e-05,10.0
2709.978,0.1745381869999999,0.1745154003256456,2.278667435437476e-05,2.278667435437476e-05,10.0
2710.46,0.174534093,0.1745180693398184,1.6023660181607724e-05,1.6023660181607724e-05,10.0
2710.942,0.1745449975,0.1745214698153706,2.3527684629348625e-05,2.3527684629348625e-05,10.0
2711.424,0.1745065076999999,0.1745256007346532,-1.9093034653305807e-05,1.9093034653305807e-05,10.0
2711.906,0.1745975297,0.1745304609698125,6.706873018744175e-05,6.706873018744175e-05,10.0
2712.388,0.1746794464,0.1745360492831127,0.0001433971168872,0.0001433971168872,10.0
2712.871,0.1745154693,0.1745423781834705,-2.6908883470511125e-05,2.6908883470511125e-05,10.0
2713.353,0.1746474709,0.1745494200051623,9.805089483760908e-05,9.805089483760908e-05,10.0
2713.835,0.1746473377,0.1745571855326126,9.015216738736398e-05,9.015216738736398e-05,10.0
2714.317,0.1746234461,0.1745656730918892,5.777300811080077e-05,5.777300811080077e-05,10.0
2714.799,0.1746848990999999,0.1745748809010371,0.0001100181989628,0.0001100181989628,10.0
2715.281,0.1747736985,0.1745848070704974,0.0001888914295025,0.0001888914295025,10.0
2715.763,0.1746339397,0.174595449603543,3.849009645698343e-05,3.849009645698343e-05,10.0
2716.245,0.1747042896,0.1746068063967301,9.748320326982696e-05,9.748320326982696e-05,10.0
2716.728,0.1744180121,0.1746189010180455,-0.0002008889180455,0.0002008889180455,10.0
2717.21,0.1745173434999999,0.1746316810666652,-0.0001143375666652,0.0001143375666652,10.0
2717.692,0.1745532193,0.1746451684244076,-9.194912440763092e-05,9.194912440763092e-05,10.0
2718.174,0.1746051153,0.1746593605655675,-5.424526556757625e-05,5.424526556757625e-05,10.0
2718.656,0.1747493628999999,0.174674254860212,7.510803978791336e-05,7.510803978791336e-05,10.0
2719.138,0.1744019643,0.1746898485747255,-0.0002878842747255,0.0002878842747255,10.0
2719.62,0.1746068617999999,0.1747061388723664,-9.927707236648264e-05,9.927707236648264e-05,10.0
2720.102,0.1745259,0.1747231228138426,-0.0001972228138426,0.0001972228138426,10.0
2720.584,0.1747339047999999,0.1747407973578982,-6.892557898235952e-06,6.892557898235952e-06,10.0
2721.067,0.1747561433,0.1747591981697421,-3.054869742169508e-06,3.054869742169508e-06,10.0
2721.549,0.1747671334,0.1747782458064658,-1.1112406465813018e-05,1.1112406465813018e-05,10.0
2722.031,0.1748530528,0.17479797430929,5.507849070993109e-05,5.507849070993109e-05,10.0
2722.513,0.174743448,0.1748183802350796,-7.493223507967772e-05,7.493223507967772e-05,10.0
2722.995,0.1748875483999999,0.174839460041899,4.808835810093948e-05,4.808835810093948e-05,10.0
2723.477,0.1750099918,0.1748612100896863,0.0001487817103136,0.0001487817103136,10.0
2723.959,0.1750941116,0.174883626640944,0.0002104849590559,0.0002104849590559,10.0
2724.441,0.1749705687,0.1749067058614409,6.38628385591089e-05,6.38628385591089e-05,10.0
2724.924,0.1749159973,0.1749304937517885,-1.4496451788498232e-05,1.4496451788498232e-05,10.0
2725.406,0.1751794559,0.1749548877788106,0.0002245681211893,0.0002245681211893,10.0
2725.888,0.1752627840999999,0.1749799323905683,0.0002828517094316,0.0002828517094316,10.0
2726.37,0.1753913733,0.1750056233730069,0.000385749926993,0.000385749926993,10.0
2726.852,0.1753001063,0.1750319564190589,0.000268149880941,0.000268149880941,10.0
2727.334,0.1750566184999999,0.1750589271294278,-2.30862942782184e-06,2.30862942782184e-06,10.0
2727.816,0.1751881262,0.1750865310133849,0.000101595186615,0.000101595186615,10.0
2728.298,0.1753882868,0.1751147634895779,0.000273523310422,0.000273523310422,10.0
2728.781,0.1752938453,0.1751436804001761,0.0001501648998238,0.0001501648998238,10.0
2729.262,0.1754223157,0.1751730954450976,0.0002492202549023,0.0002492202549023,10.0
2729.745,0.1753467872,0.1752032483783538,0.0001435388216461,0.0001435388216461,10.0
2730.227,0.1754244579,0.1752339488856339,0.000190509014366,0.000190509014366,10.0
2730.709,0.1753765377999999,0.1752652537377534,0.0001112840622465,0.0001112840622465,10.0
2731.191,0.1754342271,0.1752971578271463,0.0001370692728536,0.0001370692728536,10.0
2731.673,0.1755090627,0.1753296559616396,0.0001794067383603,0.0001794067383603,10.0
2732.155,0.1757165201,0.1753627428653603,0.0003537772346396,0.0003537772346396,10.0
2732.637,0.1756582266,0.1753964131796527,0.0002618134203472,0.0002618134203472,10.0
2733.119,0.1754722186,0.1754306614640087,4.155713599124367e-05,4.155713599124367e-05,10.0
2733.602,0.1756269033,0.1754655550303804,0.0001613482696196,0.0001613482696196,10.0
2734.084,0.1757662591,0.1755009437808009,0.000265315319199,0.000265315319199,10.0
2734.566,0.1755885409,0.1755368936862457,5.16472137542523e-05,5.16472137542523e-05,10.0
2735.048,0.1756265485,0.1755733989881555,5.31495118444858e-05,5.31495118444858e-05,10.0
2735.53,0.1757542784,0.1756104538509343,0.0001438245490656,0.0001438245490656,10.0
2736.012,0.1757053411,0.1756480523629433,5.728873705662663e-05,5.728873705662663e-05,10.0
2736.494,0.1759602109,0.1756861885375062,0.0002740223624937,0.0002740223624937,10.0
2736.976,0.1759272676,0.1757248563139234,0.0002024112860765,0.0002024112860765,10.0
2737.458,0.1756958238,0.1757640495584967,-6.822575849677048e-05,6.822575849677048e-05,10.0
2737.941,0.1759397039,0.1758038449920865,0.0001358589079134,0.0001358589079134,10.0
2738.423,0.1758827974,0.1758440715427769,3.872585722305977e-05,3.872585722305977e-05,10.0
2738.905,0.1759502674999999,0.1758848047196891,6.546278031083208e-05,6.546278031083208e-05,10.0
2739.387,0.1761002206,0.1759260381074257,0.0001741824925743,0.0001741824925743,10.0
2739.869,0.1759116831,0.1759677652228586,-5.608212285859726e-05,5.608212285859726e-05,10.0
2740.351,0.1762052522999999,0.1760099795162079,0.000195272783792,0.000195272783792,10.0
2740.833,0.1762157449,0.1760526743721322,0.0001630705278677,0.0001630705278677,10.0
2741.315,0.1760905456,0.1760958431108244,-5.297510824398e-06,5.297510824398e-06,10.0
2741.798,0.1761872906,0.176139570000865,4.77205991349372e-05,4.77205991349372e-05,10.0
2742.28,0.1762870665,0.176183667161281,0.0001033993387189,0.0001033993387189,10.0
2742.762,0.1762821725,0.1762282177750415,5.395472495850484e-05,5.395472495850484e-05,10.0
2743.244,0.1761701255,0.1762732149154928,-0.0001030894154928,0.0001030894154928,10.0
2743.726,0.1764982899,0.1763186515971255,0.0001796383028744,0.0001796383028744,10.0
2744.208,0.1762613394,0.1763645207767201,-0.0001031813767201,0.0001031813767201,10.0
2744.69,0.1763622966,0.1764108153544976,-4.851875449760068e-05,4.851875449760068e-05,10.0
2745.172,0.1764672421999999,0.1764575281752786,9.714024721330096e-06,9.714024721330096e-06,10.0
2745.655,0.1765250281,0.1765047502192202,2.0277880779767665e-05,2.0277880779767665e-05,10.0
2746.137,0.1764739982,0.1765522786748156,-7.82804748156174e-05,7.82804748156174e-05,10.0
2746.619,0.1765165693,0.1766002035719326,-8.363427193258666e-05,8.363427193258666e-05,10.0
2747.101,0.176580948,0.1766485175454059,-6.756954540593219e-05,6.756954540593219e-05,10.0
2747.583,0.1766637336,0.1766972131805642,-3.347958056421074e-05,3.347958056421074e-05,10.0
2748.065,0.1765560213999999,0.1767462830144265,-0.0001902616144265,0.0001902616144265,10.0
2748.547,0.1768245142,0.1767957195369053,2.879466309463341e-05,2.879466309463341e-05,10.0
2749.029,0.1769146685,0.1768455151920144,6.91533079855422e-05,6.91533079855422e-05,10.0
2749.511,0.17694938,0.1768956623790813,5.371762091868626e-05,5.371762091868626e-05,10.0
2749.994,0.176858686,0.1769462585593801,-8.757255938013353e-05,8.757255938013353e-05,10.0
2750.476,0.176962402,0.1769970865251972,-3.468452519722609e-05,3.468452519722609e-05,10.0
2750.958,0.1770159327,0.1770482429489789,-3.2310248978928424e-05,3.2310248978928424e-05,10.0
2751.44,0.1770771502999999,0.1770997200634626,-2.256976346265427e-05,2.256976346265427e-05,10.0
2751.922,0.177027165,0.1771515100628424,-0.0001243450628423,0.0001243450628423,10.0
2752.404,0.177248229,0.1772036051040106,4.462389598938743e-05,4.462389598938743e-05,10.0
2752.886,0.1773458957,0.1772559973078022,8.989839219772366e-05,8.989839219772366e-05,10.0
2753.368,0.1772302369,0.1773086787602442,-7.844186024419386e-05,7.844186024419386e-05,10.0
2753.851,0.1772123513,0.1773617516819204,-0.0001494003819204,0.0001494003819204,10.0
2754.333,0.1773756685,0.1774149883155164,-3.931981551644204e-05,3.931981551644204e-05,10.0
2754.815,0.1774602539,0.1774684902428841,-8.236342884160308e-06,8.236342884160308e-06,10.0
2755.297,0.1774977791999999,0.1775222494233146,-2.4470223314643214e-05,2.4470223314643214e-05,10.0
2755.779,0.1777193377,0.1775762577875876,0.0001430799124123,0.0001430799124123,10.0
2756.261,0.1775084963,0.1776305072392384,-0.0001220109392384,0.0001220109392384,10.0
2756.743,0.1777843233999999,0.1776849896558282,9.933374417173124e-05,9.933374417173124e-05,10.0
2757.225,0.1776420523,0.1777396968902153,-9.76445902152734e-05,9.76445902152734e-05,10.0
2757.708,0.1777146601999999,0.1777947349413161,-8.007474131610515e-05,8.007474131610515e-05,10.0
2758.189,0.1777416901,0.1778497531079493,-0.0001080630079492,0.0001080630079492,10.0
2758.672,0.1777954669,0.1779052006852945,-0.0001097337852945,0.0001097337852945,10.0
2759.154,0.1780238187,0.1779607256598173,6.309304018264905e-05,6.309304018264905e-05,10.0
2759.636,0.177783121,0.1780164343734027,-0.0002333133734027,0.0002333133734027,10.0
2760.118,0.1780077547999999,0.1780723185574697,-6.456375746971554e-05,6.456375746971554e-05,10.0
2760.6,0.1780277331,0.178128369927685,-0.0001006368276849,0.0001006368276849,10.0
2761.082,0.1781541002,0.178184580185247,-3.0479985246967267e-05,3.0479985246967267e-05,10.0
2761.564,0.178179997,0.1782409410181683,-6.094401816827966e-05,6.094401816827966e-05,10.0
2762.046,0.1781992282999999,0.1782974441025576,-9.821580255769956e-05,9.821580255769956e-05,10.0
2762.529,0.1783839476,0.1783541987414762,2.974885852377596e-05,2.974885852377596e-05,10.0
2763.011,0.1782882149,0.1784109615677785,-0.0001227466677785,0.0001227466677785,10.0
2763.493,0.1782897158999999,0.1784678415979528,-0.0001781256979528,0.0001781256979528,10.0
2763.975,0.1785428845,0.1785248304733115,1.8054026688418823e-05,1.8054026688418823e-05,10.0
2764.457,0.1783257315,0.1785819198296785,-0.0002561883296785,0.0002561883296785,10.0
2764.939,0.1786022577,0.1786391012986695,-3.684359866951148e-05,3.684359866951148e-05,10.0
2765.421,0.178707084,0.1786963665089707,1.0717491029321737e-05,1.0717491029321737e-05,10.0
2765.903,0.1786833879,0.1787537070876178,-7.03191876178233e-05,7.03191876178233e-05,10.0
2766.385,0.1786648139,0.1788111146612709,-0.0001463007612709,0.0001463007612709,10.0
2766.868,0.17897203,0.1788687001370945,0.0001033298629055,0.0001033298629055,10.0
2767.35,0.1788444351,0.1789262166811718,-8.178158117180812e-05,8.178158117180812e-05,10.0
2767.832,0.1789749334,0.1789837750933691,-8.841693369149306e-06,8.841693369149306e-06,10.0
2768.314,0.1790918316,0.1790413670115846,5.046458841537205e-05,5.046458841537205e-05,10.0
2768.796,0.1792012298999999,0.1790989840796962,0.0001022458203037,0.0001022458203037,10.0
2769.278,0.1794365928,0.1791566179488246,0.0002799748511753,0.0002799748511753,10.0
2769.76,0.1793936998999999,0.1792142602785939,0.000179439621406,0.000179439621406,10.0
2770.242,0.1792392368,0.1792719027383889,-3.266593838890941e-05,3.266593838890941e-05,10.0
2770.725,0.1794010999,0.1793296565675053,7.14433324946473e-05,7.14433324946473e-05,10.0
2771.207,0.1793924378,0.1793872742979623,5.163502037663914e-06,5.163502037663914e-06,10.0
2771.689,0.1796321203999999,0.1794448672204936,0.0001872531795063,0.0001872531795063,10.0
2772.171,0.1795595786,0.1795024270560632,5.715154393681754e-05,5.715154393681754e-05,10.0
2772.653,0.1794538661,0.179559945541633,-0.000106079441633,0.000106079441633,10.0
2773.135,0.1796396368,0.1796174144313967,2.22223686032752e-05,2.22223686032752e-05,10.0
2773.617,0.1797597139,0.1796748254980117,8.488840198830894e-05,8.488840198830894e-05,10.0
2774.099,0.1798656825,0.1797321705338244,0.0001335119661756,0.0001335119661756,10.0
2774.582,0.1799289666,0.1797895600884009,0.000139406511599,0.000139406511599,10.0
2775.064,0.1798859944,0.1798467483451215,3.924605487848343e-05,3.924605487848343e-05,10.0
2775.546,0.1798816842,0.1799038460615422,-2.2161861542191463e-05,2.2161861542191463e-05,10.0
2776.028,0.1802291634999999,0.1799608451209851,0.0002683183790148,0.0002683183790148,10.0
2776.51,0.1799723423,0.1800177374325219,-4.539513252191374e-05,4.539513252191374e-05,10.0
2776.992,0.1799581492,0.1800745149321683,-0.0001163657321683,0.0001163657321683,10.0
2777.474,0.1803799093,0.1801311695840749,0.000248739715925,0.000248739715925,10.0
2777.956,0.1803374991,0.1801876933817089,0.000149805718291,0.000149805718291,10.0
2778.438,0.1803677799,0.1802440783490341,0.0001237015509658,0.0001237015509658,10.0
2778.921,0.1803953320999999,0.1803004330603621,9.489903963785797e-05,9.489903963785797e-05,10.0
2779.403,0.1800843756,0.1803565162376635,-0.0002721406376635,0.0002721406376635,10.0
2779.885,0.1803406356,0.1804124368348909,-7.180123489095025e-05,7.180123489095025e-05,10.0
2780.367,0.1804726278,0.1804681870097102,4.440790289800267e-06,4.440790289800267e-06,10.0
2780.849,0.1804941665,0.180523758956076,-2.959245607606076e-05,2.959245607606076e-05,10.0
2781.331,0.1804749239999999,0.1805791449053684,-0.0001042209053684,0.0001042209053684,10.0
2781.813,0.1806334822,0.1806343371275228,-8.549275228031394e-07,8.549275228031394e-07,10.0
2782.295,0.1809174798,0.1806893279321531,0.0002281518678468,0.0002281518678468,10.0
2782.778,0.1806869328,0.1807442231021137,-5.729030211373831e-05,5.729030211373831e-05,10.0
2783.26,0.1807221326,0.1807987877074066,-7.665510740656467e-05,7.665510740656467e-05,10.0
2783.742,0.1807187667999999,0.1808531280575489,-0.0001343612575489,0.0001343612575489,10.0
2784.224,0.1807691722,0.1809072366320334,-0.0001380644320334,0.0001380644320334,10.0
2784.706,0.1806554138,0.1809611059555287,-0.0003056921555287,0.0003056921555287,10.0
2785.188,0.1809114852,0.1810147285989551,-0.0001032433989551,0.0001032433989551,10.0
2785.67,0.1809907976999999,0.1810680971805512,-7.729948055126834e-05,7.729948055126834e-05,10.0
2786.152,0.1809728828,0.1811212043669303,-0.0001483215669303,0.0001483215669303,10.0
2786.635,0.1810049896,0.1811741522132708,-0.0001691626132708,0.0001691626132708,10.0
2787.116,0.1810402174,0.1812266054686513,-0.0001863880686513,0.0001863880686513,10.0
2787.599,0.1811410289999999,0.1812789931329518,-0.0001379641329518,0.0001379641329518,10.0
2788.081,0.1812691244,0.1813309817991205,-6.185739912048516e-05,6.185739912048516e-05,10.0
2788.563,0.181137765,0.1813826731505325,-0.0002449081505325,0.0002449081505325,10.0
2789.045,0.1812238629999999,0.1814340601658712,-0.0002101971658712,0.0002101971658712,10.0
2789.527,0.1814361867999999,0.181485135879344,-4.894907934407944e-05,4.894907934407944e-05,10.0
2790.009,0.1812814536999999,0.1815358933816664,-0.0002544396816664,0.0002544396816664,10.0
2790.491,0.1814465239999999,0.1815863258210342,-0.0001398018210342,0.0001398018210342,10.0
2790.973,0.1815071365,0.1816364264040861,-0.0001292899040861,0.0001292899040861,10.0
2791.456,0.1813415058,0.1816862912809028,-0.0003447854809028,0.0003447854809028,10.0
2791.938,0.1815480926,0.1817357072865562,-0.0001876146865561,0.0001876146865561,10.0
2792.42,0.1817220271,0.18178477140229,-6.274430229000205e-05,6.274430229000205e-05,10.0
2792.902,0.1816931900999999,0.1818334770780682,-0.0001402869780682,0.0001402869780682,10.0
2793.384,0.1816995745,0.1818818178269573,-0.0001822433269573,0.0001822433269573,10.0
2793.866,0.1817803732,0.1819297872260263,-0.0001494140260263,0.0001494140260263,10.0
2794.348,0.1819986868,0.1819773789172363,2.1307882763693664e-05,2.1307882763693664e-05,10.0
2794.83,0.1819529903,0.1820245866083157,-7.159630831576891e-05,7.159630831576891e-05,10.0
2795.312,0.1819932127,0.1820714040736286,-7.819137362866102e-05,7.819137362866102e-05,10.0
2795.795,0.1822334619,0.1821179210480492,0.0001155408519507,0.0001155408519507,10.0
2796.277,0.1819853507,0.1821639388144313,-0.0001785881144313,0.0001785881144313,10.0
2796.759,0.1821618116,0.1822095480740186,-4.773647401862258e-05,4.773647401862258e-05,10.0
2797.241,0.1819768407999999,0.1822547428762932,-0.0002779020762933,0.0002779020762933,10.0
2797.723,0.1820902396,0.1822995173415322,-0.0002092777415322,0.0002092777415322,10.0
2798.205,0.1821848592,0.1823438656616036,-0.0001590064616036,0.0001590064616036,10.0
2798.687,0.1821009975999999,0.1823877821007518,-0.0002867845007518,0.0002867845007518,10.0
2799.169,0.1823034299,0.1824312609963694,-0.0001278310963694,0.0001278310963694,10.0
2799.652,0.1821511185,0.1824743855811007,-0.0003232670811007,0.0003232670811007,10.0
2800.134,0.1823033513,0.1825169717617348,-0.0002136204617348,0.0002136204617348,10.0
2800.616,0.1823141921,0.1825591038462408,-0.0002449117462408,0.0002449117462408,10.0
2801.098,0.1822887794,0.1826007764722409,-0.0003119970722409,0.0003119970722409,10.0
2801.58,0.1824773616,0.1826419843541843,-0.0001646227541843,0.0001646227541843,10.0
2802.062,0.1825745418,0.1826827222840445,-0.0001081804840445,0.0001081804840445,10.0
2802.544,0.1826095447,0.1827229851320043,-0.0001134404320042,0.0001134404320042,10.0
2803.026,0.1827670176,0.1827627678471279,4.249752872109713e-06,4.249752872109713e-06,10.0
2803.509,0.1826064889999999,0.1828021464806622,-0.0001956574806622,0.0001956574806622,10.0
2803.991,0.1825044001,0.1828409530744986,-0.0003365529744986,0.0003365529744986,10.0
2804.473,0.1827147318999999,0.1828792648526117,-0.0001645329526117,0.0001645329526117,10.0
2804.955,0.1827543113,0.1829170770862226,-0.0001627657862225,0.0001627657862225,10.0
2805.437,0.1825383967,0.1829543851286001,-0.0004159884286001,0.0004159884286001,10.0
2805.919,0.1828090935,0.1829911844156544,-0.0001820909156544,0.0001820909156544,10.0
2806.401,0.1827318274,0.1830274704665168,-0.0002956430665168,0.0002956430665168,10.0
2806.883,0.1829512022,0.1830632388841056,-0.0001120366841056,0.0001120366841056,10.0
2807.365,0.1828368491,0.1830984853556804,-0.0002616362556804,0.0002616362556804,10.0
2807.848,0.182654726,0.183133277137348,-0.000478551137348,0.000478551137348,10.0
2808.33,0.182878303,0.1831674660142289,-0.0002891630142289,0.0002891630142289,10.0
2808.812,0.1829698477,0.1832011205099154,-0.0002312728099154,0.0002312728099154,10.0
2809.294,0.1830181044,0.1832342366544648,-0.0002161322544648,0.0002161322544648,10.0
2809.776,0.1831317264,0.1832668105648368,-0.0001350841648367,0.0001350841648367,10.0
2810.258,0.183156904,0.1832988384453616,-0.0001419344453616,0.0001419344453616,10.0
2810.74,0.1832769996,0.1833303165881985,-5.331698819854847e-05,5.331698819854847e-05,10.0
2811.222,0.1831692793,0.1833612413737774,-0.0001919620737774,0.0001919620737774,10.0
2811.705,0.1832971728,0.1833916716938776,-9.449889387758148e-05,9.449889387758148e-05,10.0
2812.187,0.1833735615999999,0.1834214780954157,-4.791649541571741e-05,4.791649541571741e-05,10.0
2812.669,0.183296373,0.1834507208079633,-0.0001543478079633,0.0001543478079633,10.0
2813.151,0.1833977854,0.1834793965693646,-8.161116936461488e-05,8.161116936461488e-05,10.0
2813.633,0.1834343927999999,0.1835075022077368,-7.310940773688768e-05,7.310940773688768e-05,10.0
2814.115,0.1833383481,0.1835350346418278,-0.0001966865418278,0.0001966865418278,10.0
2814.597,0.183536594,0.1835619908813597,-2.5396881359690537e-05,2.5396881359690537e-05,10.0
2815.079,0.1836035849,0.1835883680273576,1.5216872642387358e-05,1.5216872642387358e-05,10.0
2815.562,0.1834524879,0.1836142161827869,-0.0001617282827869,0.0001617282827869,10.0
2816.043,0.1834034232,0.1836393739012423,-0.0002359507012422,0.0002359507012422,10.0
2816.526,0.1835484771,0.1836640477641213,-0.0001155706641213,0.0001155706641213,10.0
2817.008,0.1835401716,0.1836880801568583,-0.0001479085568583,0.0001479085568583,10.0
2817.49,0.1835553732,0.1837115203362877,-0.0001561471362877,0.0001561471362877,10.0
2817.972,0.1835830241,0.183734365957554,-0.000151341857554,0.000151341857554,10.0
2818.454,0.1837387606,0.183756614769006,-1.785416900601522e-05,1.785416900601522e-05,10.0
2818.936,0.1834884921,0.1837782646124112,-0.0002897725124111,0.0002897725124111,10.0
2819.418,0.1836505162,0.1837993134231546,-0.0001487972231546,0.0001487972231546,10.0
2819.9,0.1837635581,0.1838197592304235,-5.620113042356656e-05,5.620113042356656e-05,10.0
2820.383,0.1836641419,0.1838396406911032,-0.0001754987911032,0.0001754987911032,10.0
2820.865,0.1838978724,0.1838588736946075,3.899870539250672e-05,3.899870539250672e-05,10.0
2821.347,0.1839323833,0.1838774983432389,5.488495676109206e-05,5.488495676109206e-05,10.0
2821.829,0.1839657277,0.1838955130431476,7.021465685233541e-05,7.021465685233541e-05,10.0
2822.311,0.1837811163,0.1839129162949925,-0.0001317999949925,0.0001317999949925,10.0
2822.793,0.1838591883,0.1839297066940381,-7.05183940381271e-05,7.05183940381271e-05,10.0
2823.275,0.1839742545,0.1839458829302389,2.837156976109867e-05,2.837156976109867e-05,10.0
2823.757,0.1839146124,0.1839614437883066,-4.6831388306634025e-05,4.6831388306634025e-05,10.0
2824.24,0.1840251165,0.1839764185110843,4.869798891563026e-05,4.869798891563026e-05,10.0
2824.722,0.1838484077,0.1839907440641384,-0.0001423363641384,0.0001423363641384,10.0
2825.204,0.1841172316,0.1840044511603787,0.0001127804396212,0.0001127804396212,10.0
2825.686,0.18385182,0.1840175389641413,-0.0001657189641413,0.0001657189641413,10.0
2826.168,0.184184713,0.1840300067346463,0.0001547062653536,0.0001547062653536,10.0
2826.65,0.1840587821,0.1840418538259789,1.692827402108299e-05,1.692827402108299e-05,10.0
2827.132,0.1841711765,0.1840530796870572,0.0001180968129427,0.0001180968129427,10.0
2827.614,0.1840093068,0.1840636838615853,-5.437706158534228e-05,5.437706158534228e-05,10.0
2828.096,0.1840076877999999,0.1840736659879917,-6.597818799178312e-05,6.597818799178312e-05,10.0
2828.579,0.1841389479,0.1840830445710194,5.5903328980533296e-05,5.5903328980533296e-05,10.0
2829.061,0.1840488309,0.184091780603393,-4.29497033930526e-05,4.29497033930526e-05,10.0
2829.543,0.1841433315,0.1840998940703873,4.3437429612658285e-05,4.3437429612658285e-05,10.0
2830.025,0.1842522867,0.1841073849886265,0.0001449017113734,0.0001449017113734,10.0
2830.507,0.18409772,0.1841142534689385,-1.6533468938539908e-05,1.6533468938539908e-05,10.0
2830.989,0.1841870846999999,0.1841204997162086,6.65849837913346e-05,6.65849837913346e-05,10.0
2831.471,0.1841750526,0.1841261240292186,4.892857078131474e-05,4.892857078131474e-05,10.0
2831.953,0.1842845864999999,0.1841311268004723,0.0001534596995276,0.0001534596995276,10.0
2832.436,0.1842753668,0.184135516961503,0.0001398498384969,0.0001398498384969,10.0
2832.918,0.1842288953,0.1841392769140563,8.961838594370719e-05,8.961838594370719e-05,10.0
2833.4,0.1842000931999999,0.1841424170642297,5.767613577026265e-05,5.767613577026265e-05,10.0
2833.882,0.1840288401,0.1841449381775799,-0.0001160980775799,0.0001160980775799,10.0
2834.364,0.1841515986,0.1841468411123022,4.757487697737428e-06,4.757487697737428e-06,10.0
2834.846,0.1840889837,0.1841481268189722,-5.91431189722047e-05,5.91431189722047e-05,10.0
2835.328,0.1838593036,0.1841487963402743,-0.0002894927402743,0.0002894927402743,10.0
2835.81,0.1840582475,0.1841488508107168,-9.060331071680804e-05,9.060331071680804e-05,10.0
2836.292,0.1838190196,0.1841482914563326,-0.0003292718563326,0.0003292718563326,10.0
2836.775,0.183900506,0.1841471165273797,-0.0002466105273797,0.0002466105273797,10.0
2837.257,0.1836694247,0.1841453322996501,-0.00047590759965,0.00047590759965,10.0
2837.739,0.184062659,0.1841429384743538,-8.02794743537949e-05,8.02794743537949e-05,10.0
2838.221,0.1840434319,0.1841399366405521,-9.650474055211689e-05,9.650474055211689e-05,10.0
2838.703,0.1841252078999999,0.1841363284771356,-1.1120577135703693e-05,1.1120577135703693e-05,10.0
2839.185,0.1843678225,0.1841321157524446,0.0002357067475554,0.0002357067475554,10.0
2839.667,0.1840133447999999,0.1841273003238775,-0.0001139555238776,0.0001139555238776,10.0
2840.149,0.1840625748,0.1841218841374867,-5.930933748674039e-05,5.930933748674039e-05,10.0
2840.632,0.1840170003,0.1841158561275799,-9.88558275799023e-05,9.88558275799023e-05,10.0
2841.114,0.1840783477,0.1841092433807148,-3.089568071487636e-05,3.089568071487636e-05,10.0
2841.596,0.1843021494,0.1841020362465367,0.0002001131534632,0.0002001131534632,10.0
2842.078,0.1841815381,0.1840942370215866,8.730107841331547e-05,8.730107841331547e-05,10.0
2842.56,0.1841106397,0.1840858480888423,2.479161115767625e-05,2.479161115767625e-05,10.0
2843.042,0.1840544173,0.1840768719172372,-2.2454617237238628e-05,2.2454617237238628e-05,10.0
2843.524,0.1841889643,0.1840673110611672,0.0001216532388327,0.0001216532388327,10.0
2844.006,0.1839986474,0.1840571681599848,-5.852075998480366e-05,5.852075998480366e-05,10.0
2844.489,0.1840087043999999,0.184046423091937,-3.771869193711086e-05,3.771869193711086e-05,10.0
2844.97,0.1840295197,0.1840351472013568,-5.627501356880726e-06,5.627501356880726e-06,10.0
2845.453,0.1840079641,0.1840232496169995,-1.5285516999558046e-05,1.5285516999558046e-05,10.0
2845.935,0.1840952277999999,0.1840108054288784,8.442237112155082e-05,8.442237112155082e-05,10.0
2846.417,0.1842625052,0.1839977936546375,0.0002647115453624,0.0002647115453624,10.0
2846.899,0.1842624936,0.1839842174322436,0.0002782761677563,0.0002782761677563,10.0
2847.381,0.1841180624,0.1839700799807433,0.0001479824192567,0.0001479824192567,10.0
2847.863,0.1841308686,0.1839553845996626,0.0001754840003373,0.0001754840003373,10.0
2848.345,0.1843611107,0.1839401346683952,0.0004209760316047,0.0004209760316047,10.0
2848.827,0.1842767509,0.1839243336455793,0.0003524172544207,0.0003524172544207,10.0
2849.31,0.1841680755,0.1839079505835669,0.000260124916433,0.000260124916433,10.0
2849.792,0.1841630105,0.1838910569426708,0.0002719535573291,0.0002719535573291,10.0
2850.274,0.1839544708,0.1838736230629499,8.084773705008264e-05,8.084773705008264e-05,10.0
2850.756,0.1842662998,0.1838556527137254,0.0004106470862746,0.0004106470862746,10.0
2851.238,0.1841307482999999,0.1838371497402807,0.0002935985597192,0.0002935985597192,10.0
2851.72,0.1839625205999999,0.1838181180631732,0.0001444025368267,0.0001444025368267,10.0
2852.202,0.1840071548,0.1837985616775351,0.0002085931224648,0.0002085931224648,10.0
2852.684,0.1841760163,0.1837784846523638,0.0003975316476361,0.0003975316476361,10.0
2853.167,0.1838237268,0.1837578478706668,6.587892933315742e-05,6.587892933315742e-05,10.0
2853.649,0.1839839511,0.1837367410068809,0.000247210093119,0.000247210093119,10.0
2854.131,0.1837475183,0.1837151261554702,3.2392144529797e-05,3.2392144529797e-05,10.0
2854.613,0.1839796291,0.183693007673746,0.0002866214262539,0.0002866214262539,10.0
2855.095,0.1839977424,0.1836703899891867,0.0003273524108132,0.0003273524108132,10.0
2855.577,0.1837454672,0.1836472775986687,9.818960133128884e-05,9.818960133128884e-05,10.0
2856.059,0.1839388967,0.1836236750676883,0.0003152216323116,0.0003152216323116,10.0
2856.541,0.1836386422,0.1835995870295745,3.905517042548934e-05,3.905517042548934e-05,10.0
2857.023,0.1837581672,0.1835750181846918,0.0001831490153081,0.0001831490153081,10.0
2857.506,0.1837156043,0.1835499208477907,0.0001656834522092,0.0001656834522092,10.0
2857.988,0.1836667383,0.1835244037820259,0.0001423345179741,0.0001423345179741,10.0
2858.47,0.1835493076,0.1834984204149229,5.0887185077064245e-05,5.0887185077064245e-05,10.0
2858.952,0.1835612471,0.1834719757069736,8.927139302636333e-05,8.927139302636333e-05,10.0
2859.434,0.18370103,0.1834450746815873,0.0002559553184126,0.0002559553184126,10.0
2859.916,0.1837174628,0.183417722424241,0.0002997403757589,0.0002997403757589,10.0
2860.398,0.1837877294,0.1833899240816224,0.0003978053183775,0.0003978053183775,10.0
2860.88,0.183660187,0.1833616848607642,0.0002985021392357,0.0002985021392357,10.0
2861.363,0.1835253111999999,0.1833329500876844,0.0001923611123155,0.0001923611123155,10.0
2861.845,0.1836459336,0.1833038440813162,0.0003420895186837,0.0003420895186837,10.0
2862.327,0.1835348732,0.1832743131823325,0.0002605600176674,0.0002605600176674,10.0
2862.809,0.183520481,0.1832443628304525,0.0002761181695475,0.0002761181695475,10.0
2863.291,0.1836394627,0.1832139985212952,0.0004254641787047,0.0004254641787047,10.0
2863.773,0.1836813367999999,0.183183225805469,0.0004981109945309,0.0004981109945309,10.0
2864.255,0.1834921852,0.1831520502876522,0.0003401349123477,0.0003401349123477,10.0
2864.737,0.1835820606,0.1831204776256695,0.0004615829743304,0.0004615829743304,10.0
2865.219,0.1837160809,0.1830885135295599,0.00062756737044,0.00062756737044,10.0
2865.702,0.1836768623,0.1830560962480516,0.0006207660519483,0.0006207660519483,10.0
2866.184,0.1834745339,0.1830233658359432,0.0004511680640567,0.0004511680640567,10.0
2866.666,0.1834322402,0.1829902614359027,0.0004419787640972,0.0004419787640972,10.0
2867.148,0.1834434724999999,0.1829567889574768,0.0004866835425231,0.0004866835425231,10.0
2867.63,0.1833715479,0.182922954357669,0.0004485935423309,0.0004485935423309,10.0
2868.112,0.1833821013,0.1828887636399712,0.0004933376600287,0.0004933376600287,10.0
2868.594,0.1832264297,0.1828542228533879,0.000372206846612,0.000372206846612,10.0
2869.076,0.1832627224,0.1828193380914563,0.0004433843085437,0.0004433843085437,10.0
2869.559,0.1832439349,0.1827840420684237,0.0004598928315762,0.0004598928315762,10.0
2870.041,0.1830714182999999,0.1827484871279661,0.0003229311720338,0.0003229311720338,10.0
2870.523,0.1832413937999999,0.1827126067630312,0.0005287870369687,0.0005287870369687,10.0
2871.005,0.1829096274999999,0.1826764072354592,0.0002332202645407,0.0002332202645407,10.0
2871.487,0.1828875957,0.182639894846641,0.0002477008533589,0.0002477008533589,10.0
2871.969,0.1829488294,0.1826030759365072,0.0003457534634928,0.0003457534634928,10.0
2872.451,0.1828725251,0.1825659568825137,0.0003065682174862,0.0003065682174862,10.0
2872.933,0.183176079,0.1825285440986227,0.0006475349013772,0.0006475349013772,10.0
2873.416,0.1829972662,0.1824907655242428,0.0005065006757571,0.0005065006757571,10.0
2873.897,0.1829251025,0.182452863173383,0.0004722393266169,0.0004722393266169,10.0
2874.38,0.1829622483,0.1824145283851754,0.0005477199148245,0.0005477199148245,10.0
2874.862,0.1827359188,0.1823760049669159,0.000359913833084,0.000359913833084,10.0
2875.344,0.1826193457999999,0.1823372204138976,0.0002821253861023,0.0002821253861023,10.0
2875.826,0.1827005979,0.1822981813375602,0.0004024165624398,0.0004024165624398,10.0
2876.308,0.182666167,0.1822588943786071,0.0004072726213928,0.0004072726213928,10.0
2876.79,0.1825891602,0.1822193662059583,0.0003697939940416,0.0003697939940416,10.0
2877.272,0.1826413375,0.1821796035156999,0.0004617339843,0.0004617339843,10.0
2877.754,0.1823645605,0.1821396130300308,0.0002249474699692,0.0002249474699692,10.0
2878.237,0.182416674,0.1820993178447033,0.0003173561552966,0.0003173561552966,10.0
2878.719,0.1825571351,0.1820588915964793,0.0004982435035206,0.0004982435035206,10.0
2879.201,0.1823025545,0.1820182578796729,0.000284296620327,0.000284296620327,10.0
2879.683,0.1823299116999999,0.1819774235104025,0.0003524881895974,0.0003524881895974,10.0
2880.165,0.1825486623999999,0.1819363953255986,0.0006122670744013,0.0006122670744013,10.0
2880.647,0.1823360836,0.1818951801819379,0.000440903418062,0.000440903418062,10.0
2881.129,0.1823758999,0.1818537849547768,0.0005221149452231,0.0005221149452231,10.0
2881.611,0.1823115011999999,0.1818122165370825,0.0004992846629174,0.0004992846629174,10.0
2882.094,0.182229046,0.1817703950838056,0.0004586509161943,0.0004586509161943,10.0
2882.576,0.1821468883,0.1817285007056388,0.0004183875943611,0.0004183875943611,10.0
2883.058,0.1821041722,0.1816864539252204,0.0004177182747795,0.0004177182747795,10.0
2883.54,0.1821045403,0.1816442616952849,0.000460278604715,0.000460278604715,10.0
2884.022,0.1819219637999999,0.1816019309808206,0.0003200328191793,0.0003200328191793,10.0
2884.504,0.1819006759999999,0.1815594687579952,0.0003412072420047,0.0003412072420047,10.0
2884.986,0.1818865229,0.1815168820130842,0.0003696408869157,0.0003696408869157,10.0
2885.468,0.1818526882999999,0.1814741777413967,0.0003785105586032,0.0003785105586032,10.0
2885.95,0.1818362169,0.1814313629462033,0.0004048539537966,0.0004048539537966,10.0
2886.433,0.1817804616999999,0.1813883554927929,0.000392106207207,0.000392106207207,10.0
2886.915,0.1818017515,0.1813453404939739,0.000456411006026,0.000456411006026,10.0
2887.397,0.1816384343,0.1813022360330718,0.0003361982669281,0.0003361982669281,10.0
2887.879,0.1818450061,0.1812590491344859,0.000585956965514,0.000585956965514,10.0
2888.361,0.1814549540999999,0.1812157868252175,0.0002391672747824,0.0002391672747824,10.0
2888.843,0.1815893295,0.1811724561338006,0.0004168733661993,0.0004168733661993,10.0
2889.325,0.181542965,0.1811290640892344,0.0004139009107655,0.0004139009107655,10.0
2889.807,0.181517321,0.1810856177199175,0.0004317032800824,0.0004317032800824,10.0
2890.29,0.181399434,0.1810420337724661,0.0003574002275338,0.0003574002275338,10.0
2890.772,0.1813448089,0.1809984997548629,0.000346309145137,0.000346309145137,10.0
2891.254,0.1812830902,0.1809549324980243,0.0003281577019756,0.0003281577019756,10.0
2891.736,0.1812358396,0.1809113390173081,0.0003245005826918,0.0003245005826918,10.0
2892.218,0.1811983482,0.1808677263221658,0.0003306218778341,0.0003306218778341,10.0
2892.7,0.1813497106,0.1808241014150881,0.0005256091849119,0.0005256091849119,10.0
2893.182,0.1813552356,0.1807804712905538,0.0005747643094461,0.0005747643094461,10.0
2893.664,0.1811945274,0.1807368429339805,0.0004576844660194,0.0004576844660194,10.0
2894.146,0.1812205278,0.1806932233206788,0.0005273044793211,0.0005273044793211,10.0
2894.629,0.1811582165,0.1806495289714265,0.0005086875285734,0.0005086875285734,10.0
2895.111,0.1809355527,0.1806059477791865,0.0003296049208134,0.0003296049208134,10.0
2895.593,0.1811831411,0.1805623961994724,0.0006207449005275,0.0006207449005275,10.0
2896.075,0.1810669357,0.1805188811567363,0.0005480545432637,0.0005480545432637,10.0
2896.557,0.1808287791,0.1804754095601387,0.0003533695398613,0.0003533695398613,10.0
2897.039,0.1808531366,0.1804319883025227,0.0004211482974772,0.0004211482974772,10.0
2897.521,0.1807770339,0.1803886242593922,0.0003884096406077,0.0003884096406077,10.0
2898.003,0.1806277040999999,0.1803453242878933,0.0002823798121066,0.0002823798121066,10.0
2898.486,0.1808292932,0.180302005617394,0.000527287582606,0.000527287582606,10.0
2898.968,0.1805974076,0.1802588544504365,0.0003385531495635,0.0003385531495635,10.0
2899.45,0.1805678222999999,0.1802157878203696,0.0003520344796303,0.0003520344796303,10.0
2899.932,0.1807656258,0.1801728125007718,0.0005928132992281,0.0005928132992281,10.0
2900.414,0.1805853455,0.1801299352418401,0.0004554102581599,0.0004554102581599,10.0
2900.896,0.1804454555,0.1800871627693981,0.0003582927306018,0.0003582927306018,10.0
2901.378,0.1805993074,0.1800445017839126,0.0005548056160873,0.0005548056160873,10.0
2901.86,0.1805008445,0.1800019589595125,0.0004988855404875,0.0004988855404875,10.0
2902.343,0.1804773338,0.1799594530731643,0.0005178807268356,0.0005178807268356,10.0
2902.824,0.180553396,0.1799172543529527,0.0006361416470472,0.0006361416470472,10.0
2903.307,0.1804373692,0.1798750184814662,0.0005623507185338,0.0005623507185338,10.0
2903.789,0.1804447413,0.1798330147886921,0.0006117265113078,0.0006117265113078,10.0
2904.271,0.1804458393,0.1797911622121776,0.0006546770878223,0.0006546770878223,10.0
2904.753,0.1802686737,0.1797494672476889,0.000519206452311,0.000519206452311,10.0
2905.235,0.1802486886,0.179707936357951,0.0005407522420489,0.0005407522420489,10.0
2905.717,0.1801941908,0.1796665759717146,0.0005276148282853,0.0005276148282853,10.0
2906.199,0.1802532022,0.1796253924828289,0.000627809717171,0.000627809717171,10.0
2906.681,0.1802637397,0.1795843922493224,0.0006793474506775,0.0006793474506775,10.0
2907.164,0.1801803475999999,0.1795434971245062,0.0006368504754937,0.0006368504754937,10.0
2907.646,0.1800083549,0.1795028827408529,0.000505472159147,0.000505472159147,10.0
2908.128,0.1798553504999999,0.1794624704755535,0.0003928800244464,0.0003928800244464,10.0
2908.61,0.1799088978,0.1794222665342049,0.000486631265795,0.000486631265795,10.0
2909.092,0.1798347166,0.179382277082084,0.0004524395179159,0.0004524395179159,10.0
2909.574,0.1798089702,0.1793425082432698,0.0004664619567301,0.0004664619567301,10.0
2910.056,0.1796694451999999,0.1793029660997734,0.0003664791002265,0.0003664791002265,10.0
2910.538,0.1797716322999999,0.1792636566906758,0.0005079756093241,0.0005079756093241,10.0
2911.021,0.1794260603,0.1792245052040654,0.0002015550959345,0.0002015550959345,10.0
2911.503,0.1793792817,0.179185679718807,0.0001936019811929,0.0001936019811929,10.0
2911.985,0.1794487568,0.1791471048312983,0.0003016519687016,0.0003016519687016,10.0
2912.467,0.1794693574,0.1791087864003296,0.0003605709996703,0.0003605709996703,10.0
2912.949,0.1795089839,0.1790707302375641,0.0004382536624358,0.0004382536624358,10.0
2913.431,0.1794686882999999,0.1790329421067221,0.0004357461932778,0.0004357461932778,10.0
2913.913,0.1793643652,0.1789954277227761,0.0003689374772238,0.0003689374772238,10.0
2914.395,0.1792667616,0.1789581927511526,0.0003085688488473,0.0003085688488473,10.0
2914.877,0.1795335031999999,0.178921242806943,0.0006122603930569,0.0006122603930569,10.0
2915.36,0.1791775065999999,0.1788845077032765,0.0002929988967234,0.0002929988967234,10.0
2915.842,0.1791978900999999,0.1788481450739529,0.000349745026047,0.000349745026047,10.0
2916.324,0.1792998481,0.1788120840188209,0.000487764081179,0.000487764081179,10.0
2916.806,0.1793040132999999,0.1787763299438077,0.0005276833561922,0.0005276833561922,10.0
2917.288,0.1790848675999999,0.1787408882006912,0.0003439793993086,0.0003439793993086,10.0
2917.77,0.1790762764,0.1787057640863671,0.0003705123136328,0.0003705123136328,10.0
2918.252,0.1790133404999999,0.1786709628421218,0.0003423776578781,0.0003423776578781,10.0
2918.734,0.1789787773,0.1786364896529169,0.000342287647083,0.000342287647083,10.0
2919.217,0.1790648107,0.1786022791666644,0.0004625315333355,0.0004625315333355,10.0
2919.699,0.1788059279999999,0.1785684781206031,0.0002374498793968,0.0002374498793968,10.0
2920.181,0.1789070529,0.1785350203498372,0.0003720325501627,0.0003720325501627,10.0
2920.663,0.1788276745,0.1785019108069369,0.000325763693063,0.000325763693063,10.0
2921.145,0.1787342275,0.1784691543847099,0.00026507311529,0.00026507311529,10.0
2921.627,0.1790060099,0.1784367559155453,0.0005692539844546,0.0005692539844546,10.0
2922.109,0.178903685,0.1784047201707649,0.000498964829235,0.000498964829235,10.0
2922.591,0.1788331581,0.1783730518599869,0.000460106240013,0.000460106240013,10.0
2923.073,0.1787795274999999,0.1783417556304993,0.0004377718695006,0.0004377718695006,10.0
2923.556,0.1787796397,0.1783107723128589,0.000468867387141,0.000468867387141,10.0
2924.038,0.1787322122,0.1782802347309161,0.0004519774690839,0.0004519774690839,10.0
2924.52,0.1787810696,0.1782500828012063,0.0005309867987936,0.0005309867987936,10.0
2925.002,0.1786328328,0.1782203209154976,0.0004125118845023,0.0004125118845023,10.0
2925.484,0.1786501484,0.1781909534002477,0.0004591949997523,0.0004591949997523,10.0
2925.966,0.1784375637999999,0.178161984516041,0.0002755792839589,0.0002755792839589,10.0
2926.448,0.178542141,0.1781334184570346,0.0004087225429653,0.0004087225429653,10.0
2926.93,0.1785104461,0.1781052593504169,0.000405186749583,0.000405186749583,10.0
2927.413,0.1785556058,0.1780774541172421,0.0004781516827578,0.0004781516827578,10.0
2927.895,0.1783678161,0.1780501218915522,0.0003176942084477,0.0003176942084477,10.0
2928.377,0.1784411198,0.1780232086008136,0.0004179111991864,0.0004179111991864,10.0
2928.859,0.1782755835,0.1779967180989933,0.0002788654010066,0.0002788654010066,10.0
2929.341,0.1782210144,0.1779706541705433,0.0002503602294566,0.0002503602294566,10.0
2929.823,0.1781518788,0.1779450205299242,0.0002068582700757,0.0002068582700757,10.0
2930.305,0.1780662566,0.1779198208211408,0.0001464357788591,0.0001464357788591,10.0
2930.787,0.1782649289,0.1778950586172902,0.0003698702827097,0.0003698702827097,10.0
2931.27,0.1783483241,0.1778706874220201,0.0004776366779798,0.0004776366779798,10.0
2931.751,0.1781495463,0.1778468606595921,0.0003026856404078,0.0003026856404078,10.0
2932.234,0.1780241871,0.1778233835534366,0.0002008035465633,0.0002008035465633,10.0
2932.716,0.1781282477,0.1778004066061095,0.0003278410938904,0.0003278410938904,10.0
2933.198,0.1778958912,0.1777778839571024,0.0001180072428975,0.0001180072428975,10.0
2933.68,0.1781433609999999,0.177755818745036,0.0003875422549639,0.0003875422549639,10.0
2934.162,0.1778685635,0.1777342140347719,0.000134349465228,0.000134349465228,10.0
2934.644,0.1779271401999999,0.1777130728170525,0.0002140673829474,0.0002140673829474,10.0
2935.126,0.1780019649999999,0.1776923980081518,0.0003095669918481,0.0003095669918481,10.0
2935.608,0.1778682046,0.1776721924495383,0.0001960121504616,0.0001960121504616,10.0
2936.091,0.1780670209,0.1776524184591315,0.0004146024408685,0.0004146024408685,10.0
2936.573,0.1778442523,0.1776331606122786,0.0002110916877213,0.0002110916877213,10.0
2937.055,0.1776615433,0.1776143800934412,4.716320655881456e-05,4.716320655881456e-05,10.0
2937.537,0.1779733711,0.1775960794415749,0.000377291658425,0.000377291658425,10.0
2938.019,0.1778785505,0.1775782611193225,0.0003002893806774,0.0003002893806774,10.0
2938.501,0.1776735151,0.1775609275127481,0.0001125875872519,0.0001125875872519,10.0
2938.983,0.1776322430999999,0.1775440809310824,8.816216891749384e-05,8.816216891749384e-05,10.0
2939.465,0.177878502,0.1775277236064825,0.0003507783935175,0.0003507783935175,10.0
2939.948,0.1778666494,0.1775118252892458,0.0003548241107542,0.0003548241107542,10.0
2940.43,0.1780209159,0.1774964538917572,0.0005244620082427,0.0005244620082427,10.0
2940.912,0.1776879846,0.1774815779871911,0.0002064066128088,0.0002064066128088,10.0
2941.394,0.1777623601,0.177467199497069,0.0002951606029309,0.0002951606029309,10.0
2941.876,0.1778823454,0.1774533202648109,0.000429025135189,0.000429025135189,10.0
2942.358,0.1777050652,0.1774399420555646,0.0002651231444353,0.0002651231444353,10.0
2942.84,0.1777287872,0.1774270665560494,0.0003017206439506,0.0003017206439506,10.0
2943.322,0.1775869194,0.1774146953744105,0.0001722240255894,0.0001722240255894,10.0
2943.804,0.1777555243,0.1774028300400861,0.0003526942599138,0.0003526942599138,10.0
2944.287,0.1775009706,0.1773914489675961,0.0001095216324038,0.0001095216324038,10.0
2944.769,0.1776701105,0.1773806006574993,0.0002895098425006,0.0002895098425006,10.0
2945.251,0.1777552434,0.1773702623122432,0.0003849810877567,0.0003849810877567,10.0
2945.733,0.1774042217999999,0.1773604351451876,4.378665481233335e-05,4.378665481233335e-05,10.0
2946.215,0.1775476396999999,0.1773511202905024,0.0001965194094975,0.0001965194094975,10.0
2946.697,0.1773636536,0.1773423188031065,2.1334796893451857e-05,2.1334796893451857e-05,10.0
2947.179,0.1774482195999999,0.1773340316586213,0.0001141879413786,0.0001141879413786,10.0
2947.661,0.17724677,0.1773262597533333,-7.948975333335606e-05,7.948975333335606e-05,10.0
2948.144,0.1774992007,0.1773189893875057,0.0001802113124942,0.0001802113124942,10.0
2948.626,0.1773384191999999,0.1773122514049239,2.6167795076081912e-05,2.6167795076081912e-05,10.0
2949.108,0.1774170852,0.1773060308754956,0.0001110543245043,0.0001110543245043,10.0
2949.59,0.1773429859999999,0.1773003283778857,4.265762211419499e-05,4.265762211419499e-05,10.0
2950.072,0.1773588446,0.1772951444114255,6.370018857443371e-05,6.370018857443371e-05,10.0
2950.554,0.1773575003999999,0.1772904793961475,6.702100385241883e-05,6.702100385241883e-05,10.0
2951.036,0.1774596608999999,0.1772863336728359,0.000173327227164,0.000173327227164,10.0
2951.518,0.1774138505999999,0.1772827075030846,0.0001311430969153,0.0001311430969153,10.0
2952.0,0.1774981258,0.1772796010693701,0.0002185247306298,0.0002185247306298,10.0
2952.483,0.177321075,0.1772770096491595,4.406535084053309e-05,4.406535084053309e-05,10.0
2952.965,0.1771926555,0.1772749439974366,-8.228849743668887e-05,8.228849743668887e-05,10.0
2953.447,0.1772716489,0.1772733981551794,-1.749255179372966e-06,1.749255179372966e-06,10.0
2953.929,0.1772018209999999,0.1772723719891881,-7.055098918815061e-05,7.055098918815061e-05,10.0
2954.411,0.1772919401,0.1772718652876839,2.0074812316056567e-05,2.0074812316056567e-05,10.0
2954.893,0.1772553455,0.1772718777604516,-1.6532260451673775e-05,1.6532260451673775e-05,10.0
2955.375,0.1772251435,0.1772724090389934,-4.7265538993424006e-05,4.7265538993424006e-05,10.0
2955.857,0.1773519035,0.1772734586766957,7.84448233042967e-05,7.84448233042967e-05,10.0
2956.34,0.1773166164,0.1772750299389071,4.158646109289621e-05,4.158646109289621e-05,10.0
2956.822,0.1770561961,0.1772771157159431,-0.0002209196159431,0.0002209196159431,10.0
2957.304,0.177318369,0.1772797180439485,3.865095605148916e-05,3.865095605148916e-05,10.0
2957.786,0.177347369,0.1772828361655788,6.453283442112157e-05,6.453283442112157e-05,10.0
2958.268,0.177249952,0.1772864692463791,-3.651724637915299e-05,3.651724637915299e-05,10.0
2958.75,0.1772191068,0.1772906163750175,-7.150957501755872e-05,7.150957501755872e-05,10.0
2959.232,0.1772609294,0.1772952765635325,-3.434716353253875e-05,3.434716353253875e-05,10.0
2959.714,0.1770578394,0.1773004487475908,-0.0002426093475908,0.0002426093475908,10.0
2960.197,0.1772681809,0.1773061441074952,-3.796320749527293e-05,3.796320749527293e-05,10.0
2960.678,0.1770727144,0.1773123244647687,-0.0002396100647686,0.0002396100647686,10.0
2961.161,0.1769237431999999,0.1773190399198688,-0.0003952967198688,0.0003952967198688,10.0
2961.643,0.17705862,0.1773262489753254,-0.0002676289753254,0.0002676289753254,10.0
2962.125,0.1769990852999999,0.1773339635658107,-0.0003348782658107,0.0003348782658107,10.0
2962.607,0.1768766849,0.1773421821746401,-0.0004654972746401,0.0004654972746401,10.0
2963.089,0.1768286436,0.1773509032108729,-0.0005222596108729,0.0005222596108729,10.0
2963.571,0.1769677827,0.1773601250096573,-0.0003923423096573,0.0003923423096573,10.0
2964.053,0.1768394274,0.1773698458325865,-0.0005304184325865,0.0005304184325865,10.0
2964.535,0.1769408049,0.1773800638680661,-0.000439258968066,0.000439258968066,10.0
2965.018,0.1768727905,0.1773907999721347,-0.0005180094721346,0.0005180094721346,10.0
2965.5,0.1768162009,0.1774020077285895,-0.0005858068285894,0.0005858068285894,10.0
2965.982,0.1769881502,0.177413706823232,-0.000425556623232,0.000425556623232,10.0
2966.464,0.1768198049,0.1774258951554509,-0.0006060902554509,0.0006060902554509,10.0
2966.946,0.1769751588999999,0.1774385705534402,-0.0004634116534402,0.0004634116534402,10.0
2967.428,0.1770466378,0.1774517307746292,-0.0004050929746292,0.0004050929746292,10.0
2967.91,0.1770100604,0.1774653735061217,-0.0004553131061217,0.0004553131061217,10.0
2968.392,0.177011504,0.1774794963651458,-0.0004679923651458,0.0004679923651458,10.0
2968.875,0.1770037307999999,0.1774941276858826,-0.0004903968858827,0.0004903968858827,10.0
2969.357,0.1770921247,0.1775092043575861,-0.0004170796575861,0.0004170796575861,10.0
2969.839,0.1771379805,0.1775247535884499,-0.0003867730884499,0.0003867730884499,10.0
2970.321,0.1771201651999999,0.1775407727207509,-0.0004206075207509,0.0004206075207509,10.0
2970.803,0.1771205034999999,0.1775572590292861,-0.0004367555292861,0.0004367555292861,10.0
2971.285,0.1772155778999999,0.1775742097218808,-0.0003586318218808,0.0003586318218808,10.0
2971.767,0.1771417117,0.1775916219399058,-0.0004499102399057,0.0004499102399057,10.0
2972.249,0.1771963319,0.1776094927588042,-0.0004131608588041,0.0004131608588041,10.0
2972.731,0.1772240155,0.1776278191886272,-0.0004038036886271,0.0004038036886271,10.0
2973.214,0.1772146098,0.1776466376034092,-0.0004320278034092,0.0004320278034092,10.0
2973.696,0.1773426169,0.1776658669555584,-0.0003232500555584,0.0003232500555584,10.0
2974.178,0.1772777143,0.1776855425552623,-0.0004078282552623,0.0004078282552623,10.0
2974.66,0.1773529903,0.1777056611564155,-0.0003526708564155,0.0003526708564155,10.0
2975.142,0.1772182671,0.1777262194503371,-0.0005079523503371,0.0005079523503371,10.0
2975.624,0.1772465503,0.1777472140663594,-0.0005006637663594,0.0005006637663594,10.0
2976.106,0.1774081491,0.1777686415724271,-0.000360492472427,0.000360492472427,10.0
2976.588,0.17725886,0.177790498475702,-0.000531638475702,0.000531638475702,10.0
2977.071,0.1775333189,0.1778128278931135,-0.0002795089931135,0.0002795089931135,10.0
2977.553,0.1773008001,0.1778355337444463,-0.0005347336444463,0.0005347336444463,10.0
2978.035,0.1773724455,0.1778586581482916,-0.0004862126482916,0.0004862126482916,10.0
2978.517,0.1775999518,0.1778821973747918,-0.0002822455747918,0.0002822455747918,10.0
2978.999,0.177491669,0.1779061476364642,-0.0004144786364642,0.0004144786364642,10.0
2979.481,0.1776156635,0.1779305050888546,-0.0003148415888546,0.0003148415888546,10.0
2979.963,0.1775727685,0.1779552658312008,-0.0003824973312008,0.0003824973312008,10.0
2980.445,0.1773981317,0.177980425907102,-0.0005822942071019,0.0005822942071019,10.0
2980.927,0.1775507345,0.1780059813051971,-0.0004552468051971,0.0004552468051971,10.0
2981.41,0.1777025653999999,0.1780319821949438,-0.0003294167949438,0.0003294167949438,10.0
2981.892,0.1775673499,0.1780583167858022,-0.0004909668858022,0.0004909668858022,10.0
2982.374,0.1778386162,0.1780850343331815,-0.0002464181331815,0.0002464181331815,10.0
2982.856,0.1777654608,0.1781121306126915,-0.0003466698126915,0.0003466698126915,10.0
2983.338,0.1777514815,0.1781396013484788,-0.0003881198484788,0.0003881198484788,10.0
2983.82,0.1777359473,0.1781674422139476,-0.0004314949139475,0.0004314949139475,10.0
2984.302,0.1778436434,0.1781956488324843,-0.0003520054324843,0.0003520054324843,10.0
2984.784,0.1778170911,0.1782242167781937,-0.0004071256781937,0.0004071256781937,10.0
2985.267,0.1778523574999999,0.1782532019544099,-0.0004008444544099,0.0004008444544099,10.0
2985.749,0.1779204053,0.1782824798095916,-0.0003620745095916,0.0003620745095916,10.0
2986.231,0.1779538011,0.1783121054164594,-0.0003583043164594,0.0003583043164594,10.0
2986.713,0.1778247154,0.1783420741593482,-0.0005173587593482,0.0005173587593482,10.0
2987.195,0.1777546542,0.1783723813770727,-0.0006177271770727,0.0006177271770727,10.0
2987.677,0.1780576965999999,0.1784030223636946,-0.0003453257636946,0.0003453257636946,10.0
2988.159,0.1779652876999999,0.1784339923693007,-0.0004687046693007,0.0004687046693007,10.0
2988.641,0.1781859003,0.1784652866007824,-0.0002793863007824,0.0002793863007824,10.0
2989.124,0.1780714233,0.1784969661396795,-0.0004255428396795,0.0004255428396795,10.0
2989.605,0.1780371516,0.1785288283576905,-0.0004916767576905,0.0004916767576905,10.0
2990.088,0.1777763092,0.1785611332896804,-0.0007848240896804,0.0007848240896804,10.0
2990.57,0.1778111728,0.1785936762841733,-0.0007825034841733,0.0007825034841733,10.0
2991.052,0.1777873026,0.1786265189083841,-0.0008392163083841,0.0008392163083841,10.0
2991.534,0.1777325149,0.1786596561266566,-0.0009271412266566,0.0009271412266566,10.0
2992.016,0.1777502678999999,0.178693082865754,-0.0009428149657541,0.0009428149657541,10.0
2992.498,0.1779596494,0.1787267940156811,-0.0007671446156811,0.0007671446156811,10.0
2992.98,0.1778689252999999,0.1787607844305084,-0.0008918591305084,0.0008918591305084,10.0
2993.462,0.1777811045,0.1787950489292025,-0.0010139444292024,0.0010139444292024,10.0
2993.945,0.1780128145,0.1788296542183025,-0.0008168397183024,0.0008168397183024,10.0
2994.427,0.1779293661,0.1788644517468373,-0.0009350856468373,0.0009350856468373,10.0
2994.909,0.1780773522,0.1788995076028822,-0.0008221554028822,0.0008221554028822,10.0
2995.391,0.1780232952,0.1789348164732996,-0.0009115212732996,0.0009115212732996,10.0
2995.873,0.1781098919,0.1789703730140579,-0.0008604811140578,0.0008604811140578,10.0
2996.355,0.1782366323999999,0.1790061718510824,-0.0007695394510824,0.0007695394510824,10.0
2996.837,0.1782578122,0.1790422075811131,-0.0007843953811131,0.0007843953811131,10.0
2997.319,0.1784215173999999,0.1790784747725617,-0.0006569573725617,0.0006569573725617,10.0
2997.802,0.1781181148,0.179115043909523,-0.000996929109523,0.000996929109523,10.0
2998.284,0.1785192187,0.1791517580718303,-0.0006325393718303,0.0006325393718303,10.0
2998.766,0.1784516098,0.1791886872280014,-0.0007370774280014,0.0007370774280014,10.0
2999.248,0.1784737325,0.1792258258417371,-0.0007520933417371,0.0007520933417371,10.0
2999.73,0.1786383464,0.1792631683527507,-0.0006248219527506,0.0006248219527506,10.0
3000.212,0.178514348,0.1793007091776432,-0.0007863611776432,0.0007863611776432,10.0
3000.694,0.178622372,0.1793384427107812,-0.0007160707107812,0.0007160707107812,10.0
3001.176,0.1786832362,0.1793763633251766,-0.0006931271251766,0.0006931271251766,10.0
3001.658,0.1788565573,0.1794144653733679,-0.0005579080733679,0.0005579080733679,10.0
3002.141,0.1788610814,0.1794528227816253,-0.0005917413816252,0.0005917413816252,10.0
3002.623,0.1790406865,0.1794912710244927,-0.0004505845244927,0.0004505845244927,10.0
3003.105,0.1789080833,0.1795298836329246,-0.0006218003329246,0.0006218003329246,10.0
3003.587,0.1789389391,0.1795686548863844,-0.0006297157863844,0.0006297157863844,10.0
3004.069,0.1791399002,0.1796075790482965,-0.0004676788482965,0.0004676788482965,10.0
3004.551,0.1790597245,0.1796466503669385,-0.0005869258669385,0.0005869258669385,10.0
3005.033,0.1789783207,0.1796858630763313,-0.0007075423763313,0.0007075423763313,10.0
3005.515,0.1791785453,0.1797252113971334,-0.0005466660971334,0.0005466660971334,10.0
3005.998,0.1789502301,0.1797647715733112,-0.0008145414733112,0.0008145414733112,10.0
3006.48,0.1791520442999999,0.1798043739811739,-0.0006523296811739,0.0006523296811739,10.0
3006.962,0.1791556209,0.1798440945791031,-0.0006884736791031,0.0006884736791031,10.0
3007.444,0.1791602559,0.1798839275432222,-0.0007236716432221,0.0007236716432221,10.0
3007.926,0.1791145494,0.1799238670407642,-0.0008093176407642,0.0008093176407642,10.0
3008.408,0.1790768927,0.1799639072309676,-0.0008870145309676,0.0008870145309676,10.0
3008.89,0.179234336,0.1800040422659696,-0.0007697062659696,0.0007697062659696,10.0
3009.372,0.1792265893,0.1800442662917024,-0.0008176769917023,0.0008176769917023,10.0
3009.854,0.1793974592,0.1800845734487861,-0.000687114248786,0.000687114248786,10.0
3010.337,0.1793335362999999,0.1801250417347864,-0.0007915054347864,0.0007915054347864,10.0
3010.819,0.17934327,0.1801654977016884,-0.0008222277016884,0.0008222277016884,10.0
3011.301,0.1794525189999999,0.1802060191866889,-0.0007535001866889,0.0007535001866889,10.0
3011.783,0.1794806572999999,0.1802466003180921,-0.0007659430180921,0.0007659430180921,10.0
3012.265,0.1796537784,0.1802872352233539,-0.0006334568233539,0.0006334568233539,10.0
3012.747,0.1797391855,0.180327918029972,-0.000588732529972,0.000588732529972,10.0
3013.229,0.1798069943,0.1803686428663748,-0.0005616485663748,0.0005616485663748,10.0
3013.711,0.1797600796,0.1804094038628061,-0.0006493242628061,0.0006493242628061,10.0
3014.194,0.179474163,0.1804502798088648,-0.0009761168088648,0.0009761168088648,10.0
3014.676,0.1798038017,0.1804910955723692,-0.0006872938723692,0.0006872938723692,10.0
3015.158,0.1797978433,0.1805319298942286,-0.0007340865942286,0.0007340865942286,10.0
3015.64,0.1797605232,0.1805727769208006,-0.0008122537208005,0.0008122537208005,10.0
3016.122,0.1797175562,0.180613630804669,-0.000896074604669,0.000896074604669,10.0
3016.604,0.179819883,0.1806544857055195,-0.0008346027055195,0.0008346027055195,10.0
3017.086,0.1797198351,0.1806953357910132,-0.0009755006910132,0.0009755006910132,10.0
3017.568,0.1798974048,0.1807361752376566,-0.0008387704376566,0.0008387704376566,10.0
3018.051,0.1798388927999999,0.1807770829055477,-0.0009381901055477,0.0009381901055477,10.0
3018.532,0.1799403711,0.1808177989698519,-0.0008774278698518,0.0008774278698518,10.0
3019.015,0.1800976402,0.180858656217922,-0.000761016017922,0.000761016017922,10.0
3019.497,0.1801902878,0.1808993950052883,-0.0007091072052883,0.0007091072052883,10.0
3019.979,0.180078934,0.1809400941873586,-0.0008611601873586,0.0008611601873586,10.0
3020.461,0.1801732887,0.1809807480118742,-0.0008074593118742,0.0008074593118742,10.0
3020.943,0.1801918036,0.1810213507414388,-0.0008295471414388,0.0008295471414388,10.0
3021.425,0.1802926695,0.1810618966543652,-0.0007692271543652,0.0007692271543652,10.0
3021.907,0.1801404861,0.1811023800455181,-0.0009618939455181,0.0009618939455181,10.0
3022.389,0.1805755365,0.1811427952271528,-0.0005672587271528,0.0005672587271528,10.0
3022.872,0.1804848041,0.1811832201446798,-0.0006984160446798,0.0006984160446798,10.0
3023.354,0.1805125908,0.181223481746923,-0.000710890946923,0.000710890946923,10.0
3023.836,0.1805119445,0.1812636581774329,-0.0007517136774329,0.0007517136774329,10.0
3024.318,0.1804802953,0.1813037438263853,-0.0008234485263853,0.0008234485263853,10.0
3024.8,0.1806321611,0.1813437331054838,-0.0007115720054838,0.0007115720054838,10.0
3025.282,0.1805844361999999,0.1813836204487745,-0.0007991842487745,0.0007991842487745,10.0
3025.764,0.180800881,0.1814234003134557,-0.0006225193134556,0.0006225193134556,10.0
3026.246,0.1807530197,0.1814630671806822,-0.0007100474806822,0.0007100474806822,10.0
3026.729,0.1809987354,0.181502697479969,-0.000503962079969,0.000503962079969,10.0
3027.211,0.1808460854,0.1815421216327318,-0.0006960362327317,0.0006960362327317,10.0
3027.693,0.1809641259,0.1815814163719626,-0.0006172904719626,0.0006172904719626,10.0
3028.175,0.1809726465,0.1816205762826548,-0.0006479297826548,0.0006479297826548,10.0
3028.657,0.1810469814,0.181659595977711,-0.000612614577711,0.000612614577711,10.0
3029.139,0.1812261291,0.1816984700987189,-0.0004723409987189,0.0004723409987189,10.0
3029.621,0.1811935029,0.1817371933167185,-0.0005436904167185,0.0005436904167185,10.0
3030.103,0.1812609814,0.1817757603329677,-0.0005147789329676,0.0005147789329676,10.0
3030.585,0.1811590838,0.1818141658796984,-0.0006550820796984,0.0006550820796984,10.0
3031.068,0.1813388867,0.1818524838776603,-0.0005135971776603,0.0005135971776603,10.0
3031.55,0.1812882465999999,0.1818905504476614,-0.0006023038476614,0.0006023038476614,10.0
3032.032,0.1815123565,0.1819284399274899,-0.0004160834274899,0.0004160834274899,10.0
3032.514,0.1814927907,0.1819661471808101,-0.0004733564808101,0.0004733564808101,10.0
3032.996,0.1812947913,0.1820036671059636,-0.0007088758059635,0.0007088758059635,10.0
3033.478,0.1814810591,0.1820409946366899,-0.0005599355366898,0.0005599355366898,10.0
3033.96,0.1814839135,0.182078124742843,-0.0005942112428429,0.0005942112428429,10.0
3034.442,0.1814628415,0.1821150524310987,-0.0006522109310987,0.0006522109310987,10.0
3034.925,0.1814531629,0.1821518487099007,-0.0006986858099007,0.0006986858099007,10.0
3035.407,0.1814762724999999,0.1821883562876606,-0.0007120837876606,0.0007120837876606,10.0
3035.889,0.1814483050999999,0.182224646685393,-0.000776341585393,0.000776341585393,10.0
3036.371,0.1815371482999999,0.1822607150641002,-0.0007235667641002,0.0007235667641002,10.0
3036.853,0.1816733384,0.1822965566250513,-0.0006232182250513,0.0006232182250513,10.0
3037.335,0.1816835882999999,0.1823321666104493,-0.0006485783104493,0.0006485783104493,10.0
3037.817,0.1816282453,0.1823675403040923,-0.0007392950040923,0.0007392950040923,10.0
3038.299,0.1817190076,0.1824026730320258,-0.0006836654320258,0.0006836654320258,10.0
3038.781,0.1816625696,0.18243756016319,-0.00077499056319,0.00077499056319,10.0
3039.264,0.1818731193,0.1824722687077171,-0.0005991494077171,0.0005991494077171,10.0
3039.746,0.1818478827,0.1825066503937495,-0.0006587676937495,0.0006587676937495,10.0
3040.228,0.1818774823,0.1825407728442563,-0.0006632905442562,0.0006632905442562,10.0
3040.71,0.1819422579,0.1825746316061571,-0.0006323737061571,0.0006323737061571,10.0
3041.192,0.1820059039,0.1826082222723834,-0.0006023183723834,0.0006023183723834,10.0
3041.674,0.1821533769,0.1826415404824782,-0.0004881635824782,0.0004881635824782,10.0
3042.156,0.1821281114,0.1826745819231884,-0.0005464705231884,0.0005464705231884,10.0
3042.638,0.1821693318,0.1827073423290496,-0.0005380105290496,0.0005380105290496,10.0
3043.121,0.1824955589,0.1827398845593803,-0.0002443256593803,0.0002443256593803,10.0
3043.603,0.1825380822,0.1827720696884177,-0.0002339874884177,0.0002339874884177,10.0
3044.085,0.1825759838,0.1828039612701667,-0.0002279774701667,0.0002279774701667,10.0
3044.567,0.1826446743,0.182835555236098,-0.000190880936098,0.000190880936098,10.0
3045.049,0.1826111802999999,0.1828668475682695,-0.0002556672682695,0.0002556672682695,10.0
3045.531,0.1827888247,0.1828978342998614,-0.0001090095998614,0.0001090095998614,10.0
3046.013,0.1826234106,0.1829285115157014,-0.0003051009157014,0.0003051009157014,10.0
3046.495,0.1828694648999999,0.1829588753527829,-8.9410452782962e-05,8.9410452782962e-05,10.0
3046.978,0.1827739879,0.1829889840058842,-0.0002149961058842,0.0002149961058842,10.0
3047.459,0.1827781691,0.1830186477025133,-0.0002404786025133,0.0002404786025133,10.0
3047.942,0.1826789807,0.1830481094125312,-0.0003691287125312,0.0003691287125312,10.0
3048.424,0.18277149,0.1830771814805683,-0.0003056914805683,0.0003056914805683,10.0
3048.906,0.1827646219,0.1831059216473946,-0.0003412997473946,0.0003412997473946,10.0
3049.388,0.182714551,0.1831343263734887,-0.0004197753734886,0.0004197753734886,10.0
3049.87,0.1826840284,0.1831623921748715,-0.0004783637748715,0.0004783637748715,10.0
3050.352,0.1828679079,0.1831901156235537,-0.0003222077235536,0.0003222077235536,10.0
3050.834,0.1826262682,0.1832174933479728,-0.0005912251479728,0.0005912251479728,10.0
3051.316,0.1826414019,0.1832445220334217,-0.0006031201334217,0.0006031201334217,10.0
3051.799,0.1829510832,0.183271253399232,-0.000320170199232,0.000320170199232,10.0
3052.281,0.1830126174999999,0.1832975735512947,-0.0002849560512948,0.0002849560512948,10.0
3052.763,0.1831697643,0.1833235350590826,-0.0001537707590826,0.0001537707590826,10.0
3053.245,0.1830387990999999,0.1833491348395276,-0.0003103357395276,0.0003103357395276,10.0
3053.727,0.1829876123,0.1833743698684197,-0.0003867575684197,0.0003867575684197,10.0
3054.209,0.1830691864,0.1833992371807787,-0.0003300507807787,0.0003300507807787,10.0
3054.691,0.1831419829,0.183423733871217,-0.0002817509712169,0.0002817509712169,10.0
3055.173,0.1832468665,0.1834478570942925,-0.0002009905942925,0.0002009905942925,10.0
3055.656,0.1830100412,0.1834716529394126,-0.0004616117394125,0.0004616117394125,10.0
3056.138,0.1832352375,0.1834950201438778,-0.0002597826438777,0.0002597826438777,10.0
3056.62,0.1832692182,0.1835180057022524,-0.0002487875022524,0.0002487875022524,10.0
3057.102,0.1832908047,0.1835406070123429,-0.0002498023123429,0.0002498023123429,10.0
3057.584,0.1832786391999999,0.1835628215335229,-0.0002841823335229,0.0002841823335229,10.0
3058.066,0.1831721408,0.1835846467870283,-0.0004125059870283,0.0004125059870283,10.0
3058.548,0.18345728,0.1836060803562422,-0.0001488003562422,0.0001488003562422,10.0
3059.03,0.1833726738,0.1836271198869709,-0.0002544460869708,0.0002544460869708,10.0
3059.512,0.1835730163999999,0.183647763087708,-7.474668770809934e-05,7.474668770809934e-05,10.0
3059.995,0.1834866211,0.1836680493154114,-0.0001814282154114,0.0001814282154114,10.0
3060.477,0.1834525534,0.1836878924000863,-0.0002353390000862,0.0002353390000862,10.0
3060.959,0.1835110589,0.1837073326545949,-0.0001962737545949,0.0001962737545949,10.0
3061.441,0.1836657885,0.1837263680407745,-6.057954077454131e-05,6.057954077454131e-05,10.0
3061.923,0.1836219415,0.1837449965843303,-0.0001230550843303,0.0001230550843303,10.0
3062.405,0.1834707573,0.1837632163750414,-0.0002924590750414,0.0002924590750414,10.0
3062.887,0.1835164124,0.1837810255669564,-0.0002646131669564,0.0002646131669564,10.0
3063.369,0.1837870856,0.1837984223785798,-1.1336778579784657e-05,1.1336778579784657e-05,10.0
3063.852,0.1837033465,0.1838154398952849,-0.0001120933952849,0.0001120933952849,10.0
3064.334,0.1838355653,0.1838320059963077,3.559303692279858e-06,3.559303692279858e-06,10.0
3064.816,0.1836787788999999,0.1838481547577697,-0.0001693758577697,0.0001693758577697,10.0
3065.298,0.1835948322999999,0.1838638846577916,-0.0002690523577916,0.0002690523577916,10.0
3065.78,0.1839229174,0.1838791942397293,4.3723160270625616e-05,4.3723160270625616e-05,10.0
3066.262,0.183971662,0.1838940821122991,7.757988770087931e-05,7.757988770087931e-05,10.0
3066.744,0.1838367987999999,0.1839085469496933,-7.174814969335142e-05,7.174814969335142e-05,10.0
3067.226,0.1838157936,0.1839225874916858,-0.0001067938916858,0.0001067938916858,10.0
3067.708,0.1838473232,0.1839362025437274,-8.887934372742157e-05,8.887934372742157e-05,10.0
3068.191,0.1839634758,0.1839494178947082,1.405790529176998e-05,1.405790529176998e-05,10.0
3068.673,0.1838513052,0.1839621777579582,-0.0001108725579581,0.0001108725579581,10.0
3069.155,0.1839451751,0.1839745089404728,-2.933384047285048e-05,2.933384047285048e-05,10.0
3069.637,0.1839995544,0.1839864105112994,1.3143888700550832e-05,1.3143888700550832e-05,10.0
3070.119,0.1840344011,0.1839978816054875,3.651949451249914e-05,3.651949451249914e-05,10.0
3070.601,0.1840738901,0.1840089214241242,6.496867587571509e-05,6.496867587571509e-05,10.0
3071.083,0.1840968224,0.1840195292343593,7.72931656406739e-05,7.72931656406739e-05,10.0
3071.565,0.1842367377,0.1840297043694194,0.0002070333305806,0.0002070333305806,10.0
3072.048,0.18422511,0.1840394659891684,0.0001856440108315,0.0001856440108315,10.0
3072.53,0.1841663884999999,0.1840487731373504,0.0001176153626495,0.0001176153626495,10.0
3073.012,0.1841942462,0.1840576460055957,0.0001366001944043,0.0001366001944043,10.0
3073.494,0.1841924594,0.1840660841915251,0.0001263752084748,0.0001263752084748,10.0
3073.976,0.1842426301,0.1840740873587606,0.0001685427412393,0.0001685427412393,10.0
3074.458,0.1842226189999999,0.1840816552368806,0.0001409637631193,0.0001409637631193,10.0
3074.94,0.1845274039,0.184088787621364,0.0004386162786359,0.0004386162786359,10.0
3075.422,0.1843229876,0.1840954843735268,0.0002275032264731,0.0002275032264731,10.0
3075.905,0.1843004754,0.1841017579572394,0.0001987174427605,0.0001987174427605,10.0
3076.386,0.1845289353,0.1841075707548756,0.0004213645451243,0.0004213645451243,10.0
3076.869,0.1843747815,0.1841129711642751,0.0002618103357248,0.0002618103357248,10.0
3077.351,0.184463332,0.1841179244107976,0.0003454075892023,0.0003454075892023,10.0
3077.833,0.1844054854,0.1841224423166212,0.0002830430833787,0.0002830430833787,10.0
3078.315,0.1843943099999999,0.1841265251363009,0.000267784863699,0.000267784863699,10.0
3078.797,0.184460033,0.1841301731894982,0.0003298598105017,0.0003298598105017,10.0
3079.279,0.1845066289,0.1841333868608388,0.0003732420391611,0.0003732420391611,10.0
3079.761,0.1845638178999999,0.1841361665997594,0.0004276513002405,0.0004276513002405,10.0
3080.243,0.1845628698,0.1841385129203455,0.0004243568796544,0.0004243568796544,10.0
3080.726,0.1843211106,0.1841404299215363,0.0001806806784636,0.0001806806784636,10.0
3081.208,0.1844821466,0.1841419103094755,0.0003402362905244,0.0003402362905244,10.0
3081.69,0.1844523341,0.1841429592089973,0.0003093748910026,0.0003093748910026,10.0
3082.172,0.1846174287999999,0.1841435773911019,0.000473851408898,0.000473851408898,10.0
3082.654,0.1844366257,0.1841437656904838,0.0002928600095161,0.0002928600095161,10.0
3083.136,0.1845449002999999,0.1841435250053135,0.0004013752946864,0.0004013752946864,10.0
3083.618,0.1845516290999999,0.1841428562970087,0.0004087728029912,0.0004087728029912,10.0
3084.1,0.18452824,0.1841417605899969,0.000386479410003,0.000386479410003,10.0
3084.583,0.1843290692,0.1841402353726374,0.0001888338273625,0.0001888338273625,10.0
3085.065,0.1846516842999999,0.1841382881122814,0.0005133961877185,0.0005133961877185,10.0
3085.547,0.1845252001,0.1841359173046272,0.0003892827953728,0.0003892827953728,10.0
3086.029,0.184543308,0.1841331242237123,0.0004101837762876,0.0004101837762876,10.0
3086.511,0.1845017194,0.1841299102052596,0.0003718091947403,0.0003718091947403,10.0
3086.993,0.1843242838,0.1841262766463849,0.0001980071536151,0.0001980071536151,10.0
3087.475,0.1845046094,0.1841222250052965,0.0003823843947034,0.0003823843947034,10.0
3087.957,0.1842628757,0.184117756800986,0.0001451188990139,0.0001451188990139,10.0
3088.439,0.1843939286,0.1841128736129096,0.0002810549870903,0.0002810549870903,10.0
3088.922,0.1845386785,0.1841075656635039,0.0004311128364961,0.0004311128364961,10.0
3089.404,0.1843312097,0.1841018566342526,0.0002293530657473,0.0002293530657473,10.0
3089.886,0.1845820682,0.1840957377227903,0.0004863304772096,0.0004863304772096,10.0
3090.368,0.1844996837,0.1840892107471991,0.0004104729528008,0.0004104729528008,10.0
3090.85,0.1845706539,0.1840822775843045,0.0004883763156954,0.0004883763156954,10.0
3091.332,0.1844275606,0.1840749401693063,0.0003526204306936,0.0003526204306936,10.0
3091.814,0.1845960905999999,0.184067200495401,0.0005288901045989,0.0005288901045989,10.0
3092.296,0.1844154262,0.1840590606133954,0.0003563655866046,0.0003563655866046,10.0
3092.779,0.1846104727999999,0.1840505045053252,0.0005599682946747,0.0005599682946747,10.0
3093.261,0.1845408629,0.1840415697688502,0.0004992931311497,0.0004992931311497,10.0
3093.743,0.184612463,0.1840322413230442,0.0005802216769557,0.0005802216769557,10.0
3094.225,0.184645639,0.1840225214452505,0.0006231175547494,0.0006231175547494,10.0
3094.707,0.1847234082,0.1840124124683716,0.0007109957316283,0.0007109957316283,10.0
3095.189,0.1845443895,0.1840019167804352,0.0005424727195647,0.0005424727195647,10.0
3095.671,0.184417743,0.1839910368241529,0.000426706175847,0.000426706175847,10.0
3096.153,0.1846268175,0.1839797750964707,0.0006470424035292,0.0006470424035292,10.0
3096.635,0.1845527447,0.1839681341481131,0.0005846105518868,0.0005846105518868,10.0
3097.118,0.184670286,0.183956091260753,0.0007141947392469,0.0007141947392469,10.0
3097.6,0.1845601503,0.1839436989629494,0.0006164513370505,0.0006164513370505,10.0
3098.082,0.1844662895,0.183930935420308,0.0005353540796919,0.0005353540796919,10.0
3098.564,0.1844928793,0.1839178033940578,0.0005750759059421,0.0005750759059421,10.0
3099.046,0.18428059,0.1839043056968105,0.0003762843031894,0.0003762843031894,10.0
3099.528,0.1845901359,0.1838904451920615,0.0006996907079385,0.0006996907079385,10.0
3100.01,0.1846246744,0.1838762247936816,0.0007484496063183,0.0007484496063183,10.0
3100.492,0.1843849888,0.1838616474654038,0.0005233413345962,0.0005233413345962,10.0
3100.975,0.184314948,0.1838466848768349,0.000468263123165,0.000468263123165,10.0
3101.457,0.1844778644,0.1838314020520966,0.0006464623479033,0.0006464623479033,10.0
3101.939,0.1844614801,0.1838157714890892,0.0006457086109107,0.0006457086109107,10.0
3102.421,0.1845009,0.1837997963458159,0.0007011036541841,0.0007011036541841,10.0
3102.903,0.1844564095999999,0.1837834798274694,0.0006729297725305,0.0006729297725305,10.0
3103.385,0.184396958,0.1837668251858796,0.0006301328141203,0.0006301328141203,10.0
3103.867,0.1845162119,0.1837498357189531,0.0007663761810468,0.0007663761810468,10.0
3104.349,0.1844039286,0.1837325147701076,0.0006714138298923,0.0006714138298923,10.0
3104.832,0.1845235434,0.1837148287727506,0.0008087146272493,0.0008087146272493,10.0
3105.313,0.1845404591,0.183696892024447,0.0008435670755529,0.0008435670755529,10.0
3105.796,0.1845260950999999,0.1836785588492112,0.0008475362507887,0.0008475362507887,10.0
3106.278,0.1847485313,0.1836599456415767,0.0010885856584232,0.0010885856584232,10.0
3106.76,0.1844575731999999,0.1836410183389867,0.0008165548610132,0.0008165548610132,10.0
3107.242,0.1843078826,0.183621780545796,0.0006861020542039,0.0006861020542039,10.0
3107.724,0.1844605483,0.1836022359077432,0.0008583123922568,0.0008583123922568,10.0
3108.206,0.1843916701,0.1835823881113402,0.0008092819886597,0.0008092819886597,10.0
3108.688,0.184426295,0.183562240883255,0.0008640541167449,0.0008640541167449,10.0
3109.17,0.1844753555,0.1835417979896895,0.0009335575103104,0.0009335575103104,10.0
3109.653,0.1844540019,0.1835210199168623,0.0009329819831376,0.0009329819831376,10.0
3110.135,0.1845280712,0.1834999965524127,0.0010280746475872,0.0010280746475872,10.0
3110.617,0.1844447664,0.1834786890600868,0.0009660773399132,0.0009660773399132,10.0
3111.099,0.18451778,0.1834571013579781,0.0010606786420218,0.0010606786420218,10.0
3111.581,0.1845499061,0.183435237400529,0.0011146686994709,0.0011146686994709,10.0
3112.063,0.1845437188,0.1834131011778791,0.0011306176221208,0.0011306176221208,10.0
3112.545,0.1843828516,0.1833906967152104,0.0009921548847895,0.0009921548847895,10.0
3113.027,0.1842729988,0.1833680280720876,0.0009049707279123,0.0009049707279123,10.0
3113.51,0.1843825719,0.1833450515043113,0.0010375203956887,0.0010375203956887,10.0
3113.992,0.1842563828,0.1833218662864536,0.0009345165135463,0.0009345165135463,10.0
3114.474,0.1840842867,0.183298429275133,0.0007858574248669,0.0007858574248669,10.0
3114.956,0.1842581031,0.1832747446608299,0.00098335843917,0.00098335843917,10.0
3115.438,0.1841937645999999,0.1832508166650465,0.0009429479349534,0.0009429479349534,10.0
3115.92,0.1841270553,0.1832266495396228,0.0009004057603771,0.0009004057603771,10.0
3116.402,0.1839949998999999,0.18320224756605,0.0007927523339499,0.0007927523339499,10.0
3116.884,0.1840121608999999,0.18317761505478,0.0008345458452198,0.0008345458452198,10.0
3117.366,0.1839051,0.1831527563445316,0.0007523436554683,0.0007523436554683,10.0
3117.849,0.1839076138,0.1831276235397201,0.0007799902602798,0.0007799902602798,10.0
3118.331,0.1838233557,0.1831023251107147,0.0007210305892852,0.0007210305892852,10.0
3118.813,0.184015577,0.1830768136706961,0.0009387633293039,0.0009387633293039,10.0
3119.295,0.1838241585,0.1830510936645003,0.0007730648354997,0.0007730648354997,10.0
3119.777,0.1838813515,0.1830251695617127,0.0008561819382872,0.0008561819382872,10.0
3120.259,0.1839051146,0.1829990458559566,0.0009060687440433,0.0009060687440433,10.0
3120.741,0.1838575949999999,0.1829727270641787,0.0008848679358212,0.0008848679358212,10.0
3121.223,0.1837573792,0.1829462177259326,0.0008111614740673,0.0008111614740673,10.0
3121.706,0.1839375379999999,0.1829194668280158,0.0010180711719841,0.0010180711719841,10.0
3122.188,0.1836947331,0.182892589730747,0.0008021433692529,0.0008021433692529,10.0
3122.67,0.1837972048,0.1828655358436793,0.0009316689563206,0.0009316689563206,10.0
3123.152,0.1837312140999999,0.1828383097896203,0.0008929043103796,0.0008929043103796,10.0
3123.634,0.1837685973,0.1828109162103659,0.000957681089634,0.000957681089634,10.0
3124.116,0.1838613546999999,0.1827833597659711,0.0010779949340288,0.0010779949340288,10.0
3124.598,0.183634643,0.1827556451340192,0.0008789978659808,0.0008789978659808,10.0
3125.08,0.1836768095,0.1827277770088889,0.000949032491111,0.000949032491111,10.0
3125.562,0.1835572465,0.1826997601010213,0.0008574863989787,0.0008574863989787,10.0
3126.045,0.1835260151,0.1826715405644843,0.0008544745355156,0.0008544745355156,10.0
3126.527,0.1836364187,0.1826432399989322,0.0009931787010677,0.0009931787010677,10.0
3127.009,0.1834328068,0.182614804880854,0.0008180019191459,0.0008180019191459,10.0
3127.491,0.183469215,0.1825862399776,0.0008829750223999,0.0008829750223999,10.0
3127.973,0.1836490367,0.1825575500688926,0.0010914866311073,0.0010914866311073,10.0
3128.455,0.183361165,0.1825287399460871,0.0008324250539128,0.0008324250539128,10.0
3128.937,0.1833783956,0.1824998144114298,0.0008785811885701,0.0008785811885701,10.0
3129.419,0.183330124,0.1824707782773176,0.0008593457226823,0.0008593457226823,10.0
3129.902,0.1832196703,0.1824415757985516,0.0007780945014483,0.0007780945014483,10.0
3130.384,0.1833612221,0.1824123327352027,0.0009488893647973,0.0009488893647973,10.0
3130.866,0.183413998,0.1823829935731143,0.0010310044268856,0.0010310044268856,10.0
3131.348,0.1833865657999999,0.1823535631578754,0.0010330026421245,0.0010330026421245,10.0
3131.83,0.1832161619,0.1823240463415119,0.0008921155584881,0.0008921155584881,10.0
3132.312,0.1831811011,0.182294447981744,0.000886653118256,0.000886653118256,10.0
3132.794,0.1832317705999999,0.1822647729412441,0.0009669976587557,0.0009669976587557,10.0
3133.276,0.1830353613,0.1822350260868953,0.0008003352131046,0.0008003352131046,10.0
3133.759,0.1830273064,0.1822051503684898,0.0008221560315102,0.0008221560315102,10.0
3134.24,0.1831557858,0.1821753364207871,0.0009804493792128,0.0009804493792128,10.0
3134.723,0.183080872,0.1821453411993131,0.0009355308006868,0.0009355308006868,10.0
3135.205,0.1831501177999999,0.1821153557131957,0.0010347620868042,0.0010347620868042,10.0
3135.687,0.1832883327,0.1820853227949942,0.0012030099050057,0.0012030099050057,10.0
3136.169,0.1831449943,0.1820552473213084,0.0010897469786915,0.0010897469786915,10.0
3136.651,0.1829514176,0.1820251341677745,0.0009262834322254,0.0009262834322254,10.0
3137.133,0.1829467973,0.1819949882083288,0.0009518090916711,0.0009518090916711,10.0
3137.615,0.1830445234999999,0.1819648143144749,0.0010797091855249,0.0010797091855249,10.0
3138.097,0.1828755922,0.1819346173545512,0.0009409748454488,0.0009409748454488,10.0
3138.58,0.182987736,0.1819043394903946,0.0010833965096054,0.0010833965096054,10.0
3139.062,0.1826198395999999,0.1818741109644024,0.0007457286355975,0.0007457286355975,10.0
3139.544,0.1827901719999999,0.1818438739611326,0.0009462980388673,0.0009462980388673,10.0
3140.026,0.1825665113,0.1818136333289612,0.0007528779710387,0.0007528779710387,10.0
3140.508,0.1826260499,0.1817833939094629,0.000842655990537,0.000842655990537,10.0
3140.99,0.1826009192,0.181753160536689,0.000847758663311,0.000847758663311,10.0
3141.472,0.1825673398,0.1817229380364495,0.0008444017635504,0.0008444017635504,10.0
3141.954,0.1825642203,0.1816927312255963,0.0008714890744036,0.0008714890744036,10.0
3142.437,0.1823611369,0.1816624823087365,0.0006986545912634,0.0006986545912634,10.0
3142.919,0.1824550597,0.181632321345265,0.0008227383547349,0.0008227383547349,10.0
3143.401,0.1825061642,0.1816021904707741,0.0009039737292258,0.0009039737292258,10.0
3143.883,0.1823478287,0.1815720944591421,0.0007757342408578,0.0007757342408578,10.0
3144.365,0.1822898708,0.1815420380717432,0.0007478327282567,0.0007478327282567,10.0
3144.847,0.1822176354,0.1815120260567471,0.0007056093432528,0.0007056093432528,10.0
3145.329,0.1824080601,0.1814820631484216,0.0009259969515783,0.0009259969515783,10.0
3145.811,0.1824742327,0.1814521540664386,0.0010220786335613,0.0010220786335613,10.0
3146.293,0.1823778505,0.1814223035151823,0.0009555469848176,0.0009555469848176,10.0
3146.776,0.1823819513,0.1813924544525784,0.0009894968474215,0.0009894968474215,10.0
3147.258,0.1823591771,0.181362735157043,0.0009964419429569,0.0009964419429569,10.0
3147.74,0.1822586219,0.1813330884164438,0.0009255334835562,0.0009255334835562,10.0
3148.222,0.1821211976,0.1813035188671369,0.000817678732863,0.000817678732863,10.0
3148.704,0.1820918841,0.1812740311267873,0.0008178529732126,0.0008178529732126,10.0
3149.186,0.182304848,0.1812446297936988,0.0010602182063011,0.0010602182063011,10.0
3149.668,0.1819772881999999,0.181215319446149,0.0007619687538509,0.0007619687538509,10.0
3150.15,0.1820817286,0.1811861046417269,0.0008956239582731,0.0008956239582731,10.0
3150.633,0.182010709,0.181156929619851,0.0008537793801489,0.0008537793801489,10.0
3151.115,0.182223416,0.1811279197100959,0.0010954962899041,0.0010954962899041,10.0
3151.597,0.1818870709,0.1810990188948522,0.0007880520051477,0.0007880520051477,10.0
3152.079,0.1819354805,0.1810702316423782,0.0008652488576217,0.0008652488576217,10.0
3152.561,0.1819163097999999,0.1810415623969986,0.0008747474030013,0.0008747474030013,10.0
3153.043,0.1817815964,0.1810130155784702,0.0007685808215297,0.0007685808215297,10.0
3153.525,0.1818403908,0.1809845955813504,0.0008557952186495,0.0008557952186495,10.0
3154.007,0.1818870597,0.1809563067743719,0.0009307529256281,0.0009307529256281,10.0
3154.49,0.181899191,0.1809280952344215,0.0009710957655784,0.0009710957655784,10.0
3154.972,0.181755447,0.1809000821021296,0.0008553648978703,0.0008553648978703,10.0
3155.454,0.1817383053,0.1808722131139069,0.0008660921860931,0.0008660921860931,10.0
3155.936,0.181628021,0.1808444925289653,0.0007835284710346,0.0007835284710346,10.0
3156.418,0.1816493395,0.1808169245776357,0.0008324149223642,0.0008324149223642,10.0
3156.9,0.1816887161,0.1807895134607719,0.000899202639228,0.000899202639228,10.0
3157.382,0.1815927052,0.1807622633491602,0.0008304418508397,0.0008304418508397,10.0
3157.864,0.1815836844,0.1807351783829351,0.0008485060170648,0.0008485060170648,10.0
3158.346,0.1814725363,0.1807082626709997,0.0007642736290002,0.0007642736290002,10.0
3158.829,0.1814523282,0.1806814649913241,0.0007708632086758,0.0007708632086758,10.0
3159.311,0.1814723728999999,0.1806549003590724,0.0008174725409275,0.0008174725409275,10.0
3159.793,0.1813813832,0.180628517123013,0.0007528660769869,0.0007528660769869,10.0
3160.275,0.1812046705,0.1806023192613747,0.0006023512386252,0.0006023512386252,10.0
3160.757,0.181293766,0.1805763107183433,0.0007174552816567,0.0007174552816567,10.0
3161.239,0.181430766,0.1805504954035164,0.0008802705964835,0.0008802705964835,10.0
3161.721,0.1812764763,0.1805248771913663,0.0007515991086336,0.0007515991086336,10.0
3162.203,0.181092488,0.1804994599207063,0.0005930280792936,0.0005930280792936,10.0
3162.686,0.1812772433,0.1804741953014689,0.000803047998531,0.000803047998531,10.0
3163.167,0.1812269742999999,0.1804492433776686,0.0007777309223313,0.0007777309223313,10.0
3163.65,0.1811788798,0.1804244003878875,0.0007544794121124,0.0007544794121124,10.0
3164.132,0.1811811524,0.1803998249916711,0.0007813274083288,0.0007813274083288,10.0
3164.614,0.1812522167,0.1803754691854818,0.0008767475145181,0.0008767475145181,10.0
3165.096,0.1810962223,0.1803513365832753,0.0007448857167247,0.0007448857167247,10.0
3165.578,0.1811338032,0.1803274307597988,0.0008063724402011,0.0008063724402011,10.0
3166.06,0.1811588106,0.1803037552501109,0.0008550553498891,0.0008550553498891,10.0
3166.542,0.1809575308,0.1802803135491069,0.0006772172508931,0.0006772172508931,10.0
3167.024,0.1808077047,0.1802571091110519,0.000550595588948,0.000550595588948,10.0
3167.507,0.1810702364999999,0.1802340979589884,0.0008361385410114,0.0008361385410114,10.0
3167.989,0.1809514639,0.1802113787546082,0.0007400851453917,0.0007400851453917,10.0
3168.471,0.1809004946,0.1801889069344838,0.0007115876655161,0.0007115876655161,10.0
3168.953,0.1809395792,0.1801666857857353,0.0007728934142646,0.0007728934142646,10.0
3169.435,0.1809347740999999,0.1801447185526193,0.0007900555473806,0.0007900555473806,10.0
3169.917,0.1806907549,0.1801230084361029,0.000567746463897,0.000567746463897,10.0
3170.399,0.1807777524999999,0.1801015585934466,0.0006761939065533,0.0006761939065533,10.0
3170.881,0.180669866,0.1800803721377926,0.0005894938622074,0.0005894938622074,10.0
3171.364,0.1806766207,0.1800594090143573,0.0006172116856426,0.0006172116856426,10.0
3171.846,0.1803389729999999,0.1800387590558508,0.0003002139441491,0.0003002139441491,10.0
3172.328,0.1804625701,0.1800183815611996,0.0004441885388003,0.0004441885388003,10.0
3172.81,0.1803281979,0.1799982794630177,0.0003299184369822,0.0003299184369822,10.0
3173.292,0.1804588399,0.1799784556478564,0.0004803842521435,0.0004803842521435,10.0
3173.774,0.1804942521,0.1799589129558385,0.0005353391441614,0.0005353391441614,10.0
3174.256,0.1803916009,0.1799396541802993,0.0004519467197006,0.0004519467197006,10.0
3174.738,0.1803580407,0.1799206820674356,0.0004373586325643,0.0004373586325643,10.0
3175.22,0.1802393542,0.179901999315962,0.0003373548840379,0.0003373548840379,10.0
3175.703,0.1799391378,0.1798835707270747,5.556707292522778e-05,5.556707292522778e-05,10.0
3176.185,0.1802843093,0.1798654752168332,0.0004188340831667,0.0004188340831667,10.0
3176.667,0.1802681898,0.1798476768811643,0.0004205129188356,0.0004205129188356,10.0
3177.149,0.1801156565,0.1798301782254737,0.0002854782745263,0.0002854782745263,10.0
3177.631,0.1802390403,0.1798129817060832,0.0004260585939167,0.0004260585939167,10.0
3178.113,0.1802202895,0.1797960897299353,0.0004241997700646,0.0004241997700646,10.0
3178.595,0.1801360195,0.1797795046543032,0.0003565148456967,0.0003565148456967,10.0
3179.077,0.1800591676,0.1797632287865107,0.0002959388134892,0.0002959388134892,10.0
3179.56,0.1802322334,0.1797472315877979,0.000485001812202,0.000485001812202,10.0
3180.042,0.1801542646,0.179731581509532,0.0004226830904679,0.0004226830904679,10.0
3180.524,0.1800194493,0.1797162472631129,0.000303202036887,0.000303202036887,10.0
3181.006,0.1800737244,0.179701230953313,0.0003724934466869,0.0003724934466869,10.0
3181.488,0.1802377485,0.1796865346336718,0.0005512138663281,0.0005512138663281,10.0
3181.97,0.1800223849,0.1796721603062627,0.0003502245937372,0.0003502245937372,10.0
3182.452,0.1801385986,0.1796581099214693,0.0004804886785306,0.0004804886785306,10.0
3182.934,0.1801143368,0.1796443853777696,0.0004699514222303,0.0004699514222303,10.0
3183.417,0.1801798908,0.1796309610691025,0.0005489297308974,0.0005489297308974,10.0
3183.899,0.1798926896,0.1796178943797665,0.0002747952202334,0.0002747952202334,10.0
3184.381,0.1800102612,0.1796051589170406,0.0004051022829593,0.0004051022829593,10.0
3184.863,0.1801085372,0.1795927563696717,0.0005157808303282,0.0005157808303282,10.0
3185.345,0.1801115868999999,0.1795806883735432,0.0005308985264567,0.0005308985264567,10.0
3185.827,0.1798078181,0.1795689565115079,0.000238861588492,0.000238861588492,10.0
3186.309,0.1798845808,0.1795575623132297,0.0003270184867702,0.0003270184867702,10.0
3186.791,0.1799790859999999,0.1795465072550338,0.0004325787449661,0.0004325787449661,10.0
3187.273,0.1799257497,0.1795357927597642,0.0003899569402357,0.0003899569402357,10.0
3187.756,0.1797129975,0.1795253990331701,0.0001875984668298,0.0001875984668298,10.0
3188.238,0.1797321201999999,0.1795153704311664,0.0002167497688335,0.0002167497688335,10.0
3188.72,0.1797179544,0.1795056863410053,0.0002122680589947,0.0002122680589947,10.0
3189.202,0.1796861977,0.1794963479702439,0.000189849729756,0.000189849729756,10.0
3189.684,0.1798711114,0.1794873564723743,0.0003837549276256,0.0003837549276256,10.0
3190.166,0.1797411549999999,0.1794787129467312,0.0002624420532687,0.0002624420532687,10.0
3190.648,0.1797013017,0.1794704184384087,0.0002308832615912,0.0002308832615912,10.0
3191.13,0.179672385,0.1794624739381852,0.0002099110618147,0.0002099110618147,10.0
3191.613,0.1801215526,0.1794548649936179,0.000666687606382,0.000666687606382,10.0
3192.094,0.1796323078,0.1794476386531759,0.000184669146824,0.000184669146824,10.0
3192.577,0.1795660621,0.1794407356522486,0.0001253264477514,0.0001253264477514,10.0
3193.059,0.1797221207,0.1794342007377385,0.0002879199622614,0.0002879199622614,10.0
3193.541,0.1797695598,0.1794280199698673,0.0003415398301326,0.0003415398301326,10.0
3194.023,0.1798068196999999,0.1794221940122928,0.0003846256877071,0.0003846256877071,10.0
3194.505,0.1797470014,0.1794167234740641,0.0003302779259358,0.0003302779259358,10.0
3194.987,0.1797295321,0.1794116089096127,0.0003179231903872,0.0003179231903872,10.0
3195.469,0.1798663429,0.1794068508187524,0.0004594920812475,0.0004594920812475,10.0
3195.951,0.1797096378,0.1794024496466872,0.0003071881533127,0.0003071881533127,10.0
3196.434,0.1797208703,0.1793983977659352,0.0003224725340648,0.0003224725340648,10.0
3196.916,0.1797582724,0.179394712291036,0.0003635601089639,0.0003635601089639,10.0
3197.398,0.1797798057,0.1793913847436151,0.0003884209563848,0.0003884209563848,10.0
3197.88,0.1794927781,0.1793884153505683,0.0001043627494317,0.0001043627494317,10.0
3198.362,0.1793665,0.1793858042843447,-1.9304284344739964e-05,1.9304284344739964e-05,10.0
3198.844,0.1795478443,0.1793835516630045,0.0001642926369954,0.0001642926369954,10.0
3199.326,0.1794997404,0.1793816575502836,0.0001180828497163,0.0001180828497163,10.0
3199.808,0.179436626,0.1793801219556682,5.650404433177325e-05,5.650404433177325e-05,10.0
3200.291,0.1795069745,0.1793789427648875,0.0001280317351124,0.0001280317351124,10.0
3200.773,0.1795452773,0.1793781247617304,0.0001671525382695,0.0001671525382695,10.0
3201.255,0.1793353516,0.1793776649801173,-4.2313380117342536e-05,4.2313380117342536e-05,10.0
3201.737,0.1793061212,0.1793775632133176,-7.144201331762967e-05,7.144201331762967e-05,10.0
3202.219,0.1793749295,0.1793778192008394,-2.8897008394757062e-06,2.8897008394757062e-06,10.0
3202.701,0.1793607821,0.1793784326285508,-1.765052855084992e-05,1.765052855084992e-05,10.0
3203.183,0.1794362606,0.1793794031288097,5.685747119027473e-05,5.685747119027473e-05,10.0
3203.665,0.1791450814,0.1793807302806016,-0.0002356488806016,0.0002356488806016,10.0
3204.147,0.1793753113,0.179382413609685,-7.102309684980934e-06,7.102309684980934e-06,10.0
3204.63,0.1793113786,0.1793844571882949,-7.307858829494474e-05,7.307858829494474e-05,10.0
3205.112,0.1792910638,0.1793868519731215,-9.578817312153044e-05,9.578817312153044e-05,10.0
3205.594,0.1791797191,0.1793896011933561,-0.0002098820933561,0.0002098820933561,10.0
3206.076,0.1793392892,0.17939270416335,-5.341496335006801e-05,5.341496335006801e-05,10.0
3206.558,0.1792237566,0.1793961601450731,-0.0001724035450731,0.0001724035450731,10.0
3207.04,0.1791986177,0.1793999683483035,-0.0002013506483035,0.0002013506483035,10.0
3207.522,0.1793072523,0.1794041279308286,-9.687563082866336e-05,9.687563082866336e-05,10.0
3208.004,0.1791949676,0.1794086379986515,-0.0002136703986515,0.0002136703986515,10.0
3208.487,0.1793141698,0.1794135080510421,-9.933825104210814e-05,9.933825104210814e-05,10.0
3208.969,0.1792768642,0.1794187169234609,-0.0001418527234609,0.0001418527234609,10.0
3209.451,0.1793347688,0.1794242732884395,-8.950448843950132e-05,8.950448843950132e-05,10.0
3209.933,0.1791248475,0.1794301760469599,-0.0003053285469599,0.0003053285469599,10.0
3210.415,0.1792367011,0.179436424049369,-0.000199722949369,0.000199722949369,10.0
3210.897,0.1792503201,0.1794430160956284,-0.0001926959956284,0.0001926959956284,10.0
3211.379,0.1792715811,0.1794499509355745,-0.0001783698355745,0.0001783698355745,10.0
3211.861,0.1792977708,0.1794572272691839,-0.0001594564691839,0.0001594564691839,10.0
3212.344,0.1792022047,0.179464859901284,-0.000262655201284,0.000262655201284,10.0
3212.826,0.1791747905,0.1794728158253864,-0.0002980253253864,0.0002980253253864,10.0
3213.308,0.1793976753999999,0.1794811090436357,-8.343364363577743e-05,8.343364363577743e-05,10.0
3213.79,0.1792308103,0.1794897380592715,-0.0002589277592714,0.0002589277592714,10.0
3214.272,0.1794379491999999,0.1794987013271093,-6.075212710940359e-05,6.075212710940359e-05,10.0
3214.754,0.1792080737,0.1795079972538513,-0.0002999235538513,0.0002999235538513,10.0
3215.236,0.1793323525,0.1795176241983984,-0.0001852716983984,0.0001852716983984,10.0
3215.718,0.1791070354,0.1795275804721737,-0.0004205450721737,0.0004205450721737,10.0
3216.2,0.1790039816,0.1795378643394501,-0.00053388273945,0.00053388273945,10.0
3216.683,0.1790884802,0.1795484963668847,-0.0004600161668847,0.0004600161668847,10.0
3217.165,0.1790575711,0.1795594306972916,-0.0005018595972916,0.0005018595972916,10.0
3217.647,0.1790129939999999,0.1795706871305626,-0.0005576931305626,0.0005576931305626,10.0
3218.129,0.1791342199,0.1795822637456905,-0.0004480438456905,0.0004480438456905,10.0
3218.611,0.1792411295,0.1795941585762592,-0.0003530290762592,0.0003530290762592,10.0
3219.093,0.1790541177,0.1796063696108102,-0.0005522519108102,0.0005522519108102,10.0
3219.575,0.1791818385,0.1796188947932162,-0.0004370562932162,0.0004370562932162,10.0
3220.057,0.1793700638,0.179631732023061,-0.000261668223061,0.000261668223061,10.0
3220.54,0.1792344732,0.1796449067528674,-0.0004104335528674,0.0004104335528674,10.0
3221.021,0.1793553122999999,0.1796583340042771,-0.0003030217042771,0.0003030217042771,10.0
3221.504,0.1794384536999999,0.1796721232012605,-0.0002336695012606,0.0002336695012606,10.0
3221.986,0.1792865993,0.1796861873712198,-0.0003995880712198,0.0003995880712198,10.0
3222.468,0.1793070728,0.1797005524310641,-0.0003934796310641,0.0003934796310641,10.0
3222.95,0.1792945249,0.1797152160228672,-0.0004206911228672,0.0004206911228672,10.0
3223.432,0.1795241762,0.1797301757472395,-0.0002059995472395,0.0002059995472395,10.0
3223.914,0.1792884595,0.1797454291637547,-0.0004569696637547,0.0004569696637547,10.0
3224.396,0.1795134133,0.1797609737913829,-0.0002475604913828,0.0002475604913828,10.0
3224.878,0.1793725876,0.1797768071089275,-0.0004042195089275,0.0004042195089275,10.0
3225.361,0.1794151565,0.1797929602939367,-0.0003778037939367,0.0003778037939367,10.0
3225.843,0.1794046957,0.1798093638547838,-0.0004046681547838,0.0004046681547838,10.0
3226.325,0.1793339642999999,0.1798260482999016,-0.0004920839999016,0.0004920839999016,10.0
3226.807,0.1794171409999999,0.1798430109518332,-0.0004258699518332,0.0004258699518332,10.0
3227.289,0.1792553446,0.1798602490952239,-0.0006049044952239,0.0006049044952239,10.0
3227.771,0.1793469034,0.1798777599772911,-0.0005308565772911,0.0005308565772911,10.0
3228.253,0.1792197512,0.1798955408082982,-0.0006757896082982,0.0006757896082982,10.0
3228.735,0.1793464208,0.1799135887620327,-0.0005671679620327,0.0005671679620327,10.0
3229.218,0.1793402073,0.1799319392411297,-0.0005917319411297,0.0005917319411297,10.0
3229.7,0.1794848386,0.1799505133574128,-0.0004656747574127,0.0004656747574127,10.0
3230.182,0.1795071211,0.1799693458976728,-0.0004622247976728,0.0004622247976728,10.0
3230.664,0.1794192995,0.1799884338946073,-0.0005691343946073,0.0005691343946073,10.0
3231.146,0.1794894967999999,0.1800077743469039,-0.0005182775469039,0.0005182775469039,10.0
3231.628,0.1795486504,0.1800273642197463,-0.0004787138197462,0.0004787138197462,10.0
3232.11,0.1792150007,0.1800472004453253,-0.0008321997453253,0.0008321997453253,10.0
3232.592,0.1796562468999999,0.1800672799233532,-0.0004110330233532,0.0004110330233532,10.0
3233.074,0.1798675008,0.1800875995215826,-0.0002200987215826,0.0002200987215826,10.0
3233.557,0.1796164044,0.1801081989688887,-0.0004917945688886,0.0004917945688886,10.0
3234.039,0.1796106591,0.1801289897672024,-0.0005183306672024,0.0005183306672024,10.0
3234.521,0.179497093,0.1801500110957477,-0.0006529180957477,0.0006529180957477,10.0
3235.003,0.1796340946,0.1801712596996463,-0.0005371650996462,0.0005371650996462,10.0
3235.485,0.1793950137,0.1801927322947165,-0.0007977185947165,0.0007977185947165,10.0
3235.967,0.1796582152,0.1802144255680131,-0.0005562103680131,0.0005562103680131,10.0
3236.449,0.1796904302,0.1802363361783735,-0.0005459059783735,0.0005459059783735,10.0
3236.931,0.1794966315,0.1802584607569659,-0.0007618292569658,0.0007618292569658,10.0
3237.414,0.1795482383,0.1802808424628493,-0.0007326041628493,0.0007326041628493,10.0
3237.896,0.1796108514,0.180303385189696,-0.000692533789696,0.000692533789696,10.0
3238.378,0.179587784,0.1803261316106245,-0.0007383476106244,0.0007383476106244,10.0
3238.86,0.1798559953,0.1803490782516291,-0.0004930829516291,0.0004930829516291,10.0
3239.342,0.1797666242,0.1803722216138294,-0.0006055974138294,0.0006055974138294,10.0
3239.824,0.1797073438,0.1803955581740374,-0.0006882143740374,0.0006882143740374,10.0
3240.306,0.1796496852,0.180419084385327,-0.000769399185327,0.000769399185327,10.0
3240.788,0.1796102612,0.1804427966776078,-0.0008325354776078,0.0008325354776078,10.0
3241.271,0.1797377928,0.180466741219627,-0.000728948419627,0.000728948419627,10.0
3241.753,0.1794887169,0.1804908152411775,-0.0010020983411775,0.0010020983411775,10.0
3242.235,0.1798071905,0.1805150644926649,-0.0007078739926648,0.0007078739926648,10.0
3242.717,0.1799469555,0.1805394853170795,-0.0005925298170795,0.0005925298170795,10.0
3243.199,0.1798213,0.1805640740371508,-0.0007427740371508,0.0007427740371508,10.0
3243.681,0.1798251811,0.1805888269559346,-0.0007636458559346,0.0007636458559346,10.0
3244.163,0.1797634812,0.180613740357403,-0.000850259157403,0.000850259157403,10.0
3244.645,0.1798342543,0.1806388105070351,-0.000804556207035,0.000804556207035,10.0
3245.127,0.1799412938,0.1806640336524109,-0.0007227398524109,0.0007227398524109,10.0
3245.61,0.1797650154,0.1806894588160763,-0.0009244434160763,0.0009244434160763,10.0
3246.092,0.1800517741,0.1807149769248524,-0.0006632028248523,0.0006632028248523,10.0
3246.574,0.1800654638,0.1807406366627682,-0.0006751728627682,0.0006751728627682,10.0
3247.056,0.1798501584,0.1807664342117412,-0.0009162758117412,0.0009162758117412,10.0
3247.538,0.1797592921,0.1807923657387817,-0.0010330736387817,0.0010330736387817,10.0
3248.02,0.1795933103,0.1808184273965955,-0.0012251170965955,0.0012251170965955,10.0
3248.502,0.1797916474,0.1808446153241882,-0.0010529679241882,0.0010529679241882,10.0
3248.984,0.1798804246999999,0.1808709256474695,-0.0009905009474695,0.0009905009474695,10.0
3249.467,0.1797829041,0.1808974094319492,-0.0011145053319492,0.0011145053319492,10.0
3249.948,0.1799421676,0.1809238979228949,-0.0009817303228949,0.0009817303228949,10.0
3250.431,0.1799490754,0.1809506074782473,-0.0010015320782473,0.0010015320782473,10.0
3250.913,0.1798995731,0.1809773686201479,-0.0010777955201478,0.0010777955201478,10.0
3251.395,0.179973132,0.1810042326039262,-0.0010311006039262,0.0010311006039262,10.0
3251.877,0.1800507571,0.1810311954896537,-0.0009804383896537,0.0009804383896537,10.0
3252.359,0.1801557985,0.181058253328566,-0.000902454828566,0.000902454828566,10.0
3252.841,0.1800064465,0.1810854021636742,-0.0010789556636741,0.0010789556636741,10.0
3253.323,0.1800311799,0.1811126380303736,-0.0010814581303736,0.0010814581303736,10.0
3253.805,0.1803632153,0.1811399569570571,-0.0007767416570571,0.0007767416570571,10.0
3254.288,0.1803050001,0.1811674118875091,-0.0008624117875091,0.0008624117875091,10.0
3254.77,0.1802483094,0.1811948851460413,-0.0009465757460413,0.0009465757460413,10.0
3255.252,0.180475477,0.1812224295055462,-0.0007469525055462,0.0007469525055462,10.0
3255.734,0.1804320608,0.1812500409725055,-0.0008179801725054,0.0008179801725054,10.0
3256.216,0.1806944925999999,0.1812777155494548,-0.0005832229494548,0.0005832229494548,10.0
3256.698,0.1805749703,0.1813054492355922,-0.0007304789355922,0.0007304789355922,10.0
3257.18,0.1806359626,0.1813332380273903,-0.0006972754273902,0.0006972754273902,10.0
3257.662,0.180527458,0.1813610779192033,-0.0008336199192033,0.0008336199192033,10.0
3258.145,0.1805953757,0.1813890228068649,-0.0007936471068649,0.0007936471068649,10.0
3258.627,0.1804258417,0.1814169529615671,-0.0009911112615671,0.0009911112615671,10.0
3259.109,0.1806755143,0.1814449221844124,-0.0007694078844124,0.0007694078844124,10.0
3259.591,0.180535429,0.1814729264673671,-0.000937497467367,0.000937497467367,10.0
3260.073,0.1806750844999999,0.1815009618033168,-0.0008258773033169,0.0008258773033169,10.0
3260.555,0.1807229431,0.1815290241866712,-0.0008060810866712,0.0008060810866712,10.0
3261.037,0.1808580877,0.1815571096139655,-0.0006990219139655,0.0006990219139655,10.0
3261.519,0.1806803862,0.181585214084464,-0.000904827884464,0.000904827884464,10.0
3262.001,0.1807078284,0.1816133336007594,-0.0009055052007594,0.0009055052007594,10.0
3262.484,0.1809336653,0.181641522540268,-0.0007078572402679,0.0007078572402679,10.0
3262.966,0.1807972352,0.1816696601827534,-0.0008724249827534,0.0008724249827534,10.0
3263.448,0.1809426088,0.1816978008965067,-0.0007551920965067,0.0007551920965067,10.0
3263.93,0.1809318585,0.181725940703421,-0.000794082203421,0.000794082203421,10.0
3264.412,0.1811153161,0.1817540756316971,-0.000638759531697,0.000638759531697,10.0
3264.894,0.1810347213,0.1817822017164343,-0.0007474804164343,0.0007474804164343,10.0
3265.376,0.1810012305,0.1818103150002188,-0.0008090845002188,0.0008090845002188,10.0
3265.858,0.1813221176,0.1818384115337103,-0.0005162939337103,0.0005162939337103,10.0
3266.341,0.1811631991999999,0.1818665456006239,-0.0007033464006239,0.0007033464006239,10.0
3266.823,0.1811091528,0.1818945967655542,-0.0007854439655542,0.0007854439655542,10.0
3267.305,0.1812394257,0.1819226193783131,-0.000683193678313,0.000683193678313,10.0
3267.787,0.1812769137,0.1819506095276934,-0.0006736958276934,0.0006736958276934,10.0
3268.269,0.1811081906,0.1819785633134602,-0.0008703727134602,0.0008703727134602,10.0
3268.751,0.1812898519,0.1820064768469224,-0.0007166249469224,0.0007166249469224,10.0
3269.233,0.181398343,0.1820343462515026,-0.0006360032515025,0.0006360032515025,10.0
3269.715,0.1814270941,0.1820621676633038,-0.0006350735633038,0.0006350735633038,10.0
3270.198,0.1813582373999999,0.1820899947883305,-0.0007317573883305,0.0007317573883305,10.0
3270.68,0.181480812,0.1821177085569232,-0.0006368965569231,0.0006368965569231,10.0
3271.162,0.1813048204,0.1821453628148377,-0.0008405424148376,0.0008405424148376,10.0
3271.644,0.1814900066999999,0.1821729537545401,-0.0006829470545401,0.0006829470545401,10.0
3272.126,0.1814910672,0.1822004775839676,-0.0007094103839676,0.0007094103839676,10.0
3272.608,0.1815971894,0.1822279305270779,-0.0006307411270779,0.0006307411270779,10.0
3273.09,0.181546635,0.182255308824394,-0.0007086738243939,0.0007086738243939,10.0
3273.572,0.1815666431,0.1822826087335462,-0.0007159656335462,0.0007159656335462,10.0
3274.054,0.1815679643,0.182309826529811,-0.000741862229811,0.000741862229811,10.0
3274.537,0.181432068,0.1823370147052833,-0.0009049467052833,0.0009049467052833,10.0
3275.019,0.1816880198,0.1823640569853374,-0.0006760371853374,0.0006760371853374,10.0
3275.501,0.1814912532,0.1823910060819501,-0.0008997528819501,0.0008997528819501,10.0
3275.983,0.1816521619,0.1824178583463362,-0.0007656964463362,0.0007656964463362,10.0
3276.465,0.1818424007,0.1824446101499972,-0.0006022094499972,0.0006022094499972,10.0
3276.947,0.181958249,0.1824712578852345,-0.0005130088852345,0.0005130088852345,10.0
3277.429,0.1818116456,0.1824977979656644,-0.0006861523656644,0.0006861523656644,10.0
3277.911,0.1818494299,0.1825242268267249,-0.0006747969267249,0.0006747969267249,10.0
3278.394,0.1817939549,0.1825505953980076,-0.0007566404980076,0.0007566404980076,10.0
3278.875,0.1817734883,0.1825767367446202,-0.0008032484446202,0.0008032484446202,10.0
3279.358,0.181932061,0.1826028647524785,-0.0006708037524785,0.0006708037524785,10.0
3279.84,0.1819254009,0.1826288132809909,-0.0007034123809909,0.0007034123809909,10.0
3280.322,0.1820115923999999,0.1826546331050223,-0.0006430407050223,0.0006430407050223,10.0
3280.804,0.1820321158,0.1826803208014325,-0.0006482050014325,0.0006482050014325,10.0
3281.286,0.1820349015,0.1827058729723423,-0.0006709714723423,0.0006709714723423,10.0
3281.768,0.1820630882,0.1827312862456081,-0.0006681980456081,0.0006681980456081,10.0
3282.25,0.182192148,0.1827565572752896,-0.0005644092752896,0.0005644092752896,10.0
3282.732,0.1822672505999999,0.1827816827421143,-0.0005144321421143,0.0005144321421143,10.0
3283.215,0.1824299651,0.1828067110156297,-0.0003767459156297,0.0003767459156297,10.0
3283.697,0.1823532884,0.1828315351889107,-0.0004782467889107,0.0004782467889107,10.0
3284.179,0.1824537374,0.1828562039994064,-0.0004024665994064,0.0004024665994064,10.0
3284.661,0.1825084916,0.1828807142391186,-0.0003722226391186,0.0003722226391186,10.0
3285.143,0.1825821411,0.1829050627289645,-0.0003229216289645,0.0003229216289645,10.0
3285.625,0.1825749662,0.1829292463192118,-0.0003542801192117,0.0003542801192117,10.0
3286.107,0.1825324428,0.1829532618899074,-0.0004208190899074,0.0004208190899074,10.0
3286.589,0.1825794475,0.1829771063513021,-0.0003976588513021,0.0003976588513021,10.0
3287.072,0.1827591432999999,0.1830008255696069,-0.0002416822696069,0.0002416822696069,10.0
3287.554,0.1829459998,0.183024318295301,-7.831849530101631e-05,7.831849530101631e-05,10.0
3288.036,0.1828929955,0.1830476308216447,-0.0001546353216447,0.0001546353216447,10.0
3288.518,0.1828588,0.1830707601839043,-0.0002119601839043,0.0002119601839043,10.0
3289.0,0.182957585,0.183093703449591,-0.000136118449591,0.000136118449591,10.0
3289.482,0.1830804013999999,0.1831164577188521,-3.6056318852145663e-05,3.6056318852145663e-05,10.0
3289.964,0.1830552936999999,0.1831390201248582,-8.372642485826587e-05,8.372642485826587e-05,10.0
3290.446,0.1827940773,0.1831613878341828,-0.0003673105341828,0.0003673105341828,10.0
3290.928,0.1828273738,0.1831835580471775,-0.0003561842471775,0.0003561842471775,10.0
3291.411,0.1829676854,0.183205573369081,-0.000237887969081,0.000237887969081,10.0
3291.893,0.1830787889,0.1832273399034622,-0.0001485510034622,0.0001485510034622,10.0
3292.375,0.1831936062999999,0.183248900743343,-5.529444334301248e-05,5.529444334301248e-05,10.0
3292.857,0.1830140103999999,0.1832702532278943,-0.0002562428278943,0.0002562428278943,10.0
3293.339,0.1830196318999999,0.1832913947318539,-0.0002717628318539,0.0002717628318539,10.0
3293.821,0.1830881086,0.1833123226658655,-0.0002242140658655,0.0002242140658655,10.0
3294.303,0.183102042,0.1833330344768132,-0.0002309924768132,0.0002309924768132,10.0
3294.785,0.1831817917,0.1833535276481485,-0.0001717359481484,0.0001717359481484,10.0
3295.268,0.1830353947,0.183373841526859,-0.000338446826859,0.000338446826859,10.0
3295.75,0.1830531869,0.1833938895508658,-0.0003407026508658,0.0003407026508658,10.0
3296.232,0.1830277381999999,0.1834137116032602,-0.0003859734032602,0.0003859734032602,10.0
3296.714,0.1831030111,0.1834333053170009,-0.0003302942170009,0.0003302942170009,10.0
3297.196,0.1832268122,0.1834526683631624,-0.0002258561631624,0.0002258561631624,10.0
3297.678,0.1831212465999999,0.1834717984512258,-0.0003505518512258,0.0003505518512258,10.0
3298.16,0.1831814791,0.1834906933293636,-0.0003092142293636,0.0003092142293636,10.0
3298.642,0.1832220732,0.1835093507847178,-0.0002872775847178,0.0002872775847178,10.0
3299.125,0.1831743712,0.18352780660445,-0.0003534354044499,0.0003534354044499,10.0
3299.607,0.1831952563,0.1835459822291866,-0.0003507259291866,0.0003507259291866,10.0
