angle_deg,residual_abs,ecdf
10.0,1.2046253150543862e-07,0.0006027727546714888
10.0,4.183653314893121e-07,0.0012055455093429777
10.0,6.96626619695051e-07,0.0018083182640144665
10.0,7.963930470367142e-07,0.0024110910186859553
10.0,8.549275228031394e-07,0.0030138637733574444
10.0,1.040421295284144e-06,0.003616636528028933
10.0,1.2309425760637094e-06,0.004219409282700422
10.0,1.749255179372966e-06,0.004822182037371911
10.0,2.30862942782184e-06,0.0054249547920434
10.0,2.8897008394757062e-06,0.006027727546714889
10.0,3.054869742169508e-06,0.006630500301386378
10.0,3.559303692279858e-06,0.007233273056057866
10.0,4.249752872109713e-06,0.007836045810729355
10.0,4.440790289800267e-06,0.008438818565400843
10.0,4.757487697737428e-06,0.009041591320072333
10.0,5.163502037663914e-06,0.009644364074743821
10.0,5.297510824398e-06,0.010247136829415311
10.0,5.627501356880726e-06,0.0108499095840868
10.0,6.118903638385742e-06,0.011452682338758288
10.0,6.892557898235952e-06,0.012055455093429777
10.0,7.102309684980934e-06,0.012658227848101266
10.0,8.236342884160308e-06,0.013261000602772756
10.0,8.841693369149306e-06,0.013863773357444244
10.0,9.714024721330096e-06,0.014466546112115732
10.0,1.0717491029321737e-05,0.015069318866787222
10.0,1.1112406465813018e-05,0.01567209162145871
10.0,1.1120577135703693e-05,0.0162748643761302
10.0,1.1336778579784657e-05,0.016877637130801686
10.0,1.2337005107471157e-05,0.017480409885473176
10.0,1.3143888700550832e-05,0.018083182640144666
10.0,1.405790529176998e-05,0.018685955394816153
10.0,1.4183129436767803e-05,0.019288728149487643
10.0,1.4269833443769642e-05,0.019891500904159132
10.0,1.4496451788498232e-05,0.020494273658830622
10.0,1.5216872642387358e-05,0.02109704641350211
10.0,1.5285516999558046e-05,0.0216998191681736
10.0,1.6023660181607724e-05,0.02230259192284509
10.0,1.6532260451673775e-05,0.022905364677516575
10.0,1.6533468938539908e-05,0.023508137432188065
10.0,1.692827402108299e-05,0.024110910186859555
10.0,1.765052855084992e-05,0.02471368294153104
10.0,1.785416900601522e-05,0.02531645569620253
10.0,1.8054026688418823e-05,0.02591922845087402
10.0,1.9093034653305807e-05,0.02652200120554551
10.0,1.9304284344739964e-05,0.027124773960216998
10.0,1.934347251508761e-05,0.027727546714888487
10.0,2.0074812316056567e-05,0.028330319469559977
10.0,2.0277880779767665e-05,0.028933092224231464
10.0,2.1307882763693664e-05,0.029535864978902954
10.0,2.1334796893451857e-05,0.030138637733574444
10.0,2.137292983697692e-05,0.03074141048824593
10.0,2.2161861542191463e-05,0.03134418324291742
10.0,2.22223686032752e-05,0.031946955997588906
10.0,2.2454617237238628e-05,0.0325497287522604
10.0,2.256976346265427e-05,0.033152501506931886
10.0,2.278667435437476e-05,0.03375527426160337
10.0,2.336144110537397e-05,0.034358047016274866
10.0,2.3527684629348625e-05,0.03496081977094635
10.0,2.4470223314643214e-05,0.03556359252561784
10.0,2.479161115767625e-05,0.03616636528028933
10.0,2.5396881359690537e-05,0.03676913803496082
10.0,2.6167795076081912e-05,0.037371910789632305
10.0,2.6908883470511125e-05,0.0379746835443038
10.0,2.837156976109867e-05,0.038577456298975285
10.0,2.8467840602341976e-05,0.03918022905364678
10.0,2.879466309463341e-05,0.039783001808318265
10.0,2.933384047285048e-05,0.04038577456298975
10.0,2.959245607606076e-05,0.040988547317661245
10.0,2.974885852377596e-05,0.04159132007233273
10.0,3.0479985246967267e-05,0.04219409282700422
10.0,3.089568071487636e-05,0.04279686558167571
10.0,3.2310248978928424e-05,0.0433996383363472
10.0,3.2392144529797e-05,0.044002411091018684
10.0,3.266593838890941e-05,0.04460518384569018
10.0,3.347958056421074e-05,0.045207956600361664
10.0,3.434716353253875e-05,0.04581072935503315
10.0,3.468452519722609e-05,0.046413502109704644
10.0,3.6056318852145663e-05,0.04701627486437613
10.0,3.651724637915299e-05,0.047619047619047616
10.0,3.651949451249914e-05,0.04822182037371911
10.0,3.684359866951148e-05,0.048824593128390596
10.0,3.771869193711086e-05,0.04942736588306208
10.0,3.796320749527293e-05,0.050030138637733576
10.0,3.849009645698343e-05,0.05063291139240506
10.0,3.865095605148916e-05,0.05123568414707655
10.0,3.872585722305977e-05,0.05183845690174804
10.0,3.899870539250672e-05,0.05244122965641953
10.0,3.905517042548934e-05,0.05304400241109102
10.0,3.9095160055485634e-05,0.05364677516576251
10.0,3.924605487848343e-05,0.054249547920433995
10.0,3.931981551644204e-05,0.05485232067510549
10.0,4.008494956717068e-05,0.055455093429776975
10.0,4.155713599124367e-05,0.05605786618444846
10.0,4.158646109289621e-05,0.056660638939119955
10.0,4.2313380117342536e-05,0.05726341169379144
10.0,4.265762211419499e-05,0.05786618444846293
10.0,4.29497033930526e-05,0.05846895720313442
10.0,4.3437429612658285e-05,0.05907172995780591
10.0,4.3723160270625616e-05,0.059674502712477394
10.0,4.378665481233335e-05,0.06027727546714889
10.0,4.406535084053309e-05,0.060880048221820374
10.0,4.462389598938743e-05,0.06148282097649186
10.0,4.539513252191374e-05,0.062085593731163354
10.0,4.6831388306634025e-05,0.06268836648583484
10.0,4.716320655881456e-05,0.06329113924050633
10.0,4.7265538993424006e-05,0.06389391199517781
10.0,4.77205991349372e-05,0.0644966847498493
10.0,4.773647401862258e-05,0.0650994575045208
10.0,4.791649541571741e-05,0.06570223025919228
10.0,4.808835810093948e-05,0.06630500301386377
10.0,4.851875449760068e-05,0.06690777576853527
10.0,4.869798891563026e-05,0.06751054852320675
10.0,4.892857078131474e-05,0.06811332127787824
10.0,4.894907934407944e-05,0.06871609403254973
10.0,4.983091076682378e-05,0.06931886678722121
10.0,5.046458841537205e-05,0.0699216395418927
10.0,5.0887185077064245e-05,0.0705244122965642
10.0,5.16472137542523e-05,0.07112718505123568
10.0,5.31495118444858e-05,0.07172995780590717
10.0,5.331698819854847e-05,0.07233273056057866
10.0,5.341496335006801e-05,0.07293550331525014
10.0,5.371762091868626e-05,0.07353827606992164
10.0,5.395472495850484e-05,0.07414104882459313
10.0,5.424526556757625e-05,0.07474382157926461
10.0,5.437706158534228e-05,0.0753465943339361
10.0,5.488495676109206e-05,0.0759493670886076
10.0,5.507849070993109e-05,0.07655213984327909
10.0,5.529444334301248e-05,0.07715491259795057
10.0,5.556707292522778e-05,0.07775768535262206
10.0,5.5903328980533296e-05,0.07836045810729356
10.0,5.608212285859726e-05,0.07896323086196504
10.0,5.620113042356656e-05,0.07956600361663653
10.0,5.650404433177325e-05,0.08016877637130802
10.0,5.685747119027473e-05,0.0807715491259795
10.0,5.715154393681754e-05,0.081374321880651
10.0,5.728873705662663e-05,0.08197709463532249
10.0,5.729030211373831e-05,0.08257986738999397
10.0,5.767613577026265e-05,0.08318264014466546
10.0,5.777300811080077e-05,0.08378541289933696
10.0,5.852075998480366e-05,0.08438818565400844
10.0,5.91431189722047e-05,0.08499095840867993
10.0,5.930933748674039e-05,0.08559373116335142
10.0,6.057954077454131e-05,0.0861965039180229
10.0,6.075212710940359e-05,0.0867992766726944
10.0,6.094401816827966e-05,0.08740204942736589
10.0,6.185739912048516e-05,0.08800482218203737
10.0,6.215092015016133e-05,0.08860759493670886
10.0,6.274430229000205e-05,0.08921036769138035
10.0,6.309304018264905e-05,0.08981314044605183
10.0,6.370018857443371e-05,0.09041591320072333
10.0,6.38628385591089e-05,0.09101868595539482
10.0,6.453283442112157e-05,0.0916214587100663
10.0,6.456375746971554e-05,0.0922242314647378
10.0,6.496867587571509e-05,0.09282700421940929
10.0,6.53591170191592e-05,0.09342977697408077
10.0,6.546278031083208e-05,0.09403254972875226
10.0,6.587892933315742e-05,0.09463532248342375
10.0,6.597818799178312e-05,0.09523809523809523
10.0,6.65849837913346e-05,0.09584086799276673
10.0,6.702100385241883e-05,0.09644364074743822
10.0,6.706873018744175e-05,0.0970464135021097
10.0,6.756954540593219e-05,0.09764918625678119
10.0,6.822575849677048e-05,0.09825195901145269
10.0,6.91533079855422e-05,0.09885473176612417
10.0,7.021465685233541e-05,0.09945750452079566
10.0,7.031292815737333e-05,0.10006027727546715
10.0,7.03191876178233e-05,0.10066305003013863
10.0,7.05183940381271e-05,0.10126582278481013
10.0,7.055098918815061e-05,0.10186859553948162
10.0,7.130609066008375e-05,0.1024713682941531
10.0,7.144201331762967e-05,0.10307414104882459
10.0,7.14433324946473e-05,0.10367691380349608
10.0,7.150957501755872e-05,0.10427968655816756
10.0,7.159630831576891e-05,0.10488245931283906
10.0,7.174814969335142e-05,0.10548523206751055
10.0,7.180123489095025e-05,0.10608800482218204
10.0,7.307858829494474e-05,0.10669077757685352
10.0,7.310940773688768e-05,0.10729355033152502
10.0,7.474668770809934e-05,0.10789632308619651
10.0,7.493223507967772e-05,0.10849909584086799
10.0,7.510803978791336e-05,0.10910186859553948
10.0,7.665510740656467e-05,0.10970464135021098
10.0,7.72931656406739e-05,0.11030741410488246
10.0,7.729948055126834e-05,0.11091018685955395
10.0,7.757988770087931e-05,0.11151295961422544
10.0,7.819137362866102e-05,0.11211573236889692
10.0,7.82804748156174e-05,0.11271850512356842
10.0,7.831849530101631e-05,0.11332127787823991
10.0,7.844186024419386e-05,0.11392405063291139
10.0,7.84448233042967e-05,0.11452682338758288
10.0,7.878432070104746e-05,0.11512959614225438
10.0,7.948975333335606e-05,0.11573236889692586
10.0,8.007474131610515e-05,0.11633514165159735
10.0,8.02794743537949e-05,0.11693791440626884
10.0,8.084773705008264e-05,0.11754068716094032
10.0,8.161116936461488e-05,0.11814345991561181
10.0,8.178158117180812e-05,0.11874623267028331
10.0,8.228849743668887e-05,0.11934900542495479
10.0,8.343364363577743e-05,0.11995177817962628
10.0,8.363427193258666e-05,0.12055455093429777
10.0,8.372642485826587e-05,0.12115732368896925
10.0,8.442237112155082e-05,0.12176009644364075
10.0,8.488840198830894e-05,0.12236286919831224
10.0,8.655012000913231e-05,0.12296564195298372
10.0,8.730107841331547e-05,0.12356841470765521
10.0,8.757255938013353e-05,0.12417118746232671
10.0,8.816216891749384e-05,0.12477396021699819
10.0,8.887934372742157e-05,0.12537673297166968
10.0,8.916390080890291e-05,0.12597950572634117
10.0,8.927139302636333e-05,0.12658227848101267
10.0,8.9410452782962e-05,0.12718505123568416
10.0,8.950448843950132e-05,0.12778782399035563
10.0,8.961838594370719e-05,0.12839059674502712
10.0,8.989839219772366e-05,0.1289933694996986
10.0,9.015216738736398e-05,0.1295961422543701
10.0,9.060331071680804e-05,0.1301989150090416
10.0,9.194912440763092e-05,0.1308016877637131
10.0,9.449889387758148e-05,0.13140446051838456
10.0,9.489903963785797e-05,0.13200723327305605
10.0,9.561490898410407e-05,0.13261000602772754
10.0,9.578817312153044e-05,0.13321277878239904
10.0,9.650474055211689e-05,0.13381555153707053
10.0,9.687563082866336e-05,0.13441832429174203
10.0,9.712422011187716e-05,0.1350210970464135
10.0,9.738733901931695e-05,0.13562386980108498
10.0,9.748320326982696e-05,0.13622664255575648
10.0,9.76445902152734e-05,0.13682941531042797
10.0,9.78712249886382e-05,0.13743218806509946
10.0,9.805089483760908e-05,0.13803496081977096
10.0,9.818960133128884e-05,0.13863773357444242
10.0,9.821580255769956e-05,0.13924050632911392
10.0,9.88558275799023e-05,0.1398432790837854
10.0,9.927707236648264e-05,0.1404460518384569
10.0,9.933374417173124e-05,0.1410488245931284
10.0,9.933825104210814e-05,0.1416515973477999
10.0,0.0001006368276849,0.14225437010247136
10.0,0.0001013971412738,0.14285714285714285
10.0,0.000101595186615,0.14345991561181434
10.0,0.0001022458203037,0.14406268836648584
10.0,0.0001030894154928,0.14466546112115733
10.0,0.0001031813767201,0.14526823387582882
10.0,0.0001032433989551,0.1458710066305003
10.0,0.0001033298629055,0.14647377938517178
10.0,0.0001033993387189,0.14707655213984328
10.0,0.0001034461846262,0.14767932489451477
10.0,0.0001042209053684,0.14828209764918626
10.0,0.0001043627494317,0.14888487040385776
10.0,0.000106079441633,0.14948764315852922
10.0,0.0001063142032303,0.15009041591320071
10.0,0.0001067938916858,0.1506931886678722
10.0,0.0001073665234321,0.1512959614225437
10.0,0.0001074997775088,0.1518987341772152
10.0,0.000107574857322,0.1525015069318867
10.0,0.0001080630079492,0.15310427968655818
10.0,0.0001081804840445,0.15370705244122965
10.0,0.0001090095998614,0.15430982519590114
10.0,0.0001095216324038,0.15491259795057263
10.0,0.0001097337852945,0.15551537070524413
10.0,0.0001100181989628,0.15611814345991562
10.0,0.0001106479182311,0.1567209162145871
10.0,0.0001108725579581,0.15732368896925858
10.0,0.0001110543245043,0.15792646172393007
10.0,0.0001112840622465,0.15852923447860157
10.0,0.0001120366841056,0.15913200723327306
10.0,0.0001120933952849,0.15973477998794455
10.0,0.0001125875872519,0.16033755274261605
10.0,0.0001127804396212,0.1609403254972875
10.0,0.0001132120359065,0.161543098251959
10.0,0.0001134404320042,0.1621458710066305
10.0,0.0001139555238776,0.162748643761302
10.0,0.0001141879413786,0.16335141651597349
10.0,0.0001143375666652,0.16395418927064498
10.0,0.0001155408519507,0.16455696202531644
10.0,0.0001155706641213,0.16515973477998794
10.0,0.0001160980775799,0.16576250753465943
10.0,0.0001163657321683,0.16636528028933092
10.0,0.000117179276406,0.16696805304400242
10.0,0.0001176153626495,0.1675708257986739
10.0,0.0001180072428975,0.16817359855334538
10.0,0.0001180828497163,0.16877637130801687
10.0,0.0001180968129427,0.16937914406268836
10.0,0.0001195395848195,0.16998191681735986
10.0,0.0001216532388327,0.17058468957203135
10.0,0.0001220109392384,0.17118746232670284
10.0,0.0001227466677785,0.1717902350813743
10.0,0.0001230550843303,0.1723930078360458
10.0,0.0001237015509658,0.1729957805907173
10.0,0.0001243450628423,0.1735985533453888
10.0,0.0001253264477514,0.17420132610006028
10.0,0.0001263752084748,0.17480409885473178
10.0,0.0001278310963694,0.17540687160940324
10.0,0.0001280317351124,0.17600964436407474
10.0,0.0001292899040861,0.17661241711874623
10.0,0.0001300046777293,0.17721518987341772
10.0,0.0001311430969153,0.17781796262808922
10.0,0.0001317999949925,0.1784207353827607
10.0,0.0001326299643429,0.17902350813743217
10.0,0.0001326837927032,0.17962628089210367
10.0,0.0001335119661756,0.18022905364677516
10.0,0.000134349465228,0.18083182640144665
10.0,0.0001343612575489,0.18143459915611815
10.0,0.0001350841648367,0.18203737191078964
10.0,0.0001358589079134,0.18264014466546113
10.0,0.000136118449591,0.1832429174201326
10.0,0.0001366001944043,0.1838456901748041
10.0,0.0001370692728536,0.1844484629294756
10.0,0.0001378116247615,0.18505123568414708
10.0,0.0001379641329518,0.18565400843881857
10.0,0.0001380644320334,0.18625678119349007
10.0,0.000139406511599,0.18685955394816153
10.0,0.0001395009029981,0.18746232670283303
10.0,0.0001398007513784,0.18806509945750452
10.0,0.0001398018210342,0.188667872212176
10.0,0.0001398498384969,0.1892706449668475
10.0,0.0001402869780682,0.189873417721519
10.0,0.0001409637631193,0.19047619047619047
10.0,0.0001418527234609,0.19107896323086196
10.0,0.0001419344453616,0.19168173598553345
10.0,0.0001423345179741,0.19228450874020495
10.0,0.0001423363641384,0.19288728149487644
10.0,0.0001430799124123,0.19349005424954793
10.0,0.0001433971168872,0.1940928270042194
10.0,0.0001435388216461,0.1946955997588909
10.0,0.0001438245490656,0.19529837251356238
10.0,0.0001444025368267,0.19590114526823388
10.0,0.0001449017113734,0.19650391802290537
10.0,0.0001451188990139,0.19710669077757687
10.0,0.0001463007612709,0.19770946353224833
10.0,0.0001464357788591,0.19831223628691982
10.0,0.0001479085568583,0.19891500904159132
10.0,0.0001479824192567,0.1995177817962628
10.0,0.0001483215669303,0.2001205545509343
10.0,0.0001485510034622,0.2007233273056058
10.0,0.0001487817103136,0.20132610006027726
10.0,0.0001487972231546,0.20192887281494876
10.0,0.0001488003562422,0.20253164556962025
10.0,0.0001494003819204,0.20313441832429174
10.0,0.0001494140260263,0.20373719107896324
10.0,0.000149805718291,0.20433996383363473
10.0,0.0001501648998238,0.2049427365883062
10.0,0.000151341857554,0.2055455093429777
10.0,0.0001534596995276,0.20614828209764918
10.0,0.0001537707590826,0.20675105485232068
10.0,0.0001543230521177,0.20735382760699217
10.0,0.0001543478079633,0.20795660036166366
10.0,0.0001546353216447,0.20855937311633513
10.0,0.0001547062653536,0.20916214587100662
10.0,0.0001549534283492,0.20976491862567812
10.0,0.0001554057050892,0.2103676913803496
10.0,0.0001561471362877,0.2109704641350211
10.0,0.0001590064616036,0.2115732368896926
10.0,0.0001594564691839,0.2121760096443641
10.0,0.0001613061984126,0.21277878239903555
10.0,0.0001613482696196,0.21338155515370705
10.0,0.0001617282827869,0.21398432790837854
10.0,0.0001617870971749,0.21458710066305003
10.0,0.0001624294421938,0.21518987341772153
10.0,0.0001627657862225,0.21579264617239302
10.0,0.0001630705278677,0.2163954189270645
10.0,0.0001642926369954,0.21699819168173598
10.0,0.0001645329526117,0.21760096443640747
10.0,0.0001646227541843,0.21820373719107897
10.0,0.0001647886119635,0.21880650994575046
10.0,0.0001656834522092,0.21940928270042195
10.0,0.0001657189641413,0.22001205545509342
10.0,0.0001658844214618,0.2206148282097649
10.0,0.0001671525382695,0.2212176009644364
10.0,0.0001685427412393,0.2218203737191079
10.0,0.0001691626132708,0.2224231464737794
10.0,0.0001693758577697,0.2230259192284509
10.0,0.0001717359481484,0.22362869198312235
10.0,0.0001722240255894,0.22423146473779385
10.0,0.0001724035450731,0.22483423749246534
10.0,0.000173327227164,0.22543701024713683
10.0,0.0001741824925743,0.22603978300180833
10.0,0.000174802222756,0.22664255575647982
10.0,0.0001754840003373,0.22724532851115128
10.0,0.0001754987911032,0.22784810126582278
10.0,0.0001781256979528,0.22845087402049427
10.0,0.0001783698355745,0.22905364677516576
10.0,0.0001785881144313,0.22965641952983726
10.0,0.0001787137446575,0.23025919228450875
10.0,0.0001794067383603,0.23086196503918022
10.0,0.000179439621406,0.2314647377938517
10.0,0.0001796383028744,0.2320675105485232
10.0,0.0001802113124942,0.2326702833031947
10.0,0.0001805778831173,0.2332730560578662
10.0,0.0001806172985962,0.23387582881253768
10.0,0.0001806806784636,0.23447860156720915
10.0,0.0001814282154114,0.23508137432188064
10.0,0.0001816595430046,0.23568414707655214
10.0,0.0001820909156544,0.23628691983122363
10.0,0.0001822433269573,0.23688969258589512
10.0,0.0001831490153081,0.23749246534056662
10.0,0.0001833032204518,0.23809523809523808
10.0,0.000184669146824,0.23869801084990958
10.0,0.0001852716983984,0.23930078360458107
10.0,0.0001856440108315,0.23990355635925256
10.0,0.0001860864664223,0.24050632911392406
10.0,0.0001863880686513,0.24110910186859555
10.0,0.0001872531795063,0.24171187462326701
10.0,0.0001875984668298,0.2423146473779385
10.0,0.0001876146865561,0.24291742013261
10.0,0.0001884791536354,0.2435201928872815
10.0,0.0001888338273625,0.244122965641953
10.0,0.0001888914295025,0.24472573839662448
10.0,0.000189849729756,0.24532851115129597
10.0,0.0001902616144265,0.24593128390596744
10.0,0.0001903229986898,0.24653405666063893
10.0,0.000190509014366,0.24713682941531043
10.0,0.000190580879141,0.24773960216998192
10.0,0.0001907911005383,0.24834237492465341
10.0,0.000190880936098,0.2489451476793249
10.0,0.0001918968086305,0.24954792043399637
10.0,0.0001919620737774,0.2501506931886679
10.0,0.0001923611123155,0.25075346594333936
10.0,0.0001926959956284,0.2513562386980108
10.0,0.0001936019811929,0.25195901145268235
10.0,0.0001943489377147,0.2525617842073538
10.0,0.0001943636896865,0.25316455696202533
10.0,0.0001946675445831,0.2537673297166968
10.0,0.000194778532143,0.2543701024713683
10.0,0.000195272783792,0.2549728752260398
10.0,0.0001956574806622,0.25557564798071125
10.0,0.0001960121504616,0.2561784207353828
10.0,0.0001962737545949,0.25678119349005424
10.0,0.0001963582681167,0.25738396624472576
10.0,0.0001965194094975,0.2579867389993972
10.0,0.0001966865418278,0.2585895117540687
10.0,0.0001970440397191,0.2591922845087402
10.0,0.0001972228138426,0.2597950572634117
10.0,0.0001980071536151,0.2603978300180832
10.0,0.0001980519435904,0.26100060277275466
10.0,0.0001987174427605,0.2616033755274262
10.0,0.000199722949369,0.26220614828209765
10.0,0.0002001131534632,0.2628089210367691
10.0,0.0002005487679103,0.26341169379144064
10.0,0.0002008035465633,0.2640144665461121
10.0,0.0002008154872858,0.2646172393007836
10.0,0.0002008889180455,0.2652200120554551
10.0,0.0002009905942925,0.26582278481012656
10.0,0.0002013506483035,0.2664255575647981
10.0,0.0002014045291432,0.26702833031946954
10.0,0.0002015441286447,0.26763110307414106
10.0,0.0002015550959345,0.26823387582881253
10.0,0.0002024112860765,0.26883664858348405
10.0,0.0002038160143179,0.2694394213381555
10.0,0.0002059995472395,0.270042194092827
10.0,0.0002064066128088,0.2706449668474985
10.0,0.0002068582700757,0.27124773960216997
10.0,0.0002069378827833,0.2718505123568415
10.0,0.0002070333305806,0.27245328511151296
10.0,0.0002078760795712,0.2730560578661845
10.0,0.0002085931224648,0.27365883062085594
10.0,0.0002092777415322,0.2742616033755274
10.0,0.0002098820933561,0.27486437613019893
10.0,0.0002099110618147,0.2754671488848704
10.0,0.0002101971658712,0.2760699216395419
10.0,0.0002104849590559,0.2766726943942134
10.0,0.0002110916877213,0.27727546714888485
10.0,0.000211271957225,0.27787823990355637
10.0,0.0002119601839043,0.27848101265822783
10.0,0.0002122680589947,0.27908378541289935
10.0,0.0002136204617348,0.2796865581675708
10.0,0.0002136703986515,0.28028933092224234
10.0,0.0002139258530517,0.2808921036769138
10.0,0.0002140673829474,0.2814948764315853
10.0,0.0002149961058842,0.2820976491862568
10.0,0.0002161322544648,0.28270042194092826
10.0,0.0002167497688335,0.2833031946955998
10.0,0.0002185247306298,0.28390596745027125
10.0,0.0002200831035,0.2845087402049427
10.0,0.0002200987215826,0.28511151295961423
10.0,0.0002209196159431,0.2857142857142857
10.0,0.0002227691653501,0.2863170584689572
10.0,0.0002242140658655,0.2869198312236287
10.0,0.0002245681211893,0.2875226039783002
10.0,0.0002249474699692,0.28812537673297167
10.0,0.0002258561631624,0.28872814948764314
10.0,0.0002275032264731,0.28933092224231466
10.0,0.0002279774701667,0.2899336949969861
10.0,0.0002281518678468,0.29053646775165765
10.0,0.0002293530657473,0.2911392405063291
10.0,0.0002308832615912,0.2917420132610006
10.0,0.0002309924768132,0.2923447860156721
10.0,0.0002312728099154,0.29294755877034356
10.0,0.0002313890662993,0.2935503315250151
10.0,0.0002316142945318,0.29415310427968655
10.0,0.0002320316409592,0.29475587703435807
10.0,0.0002332202645407,0.29535864978902954
10.0,0.0002333133734027,0.295961422543701
10.0,0.0002336695012606,0.2965641952983725
10.0,0.0002339874884177,0.297166968053044
10.0,0.0002353390000862,0.2977697408077155
10.0,0.0002356488806016,0.298372513562387
10.0,0.0002356847814797,0.29897528631705844
10.0,0.0002357067475554,0.29957805907172996
10.0,0.0002359507012422,0.30018083182640143
10.0,0.0002369236446644,0.30078360458107295
10.0,0.0002374498793968,0.3013863773357444
10.0,0.000237887969081,0.30198915009041594
10.0,0.000238861588492,0.3025919228450874
10.0,0.0002391672747824,0.30319469559975887
10.0,0.0002396100647686,0.3037974683544304
10.0,0.0002404786025133,0.30440024110910185
10.0,0.0002416822696069,0.3050030138637734
10.0,0.0002426093475908,0.30560578661844484
10.0,0.0002430477592158,0.30620855937311636
10.0,0.0002443256593803,0.30681133212778783
10.0,0.0002449081505325,0.3074141048824593
10.0,0.0002449117462408,0.3080168776371308
10.0,0.000246346269348,0.3086196503918023
10.0,0.0002464181331815,0.3092224231464738
10.0,0.0002466105273797,0.30982519590114527
10.0,0.000247210093119,0.31042796865581673
10.0,0.0002475604913828,0.31103074141048825
10.0,0.0002477008533589,0.3116335141651597
10.0,0.000248739715925,0.31223628691983124
10.0,0.0002487875022524,0.3128390596745027
10.0,0.0002492202549023,0.3134418324291742
10.0,0.0002498023123429,0.3140446051838457
10.0,0.0002503602294566,0.31464737793851716
10.0,0.0002536765424685,0.3152501506931887
10.0,0.0002544396816664,0.31585292344786015
10.0,0.0002544460869708,0.31645569620253167
10.0,0.0002556672682695,0.31705846895720313
10.0,0.0002559553184126,0.3176612417118746
10.0,0.0002561883296785,0.3182640144665461
10.0,0.0002562428278943,0.3188667872212176
10.0,0.0002589277592714,0.3194695599758891
10.0,0.0002597826438777,0.32007233273056057
10.0,0.000260124916433,0.3206751054852321
10.0,0.0002605600176674,0.32127787823990356
10.0,0.0002616362556804,0.321880650994575
10.0,0.000261668223061,0.32248342374924654
10.0,0.0002618103357248,0.323086196503918
10.0,0.0002618134203472,0.32368896925858953
10.0,0.0002624420532687,0.324291742013261
10.0,0.000262655201284,0.32489451476793246
10.0,0.0002646131669564,0.325497287522604
10.0,0.0002647115453624,0.32610006027727545
10.0,0.00026507311529,0.32670283303194697
10.0,0.0002651231444353,0.32730560578661844
10.0,0.000265315319199,0.32790837854128996
10.0,0.0002676289753254,0.3285111512959614
10.0,0.000267784863699,0.3291139240506329
10.0,0.000268149880941,0.3297166968053044
10.0,0.0002683183790148,0.3303194695599759
10.0,0.0002690523577916,0.3309222423146474
10.0,0.0002708241256418,0.33152501506931886
10.0,0.0002717628318539,0.33212778782399033
10.0,0.0002718489685962,0.33273056057866185
10.0,0.0002719535573291,0.3333333333333333
10.0,0.0002721406376635,0.33393610608800484
10.0,0.000273523310422,0.3345388788426763
10.0,0.0002740223624937,0.3351416515973478
10.0,0.0002747952202334,0.3357444243520193
10.0,0.0002755479832226,0.33634719710669075
10.0,0.0002755792839589,0.3369499698613623
10.0,0.0002761181695475,0.33755274261603374
10.0,0.0002779020762933,0.33815551537070526
10.0,0.0002782761677563,0.3387582881253767
10.0,0.0002788654010066,0.33936106088004825
10.0,0.0002793863007824,0.3399638336347197
10.0,0.0002795089931135,0.3405666063893912
10.0,0.0002799748511753,0.3411693791440627
10.0,0.0002810549870903,0.34177215189873417
10.0,0.0002817509712169,0.3423749246534057
10.0,0.0002821253861023,0.34297769740807715
10.0,0.0002822455747918,0.3435804701627486
10.0,0.0002823798121066,0.34418324291742014
10.0,0.0002828517094316,0.3447860156720916
10.0,0.0002830430833787,0.3453887884267631
10.0,0.0002841413351477,0.3459915611814346
10.0,0.0002841823335229,0.3465943339361061
10.0,0.000284296620327,0.3471971066907776
10.0,0.0002847119943144,0.34779987944544904
10.0,0.0002849560512948,0.34840265220012057
10.0,0.0002854782745263,0.34900542495479203
10.0,0.0002855117720914,0.34960819770946355
10.0,0.0002865917951282,0.350210970464135
10.0,0.0002866214262539,0.3508137432188065
10.0,0.0002867845007518,0.351416515973478
10.0,0.0002871239137728,0.35201928872814947
10.0,0.0002872775847178,0.352622061482821
10.0,0.0002878842747255,0.35322483423749246
10.0,0.0002879199622614,0.353827606992164
10.0,0.0002891630142289,0.35443037974683544
10.0,0.0002894927402743,0.3550331525015069
10.0,0.0002895098425006,0.35563592525617843
10.0,0.0002897725124111,0.3562386980108499
10.0,0.0002924590750414,0.3568414707655214
10.0,0.0002928600095161,0.3574442435201929
10.0,0.0002929988967234,0.35804701627486435
10.0,0.0002934453837431,0.35864978902953587
10.0,0.0002935985597192,0.35925256178420734
10.0,0.0002951606029309,0.35985533453887886
10.0,0.0002955760350357,0.3604581072935503
10.0,0.0002956430665168,0.36106088004822184
10.0,0.0002957661455711,0.3616636528028933
10.0,0.0002959388134892,0.3622664255575648
10.0,0.0002977697947052,0.3628691983122363
10.0,0.0002979592836163,0.36347197106690776
10.0,0.0002980253253864,0.3640747438215793
10.0,0.0002985021392357,0.36467751657625075
10.0,0.0002997403757589,0.36528028933092227
10.0,0.0002999235538513,0.36588306208559374
10.0,0.0003002139441491,0.3664858348402652
10.0,0.0003002893806774,0.3670886075949367
10.0,0.0003011850072085,0.3676913803496082
10.0,0.0003016519687016,0.3682941531042797
10.0,0.0003017206439506,0.3688969258589512
10.0,0.0003026856404078,0.36949969861362264
10.0,0.0003030217042771,0.37010247136829416
10.0,0.000303202036887,0.3707052441229656
10.0,0.0003040614523349,0.37130801687763715
10.0,0.0003050674140016,0.3719107896323086
10.0,0.0003051009157014,0.37251356238698013
10.0,0.0003051150505985,0.3731163351416516
10.0,0.0003053285469599,0.37371910789632307
10.0,0.0003054604735729,0.3743218806509946
10.0,0.0003056914805683,0.37492465340566605
10.0,0.0003056921555287,0.3755274261603376
10.0,0.0003065682174862,0.37613019891500904
10.0,0.0003069677051372,0.3767329716696805
10.0,0.0003071881533127,0.377335744424352
10.0,0.0003083403148082,0.3779385171790235
10.0,0.0003085688488473,0.378541289933695
10.0,0.0003090890114616,0.3791440626883665
10.0,0.0003092142293636,0.379746835443038
10.0,0.0003093748910026,0.38034960819770947
10.0,0.0003095669918481,0.38095238095238093
10.0,0.0003103357395276,0.38155515370705245
10.0,0.0003119970722409,0.3821579264617239
10.0,0.0003148415888546,0.38276069921639544
10.0,0.0003152216323116,0.3833634719710669
10.0,0.0003173561552966,0.38396624472573837
10.0,0.000317375112133,0.3845690174804099
10.0,0.0003176942084477,0.38517179023508136
10.0,0.0003179231903872,0.3857745629897529
10.0,0.0003183688014646,0.38637733574442434
10.0,0.0003200328191793,0.38698010849909587
10.0,0.000320170199232,0.38758288125376733
10.0,0.0003215526891311,0.3881856540084388
10.0,0.000321625631667,0.3887884267631103
10.0,0.0003218985121453,0.3893911995177818
10.0,0.0003222077235536,0.3899939722724533
10.0,0.0003224725340648,0.39059674502712477
10.0,0.0003229216289645,0.39119951778179624
10.0,0.0003229311720338,0.39180229053646776
10.0,0.0003232500555584,0.3924050632911392
10.0,0.0003232670811007,0.39300783604581074
10.0,0.0003245005826918,0.3936106088004822
10.0,0.000325763693063,0.39421338155515373
10.0,0.0003270184867702,0.3948161543098252
10.0,0.0003273524108132,0.39541892706449666
10.0,0.0003278410938904,0.3960216998191682
10.0,0.0003281577019756,0.39662447257383965
10.0,0.0003292718563326,0.39722724532851117
10.0,0.0003294167949438,0.39783001808318263
10.0,0.0003296049208134,0.39843279083785416
10.0,0.0003298598105017,0.3990355635925256
10.0,0.0003299184369822,0.3996383363471971
10.0,0.0003300507807787,0.4002411091018686
10.0,0.0003302779259358,0.4008438818565401
10.0,0.0003302942170009,0.4014466546112116
10.0,0.0003306218778341,0.40204942736588306
10.0,0.0003314492437662,0.4026522001205545
10.0,0.0003321730169117,0.40325497287522605
10.0,0.0003325246047503,0.4038577456298975
10.0,0.000333537351833,0.40446051838456903
10.0,0.0003345129226638,0.4050632911392405
10.0,0.0003348782658107,0.405666063893912
10.0,0.0003361982669281,0.4062688366485835
10.0,0.0003365529744986,0.40687160940325495
10.0,0.0003373548840379,0.4074743821579265
10.0,0.000338446826859,0.40807715491259794
10.0,0.0003385531495635,0.40867992766726946
10.0,0.0003401349123477,0.4092827004219409
10.0,0.0003402362905244,0.4098854731766124
10.0,0.0003406302306066,0.4104882459312839
10.0,0.0003407026508658,0.4110910186859554
10.0,0.0003408782552966,0.4116937914406269
10.0,0.0003412072420047,0.41229656419529837
10.0,0.0003412997473946,0.4128993369499699
10.0,0.0003415398301326,0.41350210970464135
10.0,0.0003420895186837,0.4141048824593128
10.0,0.0003422048994183,0.41470765521398434
10.0,0.000342287647083,0.4153104279686558
10.0,0.0003423776578781,0.4159132007233273
10.0,0.0003439793993086,0.4165159734779988
10.0,0.0003447854809028,0.41711874623267026
10.0,0.0003453257636946,0.4177215189873418
10.0,0.0003454075892023,0.41832429174201324
10.0,0.0003457534634928,0.41892706449668476
10.0,0.000346309145137,0.41952983725135623
10.0,0.0003466698126915,0.42013261000602775
10.0,0.0003486268017732,0.4207353827606992
10.0,0.000349745026047,0.4213381555153707
10.0,0.0003502245937372,0.4219409282700422
10.0,0.0003505518512258,0.42254370102471367
10.0,0.0003507259291866,0.4231464737793852
10.0,0.0003507783935175,0.42374924653405666
10.0,0.0003513432421598,0.4243520192887282
10.0,0.0003520054324843,0.42495479204339964
10.0,0.0003520344796303,0.4255575647980711
10.0,0.0003524172544207,0.42616033755274263
10.0,0.0003524881895974,0.4267631103074141
10.0,0.0003525392584804,0.4273658830620856
10.0,0.0003526204306936,0.4279686558167571
10.0,0.0003526708564155,0.42857142857142855
10.0,0.0003526942599138,0.42917420132610007
10.0,0.0003528135272183,0.42977697408077153
10.0,0.0003530290762592,0.43037974683544306
10.0,0.0003533695398613,0.4309825195901145
10.0,0.0003534354044499,0.43158529234478604
10.0,0.0003537772346396,0.4321880650994575
10.0,0.0003542801192117,0.432790837854129
10.0,0.0003548241107542,0.4333936106088005
10.0,0.0003561842471775,0.43399638336347196
10.0,0.0003563655866046,0.4345991561181435
10.0,0.0003564223153882,0.43520192887281495
10.0,0.0003565148456967,0.4358047016274864
10.0,0.0003574002275338,0.43640747438215793
10.0,0.0003582927306018,0.4370102471368294
10.0,0.0003583043164594,0.4376130198915009
10.0,0.0003586318218808,0.4382157926461724
10.0,0.000359913833084,0.4388185654008439
10.0,0.0003604482317235,0.4394213381555154
10.0,0.000360492472427,0.44002411091018684
10.0,0.0003605709996703,0.44062688366485836
10.0,0.0003620745095916,0.4412296564195298
10.0,0.0003635601089639,0.44183242917420135
10.0,0.0003642105684085,0.4424352019288728
10.0,0.0003664791002265,0.4430379746835443
10.0,0.0003665555571613,0.4436407474382158
10.0,0.0003673105341828,0.44424352019288726
10.0,0.0003689374772238,0.4448462929475588
10.0,0.0003691287125312,0.44544906570223025
10.0,0.0003696408869157,0.4460518384569018
10.0,0.0003697939940416,0.44665461121157324
10.0,0.0003698702827097,0.4472573839662447
10.0,0.0003700241284143,0.4478601567209162
10.0,0.0003705123136328,0.4484629294755877
10.0,0.0003718091947403,0.4490657022302592
10.0,0.0003720325501627,0.4496684749849307
10.0,0.000372206846612,0.45027124773960214
10.0,0.0003722226391186,0.45087402049427366
10.0,0.0003724934466869,0.45147679324894513
10.0,0.0003732420391611,0.45207956600361665
10.0,0.000374495674637,0.4526823387582881
10.0,0.0003762843031894,0.45328511151295964
10.0,0.0003764452709182,0.4538878842676311
10.0,0.0003767459156297,0.45449065702230257
10.0,0.0003771945274274,0.4550934297769741
10.0,0.000377291658425,0.45569620253164556
10.0,0.0003778037939367,0.4562989752863171
10.0,0.0003785105586032,0.45690174804098854
10.0,0.0003823843947034,0.45750452079566006
10.0,0.0003824973312008,0.45810729355033153
10.0,0.0003837549276256,0.458710066305003
10.0,0.0003846256877071,0.4593128390596745
10.0,0.0003849810877567,0.459915611814346
10.0,0.000385749926993,0.4605183845690175
10.0,0.0003859734032602,0.46112115732368897
10.0,0.000386479410003,0.46172393007836043
10.0,0.0003866583092996,0.46232670283303196
10.0,0.0003867575684197,0.4629294755877034
10.0,0.0003867730884499,0.46353224834237494
10.0,0.0003875422549639,0.4641350210970464
10.0,0.00038782551507,0.46473779385171793
10.0,0.0003881198484788,0.4653405666063894
10.0,0.0003884096406077,0.46594333936106086
10.0,0.0003884209563848,0.4665461121157324
10.0,0.0003892827953728,0.46714888487040385
10.0,0.0003894491442273,0.46775165762507537
10.0,0.0003899569402357,0.46835443037974683
10.0,0.000392106207207,0.4689572031344183
10.0,0.0003923423096573,0.4695599758890898
10.0,0.0003928800244464,0.4701627486437613
10.0,0.0003934796310641,0.4707655213984328
10.0,0.0003935270026282,0.4713682941531043
10.0,0.0003945106036434,0.4719710669077758
10.0,0.0003952967198688,0.47257383966244726
10.0,0.0003975316476361,0.4731766124171187
10.0,0.0003976588513021,0.47377938517179025
10.0,0.0003978053183775,0.4743821579264617
10.0,0.0003995880712198,0.47498493068113323
10.0,0.0004008444544099,0.4755877034358047
10.0,0.0004013752946864,0.47619047619047616
10.0,0.0004024165624398,0.4767932489451477
10.0,0.0004024665994064,0.47739602169981915
10.0,0.0004038036886271,0.47799879445449067
10.0,0.0004042195089275,0.47860156720916214
10.0,0.0004046681547838,0.47920433996383366
10.0,0.0004047666567304,0.4798071127185051
10.0,0.0004048539537966,0.4804098854731766
10.0,0.0004050929746292,0.4810126582278481
10.0,0.0004051022829593,0.4816154309825196
10.0,0.000405186749583,0.4822182037371911
10.0,0.0004071256781937,0.48282097649186256
10.0,0.0004072726213928,0.48342374924653403
10.0,0.0004078282552623,0.48402652200120555
10.0,0.0004087225429653,0.484629294755877
10.0,0.0004087728029912,0.48523206751054854
10.0,0.0004101837762876,0.48583484026522
10.0,0.0004104335528674,0.4864376130198915
10.0,0.0004104729528008,0.487040385774563
10.0,0.0004106470862746,0.48764315852923446
10.0,0.0004110330233532,0.488245931283906
10.0,0.0004125059870283,0.48884870403857744
10.0,0.0004125118845023,0.48945147679324896
10.0,0.0004131608588041,0.49005424954792043
10.0,0.0004139009107655,0.49065702230259195
10.0,0.0004142383605895,0.4912597950572634
10.0,0.0004144786364642,0.4918625678119349
10.0,0.0004146024408685,0.4924653405666064
10.0,0.0004159884286001,0.49306811332127787
10.0,0.0004160834274899,0.4936708860759494
10.0,0.0004168733661993,0.49427365883062085
10.0,0.0004170796575861,0.4948764315852923
10.0,0.0004177182747795,0.49547920433996384
10.0,0.0004179111991864,0.4960819770946353
10.0,0.0004183875943611,0.49668474984930683
10.0,0.0004188340831667,0.4972875226039783
10.0,0.0004197753734886,0.4978902953586498
10.0,0.0004205129188356,0.4984930681133213
10.0,0.0004205450721737,0.49909584086799275
10.0,0.0004206075207509,0.49969861362266427
10.0,0.0004206911228672,0.5003013863773358
10.0,0.0004208190899074,0.5009041591320073
10.0,0.0004209760316047,0.5015069318866787
10.0,0.0004211482974772,0.5021097046413502
10.0,0.0004213645451243,0.5027124773960217
10.0,0.0004216745602271,0.5033152501506932
10.0,0.0004224201953804,0.5039180229053647
10.0,0.0004226830904679,0.5045207956600362
10.0,0.0004241997700646,0.5051235684147076
10.0,0.0004243568796544,0.5057263411693791
10.0,0.0004254641787047,0.5063291139240507
10.0,0.0004255428396795,0.5069318866787221
10.0,0.000425556623232,0.5075346594333936
10.0,0.0004258699518332,0.5081374321880651
10.0,0.0004260585939167,0.5087402049427366
10.0,0.000426706175847,0.5093429776974081
10.0,0.0004276513002405,0.5099457504520796
10.0,0.000429025135189,0.510548523206751
10.0,0.0004302213126577,0.5111512959614225
10.0,0.0004311128364961,0.5117540687160941
10.0,0.0004314949139475,0.5123568414707655
10.0,0.0004317032800824,0.512959614225437
10.0,0.0004320278034092,0.5135623869801085
10.0,0.0004325787449661,0.5141651597347799
10.0,0.0004349008455034,0.5147679324894515
10.0,0.0004357461932778,0.515370705244123
10.0,0.0004367555292861,0.5159734779987944
10.0,0.000437004987762,0.5165762507534659
10.0,0.0004370562932162,0.5171790235081374
10.0,0.0004373586325643,0.517781796262809
10.0,0.0004377718695006,0.5183845690174804
10.0,0.0004382536624358,0.5189873417721519
10.0,0.0004386162786359,0.5195901145268234
10.0,0.000439258968066,0.5201928872814949
10.0,0.000440903418062,0.5207956600361664
10.0,0.0004419787640972,0.5213984327908379
10.0,0.0004433843085437,0.5220012055455093
10.0,0.0004441885388003,0.5226039783001808
10.0,0.0004446284429522,0.5232067510548524
10.0,0.0004458016599155,0.5238095238095238
10.0,0.0004466274138284,0.5244122965641953
10.0,0.0004480438456905,0.5250150693188668
10.0,0.0004485935423309,0.5256178420735382
10.0,0.0004499102399057,0.5262206148282098
10.0,0.0004505845244927,0.5268233875828813
10.0,0.0004511680640567,0.5274261603375527
10.0,0.0004519467197006,0.5280289330922242
10.0,0.0004519774690839,0.5286317058468957
10.0,0.0004524395179159,0.5292344786015672
10.0,0.0004552468051971,0.5298372513562387
10.0,0.0004553131061217,0.5304400241109102
10.0,0.0004554102581599,0.5310427968655816
10.0,0.0004554864954799,0.5316455696202531
10.0,0.000456411006026,0.5322483423749247
10.0,0.0004569696637547,0.5328511151295962
10.0,0.0004576844660194,0.5334538878842676
10.0,0.0004581685560733,0.5340566606389391
10.0,0.0004582049882762,0.5346594333936107
10.0,0.0004586509161943,0.5352622061482821
10.0,0.0004591949997523,0.5358649789029536
10.0,0.0004594920812475,0.5364677516576251
10.0,0.0004598928315762,0.5370705244122965
10.0,0.0004600161668847,0.5376732971669681
10.0,0.000460106240013,0.5382760699216396
10.0,0.000460278604715,0.538878842676311
10.0,0.000460878690918,0.5394816154309825
10.0,0.0004615829743304,0.540084388185654
10.0,0.0004616117394125,0.5406871609403255
10.0,0.0004617339843,0.541289933694997
10.0,0.0004622247976728,0.5418927064496685
10.0,0.0004625315333355,0.5424954792043399
10.0,0.0004634116534402,0.5430982519590114
10.0,0.0004654972746401,0.543701024713683
10.0,0.0004656747574127,0.5443037974683544
10.0,0.0004664619567301,0.5449065702230259
10.0,0.0004665376409957,0.5455093429776974
10.0,0.0004676788482965,0.546112115732369
10.0,0.0004679923651458,0.5467148884870404
10.0,0.000468263123165,0.5473176612417119
10.0,0.0004687046693007,0.5479204339963833
10.0,0.000468867387141,0.5485232067510548
10.0,0.0004699514222303,0.5491259795057264
10.0,0.0004700251229326,0.5497287522603979
10.0,0.0004722393266169,0.5503315250150693
10.0,0.0004723409987189,0.5509342977697408
10.0,0.0004733564808101,0.5515370705244123
10.0,0.0004734331835622,0.5521398432790838
10.0,0.000473851408898,0.5527426160337553
10.0,0.000473918599776,0.5533453887884268
10.0,0.0004750810346187,0.5539481615430982
10.0,0.00047590759965,0.5545509342977697
10.0,0.0004765875256544,0.5551537070524413
10.0,0.0004776366779798,0.5557564798071127
10.0,0.0004781516827578,0.5563592525617842
10.0,0.0004782467889107,0.5569620253164557
10.0,0.0004783637748715,0.5575647980711271
10.0,0.000478408225778,0.5581675708257987
10.0,0.000478551137348,0.5587703435804702
10.0,0.0004787138197462,0.5593731163351416
10.0,0.0004803842521435,0.5599758890898131
10.0,0.0004804886785306,0.5605786618444847
10.0,0.0004820310634629,0.5611814345991561
10.0,0.000485001812202,0.5617842073538276
10.0,0.0004851104903106,0.5623869801084991
10.0,0.0004862126482916,0.5629897528631705
10.0,0.0004863304772096,0.5635925256178421
10.0,0.000486631265795,0.5641952983725136
10.0,0.0004866835425231,0.564798071127185
10.0,0.000487764081179,0.5654008438818565
10.0,0.0004881635824782,0.566003616636528
10.0,0.0004883763156954,0.5666063893911996
10.0,0.0004903968858827,0.567209162145871
10.0,0.0004909668858022,0.5678119349005425
10.0,0.0004916767576905,0.568414707655214
10.0,0.0004917945688886,0.5690174804098854
10.0,0.0004920839999016,0.569620253164557
10.0,0.0004930829516291,0.5702230259192285
10.0,0.0004933376600287,0.5708257986738999
10.0,0.0004952261432431,0.5714285714285714
10.0,0.0004961625152018,0.5720313441832429
10.0,0.0004979984311129,0.5726341169379144
10.0,0.0004981109945309,0.5732368896925859
10.0,0.0004982435035206,0.5738396624472574
10.0,0.0004988855404875,0.5744424352019288
10.0,0.000498964829235,0.5750452079566004
10.0,0.0004992846629174,0.5756479807112719
10.0,0.0004992931311497,0.5762507534659433
10.0,0.0005000237818674,0.5768535262206148
10.0,0.0005005833391934,0.5774562989752863
10.0,0.0005006637663594,0.5780590717299579
10.0,0.0005018595972916,0.5786618444846293
10.0,0.000503962079969,0.5792646172393008
10.0,0.000505472159147,0.5798673899939722
10.0,0.0005065006757571,0.5804701627486437
10.0,0.0005071917597705,0.5810729355033153
10.0,0.0005077348029514,0.5816757082579868
10.0,0.0005079523503371,0.5822784810126582
10.0,0.0005079756093241,0.5828812537673297
10.0,0.0005086875285734,0.5834840265220012
10.0,0.0005095691261622,0.5840867992766727
10.0,0.0005114275755434,0.5846895720313442
10.0,0.0005117864929828,0.5852923447860157
10.0,0.0005130088852345,0.5858951175406871
10.0,0.0005131775401553,0.5864978902953587
10.0,0.0005133961877185,0.5871006630500302
10.0,0.0005135971776603,0.5877034358047016
10.0,0.0005144057119647,0.5883062085593731
10.0,0.0005144321421143,0.5889089813140446
10.0,0.0005147789329676,0.5895117540687161
10.0,0.0005157808303282,0.5901145268233876
10.0,0.0005162939337103,0.5907172995780591
10.0,0.0005173587593482,0.5913200723327305
10.0,0.0005178807268356,0.591922845087402
10.0,0.0005180094721346,0.5925256178420736
10.0,0.0005182775469039,0.593128390596745
10.0,0.0005183306672024,0.5937311633514165
10.0,0.000519206452311,0.594333936106088
10.0,0.0005205895135992,0.5949367088607594
10.0,0.0005221149452231,0.595539481615431
10.0,0.0005222596108729,0.5961422543701025
10.0,0.0005233413345962,0.596745027124774
10.0,0.0005244620082427,0.5973477998794454
10.0,0.0005248230385194,0.5979505726341169
10.0,0.0005256091849119,0.5985533453887885
10.0,0.000527287582606,0.5991561181434599
10.0,0.0005273044793211,0.5997588908981314
10.0,0.0005276148282853,0.6003616636528029
10.0,0.0005276833561922,0.6009644364074744
10.0,0.0005287870369687,0.6015672091621459
10.0,0.0005288901045989,0.6021699819168174
10.0,0.0005297712728776,0.6027727546714888
10.0,0.0005304184325865,0.6033755274261603
10.0,0.0005308565772911,0.6039783001808319
10.0,0.0005308985264567,0.6045810729355033
10.0,0.0005309867987936,0.6051838456901748
10.0,0.0005310616535782,0.6057866184448463
10.0,0.000531638475702,0.6063893911995177
10.0,0.00053388273945,0.6069921639541893
10.0,0.0005347336444463,0.6075949367088608
10.0,0.0005350922074305,0.6081977094635322
10.0,0.0005353391441614,0.6088004822182037
10.0,0.0005353540796919,0.6094032549728752
10.0,0.0005371650996462,0.6100060277275468
10.0,0.0005380105290496,0.6106088004822182
10.0,0.000538652976743,0.6112115732368897
10.0,0.0005407522420489,0.6118143459915611
10.0,0.0005424727195647,0.6124171187462327
10.0,0.0005430797094388,0.6130198915009042
10.0,0.0005436904167185,0.6136226642555757
10.0,0.0005459059783735,0.6142254370102471
10.0,0.0005464705231884,0.6148282097649186
10.0,0.0005466660971334,0.6154309825195902
10.0,0.0005477199148245,0.6160337552742616
10.0,0.0005480545432637,0.6166365280289331
10.0,0.0005489297308974,0.6172393007836046
10.0,0.000550595588948,0.617842073538276
10.0,0.0005512138663281,0.6184448462929476
10.0,0.0005522519108102,0.6190476190476191
10.0,0.0005548056160873,0.6196503918022905
10.0,0.0005562103680131,0.620253164556962
10.0,0.0005576931305626,0.6208559373116335
10.0,0.0005579080733679,0.621458710066305
10.0,0.0005599355366898,0.6220614828209765
10.0,0.0005599682946747,0.622664255575648
10.0,0.0005603513401558,0.6232670283303194
10.0,0.0005616485663748,0.6238698010849909
10.0,0.0005623507185338,0.6244725738396625
10.0,0.0005636646335136,0.625075346594334
10.0,0.0005644092752896,0.6256781193490054
10.0,0.0005671679620327,0.6262808921036769
10.0,0.0005672587271528,0.6268836648583485
10.0,0.000567746463897,0.6274864376130199
10.0,0.0005691343946073,0.6280892103676914
10.0,0.0005692539844546,0.6286919831223629
10.0,0.0005693330880016,0.6292947558770343
10.0,0.0005706238495967,0.6298975286317059
10.0,0.0005717755956474,0.6305003013863774
10.0,0.0005747643094461,0.6311030741410488
10.0,0.0005750759059421,0.6317058468957203
10.0,0.0005779071847495,0.6323086196503918
10.0,0.0005802216769557,0.6329113924050633
10.0,0.0005804940112314,0.6335141651597348
10.0,0.0005822942071019,0.6341169379144063
10.0,0.0005832229494548,0.6347197106690777
10.0,0.0005846105518868,0.6353224834237492
10.0,0.0005858068285894,0.6359252561784208
10.0,0.000585956965514,0.6365280289330922
10.0,0.0005869258669385,0.6371308016877637
10.0,0.0005882705634088,0.6377335744424352
10.0,0.000588732529972,0.6383363471971067
10.0,0.0005889252010326,0.6389391199517782
10.0,0.0005894938622074,0.6395418927064497
10.0,0.0005912251479728,0.6401446654611211
10.0,0.0005917319411297,0.6407474382157926
10.0,0.0005917413816252,0.6413502109704642
10.0,0.0005925298170795,0.6419529837251357
10.0,0.0005928132992281,0.6425557564798071
10.0,0.0005930280792936,0.6431585292344786
10.0,0.0005942112428429,0.64376130198915
10.0,0.0005948879381539,0.6443640747438216
10.0,0.0005991494077171,0.6449668474984931
10.0,0.0006022094499972,0.6455696202531646
10.0,0.0006023038476614,0.646172393007836
10.0,0.0006023183723834,0.6467751657625075
10.0,0.0006023512386252,0.6473779385171791
10.0,0.0006031201334217,0.6479807112718505
10.0,0.0006049044952239,0.648583484026522
10.0,0.0006055974138294,0.6491862567811935
10.0,0.0006060902554509,0.6497890295358649
10.0,0.0006069365099414,0.6503918022905365
10.0,0.000610845724553,0.650994575045208
10.0,0.0006117265113078,0.6515973477998794
10.0,0.0006122603930569,0.6522001205545509
10.0,0.0006122670744013,0.6528028933092225
10.0,0.000612614577711,0.6534056660638939
10.0,0.0006132812733064,0.6540084388185654
10.0,0.0006134073925537,0.6546112115732369
10.0,0.0006147418664904,0.6552139843279083
10.0,0.0006164513370505,0.6558167570825799
10.0,0.0006172116856426,0.6564195298372514
10.0,0.0006172904719626,0.6570223025919228
10.0,0.0006177271770727,0.6576250753465943
10.0,0.0006201414287438,0.6582278481012658
10.0,0.0006207449005275,0.6588306208559374
10.0,0.0006207660519483,0.6594333936106088
10.0,0.0006218003329246,0.6600361663652803
10.0,0.0006221910490378,0.6606389391199518
10.0,0.0006225193134556,0.6612417118746232
10.0,0.0006231175547494,0.6618444846292948
10.0,0.0006232182250513,0.6624472573839663
10.0,0.0006248219527506,0.6630500301386377
10.0,0.0006252996484994,0.6636528028933092
10.0,0.000625370738745,0.6642555756479807
10.0,0.00062756737044,0.6648583484026522
10.0,0.000627809717171,0.6654611211573237
10.0,0.0006284654781949,0.6660638939119952
10.0,0.0006297157863844,0.6666666666666666
10.0,0.0006301328141203,0.6672694394213382
10.0,0.0006307411270779,0.6678722121760097
10.0,0.0006323737061571,0.6684749849306811
10.0,0.0006325393718303,0.6690777576853526
10.0,0.0006334568233539,0.6696805304400241
10.0,0.0006350735633038,0.6702833031946956
10.0,0.0006355535589702,0.6708860759493671
10.0,0.0006360032515025,0.6714888487040386
10.0,0.0006361416470472,0.67209162145871
10.0,0.0006368504754937,0.6726943942133815
10.0,0.0006368965569231,0.6732971669680531
10.0,0.000638665306408,0.6738999397227246
10.0,0.000638759531697,0.674502712477396
10.0,0.0006430407050223,0.6751054852320675
10.0,0.0006443035947851,0.675708257986739
10.0,0.0006457086109107,0.6763110307414105
10.0,0.0006464623479033,0.676913803496082
10.0,0.0006470424035292,0.6775165762507535
10.0,0.0006475349013772,0.6781193490054249
10.0,0.0006479297826548,0.6787221217600965
10.0,0.0006479595078581,0.679324894514768
10.0,0.0006482050014325,0.6799276672694394
10.0,0.0006485783104493,0.6805304400241109
10.0,0.0006493242628061,0.6811332127787824
10.0,0.0006498860909824,0.6817359855334539
10.0,0.0006514627613965,0.6823387582881254
10.0,0.0006522109310987,0.6829415310427969
10.0,0.0006523296811739,0.6835443037974683
10.0,0.0006529180957477,0.6841470765521398
10.0,0.0006546770878223,0.6847498493068114
10.0,0.0006550820796984,0.6853526220614828
10.0,0.0006569573725617,0.6859553948161543
10.0,0.0006587169886445,0.6865581675708258
10.0,0.0006587676937495,0.6871609403254972
10.0,0.0006587961420771,0.6877637130801688
10.0,0.0006594409097464,0.6883664858348403
10.0,0.0006613610434148,0.6889692585895117
10.0,0.0006615622507333,0.6895720313441832
10.0,0.0006622465687954,0.6901748040988547
10.0,0.0006632028248523,0.6907775768535263
10.0,0.0006632905442562,0.6913803496081977
10.0,0.0006647843110448,0.6919831223628692
10.0,0.000666687606382,0.6925858951175407
10.0,0.0006676793830476,0.6931886678722122
10.0,0.0006681980456081,0.6937914406268837
10.0,0.0006691443676941,0.6943942133815552
10.0,0.0006708037524785,0.6949969861362266
10.0,0.0006709714723423,0.6955997588908981
10.0,0.0006714138298923,0.6962025316455697
10.0,0.0006724779516409,0.6968053044002411
10.0,0.0006729297725305,0.6974080771549126
10.0,0.0006736958276934,0.6980108499095841
10.0,0.0006747969267249,0.6986136226642555
10.0,0.0006751728627682,0.6992163954189271
10.0,0.0006757896082982,0.6998191681735986
10.0,0.0006760371853374,0.70042194092827
10.0,0.0006761939065533,0.7010247136829415
10.0,0.0006772172508931,0.701627486437613
10.0,0.0006793474506775,0.7022302591922845
10.0,0.0006813850315876,0.702833031946956
10.0,0.0006824202914147,0.7034358047016275
10.0,0.0006829470545401,0.7040385774562989
10.0,0.000683193678313,0.7046413502109705
10.0,0.0006836654320258,0.705244122965642
10.0,0.0006861020542039,0.7058468957203134
10.0,0.0006861069849452,0.7064496684749849
10.0,0.0006861523656644,0.7070524412296564
10.0,0.000687114248786,0.707655213984328
10.0,0.0006872938723692,0.7082579867389994
10.0,0.0006882143740374,0.7088607594936709
10.0,0.0006884736791031,0.7094635322483424
10.0,0.0006892453690198,0.7100663050030138
10.0,0.0006921907402527,0.7106690777576854
10.0,0.000692533789696,0.7112718505123569
10.0,0.0006931271251766,0.7118746232670283
10.0,0.0006932190560004,0.7124773960216998
10.0,0.0006957746264145,0.7130801687763713
10.0,0.0006960362327317,0.7136829415310428
10.0,0.0006972754273902,0.7142857142857143
10.0,0.0006984160446798,0.7148884870403858
10.0,0.0006986545912634,0.7154912597950572
10.0,0.0006986858099007,0.7160940325497287
10.0,0.0006990219139655,0.7166968053044003
10.0,0.0006996907079385,0.7172995780590717
10.0,0.0007008360614403,0.7179023508137432
10.0,0.0007011036541841,0.7185051235684147
10.0,0.0007019892224498,0.7191078963230862
10.0,0.0007022933840858,0.7197106690777577
10.0,0.0007033464006239,0.7203134418324292
10.0,0.0007034123809909,0.7209162145871006
10.0,0.0007039440428902,0.7215189873417721
10.0,0.0007056093432528,0.7221217600964437
10.0,0.0007075423763313,0.7227245328511152
10.0,0.0007078572402679,0.7233273056057866
10.0,0.0007078739926648,0.7239300783604581
10.0,0.0007084111880091,0.7245328511151296
10.0,0.0007084678268067,0.7251356238698011
10.0,0.0007086738243939,0.7257383966244726
10.0,0.0007088758059635,0.7263411693791441
10.0,0.0007091072052883,0.7269439421338155
10.0,0.0007094041820039,0.727546714888487
10.0,0.0007094103839676,0.7281494876431586
10.0,0.0007099151182173,0.72875226039783
10.0,0.0007100474806822,0.7293550331525015
10.0,0.000710890946923,0.729957805907173
10.0,0.0007109957316283,0.7305605786618445
10.0,0.0007115720054838,0.731163351416516
10.0,0.0007115876655161,0.7317661241711875
10.0,0.0007119074208756,0.7323688969258589
10.0,0.0007120837876606,0.7329716696805304
10.0,0.0007125297471918,0.733574442435202
10.0,0.0007139951625997,0.7341772151898734
10.0,0.0007141947392469,0.7347799879445449
10.0,0.0007145645026506,0.7353827606992164
10.0,0.000715555972498,0.7359855334538878
10.0,0.0007159656335462,0.7365883062085594
10.0,0.0007160707107812,0.7371910789632309
10.0,0.0007166249469224,0.7377938517179023
10.0,0.0007174552816567,0.7383966244725738
10.0,0.0007181435920526,0.7389993972272453
10.0,0.0007198646028894,0.7396021699819169
10.0,0.0007210305892852,0.7402049427365883
10.0,0.0007210701468725,0.7408077154912598
10.0,0.0007227398524109,0.7414104882459313
10.0,0.000723131288926,0.7420132610006027
10.0,0.0007235667641002,0.7426160337552743
10.0,0.0007236716432221,0.7432188065099458
10.0,0.0007255017403955,0.7438215792646172
10.0,0.0007266471120583,0.7444243520192887
10.0,0.000728948419627,0.7450271247739603
10.0,0.0007292978108939,0.7456298975286317
10.0,0.0007302522382878,0.7462326702833032
10.0,0.0007304789355922,0.7468354430379747
10.0,0.0007309421134837,0.7474382157926461
10.0,0.000731238619108,0.7480409885473177
10.0,0.0007317573883305,0.7486437613019892
10.0,0.0007326041628493,0.7492465340566606
10.0,0.0007326877488215,0.7498493068113321
10.0,0.0007329419765159,0.7504520795660036
10.0,0.0007338392823074,0.7510548523206751
10.0,0.0007340865942286,0.7516576250753466
10.0,0.0007370774280014,0.7522603978300181
10.0,0.0007374120772761,0.7528631705846895
10.0,0.0007383476106244,0.753465943339361
10.0,0.0007392950040923,0.7540687160940326
10.0,0.0007395205548225,0.754671488848704
10.0,0.0007398312871365,0.7552742616033755
10.0,0.0007400851453917,0.755877034358047
10.0,0.000741687306756,0.7564798071127184
10.0,0.0007416886755068,0.75708257986739
10.0,0.000741862229811,0.7576853526220615
10.0,0.0007427740371508,0.758288125376733
10.0,0.0007448857167247,0.7588908981314044
10.0,0.0007457286355975,0.759493670886076
10.0,0.0007464999303139,0.7600964436407475
10.0,0.0007469525055462,0.7606992163954189
10.0,0.0007474588813339,0.7613019891500904
10.0,0.0007474804164343,0.7619047619047619
10.0,0.0007478327282567,0.7625075346594334
10.0,0.0007484496063183,0.7631103074141049
10.0,0.0007490336935235,0.7637130801687764
10.0,0.0007500825209627,0.7643158529234478
10.0,0.0007515991086336,0.7649186256781193
10.0,0.0007517136774329,0.7655213984327909
10.0,0.0007517216853413,0.7661241711874623
10.0,0.0007520933417371,0.7667269439421338
10.0,0.0007523436554683,0.7673297166968053
10.0,0.0007528660769869,0.7679324894514767
10.0,0.0007528779710387,0.7685352622061483
10.0,0.000752915227385,0.7691380349608198
10.0,0.0007530795269024,0.7697408077154912
10.0,0.0007533401950904,0.7703435804701627
10.0,0.0007535001866889,0.7709463532248343
10.0,0.0007544794121124,0.7715491259795058
10.0,0.0007551920965067,0.7721518987341772
10.0,0.0007561488976961,0.7727546714888487
10.0,0.0007563086045077,0.7733574442435202
10.0,0.0007566404980076,0.7739602169981917
10.0,0.000761016017922,0.7745629897528632
10.0,0.0007618292569658,0.7751657625075347
10.0,0.0007619687538509,0.7757685352622061
10.0,0.0007636458559346,0.7763713080168776
10.0,0.0007642736290002,0.7769740807715492
10.0,0.0007649546175002,0.7775768535262206
10.0,0.0007653536253028,0.7781796262808921
10.0,0.0007656964463362,0.7787823990355636
10.0,0.0007659430180921,0.779385171790235
10.0,0.0007663761810468,0.7799879445449066
10.0,0.00076709931619,0.7805907172995781
10.0,0.0007671446156811,0.7811934900542495
10.0,0.0007674526681835,0.781796262808921
10.0,0.0007685808215297,0.7823990355635925
10.0,0.0007687701358081,0.783001808318264
10.0,0.0007692271543652,0.7836045810729355
10.0,0.000769399185327,0.784207353827607
10.0,0.0007694078844124,0.7848101265822784
10.0,0.0007695394510824,0.78541289933695
10.0,0.0007697062659696,0.7860156720916215
10.0,0.000770001782369,0.786618444846293
10.0,0.0007708632086758,0.7872212176009644
10.0,0.0007728934142646,0.7878239903556359
10.0,0.0007730648354997,0.7884267631103075
10.0,0.0007735599136814,0.7890295358649789
10.0,0.0007747592994855,0.7896323086196504
10.0,0.00077499056319,0.7902350813743219
10.0,0.0007749983752459,0.7908378541289933
10.0,0.0007755480650329,0.7914406268836649
10.0,0.0007755635630448,0.7920433996383364
10.0,0.0007757342408578,0.7926461723930078
10.0,0.000776341585393,0.7932489451476793
10.0,0.0007767416570571,0.7938517179023508
10.0,0.0007776761897694,0.7944544906570223
10.0,0.0007777309223313,0.7950572634116938
10.0,0.0007780945014483,0.7956600361663653
10.0,0.0007789506228034,0.7962628089210367
10.0,0.0007799902602798,0.7968655816757083
10.0,0.0007813274083288,0.7974683544303798
10.0,0.0007815547059034,0.7980711271850512
10.0,0.0007820496255739,0.7986738999397227
10.0,0.0007825034841733,0.7992766726943942
10.0,0.0007835284710346,0.7998794454490658
10.0,0.0007843953811131,0.8004822182037372
10.0,0.0007844684430946,0.8010849909584087
10.0,0.0007848240896804,0.8016877637130801
10.0,0.0007854439655542,0.8022905364677516
10.0,0.0007857707917358,0.8028933092224232
10.0,0.0007858574248669,0.8034960819770947
10.0,0.0007863025553631,0.8040988547317661
10.0,0.0007863611776432,0.8047016274864376
10.0,0.0007865723619632,0.805304400241109
10.0,0.0007880520051477,0.8059071729957806
10.0,0.0007885441239362,0.8065099457504521
10.0,0.0007900555473806,0.8071127185051236
10.0,0.0007915054347864,0.807715491259795
10.0,0.0007927523339499,0.8083182640144665
10.0,0.0007936471068649,0.8089210367691381
10.0,0.000794082203421,0.8095238095238095
10.0,0.0007977185947165,0.810126582278481
10.0,0.0007991842487745,0.8107293550331525
10.0,0.0007993637587598,0.811332127787824
10.0,0.0008000229141962,0.8119349005424955
10.0,0.0008003352131046,0.812537673297167
10.0,0.000801034388764,0.8131404460518384
10.0,0.0008015537508122,0.8137432188065099
10.0,0.0008021433692529,0.8143459915611815
10.0,0.000803047998531,0.814948764315853
10.0,0.0008032484446202,0.8155515370705244
10.0,0.000804556207035,0.8161543098251959
10.0,0.0008045766010597,0.8167570825798673
10.0,0.0008050782817822,0.8173598553345389
10.0,0.0008060810866712,0.8179626280892104
10.0,0.0008063724402011,0.8185654008438819
10.0,0.0008074593118742,0.8191681735985533
10.0,0.0008087146272493,0.8197709463532248
10.0,0.0008090845002188,0.8203737191078964
10.0,0.0008092819886597,0.8209764918625678
10.0,0.0008093176407642,0.8215792646172393
10.0,0.0008108834492126,0.8221820373719108
10.0,0.0008111614740673,0.8227848101265823
10.0,0.0008118946772494,0.8233875828812538
10.0,0.0008122537208005,0.8239903556359253
10.0,0.0008131508297871,0.8245931283905967
10.0,0.0008145414733112,0.8251959011452682
10.0,0.0008165548610132,0.8257986738999398
10.0,0.0008168397183024,0.8264014466546112
10.0,0.0008174725409275,0.8270042194092827
10.0,0.0008176321967461,0.8276069921639542
10.0,0.0008176769917023,0.8282097649186256
10.0,0.000817678732863,0.8288125376732972
10.0,0.0008178529732126,0.8294153104279687
10.0,0.0008179801725054,0.8300180831826401
10.0,0.0008180019191459,0.8306208559373116
10.0,0.0008185553808053,0.8312236286919831
10.0,0.0008192939222879,0.8318264014466547
10.0,0.0008201847739684,0.8324291742013261
10.0,0.0008215943656874,0.8330319469559976
10.0,0.0008221554028822,0.833634719710669
10.0,0.0008221560315102,0.8342374924653405
10.0,0.0008222277016884,0.8348402652200121
10.0,0.0008227383547349,0.8354430379746836
10.0,0.0008233289543201,0.836045810729355
10.0,0.0008234485263853,0.8366485834840265
10.0,0.0008258773033169,0.8372513562386981
10.0,0.0008295471414388,0.8378541289933695
10.0,0.0008304418508397,0.838456901748041
10.0,0.0008321997453253,0.8390596745027125
10.0,0.0008324149223642,0.8396624472573839
10.0,0.0008324250539128,0.8402652200120555
10.0,0.0008325354776078,0.840867992766727
10.0,0.0008336199192033,0.8414707655213984
10.0,0.0008337160280646,0.8420735382760699
10.0,0.0008345458452198,0.8426763110307414
10.0,0.0008346027055195,0.8432790837854129
10.0,0.0008361385410114,0.8438818565400844
10.0,0.0008387704376566,0.8444846292947559
10.0,0.0008392163083841,0.8450874020494273
10.0,0.0008405214737656,0.8456901748040988
10.0,0.0008405424148376,0.8462929475587704
10.0,0.000842655990537,0.8468957203134418
10.0,0.0008428001658489,0.8474984930681133
10.0,0.0008435670755529,0.8481012658227848
10.0,0.0008444017635504,0.8487040385774564
10.0,0.0008446822284783,0.8493068113321278
10.0,0.0008475362507887,0.8499095840867993
10.0,0.000847758663311,0.8505123568414708
10.0,0.0008485060170648,0.8511151295961422
10.0,0.0008501091868511,0.8517179023508138
10.0,0.000850259157403,0.8523206751054853
10.0,0.0008505210612603,0.8529234478601567
10.0,0.0008511969413886,0.8535262206148282
10.0,0.0008513894686233,0.8541289933694997
10.0,0.0008517908543929,0.8547317661241712
10.0,0.0008537793801489,0.8553345388788427
10.0,0.0008538074295205,0.8559373116335142
10.0,0.0008538383830271,0.8565400843881856
10.0,0.0008544745355156,0.8571428571428571
10.0,0.0008550553498891,0.8577456298975287
10.0,0.0008553648978703,0.8583484026522001
10.0,0.0008557952186495,0.8589511754068716
10.0,0.0008561819382872,0.8595539481615431
10.0,0.0008574863989787,0.8601567209162145
10.0,0.0008583123922568,0.8607594936708861
10.0,0.0008593457226823,0.8613622664255576
10.0,0.0008603240224821,0.861965039180229
10.0,0.0008604811140578,0.8625678119349005
10.0,0.0008611601873586,0.8631705846895721
10.0,0.0008624117875091,0.8637733574442436
10.0,0.0008631344277828,0.864376130198915
10.0,0.0008640541167449,0.8649789029535865
10.0,0.0008648205970085,0.865581675708258
10.0,0.0008652488576217,0.8661844484629295
10.0,0.0008660921860931,0.866787221217601
10.0,0.0008678710074226,0.8673899939722725
10.0,0.0008703727134602,0.8679927667269439
10.0,0.0008709545866205,0.8685955394816154
10.0,0.0008714890744036,0.869198312236287
10.0,0.0008724249827534,0.8698010849909584
10.0,0.0008731510214053,0.8704038577456299
10.0,0.0008747474030013,0.8710066305003014
10.0,0.0008764031431502,0.8716094032549728
10.0,0.0008767475145181,0.8722121760096444
10.0,0.0008774278698518,0.8728149487643159
10.0,0.0008774909537923,0.8734177215189873
10.0,0.0008775220547855,0.8740204942736588
10.0,0.0008785811885701,0.8746232670283303
10.0,0.0008789978659808,0.8752260397830018
10.0,0.0008802705964835,0.8758288125376733
10.0,0.0008807608573934,0.8764315852923448
10.0,0.0008829750223999,0.8770343580470162
10.0,0.0008848679358212,0.8776371308016878
10.0,0.000885790558734,0.8782399035563593
10.0,0.000886653118256,0.8788426763110307
10.0,0.0008870145309676,0.8794454490657022
10.0,0.0008883305572694,0.8800482218203737
10.0,0.0008918591305084,0.8806509945750453
10.0,0.0008921155584881,0.8812537673297167
10.0,0.0008929043103796,0.8818565400843882
10.0,0.0008954077621763,0.8824593128390597
10.0,0.0008956239582731,0.8830620855937311
10.0,0.000896074604669,0.8836648583484027
10.0,0.000899202639228,0.8842676311030742
10.0,0.0008997528819501,0.8848704038577456
10.0,0.0009004057603771,0.8854731766124171
10.0,0.000902454828566,0.8860759493670886
10.0,0.0009034132179059,0.8866787221217601
10.0,0.0009037272437388,0.8872814948764316
10.0,0.0009039737292258,0.8878842676311031
10.0,0.000904827884464,0.8884870403857745
10.0,0.0009049467052833,0.8890898131404461
10.0,0.0009049707279123,0.8896925858951176
10.0,0.0009055052007594,0.890295358649789
10.0,0.0009058634138139,0.8908981314044605
10.0,0.0009060687440433,0.891500904159132
10.0,0.0009086136696014,0.8921036769138035
10.0,0.0009099042761447,0.892706449668475
10.0,0.0009115212732996,0.8933092224231465
10.0,0.0009137176909908,0.8939119951778179
10.0,0.0009162758117412,0.8945147679324894
10.0,0.0009175019255,0.895117540687161
10.0,0.0009208959037844,0.8957203134418324
10.0,0.0009244434160763,0.8963230861965039
10.0,0.0009255334835562,0.8969258589511754
10.0,0.0009259969515783,0.8975286317058468
10.0,0.0009262834322254,0.8981314044605184
10.0,0.0009271412266566,0.8987341772151899
10.0,0.0009284635467054,0.8993369499698614
10.0,0.0009307529256281,0.8999397227245328
10.0,0.0009310800169905,0.9005424954792043
10.0,0.0009316689563206,0.9011452682338759
10.0,0.000931993770011,0.9017480409885473
10.0,0.0009329819831376,0.9023508137432188
10.0,0.0009335575103104,0.9029535864978903
10.0,0.0009345165135463,0.9035563592525618
10.0,0.0009349743827841,0.9041591320072333
10.0,0.0009350856468373,0.9047619047619048
10.0,0.0009355308006868,0.9053646775165762
10.0,0.000937497467367,0.9059674502712477
10.0,0.0009381901055477,0.9065702230259193
10.0,0.0009387633293039,0.9071729957805907
10.0,0.0009409748454488,0.9077757685352622
10.0,0.0009410550220972,0.9083785412899337
10.0,0.0009420533536641,0.9089813140446051
10.0,0.0009428149657541,0.9095840867992767
10.0,0.0009429479349534,0.9101868595539482
10.0,0.0009462980388673,0.9107896323086196
10.0,0.0009465757460413,0.9113924050632911
10.0,0.0009480224314103,0.9119951778179626
10.0,0.0009488893647973,0.9125979505726342
10.0,0.000949032491111,0.9132007233273056
10.0,0.0009502791494545,0.9138034960819771
10.0,0.0009518090916711,0.9144062688366486
10.0,0.0009555469848176,0.9150090415913201
10.0,0.0009567114691578,0.9156118143459916
10.0,0.0009574547316941,0.9162145871006631
10.0,0.000957681089634,0.9168173598553345
10.0,0.0009604434213497,0.917420132610006
10.0,0.0009618939455181,0.9180229053646776
10.0,0.0009631633893795,0.918625678119349
10.0,0.0009633299750778,0.9192284508740205
10.0,0.0009658674298884,0.919831223628692
10.0,0.0009660773399132,0.9204339963833634
10.0,0.0009669976587557,0.921036769138035
10.0,0.0009691366640188,0.9216395418927065
10.0,0.0009710957655784,0.9222423146473779
10.0,0.0009744942662802,0.9228450874020494
10.0,0.0009749223142979,0.9234478601567209
10.0,0.0009755006910132,0.9240506329113924
10.0,0.0009761168088648,0.9246534056660639
10.0,0.0009804383896537,0.9252561784207354
10.0,0.0009804493792128,0.9258589511754068
10.0,0.0009817303228949,0.9264617239300783
10.0,0.00098335843917,0.9270644966847499
10.0,0.0009894968474215,0.9276672694394213
10.0,0.0009905009474695,0.9282700421940928
10.0,0.0009911112615671,0.9288728149487643
10.0,0.0009917503789561,0.9294755877034359
10.0,0.0009921548847895,0.9300783604581073
10.0,0.0009931787010677,0.9306811332127788
10.0,0.0009964419429569,0.9312839059674503
10.0,0.000996929109523,0.9318866787221217
10.0,0.0010015320782473,0.9324894514767933
10.0,0.0010020983411775,0.9330922242314648
10.0,0.0010040251815152,0.9336949969861362
10.0,0.0010070493130096,0.9342977697408077
10.0,0.0010139444292024,0.9349005424954792
10.0,0.0010180711719841,0.9355033152501507
10.0,0.0010206035834178,0.9361060880048222
10.0,0.0010220786335613,0.9367088607594937
10.0,0.0010228708549008,0.9373116335141651
10.0,0.0010280746475872,0.9379144062688366
10.0,0.0010310044268856,0.9385171790235082
10.0,0.0010311006039262,0.9391199517781796
10.0,0.0010330026421245,0.9397227245328511
10.0,0.0010330736387817,0.9403254972875226
10.0,0.0010347620868042,0.9409282700421941
10.0,0.0010351648992439,0.9415310427968656
10.0,0.0010375203956887,0.9421338155515371
10.0,0.0010375998089557,0.9427365883062085
10.0,0.0010400160402005,0.94333936106088
10.0,0.0010468083048195,0.9439421338155516
10.0,0.0010525769436325,0.944544906570223
10.0,0.0010529679241882,0.9451476793248945
10.0,0.0010602182063011,0.945750452079566
10.0,0.0010606786420218,0.9463532248342374
10.0,0.0010777955201478,0.946955997588909
10.0,0.0010779949340288,0.9475587703435805
10.0,0.0010789556636741,0.948161543098252
10.0,0.0010797091855249,0.9487643158529234
10.0,0.0010814581303736,0.9493670886075949
10.0,0.0010833965096054,0.9499698613622665
10.0,0.0010885856584232,0.9505726341169379
10.0,0.0010897469786915,0.9511754068716094
10.0,0.0010914866311073,0.9517781796262809
10.0,0.0010954962899041,0.9523809523809523
10.0,0.001101010310528,0.9529837251356239
10.0,0.0011049903418356,0.9535864978902954
10.0,0.0011145053319492,0.9541892706449668
10.0,0.0011146686994709,0.9547920433996383
10.0,0.0011224387658979,0.9553948161543099
10.0,0.001129915858264,0.9559975889089813
10.0,0.0011306176221208,0.9566003616636528
10.0,0.0011373361583012,0.9572031344183243
10.0,0.0011427695206205,0.9578059071729957
10.0,0.0011486655661791,0.9584086799276673
10.0,0.0011577014481169,0.9590114526823388
10.0,0.0011581464634447,0.9596142254370102
10.0,0.0011897110928917,0.9602169981916817
10.0,0.0011996951569761,0.9608197709463532
10.0,0.0012030099050057,0.9614225437010248
10.0,0.0012197611961241,0.9620253164556962
10.0,0.0012207690580918,0.9626280892103677
10.0,0.0012221474225498,0.9632308619650392
10.0,0.001223751811034,0.9638336347197106
10.0,0.0012251170965955,0.9644364074743822
10.0,0.0012316157944877,0.9650391802290537
10.0,0.0012360008196683,0.9656419529837251
10.0,0.0012384888318472,0.9662447257383966
10.0,0.0012417518498426,0.9668474984930681
10.0,0.0012624148865486,0.9674502712477396
10.0,0.0012810495718687,0.9680530440024111
10.0,0.0012875096326524,0.9686558167570826
10.0,0.0012877893542833,0.969258589511754
10.0,0.0012960165934015,0.9698613622664256
10.0,0.0013025050067613,0.9704641350210971
10.0,0.0013079804160268,0.9710669077757685
10.0,0.001318432512355,0.97166968053044
10.0,0.0013485534051783,0.9722724532851115
10.0,0.0013529215900196,0.972875226039783
10.0,0.001364855163696,0.9734779987944545
10.0,0.0013693115505772,0.974080771549126
10.0,0.0013717643548388,0.9746835443037974
10.0,0.0013787896749214,0.9752863170584689
10.0,0.0013819912589381,0.9758890898131405
10.0,0.0014103403446167,0.976491862567812
10.0,0.0014342611488543,0.9770946353224834
10.0,0.0014434958010947,0.9776974080771549
10.0,0.0014480856805259,0.9783001808318263
10.0,0.0014646402701365,0.9789029535864979
10.0,0.001466860263672,0.9795057263411694
10.0,0.0014691811216948,0.9801084990958409
10.0,0.0014787328374492,0.9807112718505123
10.0,0.0014797906808934,0.9813140446051839
10.0,0.0014877981716144,0.9819168173598554
10.0,0.0014912850156599,0.9825195901145268
10.0,0.0014930887063888,0.9831223628691983
10.0,0.0014984277171065,0.9837251356238698
10.0,0.0015020239295271,0.9843279083785413
10.0,0.0015045505836881,0.9849306811332128
10.0,0.0015058705370509,0.9855334538878843
10.0,0.0015114756503934,0.9861362266425557
10.0,0.0015156084450751,0.9867389993972272
10.0,0.0015255150391559,0.9873417721518988
10.0,0.0015348965512648,0.9879445449065702
10.0,0.0015374409373889,0.9885473176612417
10.0,0.0015486132450977,0.9891500904159132
10.0,0.0015541792308509,0.9897528631705846
10.0,0.0015573816888263,0.9903556359252562
10.0,0.0015609730711089,0.9909584086799277
10.0,0.0015717943724771,0.9915611814345991
10.0,0.0015846881581619,0.9921639541892706
10.0,0.0015847851105279,0.9927667269439421
10.0,0.0015915212284478,0.9933694996986137
10.0,0.001591549249953,0.9939722724532851
10.0,0.0015954577586926,0.9945750452079566
10.0,0.0016125440827502,0.995177817962628
10.0,0.0016130719451322,0.9957805907172996
10.0,0.0016160100846327,0.9963833634719711
10.0,0.0016218022628465,0.9969861362266426
10.0,0.001622504090214,0.997588908981314
10.0,0.0016242420566518,0.9981916817359855
10.0,0.0016340582005092,0.9987944544906571
10.0,0.0017106139001169,0.9993972272453285
10.0,0.0017139406053439,1.0
15.0,3.568393656672164e-07,0.0006027727546714888
15.0,5.139457742719955e-07,0.0012055455093429777
15.0,7.885714867206239e-07,0.0018083182640144665
15.0,1.1499178708962443e-06,0.0024110910186859553
15.0,2.062666789898193e-06,0.0030138637733574444
15.0,2.532774240171509e-06,0.003616636528028933
15.0,2.6717947152476995e-06,0.004219409282700422
15.0,3.0037230161206185e-06,0.004822182037371911
15.0,3.407925379006471e-06,0.0054249547920434
15.0,3.4709613614403168e-06,0.006027727546714889
15.0,3.571742433094993e-06,0.006630500301386378
15.0,4.164852489552118e-06,0.007233273056057866
15.0,4.482634445773792e-06,0.007836045810729355
15.0,5.419246324050997e-06,0.008438818565400843
15.0,6.641973992527195e-06,0.009041591320072333
15.0,6.810138847734848e-06,0.009644364074743821
15.0,7.374928532422054e-06,0.010247136829415311
15.0,7.693111832463018e-06,0.0108499095840868
15.0,8.242673767033804e-06,0.011452682338758288
15.0,1.0280917338456597e-05,0.012055455093429777
15.0,1.0400924014691835e-05,0.012658227848101266
15.0,1.0955801053980084e-05,0.013261000602772756
15.0,1.1098073624538074e-05,0.013863773357444244
15.0,1.1433663984400376e-05,0.014466546112115732
15.0,1.2107501890928908e-05,0.015069318866787222
15.0,1.226217684521802e-05,0.01567209162145871
15.0,1.3679948271089204e-05,0.0162748643761302
15.0,1.4180403848318424e-05,0.016877637130801686
15.0,1.4211388409873791e-05,0.017480409885473176
15.0,1.4473612196613804e-05,0.018083182640144666
15.0,1.5670979753329428e-05,0.018685955394816153
15.0,1.5796159089143114e-05,0.019288728149487643
15.0,1.7006681105685706e-05,0.019891500904159132
15.0,1.844650576085516e-05,0.020494273658830622
15.0,1.9175681120253696e-05,0.02109704641350211
15.0,1.93388876949252e-05,0.0216998191681736
15.0,1.938418483446447e-05,0.02230259192284509
15.0,1.9707245960398637e-05,0.022905364677516575
15.0,2.123686669552871e-05,0.023508137432188065
15.0,2.1572471986808228e-05,0.024110910186859555
15.0,2.2470396430829265e-05,0.02471368294153104
15.0,2.310137300901016e-05,0.02531645569620253
15.0,2.3619220131942956e-05,0.02591922845087402
15.0,2.54957746723683e-05,0.02652200120554551
15.0,2.7463441163722013e-05,0.027124773960216998
15.0,2.893043923973826e-05,0.027727546714888487
15.0,2.907276071820175e-05,0.028330319469559977
15.0,2.923237895924302e-05,0.028933092224231464
15.0,2.9982339635720168e-05,0.029535864978902954
15.0,3.0051838561501176e-05,0.030138637733574444
15.0,3.141990015889662e-05,0.03074141048824593
15.0,3.2625497925070635e-05,0.03134418324291742
15.0,3.3475201879573646e-05,0.031946955997588906
15.0,3.478303698370433e-05,0.0325497287522604
15.0,3.524782344346833e-05,0.033152501506931886
15.0,3.52985337473688e-05,0.03375527426160337
15.0,3.530157099482234e-05,0.034358047016274866
15.0,3.530985495756034e-05,0.03496081977094635
15.0,3.66177253159905e-05,0.03556359252561784
15.0,3.7227920896804045e-05,0.03616636528028933
15.0,3.762622956349215e-05,0.03676913803496082
15.0,3.866876249589146e-05,0.037371910789632305
15.0,3.876914505338003e-05,0.0379746835443038
15.0,3.980465030709035e-05,0.038577456298975285
15.0,3.996053228388918e-05,0.03918022905364678
15.0,4.0178972554927306e-05,0.039783001808318265
15.0,4.035844632732655e-05,0.04038577456298975
15.0,4.072327102766504e-05,0.040988547317661245
15.0,4.185337685941315e-05,0.04159132007233273
15.0,4.2206300598313096e-05,0.04219409282700422
15.0,4.222845946408316e-05,0.04279686558167571
15.0,4.2737417815658096e-05,0.0433996383363472
15.0,4.339940962777567e-05,0.044002411091018684
15.0,4.362952259037711e-05,0.04460518384569018
15.0,4.4004393091323646e-05,0.045207956600361664
15.0,4.409040681319088e-05,0.04581072935503315
15.0,4.437951186717082e-05,0.046413502109704644
15.0,4.4453388827275786e-05,0.04701627486437613
15.0,4.461330362931504e-05,0.047619047619047616
15.0,4.524191913707343e-05,0.04822182037371911
15.0,4.5834172614306334e-05,0.048824593128390596
15.0,4.599603367644312e-05,0.04942736588306208
15.0,4.700256989439988e-05,0.050030138637733576
15.0,4.731225562992769e-05,0.05063291139240506
15.0,4.842431824012006e-05,0.05123568414707655
15.0,4.979454597670019e-05,0.05183845690174804
15.0,4.980833303461218e-05,0.05244122965641953
15.0,4.9921037864913975e-05,0.05304400241109102
15.0,5.097683223043159e-05,0.05364677516576251
15.0,5.245945706267019e-05,0.054249547920433995
15.0,5.256624476723815e-05,0.05485232067510549
15.0,5.3084770340688925e-05,0.055455093429776975
15.0,5.372715411139373e-05,0.05605786618444846
15.0,5.38999359744885e-05,0.056660638939119955
15.0,5.422804418905858e-05,0.05726341169379144
15.0,5.535450171856304e-05,0.05786618444846293
15.0,5.588558853253378e-05,0.05846895720313442
15.0,5.608349619340425e-05,0.05907172995780591
15.0,5.671846503021993e-05,0.059674502712477394
15.0,5.75157434396234e-05,0.06027727546714889
15.0,5.7693376243173056e-05,0.060880048221820374
15.0,5.787577573476699e-05,0.06148282097649186
15.0,5.806580747297341e-05,0.062085593731163354
15.0,5.939638277838166e-05,0.06268836648583484
15.0,5.954077104422528e-05,0.06329113924050633
15.0,6.04490684304182e-05,0.06389391199517781
15.0,6.069900357952296e-05,0.0644966847498493
15.0,6.0966206643697785e-05,0.0650994575045208
15.0,6.109504237622465e-05,0.06570223025919228
15.0,6.140785679795147e-05,0.06630500301386377
15.0,6.181699459301138e-05,0.06690777576853527
15.0,6.244584448664159e-05,0.06751054852320675
15.0,6.302252960016519e-05,0.06811332127787824
15.0,6.308975257054983e-05,0.06871609403254973
15.0,6.337204850356826e-05,0.06931886678722121
15.0,6.472433428844626e-05,0.0699216395418927
15.0,6.556563316875708e-05,0.0705244122965642
15.0,6.573549097216302e-05,0.07112718505123568
15.0,6.609842030447233e-05,0.07172995780590717
15.0,6.618802124805367e-05,0.07233273056057866
15.0,6.639406430838934e-05,0.07293550331525014
15.0,6.695466948863915e-05,0.07353827606992164
15.0,6.736003885990383e-05,0.07414104882459313
15.0,6.795509870852201e-05,0.07474382157926461
15.0,6.802427088575813e-05,0.0753465943339361
15.0,6.816749609050987e-05,0.0759493670886076
15.0,6.886228140423611e-05,0.07655213984327909
15.0,6.940832353086179e-05,0.07715491259795057
15.0,7.028105009826424e-05,0.07775768535262206
15.0,7.049925711521965e-05,0.07836045810729356
15.0,7.05833469828443e-05,0.07896323086196504
15.0,7.382172252765051e-05,0.07956600361663653
15.0,7.396157203384823e-05,0.08016877637130802
15.0,7.483189436185977e-05,0.0807715491259795
15.0,7.51014635217706e-05,0.081374321880651
15.0,7.567478277295536e-05,0.08197709463532249
15.0,7.74418638104235e-05,0.08257986738999397
15.0,7.824088417321406e-05,0.08318264014466546
15.0,7.833763930634174e-05,0.08378541289933696
15.0,7.858560140339144e-05,0.08438818565400844
15.0,7.962197264432813e-05,0.08499095840867993
15.0,7.971819924573742e-05,0.08559373116335142
15.0,8.03072852443576e-05,0.0861965039180229
15.0,8.044502524401365e-05,0.0867992766726944
15.0,8.101800721163621e-05,0.08740204942736589
15.0,8.176968315698474e-05,0.08800482218203737
15.0,8.243861269771613e-05,0.08860759493670886
15.0,8.255735817738752e-05,0.08921036769138035
15.0,8.323539979529504e-05,0.08981314044605183
15.0,8.369757861509397e-05,0.09041591320072333
15.0,8.38694485546243e-05,0.09101868595539482
15.0,8.433989232858874e-05,0.0916214587100663
15.0,8.441571992473529e-05,0.0922242314647378
15.0,8.446661861502558e-05,0.09282700421940929
15.0,8.45466835707187e-05,0.09342977697408077
15.0,8.486274219829393e-05,0.09403254972875226
15.0,8.505059520180769e-05,0.09463532248342375
15.0,8.635813596977182e-05,0.09523809523809523
15.0,8.708074968835633e-05,0.09584086799276673
15.0,8.724602265361425e-05,0.09644364074743822
15.0,8.765039978306244e-05,0.0970464135021097
15.0,8.767287702446391e-05,0.09764918625678119
15.0,8.768806719589017e-05,0.09825195901145269
15.0,8.963479925161444e-05,0.09885473176612417
15.0,8.988663552214615e-05,0.09945750452079566
15.0,9.051215365321608e-05,0.10006027727546715
15.0,9.179286414867648e-05,0.10066305003013863
15.0,9.237009473322956e-05,0.10126582278481013
15.0,9.303646294567258e-05,0.10186859553948162
15.0,9.357227197684392e-05,0.1024713682941531
15.0,9.384694805733562e-05,0.10307414104882459
15.0,9.399793183817452e-05,0.10367691380349608
15.0,9.417511747394912e-05,0.10427968655816756
15.0,9.454881140796843e-05,0.10488245931283906
15.0,9.54848376970574e-05,0.10548523206751055
15.0,9.566928646756456e-05,0.10608800482218204
15.0,9.62495519715445e-05,0.10669077757685352
15.0,9.676223594956568e-05,0.10729355033152502
15.0,9.790502061504668e-05,0.10789632308619651
15.0,9.95822410284064e-05,0.10849909584086799
15.0,0.0001001553476269,0.10910186859553948
15.0,0.0001008045335285,0.10970464135021098
15.0,0.0001008579385912,0.11030741410488246
15.0,0.0001017648628885,0.11091018685955395
15.0,0.0001017943052629,0.11151295961422544
15.0,0.0001021074092005,0.11211573236889692
15.0,0.0001024836067057,0.11271850512356842
15.0,0.0001029901560196,0.11332127787823991
15.0,0.0001036471098615,0.11392405063291139
15.0,0.0001039275545197,0.11452682338758288
15.0,0.0001040159023956,0.11512959614225438
15.0,0.0001045648685544,0.11573236889692586
15.0,0.000105160646324,0.11633514165159735
15.0,0.0001051975034464,0.11693791440626884
15.0,0.0001057891998143,0.11754068716094032
15.0,0.0001058115370571,0.11814345991561181
15.0,0.0001066345612858,0.11874623267028331
15.0,0.0001066348061048,0.11934900542495479
15.0,0.0001073717451042,0.11995177817962628
15.0,0.0001077807146721,0.12055455093429777
15.0,0.000108249678017,0.12115732368896925
15.0,0.0001086751180576,0.12176009644364075
15.0,0.0001089507464877,0.12236286919831224
15.0,0.0001095150135744,0.12296564195298372
15.0,0.000109568500448,0.12356841470765521
15.0,0.000110498444537,0.12417118746232671
15.0,0.000110588468264,0.12477396021699819
15.0,0.0001106208565655,0.12537673297166968
15.0,0.000110643122938,0.12597950572634117
15.0,0.0001116426624951,0.12658227848101267
15.0,0.0001123340338231,0.12718505123568416
15.0,0.0001128984784581,0.12778782399035563
15.0,0.0001133211073124,0.12839059674502712
15.0,0.0001139883212255,0.1289933694996986
15.0,0.0001141052492592,0.1295961422543701
15.0,0.0001141701060703,0.1301989150090416
15.0,0.0001142393968088,0.1308016877637131
15.0,0.0001144405366219,0.13140446051838456
15.0,0.0001147382486925,0.13200723327305605
15.0,0.0001148662719711,0.13261000602772754
15.0,0.0001150710845478,0.13321277878239904
15.0,0.0001157426573947,0.13381555153707053
15.0,0.0001158327410218,0.13441832429174203
15.0,0.0001161109868809,0.1350210970464135
15.0,0.0001181390708913,0.13562386980108498
15.0,0.0001183968983562,0.13622664255575648
15.0,0.0001193639478534,0.13682941531042797
15.0,0.000120086687952,0.13743218806509946
15.0,0.0001213328113235,0.13803496081977096
15.0,0.0001216140533307,0.13863773357444242
15.0,0.0001225397822663,0.13924050632911392
15.0,0.0001227571811457,0.1398432790837854
15.0,0.0001231862581599,0.1404460518384569
15.0,0.0001235325300668,0.1410488245931284
15.0,0.0001240284998501,0.1416515973477999
15.0,0.0001240573667929,0.14225437010247136
15.0,0.0001243304837287,0.14285714285714285
15.0,0.0001247996227847,0.14345991561181434
15.0,0.0001251438177034,0.14406268836648584
15.0,0.0001259772396974,0.14466546112115733
15.0,0.000126502546011,0.14526823387582882
15.0,0.0001269259956155,0.1458710066305003
15.0,0.0001270081811751,0.14647377938517178
15.0,0.0001280516816314,0.14707655213984328
15.0,0.000128711888468,0.14767932489451477
15.0,0.0001287398620466,0.14828209764918626
15.0,0.0001293620925925,0.14888487040385776
15.0,0.0001301233157146,0.14948764315852922
15.0,0.0001302630987555,0.15009041591320071
15.0,0.0001303435524798,0.1506931886678722
15.0,0.0001310876193464,0.1512959614225437
15.0,0.0001311075991637,0.1518987341772152
15.0,0.0001320986017592,0.1525015069318867
15.0,0.0001334513746295,0.15310427968655818
15.0,0.0001342789908651,0.15370705244122965
15.0,0.0001344748683476,0.15430982519590114
15.0,0.0001349317627171,0.15491259795057263
15.0,0.0001352064001627,0.15551537070524413
15.0,0.0001353822506361,0.15611814345991562
15.0,0.0001356079127894,0.1567209162145871
15.0,0.0001361140685606,0.15732368896925858
15.0,0.0001362738571233,0.15792646172393007
15.0,0.0001364479244383,0.15852923447860157
15.0,0.0001365021260519,0.15913200723327306
15.0,0.0001366159956018,0.15973477998794455
15.0,0.0001368062764437,0.16033755274261605
15.0,0.0001370457611276,0.1609403254972875
15.0,0.0001395001378997,0.161543098251959
15.0,0.0001397180489158,0.1621458710066305
15.0,0.0001400136551768,0.162748643761302
15.0,0.0001407826894754,0.16335141651597349
15.0,0.000141010093852,0.16395418927064498
15.0,0.0001411957815726,0.16455696202531644
15.0,0.0001416402099717,0.16515973477998794
15.0,0.0001417205675278,0.16576250753465943
15.0,0.0001432059730028,0.16636528028933092
15.0,0.0001440476713686,0.16696805304400242
15.0,0.0001441042000847,0.1675708257986739
15.0,0.0001442571886152,0.16817359855334538
15.0,0.0001443152911108,0.16877637130801687
15.0,0.0001444377464696,0.16937914406268836
15.0,0.0001447904027686,0.16998191681735986
15.0,0.0001449503443749,0.17058468957203135
15.0,0.0001452883235171,0.17118746232670284
15.0,0.0001455147158831,0.1717902350813743
15.0,0.0001460598278777,0.1723930078360458
15.0,0.0001476441696735,0.1729957805907173
15.0,0.0001485677663491,0.1735985533453888
15.0,0.0001492178800811,0.17420132610006028
15.0,0.0001493015081531,0.17480409885473178
15.0,0.0001497881549346,0.17540687160940324
15.0,0.0001518305593855,0.17600964436407474
15.0,0.000152204300221,0.17661241711874623
15.0,0.0001524485837774,0.17721518987341772
15.0,0.0001526367956981,0.17781796262808922
15.0,0.0001529781196457,0.1784207353827607
15.0,0.0001536547590987,0.17902350813743217
15.0,0.0001537183958652,0.17962628089210367
15.0,0.0001537215480583,0.18022905364677516
15.0,0.0001540730800762,0.18083182640144665
15.0,0.0001555463632121,0.18143459915611815
15.0,0.0001562283020293,0.18203737191078964
15.0,0.0001565476027679,0.18264014466546113
15.0,0.0001566976778475,0.1832429174201326
15.0,0.0001574952751174,0.1838456901748041
15.0,0.0001580196725112,0.1844484629294756
15.0,0.0001593904129847,0.18505123568414708
15.0,0.0001612882493031,0.18565400843881857
15.0,0.0001613827146892,0.18625678119349007
15.0,0.0001633889607092,0.18685955394816153
15.0,0.0001635626352105,0.18746232670283303
15.0,0.000164157112462,0.18806509945750452
15.0,0.0001647267899105,0.188667872212176
15.0,0.0001649860635728,0.1892706449668475
15.0,0.0001650387803383,0.189873417721519
15.0,0.0001653150118515,0.19047619047619047
15.0,0.0001654404155075,0.19107896323086196
15.0,0.0001662187600392,0.19168173598553345
15.0,0.0001665491954082,0.19228450874020495
15.0,0.0001669705248541,0.19288728149487644
15.0,0.000167334355666,0.19349005424954793
15.0,0.0001679895287962,0.1940928270042194
15.0,0.0001682902316341,0.1946955997588909
15.0,0.0001683066462954,0.19529837251356238
15.0,0.000168546804565,0.19590114526823388
15.0,0.0001699410065162,0.19650391802290537
15.0,0.0001702440078863,0.19710669077757687
15.0,0.0001702760339573,0.19770946353224833
15.0,0.0001707178218537,0.19831223628691982
15.0,0.0001717592249343,0.19891500904159132
15.0,0.0001743373608507,0.1995177817962628
15.0,0.0001754231589739,0.2001205545509343
15.0,0.0001760878596428,0.2007233273056058
15.0,0.0001781223814294,0.20132610006027726
15.0,0.0001784516709415,0.20192887281494876
15.0,0.0001791123813551,0.20253164556962025
15.0,0.0001793887254097,0.20313441832429174
15.0,0.0001797517950384,0.20373719107896324
15.0,0.0001801910711679,0.20433996383363473
15.0,0.0001802998592599,0.2049427365883062
15.0,0.000180453875546,0.2055455093429777
15.0,0.0001809566920628,0.20614828209764918
15.0,0.000183057087338,0.20675105485232068
15.0,0.0001841510963697,0.20735382760699217
15.0,0.0001848029076776,0.20795660036166366
15.0,0.0001860373393955,0.20855937311633513
15.0,0.0001866295560854,0.20916214587100662
15.0,0.0001874020515556,0.20976491862567812
15.0,0.0001878906466132,0.2103676913803496
15.0,0.0001880817804343,0.2109704641350211
15.0,0.0001881996499808,0.2115732368896926
15.0,0.0001889806540947,0.2121760096443641
15.0,0.0001892398146308,0.21277878239903555
15.0,0.0001892688924452,0.21338155515370705
15.0,0.0001900895044066,0.21398432790837854
15.0,0.0001908775825702,0.21458710066305003
15.0,0.0001922172459273,0.21518987341772153
15.0,0.0001923317278899,0.21579264617239302
15.0,0.0001923834029266,0.2163954189270645
15.0,0.0001927335931431,0.21699819168173598
15.0,0.0001930360202121,0.21760096443640747
15.0,0.0001931008499723,0.21820373719107897
15.0,0.0001934993432058,0.21880650994575046
15.0,0.0001936291884142,0.21940928270042195
15.0,0.0001936811579986,0.22001205545509342
15.0,0.0001938195858854,0.2206148282097649
15.0,0.0001943966235829,0.2212176009644364
15.0,0.0001949501845367,0.2218203737191079
15.0,0.0001953747340089,0.2224231464737794
15.0,0.000195880482164,0.2230259192284509
15.0,0.0001966668666719,0.22362869198312235
15.0,0.0001984002373243,0.22423146473779385
15.0,0.0001989023099622,0.22483423749246534
15.0,0.0001991698431365,0.22543701024713683
15.0,0.0002004084612458,0.22603978300180833
15.0,0.000200410110448,0.22664255575647982
15.0,0.0002005036493726,0.22724532851115128
15.0,0.0002007022963282,0.22784810126582278
15.0,0.000200920052898,0.22845087402049427
15.0,0.0002010528221912,0.22905364677516576
15.0,0.0002013569112518,0.22965641952983726
15.0,0.0002016054215652,0.23025919228450875
15.0,0.0002016442734934,0.23086196503918022
15.0,0.0002017457850588,0.2314647377938517
15.0,0.0002025715217506,0.2320675105485232
15.0,0.0002032598880984,0.2326702833031947
15.0,0.0002045354905742,0.2332730560578662
15.0,0.0002048686253187,0.23387582881253768
15.0,0.0002049895992145,0.23447860156720915
15.0,0.0002061543782583,0.23508137432188064
15.0,0.0002064662205847,0.23568414707655214
15.0,0.0002069027466669,0.23628691983122363
15.0,0.000206952043491,0.23688969258589512
15.0,0.0002079701213998,0.23749246534056662
15.0,0.000208051792429,0.23809523809523808
15.0,0.0002094761626637,0.23869801084990958
15.0,0.0002096155922341,0.23930078360458107
15.0,0.0002096668567955,0.23990355635925256
15.0,0.0002101596447736,0.24050632911392406
15.0,0.0002101960681262,0.24110910186859555
15.0,0.0002106002744326,0.24171187462326701
15.0,0.0002111080434491,0.2423146473779385
15.0,0.0002112554441454,0.24291742013261
15.0,0.000211524486276,0.2435201928872815
15.0,0.000211924410765,0.244122965641953
15.0,0.0002121444344854,0.24472573839662448
15.0,0.0002126668491448,0.24532851115129597
15.0,0.0002139339728006,0.24593128390596744
15.0,0.0002140791557843,0.24653405666063893
15.0,0.0002146870665439,0.24713682941531043
15.0,0.000214926129992,0.24773960216998192
15.0,0.0002171018248591,0.24834237492465341
15.0,0.0002176115063198,0.2489451476793249
15.0,0.0002182544074772,0.24954792043399637
15.0,0.0002190388860651,0.2501506931886679
15.0,0.0002194221851927,0.25075346594333936
15.0,0.0002200394511456,0.2513562386980108
15.0,0.0002211712969898,0.25195901145268235
15.0,0.0002217512842386,0.2525617842073538
15.0,0.000222178860784,0.25316455696202533
15.0,0.0002222870759153,0.2537673297166968
15.0,0.0002224884171664,0.2543701024713683
15.0,0.0002233489799518,0.2549728752260398
15.0,0.0002233947290126,0.25557564798071125
15.0,0.0002236371496606,0.2561784207353828
15.0,0.0002236716442234,0.25678119349005424
15.0,0.0002238379641294,0.25738396624472576
15.0,0.0002239118161019,0.2579867389993972
15.0,0.0002239547979764,0.2585895117540687
15.0,0.0002241429960083,0.2591922845087402
15.0,0.000224430774873,0.2597950572634117
15.0,0.0002245805920379,0.2603978300180832
15.0,0.0002263737172556,0.26100060277275466
15.0,0.0002268163034245,0.2616033755274262
15.0,0.0002279785202601,0.26220614828209765
15.0,0.0002286561088569,0.2628089210367691
15.0,0.000229729049961,0.26341169379144064
15.0,0.0002308412392247,0.2640144665461121
15.0,0.0002308920307653,0.2646172393007836
15.0,0.0002310748399258,0.2652200120554551
15.0,0.0002312852417632,0.26582278481012656
15.0,0.0002316458959174,0.2664255575647981
15.0,0.0002319635009392,0.26702833031946954
15.0,0.0002324612447437,0.26763110307414106
15.0,0.0002326474716606,0.26823387582881253
15.0,0.0002329020862067,0.26883664858348405
15.0,0.0002331513249508,0.2694394213381555
15.0,0.0002336036785412,0.270042194092827
15.0,0.0002339562155804,0.2706449668474985
15.0,0.0002341695366795,0.27124773960216997
15.0,0.0002343575375131,0.2718505123568415
15.0,0.0002347873678821,0.27245328511151296
15.0,0.0002353311856828,0.2730560578661845
15.0,0.0002360747943107,0.27365883062085594
15.0,0.0002361246291074,0.2742616033755274
15.0,0.0002363684626384,0.27486437613019893
15.0,0.0002366538803143,0.2754671488848704
15.0,0.0002371659029172,0.2760699216395419
15.0,0.000237405660251,0.2766726943942134
15.0,0.0002374354308513,0.27727546714888485
15.0,0.0002376279206505,0.27787823990355637
15.0,0.000237764224476,0.27848101265822783
15.0,0.0002387427792127,0.27908378541289935
15.0,0.0002391042447617,0.2796865581675708
15.0,0.00023927815032,0.28028933092224234
15.0,0.0002394901041422,0.2808921036769138
15.0,0.0002403037273238,0.2814948764315853
15.0,0.0002407629853748,0.2820976491862568
15.0,0.0002409243792865,0.28270042194092826
15.0,0.000241780519156,0.2833031946955998
15.0,0.0002420474145953,0.28390596745027125
15.0,0.0002425358243914,0.2845087402049427
15.0,0.0002428181275616,0.28511151295961423
15.0,0.0002430158247665,0.2857142857142857
15.0,0.0002434131047505,0.2863170584689572
15.0,0.0002437763619075,0.2869198312236287
15.0,0.0002442119918122,0.2875226039783002
15.0,0.0002458023211899,0.28812537673297167
15.0,0.0002463927143146,0.28872814948764314
15.0,0.0002469392857646,0.28933092224231466
15.0,0.0002471912887249,0.2899336949969861
15.0,0.000247755001634,0.29053646775165765
15.0,0.000250431495381,0.2911392405063291
15.0,0.0002508818268631,0.2917420132610006
15.0,0.000251779582304,0.2923447860156721
15.0,0.0002530245069757,0.29294755877034356
15.0,0.0002532919471705,0.2935503315250151
15.0,0.0002537638369273,0.29415310427968655
15.0,0.0002539830463891,0.29475587703435807
15.0,0.000254588168102,0.29535864978902954
15.0,0.0002554427747065,0.295961422543701
15.0,0.0002555413284377,0.2965641952983725
15.0,0.0002556639305873,0.297166968053044
15.0,0.0002557429752169,0.2977697408077155
15.0,0.0002560266115092,0.298372513562387
15.0,0.0002567437073706,0.29897528631705844
15.0,0.0002592934337848,0.29957805907172996
15.0,0.0002593932724354,0.30018083182640143
15.0,0.0002594223511381,0.30078360458107295
15.0,0.0002596289818174,0.3013863773357444
15.0,0.0002602438250062,0.30198915009041594
15.0,0.0002612559531726,0.3025919228450874
15.0,0.0002615591881255,0.30319469559975887
15.0,0.0002619843957461,0.3037974683544304
15.0,0.0002621836943469,0.30440024110910185
15.0,0.0002653736077012,0.3050030138637734
15.0,0.0002657222905441,0.30560578661844484
15.0,0.0002674722115775,0.30620855937311636
15.0,0.0002684314622208,0.30681133212778783
15.0,0.0002686395640959,0.3074141048824593
15.0,0.0002692269145493,0.3080168776371308
15.0,0.0002695692037461,0.3086196503918023
15.0,0.0002700922277371,0.3092224231464738
15.0,0.0002701788201919,0.30982519590114527
15.0,0.0002711312804609,0.31042796865581673
15.0,0.0002715375807357,0.31103074141048825
15.0,0.0002719851078007,0.3116335141651597
15.0,0.0002723764889803,0.31223628691983124
15.0,0.0002732975013919,0.3128390596745027
15.0,0.0002733274435487,0.3134418324291742
15.0,0.0002735309527576,0.3140446051838457
15.0,0.0002736714664822,0.31464737793851716
15.0,0.0002744322635753,0.3152501506931887
15.0,0.0002766332183645,0.31585292344786015
15.0,0.0002767326347579,0.31645569620253167
15.0,0.000277099623812,0.31705846895720313
15.0,0.0002780618981139,0.3176612417118746
15.0,0.0002782363882779,0.3182640144665461
15.0,0.0002786996659352,0.3188667872212176
15.0,0.0002798529654907,0.3194695599758891
15.0,0.0002810592930782,0.32007233273056057
15.0,0.0002811256725879,0.3206751054852321
15.0,0.0002816582144724,0.32127787823990356
15.0,0.0002834394246134,0.321880650994575
15.0,0.0002840359037961,0.32248342374924654
15.0,0.0002842684204321,0.323086196503918
15.0,0.0002845927032837,0.32368896925858953
15.0,0.0002849074636646,0.324291742013261
15.0,0.0002851145175133,0.32489451476793246
15.0,0.0002857637584955,0.325497287522604
15.0,0.0002857764112607,0.32610006027727545
15.0,0.0002871424459248,0.32670283303194697
15.0,0.000287187488342,0.32730560578661844
15.0,0.0002888574556316,0.32790837854128996
15.0,0.0002906622615631,0.3285111512959614
15.0,0.0002909404440184,0.3291139240506329
15.0,0.0002915150650933,0.3297166968053044
15.0,0.0002933116224649,0.3303194695599759
15.0,0.0002936196166789,0.3309222423146474
15.0,0.0002938084979036,0.33152501506931886
15.0,0.0002939922156385,0.33212778782399033
15.0,0.0002944664038637,0.33273056057866185
15.0,0.0002945731362413,0.3333333333333333
15.0,0.0002959980215954,0.33393610608800484
15.0,0.0002967095414484,0.3345388788426763
15.0,0.0002969987741558,0.3351416515973478
15.0,0.0002980562899558,0.3357444243520193
15.0,0.0002981913361534,0.33634719710669075
15.0,0.0002989983351132,0.3369499698613623
15.0,0.00029957683746,0.33755274261603374
15.0,0.0002996230358054,0.33815551537070526
15.0,0.0003014181325224,0.3387582881253767
15.0,0.0003018145425259,0.33936106088004825
15.0,0.0003018565649071,0.3399638336347197
15.0,0.0003035882803378,0.3405666063893912
15.0,0.0003036323912996,0.3411693791440627
15.0,0.000303801913754,0.34177215189873417
15.0,0.0003060191484625,0.3423749246534057
15.0,0.0003061921566234,0.34297769740807715
15.0,0.0003062010183708,0.3435804701627486
15.0,0.0003068405679393,0.34418324291742014
15.0,0.0003069122479331,0.3447860156720916
15.0,0.000309046025674,0.3453887884267631
15.0,0.000309047206478,0.3459915611814346
15.0,0.0003091261853905,0.3465943339361061
15.0,0.0003098446513047,0.3471971066907776
15.0,0.0003100262831308,0.34779987944544904
15.0,0.0003101878952005,0.34840265220012057
15.0,0.0003108380890373,0.34900542495479203
15.0,0.0003113327152443,0.34960819770946355
15.0,0.0003118757846197,0.350210970464135
15.0,0.0003121570514207,0.3508137432188065
15.0,0.0003131728791289,0.351416515973478
15.0,0.0003140653197951,0.35201928872814947
15.0,0.0003147797207714,0.352622061482821
15.0,0.0003149537224277,0.35322483423749246
15.0,0.00031574666367,0.353827606992164
15.0,0.0003161053806065,0.35443037974683544
15.0,0.0003161428768563,0.3550331525015069
15.0,0.0003162350542784,0.35563592525617843
15.0,0.0003168460389881,0.3562386980108499
15.0,0.0003169847045056,0.3568414707655214
15.0,0.0003172233541702,0.3574442435201929
15.0,0.0003172807553317,0.35804701627486435
15.0,0.0003176660184079,0.35864978902953587
15.0,0.0003179322001758,0.35925256178420734
15.0,0.0003182434180057,0.35985533453887886
15.0,0.0003190253912442,0.3604581072935503
15.0,0.0003197326908626,0.36106088004822184
15.0,0.0003199540765981,0.3616636528028933
15.0,0.0003205666476947,0.3622664255575648
15.0,0.0003211270927953,0.3628691983122363
15.0,0.0003220069020654,0.36347197106690776
15.0,0.000322067211042,0.3640747438215793
15.0,0.0003223134878949,0.36467751657625075
15.0,0.0003224854551477,0.36528028933092227
15.0,0.0003232865542103,0.36588306208559374
15.0,0.0003234752399123,0.3664858348402652
15.0,0.0003235132405863,0.3670886075949367
15.0,0.0003237135090758,0.3676913803496082
15.0,0.0003252255824994,0.3682941531042797
15.0,0.0003253956071195,0.3688969258589512
15.0,0.0003254259082524,0.36949969861362264
15.0,0.0003256996743031,0.37010247136829416
15.0,0.0003259211024189,0.3707052441229656
15.0,0.0003265029547934,0.37130801687763715
15.0,0.0003267251593432,0.3719107896323086
15.0,0.0003270892658539,0.37251356238698013
15.0,0.0003276045535103,0.3731163351416516
15.0,0.0003279221574146,0.37371910789632307
15.0,0.0003280152812351,0.3743218806509946
15.0,0.0003280451196928,0.37492465340566605
15.0,0.0003280889027724,0.3755274261603376
15.0,0.0003286932559996,0.37613019891500904
15.0,0.0003292881734561,0.3767329716696805
15.0,0.0003297465860092,0.377335744424352
15.0,0.0003297567068119,0.3779385171790235
15.0,0.0003327211208335,0.378541289933695
15.0,0.0003328112914721,0.3791440626883665
15.0,0.0003330203621307,0.379746835443038
15.0,0.0003330678106736,0.38034960819770947
15.0,0.0003332111669167,0.38095238095238093
15.0,0.0003333436605135,0.38155515370705245
15.0,0.000335642953475,0.3821579264617239
15.0,0.0003357625467829,0.38276069921639544
15.0,0.0003358215709176,0.3833634719710669
15.0,0.0003363324448314,0.38396624472573837
15.0,0.0003369102856982,0.3845690174804099
15.0,0.0003376231701597,0.38517179023508136
15.0,0.0003384939918355,0.3857745629897529
15.0,0.0003387089021866,0.38637733574442434
15.0,0.0003389823450483,0.38698010849909587
15.0,0.000339016898617,0.38758288125376733
15.0,0.0003393774147174,0.3881856540084388
15.0,0.0003410525512174,0.3887884267631103
15.0,0.0003413726115986,0.3893911995177818
15.0,0.0003429507618462,0.3899939722724533
15.0,0.0003442575551909,0.39059674502712477
15.0,0.0003445244156253,0.39119951778179624
15.0,0.0003452683072109,0.39180229053646776
15.0,0.0003459474005585,0.3924050632911392
15.0,0.0003462475930698,0.39300783604581074
15.0,0.0003468151377991,0.3936106088004822
15.0,0.0003472635536347,0.39421338155515373
15.0,0.000347643779453,0.3948161543098252
15.0,0.0003481108836111,0.39541892706449666
15.0,0.0003482031268186,0.3960216998191682
15.0,0.0003488643630141,0.39662447257383965
15.0,0.0003502227332596,0.39722724532851117
15.0,0.0003513346216155,0.39783001808318263
15.0,0.0003518996573313,0.39843279083785416
15.0,0.0003530473934494,0.3990355635925256
15.0,0.0003553004371827,0.3996383363471971
15.0,0.0003576060931678,0.4002411091018686
15.0,0.000357626634705,0.4008438818565401
15.0,0.0003576784769241,0.4014466546112116
15.0,0.0003581382067615,0.40204942736588306
15.0,0.0003592779286188,0.4026522001205545
15.0,0.0003593207812262,0.40325497287522605
15.0,0.0003594325105964,0.4038577456298975
15.0,0.0003595578326552,0.40446051838456903
15.0,0.0003596025596391,0.4050632911392405
15.0,0.000360337508192,0.405666063893912
15.0,0.0003607340236007,0.4062688366485835
15.0,0.0003610104652415,0.40687160940325495
15.0,0.0003612020236938,0.4074743821579265
15.0,0.0003616732460874,0.40807715491259794
15.0,0.0003619639443918,0.40867992766726946
15.0,0.0003624389523674,0.4092827004219409
15.0,0.0003629890152156,0.4098854731766124
15.0,0.0003632093776053,0.4104882459312839
15.0,0.0003640929458381,0.4110910186859554
15.0,0.0003650530328504,0.4116937914406269
15.0,0.0003656102920993,0.41229656419529837
15.0,0.0003656664684328,0.4128993369499699
15.0,0.0003658359509277,0.41350210970464135
15.0,0.0003662713438379,0.4141048824593128
15.0,0.0003664098247359,0.41470765521398434
15.0,0.0003664664814202,0.4153104279686558
15.0,0.0003669896511039,0.4159132007233273
15.0,0.0003673522217501,0.4165159734779988
15.0,0.000368416663395,0.41711874623267026
15.0,0.0003696786171122,0.4177215189873418
15.0,0.0003699973899073,0.41832429174201324
15.0,0.0003707192206721,0.41892706449668476
15.0,0.0003714727917206,0.41952983725135623
15.0,0.0003715910386332,0.42013261000602775
15.0,0.0003723326793322,0.4207353827606992
15.0,0.0003728165198513,0.4213381555153707
15.0,0.0003733041768309,0.4219409282700422
15.0,0.0003733297095407,0.42254370102471367
15.0,0.0003735563880903,0.4231464737793852
15.0,0.0003739941087265,0.42374924653405666
15.0,0.0003745332698586,0.4243520192887282
15.0,0.0003749292266505,0.42495479204339964
15.0,0.0003758975430354,0.4255575647980711
15.0,0.0003765602744899,0.42616033755274263
15.0,0.000378185607479,0.4267631103074141
15.0,0.000378347741359,0.4273658830620856
15.0,0.0003785383497159,0.4279686558167571
15.0,0.0003793299354861,0.42857142857142855
15.0,0.0003819449484745,0.42917420132610007
15.0,0.0003824847591457,0.42977697408077153
15.0,0.0003836406290908,0.43037974683544306
15.0,0.0003836406724383,0.4309825195901145
15.0,0.000384212270255,0.43158529234478604
15.0,0.000384369482445,0.4321880650994575
15.0,0.0003846150483361,0.432790837854129
15.0,0.0003849705610617,0.4333936106088005
15.0,0.0003855672932793,0.43399638336347196
15.0,0.0003859929093767,0.4345991561181435
15.0,0.0003884859319286,0.43520192887281495
15.0,0.0003890544465716,0.4358047016274864
15.0,0.000389256453339,0.43640747438215793
15.0,0.0003894591545608,0.4370102471368294
15.0,0.0003904290703431,0.4376130198915009
15.0,0.0003904388440725,0.4382157926461724
15.0,0.0003914425735525,0.4388185654008439
15.0,0.0003917661453497,0.4394213381555154
15.0,0.0003930362260397,0.44002411091018684
15.0,0.0003936835754214,0.44062688366485836
15.0,0.000394258516858,0.4412296564195298
15.0,0.0003954749399608,0.44183242917420135
15.0,0.0003962644090867,0.4424352019288728
15.0,0.0003999108225011,0.4430379746835443
15.0,0.0004006490986417,0.4436407474382158
15.0,0.0004011386104507,0.44424352019288726
15.0,0.0004027453719467,0.4448462929475588
15.0,0.0004028952915376,0.44544906570223025
15.0,0.000403397646534,0.4460518384569018
15.0,0.000403753357156,0.44665461121157324
15.0,0.000404937458211,0.4472573839662447
15.0,0.0004071161500988,0.4478601567209162
15.0,0.0004074926253054,0.4484629294755877
15.0,0.0004079600132431,0.4490657022302592
15.0,0.0004080257605509,0.4496684749849307
15.0,0.0004088094413452,0.45027124773960214
15.0,0.0004099088621189,0.45087402049427366
15.0,0.0004100574431847,0.45147679324894513
15.0,0.0004104607710428,0.45207956600361665
15.0,0.0004104690675514,0.4526823387582881
15.0,0.0004108033297185,0.45328511151295964
15.0,0.0004109321418667,0.4538878842676311
15.0,0.0004117353576158,0.45449065702230257
15.0,0.0004118367992232,0.4550934297769741
15.0,0.0004118524243478,0.45569620253164556
15.0,0.000412061801176,0.4562989752863171
15.0,0.0004127766572322,0.45690174804098854
15.0,0.0004139501697428,0.45750452079566006
15.0,0.0004148157597428,0.45810729355033153
15.0,0.0004159444091583,0.458710066305003
15.0,0.0004162168582842,0.4593128390596745
15.0,0.0004163876556069,0.459915611814346
15.0,0.0004170507484581,0.4605183845690175
15.0,0.0004173534526134,0.46112115732368897
15.0,0.0004174772135651,0.46172393007836043
15.0,0.0004191343129212,0.46232670283303196
15.0,0.0004191899766607,0.4629294755877034
15.0,0.0004200853263686,0.46353224834237494
15.0,0.0004202116887111,0.4641350210970464
15.0,0.0004204823833816,0.46473779385171793
15.0,0.0004208728094596,0.4653405666063894
15.0,0.0004210691486186,0.46594333936106086
15.0,0.0004215521315745,0.4665461121157324
15.0,0.0004229426432577,0.46714888487040385
15.0,0.0004246949476117,0.46775165762507537
15.0,0.0004247223387658,0.46835443037974683
15.0,0.0004259792228543,0.4689572031344183
15.0,0.0004260558135083,0.4695599758890898
15.0,0.0004265294469927,0.4701627486437613
15.0,0.0004267978984548,0.4707655213984328
15.0,0.0004274045422822,0.4713682941531043
15.0,0.0004276014145595,0.4719710669077758
15.0,0.0004277519392371,0.47257383966244726
15.0,0.0004284095894625,0.4731766124171187
15.0,0.000428553126806,0.47377938517179025
15.0,0.000429792389038,0.4743821579264617
15.0,0.0004302945335288,0.47498493068113323
15.0,0.0004307993736581,0.4755877034358047
15.0,0.0004345163739983,0.47619047619047616
15.0,0.000435161508033,0.4767932489451477
15.0,0.0004358233942497,0.47739602169981915
15.0,0.0004366342286365,0.47799879445449067
15.0,0.0004368341546425,0.47860156720916214
15.0,0.0004369911575373,0.47920433996383366
15.0,0.000437375621338,0.4798071127185051
15.0,0.0004379996749915,0.4804098854731766
15.0,0.000438717804504,0.4810126582278481
15.0,0.0004395494503465,0.4816154309825196
15.0,0.0004414785001324,0.4822182037371911
15.0,0.0004415987138833,0.48282097649186256
15.0,0.0004416466554985,0.48342374924653403
15.0,0.0004426223528907,0.48402652200120555
15.0,0.0004435612838644,0.484629294755877
15.0,0.0004436095339193,0.48523206751054854
15.0,0.0004440749713091,0.48583484026522
15.0,0.0004442475023314,0.4864376130198915
15.0,0.0004453292424778,0.487040385774563
15.0,0.0004454613152335,0.48764315852923446
15.0,0.0004465482131368,0.488245931283906
15.0,0.0004468681509224,0.48884870403857744
15.0,0.0004476724330714,0.48945147679324896
15.0,0.0004485068946722,0.49005424954792043
15.0,0.0004494746081233,0.49065702230259195
15.0,0.0004495826076648,0.4912597950572634
15.0,0.00044965721118,0.4918625678119349
15.0,0.0004497981078307,0.4924653405666064
15.0,0.0004500722974185,0.49306811332127787
15.0,0.0004504940993409,0.4936708860759494
15.0,0.0004506943804386,0.49427365883062085
15.0,0.0004512640864777,0.4948764315852923
15.0,0.0004522969716621,0.49547920433996384
15.0,0.0004530552827092,0.4960819770946353
15.0,0.0004550198259815,0.49668474984930683
15.0,0.0004550836799288,0.4972875226039783
15.0,0.0004553201647544,0.4978902953586498
15.0,0.0004562733918223,0.4984930681133213
15.0,0.0004568646099969,0.49909584086799275
15.0,0.0004573128497159,0.49969861362266427
15.0,0.0004576463826238,0.5003013863773358
15.0,0.0004578020003265,0.5009041591320073
15.0,0.0004579011850731,0.5015069318866787
15.0,0.0004579161874007,0.5021097046413502
15.0,0.000457971653361,0.5027124773960217
15.0,0.0004583789279981,0.5033152501506932
15.0,0.0004590522794527,0.5039180229053647
15.0,0.0004590993863326,0.5045207956600362
15.0,0.0004607164483322,0.5051235684147076
15.0,0.0004608575966422,0.5057263411693791
15.0,0.0004617346110229,0.5063291139240507
15.0,0.0004637484363482,0.5069318866787221
15.0,0.000463824644518,0.5075346594333936
15.0,0.0004643944278693,0.5081374321880651
15.0,0.0004670492608376,0.5087402049427366
15.0,0.0004678977752627,0.5093429776974081
15.0,0.0004683183085585,0.5099457504520796
15.0,0.0004685178045021,0.510548523206751
15.0,0.000468945619693,0.5111512959614225
15.0,0.0004692708890917,0.5117540687160941
15.0,0.0004703448444499,0.5123568414707655
15.0,0.0004704191345962,0.512959614225437
15.0,0.0004709289641956,0.5135623869801085
15.0,0.0004729447230225,0.5141651597347799
15.0,0.0004735354099422,0.5147679324894515
15.0,0.0004739854137434,0.515370705244123
15.0,0.0004744217057164,0.5159734779987944
15.0,0.0004747535669916,0.5165762507534659
15.0,0.0004751668404656,0.5171790235081374
15.0,0.0004762635339785,0.517781796262809
15.0,0.0004782526465881,0.5183845690174804
15.0,0.0004789292776017,0.5189873417721519
15.0,0.000479466616151,0.5195901145268234
15.0,0.0004800410773027,0.5201928872814949
15.0,0.0004803503417845,0.5207956600361664
15.0,0.0004807928725575,0.5213984327908379
15.0,0.0004809263981863,0.5220012055455093
15.0,0.000481154920684,0.5226039783001808
15.0,0.0004815150612916,0.5232067510548524
15.0,0.000481672046019,0.5238095238095238
15.0,0.0004819871587165,0.5244122965641953
15.0,0.0004829119946369,0.5250150693188668
15.0,0.0004837549101316,0.5256178420735382
15.0,0.0004839019839458,0.5262206148282098
15.0,0.0004848192823883,0.5268233875828813
15.0,0.0004851189488216,0.5274261603375527
15.0,0.0004855991487079,0.5280289330922242
15.0,0.0004859938562857,0.5286317058468957
15.0,0.0004869103653038,0.5292344786015672
15.0,0.0004872918820768,0.5298372513562387
15.0,0.0004875300842169,0.5304400241109102
15.0,0.0004884283182283,0.5310427968655816
15.0,0.0004885233125589,0.5316455696202531
15.0,0.0004885814232246,0.5322483423749247
15.0,0.0004887451473508,0.5328511151295962
15.0,0.0004896574425702,0.5334538878842676
15.0,0.0004899036926958,0.5340566606389391
15.0,0.0004901256253097,0.5346594333936107
15.0,0.0004909627411044,0.5352622061482821
15.0,0.0004909939512212,0.5358649789029536
15.0,0.0004911715648602,0.5364677516576251
15.0,0.0004915516762641,0.5370705244122965
15.0,0.0004934432032659,0.5376732971669681
15.0,0.000493811001597,0.5382760699216396
15.0,0.0004938500191204,0.538878842676311
15.0,0.0004940132401387,0.5394816154309825
15.0,0.0004947092244557,0.540084388185654
15.0,0.0004955935596076,0.5406871609403255
15.0,0.0004962767878336,0.541289933694997
15.0,0.0004964562983921,0.5418927064496685
15.0,0.0004966271173978,0.5424954792043399
15.0,0.0004967647072174,0.5430982519590114
15.0,0.0004971292821394,0.543701024713683
15.0,0.000498097773974,0.5443037974683544
15.0,0.0004981882722445,0.5449065702230259
15.0,0.000498573847245,0.5455093429776974
15.0,0.0004987109747338,0.546112115732369
15.0,0.0005007525660117,0.5467148884870404
15.0,0.0005010427927337,0.5473176612417119
15.0,0.000502382431913,0.5479204339963833
15.0,0.0005027478539688,0.5485232067510548
15.0,0.0005035280111069,0.5491259795057264
15.0,0.0005036316234709,0.5497287522603979
15.0,0.0005043552736457,0.5503315250150693
15.0,0.0005048221155199,0.5509342977697408
15.0,0.0005049184714734,0.5515370705244123
15.0,0.0005061104026394,0.5521398432790838
15.0,0.000507187965284,0.5527426160337553
15.0,0.0005102774650496,0.5533453887884268
15.0,0.0005111382794101,0.5539481615430982
15.0,0.0005118430726756,0.5545509342977697
15.0,0.0005124327987261,0.5551537070524413
15.0,0.0005130434488392,0.5557564798071127
15.0,0.0005131805853298,0.5563592525617842
15.0,0.0005132968491402,0.5569620253164557
15.0,0.0005134079766912,0.5575647980711271
15.0,0.0005140530737013,0.5581675708257987
15.0,0.0005146318403185,0.5587703435804702
15.0,0.0005147359726904,0.5593731163351416
15.0,0.0005147805165347,0.5599758890898131
15.0,0.0005150145639096,0.5605786618444847
15.0,0.0005162737528879,0.5611814345991561
15.0,0.00051678553132,0.5617842073538276
15.0,0.0005168904506081,0.5623869801084991
15.0,0.0005171183789641,0.5629897528631705
15.0,0.0005172720107729,0.5635925256178421
15.0,0.000518876454294,0.5641952983725136
15.0,0.0005192913253384,0.564798071127185
15.0,0.0005209137045616,0.5654008438818565
15.0,0.0005211594150143,0.566003616636528
15.0,0.0005218592236398,0.5666063893911996
15.0,0.0005218916460495,0.567209162145871
15.0,0.0005220348044055,0.5678119349005425
15.0,0.0005225761055166,0.568414707655214
15.0,0.0005228206700799,0.5690174804098854
15.0,0.0005229823269471,0.569620253164557
15.0,0.0005250490708681,0.5702230259192285
15.0,0.0005266916762515,0.5708257986738999
15.0,0.0005273084130104,0.5714285714285714
15.0,0.0005277674141999,0.5720313441832429
15.0,0.0005306926148323,0.5726341169379144
15.0,0.0005308579302802,0.5732368896925859
15.0,0.0005311524419377,0.5738396624472574
15.0,0.000532016777717,0.5744424352019288
15.0,0.0005335793134388,0.5750452079566004
15.0,0.0005337461233375,0.5756479807112719
15.0,0.0005342024773593,0.5762507534659433
15.0,0.000536125484161,0.5768535262206148
15.0,0.0005362004808849,0.5774562989752863
15.0,0.000537994240949,0.5780590717299579
15.0,0.0005381326023195,0.5786618444846293
15.0,0.0005394087437047,0.5792646172393008
15.0,0.0005395606661635,0.5798673899939722
15.0,0.0005423197406536,0.5804701627486437
15.0,0.0005428182888891,0.5810729355033153
15.0,0.0005459024774357,0.5816757082579868
15.0,0.0005464719219971,0.5822784810126582
15.0,0.000546574380169,0.5828812537673297
15.0,0.0005466905666169,0.5834840265220012
15.0,0.0005475249028456,0.5840867992766727
15.0,0.0005484903015058,0.5846895720313442
15.0,0.0005493256897452,0.5852923447860157
15.0,0.0005494306216658,0.5858951175406871
15.0,0.0005504092621801,0.5864978902953587
15.0,0.0005512004151276,0.5871006630500302
15.0,0.0005522415941041,0.5877034358047016
15.0,0.0005523667764073,0.5883062085593731
15.0,0.0005526818660755,0.5889089813140446
15.0,0.0005533902457215,0.5895117540687161
15.0,0.0005543609694153,0.5901145268233876
15.0,0.0005552105037146,0.5907172995780591
15.0,0.0005558232804747,0.5913200723327305
15.0,0.0005561836313303,0.591922845087402
15.0,0.0005568797259772,0.5925256178420736
15.0,0.0005583163131302,0.593128390596745
15.0,0.0005585711591799,0.5937311633514165
15.0,0.0005605180224352,0.594333936106088
15.0,0.0005610045390373,0.5949367088607594
15.0,0.000561513121407,0.595539481615431
15.0,0.0005617442257453,0.5961422543701025
15.0,0.0005618259013334,0.596745027124774
15.0,0.0005620737711928,0.5973477998794454
15.0,0.0005629725358713,0.5979505726341169
15.0,0.0005639746559735,0.5985533453887885
15.0,0.0005644617936926,0.5991561181434599
15.0,0.0005649536373644,0.5997588908981314
15.0,0.0005654773208662,0.6003616636528029
15.0,0.0005669580825433,0.6009644364074744
15.0,0.0005685816088933,0.6015672091621459
15.0,0.0005691380626217,0.6021699819168174
15.0,0.0005709381149747,0.6027727546714888
15.0,0.00057272842412,0.6033755274261603
15.0,0.0005734077459637,0.6039783001808319
15.0,0.0005738948576475,0.6045810729355033
15.0,0.0005742820921196,0.6051838456901748
15.0,0.0005749832533529,0.6057866184448463
15.0,0.0005751230317507,0.6063893911995177
15.0,0.000575146944004,0.6069921639541893
15.0,0.0005758309273892,0.6075949367088608
15.0,0.0005759129163833,0.6081977094635322
15.0,0.0005761690484028,0.6088004822182037
15.0,0.000577558999522,0.6094032549728752
15.0,0.0005789576353019,0.6100060277275468
15.0,0.0005790014660136,0.6106088004822182
15.0,0.0005812159460338,0.6112115732368897
15.0,0.0005815298863954,0.6118143459915611
15.0,0.00058209604099,0.6124171187462327
15.0,0.0005825190461642,0.6130198915009042
15.0,0.000582858565193,0.6136226642555757
15.0,0.0005847629851278,0.6142254370102471
15.0,0.0005870931994115,0.6148282097649186
15.0,0.000587390959715,0.6154309825195902
15.0,0.0005874560440553,0.6160337552742616
15.0,0.0005875931076463,0.6166365280289331
15.0,0.0005891221118326,0.6172393007836046
15.0,0.000591179135677,0.617842073538276
15.0,0.0005915321050474,0.6184448462929476
15.0,0.0005919690842882,0.6190476190476191
15.0,0.0005925233047242,0.6196503918022905
15.0,0.0005926691909516,0.620253164556962
15.0,0.000592757635994,0.6208559373116335
15.0,0.0005929254292943,0.621458710066305
15.0,0.00059399722684,0.6220614828209765
15.0,0.0005942958037178,0.622664255575648
15.0,0.0005948918823096,0.6232670283303194
15.0,0.0005951748563375,0.6238698010849909
15.0,0.0005959989357146,0.6244725738396625
15.0,0.0005961227253496,0.625075346594334
15.0,0.0005963110990239,0.6256781193490054
15.0,0.0005972657301965,0.6262808921036769
15.0,0.0005973785851105,0.6268836648583485
15.0,0.0005984686675638,0.6274864376130199
15.0,0.0005989563787837,0.6280892103676914
15.0,0.0006002303190258,0.6286919831223629
15.0,0.0006013085114406,0.6292947558770343
15.0,0.0006019084799343,0.6298975286317059
15.0,0.0006019462891383,0.6305003013863774
15.0,0.000602198383088,0.6311030741410488
15.0,0.0006025382589239,0.6317058468957203
15.0,0.0006025795381875,0.6323086196503918
15.0,0.0006034906150347,0.6329113924050633
15.0,0.0006047768586532,0.6335141651597348
15.0,0.0006056156996087,0.6341169379144063
15.0,0.0006075872651877,0.6347197106690777
15.0,0.0006104650222904,0.6353224834237492
15.0,0.0006107042742493,0.6359252561784208
15.0,0.0006127380487821,0.6365280289330922
15.0,0.0006132435894478,0.6371308016877637
15.0,0.0006134763836546,0.6377335744424352
15.0,0.0006155222277225,0.6383363471971067
15.0,0.0006157178847186,0.6389391199517782
15.0,0.0006162836249517,0.6395418927064497
15.0,0.0006164437499694,0.6401446654611211
15.0,0.0006166700093334,0.6407474382157926
15.0,0.0006193331706227,0.6413502109704642
15.0,0.0006194392403139,0.6419529837251357
15.0,0.0006197621643163,0.6425557564798071
15.0,0.0006205221816817,0.6431585292344786
15.0,0.0006210304840363,0.64376130198915
15.0,0.0006212511925078,0.6443640747438216
15.0,0.0006214006802896,0.6449668474984931
15.0,0.0006216736834505,0.6455696202531646
15.0,0.0006223401059987,0.646172393007836
15.0,0.0006230461148834,0.6467751657625075
15.0,0.0006232479991885,0.6473779385171791
15.0,0.0006235437382696,0.6479807112718505
15.0,0.0006236376006917,0.648583484026522
15.0,0.0006244736308564,0.6491862567811935
15.0,0.0006246191411665,0.6497890295358649
15.0,0.0006247019432642,0.6503918022905365
15.0,0.0006253815605638,0.650994575045208
15.0,0.0006262655782942,0.6515973477998794
15.0,0.0006264878312958,0.6522001205545509
15.0,0.0006274697123671,0.6528028933092225
15.0,0.0006278959968707,0.6534056660638939
15.0,0.0006283735536632,0.6540084388185654
15.0,0.0006283944936863,0.6546112115732369
15.0,0.0006284018256605,0.6552139843279083
15.0,0.0006284188485907,0.6558167570825799
15.0,0.0006286489384963,0.6564195298372514
15.0,0.0006289880382364,0.6570223025919228
15.0,0.0006290135296772,0.6576250753465943
15.0,0.000629021047729,0.6582278481012658
15.0,0.0006292092259113,0.6588306208559374
15.0,0.0006293657373891,0.6594333936106088
15.0,0.000630260868723,0.6600361663652803
15.0,0.0006302763933006,0.6606389391199518
15.0,0.0006304304632108,0.6612417118746232
15.0,0.0006314733063665,0.6618444846292948
15.0,0.0006315196188849,0.6624472573839663
15.0,0.0006322749704979,0.6630500301386377
15.0,0.0006336676972176,0.6636528028933092
15.0,0.000635068114381,0.6642555756479807
15.0,0.0006358824650849,0.6648583484026522
15.0,0.0006373225471033,0.6654611211573237
15.0,0.0006385316666324,0.6660638939119952
15.0,0.0006387695568616,0.6666666666666666
15.0,0.0006400285409766,0.6672694394213382
15.0,0.0006406017073642,0.6678722121760097
15.0,0.0006419222235647,0.6684749849306811
15.0,0.0006434001357797,0.6690777576853526
15.0,0.0006438681492429,0.6696805304400241
15.0,0.0006439808330399,0.6702833031946956
15.0,0.0006445848215051,0.6708860759493671
15.0,0.0006471929123468,0.6714888487040386
15.0,0.0006480959485513,0.67209162145871
15.0,0.0006509191947239,0.6726943942133815
15.0,0.0006530090304446,0.6732971669680531
15.0,0.0006536567244337,0.6738999397227246
15.0,0.0006556314471099,0.674502712477396
15.0,0.0006562209843318,0.6751054852320675
15.0,0.0006583413473692,0.675708257986739
15.0,0.0006584523727743,0.6763110307414105
15.0,0.0006586896434206,0.676913803496082
15.0,0.00065908788954,0.6775165762507535
15.0,0.000659419595595,0.6781193490054249
15.0,0.0006609368831031,0.6787221217600965
15.0,0.0006617685855601,0.679324894514768
15.0,0.0006620137606092,0.6799276672694394
15.0,0.0006630709374056,0.6805304400241109
15.0,0.0006631185808804,0.6811332127787824
15.0,0.0006658557444259,0.6817359855334539
15.0,0.0006702450492855,0.6823387582881254
15.0,0.000671726005618,0.6829415310427969
15.0,0.0006718024199409,0.6835443037974683
15.0,0.0006727770878481,0.6841470765521398
15.0,0.0006733849464247,0.6847498493068114
15.0,0.0006736829925006,0.6853526220614828
15.0,0.0006778103300701,0.6859553948161543
15.0,0.0006781651217932,0.6865581675708258
15.0,0.0006792740490711,0.6871609403254972
15.0,0.0006796412020713,0.6877637130801688
15.0,0.000682119030237,0.6883664858348403
15.0,0.0006823192102658,0.6889692585895117
15.0,0.0006826658169638,0.6895720313441832
15.0,0.000683525027148,0.6901748040988547
15.0,0.0006845165535013,0.6907775768535263
15.0,0.0006850220200618,0.6913803496081977
15.0,0.0006868765641799,0.6919831223628692
15.0,0.0006879629749945,0.6925858951175407
15.0,0.0006889184529617,0.6931886678722122
15.0,0.0006890088684151,0.6937914406268837
15.0,0.0006896292554263,0.6943942133815552
15.0,0.0006910144124085,0.6949969861362266
15.0,0.0006941876122502,0.6955997588908981
15.0,0.0006950771599911,0.6962025316455697
15.0,0.0006954597576576,0.6968053044002411
15.0,0.000695977913319,0.6974080771549126
15.0,0.0006960369742425,0.6980108499095841
15.0,0.0006974039903738,0.6986136226642555
15.0,0.000697922151535,0.6992163954189271
15.0,0.0006997649404086,0.6998191681735986
15.0,0.0007035473566802,0.70042194092827
15.0,0.0007052413142158,0.7010247136829415
15.0,0.0007072101689022,0.701627486437613
15.0,0.0007079435048008,0.7022302591922845
15.0,0.0007098180552628,0.702833031946956
15.0,0.0007119066694828,0.7034358047016275
15.0,0.0007133002538337,0.7040385774562989
15.0,0.0007152468253415,0.7046413502109705
15.0,0.0007179292544345,0.705244122965642
15.0,0.0007184235722645,0.7058468957203134
15.0,0.0007192689495074,0.7064496684749849
15.0,0.0007201034346464,0.7070524412296564
15.0,0.0007211715948844,0.707655213984328
15.0,0.0007213609080701,0.7082579867389994
15.0,0.0007215184248676,0.7088607594936709
15.0,0.0007224856733467,0.7094635322483424
15.0,0.0007233047647615,0.7100663050030138
15.0,0.0007238996291674,0.7106690777576854
15.0,0.0007241465036281,0.7112718505123569
15.0,0.000726074265525,0.7118746232670283
15.0,0.0007264036868163,0.7124773960216998
15.0,0.0007267539647335,0.7130801687763713
15.0,0.0007298865505968,0.7136829415310428
15.0,0.0007308673000581,0.7142857142857143
15.0,0.0007315403682368,0.7148884870403858
15.0,0.0007327687360157,0.7154912597950572
15.0,0.0007331638482466,0.7160940325497287
15.0,0.0007338400776161,0.7166968053044003
15.0,0.000735958487059,0.7172995780590717
15.0,0.0007377904044787,0.7179023508137432
15.0,0.0007391417811246,0.7185051235684147
15.0,0.0007394195991369,0.7191078963230862
15.0,0.0007440742568411,0.7197106690777577
15.0,0.0007455988791413,0.7203134418324292
15.0,0.0007457217750003,0.7209162145871006
15.0,0.0007469143978015,0.7215189873417721
15.0,0.0007475048599841,0.7221217600964437
15.0,0.0007491805160856,0.7227245328511152
15.0,0.0007502578706063,0.7233273056057866
15.0,0.0007503665158351,0.7239300783604581
15.0,0.0007511243175454,0.7245328511151296
15.0,0.0007511265330449,0.7251356238698011
15.0,0.0007514781223079,0.7257383966244726
15.0,0.0007605370947366,0.7263411693791441
15.0,0.0007611856522897,0.7269439421338155
15.0,0.0007613371860605,0.727546714888487
15.0,0.0007639201400978,0.7281494876431586
15.0,0.0007652901344334,0.72875226039783
15.0,0.0007660806113816,0.7293550331525015
15.0,0.0007683078552492,0.729957805907173
15.0,0.0007687535666761,0.7305605786618445
15.0,0.0007716507696101,0.731163351416516
15.0,0.0007717018513685,0.7317661241711875
15.0,0.0007718685821902,0.7323688969258589
15.0,0.0007753300102594,0.7329716696805304
15.0,0.0007759957083575,0.733574442435202
15.0,0.0007780604879558,0.7341772151898734
15.0,0.0007807550997631,0.7347799879445449
15.0,0.0007847590615233,0.7353827606992164
15.0,0.0007859238831871,0.7359855334538878
15.0,0.0007877819700746,0.7365883062085594
15.0,0.0007880330561139,0.7371910789632309
15.0,0.0007894060482885,0.7377938517179023
15.0,0.0007923404503259,0.7383966244725738
15.0,0.0007945990579977,0.7389993972272453
15.0,0.0007955906874773,0.7396021699819169
15.0,0.0007959134549269,0.7402049427365883
15.0,0.0007993931587423,0.7408077154912598
15.0,0.0008043699780156,0.7414104882459313
15.0,0.0008063843040937,0.7420132610006027
15.0,0.0008085268820479,0.7426160337552743
15.0,0.0008108579598689,0.7432188065099458
15.0,0.0008187343241099,0.7438215792646172
15.0,0.0008249448505717,0.7444243520192887
15.0,0.0008288123788816,0.7450271247739603
15.0,0.0008292643236983,0.7456298975286317
15.0,0.0008298584019719,0.7462326702833032
15.0,0.0008309258026777,0.7468354430379747
15.0,0.0008325661361683,0.7474382157926461
15.0,0.0008369195613317,0.7480409885473177
15.0,0.000836951558678,0.7486437613019892
15.0,0.0008436268474173,0.7492465340566606
15.0,0.0008470515565921,0.7498493068113321
15.0,0.0008478681181099,0.7504520795660036
15.0,0.0008499230444041,0.7510548523206751
15.0,0.0008516733386821,0.7516576250753466
15.0,0.0008550847485653,0.7522603978300181
15.0,0.0008557067237887,0.7528631705846895
15.0,0.0008576541865795,0.753465943339361
15.0,0.0008590862849717,0.7540687160940326
15.0,0.000859088554938,0.754671488848704
15.0,0.0008591826477929,0.7552742616033755
15.0,0.000859577272597,0.755877034358047
15.0,0.0008600483377242,0.7564798071127184
15.0,0.000860115296075,0.75708257986739
15.0,0.0008630590131585,0.7576853526220615
15.0,0.0008636721010855,0.758288125376733
15.0,0.0008644007180543,0.7588908981314044
15.0,0.0008672787898294,0.759493670886076
15.0,0.0008677283918629,0.7600964436407475
15.0,0.0008689951631837,0.7606992163954189
15.0,0.0008710272218434,0.7613019891500904
15.0,0.0008736246477979,0.7619047619047619
15.0,0.0008747706454028,0.7625075346594334
15.0,0.0008768039971883,0.7631103074141049
15.0,0.000876930238046,0.7637130801687764
15.0,0.0008785602054902,0.7643158529234478
15.0,0.0008792156377537,0.7649186256781193
15.0,0.0008821441836234,0.7655213984327909
15.0,0.0008850717830096,0.7661241711874623
15.0,0.0008851956630774,0.7667269439421338
15.0,0.0008878552672079,0.7673297166968053
15.0,0.0008884192214305,0.7679324894514767
15.0,0.0008884239734396,0.7685352622061483
15.0,0.0008899204372992,0.7691380349608198
15.0,0.0008938175660818,0.7697408077154912
15.0,0.0008951345838595,0.7703435804701627
15.0,0.0008951973003542,0.7709463532248343
15.0,0.0008973204593683,0.7715491259795058
15.0,0.0008992732250857,0.7721518987341772
15.0,0.0009000413997885,0.7727546714888487
15.0,0.0009042264534828,0.7733574442435202
15.0,0.0009060956964451,0.7739602169981917
15.0,0.0009067801720908,0.7745629897528632
15.0,0.000910178391965,0.7751657625075347
15.0,0.0009144049666214,0.7757685352622061
15.0,0.0009161625467382,0.7763713080168776
15.0,0.000920355690466,0.7769740807715492
15.0,0.0009214623074438,0.7775768535262206
15.0,0.0009224041244897,0.7781796262808921
15.0,0.0009234774033101,0.7787823990355636
15.0,0.0009253275664804,0.779385171790235
15.0,0.0009261797912023,0.7799879445449066
15.0,0.0009265234886124,0.7805907172995781
15.0,0.0009289437870468,0.7811934900542495
15.0,0.0009293806988188,0.781796262808921
15.0,0.0009293876888972,0.7823990355635925
15.0,0.0009314546492805,0.783001808318264
15.0,0.0009328248888164,0.7836045810729355
15.0,0.0009334832064908,0.784207353827607
15.0,0.0009364356291358,0.7848101265822784
15.0,0.0009382844436091,0.78541289933695
15.0,0.0009416014480705,0.7860156720916215
15.0,0.0009443461117564,0.786618444846293
15.0,0.0009449867763084,0.7872212176009644
15.0,0.0009458070191128,0.7878239903556359
15.0,0.0009478057856484,0.7884267631103075
15.0,0.000949663390028,0.7890295358649789
15.0,0.0009534478780249,0.7896323086196504
15.0,0.0009534665508226,0.7902350813743219
15.0,0.000960494018923,0.7908378541289933
15.0,0.0009614932046239,0.7914406268836649
15.0,0.0009620288474891,0.7920433996383364
15.0,0.0009627700189887,0.7926461723930078
15.0,0.0009640151370831,0.7932489451476793
15.0,0.0009659008053604,0.7938517179023508
15.0,0.0009696335748218,0.7944544906570223
15.0,0.0009711265130112,0.7950572634116938
15.0,0.0009713690158011,0.7956600361663653
15.0,0.0009748551644643,0.7962628089210367
15.0,0.000975551837821,0.7968655816757083
15.0,0.000975693183105,0.7974683544303798
15.0,0.0009773267541532,0.7980711271850512
15.0,0.0009783809280345,0.7986738999397227
15.0,0.0009783906327575,0.7992766726943942
15.0,0.0009798620710154,0.7998794454490658
15.0,0.0009799295790547,0.8004822182037372
15.0,0.0009809943248048,0.8010849909584087
15.0,0.0009820563339434,0.8016877637130801
15.0,0.0009845771086922,0.8022905364677516
15.0,0.00098501268437,0.8028933092224232
15.0,0.000985297826169,0.8034960819770947
15.0,0.0009863831976459,0.8040988547317661
15.0,0.0009871338409337,0.8047016274864376
15.0,0.0009900544861247,0.805304400241109
15.0,0.000990888912775,0.8059071729957806
15.0,0.0009944556175472,0.8065099457504521
15.0,0.0009961459332909,0.8071127185051236
15.0,0.0009982808762017,0.807715491259795
15.0,0.0010044470802351,0.8083182640144665
15.0,0.0010048018030266,0.8089210367691381
15.0,0.001005421147257,0.8095238095238095
15.0,0.0010057387601125,0.810126582278481
15.0,0.001005746156801,0.8107293550331525
15.0,0.0010066524574145,0.811332127787824
15.0,0.0010077552794,0.8119349005424955
15.0,0.0010079101279596,0.812537673297167
15.0,0.0010085706409264,0.8131404460518384
15.0,0.0010089565750491,0.8137432188065099
15.0,0.0010104850996561,0.8143459915611815
15.0,0.0010119398445368,0.814948764315853
15.0,0.0010138452671737,0.8155515370705244
15.0,0.0010144231762481,0.8161543098251959
15.0,0.0010145410777941,0.8167570825798673
15.0,0.0010150875310514,0.8173598553345389
15.0,0.0010163595906578,0.8179626280892104
15.0,0.0010166833334106,0.8185654008438819
15.0,0.0010204266813202,0.8191681735985533
15.0,0.0010215460938412,0.8197709463532248
15.0,0.0010228354338192,0.8203737191078964
15.0,0.0010238058788313,0.8209764918625678
15.0,0.0010239242692956,0.8215792646172393
15.0,0.0010286231390492,0.8221820373719108
15.0,0.0010287834488262,0.8227848101265823
15.0,0.0010291667110734,0.8233875828812538
15.0,0.0010297937182162,0.8239903556359253
15.0,0.0010310975767247,0.8245931283905967
15.0,0.0010338610565557,0.8251959011452682
15.0,0.0010359264810177,0.8257986738999398
15.0,0.001036270516689,0.8264014466546112
15.0,0.0010388440764412,0.8270042194092827
15.0,0.0010393373323476,0.8276069921639542
15.0,0.0010414347212699,0.8282097649186256
15.0,0.0010456203551608,0.8288125376732972
15.0,0.0010462789004749,0.8294153104279687
15.0,0.0010474749562664,0.8300180831826401
15.0,0.0010477536325044,0.8306208559373116
15.0,0.0010485491000832,0.8312236286919831
15.0,0.0010500657311799,0.8318264014466547
15.0,0.0010501582743138,0.8324291742013261
15.0,0.0010517665000344,0.8330319469559976
15.0,0.0010522181879044,0.833634719710669
15.0,0.0010530033913136,0.8342374924653405
15.0,0.0010532870074435,0.8348402652200121
15.0,0.0010533205396192,0.8354430379746836
15.0,0.0010536172291404,0.836045810729355
15.0,0.0010540014896075,0.8366485834840265
15.0,0.001054693791006,0.8372513562386981
15.0,0.0010555260908263,0.8378541289933695
15.0,0.0010555523610678,0.838456901748041
15.0,0.0010563499026118,0.8390596745027125
15.0,0.0010566488514217,0.8396624472573839
15.0,0.0010572130060882,0.8402652200120555
15.0,0.0010576260818445,0.840867992766727
15.0,0.0010588164376149,0.8414707655213984
15.0,0.0010588985905352,0.8420735382760699
15.0,0.0010596829246038,0.8426763110307414
15.0,0.0010606145679938,0.8432790837854129
15.0,0.0010608078478494,0.8438818565400844
15.0,0.0010608579386109,0.8444846292947559
15.0,0.0010618943487151,0.8450874020494273
15.0,0.0010649903348982,0.8456901748040988
15.0,0.0010651344168361,0.8462929475587704
15.0,0.0010665434662329,0.8468957203134418
15.0,0.0010674292972554,0.8474984930681133
15.0,0.0010688816611087,0.8481012658227848
15.0,0.0010745993079915,0.8487040385774564
15.0,0.0010751422991195,0.8493068113321278
15.0,0.0010756730885871,0.8499095840867993
15.0,0.0010793981678728,0.8505123568414708
15.0,0.0010798607903626,0.8511151295961422
15.0,0.0010804204685074,0.8517179023508138
15.0,0.0010810545239877,0.8523206751054853
15.0,0.0010822252659468,0.8529234478601567
15.0,0.0010824186107224,0.8535262206148282
15.0,0.0010830607518633,0.8541289933694997
15.0,0.0010830899586102,0.8547317661241712
15.0,0.0010837500903883,0.8553345388788427
15.0,0.0010840205135773,0.8559373116335142
15.0,0.0010842232906537,0.8565400843881856
15.0,0.0010876094163856,0.8571428571428571
15.0,0.0010878018286375,0.8577456298975287
15.0,0.0010890727682136,0.8583484026522001
15.0,0.0010909074066696,0.8589511754068716
15.0,0.0010927368334977,0.8595539481615431
15.0,0.0010943560316108,0.8601567209162145
15.0,0.0010969580157082,0.8607594936708861
15.0,0.0010980516255363,0.8613622664255576
15.0,0.0010991016524267,0.861965039180229
15.0,0.0011004511446936,0.8625678119349005
15.0,0.0011012594933363,0.8631705846895721
15.0,0.0011036530708663,0.8637733574442436
15.0,0.001103817668932,0.864376130198915
15.0,0.0011046112456737,0.8649789029535865
15.0,0.0011060557482822,0.865581675708258
15.0,0.0011067130979214,0.8661844484629295
15.0,0.0011076429256489,0.866787221217601
15.0,0.0011080209394271,0.8673899939722725
15.0,0.0011097270699931,0.8679927667269439
15.0,0.001111367432539,0.8685955394816154
15.0,0.0011162695304865,0.869198312236287
15.0,0.001116872897577,0.8698010849909584
15.0,0.0011174355120733,0.8704038577456299
15.0,0.0011221828541066,0.8710066305003014
15.0,0.0011232419868213,0.8716094032549728
15.0,0.0011257762718661,0.8722121760096444
15.0,0.0011272458790437,0.8728149487643159
15.0,0.0011287235704134,0.8734177215189873
15.0,0.0011315804026343,0.8740204942736588
15.0,0.001131830185981,0.8746232670283303
15.0,0.0011358789835456,0.8752260397830018
15.0,0.0011361621171214,0.8758288125376733
15.0,0.0011439960410667,0.8764315852923448
15.0,0.0011449691742451,0.8770343580470162
15.0,0.0011468707132578,0.8776371308016878
15.0,0.0011480044634263,0.8782399035563593
15.0,0.0011484784375662,0.8788426763110307
15.0,0.0011494461690877,0.8794454490657022
15.0,0.0011500396739012,0.8800482218203737
15.0,0.0011504960846429,0.8806509945750453
15.0,0.0011520683693522,0.8812537673297167
15.0,0.001154670396609,0.8818565400843882
15.0,0.0011561424906014,0.8824593128390597
15.0,0.0011581632975848,0.8830620855937311
15.0,0.0011588431235088,0.8836648583484027
15.0,0.0011593156386697,0.8842676311030742
15.0,0.0011620144715972,0.8848704038577456
15.0,0.0011625857180571,0.8854731766124171
15.0,0.0011637691492507,0.8860759493670886
15.0,0.0011651580983133,0.8866787221217601
15.0,0.0011651944316737,0.8872814948764316
15.0,0.0011661529723943,0.8878842676311031
15.0,0.0011696537025942,0.8884870403857745
15.0,0.0011727070821066,0.8890898131404461
15.0,0.0011728264318152,0.8896925858951176
15.0,0.0011729656857518,0.890295358649789
15.0,0.0011737676913684,0.8908981314044605
15.0,0.001175211376102,0.891500904159132
15.0,0.0011769352858153,0.8921036769138035
15.0,0.0011794310470052,0.892706449668475
15.0,0.0011808495575111,0.8933092224231465
15.0,0.0011819270553718,0.8939119951778179
15.0,0.0011826374452456,0.8945147679324894
15.0,0.001183174767932,0.895117540687161
15.0,0.0011896125616229,0.8957203134418324
15.0,0.0011909229905052,0.8963230861965039
15.0,0.001191333322,0.8969258589511754
15.0,0.001192864559201,0.8975286317058468
15.0,0.0011931831566637,0.8981314044605184
15.0,0.0011959090640421,0.8987341772151899
15.0,0.0011999504450279,0.8993369499698614
15.0,0.0012020203712911,0.8999397227245328
15.0,0.0012063608198028,0.9005424954792043
15.0,0.0012064108335528,0.9011452682338759
15.0,0.0012064717910902,0.9017480409885473
15.0,0.0012084323004396,0.9023508137432188
15.0,0.001208654161726,0.9029535864978903
15.0,0.0012108633159551,0.9035563592525618
15.0,0.0012139543345057,0.9041591320072333
15.0,0.0012145581600143,0.9047619047619048
15.0,0.0012146131598018,0.9053646775165762
15.0,0.0012161109567754,0.9059674502712477
15.0,0.0012185835395307,0.9065702230259193
15.0,0.0012213266816175,0.9071729957805907
15.0,0.0012221477085791,0.9077757685352622
15.0,0.0012224473698825,0.9083785412899337
15.0,0.0012230960928922,0.9089813140446051
15.0,0.0012271655495852,0.9095840867992767
15.0,0.0012287500161144,0.9101868595539482
15.0,0.0012299735359513,0.9107896323086196
15.0,0.0012336525722395,0.9113924050632911
15.0,0.0012337891206222,0.9119951778179626
15.0,0.0012355977126881,0.9125979505726342
15.0,0.0012357166035066,0.9132007233273056
15.0,0.0012401644451434,0.9138034960819771
15.0,0.0012467916746629,0.9144062688366486
15.0,0.0012475415928338,0.9150090415913201
15.0,0.0012555469632277,0.9156118143459916
15.0,0.0012562278638656,0.9162145871006631
15.0,0.0012591679913854,0.9168173598553345
15.0,0.0012699653260956,0.917420132610006
15.0,0.0012701426706183,0.9180229053646776
15.0,0.0012702091193395,0.918625678119349
15.0,0.0012724175909774,0.9192284508740205
15.0,0.0012732900535923,0.919831223628692
15.0,0.0012751121607752,0.9204339963833634
15.0,0.0012761948282375,0.921036769138035
15.0,0.0012832681029167,0.9216395418927065
15.0,0.0012923746352939,0.9222423146473779
15.0,0.0012930603806333,0.9228450874020494
15.0,0.001295081190247,0.9234478601567209
15.0,0.0012952237887924,0.9240506329113924
15.0,0.0012962348213977,0.9246534056660639
15.0,0.0013003571374765,0.9252561784207354
15.0,0.0013023854643576,0.9258589511754068
15.0,0.0013035524935449,0.9264617239300783
15.0,0.0013108369422416,0.9270644966847499
15.0,0.0013163242578415,0.9276672694394213
15.0,0.0013169648933216,0.9282700421940928
15.0,0.0013181708870627,0.9288728149487643
15.0,0.0013245659464392,0.9294755877034359
15.0,0.0013297122658206,0.9300783604581073
15.0,0.0013327240925687,0.9306811332127788
15.0,0.001333401335088,0.9312839059674503
15.0,0.0013378863092588,0.9318866787221217
15.0,0.0013394744207231,0.9324894514767933
15.0,0.0013408233384346,0.9330922242314648
15.0,0.0013435137827558,0.9336949969861362
15.0,0.0013455454211633,0.9342977697408077
15.0,0.0013511018002022,0.9349005424954792
15.0,0.0013526514233625,0.9355033152501507
15.0,0.0013533207458874,0.9361060880048222
15.0,0.0013541383064163,0.9367088607594937
15.0,0.0013607054329658,0.9373116335141651
15.0,0.0013613314942387,0.9379144062688366
15.0,0.0013690955606613,0.9385171790235082
15.0,0.0013696482542951,0.9391199517781796
15.0,0.0013725443099018,0.9397227245328511
15.0,0.0013768357107273,0.9403254972875226
15.0,0.0013780897585394,0.9409282700421941
15.0,0.0013781719644661,0.9415310427968656
15.0,0.0013805641268863,0.9421338155515371
15.0,0.0013833408665868,0.9427365883062085
15.0,0.0013889612304074,0.94333936106088
15.0,0.0013897732937592,0.9439421338155516
15.0,0.0013903288706168,0.944544906570223
15.0,0.0013916157655026,0.9451476793248945
15.0,0.0013991233601221,0.945750452079566
15.0,0.0013994864474427,0.9463532248342374
15.0,0.0014039298172804,0.946955997588909
15.0,0.0014099133206312,0.9475587703435805
15.0,0.0014115247719443,0.948161543098252
15.0,0.0014220522165023,0.9487643158529234
15.0,0.0014324204542383,0.9493670886075949
15.0,0.0014326524504719,0.9499698613622665
15.0,0.0014353582922984,0.9505726341169379
15.0,0.0014399021905714,0.9511754068716094
15.0,0.0014407133557355,0.9517781796262809
15.0,0.0014459562080798,0.9523809523809523
15.0,0.0014496293815602,0.9529837251356239
15.0,0.0014553288886172,0.9535864978902954
15.0,0.0014566898059842,0.9541892706449668
15.0,0.0014585850912824,0.9547920433996383
15.0,0.0014611137033897,0.9553948161543099
15.0,0.001462289508143,0.9559975889089813
15.0,0.0014631564118284,0.9566003616636528
15.0,0.001463648117006,0.9572031344183243
15.0,0.0014650577173472,0.9578059071729957
15.0,0.0014682952244892,0.9584086799276673
15.0,0.0014692133641945,0.9590114526823388
15.0,0.0014700330327656,0.9596142254370102
15.0,0.0014707892321252,0.9602169981916817
15.0,0.0014776050427093,0.9608197709463532
15.0,0.001481992518813,0.9614225437010248
15.0,0.0014883152870441,0.9620253164556962
15.0,0.0014886850270248,0.9626280892103677
15.0,0.0015051313775053,0.9632308619650392
15.0,0.0015076928919678,0.9638336347197106
15.0,0.0015082116572631,0.9644364074743822
15.0,0.0015102527349984,0.9650391802290537
15.0,0.0015123431899504,0.9656419529837251
15.0,0.0015135651010623,0.9662447257383966
15.0,0.001515840457262,0.9668474984930681
15.0,0.0015164147588839,0.9674502712477396
15.0,0.0015168573896047,0.9680530440024111
15.0,0.0015224993730603,0.9686558167570826
15.0,0.0015286048519493,0.969258589511754
15.0,0.0015349089972657,0.9698613622664256
15.0,0.001539355583362,0.9704641350210971
15.0,0.0015468070429354,0.9710669077757685
15.0,0.0015480390387967,0.97166968053044
15.0,0.0015492479239747,0.9722724532851115
15.0,0.0015519903254948,0.972875226039783
15.0,0.0015542561782771,0.9734779987944545
15.0,0.0015549635559022,0.974080771549126
15.0,0.0015692309086781,0.9746835443037974
15.0,0.0015699738458835,0.9752863170584689
15.0,0.0015704777194999,0.9758890898131405
15.0,0.0015709395527184,0.976491862567812
15.0,0.0015711864386484,0.9770946353224834
15.0,0.0015808436870292,0.9776974080771549
15.0,0.0015811537896795,0.9783001808318263
15.0,0.0015834563069919,0.9789029535864979
15.0,0.0015858753571845,0.9795057263411694
15.0,0.0015922365375972,0.9801084990958409
15.0,0.0015934819900485,0.9807112718505123
15.0,0.0015946991038894,0.9813140446051839
15.0,0.0016011475067843,0.9819168173598554
15.0,0.0016017888292729,0.9825195901145268
15.0,0.0016018872744845,0.9831223628691983
15.0,0.0016186139958893,0.9837251356238698
15.0,0.0016245121482356,0.9843279083785413
15.0,0.001630867903353,0.9849306811332128
15.0,0.0016367874689948,0.9855334538878843
15.0,0.0016368858518186,0.9861362266425557
15.0,0.0016413782644179,0.9867389993972272
15.0,0.0016463729948539,0.9873417721518988
15.0,0.0016559385747013,0.9879445449065702
15.0,0.0016678171535554,0.9885473176612417
15.0,0.0016848761563963,0.9891500904159132
15.0,0.0016964925948436,0.9897528631705846
15.0,0.0016998096696036,0.9903556359252562
15.0,0.0017032590785046,0.9909584086799277
15.0,0.0017058243678655,0.9915611814345991
15.0,0.0017116950099329,0.9921639541892706
15.0,0.0017132458621755,0.9927667269439421
15.0,0.0017151035552534,0.9933694996986137
15.0,0.001732252650409,0.9939722724532851
15.0,0.0017361921959586,0.9945750452079566
15.0,0.0017510413431504,0.995177817962628
15.0,0.0017642210382439,0.9957805907172996
15.0,0.0017719252695011,0.9963833634719711
15.0,0.0017867726697338,0.9969861362266426
15.0,0.0018511959138108,0.997588908981314
15.0,0.0018748300188838,0.9981916817359855
15.0,0.0018779373414334,0.9987944544906571
15.0,0.001879149430706,0.9993972272453285
15.0,0.0019597271529629,1.0
