wavenumber_cm1,reflectance_observed,angle_deg,in_fit_band
399.6747,0.0,15.0,0
400.1569,0.36336680880000005,15.0,0
400.639,0.3575208839,15.0,0
401.1211,0.3517191157,15.0,0
401.6032,0.3466914948,15.0,0
402.0853,0.3416395455,15.0,0
402.5674,0.3366441452,15.0,0
403.0496,0.3318689656,15.0,0
403.5317,0.3275816133,15.0,0
404.0138,0.32345778420000004,15.0,0
404.4959,0.3196162086,15.0,0
404.978,0.3163395866,15.0,0
405.4601,0.3137190437,15.0,0
405.9423,0.311776061,15.0,0
406.4244,0.3102114298,15.0,0
406.9065,0.30921060019999996,15.0,0
407.3886,0.3086320223,15.0,0
407.8707,0.3084838766,15.0,0
408.3528,0.3083783751,15.0,0
408.835,0.3080409423,15.0,0
409.3171,0.3079647366,15.0,0
409.7992,0.3075698439,15.0,0
410.2813,0.30658508760000003,15.0,0
410.7634,0.3055157477,15.0,0
411.2455,0.3040872343,15.0,0
411.7277,0.3020916427,15.0,0
412.2098,0.2996094156,15.0,0
412.6919,0.2969520588,15.0,0
413.174,0.2939879051,15.0,0
413.6561,0.291043963,15.0,0
414.1382,0.2876449829,15.0,0
414.6204,0.2847432944,15.0,0
415.1025,0.28189565569999997,15.0,0
415.5846,0.2790935117,15.0,0
416.0667,0.2762343464,15.0,0
416.5488,0.2736989328,15.0,0
417.0309,0.271711068,15.0,0
417.5131,0.2697443802,15.0,0
417.9952,0.2681378475,15.0,0
418.4773,0.2673267545,15.0,0
418.9594,0.2663914367,15.0,0
419.4415,0.26571571169999997,15.0,0
419.9236,0.2656908592,15.0,0
420.4058,0.2650835298,15.0,0
420.8879,0.26449248189999996,15.0,0
421.37,0.264191652,15.0,0
421.8521,0.263463497,15.0,0
422.3342,0.26294147809999996,15.0,0
422.8163,0.2618536545,15.0,0
423.2985,0.2612692561,15.0,0
423.7806,0.2602288613,15.0,0
424.2627,0.2591262838,15.0,0
424.7448,0.2581035316,15.0,0
425.2269,0.256943751,15.0,0
425.709,0.2555993104,15.0,0
426.1912,0.2544024691,15.0,0
426.6733,0.2532937529,15.0,0
427.1554,0.2521660414,15.0,0
427.6375,0.251313566,15.0,0
428.1196,0.2502421612,15.0,0
428.6017,0.2495936679,15.0,0
429.0839,0.24891512030000001,15.0,0
429.566,0.2483175571,15.0,0
430.0481,0.2479512009,15.0,0
430.5302,0.2472769102,15.0,0
431.0123,0.2464319181,15.0,0
431.4944,0.245509922,15.0,0
431.9766,0.2443562816,15.0,0
432.4587,0.2430962328,15.0,0
432.9408,0.2417020436,15.0,0
433.4229,0.240109265,15.0,0
433.905,0.2386114872,15.0,0
434.3871,0.23702205119999997,15.0,0
434.8693,0.23598987480000003,15.0,0
435.3514,0.23493583340000002,15.0,0
435.8335,0.2340831544,15.0,0
436.3156,0.2335668326,15.0,0
436.7977,0.23394233969999997,15.0,0
437.2798,0.2339516755,15.0,0
437.762,0.23438769069999998,15.0,0
438.2441,0.23483162700000001,15.0,0
438.7262,0.23537306759999999,15.0,0
439.2083,0.23586370680000002,15.0,0
439.6904,0.23643438849999998,15.0,0
440.1725,0.23689161339999998,15.0,0
440.6547,0.23740195660000002,15.0,0
441.1368,0.2380086453,15.0,0
441.6189,0.2384979255,15.0,0
442.101,0.2389135934,15.0,0
442.5831,0.2398459502,15.0,0
443.0652,0.2406466084,15.0,0
443.5474,0.24124787779999998,15.0,0
444.0295,0.242488694,15.0,0
444.5116,0.24332605359999998,15.0,0
444.9937,0.2437126273,15.0,0
445.4758,0.2442586755,15.0,0
445.9579,0.2449752301,15.0,0
446.4401,0.2452419781,15.0,0
446.9222,0.2456594417,15.0,0
447.4043,0.24604013760000001,15.0,0
447.8864,0.24612957179999997,15.0,0
448.3685,0.246493285,15.0,0
448.8506,0.2465745648,15.0,0
449.3328,0.2470139262,15.0,0
449.8149,0.2471832077,15.0,0
450.297,0.2473327665,15.0,0
450.7791,0.2476934496,15.0,0
451.2612,0.247874821,15.0,0
451.7433,0.2482450187,15.0,0
452.2255,0.2486610216,15.0,0
452.7076,0.249392561,15.0,0
453.1897,0.25013462799999997,15.0,0
453.6718,0.2506746162,15.0,0
454.1539,0.25141854550000003,15.0,0
454.636,0.2521040597,15.0,0
455.1182,0.2530625565,15.0,0
455.6003,0.2538778905,15.0,0
456.0824,0.2544812726,15.0,0
456.5645,0.2554524377,15.0,0
457.0466,0.256236746,15.0,0
457.5287,0.2571741769,15.0,0
458.0109,0.2581518477,15.0,0
458.493,0.25900946820000004,15.0,0
458.9751,0.2600121746,15.0,0
459.4572,0.2610502443,15.0,0
459.9393,0.2622832547,15.0,0
460.4214,0.2634434547,15.0,0
460.9036,0.2646181102,15.0,0
461.3857,0.26561643279999997,15.0,0
461.8678,0.266582282,15.0,0
462.3499,0.2677020335,15.0,0
462.832,0.2683810333,15.0,0
463.3141,0.26933692130000003,15.0,0
463.7963,0.269950334,15.0,0
464.2784,0.27062398730000004,15.0,0
464.7605,0.2711146391,15.0,0
465.2426,0.2715799581,15.0,0
465.7247,0.2721610773,15.0,0
466.2068,0.27246732479999997,15.0,0
466.689,0.272923984,15.0,0
467.1711,0.2732496561,15.0,0
467.6532,0.2736110011,15.0,0
468.1353,0.2739461019,15.0,0
468.6174,0.2743276508,15.0,0
469.0995,0.2748645385,15.0,0
469.5817,0.2755240715,15.0,0
470.0638,0.2763179808,15.0,0
470.5459,0.277454258,15.0,0
471.028,0.279022168,15.0,0
471.5101,0.28106445680000003,15.0,0
471.9922,0.2834386279,15.0,0
472.4744,0.2860816232,15.0,0
472.9565,0.2889429059,15.0,0
473.4386,0.29174142589999996,15.0,0
473.9207,0.2944118192,15.0,0
474.4028,0.2967704922,15.0,0
474.8849,0.2987779709,15.0,0
475.3671,0.3004233932,15.0,0
475.8492,0.3017558748,15.0,0
476.3313,0.3030737925,15.0,0
476.8134,0.304004799,15.0,0
477.2955,0.3048307322,15.0,0
477.7776,0.3056177744,15.0,0
478.2598,0.3063384174,15.0,0
478.7419,0.3072878393,15.0,0
479.224,0.3079734259,15.0,0
479.7061,0.30928635979999997,15.0,0
480.1882,0.3101907989,15.0,0
480.6703,0.3112172173,15.0,0
481.1525,0.312328984,15.0,0
481.6346,0.3137676299,15.0,0
482.1167,0.31485238120000003,15.0,0
482.5988,0.3160717966,15.0,0
483.0809,0.31703120630000003,15.0,0
483.563,0.318386873,15.0,0
484.0452,0.3196588561,15.0,0
484.5273,0.3204389343,15.0,0
485.0094,0.3215836436,15.0,0
485.4915,0.3229072215,15.0,0
485.9736,0.32388361060000004,15.0,0
486.4557,0.3250894505,15.0,0
486.9379,0.3261526069,15.0,0
487.42,0.32730978229999996,15.0,0
487.9021,0.3285108789,15.0,0
488.3842,0.3300345292,15.0,0
488.8663,0.3313096306,15.0,0
489.3484,0.3325403878,15.0,0
489.8306,0.33401398299999996,15.0,0
490.3127,0.3351973649,15.0,0
490.7948,0.3365737659,15.0,0
491.2769,0.33796749470000004,15.0,0
491.759,0.33884998600000005,15.0,0
492.2411,0.3398524327,15.0,0
492.7233,0.3407535402,15.0,0
493.2054,0.3415813502,15.0,0
493.6875,0.34227344359999995,15.0,0
494.1696,0.3429800682,15.0,0
494.6517,0.3436851015,15.0,0
495.1339,0.3446806024,15.0,0
495.616,0.3457590762,15.0,0
496.0981,0.3465808161,15.0,0
496.5802,0.3478456801,15.0,0
497.0623,0.34905300019999996,15.0,0
497.5444,0.3500426899,15.0,0
498.0266,0.35109329260000005,15.0,0
498.5087,0.35223547629999996,15.0,0
498.9908,0.3531011067,15.0,0
499.4729,0.3542077268,15.0,0
499.955,0.3548801521,15.0,0
500.4371,0.3557979474,15.0,0
500.9193,0.3562768753,15.0,0
501.4014,0.3571376253,15.0,0
501.8835,0.3572707252,15.0,0
502.3656,0.357980583,15.0,0
502.8477,0.3581972083,15.0,0
503.3298,0.35882113109999997,15.0,0
503.812,0.359033149,15.0,0
504.2941,0.3596367255,15.0,0
504.7762,0.3597578,15.0,0
505.2583,0.3602716898,15.0,0
505.7404,0.3605466424,15.0,0
506.2225,0.3613301128,15.0,0
506.7047,0.3617754822,15.0,0
507.1868,0.3624913572,15.0,0
507.6689,0.36299094169999996,15.0,0
508.151,0.3637555208,15.0,0
508.6331,0.36452056149999995,15.0,0
509.1152,0.365317487,15.0,0
509.5974,0.3655697841,15.0,0
510.0795,0.3661646846,15.0,0
510.5616,0.3663924173,15.0,0
511.0437,0.36665183399999995,15.0,0
511.5258,0.36681231740000003,15.0,0
512.0079,0.3671341534,15.0,0
512.4901,0.36711457950000004,15.0,0
512.9722,0.3671194397,15.0,0
513.4543,0.3671560512,15.0,0
513.9364,0.367083075,15.0,0
514.4185,0.3671842864,15.0,0
514.9006,0.3673388964,15.0,0
515.3828,0.36728737019999996,15.0,0
515.8649,0.3675504074,15.0,0
516.347,0.36773205179999996,15.0,0
516.8291,0.3678351558,15.0,0
517.3112,0.3682312733,15.0,0
517.7933,0.36861659439999994,15.0,0
518.2755,0.36860942409999997,15.0,0
518.7576,0.36886587149999994,15.0,0
519.2397,0.3687514343,15.0,0
519.7218,0.36898145499999996,15.0,0
520.2039,0.36875394129999994,15.0,0
520.686,0.36860076569999994,15.0,0
521.1682,0.368542084,15.0,0
521.6503,0.3684020354,15.0,0
522.1324,0.3684505385,15.0,0
522.6145,0.3683851739,15.0,0
523.0966,0.3684515911,15.0,0
523.5787,0.3687033862,15.0,0
524.0609,0.3686472382,15.0,0
524.543,0.3687569668,15.0,0
525.0251,0.3687967715,15.0,0
525.5072,0.3684629174,15.0,0
525.9893,0.36850180610000005,15.0,0
526.4714,0.36819607990000003,15.0,0
526.9536,0.3680009892,15.0,0
527.4357,0.3675869702,15.0,0
527.9178,0.3672761653,15.0,0
528.3999,0.3669670253,15.0,0
528.882,0.3665020821,15.0,0
529.3641,0.3661733233,15.0,0
529.8463,0.3657166694,15.0,0
530.3284,0.3650906905,15.0,0
530.8105,0.36455012179999996,15.0,0
531.2926,0.3641733299,15.0,0
531.7747,0.3636180644,15.0,0
532.2568,0.3631360981,15.0,0
532.739,0.36281548020000004,15.0,0
533.2211,0.36215689570000004,15.0,0
533.7032,0.3615914311,15.0,0
534.1853,0.36106865390000004,15.0,0
534.6674,0.3604470903,15.0,0
535.1495,0.3596564565,15.0,0
535.6317,0.3590893218,15.0,0
536.1138,0.3587042849,15.0,0
536.5959,0.35841428020000005,15.0,0
537.078,0.3581464903,15.0,0
537.5601,0.3575319662,15.0,0
538.0422,0.35702207799999996,15.0,0
538.5244,0.356562134,15.0,0
539.0065,0.3561335708,15.0,0
539.4886,0.3557636651,15.0,0
539.9707,0.3551380584,15.0,0
540.4528,0.3543354505,15.0,0
540.9349,0.3535052491,15.0,0
541.4171,0.352834676,15.0,0
541.8992,0.3518807665,15.0,0
542.3813,0.35092858120000003,15.0,0
542.8634,0.34983305870000003,15.0,0
543.3455,0.3489039173,15.0,0
543.8276,0.3480103942,15.0,0
544.3098,0.3469447224,15.0,0
544.7919,0.3461606467,15.0,0
545.274,0.3453538566,15.0,0
545.7561,0.34449986320000003,15.0,0
546.2382,0.3437655445,15.0,0
546.7203,0.34314960759999996,15.0,0
547.2025,0.3426995453,15.0,0
547.6846,0.3422775663,15.0,0
548.1667,0.34172208449999997,15.0,0
548.6488,0.34147398539999996,15.0,0
549.1309,0.34095833550000004,15.0,0
549.613,0.3401800465,15.0,0
550.0952,0.3397309611,15.0,0
550.5773,0.33885923660000006,15.0,0
551.0594,0.3380754383,15.0,0
551.5415,0.3371242391,15.0,0
552.0236,0.33619430800000005,15.0,0
552.5057,0.3353096756,15.0,0
552.9879,0.334110336,15.0,0
553.47,0.3333245582,15.0,0
553.9521,0.3323625409,15.0,0
554.4342,0.33136387640000003,15.0,0
554.9163,0.3303020558,15.0,0
555.3984,0.3294140324,15.0,0
555.8806,0.328581552,15.0,0
556.3627,0.32762837679999995,15.0,0
556.8448,0.32663744229999997,15.0,0
557.3269,0.32588995400000004,15.0,0
557.809,0.324937353,15.0,0
558.2911,0.3244384158,15.0,0
558.7733,0.32374363180000004,15.0,0
559.2554,0.3231083924,15.0,0
559.7375,0.3226225558,15.0,0
560.2196,0.3219796758,15.0,0
560.7017,0.3214124796,15.0,0
561.1838,0.3211238821,15.0,0
561.666,0.32065745409999996,15.0,0
562.1481,0.3201435688,15.0,0
562.6302,0.3198635907,15.0,0
563.1123,0.3191328315,15.0,0
563.5944,0.3186286621,15.0,0
564.0765,0.3182331255,15.0,0
564.5587,0.3174591896,15.0,0
565.0408,0.31688439630000004,15.0,0
565.5229,0.3163683272,15.0,0
566.005,0.31586530069999996,15.0,0
566.4871,0.3152245358,15.0,0
566.9692,0.3148218766,15.0,0
567.4514,0.31455200520000004,15.0,0
567.9335,0.313753292,15.0,0
568.4156,0.3136225386,15.0,0
568.8977,0.3131182487,15.0,0
569.3798,0.3125460513,15.0,0
569.8619,0.3123240215,15.0,0
570.3441,0.3117315274,15.0,0
570.8262,0.3115510367,15.0,0
571.3083,0.311065217,15.0,0
571.7904,0.3110707796,15.0,0
572.2725,0.310559743,15.0,0
572.7546,0.3104238632,15.0,0
573.2368,0.31027941859999997,15.0,0
573.7189,0.3099286201,15.0,0
574.201,0.3098090083,15.0,0
574.6831,0.3095144099,15.0,0
575.1652,0.3093800836,15.0,0
575.6473,0.3089589389,15.0,0
576.1295,0.3086794404,15.0,0
576.6116,0.3084612707,15.0,0
577.0937,0.3083298302,15.0,0
577.5758,0.3079245345,15.0,0
578.0579,0.30779157819999997,15.0,0
578.54,0.3077027333,15.0,0
579.0222,0.3077053589,15.0,0
579.5043,0.307757477,15.0,0
579.9864,0.3077027249,15.0,0
580.4685,0.3076729008,15.0,0
580.9506,0.3075448987,15.0,0
581.4327,0.3078773768,15.0,0
581.9149,0.3079655744,15.0,0
582.397,0.3080144499,15.0,0
582.8791,0.3081817898,15.0,0
583.3612,0.308396742,15.0,0
583.8433,0.3087152809,15.0,0
584.3254,0.3090083391,15.0,0
584.8076,0.3093513698,15.0,0
585.2897,0.30964104070000004,15.0,0
585.7718,0.3102706868,15.0,0
586.2539,0.31058415100000003,15.0,0
586.736,0.3110280862,15.0,0
587.2181,0.3117015449,15.0,0
587.7003,0.3121408131,15.0,0
588.1824,0.3127416574,15.0,0
588.6645,0.3132938308,15.0,0
589.1466,0.3137428774,15.0,0
589.6287,0.3142067374,15.0,0
590.1108,0.3148184934,15.0,0
590.593,0.315468609,15.0,0
591.0751,0.3159555311,15.0,0
591.5572,0.3164281609,15.0,0
592.0393,0.31707704929999997,15.0,0
592.5214,0.317863133,15.0,0
593.0035,0.3182336611,15.0,0
593.4857,0.3193734504,15.0,0
593.9678,0.3201782102,15.0,0
594.4499,0.3210178589,15.0,0
594.932,0.3217202692,15.0,0
595.4141,0.3228543238,15.0,0
595.8962,0.323596864,15.0,0
596.3784,0.3242630123,15.0,0
596.8605,0.3253074696,15.0,0
597.3426,0.3259905133,15.0,0
597.8247,0.3267662386,15.0,0
598.3068,0.3275065145,15.0,0
598.7889,0.3282477481,15.0,0
599.2711,0.32933499439999997,15.0,0
599.7532,0.33012554530000005,15.0,0
600.2353,0.33130823,15.0,0
600.7174,0.3321401491,15.0,0
601.1995,0.3334094334,15.0,0
601.6816,0.33473424430000004,15.0,0
602.1638,0.3358244654,15.0,0
602.6459,0.33725228549999997,15.0,0
603.128,0.3384409755,15.0,0
603.6101,0.3395874446,15.0,0
604.0922,0.3410161746,15.0,0
604.5743,0.3419135036,15.0,0
605.0565,0.3430786962,15.0,0
605.5386,0.34415976270000004,15.0,0
606.0207,0.3450929252,15.0,0
606.5028,0.34612306680000005,15.0,0
606.9849,0.34714359170000003,15.0,0
607.467,0.34840119360000005,15.0,0
607.9492,0.3488846081,15.0,0
608.4313,0.3499587152,15.0,0
608.9134,0.3510390051,15.0,0
609.3955,0.3519330406,15.0,0
609.8776,0.3529513472,15.0,0
610.3597,0.3538748718,15.0,0
610.8419,0.354682299,15.0,0
611.324,0.355941399,15.0,0
611.8061,0.35680483479999997,15.0,0
612.2882,0.3577816231,15.0,0
612.7703,0.35882252459999997,15.0,0
613.2524,0.3598275134,15.0,0
613.7346,0.3608485391,15.0,0
614.2167,0.3620228783,15.0,0
614.6988,0.36321764489999997,15.0,0
615.1809,0.3643057725,15.0,0
615.663,0.3653559406,15.0,0
616.1451,0.3665893089,15.0,0
616.6273,0.36806479699999994,15.0,0
617.1094,0.36881700700000003,15.0,0
617.5915,0.3697090759,15.0,0
618.0736,0.37060877179999996,15.0,0
618.5557,0.3715085409,15.0,0
619.0378,0.3721150783,15.0,0
619.52,0.37297134120000003,15.0,0
620.0021,0.3734840858,15.0,0
620.4842,0.37420154619999996,15.0,0
620.9663,0.3749416849,15.0,0
621.4484,0.3756838829,15.0,0
621.9305,0.37626031,15.0,0
622.4127,0.3769490644,15.0,0
622.8948,0.37762516890000003,15.0,0
623.3769,0.3782733278,15.0,0
623.859,0.3786964717,15.0,0
624.3411,0.3792306133,15.0,0
624.8232,0.3800715881,15.0,0
625.3054,0.3807961861,15.0,0
625.7875,0.3813897471,15.0,0
626.2696,0.3820553314,15.0,0
626.7517,0.38260238729999996,15.0,0
627.2338,0.383267196,15.0,0
627.7159,0.3839823466,15.0,0
628.1981,0.3845910457,15.0,0
628.6802,0.38514031369999996,15.0,0
629.1623,0.3857225525,15.0,0
629.6444,0.3864724166,15.0,0
630.1265,0.38668470990000003,15.0,0
630.6086,0.38714064550000005,15.0,0
631.0908,0.3875883211,15.0,0
631.5729,0.3882287557,15.0,0
632.055,0.3880862236,15.0,0
632.5371,0.38863858980000004,15.0,0
633.0192,0.3889226438,15.0,0
633.5013,0.38910508479999995,15.0,0
633.9835,0.38931249430000003,15.0,0
634.4656,0.38935243610000003,15.0,0
634.9477,0.3894950834,15.0,0
635.4298,0.3896382774,15.0,0
635.9119,0.38959934949999997,15.0,0
636.394,0.38978702120000003,15.0,0
636.8762,0.3899595721,15.0,0
637.3583,0.3900787663,15.0,0
637.8404,0.39026458740000003,15.0,0
638.3225,0.3902505342,15.0,0
638.8046,0.3905296137,15.0,0
639.2867,0.3904556052,15.0,0
639.7689,0.3907931766,15.0,0
640.251,0.390559924,15.0,0
640.7331,0.3906697748,15.0,0
641.2152,0.3905536276,15.0,0
641.6973,0.3907769984,15.0,0
642.1794,0.390425059,15.0,0
642.6616,0.3903281648,15.0,0
643.1437,0.39025733199999996,15.0,0
643.6258,0.39000514340000003,15.0,0
644.1079,0.3898498497,15.0,0
644.59,0.3895474756,15.0,0
645.0721,0.3890595435,15.0,0
645.5543,0.38903482590000005,15.0,0
646.0364,0.3887806414,15.0,0
646.5185,0.3883378269,15.0,0
647.0006,0.3879842664,15.0,0
647.4827,0.38781837789999996,15.0,0
647.9648,0.3874430796,15.0,0
648.447,0.3871876514,15.0,0
648.9291,0.3872613441,15.0,0
649.4112,0.38676100669999997,15.0,0
649.8933,0.38651387560000006,15.0,0
650.3754,0.3862044906,15.0,0
650.8575,0.38623359979999994,15.0,0
651.3397,0.3854596218,15.0,0
651.8218,0.38518780309999995,15.0,0
652.3039,0.3846930377,15.0,0
652.786,0.3842255212,15.0,0
653.2681,0.3835755937,15.0,0
653.7502,0.3829670765,15.0,0
654.2324,0.38231437040000005,15.0,0
654.7145,0.3818587181,15.0,0
655.1966,0.38129391579999994,15.0,0
655.6787,0.3807853477,15.0,0
656.1608,0.38045382910000003,15.0,0
656.6429,0.3798520509,15.0,0
657.125,0.37965439430000003,15.0,0
657.6072,0.3791194205,15.0,0
658.0892,0.37882976669999996,15.0,0
658.5714,0.37838225629999994,15.0,0
659.0535,0.3780170686,15.0,0
659.5356,0.3774933163,15.0,0
660.0177,0.3772745647,15.0,0
660.4999,0.37678684619999997,15.0,0
660.9819,0.3765072884,15.0,0
661.4641,0.3763002727,15.0,0
661.9462,0.3761791505,15.0,0
662.4283,0.37570408,15.0,0
662.9104,0.3755552927,15.0,0
663.3926,0.3755359713,15.0,0
663.8746,0.3753427123,15.0,0
664.3568,0.3753307863,15.0,0
664.8389,0.37543283590000004,15.0,0
665.321,0.37591085020000004,15.0,0
665.8031,0.37618211449999994,15.0,0
666.2853,0.37671000470000005,15.0,0
666.7673,0.37764955380000004,15.0,0
667.2495,0.37852129959999997,15.0,0
667.7316,0.379548193,15.0,0
668.2137,0.3808729594,15.0,0
668.6958,0.38173876090000003,15.0,0
669.178,0.3823100427,15.0,0
669.66,0.382697899,15.0,0
670.1422,0.3827908165,15.0,0
670.6243,0.3830200531,15.0,0
671.1064,0.38319352189999994,15.0,0
671.5885,0.38345897710000004,15.0,0
672.0707,0.383628472,15.0,0
672.5527,0.38392193910000005,15.0,0
673.0349,0.3843375354,15.0,0
673.517,0.38496378300000006,15.0,0
673.9991,0.3855472702,15.0,0
674.4812,0.3860355577,15.0,0
674.9634,0.38707051890000005,15.0,0
675.4454,0.3877086239,15.0,0
675.9276,0.3886365841,15.0,0
676.4097,0.38943855110000003,15.0,0
676.8918,0.39035610589999997,15.0,0
677.3739,0.3912845294,15.0,0
677.8561,0.3925671564,15.0,0
678.3381,0.39351578070000004,15.0,0
678.8203,0.3945394174,15.0,0
679.3024,0.39561064539999996,15.0,0
679.7845,0.3967996513,15.0,0
680.2666,0.3981883953,15.0,0
680.7488,0.39939519619999997,15.0,0
681.2308,0.4008949088,15.0,0
681.713,0.40227586959999995,15.0,0
682.1951,0.40378868500000004,15.0,0
682.6772,0.4051721183,15.0,0
683.1593,0.4065766739,15.0,0
683.6415,0.4078839509,15.0,0
684.1235,0.4092642026,15.0,0
684.6057,0.4106088602,15.0,0
685.0878,0.4117884525,15.0,0
685.5699,0.413403833,15.0,0
686.052,0.41439229419999996,15.0,0
686.5342,0.4155114789,15.0,0
687.0162,0.4167481436,15.0,0
687.4984,0.418222882,15.0,0
687.9805,0.4190245222,15.0,0
688.4626,0.4204302897,15.0,0
688.9447,0.4214643884,15.0,0
689.4269,0.4223567615,15.0,0
689.9089,0.4231949483,15.0,0
690.3911,0.4243909295,15.0,0
690.8732,0.42514491810000005,15.0,0
691.3553,0.4259469334,15.0,0
691.8374,0.42690925399999996,15.0,0
692.3196,0.4275905066,15.0,0
692.8016,0.42810311689999997,15.0,0
693.2838,0.4288016696,15.0,0
693.7659,0.4293187353,15.0,0
694.248,0.4302503246,15.0,0
694.7301,0.4306387833,15.0,0
695.2123,0.4313744233,15.0,0
695.6943,0.4316597071,15.0,0
696.1765,0.4320677299,15.0,0
696.6586,0.4325544435,15.0,0
697.1407,0.4328657527,15.0,0
697.6228,0.4330209044,15.0,0
698.105,0.4332926493,15.0,0
698.587,0.4337557023,15.0,0
699.0692,0.4337898,15.0,0
699.5513,0.43373759720000005,15.0,0
700.0334,0.4338185424,15.0,0
700.5155,0.4337214987,15.0,0
700.9977,0.4340952182,15.0,0
701.4797,0.4337603002,15.0,0
701.9619,0.4340032527,15.0,0
702.444,0.4337712999,15.0,0
702.9261,0.4337617541,15.0,0
703.4082,0.4338579795,15.0,0
703.8904,0.433658012,15.0,0
704.3724,0.4335197983,15.0,0
704.8546,0.4335266346,15.0,0
705.3367,0.4336465155,15.0,0
705.8188,0.43324481839999995,15.0,0
706.3009,0.4333918586,15.0,0
706.7831,0.4331172405,15.0,0
707.2651,0.4331099147,15.0,0
707.7473,0.43288669319999995,15.0,0
708.2294,0.4326442304,15.0,0
708.7115,0.43272382,15.0,0
709.1936,0.43239191839999996,15.0,0
709.6758,0.432381192,15.0,0
710.1578,0.432257182,15.0,0
710.64,0.43249564620000003,15.0,0
711.1221,0.43249526639999997,15.0,0
711.6042,0.4327319531,15.0,0
712.0863,0.4331488587,15.0,0
712.5685,0.4330568151,15.0,0
713.0505,0.4335698114,15.0,0
713.5327,0.4335042998,15.0,0
714.0148,0.4341699631,15.0,0
714.4969,0.43451280529999997,15.0,0
714.979,0.4349105211,15.0,0
715.4612,0.4356607495,15.0,0
715.9432,0.4363997645,15.0,0
716.4254,0.437032717,15.0,0
716.9075,0.4379592838,15.0,0
717.3896,0.4389012992,15.0,0
717.8717,0.4399798463,15.0,0
718.3539,0.4411773231,15.0,0
718.8359,0.4424299344,15.0,0
719.3181,0.44366598,15.0,0
719.8002,0.44525280189999994,15.0,0
720.2823,0.4466213632,15.0,0
720.7644,0.4481241159,15.0,0
721.2466,0.44939915399999997,15.0,0
721.7286,0.450841889,15.0,0
722.2108,0.4523824911,15.0,0
722.6929,0.4538699636,15.0,0
723.175,0.4554876214,15.0,0
723.6571,0.45701023900000004,15.0,0
724.1393,0.4585234447,15.0,0
724.6213,0.46022941619999996,15.0,0
725.1035,0.4618487784,15.0,0
725.5856,0.46331529670000005,15.0,0
726.0677,0.4652359825,15.0,0
726.5498,0.46656245009999997,15.0,0
727.032,0.4680963285,15.0,0
727.514,0.4698491449,15.0,0
727.9962,0.47121682810000004,15.0,0
728.4783,0.4726112784,15.0,0
728.9604,0.4741318433,15.0,0
729.4425,0.4756276189,15.0,0
729.9247,0.4768422415,15.0,0
730.4067,0.4780639869,15.0,0
730.8889,0.4791218885,15.0,0
731.371,0.4800082011,15.0,0
731.8531,0.48119631079999997,15.0,0
732.3352,0.48196285250000004,15.0,0
732.8174,0.4827756231,15.0,0
733.2994,0.4831939763,15.0,0
733.7816,0.4837532935,15.0,0
734.2637,0.4844552419,15.0,0
734.7458,0.4850791125,15.0,0
735.2279,0.48523817999999996,15.0,0
735.7101,0.4856401381,15.0,0
736.1921,0.4861213786,15.0,0
736.6743,0.4863095311,15.0,0
737.1564,0.48673175209999997,15.0,0
737.6385,0.48695115780000003,15.0,0
738.1206,0.4872988285,15.0,0
738.6028,0.48782327000000003,15.0,0
739.0848,0.4880598739,15.0,0
739.567,0.488615742,15.0,0
740.0491,0.4891781012,15.0,0
740.5312,0.48989062029999997,15.0,0
741.0133,0.4904752552,15.0,0
741.4955,0.4915553314,15.0,0
741.9775,0.4923272629,15.0,0
742.4597,0.4937541401,15.0,0
742.9418,0.49485931780000003,15.0,0
743.424,0.496449293,15.0,0
743.906,0.49813558970000005,15.0,0
744.3882,0.4997643813,15.0,0
744.8702,0.5017040256,15.0,0
745.3524,0.5033880095,15.0,0
745.8345,0.5052905214,15.0,0
746.3167,0.5072218721,15.0,0
746.7987,0.5092327412000001,15.0,0
747.2809,0.5111881116,15.0,0
747.7629,0.5128696429,15.0,0
748.2451,0.5147143235,15.0,0
748.7272,0.5164725498,15.0,0
749.2094,0.5182362303,15.0,0
749.6914,0.5200117322,15.0,0
750.1736,0.5215299336,15.0,0
750.6556,0.5230320541,15.0,0
751.1378,0.5246847268,15.0,0
751.6199,0.5261273705,15.0,0
752.1021,0.5275819030000001,15.0,0
752.5841,0.5287218633999999,15.0,0
753.0663,0.5301410287,15.0,0
753.5483,0.5310431028,15.0,0
754.0305,0.5322680412999999,15.0,0
754.5126,0.5332217277,15.0,0
754.9948,0.5342855302,15.0,0
755.4768,0.5354263304,15.0,0
755.959,0.5364582250000001,15.0,0
756.441,0.5374879593,15.0,0
756.9232,0.5390739556999999,15.0,0
757.4053,0.5402983635999999,15.0,0
757.8875,0.5416681528,15.0,0
758.3695,0.5435368679,15.0,0
758.8517,0.5452693527,15.0,0
759.3337,0.5474082607999999,15.0,0
759.8159,0.5494567741,15.0,0
760.298,0.5515926973999999,15.0,0
760.7802,0.5538840541,15.0,0
761.2622,0.5561446817,15.0,0
761.7444,0.5585839439,15.0,0
762.2264,0.5609020486,15.0,0
762.7086,0.5633641163,15.0,0
763.1907,0.565580007,15.0,0
763.6729,0.5675786624,15.0,0
764.1549,0.5696129674,15.0,0
764.6371,0.5714957910999999,15.0,0
765.1191,0.5735714144,15.0,0
765.6013,0.5751830416,15.0,0
766.0834,0.5767002903,15.0,0
766.5656,0.5783303425999999,15.0,0
767.0476,0.5801379091,15.0,0
767.5298,0.5817937933,15.0,0
768.0118,0.5836974978,15.0,0
768.494,0.5857198405999999,15.0,0
768.9761,0.5880988846,15.0,0
769.4583,0.5903768441,15.0,0
769.9403,0.5929874297,15.0,0
770.4225,0.5954549722,15.0,0
770.9045,0.5982418147,15.0,0
771.3867,0.6010987082,15.0,0
771.8688,0.6036116625,15.0,0
772.351,0.606511542,15.0,0
772.833,0.6093174322,15.0,0
773.3152,0.6124450735,15.0,0
773.7972,0.6150673144000001,15.0,0
774.2794,0.6181454825,15.0,0
774.7615,0.6211878708999999,15.0,0
775.2437,0.6242356265,15.0,0
775.7257,0.6275224304,15.0,0
776.2079,0.630378043,15.0,0
776.6899,0.6337823896,15.0,0
777.1721,0.6367094489,15.0,0
777.6542,0.6404317176000001,15.0,0
778.1364,0.6434973924,15.0,0
778.6184,0.647213814,15.0,0
779.1006,0.6506323285000001,15.0,0
779.5826,0.6542197573,15.0,0
780.0648,0.6579365831,15.0,0
780.5469,0.6616666738000001,15.0,0
781.0291,0.6656855389999999,15.0,0
781.5111,0.6695060458000001,15.0,0
781.9933,0.6737353785000001,15.0,0
782.4753,0.6779130792,15.0,0
782.9575,0.682228284,15.0,0
783.4396,0.6866828202,15.0,0
783.9218,0.6912201849999999,15.0,0
784.4038,0.6959857182,15.0,0
784.886,0.7008610622,15.0,0
785.368,0.7056675744,15.0,0
785.8502,0.7108539208000001,15.0,0
786.3323,0.7161954778999999,15.0,0
786.8145,0.7214338707,15.0,0
787.2965,0.7272232833,15.0,0
787.7787,0.7332811517000001,15.0,0
788.2607,0.7393930739,15.0,0
788.7429,0.7460932778,15.0,0
789.225,0.7526236351,15.0,0
789.7072,0.7594776371,15.0,0
790.1892,0.7669854087,15.0,0
790.6714,0.7746463889999999,15.0,0
791.1534,0.7824907005,15.0,0
791.6356,0.7910197782999999,15.0,0
792.1177,0.7999637855,15.0,0
792.5999,0.8095838134000001,15.0,0
793.0819,0.8198291967,15.0,0
793.5641,0.8307141159,15.0,0
794.0461,0.8423734087,15.0,0
794.5283,0.8547385806,15.0,0
795.0104,0.8676632383,15.0,0
795.4926,0.8811481113,15.0,0
795.9746,0.8948923845,15.0,0
796.4568,0.9088530085,15.0,0
796.9388,0.9224365575,15.0,0
797.421,0.9357302468,15.0,0
797.9031,0.9479781522,15.0,0
798.3853,0.9596545372,15.0,0
798.8673,0.9700733974000001,15.0,0
799.3495,0.9789081444,15.0,0
799.8315,0.9864819247,15.0,0
800.3137,0.9929109896999999,15.0,0
800.7958,0.9981005902,15.0,0
801.278,1.002210701,15.0,0
801.76,1.005514397,15.0,0
802.2422,1.008119658,15.0,0
802.7242,1.01029481,15.0,0
803.2064,1.011935566,15.0,0
803.6885,1.013311622,15.0,0
804.1707,1.014411049,15.0,0
804.6527,1.015307995,15.0,0
805.1349,1.0161555180000001,15.0,0
805.6169,1.016616755,15.0,0
806.0991,1.017668845,15.0,0
806.5812,1.018131753,15.0,0
807.0634,1.018345506,15.0,0
807.5454,1.018804942,15.0,0
808.0276,1.019382973,15.0,0
808.5096,1.019693877,15.0,0
808.9918,1.020129645,15.0,0
809.4739,1.020827286,15.0,0
809.9561,1.021129038,15.0,0
810.4381,1.021427075,15.0,0
810.9203,1.021892925,15.0,0
811.4023,1.0223577400000001,15.0,0
811.8845,1.022618493,15.0,0
812.3666,1.022960981,15.0,0
812.8488,1.023126604,15.0,0
813.3308,1.02336637,15.0,0
813.813,1.02345406,15.0,0
814.295,1.023621051,15.0,0
814.7772,1.023795074,15.0,0
815.2593,1.023826323,15.0,0
815.7415,1.024160634,15.0,0
816.2235,1.024260135,15.0,0
816.7057,1.024267845,15.0,0
817.1877,1.024483204,15.0,0
817.6699,1.02431023,15.0,0
818.152,1.024677633,15.0,0
818.6342,1.024631796,15.0,0
819.1162,1.024828347,15.0,0
819.5984,1.024927996,15.0,0
820.0804,1.024896563,15.0,0
820.5626,1.025051847,15.0,0
821.0447,1.0250862239999998,15.0,0
821.5269,1.025198431,15.0,0
822.0089,1.025384764,15.0,0
822.4911,1.025730943,15.0,0
822.9731,1.02566056,15.0,0
823.4553,1.025824267,15.0,0
823.9374,1.026116388,15.0,0
824.4196,1.026251439,15.0,0
824.9016,1.026390067,15.0,0
825.3838,1.026535604,15.0,0
825.8658,1.026519755,15.0,0
826.348,1.02672697,15.0,0
826.8301,1.0268213099999999,15.0,0
827.3123,1.026984172,15.0,0
827.7943,1.026904694,15.0,0
828.2765,1.027147599,15.0,0
828.7585,1.027113124,15.0,0
829.2407,1.027079554,15.0,0
829.7228,1.0273935520000002,15.0,0
830.205,1.027197714,15.0,0
830.687,1.027214959,15.0,0
831.1692,1.027140446,15.0,0
831.6512,1.0272297860000001,15.0,0
832.1334,1.027197958,15.0,0
832.6155,1.0272692399999999,15.0,0
833.0977,1.0269651229999999,15.0,0
833.5797,1.026926578,15.0,0
834.0619,1.026903122,15.0,0
834.5439,1.0266625759999999,15.0,0
835.0261,1.026676736,15.0,0
835.5082,1.026404801,15.0,0
835.9904,1.026056643,15.0,0
836.4724,1.025923301,15.0,0
836.9546,1.0257631189999998,15.0,0
837.4366,1.025511296,15.0,0
837.9188,1.025440507,15.0,0
838.4009,1.025354133,15.0,0
838.8831,1.025199808,15.0,0
839.3651,1.024931721,15.0,0
839.8473,1.024999874,15.0,0
840.3293,1.02502292,15.0,0
840.8115,1.025165465,15.0,0
841.2936,1.025054474,15.0,0
841.7758,1.02529346,15.0,0
842.2578,1.0254346189999999,15.0,0
842.74,1.0255084479999999,15.0,0
843.222,1.025648925,15.0,0
843.7042,1.025515574,15.0,0
844.1863,1.025866837,15.0,0
844.6685,1.025829825,15.0,0
845.1505,1.025963474,15.0,0
845.6327,1.026021626,15.0,0
846.1147,1.02614342,15.0,0
846.5969,1.025938066,15.0,0
847.079,1.025790456,15.0,0
847.5612,1.0258262569999999,15.0,0
848.0432,1.02576267,15.0,0
848.5254,1.025885147,15.0,0
849.0074,1.025946132,15.0,0
849.4896,1.0255990590000001,15.0,0
849.9717,1.025912448,15.0,0
850.4539,1.025687939,15.0,0
850.9359,1.025939628,15.0,0
851.4181,1.025736641,15.0,0
851.9001,1.025717811,15.0,0
852.3823,1.0256892100000001,15.0,0
852.8644,1.025829972,15.0,0
853.3466,1.025649611,15.0,0
853.8286,1.0254279320000002,15.0,0
854.3108,1.025638014,15.0,0
854.7928,1.025558235,15.0,0
855.275,1.025561616,15.0,0
855.7571,1.025415628,15.0,0
856.2393,1.0254657280000001,15.0,0
856.7213,1.025306449,15.0,0
857.2035,1.025617652,15.0,0
857.6855,1.025523716,15.0,0
858.1677,1.025564143,15.0,0
858.6498,1.025585146,15.0,0
859.132,1.025688827,15.0,0
859.614,1.0255712289999999,15.0,0
860.0962,1.025766213,15.0,0
860.5782,1.025898906,15.0,0
861.0604,1.02597592,15.0,0
861.5425,1.0260246720000001,15.0,0
862.0247,1.0259642409999998,15.0,0
862.5067,1.026117072,15.0,0
862.9889,1.02630978,15.0,0
863.4709,1.0261337609999999,15.0,0
863.9531,1.026252538,15.0,0
864.4352,1.026248734,15.0,0
864.9174,1.026060746,15.0,0
865.3994,1.025921749,15.0,0
865.8816,1.025961248,15.0,0
866.3636,1.025973379,15.0,0
866.8458,1.0259262710000001,15.0,0
867.3279,1.02576321,15.0,0
867.8101,1.0255264080000002,15.0,0
868.2921,1.025640502,15.0,0
868.7743,1.025392472,15.0,0
869.2563,1.025323585,15.0,0
869.7385,1.025217576,15.0,0
870.2206,1.025219775,15.0,0
870.7028,1.025154424,15.0,0
871.1848,1.024921585,15.0,0
871.667,1.025313363,15.0,0
872.149,1.025107604,15.0,0
872.6312,1.02512454,15.0,0
873.1133,1.025276335,15.0,0
873.5955,1.025140769,15.0,0
874.0775,1.02521976,15.0,0
874.5597,1.0248168370000001,15.0,0
875.0417,1.025127646,15.0,0
875.5239,1.0250511199999999,15.0,0
876.006,1.0249307589999999,15.0,0
876.4882,1.024948401,15.0,0
876.9702,1.024941274,15.0,0
877.4524,1.024790139,15.0,0
877.9344,1.024885511,15.0,0
878.4166,1.024855374,15.0,0
878.8987,1.024927731,15.0,0
879.3809,1.024807516,15.0,0
879.8629,1.024914104,15.0,0
880.3451,1.024657164,15.0,0
880.8271,1.024533962,15.0,0
881.3093,1.024605341,15.0,0
881.7914,1.024661478,15.0,0
882.2736,1.0242401460000001,15.0,0
882.7556,1.024078119,15.0,0
883.2378,1.023887955,15.0,0
883.7198,1.023868827,15.0,0
884.202,1.023510613,15.0,0
884.6841,1.023408021,15.0,0
885.1663,1.02312238,15.0,0
885.6483,1.022961511,15.0,0
886.1305,1.0229376829999999,15.0,0
886.6125,1.022683062,15.0,0
887.0947,1.022594039,15.0,0
887.5768,1.022173021,15.0,0
888.059,1.0221962,15.0,0
888.541,1.022184949,15.0,0
889.0232,1.021957341,15.0,0
889.5052,1.021724474,15.0,0
889.9874,1.021632454,15.0,0
890.4695,1.0213893,15.0,0
890.9517,1.021173285,15.0,0
891.4337,1.0211370530000001,15.0,0
891.9159,1.020766276,15.0,0
892.3979,1.020730385,15.0,0
892.8801,1.020231194,15.0,0
893.3622,1.020217729,15.0,0
893.8444,1.020024885,15.0,0
894.3264,1.019903823,15.0,0
894.8086,1.019625754,15.0,0
895.2906,1.01953099,15.0,0
895.7728,1.0192185809999998,15.0,0
896.2549,1.0191385689999999,15.0,0
896.7371,1.0190482029999999,15.0,0
897.2191,1.018738751,15.0,0
897.7013,1.01850664,15.0,0
898.1833,1.0181611320000001,15.0,0
898.6655,1.017879421,15.0,0
899.1476,1.017771217,15.0,0
899.6298,1.017325334,15.0,0
900.1118,1.017295593,15.0,0
900.594,1.016852902,15.0,0
901.076,1.016704837,15.0,0
901.5582,1.016642556,15.0,0
902.0403,1.0164717159999999,15.0,0
902.5225,1.016258941,15.0,0
903.0045,1.0163149660000002,15.0,0
903.4867,1.016046151,15.0,0
903.9688,1.01595971,15.0,0
904.4509,1.015748809,15.0,0
904.933,1.015751221,15.0,0
905.4152,1.01545102,15.0,0
905.8972,1.01543689,15.0,0
906.3794,1.015266206,15.0,0
906.8615,1.01515876,15.0,0
907.3436,1.014808487,15.0,0
907.8257,1.014689774,15.0,0
908.3079,1.014379443,15.0,0
908.7899,1.014280591,15.0,0
909.2721,1.014052685,15.0,0
909.7542,1.013744017,15.0,0
910.2363,1.013877146,15.0,0
910.7184,1.0134979880000001,15.0,0
911.2006,1.0133699710000001,15.0,0
911.6826,1.013103572,15.0,0
912.1647,1.013142964,15.0,0
912.6469,1.012743294,15.0,0
913.129,1.012557764,15.0,0
913.6111,1.0122866860000002,15.0,0
914.0932,1.012250418,15.0,0
914.5753,1.0120127270000001,15.0,0
915.0574,1.01169686,15.0,0
915.5396,1.011612703,15.0,0
916.0217,1.0111581630000002,15.0,0
916.5038,1.010638971,15.0,0
916.9859,1.010405634,15.0,0
917.468,1.010163334,15.0,0
917.9501,1.009542444,15.0,0
918.4323,1.009300867,15.0,0
918.9144,1.008857702,15.0,0
919.3965,1.008799158,15.0,0
919.8786,1.008162322,15.0,0
920.3607,1.007978287,15.0,0
920.8428,1.007632353,15.0,0
921.325,1.0072088209999999,15.0,0
921.8071,1.0068167719999999,15.0,0
922.2892,1.006511997,15.0,0
922.7713,1.005806148,15.0,0
923.2534,1.005445905,15.0,0
923.7355,1.0048420710000001,15.0,0
924.2177,1.004557016,15.0,0
924.6998,1.004008665,15.0,0
925.1819,1.003219458,15.0,0
925.664,1.002504994,15.0,0
926.1461,1.001968985,15.0,0
926.6282,1.001160369,15.0,0
927.1104,1.000619838,15.0,0
927.5925,0.9998292282,15.0,0
928.0746,0.9993787406,15.0,0
928.5567,0.9985574708999999,15.0,0
929.0388,0.9979801165000001,15.0,0
929.5209,0.9971251705,15.0,0
930.0031,0.9964885058,15.0,0
930.4852,0.9954510664999999,15.0,0
930.9673,0.9947367048,15.0,0
931.4494,0.9937186620999999,15.0,0
931.9315,0.9931436173,15.0,0
932.4136,0.9923067241,15.0,0
932.8958,0.9911015648,15.0,0
933.3779,0.9901220015,15.0,0
933.86,0.9890348981,15.0,0
934.3421,0.9879014402,15.0,0
934.8242,0.9866979539,15.0,0
935.3063,0.9855840385000001,15.0,0
935.7885,0.984430045,15.0,0
936.2706,0.9829603065000001,15.0,0
936.7527,0.9817207168000001,15.0,0
937.2348,0.9804213181,15.0,0
937.7169,0.9791526550999999,15.0,0
938.199,0.977621855,15.0,0
938.6812,0.9763733264,15.0,0
939.1633,0.9752800442,15.0,0
939.6454,0.9744068382000001,15.0,0
940.1275,0.9735934852,15.0,0
940.6096,0.9729580094000001,15.0,0
941.0917,0.9724928044000001,15.0,0
941.5739,0.9723115857000001,15.0,0
942.056,0.9720262071000001,15.0,0
942.5381,0.9717199381,15.0,0
943.0202,0.9716122633000001,15.0,0
943.5023,0.9716902128,15.0,0
943.9844,0.9713172018999999,15.0,0
944.4666,0.9710404342,15.0,0
944.9487,0.9706464213,15.0,0
945.4308,0.970066034,15.0,0
945.9129,0.9693887435,15.0,0
946.395,0.9684937197000001,15.0,0
946.8771,0.9674221151000001,15.0,0
947.3593,0.9661802637,15.0,0
947.8414,0.9648312625,15.0,0
948.3235,0.9636151051999999,15.0,0
948.8056,0.962141285,15.0,0
949.2877,0.9604789632,15.0,0
949.7698,0.9587855439999999,15.0,0
950.252,0.957068374,15.0,0
950.7341,0.954973071,15.0,0
951.2162,0.9527487682,15.0,0
951.6983,0.9504501985,15.0,0
952.1804,0.9481086064,15.0,0
952.6625,0.9454573352,15.0,0
953.1447,0.9426130316,15.0,0
953.6268,0.9398646179000001,15.0,0
954.1089,0.9365774789,15.0,0
954.591,0.9329328846,15.0,0
955.0731,0.9289010694,15.0,0
955.5552,0.9245891614999999,15.0,0
956.0374,0.9196053557,15.0,0
956.5195,0.9139496838,15.0,0
957.0016,0.9080148771000001,15.0,0
957.4837,0.9009574601,15.0,0
957.9658,0.8930939735,15.0,0
958.4479,0.8839039465,15.0,0
958.9301,0.8735651758999999,15.0,0
959.4122,0.8619573129,15.0,0
959.8943,0.848468259,15.0,0
960.3764,0.8333510156,15.0,0
960.8585,0.8164478359999999,15.0,0
961.3406,0.7979641424,15.0,0
961.8228,0.7776758162,15.0,0
962.3049,0.7559200915,15.0,0
962.787,0.7332075473,15.0,0
963.2691,0.7103933609,15.0,0
963.7512,0.6879581894000001,15.0,0
964.2333,0.666317801,15.0,0
964.7155,0.6463736418,15.0,0
965.1976,0.6289267363,15.0,0
965.6797,0.6144399412,15.0,0
966.1618,0.6027340859,15.0,0
966.6439,0.594399343,15.0,0
967.126,0.5887167505,15.0,0
967.6082,0.5855034966,15.0,0
968.0903,0.583983577,15.0,0
968.5724,0.5832601056,15.0,0
969.0545,0.5824785351,15.0,0
969.5366,0.5810221745999999,15.0,0
970.0187,0.5778253019,15.0,0
970.5009,0.5723888047,15.0,0
970.983,0.5642885338,15.0,0
971.4651,0.5531698054,15.0,0
971.9472,0.5387153042,15.0,0
972.4293,0.5209906101,15.0,0
972.9114,0.49982739940000004,15.0,0
973.3936,0.4759180034,15.0,0
973.8757,0.4493470762,15.0,0
974.3578,0.4205914025,15.0,0
974.8399,0.3898696218,15.0,0
975.322,0.3579758527,15.0,0
975.8041,0.32501998919999997,15.0,0
976.2863,0.29218450690000003,15.0,0
976.7684,0.2596312925,15.0,0
977.2505,0.22818035590000002,15.0,0
977.7326,0.19819816299999998,15.0,0
978.2147,0.1704875646,15.0,0
978.6968,0.145156584,15.0,0
979.179,0.1227786998,15.0,0
979.6611,0.1034685391,15.0,0
980.1432,0.08776532531,15.0,0
980.6253,0.07543424634,15.0,0
981.1074,0.06596315344999999,15.0,0
981.5895,0.05964169513,15.0,0
982.0717,0.05602974601,15.0,0
982.5538,0.05479196262,15.0,0
983.0359,0.05559623961,15.0,0
983.518,0.05767449744,15.0,0
984.0001,0.06093931758,15.0,0
984.4822,0.06477488602,15.0,0
984.9644,0.0692553197,15.0,0
985.4465,0.07344768199,15.0,0
985.9286,0.07751228969,15.0,0
986.4107,0.08097045755,15.0,0
986.8928,0.08368806293,15.0,0
987.3749,0.08572911985,15.0,0
987.8571,0.08748451238999999,15.0,0
988.3392,0.08820827586,15.0,0
988.8213,0.08795474235,15.0,0
989.3034,0.08710510464,15.0,0
989.7855,0.08576383591,15.0,0
990.2676,0.08386689900000001,15.0,0
990.7498,0.08155056227999999,15.0,0
991.2319,0.07861346525,15.0,0
991.714,0.07566895561,15.0,0
992.1961,0.0724183109,15.0,0
992.6782,0.06892338771999999,15.0,0
993.1603,0.06564878664,15.0,0
993.6425,0.06205599624,15.0,0
994.1246,0.05867921074,15.0,0
994.6067,0.05526773439,15.0,0
995.0888,0.051754838760000005,15.0,0
995.5709,0.04875574771,15.0,0
996.053,0.045946595380000003,15.0,0
996.5352,0.043051605779999995,15.0,0
997.0173,0.04047665532,15.0,0
997.4994,0.03812224284,15.0,0
997.9815,0.035976261350000004,15.0,0
998.4636,0.03413454147,15.0,0
998.9457,0.032589409300000004,15.0,0
999.4279,0.03105273484,15.0,0
999.91,0.03008029103,15.0,0
1000.392,0.028963193380000002,15.0,0
1000.874,0.02850107018,15.0,0
1001.356,0.02797353643,15.0,0
1001.838,0.02783883987,15.0,0
1002.321,0.02776328896,15.0,0
1002.803,0.02814534331,15.0,0
1003.285,0.02860047576,15.0,0
1003.767,0.029219534569999997,15.0,0
1004.249,0.03001150519,15.0,0
1004.731,0.0309916446,15.0,0
1005.213,0.03208098804,15.0,0
1005.695,0.03316283946,15.0,0
1006.177,0.03434554408,15.0,0
1006.66,0.03534222648,15.0,0
1007.142,0.0368074592,15.0,0
1007.624,0.03810924472,15.0,0
1008.106,0.039359637919999996,15.0,0
1008.588,0.04073221216,15.0,0
1009.07,0.041748406290000005,15.0,0
1009.552,0.04299729938999999,15.0,0
1010.034,0.044409083579999994,15.0,0
1010.517,0.04543130047,15.0,0
1010.999,0.046734009619999996,15.0,0
1011.481,0.04789822387,15.0,0
1011.963,0.04890384818,15.0,0
1012.445,0.0499066712,15.0,0
1012.927,0.05115380311,15.0,0
1013.409,0.051691790370000004,15.0,0
1013.891,0.05256399201,15.0,0
1014.373,0.05339101268,15.0,0
1014.856,0.05379049792,15.0,0
1015.338,0.05426461733,15.0,0
1015.82,0.05436349266,15.0,0
1016.302,0.054690195270000005,15.0,0
1016.784,0.05473863487,15.0,0
1017.266,0.05460373807,15.0,0
1017.748,0.0544948353,15.0,0
1018.23,0.05396677614,15.0,0
1018.713,0.053549913739999996,15.0,0
1019.195,0.052845010520000006,15.0,0
1019.677,0.05217121429,15.0,0
1020.159,0.05141630643,15.0,0
1020.641,0.05080060993,15.0,0
1021.123,0.0499793251,15.0,0
1021.605,0.048736768550000004,15.0,0
1022.087,0.047799067849999995,15.0,0
1022.569,0.04699359386,15.0,0
1023.052,0.04585314544,15.0,0
1023.534,0.04474023785,15.0,0
1024.016,0.0435593937,15.0,0
1024.498,0.04215945308,15.0,0
1024.98,0.04117536933,15.0,0
1025.462,0.04003372555,15.0,0
1025.944,0.03852867448,15.0,0
1026.426,0.03728106776,15.0,0
1026.908,0.03577543204,15.0,0
1027.391,0.03439518201,15.0,0
1027.873,0.032915378849999996,15.0,0
1028.355,0.03151217015,15.0,0
1028.837,0.029931627770000004,15.0,0
1029.319,0.02872198203,15.0,0
1029.801,0.02708178504,15.0,0
1030.283,0.02588853244,15.0,0
1030.765,0.02450241945,15.0,0
1031.248,0.02324036311,15.0,0
1031.73,0.02190191628,15.0,0
1032.212,0.02065734475,15.0,0
1032.694,0.01927646534,15.0,0
1033.176,0.01810127257,15.0,0
1033.658,0.01706450991,15.0,0
1034.14,0.016225302610000002,15.0,0
1034.622,0.01536096642,15.0,0
1035.104,0.01437335522,15.0,0
1035.587,0.01364148506,15.0,0
1036.069,0.01270771941,15.0,0
1036.551,0.012072678029999999,15.0,0
1037.033,0.011422440119999999,15.0,0
1037.515,0.01136036048,15.0,0
1037.997,0.01069652589,15.0,0
1038.479,0.0104146271,15.0,0
1038.961,0.010154496609999999,15.0,0
1039.444,0.01001697453,15.0,0
1039.926,0.010073759520000001,15.0,0
1040.408,0.00999527135,15.0,0
1040.89,0.00976744442,15.0,0
1041.372,0.01018582286,15.0,0
1041.854,0.01004189561,15.0,0
1042.336,0.010379925180000001,15.0,0
1042.818,0.01070146711,15.0,0
1043.301,0.01109627838,15.0,0
1043.783,0.01147058171,15.0,0
1044.265,0.01195035958,15.0,0
1044.747,0.0127021195,15.0,0
1045.229,0.013177416470000002,15.0,0
1045.711,0.01401900688,15.0,0
1046.193,0.01482043358,15.0,0
1046.675,0.01576017023,15.0,0
1047.157,0.0162973225,15.0,0
1047.64,0.01720029245,15.0,0
1048.122,0.01822836937,15.0,0
1048.604,0.01911287535,15.0,0
1049.086,0.0203251065,15.0,0
1049.568,0.021377687540000002,15.0,0
1050.05,0.0223158808,15.0,0
1050.532,0.02345402355,15.0,0
1051.014,0.02474164314,15.0,0
1051.496,0.026029992000000002,15.0,0
1051.979,0.0272876956,15.0,0
1052.461,0.028632559340000002,15.0,0
1052.943,0.02986640505,15.0,0
1053.425,0.03119542907,15.0,0
1053.907,0.0326804946,15.0,0
1054.389,0.03389777595,15.0,0
1054.871,0.03541658374,15.0,0
1055.353,0.03677987705,15.0,0
1055.835,0.0382116374,15.0,0
1056.318,0.03988069307,15.0,0
1056.8,0.041246330149999996,15.0,0
1057.282,0.04288629496,15.0,0
1057.764,0.04425064607,15.0,0
1058.246,0.04570245872,15.0,0
1058.728,0.047143126119999997,15.0,0
1059.21,0.04854326539,15.0,0
1059.692,0.04975500571,15.0,0
1060.175,0.05080198828,15.0,0
1060.657,0.05198038518,15.0,0
1061.139,0.053098063900000006,15.0,0
1061.621,0.05447690521,15.0,0
1062.103,0.05563602468,15.0,0
1062.585,0.05711978716,15.0,0
1063.067,0.05874323762999999,15.0,0
1063.549,0.060386572,15.0,0
1064.031,0.062036800339999996,15.0,0
1064.514,0.06386249803,15.0,0
1064.996,0.065729257,15.0,0
1065.478,0.06753307158,15.0,0
1065.96,0.06956359648,15.0,0
1066.442,0.0710616081,15.0,0
1066.924,0.07265664185000001,15.0,0
1067.406,0.07407222034,15.0,0
1067.888,0.07554313369,15.0,0
1068.371,0.07673240233999999,15.0,0
1068.853,0.07788893741,15.0,0
1069.335,0.07918179346,15.0,0
1069.817,0.08009614854000001,15.0,0
1070.299,0.08128439699,15.0,0
1070.781,0.08209970696999999,15.0,0
1071.263,0.08300498256,15.0,0
1071.745,0.08376504968000001,15.0,0
1072.228,0.08457132215,15.0,0
1072.71,0.08509135529,15.0,0
1073.192,0.08575804104,15.0,0
1073.674,0.08615876097,15.0,0
1074.156,0.08669342895,15.0,0
1074.638,0.08727800050000001,15.0,0
1075.12,0.08782841723000001,15.0,0
1075.602,0.08823427981,15.0,0
1076.084,0.08845095114,15.0,0
1076.567,0.08911296205,15.0,0
1077.049,0.08970086368,15.0,0
1077.531,0.09080625815,15.0,0
1078.013,0.09167766978,15.0,0
1078.495,0.09253473399,15.0,0
1078.977,0.09356646115,15.0,0
1079.459,0.0945951998,15.0,0
1079.941,0.09538923397,15.0,0
1080.423,0.09601260625000001,15.0,0
1080.906,0.09659284103999999,15.0,0
1081.388,0.09728204677,15.0,0
1081.87,0.09748916193,15.0,0
1082.352,0.09812823181000001,15.0,0
1082.834,0.09845518111000001,15.0,0
1083.316,0.09914401704999999,15.0,0
1083.798,0.09985021576,15.0,0
1084.28,0.1007098102,15.0,0
1084.762,0.1019368027,15.0,0
1085.245,0.1031949945,15.0,0
1085.727,0.1043400258,15.0,0
1086.209,0.1053015335,15.0,0
1086.691,0.1059756228,15.0,0
1087.173,0.1067395625,15.0,0
1087.655,0.1070650053,15.0,0
1088.137,0.1072825076,15.0,0
1088.619,0.10709318359999999,15.0,0
1089.102,0.10677682170000001,15.0,0
1089.584,0.10656674969999999,15.0,0
1090.066,0.1063434113,15.0,0
1090.548,0.10634955939999999,15.0,0
1091.03,0.10634690470000001,15.0,0
1091.512,0.1066037742,15.0,0
1091.994,0.1063450173,15.0,0
1092.476,0.10675242680000001,15.0,0
1092.958,0.1069187055,15.0,0
1093.441,0.10709192370000001,15.0,0
1093.923,0.10712645,15.0,0
1094.405,0.1072261288,15.0,0
1094.887,0.1070077961,15.0,0
1095.369,0.1065495471,15.0,0
1095.851,0.1062063404,15.0,0
1096.333,0.1055627384,15.0,0
1096.815,0.1047622593,15.0,0
1097.298,0.10401753400000001,15.0,0
1097.78,0.1031270231,15.0,0
1098.262,0.1024576568,15.0,0
1098.744,0.1014747877,15.0,0
1099.226,0.1009523454,15.0,0
1099.708,0.1002239327,15.0,0
1100.19,0.09963197886,15.0,0
1100.672,0.09923519952,15.0,0
1101.155,0.09891998353,15.0,0
1101.637,0.09841858461,15.0,0
1102.119,0.09797259433000001,15.0,0
1102.601,0.09774971367999999,15.0,0
1103.083,0.09735068768999999,15.0,0
1103.565,0.0972376312,15.0,0
1104.047,0.09676014123,15.0,0
1104.529,0.0964202455,15.0,0
1105.011,0.09602694482,15.0,0
1105.494,0.09537419924,15.0,0
1105.976,0.09498771643,15.0,0
1106.458,0.09451173596000001,15.0,0
1106.94,0.09413493559000001,15.0,0
1107.422,0.09339685425000001,15.0,0
1107.904,0.09304042794,15.0,0
1108.386,0.09239827799,15.0,0
1108.868,0.09179428256,15.0,0
1109.35,0.09165029889,15.0,0
1109.833,0.09095768106999999,15.0,0
1110.315,0.09058235782,15.0,0
1110.797,0.09010510134000001,15.0,0
1111.279,0.08951804808000001,15.0,0
1111.761,0.08919375373999999,15.0,0
1112.243,0.08848782226999999,15.0,0
1112.725,0.08771481528000001,15.0,0
1113.207,0.08721983551,15.0,0
1113.689,0.08682513105,15.0,0
1114.172,0.08612298301999999,15.0,0
1114.654,0.08549713270999999,15.0,0
1115.136,0.08512132156,15.0,0
1115.618,0.08452288761,15.0,0
1116.1,0.08412801794,15.0,0
1116.582,0.08363507311,15.0,0
1117.064,0.08315082174,15.0,0
1117.546,0.08270881450999999,15.0,0
1118.029,0.08227463154,15.0,0
1118.511,0.08180040623,15.0,0
1118.993,0.08135104929,15.0,0
1119.475,0.08091336314,15.0,0
1119.957,0.0806246605,15.0,0
1120.439,0.07984405858,15.0,0
1120.921,0.07937809344999999,15.0,0
1121.403,0.07896072357,15.0,0
1121.885,0.07848419763,15.0,0
1122.368,0.07830762565999999,15.0,0
1122.85,0.07799200633,15.0,0
1123.332,0.07775091336,15.0,0
1123.814,0.07748613353,15.0,0
1124.296,0.07733121141,15.0,0
1124.778,0.0769879753,15.0,0
1125.26,0.07683894872,15.0,0
1125.742,0.07654132275,15.0,0
1126.225,0.07650331296,15.0,0
1126.707,0.07616926476,15.0,0
1127.189,0.07584605694,15.0,0
1127.671,0.0758017435,15.0,0
1128.153,0.07570458355000001,15.0,0
1128.635,0.07526326283000001,15.0,0
1129.117,0.07511744283999999,15.0,0
1129.599,0.07495030425,15.0,0
1130.082,0.07466993316,15.0,0
1130.564,0.07450348415,15.0,0
1131.046,0.07428397473000001,15.0,0
1131.528,0.07409649677,15.0,0
1132.01,0.07374544185000001,15.0,0
1132.492,0.0739365616,15.0,0
1132.974,0.0736868329,15.0,0
1133.456,0.07354648237,15.0,0
1133.938,0.07341307506,15.0,0
1134.421,0.07353288670000001,15.0,0
1134.903,0.07319978579,15.0,0
1135.385,0.07336720551,15.0,0
1135.867,0.07308906865,15.0,0
1136.349,0.07307454581,15.0,0
1136.831,0.07323926469,15.0,0
1137.313,0.0730138544,15.0,0
1137.795,0.07294180622,15.0,0
1138.277,0.07318088595,15.0,0
1138.76,0.07321940433,15.0,0
1139.242,0.07318646565,15.0,0
1139.724,0.07322557095,15.0,0
1140.206,0.07337562199,15.0,0
1140.688,0.07333853616,15.0,0
1141.17,0.07351322378,15.0,0
1141.652,0.07363590073,15.0,0
1142.134,0.0737499989,15.0,0
1142.616,0.07396375514,15.0,0
1143.099,0.07418587926,15.0,0
1143.581,0.07426903446,15.0,0
1144.063,0.07480004789,15.0,0
1144.545,0.0749348295,15.0,0
1145.027,0.07525498892,15.0,0
1145.509,0.07553252108,15.0,0
1145.991,0.07573053849,15.0,0
1146.473,0.07621368938,15.0,0
1146.956,0.07654296615,15.0,0
1147.438,0.07679941936,15.0,0
1147.92,0.07715976327,15.0,0
1148.402,0.07730365095,15.0,0
1148.884,0.07769406535,15.0,0
1149.366,0.0782383688,15.0,0
1149.848,0.0784079151,15.0,0
1150.33,0.07877009601,15.0,0
1150.812,0.0792811742,15.0,0
1151.295,0.07968289233,15.0,0
1151.777,0.07996948005,15.0,0
1152.259,0.08027769850000001,15.0,0
1152.741,0.08066062801,15.0,0
1153.223,0.08095689611,15.0,0
1153.705,0.0815705978,15.0,0
1154.187,0.08193505271,15.0,0
1154.669,0.08263761463,15.0,0
1155.152,0.08272900623,15.0,0
1155.634,0.08340099701999999,15.0,0
1156.116,0.08371002579,15.0,0
1156.598,0.08425567999,15.0,0
1157.08,0.08468620470999999,15.0,0
1157.562,0.08528773207000001,15.0,0
1158.044,0.08553596915,15.0,0
1158.526,0.08627791513,15.0,0
1159.009,0.08681562843,15.0,0
1159.491,0.08731355199999999,15.0,0
1159.973,0.08765162113000001,15.0,0
1160.455,0.08840870819999999,15.0,0
1160.937,0.08865455579,15.0,0
1161.419,0.08932263156999999,15.0,0
1161.901,0.09011741377,15.0,0
1162.383,0.09064690807,15.0,0
1162.865,0.09105453491,15.0,0
1163.348,0.0915486484,15.0,0
1163.83,0.09206016211,15.0,0
1164.312,0.09293207658,15.0,0
1164.794,0.09327749097,15.0,0
1165.276,0.09399148698,15.0,0
1165.758,0.09451090409000001,15.0,0
1166.24,0.09512619314,15.0,0
1166.722,0.09571335389999999,15.0,0
1167.204,0.09638073273,15.0,0
1167.687,0.09717286735,15.0,0
1168.169,0.09770439217,15.0,0
1168.651,0.09833345544,15.0,0
1169.133,0.09896323116,15.0,0
1169.615,0.09945052929999999,15.0,0
1170.097,0.1000442783,15.0,0
1170.579,0.1007314891,15.0,0
1171.061,0.1013512275,15.0,0
1171.543,0.1020499545,15.0,0
1172.026,0.10264258359999999,15.0,0
1172.508,0.1030012184,15.0,0
1172.99,0.1039263572,15.0,0
1173.472,0.1047487273,15.0,0
1173.954,0.105164571,15.0,0
1174.436,0.1058542941,15.0,0
1174.918,0.10633727970000001,15.0,0
1175.4,0.10704311089999999,15.0,0
1175.883,0.10778058630000001,15.0,0
1176.365,0.1083014989,15.0,0
1176.847,0.10923083289999999,15.0,0
1177.329,0.1097725833,15.0,0
1177.811,0.1103021149,15.0,0
1178.293,0.1109648054,15.0,0
1178.775,0.11150226070000001,15.0,0
1179.257,0.11209047200000001,15.0,0
1179.74,0.1127863795,15.0,0
1180.222,0.1134984621,15.0,0
1180.704,0.11402187039999999,15.0,0
1181.186,0.1147625693,15.0,0
1181.668,0.1150617864,15.0,0
1182.15,0.1158181859,15.0,0
1182.632,0.1164411338,15.0,0
1183.114,0.1169934823,15.0,0
1183.596,0.1176026485,15.0,0
1184.079,0.1181089385,15.0,0
1184.561,0.1188437007,15.0,0
1185.043,0.1196147376,15.0,0
1185.525,0.11978810819999999,15.0,0
1186.007,0.1207815557,15.0,0
1186.489,0.1212738191,15.0,0
1186.971,0.12153107569999999,15.0,0
1187.453,0.1221979208,15.0,0
1187.936,0.1227965215,15.0,0
1188.418,0.12332313859999999,15.0,0
1188.9,0.1239297915,15.0,0
1189.382,0.12441184679999999,15.0,0
1189.864,0.12492957799999999,15.0,0
1190.346,0.1254937985,15.0,0
1190.828,0.126013387,15.0,0
1191.31,0.1264281786,15.0,0
1191.792,0.126820255,15.0,0
1192.275,0.1272438723,15.0,0
1192.757,0.12773796129999998,15.0,0
1193.239,0.1282302529,15.0,0
1193.721,0.12877215720000001,15.0,0
1194.203,0.1290353427,15.0,0
1194.685,0.1296808353,15.0,0
1195.167,0.1301213149,15.0,0
1195.649,0.13064284810000001,15.0,0
1196.131,0.1309961237,15.0,0
1196.614,0.1314872907,15.0,0
1197.096,0.13189482959999999,15.0,0
1197.578,0.1323785989,15.0,0
1198.06,0.1329020347,15.0,0
1198.542,0.13321635410000002,15.0,0
1199.024,0.1337861306,15.0,0
1199.506,0.134133859,15.0,0
1199.988,0.1345820193,15.0,0
1200.47,0.1349108216,15.0,0
1200.953,0.1350627755,15.0,0
1201.435,0.13569767900000002,15.0,0
1201.917,0.13590405949999998,15.0,0
1202.399,0.1362843966,15.0,0
1202.881,0.13640123739999999,15.0,0
1203.363,0.1368704705,15.0,0
1203.845,0.1370736745,15.0,0
1204.327,0.1372788854,15.0,0
1204.81,0.1377493461,15.0,0
1205.292,0.1378912811,15.0,0
1205.774,0.1381968888,15.0,0
1206.256,0.13848693069999998,15.0,0
1206.738,0.13881188290000002,15.0,0
1207.22,0.13897816470000002,15.0,0
1207.702,0.1392480464,15.0,0
1208.184,0.139539934,15.0,0
1208.667,0.1400372863,15.0,0
1209.149,0.1400663189,15.0,0
1209.631,0.1404526428,15.0,0
1210.113,0.14065388909999998,15.0,0
1210.595,0.14086658570000002,15.0,0
1211.077,0.1411183043,15.0,0
1211.559,0.1412930647,15.0,0
1212.041,0.1415718143,15.0,0
1212.523,0.1416881944,15.0,0
1213.006,0.1419724214,15.0,0
1213.488,0.1420357147,15.0,0
1213.97,0.1421387593,15.0,0
1214.452,0.14225941179999999,15.0,0
1214.934,0.14252070420000001,15.0,0
1215.416,0.1426861555,15.0,0
1215.898,0.1427283358,15.0,0
1216.38,0.1426985277,15.0,0
1216.863,0.1427830482,15.0,0
1217.345,0.1429876293,15.0,0
1217.827,0.1429981504,15.0,0
1218.309,0.1429561203,15.0,0
1218.791,0.1429190262,15.0,0
1219.273,0.14289381410000002,15.0,0
1219.755,0.1431706823,15.0,0
1220.237,0.1430061721,15.0,0
1220.719,0.1430178304,15.0,0
1221.202,0.1427588148,15.0,0
1221.684,0.1432032457,15.0,0
1222.166,0.1431932463,15.0,0
1222.648,0.1429351055,15.0,0
1223.13,0.1430436716,15.0,0
1223.612,0.1430202015,15.0,0
1224.094,0.1428645019,15.0,0
1224.576,0.1429545114,15.0,0
1225.058,0.1431114052,15.0,0
1225.541,0.14304026150000002,15.0,0
1226.023,0.1430106347,15.0,0
1226.505,0.1429434125,15.0,0
1226.987,0.14282111779999998,15.0,0
1227.469,0.1426751445,15.0,0
1227.951,0.1426974171,15.0,0
1228.433,0.1424594911,15.0,0
1228.915,0.1424351509,15.0,0
1229.397,0.14239463389999998,15.0,0
1229.88,0.1422295561,15.0,0
1230.362,0.14199874899999998,15.0,0
1230.844,0.1418942759,15.0,0
1231.326,0.1417881745,15.0,0
1231.808,0.14181263360000002,15.0,0
1232.29,0.1415315596,15.0,0
1232.772,0.1414462678,15.0,0
1233.254,0.1411595524,15.0,0
1233.737,0.14105398449999998,15.0,0
1234.219,0.1410267861,15.0,0
1234.701,0.14084973809999998,15.0,0
1235.183,0.1406780588,15.0,0
1235.665,0.14054434130000001,15.0,0
1236.147,0.1404448582,15.0,0
1236.629,0.14030341440000002,15.0,0
1237.111,0.1400914745,15.0,0
1237.594,0.1400525329,15.0,0
1238.076,0.1396935371,15.0,0
1238.558,0.13955748610000002,15.0,0
1239.04,0.1394989246,15.0,0
1239.522,0.1394582314,15.0,0
1240.004,0.1391440412,15.0,0
1240.486,0.1388308381,15.0,0
1240.968,0.13853129409999998,15.0,0
1241.45,0.1385940051,15.0,0
1241.933,0.1383411255,15.0,0
1242.415,0.1380047976,15.0,0
1242.897,0.13761219889999998,15.0,0
1243.379,0.13736768330000002,15.0,0
1243.861,0.13696548549999998,15.0,0
1244.343,0.1369349477,15.0,0
1244.825,0.1366811279,15.0,0
1245.307,0.1364642493,15.0,0
1245.79,0.13607432590000001,15.0,0
1246.272,0.1359215597,15.0,0
1246.754,0.1357206389,15.0,0
1247.236,0.13548458659999998,15.0,0
1247.718,0.1352829818,15.0,0
1248.2,0.1352001774,15.0,0
1248.682,0.13464425589999998,15.0,0
1249.164,0.13455361870000002,15.0,0
1249.646,0.1343904812,15.0,0
1250.129,0.1341167147,15.0,0
1250.611,0.1337580911,15.0,0
1251.093,0.13370025589999998,15.0,0
1251.575,0.1333543777,15.0,0
1252.057,0.1331469028,15.0,0
1252.539,0.1328682682,15.0,0
1253.021,0.1326879357,15.0,0
1253.503,0.1324320259,15.0,0
1253.985,0.1322885736,15.0,0
1254.468,0.1320318337,15.0,0
1254.95,0.1318318005,15.0,0
1255.432,0.1315678484,15.0,0
1255.914,0.1313810315,15.0,0
1256.396,0.13094682000000002,15.0,0
1256.878,0.13066962540000002,15.0,0
1257.36,0.1306021011,15.0,0
1257.842,0.1302949787,15.0,0
1258.324,0.1303196748,15.0,0
1258.807,0.1301192532,15.0,0
1259.289,0.1298420185,15.0,0
1259.771,0.1296877347,15.0,0
1260.253,0.12946557930000002,15.0,0
1260.735,0.1291475264,15.0,0
1261.217,0.1288798861,15.0,0
1261.699,0.1288145093,15.0,0
1262.181,0.1284760103,15.0,0
1262.664,0.12852241,15.0,0
1263.146,0.1283131189,15.0,0
1263.628,0.1280885664,15.0,0
1264.11,0.1277780137,15.0,0
1264.592,0.127734391,15.0,0
1265.074,0.1273368859,15.0,0
1265.556,0.1273113661,15.0,0
1266.038,0.1270146759,15.0,0
1266.521,0.12695774370000001,15.0,0
1267.003,0.1268017746,15.0,0
1267.485,0.1265365504,15.0,0
1267.967,0.1262697196,15.0,0
1268.449,0.1263379521,15.0,0
1268.931,0.126095634,15.0,0
1269.413,0.1260906558,15.0,0
1269.895,0.1260482917,15.0,0
1270.377,0.1258052796,15.0,0
1270.86,0.1256044775,15.0,0
1271.342,0.1256468442,15.0,0
1271.824,0.1254064871,15.0,0
1272.306,0.1252570401,15.0,0
1272.788,0.1251495046,15.0,0
1273.27,0.1251209935,15.0,0
1273.752,0.1250336828,15.0,0
1274.234,0.12471671990000001,15.0,0
1274.717,0.12457300460000001,15.0,0
1275.199,0.12459614769999999,15.0,0
1275.681,0.1242434477,15.0,0
1276.163,0.1242697827,15.0,0
1276.645,0.12427145830000001,15.0,0
1277.127,0.1241351956,15.0,0
1277.609,0.1240281906,15.0,0
1278.091,0.1239718122,15.0,0
1278.573,0.1239218572,15.0,0
1279.056,0.1236924884,15.0,0
1279.538,0.1237869161,15.0,0
1280.02,0.12353842820000001,15.0,0
1280.502,0.1234638619,15.0,0
1280.984,0.1235731082,15.0,0
1281.466,0.1236013324,15.0,0
1281.948,0.12349960709999999,15.0,0
1282.43,0.1234544427,15.0,0
1282.912,0.1235850826,15.0,0
1283.395,0.1235372302,15.0,0
1283.877,0.1235171575,15.0,0
1284.359,0.1234419961,15.0,0
1284.841,0.1235193716,15.0,0
1285.323,0.1236339806,15.0,0
1285.805,0.1234999218,15.0,0
1286.287,0.1234985031,15.0,0
1286.769,0.12352150249999999,15.0,0
1287.251,0.12357618320000001,15.0,0
1287.734,0.1236915462,15.0,0
1288.216,0.1235142224,15.0,0
1288.698,0.12360344039999999,15.0,0
1289.18,0.1233996456,15.0,0
1289.662,0.12332404540000001,15.0,0
1290.144,0.1234736028,15.0,0
1290.626,0.12349385460000001,15.0,0
1291.108,0.1232064056,15.0,0
1291.591,0.12352661279999999,15.0,0
1292.073,0.12341146200000001,15.0,0
1292.555,0.1235022659,15.0,0
1293.037,0.1234331763,15.0,0
1293.519,0.1235524739,15.0,0
1294.001,0.12368738459999999,15.0,0
1294.483,0.1238670954,15.0,0
1294.965,0.12373572429999999,15.0,0
1295.448,0.12388210279999999,15.0,0
1295.93,0.123886284,15.0,0
1296.412,0.1238148904,15.0,0
1296.894,0.1238974963,15.0,0
1297.376,0.12404287160000001,15.0,0
1297.858,0.1240937001,15.0,0
1298.34,0.1241643886,15.0,0
1298.822,0.1241192386,15.0,0
1299.304,0.12415664939999999,15.0,0
1299.787,0.12422627800000001,15.0,0
1300.269,0.1242040512,15.0,0
1300.751,0.1244081444,15.0,0
1301.233,0.12446597840000001,15.0,0
1301.715,0.1243611651,15.0,0
1302.197,0.1245598463,15.0,0
1302.679,0.1247913192,15.0,0
1303.161,0.1247907449,15.0,0
1303.644,0.1248639192,15.0,0
1304.126,0.1247030653,15.0,0
1304.608,0.1249074246,15.0,0
1305.09,0.1251214152,15.0,0
1305.572,0.1252201583,15.0,0
1306.054,0.12520991439999998,15.0,0
1306.536,0.125071772,15.0,0
1307.018,0.12516459729999999,15.0,0
1307.5,0.1253075743,15.0,0
1307.983,0.1251541863,15.0,0
1308.465,0.1252676514,15.0,0
1308.947,0.1253252299,15.0,0
1309.429,0.1254983929,15.0,0
1309.911,0.125474622,15.0,0
1310.393,0.1258254111,15.0,0
1310.875,0.1258090947,15.0,0
1311.357,0.126036013,15.0,0
1311.839,0.1260232405,15.0,0
1312.322,0.1263375524,15.0,0
1312.804,0.1264132848,15.0,0
1313.286,0.12647933990000002,15.0,0
1313.768,0.1268850607,15.0,0
1314.25,0.1269597609,15.0,0
1314.732,0.1270647258,15.0,0
1315.214,0.1270786771,15.0,0
1315.696,0.1273561652,15.0,0
1316.178,0.1277187376,15.0,0
1316.661,0.1277637097,15.0,0
1317.143,0.1279223636,15.0,0
1317.625,0.1279487667,15.0,0
1318.107,0.1281352055,15.0,0
1318.589,0.1281962605,15.0,0
1319.071,0.12830842369999998,15.0,0
1319.553,0.1285025004,15.0,0
1320.035,0.1284917925,15.0,0
1320.518,0.1287381615,15.0,0
1321.0,0.1288091423,15.0,0
1321.482,0.1290162617,15.0,0
1321.964,0.1290855131,15.0,0
1322.446,0.1293204804,15.0,0
1322.928,0.1294110094,15.0,0
1323.41,0.1294844895,15.0,0
1323.892,0.129779377,15.0,0
1324.375,0.130068433,15.0,0
1324.857,0.13037486140000001,15.0,0
1325.339,0.1303688146,15.0,0
1325.821,0.1309085916,15.0,0
1326.303,0.1310277885,15.0,0
1326.785,0.13125385339999998,15.0,0
1327.267,0.1316194039,15.0,0
1327.749,0.1317909669,15.0,0
1328.231,0.1322143658,15.0,0
1328.714,0.1322289741,15.0,0
1329.196,0.1323884662,15.0,0
1329.678,0.132709305,15.0,0
1330.16,0.1327615485,15.0,0
1330.642,0.1332649097,15.0,0
1331.124,0.13352744290000002,15.0,0
1331.606,0.133653094,15.0,0
1332.088,0.13391552439999999,15.0,0
1332.571,0.13413817,15.0,0
1333.053,0.13451305189999999,15.0,0
1333.535,0.1348042659,15.0,0
1334.017,0.1348863888,15.0,0
1334.499,0.13518025449999999,15.0,0
1334.981,0.1350731243,15.0,0
1335.463,0.1355428164,15.0,0
1335.945,0.1355206818,15.0,0
1336.427,0.13575038169999998,15.0,0
1336.91,0.136015086,15.0,0
1337.392,0.13615328059999998,15.0,0
1337.874,0.1364164203,15.0,0
1338.356,0.13665165229999998,15.0,0
1338.838,0.1366295029,15.0,0
1339.32,0.13695257760000001,15.0,0
1339.802,0.1374577162,15.0,0
1340.284,0.13744084980000001,15.0,0
1340.766,0.137559921,15.0,0
1341.249,0.1378967254,15.0,0
1341.731,0.1380850684,15.0,0
1342.213,0.1384042456,15.0,0
1342.695,0.1387066108,15.0,0
1343.177,0.13894718790000002,15.0,0
1343.659,0.13932158619999999,15.0,0
1344.141,0.139463969,15.0,0
1344.623,0.1396428686,15.0,0
1345.105,0.1400348047,15.0,0
1345.588,0.1404866994,15.0,0
1346.07,0.140704979,15.0,0
1346.552,0.14096208600000001,15.0,0
1347.034,0.1413811171,15.0,0
1347.516,0.1417964908,15.0,0
1347.998,0.1419404517,15.0,0
1348.48,0.1423102791,15.0,0
1348.962,0.1427457892,15.0,0
1349.445,0.1431483098,15.0,0
1349.927,0.1433227873,15.0,0
1350.409,0.1440002678,15.0,0
1350.891,0.1440349665,15.0,0
1351.373,0.1443900907,15.0,0
1351.855,0.14498019040000001,15.0,0
1352.337,0.1451109784,15.0,0
1352.819,0.145654959,15.0,0
1353.302,0.1457193965,15.0,0
1353.784,0.1459694744,15.0,0
1354.266,0.14630422769999998,15.0,0
1354.748,0.1467069712,15.0,0
1355.23,0.1467176712,15.0,0
1355.712,0.14711933330000002,15.0,0
1356.194,0.1473467869,15.0,0
1356.676,0.1475972344,15.0,0
1357.158,0.14803782769999999,15.0,0
1357.641,0.1482839494,15.0,0
1358.123,0.1486444538,15.0,0
1358.605,0.1488700458,15.0,0
1359.087,0.1492389762,15.0,0
1359.569,0.1494736236,15.0,0
1360.051,0.14975487669999998,15.0,0
1360.533,0.1501584131,15.0,0
1361.015,0.1506446803,15.0,0
1361.498,0.1508009026,15.0,0
1361.98,0.1510135361,15.0,0
1362.462,0.15140118219999998,15.0,0
1362.944,0.1516885763,15.0,0
1363.426,0.15204399929999998,15.0,0
1363.908,0.15241250309999999,15.0,0
1364.39,0.1525737849,15.0,0
1364.872,0.15284045400000001,15.0,0
1365.354,0.153273798,15.0,0
1365.837,0.1533454612,15.0,0
1366.319,0.1536870925,15.0,0
1366.801,0.1537899705,15.0,0
1367.283,0.1541508606,15.0,0
1367.765,0.1543510223,15.0,0
1368.247,0.1545017938,15.0,0
1368.729,0.1549112175,15.0,0
1369.211,0.1549788995,15.0,0
1369.693,0.1552242183,15.0,0
1370.176,0.1556168454,15.0,0
1370.658,0.155801079,15.0,0
1371.14,0.1558440458,15.0,0
1371.622,0.1560200602,15.0,0
1372.104,0.1563394667,15.0,0
1372.586,0.1565631756,15.0,0
1373.068,0.1569597645,15.0,0
1373.55,0.1572004713,15.0,0
1374.032,0.1572960535,15.0,0
1374.515,0.1576274799,15.0,0
1374.997,0.1577265444,15.0,0
1375.479,0.158068779,15.0,0
1375.961,0.1583929039,15.0,0
1376.443,0.1587755747,15.0,0
1376.925,0.1589184742,15.0,0
1377.407,0.15900019,15.0,0
1377.889,0.1591271124,15.0,0
1378.372,0.1593679629,15.0,0
1378.854,0.1597696321,15.0,0
1379.336,0.159750913,15.0,0
1379.818,0.1600864681,15.0,0
1380.3,0.16037817480000002,15.0,0
1380.782,0.160300431,15.0,0
1381.264,0.1606341445,15.0,0
1381.746,0.16068148029999998,15.0,0
1382.229,0.1608739522,15.0,0
1382.711,0.1610117138,15.0,0
1383.193,0.16115055600000003,15.0,0
1383.675,0.16134925979999998,15.0,0
1384.157,0.1614326411,15.0,0
1384.639,0.1614626879,15.0,0
1385.121,0.1617078333,15.0,0
1385.603,0.16184118900000002,15.0,0
1386.085,0.16180239400000002,15.0,0
1386.568,0.16218147340000003,15.0,0
1387.05,0.1619919158,15.0,0
1387.532,0.1623126812,15.0,0
1388.014,0.162197988,15.0,0
1388.496,0.16251825679999998,15.0,0
1388.978,0.16254012929999997,15.0,0
1389.46,0.16271171339999999,15.0,0
1389.942,0.1626896116,15.0,0
1390.425,0.16282786819999998,15.0,0
1390.907,0.16298075520000002,15.0,0
1391.389,0.1628682159,15.0,0
1391.871,0.16306530049999998,15.0,0
1392.353,0.16301962670000003,15.0,0
1392.835,0.1631560528,15.0,0
1393.317,0.16317343980000001,15.0,0
1393.799,0.1632616037,15.0,0
1394.281,0.1633680085,15.0,0
1394.764,0.1634701098,15.0,0
1395.246,0.16349389309999998,15.0,0
1395.728,0.16359243889999997,15.0,0
1396.21,0.1635439852,15.0,0
1396.692,0.1637738453,15.0,0
1397.174,0.16367456019999999,15.0,0
1397.656,0.16366206170000003,15.0,0
1398.138,0.1636424034,15.0,0
1398.62,0.1636927429,15.0,0
1399.103,0.16370179,15.0,0
1399.585,0.1636180327,15.0,0
1400.067,0.16371464710000003,15.0,0
1400.549,0.1637526125,15.0,0
1401.031,0.16377710310000002,15.0,0
1401.513,0.1637675952,15.0,0
1401.995,0.1638434354,15.0,0
1402.477,0.163941496,15.0,0
1402.959,0.16403680340000001,15.0,0
1403.442,0.1639458959,15.0,0
1403.924,0.16397658,15.0,0
1404.406,0.1639948217,15.0,0
1404.888,0.1641484075,15.0,0
1405.37,0.1640305051,15.0,0
1405.852,0.163922307,15.0,0
1406.334,0.1639286663,15.0,0
1406.816,0.1639794313,15.0,0
1407.299,0.16415771280000002,15.0,0
1407.781,0.1641422678,15.0,0
1408.263,0.1640004897,15.0,0
1408.745,0.1640829325,15.0,0
1409.227,0.1640995362,15.0,0
1409.709,0.1639859061,15.0,0
1410.191,0.1641688377,15.0,0
1410.673,0.1640783558,15.0,0
1411.156,0.16415800090000002,15.0,0
1411.638,0.16387663549999998,15.0,0
1412.12,0.1640644505,15.0,0
1412.602,0.1640278165,15.0,0
1413.084,0.1639829592,15.0,0
1413.566,0.1640072928,15.0,0
1414.048,0.1641737708,15.0,0
1414.53,0.16360718330000001,15.0,0
1415.012,0.1639720303,15.0,0
1415.495,0.16410283280000001,15.0,0
1415.977,0.1638925752,15.0,0
1416.459,0.1642434508,15.0,0
1416.941,0.1638640745,15.0,0
1417.423,0.16377429719999997,15.0,0
1417.905,0.1636229526,15.0,0
1418.387,0.16352049470000002,15.0,0
1418.869,0.163439559,15.0,0
1419.352,0.163391598,15.0,0
1419.834,0.1631968753,15.0,0
1420.316,0.16274675330000002,15.0,0
1420.798,0.1629794908,15.0,0
1421.28,0.1628901352,15.0,0
1421.762,0.1627463076,15.0,0
1422.244,0.1627132104,15.0,0
1422.726,0.162845209,15.0,0
1423.208,0.16255085439999997,15.0,0
1423.69,0.1626112744,15.0,0
1424.173,0.16235753819999998,15.0,0
1424.655,0.16222315259999998,15.0,0
1425.137,0.1623584753,15.0,0
1425.619,0.1622978071,15.0,0
1426.101,0.1621829561,15.0,0
1426.583,0.16214392700000002,15.0,0
1427.065,0.16197580120000002,15.0,0
1427.547,0.1617254844,15.0,0
1428.03,0.16175763320000003,15.0,0
1428.512,0.1617666374,15.0,0
1428.994,0.16142898349999998,15.0,0
1429.476,0.1612474405,15.0,0
1429.958,0.16126312469999998,15.0,0
1430.44,0.16103532399999998,15.0,0
1430.922,0.1609232719,15.0,0
1431.404,0.1609876296,15.0,0
1431.886,0.1607835004,15.0,0
1432.369,0.1607797447,15.0,0
1432.851,0.1607069325,15.0,0
1433.333,0.16059685640000002,15.0,0
1433.815,0.16048535090000002,15.0,0
1434.297,0.1602142751,15.0,0
1434.779,0.1602330356,15.0,0
1435.261,0.1601319639,15.0,0
1435.743,0.15982440220000002,15.0,0
1436.226,0.15939564920000002,15.0,0
1436.708,0.159399924,15.0,0
1437.19,0.15927934900000001,15.0,0
1437.672,0.1588863043,15.0,0
1438.154,0.1587836045,15.0,0
1438.636,0.1586769142,15.0,0
1439.118,0.1586975143,15.0,0
1439.6,0.1586542937,15.0,0
1440.083,0.1584577858,15.0,0
1440.565,0.1583011608,15.0,0
1441.047,0.1581356266,15.0,0
1441.529,0.1580681432,15.0,0
1442.011,0.15797891619999999,15.0,0
1442.493,0.1578377622,15.0,0
1442.975,0.1578661772,15.0,0
1443.457,0.15784154179999998,15.0,0
1443.939,0.1575820935,15.0,0
1444.422,0.15754768959999998,15.0,0
1444.904,0.1575648169,15.0,0
1445.386,0.1574197796,15.0,0
1445.868,0.1569402326,15.0,0
1446.35,0.1570324381,15.0,0
1446.832,0.1568752265,15.0,0
1447.314,0.1566445,15.0,0
1447.796,0.1564147112,15.0,0
1448.279,0.1562949269,15.0,0
1448.76,0.1561575667,15.0,0
1449.243,0.15586400790000002,15.0,0
1449.725,0.15586140199999998,15.0,0
1450.207,0.1557734174,15.0,0
1450.689,0.1556622824,15.0,0
1451.171,0.1554707463,15.0,0
1451.653,0.1552474046,15.0,0
1452.135,0.1553361257,15.0,0
1452.617,0.1551856763,15.0,0
1453.1,0.1552607866,15.0,0
1453.582,0.1550506596,15.0,0
1454.064,0.1551121778,15.0,0
1454.546,0.15492548169999998,15.0,0
1455.028,0.1546908805,15.0,0
1455.51,0.1545134189,15.0,0
1455.992,0.1541679621,15.0,0
1456.474,0.1538874533,15.0,0
1456.957,0.1534572195,15.0,0
1457.439,0.1529818092,15.0,0
1457.921,0.1527097553,15.0,0
1458.403,0.1522324881,15.0,0
1458.885,0.1520468894,15.0,0
1459.367,0.1517718444,15.0,0
1459.849,0.1518847987,15.0,0
1460.331,0.1519467785,15.0,0
1460.813,0.1517280182,15.0,0
1461.296,0.1519291634,15.0,0
1461.778,0.1519910713,15.0,0
1462.26,0.1519686083,15.0,0
1462.742,0.1519243259,15.0,0
1463.224,0.1518596835,15.0,0
1463.706,0.151656604,15.0,0
1464.188,0.1513204598,15.0,0
1464.67,0.15106189390000002,15.0,0
1465.153,0.15126559520000002,15.0,0
1465.635,0.1510223073,15.0,0
1466.117,0.15070198059999998,15.0,0
1466.599,0.1508716283,15.0,0
1467.081,0.1504592557,15.0,0
1467.563,0.1505265491,15.0,0
1468.045,0.1506446008,15.0,0
1468.527,0.15039636099999998,15.0,0
1469.01,0.1502600345,15.0,0
1469.492,0.1503437782,15.0,0
1469.974,0.1503910162,15.0,0
1470.456,0.15025351069999998,15.0,0
1470.938,0.1501900826,15.0,0
1471.42,0.1501656052,15.0,0
1471.902,0.1497721032,15.0,0
1472.384,0.1496780737,15.0,0
1472.866,0.1492890179,15.0,0
1473.349,0.1492917599,15.0,0
1473.831,0.149195796,15.0,0
1474.313,0.149122359,15.0,0
1474.795,0.148885909,15.0,0
1475.277,0.1485251581,15.0,0
1475.759,0.14859247420000002,15.0,0
1476.241,0.1484912487,15.0,0
1476.723,0.14847428029999998,15.0,0
1477.206,0.1483975121,15.0,0
1477.688,0.1482156436,15.0,0
1478.17,0.1483711133,15.0,0
1478.652,0.14829046910000002,15.0,0
1479.134,0.1482323504,15.0,0
1479.616,0.1480720549,15.0,0
1480.098,0.1481097087,15.0,0
1480.58,0.1481649863,15.0,0
1481.062,0.1482685809,15.0,0
1481.544,0.14801828649999998,15.0,0
1482.027,0.14804629479999998,15.0,0
1482.509,0.1479917655,15.0,0
1482.991,0.147980793,15.0,0
1483.473,0.148043262,15.0,0
1483.955,0.1479611179,15.0,0
1484.437,0.1478592335,15.0,0
1484.919,0.14795878780000002,15.0,0
1485.401,0.14795342749999998,15.0,0
1485.884,0.1480903044,15.0,0
1486.366,0.148006956,15.0,0
1486.848,0.1478852136,15.0,0
1487.33,0.1479968431,15.0,0
1487.812,0.1479154033,15.0,0
1488.294,0.1478104334,15.0,0
1488.776,0.1479915517,15.0,0
1489.258,0.1478093645,15.0,0
1489.74,0.1479506484,15.0,0
1490.223,0.1477390718,15.0,0
1490.705,0.14811318399999998,15.0,0
1491.187,0.1477454866,15.0,0
1491.669,0.147946888,15.0,0
1492.151,0.1481793991,15.0,0
1492.633,0.1483195857,15.0,0
1493.115,0.14818259339999998,15.0,0
1493.597,0.14847644259999998,15.0,0
1494.08,0.1484625917,15.0,0
1494.562,0.14857539,15.0,0
1495.044,0.1486351766,15.0,0
1495.526,0.1488429415,15.0,0
1496.008,0.1488496509,15.0,0
1496.49,0.1491272642,15.0,0
1496.972,0.1493012811,15.0,0
1497.454,0.1494036332,15.0,0
1497.937,0.1495343531,15.0,0
1498.419,0.1496177643,15.0,0
1498.901,0.1499902893,15.0,0
1499.383,0.1500254183,15.0,0
1499.865,0.1501338216,15.0,0
1500.347,0.1504108176,15.0,0
1500.829,0.1504691627,15.0,0
1501.311,0.1504914636,15.0,0
1501.793,0.15049337969999999,15.0,0
1502.276,0.1507849448,15.0,0
1502.758,0.1510563608,15.0,0
1503.24,0.150937209,15.0,0
1503.722,0.1510250131,15.0,0
1504.204,0.1512569117,15.0,0
1504.686,0.1513802249,15.0,0
1505.168,0.1515909479,15.0,0
1505.65,0.1519678177,15.0,0
1506.133,0.1521975853,15.0,0
1506.615,0.1525016038,15.0,0
1507.097,0.1530329425,15.0,0
1507.579,0.1534065122,15.0,0
1508.061,0.1534598645,15.0,0
1508.543,0.15379242440000002,15.0,0
1509.025,0.1537162031,15.0,0
1509.507,0.1535812062,15.0,0
1509.99,0.15362115839999999,15.0,0
1510.471,0.1537072552,15.0,0
1510.954,0.1538256684,15.0,0
1511.436,0.1536755091,15.0,0
1511.918,0.1539992113,15.0,0
1512.4,0.1540352216,15.0,0
1512.882,0.1541722966,15.0,0
1513.364,0.1541577371,15.0,0
1513.846,0.1539954714,15.0,0
1514.328,0.1543647807,15.0,0
1514.811,0.1541984482,15.0,0
1515.293,0.1544678265,15.0,0
1515.775,0.1545481957,15.0,0
1516.257,0.1545611322,15.0,0
1516.739,0.1549317748,15.0,0
1517.221,0.1549224433,15.0,0
1517.703,0.1549130323,15.0,0
1518.185,0.1553436664,15.0,0
1518.667,0.155461028,15.0,0
1519.15,0.1556915056,15.0,0
1519.632,0.1559257803,15.0,0
1520.114,0.15606118800000002,15.0,0
1520.596,0.1562960354,15.0,0
1521.078,0.1566324321,15.0,0
1521.56,0.1568324356,15.0,0
1522.042,0.1571081909,15.0,0
1522.524,0.1572759308,15.0,0
1523.007,0.1574588746,15.0,0
1523.489,0.157327106,15.0,0
1523.971,0.1574516745,15.0,0
1524.453,0.1573529377,15.0,0
1524.935,0.1572235088,15.0,0
1525.417,0.15712466020000002,15.0,0
1525.899,0.1570774654,15.0,0
1526.381,0.1569860328,15.0,0
1526.864,0.1568722327,15.0,0
1527.346,0.1567234232,15.0,0
1527.828,0.15700731299999998,15.0,0
1528.31,0.15692712220000002,15.0,0
1528.792,0.1569824898,15.0,0
1529.274,0.1571635267,15.0,0
1529.756,0.1573226989,15.0,0
1530.238,0.1575671477,15.0,0
1530.72,0.1575882103,15.0,0
1531.203,0.1576448347,15.0,0
1531.685,0.157592903,15.0,0
1532.167,0.1582105999,15.0,0
1532.649,0.1584755299,15.0,0
1533.131,0.1584461304,15.0,0
1533.613,0.15881767630000002,15.0,0
1534.095,0.1589215819,15.0,0
1534.577,0.15911269109999998,15.0,0
1535.06,0.15923166249999998,15.0,0
1535.542,0.159294923,15.0,0
1536.024,0.1595464604,15.0,0
1536.506,0.1595182803,15.0,0
1536.988,0.15949651920000002,15.0,0
1537.47,0.1595194657,15.0,0
1537.952,0.1598812982,15.0,0
1538.434,0.1598498145,15.0,0
1538.917,0.1601177971,15.0,0
1539.398,0.160239656,15.0,0
1539.881,0.1603162161,15.0,0
1540.363,0.1602039302,15.0,0
1540.845,0.16031482,15.0,0
1541.327,0.1603959437,15.0,0
1541.809,0.16035358689999998,15.0,0
1542.291,0.1601526291,15.0,0
1542.773,0.1602606821,15.0,0
1543.255,0.1602956593,15.0,0
1543.738,0.16009910659999999,15.0,0
1544.22,0.16035940920000002,15.0,0
1544.702,0.16044003329999998,15.0,0
1545.184,0.1602906452,15.0,0
1545.666,0.1603744327,15.0,0
1546.148,0.16036329829999998,15.0,0
1546.63,0.1603821122,15.0,0
1547.112,0.1604010976,15.0,0
1547.594,0.1602206033,15.0,0
1548.077,0.1602885302,15.0,0
1548.559,0.1601885742,15.0,0
1549.041,0.1603540131,15.0,0
1549.523,0.1602941608,15.0,0
1550.005,0.16025086640000002,15.0,0
1550.487,0.1601305575,15.0,0
1550.969,0.1601141866,15.0,0
1551.451,0.1599437209,15.0,0
1551.934,0.160090477,15.0,0
1552.416,0.1599767897,15.0,0
1552.898,0.1600424257,15.0,0
1553.38,0.16010615009999998,15.0,0
1553.862,0.1601066874,15.0,0
1554.344,0.1601740689,15.0,0
1554.826,0.16023919930000002,15.0,0
1555.308,0.1602569725,15.0,0
1555.791,0.1603186189,15.0,0
1556.273,0.16039753680000002,15.0,0
1556.755,0.1602859061,15.0,0
1557.237,0.1603014376,15.0,0
1557.719,0.1601876695,15.0,0
1558.201,0.1602614393,15.0,0
1558.683,0.1600598727,15.0,0
1559.165,0.1598832993,15.0,0
1559.647,0.1600364042,15.0,0
1560.13,0.16008260580000003,15.0,0
1560.612,0.16038532,15.0,0
1561.094,0.1605070576,15.0,0
1561.576,0.1607443541,15.0,0
1562.058,0.1607909767,15.0,0
1562.54,0.1609326273,15.0,0
1563.022,0.1612363972,15.0,0
1563.504,0.1614779699,15.0,0
1563.987,0.16127429769999999,15.0,0
1564.469,0.1615171164,15.0,0
1564.951,0.16171588010000001,15.0,0
1565.433,0.1615661231,15.0,0
1565.915,0.1620234407,15.0,0
1566.397,0.16200403940000002,15.0,0
1566.879,0.1623485442,15.0,0
1567.361,0.1625472658,15.0,0
1567.844,0.1626397129,15.0,0
1568.325,0.16278008400000002,15.0,0
1568.808,0.1630915894,15.0,0
1569.29,0.1633279103,15.0,0
1569.772,0.1634515862,15.0,0
1570.254,0.1637675385,15.0,0
1570.736,0.1639990144,15.0,0
1571.218,0.1643534528,15.0,0
1571.7,0.1645383137,15.0,0
1572.182,0.1647326624,15.0,0
1572.665,0.1651139417,15.0,0
1573.147,0.16502352299999998,15.0,0
1573.629,0.1653385692,15.0,0
1574.111,0.165496372,15.0,0
1574.593,0.1656915342,15.0,0
1575.075,0.1658571074,15.0,0
1575.557,0.1661906437,15.0,0
1576.039,0.1664061642,15.0,0
1576.521,0.1669046062,15.0,0
1577.004,0.16730938120000002,15.0,0
1577.486,0.1673285,15.0,0
1577.968,0.1678026727,15.0,0
1578.45,0.1678670514,15.0,0
1578.932,0.168143056,15.0,0
1579.414,0.16832054419999998,15.0,0
1579.896,0.16836685540000002,15.0,0
1580.378,0.1687508663,15.0,0
1580.861,0.1687331249,15.0,0
1581.343,0.1688193334,15.0,0
1581.825,0.1690268383,15.0,0
1582.307,0.1691494207,15.0,0
1582.789,0.1694957756,15.0,0
1583.271,0.1696173538,15.0,0
1583.753,0.1697648723,15.0,0
1584.235,0.16995113350000002,15.0,0
1584.718,0.1702331407,15.0,0
1585.2,0.1703380628,15.0,0
1585.682,0.17067025149999998,15.0,0
1586.164,0.1707501535,15.0,0
1586.646,0.1711219788,15.0,0
1587.128,0.17132497430000002,15.0,0
1587.61,0.17145908899999998,15.0,0
1588.092,0.1715977784,15.0,0
1588.574,0.17175952290000002,15.0,0
1589.057,0.1720360147,15.0,0
1589.539,0.1720631305,15.0,0
1590.021,0.1722084259,15.0,0
1590.503,0.1725305954,15.0,0
1590.985,0.1727271807,15.0,0
1591.467,0.17271219810000002,15.0,0
1591.949,0.1727640562,15.0,0
1592.431,0.17297739950000002,15.0,0
1592.914,0.1728567112,15.0,0
1593.396,0.1729885191,15.0,0
1593.878,0.1731119424,15.0,0
1594.36,0.1730472186,15.0,0
1594.842,0.1731508722,15.0,0
1595.324,0.17309777019999997,15.0,0
1595.806,0.17326268979999998,15.0,0
1596.288,0.1731318328,15.0,0
1596.771,0.1732089789,15.0,0
1597.252,0.1734610141,15.0,0
1597.735,0.1733908713,15.0,0
1598.217,0.17344925079999998,15.0,0
1598.699,0.1735082057,15.0,0
1599.181,0.173638112,15.0,0
1599.663,0.173608285,15.0,0
1600.145,0.1735566353,15.0,0
1600.627,0.1737336685,15.0,0
1601.109,0.1737177894,15.0,0
1601.592,0.1739148879,15.0,0
1602.074,0.1738854521,15.0,0
1602.556,0.1742497789,15.0,0
1603.038,0.17407457189999997,15.0,0
1603.52,0.1740773072,15.0,0
1604.002,0.1741100423,15.0,0
1604.484,0.17410440189999998,15.0,0
1604.966,0.1742406947,15.0,0
1605.448,0.1741356857,15.0,0
1605.931,0.1742235865,15.0,0
1606.413,0.17428456239999998,15.0,0
1606.895,0.1742525689,15.0,0
1607.377,0.17455052240000002,15.0,0
1607.859,0.17431698820000002,15.0,0
1608.341,0.17432196919999998,15.0,0
1608.823,0.17434625350000002,15.0,0
1609.305,0.1741952758,15.0,0
1609.788,0.17396173399999998,15.0,0
1610.27,0.1740585458,15.0,0
1610.752,0.1741804333,15.0,0
1611.234,0.1741310712,15.0,0
1611.716,0.17414697180000002,15.0,0
1612.198,0.1739998095,15.0,0
1612.68,0.1740413739,15.0,0
1613.162,0.1740007287,15.0,0
1613.645,0.1740398023,15.0,0
1614.127,0.1740595132,15.0,0
1614.609,0.17391986930000003,15.0,0
1615.091,0.1739199267,15.0,0
1615.573,0.17395399990000002,15.0,0
1616.055,0.1739951063,15.0,0
1616.537,0.1739946973,15.0,0
1617.019,0.1735292068,15.0,0
1617.501,0.1736450933,15.0,0
1617.984,0.1735653852,15.0,0
1618.466,0.1733257567,15.0,0
1618.948,0.1735436369,15.0,0
1619.43,0.1734973579,15.0,0
1619.912,0.1734089339,15.0,0
1620.394,0.1731371601,15.0,0
1620.876,0.1732615315,15.0,0
1621.358,0.173411207,15.0,0
1621.841,0.17335526340000001,15.0,0
1622.323,0.1732632408,15.0,0
1622.805,0.1732199645,15.0,0
1623.287,0.1731478435,15.0,0
1623.769,0.17308024970000002,15.0,0
1624.251,0.1730763383,15.0,0
1624.733,0.1731445633,15.0,0
1625.215,0.17314317899999998,15.0,0
1625.698,0.1730181185,15.0,0
1626.179,0.17291906199999998,15.0,0
1626.662,0.1730981509,15.0,0
1627.144,0.1729946749,15.0,0
1627.626,0.17298001840000002,15.0,0
1628.108,0.17301887529999999,15.0,0
1628.59,0.172918463,15.0,0
1629.072,0.17280543250000002,15.0,0
1629.554,0.17298273179999998,15.0,0
1630.036,0.1730041538,15.0,0
1630.519,0.17302555300000003,15.0,0
1631.001,0.1732033327,15.0,0
1631.483,0.1730027689,15.0,0
1631.965,0.17313669399999998,15.0,0
1632.447,0.1733693342,15.0,0
1632.929,0.173373247,15.0,0
1633.411,0.173446203,15.0,0
1633.893,0.1734910303,15.0,0
1634.375,0.17358450420000002,15.0,0
1634.858,0.1737228958,15.0,0
1635.34,0.17355946849999998,15.0,0
1635.822,0.17348031679999998,15.0,0
1636.304,0.1736388256,15.0,0
1636.786,0.17354296389999999,15.0,0
1637.268,0.1733063259,15.0,0
1637.75,0.17332791790000002,15.0,0
1638.232,0.17328033909999999,15.0,0
1638.715,0.17333149850000001,15.0,0
1639.197,0.1733177899,15.0,0
1639.679,0.17318134140000002,15.0,0
1640.161,0.1733495034,15.0,0
1640.643,0.1734396979,15.0,0
1641.125,0.1733722284,15.0,0
1641.607,0.1732101737,15.0,0
1642.089,0.1733927926,15.0,0
1642.572,0.1732407077,15.0,0
1643.054,0.1731285548,15.0,0
1643.536,0.1732953048,15.0,0
1644.018,0.17304587770000002,15.0,0
1644.5,0.1731430631,15.0,0
1644.982,0.1730474439,15.0,0
1645.464,0.1730281463,15.0,0
1645.946,0.1728550545,15.0,0
1646.428,0.1726737507,15.0,0
1646.911,0.1725311898,15.0,0
1647.393,0.17229520610000001,15.0,0
1647.875,0.17215396340000003,15.0,0
1648.357,0.1721692376,15.0,0
1648.839,0.1721985759,15.0,0
1649.321,0.17202703079999998,15.0,0
1649.803,0.1720138558,15.0,0
1650.285,0.17194473999999998,15.0,0
1650.768,0.1719917195,15.0,0
1651.25,0.1718851979,15.0,0
1651.732,0.171920881,15.0,0
1652.214,0.1716815826,15.0,0
1652.696,0.1714845911,15.0,0
1653.178,0.17124797449999998,15.0,0
1653.66,0.17081026659999998,15.0,0
1654.142,0.1707132192,15.0,0
1654.625,0.1706659356,15.0,0
1655.106,0.1706976758,15.0,0
1655.589,0.17096298780000002,15.0,0
1656.071,0.1708481827,15.0,0
1656.553,0.1707855511,15.0,0
1657.035,0.1710886957,15.0,0
1657.517,0.17093274860000002,15.0,0
1657.999,0.17098288050000002,15.0,0
1658.481,0.17108125000000002,15.0,0
1658.963,0.1708711429,15.0,0
1659.446,0.1707599755,15.0,0
1659.928,0.17082141450000002,15.0,0
1660.41,0.1708429418,15.0,0
1660.892,0.1706255704,15.0,0
1661.374,0.17054552180000002,15.0,0
1661.856,0.1703665338,15.0,0
1662.338,0.17035125359999997,15.0,0
1662.82,0.1703365833,15.0,0
1663.302,0.1699631801,15.0,0
1663.785,0.1701124208,15.0,0
1664.267,0.1700137302,15.0,0
1664.749,0.16993478929999997,15.0,0
1665.231,0.17007799299999998,15.0,0
1665.713,0.1698968382,15.0,0
1666.195,0.1702562614,15.0,0
1666.677,0.170046612,15.0,0
1667.159,0.169999644,15.0,0
1667.642,0.1699979652,15.0,0
1668.124,0.1699869615,15.0,0
1668.606,0.16985070130000002,15.0,0
1669.088,0.16971522709999998,15.0,0
1669.57,0.16954525969999998,15.0,0
1670.052,0.1694457019,15.0,0
1670.534,0.1692998329,15.0,0
1671.016,0.169284619,15.0,0
1671.499,0.1690306051,15.0,0
1671.981,0.1691485681,15.0,0
1672.463,0.1690123629,15.0,0
1672.945,0.1686178795,15.0,0
1673.427,0.1684540956,15.0,0
1673.909,0.1682641965,15.0,0
1674.391,0.1680678395,15.0,0
1674.873,0.1677954396,15.0,0
1675.355,0.16788999449999997,15.0,0
1675.838,0.16761491679999999,15.0,0
1676.32,0.1675274469,15.0,0
1676.802,0.1673479633,15.0,0
1677.284,0.1670621383,15.0,0
1677.766,0.1672694298,15.0,0
1678.248,0.1671289759,15.0,0
1678.73,0.1671188257,15.0,0
1679.212,0.1669417203,15.0,0
1679.695,0.1672257526,15.0,0
1680.177,0.1669801537,15.0,0
1680.659,0.1668094067,15.0,0
1681.141,0.16686488959999998,15.0,0
1681.623,0.16684300489999998,15.0,0
1682.105,0.1664095885,15.0,0
1682.587,0.16659255559999997,15.0,0
1683.069,0.1663336858,15.0,0
1683.552,0.1662086644,15.0,0
1684.033,0.16613745389999998,15.0,0
1684.516,0.16570492009999999,15.0,0
1684.998,0.1654906327,15.0,0
1685.48,0.1655083476,15.0,0
1685.962,0.1652959015,15.0,0
1686.444,0.1651064488,15.0,0
1686.926,0.1651896388,15.0,0
1687.408,0.1650227849,15.0,0
1687.89,0.1649757625,15.0,0
1688.373,0.1650643008,15.0,0
1688.855,0.1649487926,15.0,0
1689.337,0.1647489788,15.0,0
1689.819,0.1645846717,15.0,0
1690.301,0.1646391779,15.0,0
1690.783,0.16454131060000002,15.0,0
1691.265,0.1644472985,15.0,0
1691.747,0.1644180888,15.0,0
1692.229,0.164391582,15.0,0
1692.712,0.164124664,15.0,0
1693.194,0.1642760877,15.0,0
1693.676,0.16409120340000002,15.0,0
1694.158,0.1639799697,15.0,0
1694.64,0.1639880221,15.0,0
1695.122,0.16408215169999998,15.0,0
1695.604,0.1638258392,15.0,0
1696.086,0.1638998304,15.0,0
1696.569,0.1637449827,15.0,0
1697.051,0.16378985149999997,15.0,0
1697.533,0.1639479707,15.0,0
1698.015,0.1637568877,15.0,0
1698.497,0.1636367165,15.0,0
1698.979,0.1634305616,15.0,0
1699.461,0.16337937230000002,15.0,0
1699.943,0.16296616419999999,15.0,0
1700.426,0.1627557403,15.0,0
1700.908,0.1625451215,15.0,0
1701.39,0.162803441,15.0,0
1701.872,0.16250750830000002,15.0,0
1702.354,0.16254270869999998,15.0,0
1702.836,0.1625142235,15.0,0
1703.318,0.162427574,15.0,0
1703.8,0.1623231241,15.0,0
1704.282,0.16220214210000003,15.0,0
1704.765,0.16210186969999998,15.0,0
1705.247,0.16202324040000002,15.0,0
1705.729,0.1621908375,15.0,0
1706.211,0.1617188695,15.0,0
1706.693,0.16174870200000002,15.0,0
1707.175,0.1617722676,15.0,0
1707.657,0.1617171078,15.0,0
1708.139,0.16182839229999998,15.0,0
1708.622,0.16171877850000002,15.0,0
1709.104,0.16159281409999998,15.0,0
1709.586,0.1616345716,15.0,0
1710.068,0.16162009000000002,15.0,0
1710.55,0.16164082910000002,15.0,0
1711.032,0.1615394145,15.0,0
1711.514,0.1615831516,15.0,0
1711.996,0.1615452527,15.0,0
1712.479,0.1614384165,15.0,0
1712.96,0.1613746342,15.0,0
1713.443,0.16155364800000002,15.0,0
1713.925,0.16155242260000002,15.0,0
1714.407,0.1615444582,15.0,0
1714.889,0.16152515239999998,15.0,0
1715.371,0.1614224763,15.0,0
1715.853,0.1613967391,15.0,0
1716.335,0.16116344800000001,15.0,0
1716.817,0.1612492679,15.0,0
1717.3,0.1608206677,15.0,0
1717.782,0.1605535913,15.0,0
1718.264,0.1603045474,15.0,0
1718.746,0.16009890250000003,15.0,0
1719.228,0.1600406574,15.0,0
1719.71,0.1597399975,15.0,0
1720.192,0.1601437003,15.0,0
1720.674,0.1600011911,15.0,0
1721.156,0.15996935110000002,15.0,0
1721.639,0.16003456,15.0,0
1722.121,0.16010805130000003,15.0,0
1722.603,0.1599792873,15.0,0
1723.085,0.1600148789,15.0,0
1723.567,0.1600754608,15.0,0
1724.049,0.1600811295,15.0,0
1724.531,0.1599211584,15.0,0
1725.013,0.15990202439999998,15.0,0
1725.496,0.1598682702,15.0,0
1725.978,0.1598336964,15.0,0
1726.46,0.1598150527,15.0,0
1726.942,0.1598307397,15.0,0
1727.424,0.1598136075,15.0,0
1727.906,0.15986824730000002,15.0,0
1728.388,0.1598982622,15.0,0
1728.87,0.159961834,15.0,0
1729.353,0.1599420757,15.0,0
1729.835,0.1598954712,15.0,0
1730.317,0.1599521881,15.0,0
1730.799,0.1598555314,15.0,0
1731.281,0.1598918078,15.0,0
1731.763,0.1598612302,15.0,0
1732.245,0.1598262379,15.0,0
1732.727,0.1596096648,15.0,0
1733.209,0.1596039434,15.0,0
1733.692,0.1597860414,15.0,0
1734.174,0.1595420861,15.0,0
1734.656,0.1592829664,15.0,0
1735.138,0.1595606163,15.0,0
1735.62,0.1595709072,15.0,0
1736.102,0.1598103407,15.0,0
1736.584,0.1598266615,15.0,0
1737.066,0.1600679971,15.0,0
1737.549,0.16016772240000002,15.0,0
1738.031,0.1599977078,15.0,0
1738.513,0.1600885541,15.0,0
1738.995,0.1602676697,15.0,0
1739.477,0.16022159819999998,15.0,0
1739.959,0.1602409046,15.0,0
1740.441,0.1602695624,15.0,0
1740.923,0.1601720422,15.0,0
1741.406,0.1603435511,15.0,0
1741.887,0.16027826999999997,15.0,0
1742.37,0.1603692494,15.0,0
1742.852,0.16025468910000001,15.0,0
1743.334,0.16055248349999998,15.0,0
1743.816,0.1604726152,15.0,0
1744.298,0.16051418550000002,15.0,0
1744.78,0.1605766263,15.0,0
1745.262,0.1606774678,15.0,0
1745.744,0.16074369149999998,15.0,0
1746.227,0.1610098059,15.0,0
1746.709,0.16087697299999998,15.0,0
1747.191,0.16105251760000003,15.0,0
1747.673,0.1612177719,15.0,0
1748.155,0.1610580475,15.0,0
1748.637,0.1612283148,15.0,0
1749.119,0.1611848629,15.0,0
1749.601,0.16118316889999998,15.0,0
1750.083,0.1608669241,15.0,0
1750.566,0.1610275068,15.0,0
1751.048,0.1610235393,15.0,0
1751.53,0.1612233693,15.0,0
1752.012,0.1610932741,15.0,0
1752.494,0.1613207188,15.0,0
1752.976,0.1614371275,15.0,0
1753.458,0.1614259383,15.0,0
1753.94,0.1616200898,15.0,0
1754.423,0.1617676613,15.0,0
1754.905,0.1618462785,15.0,0
1755.387,0.1618796872,15.0,0
1755.869,0.1619921208,15.0,0
1756.351,0.1621332259,15.0,0
1756.833,0.16224489609999998,15.0,0
1757.315,0.16250429530000002,15.0,0
1757.797,0.1623743336,15.0,0
1758.28,0.1624848122,15.0,0
1758.762,0.1628144525,15.0,0
1759.244,0.1628436671,15.0,0
1759.726,0.1628002892,15.0,0
1760.208,0.1627512609,15.0,0
1760.69,0.1630487312,15.0,0
1761.172,0.1630008849,15.0,0
1761.654,0.1633266439,15.0,0
1762.136,0.16341802390000001,15.0,0
1762.619,0.1633035906,15.0,0
1763.101,0.1634342005,15.0,0
1763.583,0.16365219,15.0,0
1764.065,0.1637871534,15.0,0
1764.547,0.1639805497,15.0,0
1765.029,0.164157591,15.0,0
1765.511,0.1641631734,15.0,0
1765.993,0.16426891340000002,15.0,0
1766.476,0.16448509730000002,15.0,0
1766.958,0.1646333801,15.0,0
1767.44,0.16467526970000002,15.0,0
1767.922,0.16495912910000002,15.0,0
1768.404,0.1648818906,15.0,0
1768.886,0.1651055074,15.0,0
1769.368,0.16528376690000002,15.0,0
1769.85,0.1652253079,15.0,0
1770.333,0.1654692096,15.0,0
1770.814,0.1654605778,15.0,0
1771.297,0.165668869,15.0,0
1771.779,0.1657016949,15.0,0
1772.261,0.165883192,15.0,0
1772.743,0.1658391402,15.0,0
1773.225,0.1659451264,15.0,0
1773.707,0.1661974474,15.0,0
1774.189,0.1660920698,15.0,0
1774.671,0.16655003950000002,15.0,0
1775.154,0.1665888806,15.0,0
1775.636,0.16662034280000002,15.0,0
1776.118,0.16677584,15.0,0
1776.6,0.16713925410000002,15.0,0
1777.082,0.167013569,15.0,0
1777.564,0.16727984740000001,15.0,0
1778.046,0.1673481455,15.0,0
1778.528,0.1674211233,15.0,0
1779.01,0.1677279176,15.0,0
1779.493,0.16791750619999998,15.0,0
1779.975,0.16798673449999998,15.0,0
1780.457,0.16801164,15.0,0
1780.939,0.16808566460000002,15.0,0
1781.421,0.1683406474,15.0,0
1781.903,0.1683910078,15.0,0
1782.385,0.168749351,15.0,0
1782.867,0.1689315306,15.0,0
1783.35,0.1689212036,15.0,0
1783.832,0.1689499103,15.0,0
1784.314,0.16926892070000002,15.0,0
1784.796,0.1691152917,15.0,0
1785.278,0.1694208355,15.0,0
1785.76,0.1696713323,15.0,0
1786.242,0.16973109579999998,15.0,0
1786.724,0.16992972609999998,15.0,0
1787.207,0.17012035520000002,15.0,0
1787.689,0.170497528,15.0,0
1788.171,0.1707114924,15.0,0
1788.653,0.170683942,15.0,0
1789.135,0.1709130733,15.0,0
1789.617,0.17114950499999998,15.0,0
1790.099,0.1712944432,15.0,0
1790.581,0.17137941380000002,15.0,0
1791.063,0.1717127079,15.0,0
1791.546,0.1719379752,15.0,0
1792.028,0.1720668362,15.0,0
1792.51,0.1720900844,15.0,0
1792.992,0.1721016483,15.0,0
1793.474,0.17234925,15.0,0
1793.956,0.17269686490000002,15.0,0
1794.438,0.1726648888,15.0,0
1794.92,0.1728464146,15.0,0
1795.403,0.17292572,15.0,0
1795.885,0.17305870110000002,15.0,0
1796.367,0.173157869,15.0,0
1796.849,0.17322104859999998,15.0,0
1797.331,0.173302822,15.0,0
1797.813,0.17345567639999998,15.0,0
1798.295,0.17361095240000002,15.0,0
1798.777,0.1738613533,15.0,0
1799.26,0.1736969765,15.0,0
1799.741,0.1740719372,15.0,0
1800.224,0.1742038885,15.0,0
1800.706,0.1743457343,15.0,0
1801.188,0.1745765852,15.0,0
1801.67,0.1744352468,15.0,0
1802.152,0.1747753313,15.0,0
1802.634,0.17505123909999998,15.0,0
1803.116,0.1750479965,15.0,0
1803.598,0.17521885269999998,15.0,0
1804.081,0.17530158799999998,15.0,0
1804.563,0.1753797527,15.0,0
1805.045,0.1754426857,15.0,0
1805.527,0.1757278368,15.0,0
1806.009,0.1757243936,15.0,0
1806.491,0.1758591543,15.0,0
1806.973,0.1760213702,15.0,0
1807.455,0.17617174680000003,15.0,0
1807.938,0.17634748819999999,15.0,0
1808.42,0.1763478287,15.0,0
1808.902,0.17653644,15.0,0
1809.384,0.17642147149999998,15.0,0
1809.866,0.1769149822,15.0,0
1810.348,0.1767960638,15.0,0
1810.83,0.176883619,15.0,0
1811.312,0.17702575499999998,15.0,0
1811.794,0.1772651706,15.0,0
1812.277,0.1773308388,15.0,0
1812.759,0.1774521779,15.0,0
1813.241,0.1775648305,15.0,0
1813.723,0.1778520713,15.0,0
1814.205,0.1778797155,15.0,0
1814.687,0.1779059496,15.0,0
1815.169,0.17801773350000002,15.0,0
1815.651,0.17828186410000002,15.0,0
1816.134,0.1783191241,15.0,0
1816.616,0.1785276145,15.0,0
1817.098,0.17858024919999999,15.0,0
1817.58,0.1785413104,15.0,0
1818.062,0.1787839173,15.0,0
1818.544,0.1790544654,15.0,0
1819.026,0.17907364690000002,15.0,0
1819.508,0.1789765152,15.0,0
1819.99,0.17939827590000001,15.0,0
1820.473,0.1793483255,15.0,0
1820.955,0.17945250980000002,15.0,0
1821.437,0.1793614023,15.0,0
1821.919,0.17952577590000002,15.0,0
1822.401,0.17977817210000002,15.0,0
1822.883,0.17950424850000002,15.0,0
1823.365,0.17986940640000001,15.0,0
1823.847,0.17984672459999998,15.0,0
1824.33,0.18000935599999998,15.0,0
1824.812,0.1802211084,15.0,0
1825.294,0.18020461799999998,15.0,0
1825.776,0.1801768563,15.0,0
1826.258,0.18029246470000002,15.0,0
1826.74,0.180388368,15.0,0
1827.222,0.1806417792,15.0,0
1827.704,0.1806555591,15.0,0
1828.187,0.1807585495,15.0,0
1828.668,0.1809078224,15.0,0
1829.151,0.1809800104,15.0,0
1829.633,0.1809228417,15.0,0
1830.115,0.1810420629,15.0,0
1830.597,0.18131551040000002,15.0,0
1831.079,0.1812246807,15.0,0
1831.561,0.1813793453,15.0,0
1832.043,0.18153694730000003,15.0,0
1832.525,0.181685807,15.0,0
1833.008,0.1816615877,15.0,0
1833.49,0.1817051416,15.0,0
1833.972,0.18162372000000002,15.0,0
1834.454,0.1818101164,15.0,0
1834.936,0.1818835231,15.0,0
1835.418,0.182019363,15.0,0
1835.9,0.1819763278,15.0,0
1836.382,0.18208293869999997,15.0,0
1836.865,0.1821286451,15.0,0
1837.347,0.1820414822,15.0,0
1837.829,0.18215984840000002,15.0,0
1838.311,0.18217354319999998,15.0,0
1838.793,0.1823031469,15.0,0
1839.275,0.1824371493,15.0,0
1839.757,0.1821524056,15.0,0
1840.239,0.18234288589999997,15.0,0
1840.721,0.1823926453,15.0,0
1841.204,0.1826232135,15.0,0
1841.686,0.18255058340000002,15.0,0
1842.168,0.182472268,15.0,0
1842.65,0.1825614954,15.0,0
1843.132,0.1826097287,15.0,0
1843.614,0.18271537599999998,15.0,0
1844.096,0.1827344824,15.0,0
1844.578,0.1827793471,15.0,0
1845.061,0.1828069091,15.0,0
1845.543,0.1828038427,15.0,0
1846.025,0.18304562010000003,15.0,0
1846.507,0.1830996235,15.0,0
1846.989,0.18307510529999999,15.0,0
1847.471,0.182928714,15.0,0
1847.953,0.1830474302,15.0,0
1848.435,0.18307485750000002,15.0,0
1848.917,0.1831162725,15.0,0
1849.4,0.1830982058,15.0,0
1849.882,0.18334432369999998,15.0,0
1850.364,0.18315546779999997,15.0,0
1850.846,0.18307405719999997,15.0,0
1851.328,0.18294708029999998,15.0,0
1851.81,0.18328937369999998,15.0,0
1852.292,0.18306894029999998,15.0,0
1852.774,0.1829014174,15.0,0
1853.257,0.1830536176,15.0,0
1853.739,0.18296397930000002,15.0,0
1854.221,0.1829312552,15.0,0
1854.703,0.18314581610000003,15.0,0
1855.185,0.18322102839999999,15.0,0
1855.667,0.183118114,15.0,0
1856.149,0.18316993750000002,15.0,0
1856.631,0.1831335703,15.0,0
1857.114,0.18311741250000002,15.0,0
1857.595,0.1830927281,15.0,0
1858.078,0.18318370909999998,15.0,0
1858.56,0.18306794910000002,15.0,0
1859.042,0.18320856,15.0,0
1859.524,0.18316824960000003,15.0,0
1860.006,0.18308029439999998,15.0,0
1860.488,0.1831499316,15.0,0
1860.97,0.18325430099999998,15.0,0
1861.452,0.18307217399999998,15.0,0
1861.935,0.1831771415,15.0,0
1862.417,0.1830992474,15.0,0
1862.899,0.18328805110000002,15.0,0
1863.381,0.18327406100000002,15.0,0
1863.863,0.18328689350000002,15.0,0
1864.345,0.1833257378,15.0,0
1864.827,0.1832349177,15.0,0
1865.309,0.1833737016,15.0,0
1865.792,0.18329171330000002,15.0,0
1866.274,0.1834231216,15.0,0
1866.756,0.18344940040000002,15.0,0
1867.238,0.1832921974,15.0,0
1867.72,0.18339447020000002,15.0,0
1868.202,0.1831386816,15.0,0
1868.684,0.18329653799999998,15.0,0
1869.166,0.18309263909999998,15.0,0
1869.648,0.1826813767,15.0,0
1870.131,0.1828267297,15.0,0
1870.613,0.1828256241,15.0,0
1871.095,0.1829846383,15.0,0
1871.577,0.18290948610000002,15.0,0
1872.059,0.18279840449999998,15.0,0
1872.541,0.1826537644,15.0,0
1873.023,0.1824211725,15.0,0
1873.505,0.1825656283,15.0,0
1873.988,0.18252903010000002,15.0,0
1874.47,0.1826063288,15.0,0
1874.952,0.1824078969,15.0,0
1875.434,0.18233397159999998,15.0,0
1875.916,0.1825116048,15.0,0
1876.398,0.18237172910000002,15.0,0
1876.88,0.1823237144,15.0,0
1877.362,0.18225091429999998,15.0,0
1877.844,0.1821908243,15.0,0
1878.327,0.1819659021,15.0,0
1878.809,0.1819895068,15.0,0
1879.291,0.1818899455,15.0,0
1879.773,0.18201851049999998,15.0,0
1880.255,0.18191356179999998,15.0,0
1880.737,0.1817283643,15.0,0
1881.219,0.1817455413,15.0,0
1881.701,0.18161262390000002,15.0,0
1882.184,0.18167510450000002,15.0,0
1882.666,0.18134012089999998,15.0,0
1883.148,0.18140219600000002,15.0,0
1883.63,0.1815166039,15.0,0
1884.112,0.18120791749999998,15.0,0
1884.594,0.1811912104,15.0,0
1885.076,0.18096827399999998,15.0,0
1885.558,0.18103583369999998,15.0,0
1886.041,0.181039204,15.0,0
1886.522,0.18088565909999998,15.0,0
1887.005,0.1808444209,15.0,0
1887.487,0.1807157758,15.0,0
1887.969,0.1808295733,15.0,0
1888.451,0.18074427910000002,15.0,0
1888.933,0.1806815688,15.0,0
1889.415,0.1803341817,15.0,0
1889.897,0.18028546339999998,15.0,0
1890.379,0.1803064118,15.0,0
1890.862,0.18013977539999998,15.0,0
1891.344,0.1801041679,15.0,0
1891.826,0.180049559,15.0,0
1892.308,0.1801442708,15.0,0
1892.79,0.17994729410000002,15.0,0
1893.272,0.17987743590000002,15.0,0
1893.754,0.1796949429,15.0,0
1894.236,0.1797321666,15.0,0
1894.719,0.1795033145,15.0,0
1895.201,0.1794338067,15.0,0
1895.683,0.1794443261,15.0,0
1896.165,0.17907308319999998,15.0,0
1896.647,0.17902458719999997,15.0,0
1897.129,0.1790133329,15.0,0
1897.611,0.1789138659,15.0,0
1898.093,0.1787504235,15.0,0
1898.575,0.1787433185,15.0,0
1899.058,0.1787034499,15.0,0
1899.54,0.1785991963,15.0,0
1900.022,0.1783126034,15.0,0
1900.504,0.17821329460000002,15.0,0
1900.986,0.1782039677,15.0,0
1901.468,0.17821421180000002,15.0,0
1901.95,0.1780978839,15.0,0
1902.432,0.17802097220000002,15.0,0
1902.915,0.1779486286,15.0,0
1903.397,0.1780236081,15.0,0
1903.879,0.17774463440000002,15.0,0
1904.361,0.1774374147,15.0,0
1904.843,0.1776007962,15.0,0
1905.325,0.1774665625,15.0,0
1905.807,0.1774998379,15.0,0
1906.289,0.17718606560000003,15.0,0
1906.771,0.17697484200000002,15.0,0
1907.254,0.1769862208,15.0,0
1907.736,0.17715040040000002,15.0,0
1908.218,0.1768550135,15.0,0
1908.7,0.1766343917,15.0,0
1909.182,0.1764394617,15.0,0
1909.664,0.1764855429,15.0,0
1910.146,0.17637053519999998,15.0,0
1910.628,0.1762106756,15.0,0
1911.111,0.1762443393,15.0,0
1911.593,0.17593171059999999,15.0,0
1912.075,0.1760098064,15.0,0
1912.557,0.1759238914,15.0,0
1913.039,0.1757453337,15.0,0
1913.521,0.1756619516,15.0,0
1914.003,0.1756618603,15.0,0
1914.485,0.1754404745,15.0,0
1914.968,0.17523325320000002,15.0,0
1915.449,0.17556065,15.0,0
1915.932,0.17513299150000003,15.0,0
1916.414,0.17507785110000001,15.0,0
1916.896,0.17515761489999998,15.0,0
1917.378,0.1749818012,15.0,0
1917.86,0.17484744719999998,15.0,0
1918.342,0.174773998,15.0,0
1918.824,0.1745491747,15.0,0
1919.306,0.1746018499,15.0,0
1919.789,0.1743316355,15.0,0
1920.271,0.1742615083,15.0,0
1920.753,0.1743352866,15.0,0
1921.235,0.174440974,15.0,0
1921.717,0.1741489016,15.0,0
1922.199,0.17397319320000001,15.0,0
1922.681,0.1740489881,15.0,0
1923.163,0.1735385357,15.0,0
1923.646,0.17355597,15.0,0
1924.128,0.173428711,15.0,0
1924.61,0.1732960387,15.0,0
1925.092,0.1730594121,15.0,0
1925.574,0.1732777473,15.0,0
1926.056,0.172830943,15.0,0
1926.538,0.1728923335,15.0,0
1927.02,0.172793145,15.0,0
1927.502,0.1726597369,15.0,0
1927.985,0.1725469207,15.0,0
1928.467,0.17257006270000003,15.0,0
1928.949,0.1723363391,15.0,0
1929.431,0.1722631316,15.0,0
1929.913,0.1723721322,15.0,0
1930.395,0.1721988223,15.0,0
1930.877,0.1719347595,15.0,0
1931.359,0.1718475647,15.0,0
1931.842,0.17182340620000003,15.0,0
1932.324,0.1717748484,15.0,0
1932.806,0.17195677920000002,15.0,0
1933.288,0.17163462540000002,15.0,0
1933.77,0.171567965,15.0,0
1934.252,0.1713619992,15.0,0
1934.734,0.1713210034,15.0,0
1935.216,0.17120767520000002,15.0,0
1935.698,0.1711521802,15.0,0
1936.181,0.17104848220000002,15.0,0
1936.663,0.170902566,15.0,0
1937.145,0.1709457571,15.0,0
1937.627,0.1710024431,15.0,0
1938.109,0.17066066849999997,15.0,0
1938.591,0.17079072409999999,15.0,0
1939.073,0.1705196823,15.0,0
1939.555,0.17054710920000002,15.0,0
1940.038,0.17040146709999998,15.0,0
1940.52,0.17030093799999999,15.0,0
1941.002,0.17049744249999998,15.0,0
1941.484,0.1704491187,15.0,0
1941.966,0.17020439440000001,15.0,0
1942.448,0.1702556174,15.0,0
1942.93,0.1700825849,15.0,0
1943.412,0.1698637788,15.0,0
1943.895,0.16997854069999999,15.0,0
1944.376,0.1699522516,15.0,0
1944.859,0.16975984430000002,15.0,0
1945.341,0.1696067751,15.0,0
1945.823,0.1696211653,15.0,0
1946.305,0.16959047940000002,15.0,0
1946.787,0.1693975149,15.0,0
1947.269,0.1694588446,15.0,0
1947.751,0.1692309673,15.0,0
1948.233,0.1692900136,15.0,0
1948.716,0.16919910430000001,15.0,0
1949.198,0.16931795659999999,15.0,0
1949.68,0.16923571110000002,15.0,0
1950.162,0.16913964369999998,15.0,0
1950.644,0.1690323558,15.0,0
1951.126,0.1689561236,15.0,0
1951.608,0.169016159,15.0,0
1952.09,0.1690977658,15.0,0
1952.573,0.1688704823,15.0,0
1953.055,0.1688298658,15.0,0
1953.537,0.1688193021,15.0,0
1954.019,0.16878307010000002,15.0,0
1954.501,0.16865290179999998,15.0,0
1954.983,0.1686621282,15.0,0
1955.465,0.16885011160000002,15.0,0
1955.947,0.1687329058,15.0,0
1956.429,0.1684395386,15.0,0
1956.912,0.16844271079999998,15.0,0
1957.394,0.1684480132,15.0,0
1957.876,0.16819147059999998,15.0,0
1958.358,0.1683675147,15.0,0
1958.84,0.1684162251,15.0,0
1959.322,0.16840281470000001,15.0,0
1959.804,0.16841136909999999,15.0,0
1960.286,0.1682858308,15.0,0
1960.769,0.1683392584,15.0,0
1961.251,0.16819998460000002,15.0,0
1961.733,0.16815078020000002,15.0,0
1962.215,0.168335872,15.0,0
1962.697,0.1682188582,15.0,0
1963.179,0.16803356390000002,15.0,0
1963.661,0.1681678382,15.0,0
1964.143,0.1680895349,15.0,0
1964.625,0.1682719586,15.0,0
1965.108,0.1682779823,15.0,0
1965.59,0.1680590647,15.0,0
1966.072,0.16807504080000002,15.0,0
1966.554,0.1680847589,15.0,0
1967.036,0.16797920090000001,15.0,0
1967.518,0.1680405858,15.0,0
1968.0,0.16813016009999998,15.0,0
1968.482,0.1679775983,15.0,0
1968.965,0.1678998776,15.0,0
1969.447,0.16800258029999998,15.0,0
1969.929,0.1682374563,15.0,0
1970.411,0.1679449583,15.0,0
1970.893,0.1681262866,15.0,0
1971.375,0.16802710210000002,15.0,0
1971.857,0.1681988818,15.0,0
1972.339,0.16807478150000002,15.0,0
1972.822,0.16805348290000002,15.0,0
1973.303,0.1683022836,15.0,0
1973.786,0.1682059135,15.0,0
1974.268,0.1678394209,15.0,0
1974.75,0.168300827,15.0,0
1975.232,0.1681991263,15.0,0
1975.714,0.1681722602,15.0,0
1976.196,0.1681748239,15.0,0
1976.678,0.1685021381,15.0,0
1977.16,0.16815008120000002,15.0,0
1977.643,0.1683861224,15.0,0
1978.125,0.1683298426,15.0,0
1978.607,0.1685187312,15.0,0
1979.089,0.1684512337,15.0,0
1979.571,0.1684222575,15.0,0
1980.053,0.1684962745,15.0,0
1980.535,0.1685187694,15.0,0
1981.017,0.1682892879,15.0,0
1981.5,0.1686228848,15.0,0
1981.982,0.1684638549,15.0,0
1982.464,0.16847228730000002,15.0,0
1982.946,0.1686325166,15.0,0
1983.428,0.16873608180000002,15.0,0
1983.91,0.1687731128,15.0,0
1984.392,0.16863855569999997,15.0,0
1984.874,0.1688564232,15.0,0
1985.356,0.1689395617,15.0,0
1985.839,0.1688632766,15.0,0
1986.321,0.16895010089999998,15.0,0
1986.803,0.1688673858,15.0,0
1987.285,0.16921754060000002,15.0,0
1987.767,0.16911588489999999,15.0,0
1988.249,0.1694213846,15.0,0
1988.731,0.1692420946,15.0,0
1989.213,0.1694409088,15.0,0
1989.696,0.1692401152,15.0,0
1990.178,0.1693895701,15.0,0
1990.66,0.16941849860000002,15.0,0
1991.142,0.16957093830000003,15.0,0
1991.624,0.16959599879999998,15.0,0
1992.106,0.16999786530000002,15.0,0
1992.588,0.1696053893,15.0,0
1993.07,0.16986957449999998,15.0,0
1993.552,0.1698644712,15.0,0
1994.035,0.16980879229999998,15.0,0
1994.517,0.1699857634,15.0,0
1994.999,0.1699290484,15.0,0
1995.481,0.1699337685,15.0,0
1995.963,0.17000007620000002,15.0,0
1996.445,0.1702529581,15.0,0
1996.927,0.1702888419,15.0,0
1997.409,0.170232413,15.0,0
1997.892,0.1702992247,15.0,0
1998.374,0.1703551899,15.0,0
1998.856,0.1706265966,15.0,0
1999.338,0.1706672171,15.0,0
1999.82,0.1708385372,15.0,0
2000.302,0.17078844140000002,15.0,0
2000.784,0.1708388117,15.0,0
2001.266,0.1708656604,15.0,0
2001.749,0.1710209854,15.0,0
2002.23,0.17113940370000003,15.0,0
2002.713,0.1713078006,15.0,0
2003.195,0.1713895853,15.0,0
2003.677,0.17130138460000002,15.0,0
2004.159,0.1713220282,15.0,0
2004.641,0.17146686049999998,15.0,0
2005.123,0.17180677119999999,15.0,0
2005.605,0.1717733653,15.0,0
2006.087,0.1718059998,15.0,0
2006.57,0.17194348099999998,15.0,0
2007.052,0.1719048835,15.0,0
2007.534,0.1721073747,15.0,0
2008.016,0.172163739,15.0,0
2008.498,0.17222372549999998,15.0,0
2008.98,0.1723732967,15.0,0
2009.462,0.1722189492,15.0,0
2009.944,0.1726725373,15.0,0
2010.427,0.17262804899999998,15.0,0
2010.909,0.17283720039999997,15.0,0
2011.391,0.1727504647,15.0,0
2011.873,0.1729964464,15.0,0
2012.355,0.1729220425,15.0,0
2012.837,0.17288022260000002,15.0,0
2013.319,0.17316967219999999,15.0,0
2013.801,0.17330600300000001,15.0,0
2014.283,0.17339931549999998,15.0,0
2014.766,0.1734324827,15.0,0
2015.248,0.17365829479999997,15.0,0
2015.73,0.17374739949999998,15.0,0
2016.212,0.1737952871,15.0,0
2016.694,0.1738540643,15.0,0
2017.176,0.1741040498,15.0,0
2017.658,0.1741137633,15.0,0
2018.14,0.1741929403,15.0,0
2018.623,0.174587967,15.0,0
2019.105,0.17445740499999998,15.0,0
2019.587,0.1745351635,15.0,0
2020.069,0.1744975158,15.0,0
2020.551,0.1747804151,15.0,0
2021.033,0.1748494717,15.0,0
2021.515,0.1750597793,15.0,0
2021.997,0.1750513683,15.0,0
2022.479,0.1752664222,15.0,0
2022.962,0.1753076729,15.0,0
2023.444,0.1753495519,15.0,0
2023.926,0.1756191591,15.0,0
2024.408,0.1756707054,15.0,0
2024.89,0.1758949522,15.0,0
2025.372,0.1759637412,15.0,0
2025.854,0.1760528451,15.0,0
2026.336,0.1761219384,15.0,0
2026.819,0.1762407271,15.0,0
2027.301,0.1764371336,15.0,0
2027.783,0.1764492984,15.0,0
2028.265,0.1764180184,15.0,0
2028.747,0.17671203810000002,15.0,0
2029.229,0.17662389109999999,15.0,0
2029.711,0.17674438850000002,15.0,0
2030.193,0.1770341002,15.0,0
2030.676,0.1771007707,15.0,0
2031.157,0.1770318267,15.0,0
2031.64,0.1772149345,15.0,0
2032.122,0.17725147,15.0,0
2032.604,0.17744327389999998,15.0,0
2033.086,0.1774932043,15.0,0
2033.568,0.1778023824,15.0,0
2034.05,0.1778485195,15.0,0
2034.532,0.17794588690000002,15.0,0
2035.014,0.17809767059999998,15.0,0
2035.497,0.1784513503,15.0,0
2035.979,0.1783507302,15.0,0
2036.461,0.17833200059999998,15.0,0
2036.943,0.1787109057,15.0,0
2037.425,0.1784776565,15.0,0
2037.907,0.1787370854,15.0,0
2038.389,0.1791042935,15.0,0
2038.871,0.1789624768,15.0,0
2039.354,0.1790796743,15.0,0
2039.836,0.179396621,15.0,0
2040.318,0.1794391201,15.0,0
2040.8,0.1795670158,15.0,0
2041.282,0.1797107082,15.0,0
2041.764,0.1798550185,15.0,0
2042.246,0.1798993815,15.0,0
2042.728,0.1802225744,15.0,0
2043.21,0.1801187735,15.0,0
2043.693,0.18038557789999998,15.0,0
2044.175,0.18049824399999997,15.0,0
2044.657,0.1806177229,15.0,0
2045.139,0.1805764993,15.0,0
2045.621,0.1807893705,15.0,0
2046.103,0.18070683429999998,15.0,0
2046.585,0.18094643600000002,15.0,0
2047.067,0.1810401634,15.0,0
2047.55,0.18115471079999998,15.0,0
2048.032,0.181295289,15.0,0
2048.514,0.1813883805,15.0,0
2048.996,0.1816771197,15.0,0
2049.478,0.18170552399999998,15.0,0
2049.96,0.1817089214,15.0,0
2050.442,0.18172603590000003,15.0,0
2050.924,0.1820376505,15.0,0
2051.406,0.1820875937,15.0,0
2051.889,0.1821988723,15.0,0
2052.371,0.1823055798,15.0,0
2052.853,0.1824215388,15.0,0
2053.335,0.18267536799999998,15.0,0
2053.817,0.18273962610000002,15.0,0
2054.299,0.1828734618,15.0,0
2054.781,0.18275852530000003,15.0,0
2055.263,0.1830108127,15.0,0
2055.746,0.1831556327,15.0,0
2056.228,0.18321717199999998,15.0,0
2056.71,0.183199937,15.0,0
2057.192,0.1834712351,15.0,0
2057.674,0.18331208620000003,15.0,0
2058.156,0.1834624561,15.0,0
2058.638,0.1835149469,15.0,0
2059.12,0.1836542779,15.0,0
2059.603,0.18391521489999998,15.0,0
2060.084,0.18368653980000002,15.0,0
2060.567,0.18387990569999998,15.0,0
2061.049,0.1839241496,15.0,0
2061.531,0.1840073971,15.0,0
2062.013,0.184352902,15.0,0
2062.495,0.1841679101,15.0,0
2062.977,0.1842679837,15.0,0
2063.459,0.1845131115,15.0,0
2063.941,0.18451021680000002,15.0,0
2064.424,0.18445188869999998,15.0,0
2064.906,0.184709843,15.0,0
2065.388,0.18489480660000002,15.0,0
2065.87,0.18475339970000001,15.0,0
2066.352,0.1849779695,15.0,0
2066.834,0.185019676,15.0,0
2067.316,0.185189518,15.0,0
2067.798,0.1850815691,15.0,0
2068.281,0.1852591942,15.0,0
2068.763,0.185292111,15.0,0
2069.245,0.18494212829999998,15.0,0
2069.727,0.18544712279999997,15.0,0
2070.209,0.18534784099999999,15.0,0
2070.691,0.1854685424,15.0,0
2071.173,0.1854300483,15.0,0
2071.655,0.1855453534,15.0,0
2072.137,0.18573151,15.0,0
2072.62,0.18556580960000002,15.0,0
2073.102,0.1855869019,15.0,0
2073.584,0.1856306213,15.0,0
2074.066,0.18588611889999998,15.0,0
2074.548,0.1857786063,15.0,0
2075.03,0.1859449453,15.0,0
2075.512,0.18595715810000002,15.0,0
2075.994,0.1861068302,15.0,0
2076.477,0.18607146,15.0,0
2076.959,0.1862571351,15.0,0
2077.441,0.1862256682,15.0,0
2077.923,0.1861812726,15.0,0
2078.405,0.18633318259999998,15.0,0
2078.887,0.1864255973,15.0,0
2079.369,0.1865852848,15.0,0
2079.851,0.18633059549999997,15.0,0
2080.333,0.1866477327,15.0,0
2080.816,0.186527429,15.0,0
2081.298,0.18673131399999998,15.0,0
2081.78,0.18679515940000002,15.0,0
2082.262,0.18669482169999999,15.0,0
2082.744,0.18700326369999998,15.0,0
2083.226,0.1869075566,15.0,0
2083.708,0.1869061779,15.0,0
2084.19,0.18691058389999998,15.0,0
2084.673,0.1868903982,15.0,0
2085.155,0.186943283,15.0,0
2085.637,0.18696652360000002,15.0,0
2086.119,0.1868841368,15.0,0
2086.601,0.1870309315,15.0,0
2087.083,0.18730619780000002,15.0,0
2087.565,0.18689879390000003,15.0,0
2088.047,0.18730271810000002,15.0,0
2088.53,0.1872263263,15.0,0
2089.011,0.18713799479999998,15.0,0
2089.494,0.1872824219,15.0,0
2089.976,0.18752422289999998,15.0,0
2090.458,0.18713481529999998,15.0,0
2090.94,0.1871234651,15.0,0
2091.422,0.1873407959,15.0,0
2091.904,0.187350517,15.0,0
2092.386,0.1873385585,15.0,0
2092.868,0.1871140469,15.0,0
2093.351,0.1874762077,15.0,0
2093.833,0.18724134800000003,15.0,0
2094.315,0.1871642332,15.0,0
2094.797,0.1873218822,15.0,0
2095.279,0.1873967813,15.0,0
2095.761,0.1871227923,15.0,0
2096.243,0.18718372590000001,15.0,0
2096.725,0.18734691380000001,15.0,0
2097.208,0.18732610900000002,15.0,0
2097.69,0.18739369360000002,15.0,0
2098.172,0.1874750619,15.0,0
2098.654,0.1874046915,15.0,0
2099.136,0.1873587011,15.0,0
2099.618,0.18734873100000002,15.0,0
2100.1,0.18735733740000002,15.0,0
2100.582,0.18717342210000001,15.0,0
2101.064,0.187218878,15.0,0
2101.547,0.1874792252,15.0,0
2102.029,0.1874690169,15.0,0
2102.511,0.1872460723,15.0,0
2102.993,0.1872556701,15.0,0
2103.475,0.18743227699999998,15.0,0
2103.957,0.18734261740000002,15.0,0
2104.439,0.1874181222,15.0,0
2104.921,0.187309638,15.0,0
2105.404,0.1872153302,15.0,0
2105.886,0.1874439805,15.0,0
2106.368,0.1872254263,15.0,0
2106.85,0.1870737501,15.0,0
2107.332,0.1871032554,15.0,0
2107.814,0.1871997052,15.0,0
2108.296,0.1871229573,15.0,0
2108.778,0.187057137,15.0,0
2109.26,0.1868848289,15.0,0
2109.743,0.18692516950000002,15.0,0
2110.225,0.1869234363,15.0,0
2110.707,0.1869304571,15.0,0
2111.189,0.18671584830000001,15.0,0
2111.671,0.186930242,15.0,0
2112.153,0.1868245344,15.0,0
2112.635,0.1868999492,15.0,0
2113.117,0.18692352280000002,15.0,0
2113.6,0.1870303154,15.0,0
2114.082,0.1869668465,15.0,0
2114.564,0.1868833799,15.0,0
2115.046,0.1870704963,15.0,0
2115.528,0.1866680191,15.0,0
2116.01,0.18699997159999998,15.0,0
2116.492,0.1865782385,15.0,0
2116.974,0.1867030945,15.0,0
2117.457,0.1867650351,15.0,0
2117.938,0.18646572500000003,15.0,0
2118.421,0.1864707985,15.0,0
2118.903,0.1864380792,15.0,0
2119.385,0.1864726526,15.0,0
2119.867,0.18636323310000003,15.0,0
2120.349,0.1864734309,15.0,0
2120.831,0.18638069819999997,15.0,0
2121.313,0.18604183970000002,15.0,0
2121.795,0.1862785291,15.0,0
2122.278,0.1861965265,15.0,0
2122.76,0.18599308180000002,15.0,0
2123.242,0.18578802369999997,15.0,0
2123.724,0.18589036920000002,15.0,0
2124.206,0.1859026335,15.0,0
2124.688,0.1859280824,15.0,0
2125.17,0.185780158,15.0,0
2125.652,0.18546433660000003,15.0,0
2126.135,0.1859651729,15.0,0
2126.617,0.1858584612,15.0,0
2127.099,0.18567104669999998,15.0,0
2127.581,0.1857094962,15.0,0
2128.063,0.185522644,15.0,0
2128.545,0.18560517499999998,15.0,0
2129.027,0.1856125506,15.0,0
2129.509,0.18522404309999999,15.0,0
2129.991,0.1854092993,15.0,0
2130.474,0.1852613426,15.0,0
2130.956,0.18530763239999998,15.0,0
2131.438,0.1850603942,15.0,0
2131.92,0.1852535593,15.0,0
2132.402,0.1852463105,15.0,0
2132.884,0.1849901494,15.0,0
2133.366,0.18511801479999998,15.0,0
2133.848,0.18500764690000002,15.0,0
2134.331,0.1848041963,15.0,0
2134.813,0.1846841573,15.0,0
2135.295,0.18464809899999998,15.0,0
2135.777,0.18469144920000002,15.0,0
2136.259,0.18474655129999998,15.0,0
2136.741,0.1846954357,15.0,0
2137.223,0.1844968982,15.0,0
2137.705,0.1844509338,15.0,0
2138.188,0.18433941480000002,15.0,0
2138.67,0.18432423350000002,15.0,0
2139.152,0.18416378730000002,15.0,0
2139.634,0.1840779305,15.0,0
2140.116,0.1840633644,15.0,0
2140.598,0.1841127703,15.0,0
2141.08,0.1839156767,15.0,0
2141.562,0.18384946719999998,15.0,0
2142.044,0.1837566736,15.0,0
2142.527,0.18375878969999998,15.0,0
2143.009,0.183488032,15.0,0
2143.491,0.18363205870000002,15.0,0
2143.973,0.1834446954,15.0,0
2144.455,0.1832570016,15.0,0
2144.937,0.1831916159,15.0,0
2145.419,0.1829661737,15.0,0
2145.901,0.1830580316,15.0,0
2146.384,0.1829116977,15.0,0
2146.865,0.1828176178,15.0,0
2147.348,0.182781045,15.0,0
2147.83,0.1827266784,15.0,0
2148.312,0.18276485999999997,15.0,0
2148.794,0.1825035968,15.0,0
2149.276,0.1823322566,15.0,0
2149.758,0.1823395614,15.0,0
2150.24,0.18248925400000002,15.0,0
2150.722,0.1824272606,15.0,0
2151.205,0.1820744454,15.0,0
2151.687,0.1819044917,15.0,0
2152.169,0.1819297439,15.0,0
2152.651,0.1820446459,15.0,0
2153.133,0.1818255241,15.0,0
2153.615,0.18179370920000001,15.0,0
2154.097,0.1816608073,15.0,0
2154.579,0.1814974949,15.0,0
2155.062,0.1813877581,15.0,0
2155.544,0.1811713995,15.0,0
2156.026,0.18129240700000002,15.0,0
2156.508,0.1812965637,15.0,0
2156.99,0.1811498487,15.0,0
2157.472,0.1809713802,15.0,0
2157.954,0.1809618782,15.0,0
2158.436,0.18081987089999998,15.0,0
2158.918,0.1809348473,15.0,0
2159.401,0.1808397441,15.0,0
2159.883,0.1804351468,15.0,0
2160.365,0.1804629015,15.0,0
2160.847,0.1802754098,15.0,0
2161.329,0.1804066412,15.0,0
2161.811,0.1803080702,15.0,0
2162.293,0.1800704524,15.0,0
2162.775,0.18012886129999997,15.0,0
2163.258,0.17988259639999998,15.0,0
2163.74,0.1798027338,15.0,0
2164.222,0.17967640119999997,15.0,0
2164.704,0.1796796218,15.0,0
2165.186,0.1797844961,15.0,0
2165.668,0.17943857770000002,15.0,0
2166.15,0.17938361449999998,15.0,0
2166.632,0.1791703563,15.0,0
2167.115,0.17914355789999997,15.0,0
2167.597,0.1790198346,15.0,0
2168.079,0.1788078447,15.0,0
2168.561,0.1786577904,15.0,0
2169.043,0.178766113,15.0,0
2169.525,0.1785921774,15.0,0
2170.007,0.1786636969,15.0,0
2170.489,0.1786869231,15.0,0
2170.971,0.17840894699999998,15.0,0
2171.454,0.1783610846,15.0,0
2171.936,0.1784167077,15.0,0
2172.418,0.1785116859,15.0,0
2172.9,0.1782737736,15.0,0
2173.382,0.1779842045,15.0,0
2173.864,0.17792361010000002,15.0,0
2174.346,0.1780966065,15.0,0
2174.828,0.17794789949999998,15.0,0
2175.311,0.17783138950000002,15.0,0
2175.792,0.1776301323,15.0,0
2176.275,0.1774274488,15.0,0
2176.757,0.17756907179999998,15.0,0
2177.239,0.177503855,15.0,0
2177.721,0.177264264,15.0,0
2178.203,0.1773607298,15.0,0
2178.685,0.177136698,15.0,0
2179.167,0.1771277524,15.0,0
2179.649,0.1771049296,15.0,0
2180.132,0.1770433878,15.0,0
2180.614,0.1770035748,15.0,0
2181.096,0.1769786475,15.0,0
2181.578,0.1767414819,15.0,0
2182.06,0.1766589824,15.0,0
2182.542,0.17667365140000002,15.0,0
2183.024,0.1765383606,15.0,0
2183.506,0.1766271678,15.0,0
2183.989,0.1766416057,15.0,0
2184.471,0.1764755205,15.0,0
2184.953,0.1763849391,15.0,0
2185.435,0.17632670409999998,15.0,0
2185.917,0.17619380280000002,15.0,0
2186.399,0.1761617273,15.0,0
2186.881,0.1760830862,15.0,0
2187.363,0.175966634,15.0,0
2187.845,0.1760903151,15.0,0
2188.328,0.1758961258,15.0,0
2188.81,0.17587869090000002,15.0,0
2189.292,0.1756425995,15.0,0
2189.774,0.1755521603,15.0,0
2190.256,0.1755004783,15.0,0
2190.738,0.1754299494,15.0,0
2191.22,0.1755742777,15.0,0
2191.702,0.1752962729,15.0,0
2192.185,0.175169364,15.0,0
2192.667,0.175281366,15.0,0
2193.149,0.1751331459,15.0,0
2193.631,0.1749244218,15.0,0
2194.113,0.1750117367,15.0,0
2194.595,0.174837515,15.0,0
2195.077,0.1749752837,15.0,0
2195.559,0.17484114259999997,15.0,0
2196.042,0.1748727994,15.0,0
2196.524,0.1748575791,15.0,0
2197.006,0.1747752651,15.0,0
2197.488,0.1750358924,15.0,0
2197.97,0.17482164990000001,15.0,0
2198.452,0.17485865369999998,15.0,0
2198.934,0.17446853069999999,15.0,0
2199.416,0.1743828587,15.0,0
2199.898,0.17449500350000002,15.0,0
2200.381,0.1743176772,15.0,0
2200.863,0.17445306380000003,15.0,0
2201.345,0.1745169411,15.0,0
2201.827,0.17442414450000002,15.0,0
2202.309,0.1742391296,15.0,0
2202.791,0.1743772035,15.0,0
2203.273,0.1742906358,15.0,0
2203.755,0.17431647449999998,15.0,0
2204.238,0.1743512026,15.0,0
2204.719,0.1740476425,15.0,0
2205.202,0.1740638015,15.0,0
2205.684,0.1738418008,15.0,0
2206.166,0.17406588930000003,15.0,0
2206.648,0.1738745427,15.0,0
2207.13,0.1741237832,15.0,0
2207.612,0.17395409650000002,15.0,0
2208.094,0.1739338211,15.0,0
2208.576,0.17372412520000002,15.0,0
2209.059,0.1737502522,15.0,0
2209.541,0.1736986074,15.0,0
2210.023,0.1737394332,15.0,0
2210.505,0.1737160085,15.0,0
2210.987,0.1736276363,15.0,0
2211.469,0.17360093370000002,15.0,0
2211.951,0.1737671402,15.0,0
2212.433,0.1736655814,15.0,0
2212.916,0.1734893317,15.0,0
2213.398,0.1737080628,15.0,0
2213.88,0.17369004629999998,15.0,0
2214.362,0.1737101323,15.0,0
2214.844,0.17347535870000003,15.0,0
2215.326,0.1736207945,15.0,0
2215.808,0.1737068191,15.0,0
2216.29,0.17381329699999998,15.0,0
2216.772,0.1735894119,15.0,0
2217.255,0.1733900189,15.0,0
2217.737,0.1735974092,15.0,0
2218.219,0.1735713351,15.0,0
2218.701,0.1735844941,15.0,0
2219.183,0.1737204842,15.0,0
2219.665,0.1736493857,15.0,0
2220.147,0.1737027531,15.0,0
2220.629,0.1736239825,15.0,0
2221.112,0.1736122263,15.0,0
2221.594,0.1738798069,15.0,0
2222.076,0.1737718387,15.0,0
2222.558,0.173715345,15.0,0
2223.04,0.17360876420000002,15.0,0
2223.522,0.17384895369999998,15.0,0
2224.004,0.17372481520000002,15.0,0
2224.486,0.1737414069,15.0,0
2224.969,0.1739294956,15.0,0
2225.451,0.1739733574,15.0,0
2225.933,0.1739274083,15.0,0
2226.415,0.17379431180000002,15.0,0
2226.897,0.1739468214,15.0,0
2227.379,0.17400467039999998,15.0,0
2227.861,0.1738828732,15.0,0
2228.343,0.1738998869,15.0,0
2228.825,0.1738552446,15.0,0
2229.308,0.17398669160000002,15.0,0
2229.79,0.1740203571,15.0,0
2230.272,0.174019684,15.0,0
2230.754,0.1741138738,15.0,0
2231.236,0.1741169652,15.0,0
2231.718,0.17409075959999998,15.0,0
2232.2,0.1741140991,15.0,0
2232.682,0.1741299002,15.0,0
2233.165,0.17413537070000001,15.0,0
2233.646,0.1741680503,15.0,0
2234.129,0.1741752923,15.0,0
2234.611,0.1743202188,15.0,0
2235.093,0.1742722246,15.0,0
2235.575,0.1742574364,15.0,0
2236.057,0.17425655590000003,15.0,0
2236.539,0.1743724122,15.0,0
2237.021,0.1744672785,15.0,0
2237.503,0.1743403433,15.0,0
2237.986,0.1743604657,15.0,0
2238.468,0.17441421070000002,15.0,0
2238.95,0.1745715586,15.0,0
2239.432,0.1745436411,15.0,0
2239.914,0.1743625462,15.0,0
2240.396,0.17464393220000002,15.0,0
2240.878,0.1748186789,15.0,0
2241.36,0.1747390507,15.0,0
2241.843,0.1749188711,15.0,0
2242.325,0.1748103249,15.0,0
2242.807,0.17493671859999999,15.0,0
2243.289,0.1748983048,15.0,0
2243.771,0.1751154717,15.0,0
2244.253,0.1750564795,15.0,0
2244.735,0.1750187293,15.0,0
2245.217,0.1750672814,15.0,0
2245.699,0.17518889519999997,15.0,0
2246.182,0.175047478,15.0,0
2246.664,0.1752068428,15.0,0
2247.146,0.17533915409999998,15.0,0
2247.628,0.17509578439999998,15.0,0
2248.11,0.175169816,15.0,0
2248.592,0.1753575828,15.0,0
2249.074,0.17556899250000002,15.0,0
2249.556,0.1754215868,15.0,0
2250.039,0.175556714,15.0,0
2250.521,0.17553121929999999,15.0,0
2251.003,0.17574927769999998,15.0,0
2251.485,0.1756673387,15.0,0
2251.967,0.17576543619999999,15.0,0
2252.449,0.1757482271,15.0,0
2252.931,0.1759008864,15.0,0
2253.413,0.1758526758,15.0,0
2253.896,0.17594005719999997,15.0,0
2254.378,0.1761150753,15.0,0
2254.86,0.1763012104,15.0,0
2255.342,0.1764535918,15.0,0
2255.824,0.176265208,15.0,0
2256.306,0.1762458422,15.0,0
2256.788,0.1764590215,15.0,0
2257.27,0.1765387503,15.0,0
2257.752,0.1766604965,15.0,0
2258.235,0.17665200779999998,15.0,0
2258.717,0.1768504591,15.0,0
2259.199,0.1766800083,15.0,0
2259.681,0.1768109075,15.0,0
2260.163,0.1768200749,15.0,0
2260.645,0.17665522809999998,15.0,0
2261.127,0.1768824735,15.0,0
2261.609,0.1772547097,15.0,0
2262.092,0.17693814119999998,15.0,0
2262.573,0.1770788973,15.0,0
2263.056,0.17703397890000003,15.0,0
2263.538,0.1770842187,15.0,0
2264.02,0.1771509528,15.0,0
2264.502,0.17736383109999998,15.0,0
2264.984,0.1775013221,15.0,0
2265.466,0.17765906090000003,15.0,0
2265.948,0.17736834389999998,15.0,0
2266.43,0.1778547992,15.0,0
2266.913,0.1778766602,15.0,0
2267.395,0.1779464012,15.0,0
2267.877,0.1777466835,15.0,0
2268.359,0.1779685529,15.0,0
2268.841,0.1781972287,15.0,0
2269.323,0.17820141960000002,15.0,0
2269.805,0.1782931944,15.0,0
2270.287,0.17845562069999998,15.0,0
2270.77,0.17831130250000002,15.0,0
2271.252,0.178497497,15.0,0
2271.734,0.1785214502,15.0,0
2272.216,0.1785688432,15.0,0
2272.698,0.17867057790000002,15.0,0
2273.18,0.1786510356,15.0,0
2273.662,0.1789250886,15.0,0
2274.144,0.1788757436,15.0,0
2274.626,0.1787893009,15.0,0
2275.109,0.1790665903,15.0,0
2275.591,0.1789444721,15.0,0
2276.073,0.1792003012,15.0,0
2276.555,0.1792929415,15.0,0
2277.037,0.1792105346,15.0,0
2277.519,0.1793801892,15.0,0
2278.001,0.1793823162,15.0,0
2278.483,0.17961486019999998,15.0,0
2278.966,0.1798345994,15.0,0
2279.448,0.18002759350000003,15.0,0
2279.93,0.1799759153,15.0,0
2280.412,0.1799484415,15.0,0
2280.894,0.18002291069999998,15.0,0
2281.376,0.1803172919,15.0,0
2281.858,0.1803973157,15.0,0
2282.34,0.1803303157,15.0,0
2282.823,0.1804957074,15.0,0
2283.305,0.1804742496,15.0,0
2283.787,0.1806628113,15.0,0
2284.269,0.1806270049,15.0,0
2284.751,0.18077369059999998,15.0,0
2285.233,0.180793393,15.0,0
2285.715,0.18086234069999998,15.0,0
2286.197,0.18097334020000003,15.0,0
2286.679,0.1811513733,15.0,0
2287.162,0.1809693521,15.0,0
2287.644,0.18128974500000003,15.0,0
2288.126,0.18119079259999998,15.0,0
2288.608,0.181051134,15.0,0
2289.09,0.18136757939999998,15.0,0
2289.572,0.1812583344,15.0,0
2290.054,0.1811766266,15.0,0
2290.536,0.1811737758,15.0,0
2291.019,0.181375723,15.0,0
2291.5,0.1811561305,15.0,0
2291.983,0.1811941936,15.0,0
2292.465,0.181283515,15.0,0
2292.947,0.1812796214,15.0,0
2293.429,0.181297028,15.0,0
2293.911,0.1812545463,15.0,0
2294.393,0.18108191519999997,15.0,0
2294.875,0.181129471,15.0,0
2295.357,0.18134544470000002,15.0,0
2295.84,0.18131305730000002,15.0,0
2296.322,0.1813356452,15.0,0
2296.804,0.1812797806,15.0,0
2297.286,0.18115932059999998,15.0,0
2297.768,0.1813681051,15.0,0
2298.25,0.1813228677,15.0,0
2298.732,0.1814975754,15.0,0
2299.214,0.18146914479999998,15.0,0
2299.697,0.1816532252,15.0,0
2300.179,0.1815771346,15.0,0
2300.661,0.1817014007,15.0,0
2301.143,0.1816137255,15.0,0
2301.625,0.1819784894,15.0,0
2302.107,0.18185590950000002,15.0,0
2302.589,0.1821705656,15.0,0
2303.071,0.1820136407,15.0,0
2303.553,0.1818507083,15.0,0
2304.036,0.181801839,15.0,0
2304.518,0.1820638683,15.0,0
2305.0,0.1820753431,15.0,0
2305.482,0.1817683915,15.0,0
2305.964,0.1818921822,15.0,0
2306.446,0.1817339496,15.0,0
2306.928,0.1819495019,15.0,0
2307.41,0.18171534260000002,15.0,0
2307.893,0.1817293526,15.0,0
2308.375,0.181777256,15.0,0
2308.857,0.1818390362,15.0,0
2309.339,0.1820254621,15.0,0
2309.821,0.1819875219,15.0,0
2310.303,0.182126667,15.0,0
2310.785,0.1823222102,15.0,0
2311.267,0.18234664280000001,15.0,0
2311.75,0.1824345761,15.0,0
2312.232,0.182535371,15.0,0
2312.714,0.1827877839,15.0,0
2313.196,0.1831221523,15.0,0
2313.678,0.1831901273,15.0,0
2314.16,0.18323878100000002,15.0,0
2314.642,0.1835946777,15.0,0
2315.124,0.183368571,15.0,0
2315.606,0.1836293041,15.0,0
2316.089,0.18387137769999998,15.0,0
2316.571,0.1838288083,15.0,0
2317.053,0.18379386539999998,15.0,0
2317.535,0.1839253175,15.0,0
2318.017,0.1840481389,15.0,0
2318.499,0.1838935041,15.0,0
2318.981,0.18419013629999997,15.0,0
2319.463,0.18402158289999998,15.0,0
2319.946,0.1840553071,15.0,0
2320.427,0.1841560264,15.0,0
2320.91,0.1841767889,15.0,0
2321.392,0.1843385286,15.0,0
2321.874,0.18403756959999998,15.0,0
2322.356,0.1840173545,15.0,0
2322.838,0.1842012398,15.0,0
2323.32,0.184098496,15.0,0
2323.802,0.1837886018,15.0,0
2324.284,0.1837602446,15.0,0
2324.767,0.1836668264,15.0,0
2325.249,0.18377504460000002,15.0,0
2325.731,0.1836545535,15.0,0
2326.213,0.18370833690000002,15.0,0
2326.695,0.1836375841,15.0,0
2327.177,0.1835747541,15.0,0
2327.659,0.1835082607,15.0,0
2328.141,0.18354022990000002,15.0,0
2328.624,0.18364614889999997,15.0,0
2329.106,0.1836710949,15.0,0
2329.588,0.183503781,15.0,0
2330.07,0.1838002867,15.0,0
2330.552,0.1837903399,15.0,0
2331.034,0.18374828310000002,15.0,0
2331.516,0.1836217869,15.0,0
2331.998,0.18357445309999998,15.0,0
2332.48,0.18368399759999998,15.0,0
2332.963,0.18359006,15.0,0
2333.445,0.183317741,15.0,0
2333.927,0.1833933211,15.0,0
2334.409,0.1834511892,15.0,0
2334.891,0.1835677412,15.0,0
2335.373,0.1834111281,15.0,0
2335.855,0.1837697601,15.0,0
2336.337,0.1837982676,15.0,0
2336.82,0.18407686510000001,15.0,0
2337.302,0.1842047976,15.0,0
2337.784,0.1845305681,15.0,0
2338.266,0.18480085119999998,15.0,0
2338.748,0.1848121111,15.0,0
2339.23,0.18489825589999997,15.0,0
2339.712,0.18517209999999998,15.0,0
2340.194,0.1850340121,15.0,0
2340.677,0.18505934740000002,15.0,0
2341.159,0.18498379920000002,15.0,0
2341.641,0.1848800989,15.0,0
2342.123,0.1849079867,15.0,0
2342.605,0.1847563373,15.0,0
2343.087,0.1847821151,15.0,0
2343.569,0.1846425481,15.0,0
2344.051,0.1845226527,15.0,0
2344.533,0.1848151021,15.0,0
2345.016,0.18459396120000002,15.0,0
2345.498,0.1848197873,15.0,0
2345.98,0.1847659736,15.0,0
2346.462,0.1847943416,15.0,0
2346.944,0.1849187981,15.0,0
2347.426,0.18481682459999998,15.0,0
2347.908,0.1847479368,15.0,0
2348.39,0.1847223466,15.0,0
2348.873,0.18477637090000001,15.0,0
2349.354,0.1846682526,15.0,0
2349.837,0.1848694458,15.0,0
2350.319,0.1846553055,15.0,0
2350.801,0.18453008359999998,15.0,0
2351.283,0.1847884108,15.0,0
2351.765,0.18440874829999998,15.0,0
2352.247,0.1847484202,15.0,0
2352.729,0.1845476716,15.0,0
2353.211,0.1844057797,15.0,0
2353.694,0.18447809629999998,15.0,0
2354.176,0.1846056304,15.0,0
2354.658,0.1846587462,15.0,0
2355.14,0.1846800544,15.0,0
2355.622,0.1847742578,15.0,0
2356.104,0.1847288875,15.0,0
2356.586,0.18472204139999998,15.0,0
2357.068,0.1848881358,15.0,0
2357.551,0.1850633628,15.0,0
2358.033,0.1848741445,15.0,0
2358.515,0.1849893731,15.0,0
2358.997,0.1847337905,15.0,0
2359.479,0.1846640322,15.0,0
2359.961,0.18448616510000002,15.0,0
2360.443,0.1845782686,15.0,0
2360.925,0.1847057424,15.0,0
2361.407,0.1846043689,15.0,0
2361.89,0.18500726190000003,15.0,0
2362.372,0.1850687701,15.0,0
2362.854,0.1853565889,15.0,0
2363.336,0.1856287989,15.0,0
2363.818,0.1858027343,15.0,0
2364.3,0.18588875030000002,15.0,0
2364.782,0.18579817980000002,15.0,0
2365.264,0.18556959809999998,15.0,0
2365.747,0.1853513989,15.0,0
2366.229,0.1853752513,15.0,0
2366.711,0.18533251580000001,15.0,0
2367.193,0.1849062124,15.0,0
2367.675,0.18487790029999998,15.0,0
2368.157,0.1848943325,15.0,0
2368.639,0.1848466379,15.0,0
2369.121,0.18465751139999997,15.0,0
2369.604,0.18467389520000002,15.0,0
2370.086,0.1847474634,15.0,0
2370.568,0.1849061512,15.0,0
2371.05,0.184963322,15.0,0
2371.532,0.18487709389999998,15.0,0
2372.014,0.1850125191,15.0,0
2372.496,0.1854543614,15.0,0
2372.978,0.18522931190000003,15.0,0
2373.46,0.1853600677,15.0,0
2373.943,0.1854332935,15.0,0
2374.425,0.1855202766,15.0,0
2374.907,0.1854859086,15.0,0
2375.389,0.185521893,15.0,0
2375.871,0.1854531038,15.0,0
2376.353,0.18567391090000002,15.0,0
2376.835,0.1855585741,15.0,0
2377.317,0.1856793893,15.0,0
2377.799,0.18554560129999997,15.0,0
2378.281,0.1856424797,15.0,0
2378.764,0.18564617630000002,15.0,0
2379.246,0.1855636701,15.0,0
2379.728,0.18570070619999998,15.0,0
2380.21,0.18580051269999998,15.0,0
2380.692,0.18582333299999998,15.0,0
2381.174,0.1857039039,15.0,0
2381.656,0.18599052140000003,15.0,0
2382.138,0.1859193905,15.0,0
2382.621,0.1859870898,15.0,0
2383.103,0.1858539807,15.0,0
2383.585,0.18623135030000001,15.0,0
2384.067,0.1860568401,15.0,0
2384.549,0.18634250179999998,15.0,0
2385.031,0.1863384959,15.0,0
2385.513,0.186611036,15.0,0
2385.995,0.1866506876,15.0,0
2386.478,0.1868035747,15.0,0
2386.96,0.18680339499999998,15.0,0
2387.442,0.1867744133,15.0,0
2387.924,0.1867844507,15.0,0
2388.406,0.1869463914,15.0,0
2388.888,0.18677534510000002,15.0,0
2389.37,0.1869910723,15.0,0
2389.852,0.18689402179999998,15.0,0
2390.334,0.1867273646,15.0,0
2390.817,0.1869084995,15.0,0
2391.299,0.1868033689,15.0,0
2391.781,0.18655714459999997,15.0,0
2392.263,0.1867101723,15.0,0
2392.745,0.1867041374,15.0,0
2393.227,0.1864221337,15.0,0
2393.709,0.18651771790000002,15.0,0
2394.191,0.1865881645,15.0,0
2394.674,0.1866200791,15.0,0
2395.156,0.18650265430000001,15.0,0
2395.638,0.1863631062,15.0,0
2396.12,0.18618624109999998,15.0,0
2396.602,0.18630320099999997,15.0,0
2397.084,0.1862741325,15.0,0
2397.566,0.18608021140000003,15.0,0
2398.048,0.18609407420000001,15.0,0
2398.531,0.1860716164,15.0,0
2399.012,0.18607410940000002,15.0,0
2399.495,0.18596277099999997,15.0,0
2399.977,0.1859094473,15.0,0
2400.459,0.1858261171,15.0,0
2400.941,0.185859259,15.0,0
2401.423,0.18575330069999998,15.0,0
2401.905,0.1854994018,15.0,0
2402.387,0.18575556729999998,15.0,0
2402.869,0.18536171329999998,15.0,0
2403.352,0.1855679483,15.0,0
2403.834,0.1854702317,15.0,0
2404.316,0.1852269413,15.0,0
2404.798,0.1853771376,15.0,0
2405.28,0.1852621553,15.0,0
2405.762,0.18511437730000002,15.0,0
2406.244,0.1852766872,15.0,0
2406.726,0.1850619624,15.0,0
2407.208,0.18481579,15.0,0
2407.691,0.1848965879,15.0,0
2408.173,0.18467191110000003,15.0,0
2408.655,0.1847110266,15.0,0
2409.137,0.18460287720000002,15.0,0
2409.619,0.1844712814,15.0,0
2410.101,0.1844885199,15.0,0
2410.583,0.18445868359999998,15.0,0
2411.065,0.1842776462,15.0,0
2411.548,0.1841710015,15.0,0
2412.03,0.1841405224,15.0,0
2412.512,0.1841260096,15.0,0
2412.994,0.18403952019999997,15.0,0
2413.476,0.183874125,15.0,0
2413.958,0.1837064395,15.0,0
2414.44,0.18368065890000002,15.0,0
2414.922,0.1835303812,15.0,0
2415.405,0.1834841169,15.0,0
2415.887,0.18340849110000002,15.0,0
2416.369,0.1833957698,15.0,0
2416.851,0.1833812753,15.0,0
2417.333,0.18333128080000002,15.0,0
2417.815,0.18316991940000002,15.0,0
2418.297,0.1832859892,15.0,0
2418.779,0.183170201,15.0,0
2419.261,0.18297538540000002,15.0,0
2419.744,0.182882151,15.0,0
2420.226,0.18276575080000002,15.0,0
2420.708,0.1828638596,15.0,0
2421.19,0.18288910479999998,15.0,0
2421.672,0.1826562333,15.0,0
2422.154,0.1825191475,15.0,0
2422.636,0.1826620484,15.0,0
2423.118,0.18263961720000002,15.0,0
2423.601,0.182428073,15.0,0
2424.083,0.1823597404,15.0,0
2424.565,0.1823467531,15.0,0
2425.047,0.1823610461,15.0,0
2425.529,0.1820653462,15.0,0
2426.011,0.1820284066,15.0,0
2426.493,0.18198094099999998,15.0,0
2426.975,0.181796493,15.0,0
2427.458,0.18203759179999998,15.0,0
2427.939,0.1818800093,15.0,0
2428.422,0.18164052470000003,15.0,0
2428.904,0.1815196817,15.0,0
2429.386,0.1815077624,15.0,0
2429.868,0.1815338119,15.0,0
2430.35,0.1814013085,15.0,0
2430.832,0.181397582,15.0,0
2431.314,0.1812231224,15.0,0
2431.796,0.18123468169999998,15.0,0
2432.279,0.1812275021,15.0,0
2432.761,0.18129761460000002,15.0,0
2433.243,0.1812053171,15.0,0
2433.725,0.1811638716,15.0,0
2434.207,0.1809793783,15.0,0
2434.689,0.1807724332,15.0,0
2435.171,0.18091950099999998,15.0,0
2435.653,0.18082156630000001,15.0,0
2436.135,0.1807599323,15.0,0
2436.618,0.18067581459999998,15.0,0
2437.1,0.18054569269999998,15.0,0
2437.582,0.18059510629999997,15.0,0
2438.064,0.1803470484,15.0,0
2438.546,0.1803987138,15.0,0
2439.028,0.1802349724,15.0,0
2439.51,0.1803858853,15.0,0
2439.992,0.1801859498,15.0,0
2440.475,0.18015071670000002,15.0,0
2440.957,0.1800757583,15.0,0
2441.439,0.18008070329999998,15.0,0
2441.921,0.1797902458,15.0,0
2442.403,0.17998293170000002,15.0,0
2442.885,0.17977982680000001,15.0,0
2443.367,0.1799853733,15.0,0
2443.849,0.17973683220000003,15.0,0
2444.332,0.1796438352,15.0,0
2444.814,0.1795410869,15.0,0
2445.296,0.17969148010000002,15.0,0
2445.778,0.1795105598,15.0,0
2446.26,0.1795025412,15.0,0
2446.742,0.17952334820000002,15.0,0
2447.224,0.1794374868,15.0,0
2447.706,0.1794007752,15.0,0
2448.188,0.17935298710000003,15.0,0
2448.671,0.1794023384,15.0,0
2449.153,0.1791747695,15.0,0
2449.635,0.1791479383,15.0,0
2450.117,0.1792008946,15.0,0
2450.599,0.1791480024,15.0,0
2451.081,0.1792760447,15.0,0
2451.563,0.1790716586,15.0,0
2452.045,0.1790499016,15.0,0
2452.528,0.1789550916,15.0,0
2453.01,0.17880551400000003,15.0,0
2453.492,0.17908277479999998,15.0,0
2453.974,0.1790296445,15.0,0
2454.456,0.1789818193,15.0,0
2454.938,0.1788236623,15.0,0
2455.42,0.1789225425,15.0,0
2455.902,0.1788383895,15.0,0
2456.385,0.17885511659999997,15.0,0
2456.867,0.1789379497,15.0,0
2457.349,0.1789275204,15.0,0
2457.831,0.1789716711,15.0,0
2458.313,0.178872891,15.0,0
2458.795,0.1787131369,15.0,0
2459.277,0.1786567191,15.0,0
2459.759,0.178838442,15.0,0
2460.241,0.1788413266,15.0,0
2460.724,0.1787050828,15.0,0
2461.206,0.1787300159,15.0,0
2461.688,0.1787222721,15.0,0
2462.17,0.1785739577,15.0,0
2462.652,0.1785253376,15.0,0
2463.134,0.1786451012,15.0,0
2463.616,0.178448596,15.0,0
2464.098,0.17839134999999998,15.0,0
2464.581,0.17860561919999998,15.0,0
2465.062,0.17863093060000002,15.0,0
2465.545,0.1785594993,15.0,0
2466.027,0.1785388312,15.0,0
2466.509,0.1785505912,15.0,0
2466.991,0.17853547150000001,15.0,0
2467.473,0.1784281947,15.0,0
2467.955,0.17850623550000003,15.0,0
2468.438,0.17826284820000002,15.0,0
2468.919,0.17841811929999998,15.0,0
2469.402,0.1784304309,15.0,0
2469.884,0.1782990756,15.0,0
2470.366,0.17813854410000002,15.0,0
2470.848,0.1783492698,15.0,0
2471.33,0.1782184407,15.0,0
2471.812,0.17821120329999998,15.0,0
2472.294,0.1783492129,15.0,0
2472.776,0.17844830949999999,15.0,0
2473.259,0.1782908952,15.0,0
2473.741,0.1782996821,15.0,0
2474.223,0.1783267476,15.0,0
2474.705,0.1784583852,15.0,0
2475.187,0.17842400749999998,15.0,0
2475.669,0.17816812559999998,15.0,0
2476.151,0.1785375149,15.0,0
2476.633,0.1783841919,15.0,0
2477.115,0.17834640629999998,15.0,0
2477.598,0.17832437880000002,15.0,0
2478.08,0.1783960263,15.0,0
2478.562,0.17827350320000002,15.0,0
2479.044,0.17833577280000001,15.0,0
2479.526,0.1783376227,15.0,0
2480.008,0.17817661220000003,15.0,0
2480.49,0.1784338919,15.0,0
2480.972,0.1784369415,15.0,0
2481.455,0.1784675128,15.0,0
2481.937,0.1785127399,15.0,0
2482.419,0.1786193295,15.0,0
2482.901,0.1784339358,15.0,0
2483.383,0.1785329158,15.0,0
2483.865,0.17876512479999998,15.0,0
2484.347,0.1786595021,15.0,0
2484.829,0.1784740025,15.0,0
2485.312,0.17868233690000002,15.0,0
2485.794,0.17865780850000001,15.0,0
2486.276,0.17854078520000002,15.0,0
2486.758,0.1786701049,15.0,0
2487.24,0.17859825640000002,15.0,0
2487.722,0.1785157167,15.0,0
2488.204,0.1787543153,15.0,0
2488.686,0.1787011311,15.0,0
2489.168,0.1787903266,15.0,0
2489.651,0.17871500820000003,15.0,0
2490.133,0.1787268726,15.0,0
2490.615,0.1787271844,15.0,0
2491.097,0.17876746919999997,15.0,0
2491.579,0.1790504494,15.0,0
2492.061,0.1788671937,15.0,0
2492.543,0.1789684019,15.0,0
2493.025,0.1790791359,15.0,0
2493.508,0.179145154,15.0,0
2493.99,0.1789113668,15.0,0
2494.472,0.1791394046,15.0,0
2494.954,0.17925488439999998,15.0,0
2495.436,0.1789368362,15.0,0
2495.918,0.1790791609,15.0,0
2496.4,0.1791604711,15.0,0
2496.882,0.17911499849999998,15.0,0
2497.365,0.1791118781,15.0,0
2497.846,0.179261824,15.0,0
2498.329,0.17906813,15.0,0
2498.811,0.17908070110000002,15.0,0
2499.293,0.1791932845,15.0,0
2499.775,0.1793219217,15.0,0
2500.257,0.1793117304,15.0,1
2500.739,0.17930610900000002,15.0,1
2501.221,0.17937358490000002,15.0,1
2501.703,0.1794256284,15.0,1
2502.186,0.1793893048,15.0,1
2502.668,0.17947206520000003,15.0,1
2503.15,0.17948598140000002,15.0,1
2503.632,0.1794829503,15.0,1
2504.114,0.1795356744,15.0,1
2504.596,0.17962986099999997,15.0,1
2505.078,0.1796715025,15.0,1
2505.56,0.1797085,15.0,1
2506.042,0.1796663717,15.0,1
2506.525,0.17980469070000002,15.0,1
2507.007,0.1797449992,15.0,1
2507.489,0.1798892632,15.0,1
2507.971,0.1800197928,15.0,1
2508.453,0.1800817346,15.0,1
2508.935,0.18015170900000002,15.0,1
2509.417,0.1804380973,15.0,1
2509.899,0.1804800529,15.0,1
2510.382,0.1805310263,15.0,1
2510.864,0.1805933629,15.0,1
2511.346,0.1807229978,15.0,1
2511.828,0.1807051177,15.0,1
2512.31,0.1808763796,15.0,1
2512.792,0.18088935500000003,15.0,1
2513.274,0.1807858537,15.0,1
2513.756,0.1808645555,15.0,1
2514.239,0.18109608160000001,15.0,1
2514.721,0.1810072683,15.0,1
2515.203,0.1811495363,15.0,1
2515.685,0.18102526149999998,15.0,1
2516.167,0.1812495277,15.0,1
2516.649,0.1814214109,15.0,1
2517.131,0.1811926068,15.0,1
2517.613,0.1810677072,15.0,1
2518.095,0.1812759528,15.0,1
2518.578,0.18123068020000002,15.0,1
2519.06,0.1815420741,15.0,1
2519.542,0.1816116737,15.0,1
2520.024,0.18153712160000002,15.0,1
2520.506,0.1815641727,15.0,1
2520.988,0.1817175512,15.0,1
2521.47,0.1817802295,15.0,1
2521.952,0.1817123054,15.0,1
2522.435,0.1817523396,15.0,1
2522.917,0.18192314369999998,15.0,1
2523.399,0.18199550120000002,15.0,1
2523.881,0.1820453861,15.0,1
2524.363,0.1819438724,15.0,1
2524.845,0.1822216186,15.0,1
2525.327,0.1822709,15.0,1
2525.809,0.182286738,15.0,1
2526.292,0.1824530966,15.0,1
2526.773,0.1824286494,15.0,1
2527.256,0.1826494217,15.0,1
2527.738,0.18262246399999998,15.0,1
2528.22,0.1826845617,15.0,1
2528.702,0.1828768446,15.0,1
2529.184,0.18287437650000002,15.0,1
2529.666,0.18285978839999997,15.0,1
2530.148,0.1829525843,15.0,1
2530.63,0.18317150529999998,15.0,1
2531.113,0.18318032899999998,15.0,1
2531.595,0.1830408781,15.0,1
2532.077,0.183007522,15.0,1
2532.559,0.1833640322,15.0,1
2533.041,0.18327990360000002,15.0,1
2533.523,0.1832619303,15.0,1
2534.005,0.183554561,15.0,1
2534.487,0.18349726579999998,15.0,1
2534.969,0.183738104,15.0,1
2535.452,0.1836613986,15.0,1
2535.934,0.18343518,15.0,1
2536.416,0.183848771,15.0,1
2536.898,0.1839956778,15.0,1
2537.38,0.1836233997,15.0,1
2537.862,0.18412868029999999,15.0,1
2538.344,0.1840789787,15.0,1
2538.826,0.1841492899,15.0,1
2539.309,0.1845868447,15.0,1
2539.791,0.18416993980000002,15.0,1
2540.273,0.18439275800000002,15.0,1
2540.755,0.1846078897,15.0,1
2541.237,0.1847953734,15.0,1
2541.719,0.18476578230000001,15.0,1
2542.201,0.18479970340000001,15.0,1
2542.683,0.1848978201,15.0,1
2543.166,0.1849894037,15.0,1
2543.648,0.1850515923,15.0,1
2544.13,0.18514546070000001,15.0,1
2544.612,0.1851973439,15.0,1
2545.094,0.1853592053,15.0,1
2545.576,0.18544629940000001,15.0,1
2546.058,0.1855557335,15.0,1
2546.54,0.1855746568,15.0,1
2547.022,0.18550553390000002,15.0,1
2547.505,0.1857270819,15.0,1
2547.987,0.18593161519999998,15.0,1
2548.469,0.1858974753,15.0,1
2548.951,0.1860038513,15.0,1
2549.433,0.1858013263,15.0,1
2549.915,0.1863702627,15.0,1
2550.397,0.18605945729999998,15.0,1
2550.879,0.1861404409,15.0,1
2551.362,0.18626876039999998,15.0,1
2551.844,0.1864295163,15.0,1
2552.326,0.1863710046,15.0,1
2552.808,0.186745633,15.0,1
2553.29,0.186670478,15.0,1
2553.772,0.1865995586,15.0,1
2554.254,0.1867920172,15.0,1
2554.736,0.18680834440000002,15.0,1
2555.219,0.1867777663,15.0,1
2555.7,0.1869259879,15.0,1
2556.183,0.1870297355,15.0,1
2556.665,0.1871372484,15.0,1
2557.147,0.1871159247,15.0,1
2557.629,0.1874341691,15.0,1
2558.111,0.1874756361,15.0,1
2558.593,0.1875412665,15.0,1
2559.075,0.1874861586,15.0,1
2559.557,0.1873905119,15.0,1
2560.04,0.18759825970000002,15.0,1
2560.522,0.18777029160000003,15.0,1
2561.004,0.1878007047,15.0,1
2561.486,0.1877215255,15.0,1
2561.968,0.1877850578,15.0,1
2562.45,0.18796919750000002,15.0,1
2562.932,0.1878348626,15.0,1
2563.414,0.18803303759999998,15.0,1
2563.896,0.1881821263,15.0,1
2564.379,0.18803258320000002,15.0,1
2564.861,0.1882440185,15.0,1
2565.343,0.18814303429999998,15.0,1
2565.825,0.18810647960000001,15.0,1
2566.307,0.188358607,15.0,1
2566.789,0.1881359502,15.0,1
2567.271,0.1884198595,15.0,1
2567.753,0.1883907044,15.0,1
2568.236,0.1883802591,15.0,1
2568.718,0.18848990480000002,15.0,1
2569.2,0.18859197900000002,15.0,1
2569.682,0.18878412269999997,15.0,1
2570.164,0.18884293559999998,15.0,1
2570.646,0.188822138,15.0,1
2571.128,0.18898082370000002,15.0,1
2571.61,0.18877773009999999,15.0,1
2572.093,0.18900458839999998,15.0,1
2572.575,0.1891640764,15.0,1
2573.057,0.1891379089,15.0,1
2573.539,0.1893990673,15.0,1
2574.021,0.189297654,15.0,1
2574.503,0.1893881026,15.0,1
2574.985,0.1894362513,15.0,1
2575.467,0.1895261182,15.0,1
2575.949,0.18945734600000003,15.0,1
2576.432,0.18948487400000003,15.0,1
2576.914,0.18955637970000003,15.0,1
2577.396,0.1897783239,15.0,1
2577.878,0.1896543969,15.0,1
2578.36,0.1897454019,15.0,1
2578.842,0.189894246,15.0,1
2579.324,0.1896911451,15.0,1
2579.806,0.1895796524,15.0,1
2580.289,0.1898166923,15.0,1
2580.771,0.1900399462,15.0,1
2581.253,0.189905484,15.0,1
2581.735,0.1902222609,15.0,1
2582.217,0.1899033112,15.0,1
2582.699,0.19004718189999997,15.0,1
2583.181,0.1900340129,15.0,1
2583.663,0.1902321769,15.0,1
2584.146,0.1901799781,15.0,1
2584.627,0.1901433323,15.0,1
2585.11,0.1903016925,15.0,1
2585.592,0.19012017530000003,15.0,1
2586.074,0.1903452606,15.0,1
2586.556,0.1902802165,15.0,1
2587.038,0.19019288750000002,15.0,1
2587.52,0.1903848155,15.0,1
2588.002,0.1903849917,15.0,1
2588.484,0.1903402853,15.0,1
2588.967,0.1905306072,15.0,1
2589.449,0.1904457573,15.0,1
2589.931,0.19057411340000002,15.0,1
2590.413,0.1904674498,15.0,1
2590.895,0.19061664960000002,15.0,1
2591.377,0.1907263068,15.0,1
2591.859,0.1906399986,15.0,1
2592.341,0.1905713965,15.0,1
2592.823,0.1906900508,15.0,1
2593.306,0.1905722882,15.0,1
2593.788,0.1905900653,15.0,1
2594.27,0.19067731640000002,15.0,1
2594.752,0.19071290789999998,15.0,1
2595.234,0.19077918749999997,15.0,1
2595.716,0.1908962422,15.0,1
2596.198,0.1910000561,15.0,1
2596.68,0.1910396563,15.0,1
2597.163,0.19102127289999998,15.0,1
2597.645,0.1910709992,15.0,1
2598.127,0.1910273042,15.0,1
2598.609,0.19088969030000003,15.0,1
2599.091,0.1909328047,15.0,1
2599.573,0.1911623631,15.0,1
2600.055,0.19109944850000002,15.0,1
2600.537,0.19086097989999998,15.0,1
2601.02,0.19104992159999998,15.0,1
2601.502,0.1909248993,15.0,1
2601.984,0.1909687875,15.0,1
2602.466,0.19105273109999998,15.0,1
2602.948,0.1910685076,15.0,1
2603.43,0.1910959538,15.0,1
2603.912,0.1909112737,15.0,1
2604.394,0.191106927,15.0,1
2604.876,0.1911686625,15.0,1
2605.359,0.19107805500000002,15.0,1
2605.841,0.1912609324,15.0,1
2606.323,0.1912456599,15.0,1
2606.805,0.19118623410000002,15.0,1
2607.287,0.1912254835,15.0,1
2607.769,0.1911722525,15.0,1
2608.251,0.1912726082,15.0,1
2608.733,0.1911317674,15.0,1
2609.216,0.1914604345,15.0,1
2609.698,0.1912275813,15.0,1
2610.18,0.19136796579999998,15.0,1
2610.662,0.191273989,15.0,1
2611.144,0.1912392944,15.0,1
2611.626,0.19116912889999998,15.0,1
2612.108,0.1912398117,15.0,1
2612.59,0.1912197483,15.0,1
2613.073,0.1911310185,15.0,1
2613.554,0.1910005511,15.0,1
2614.037,0.1912692604,15.0,1
2614.519,0.19121667080000002,15.0,1
2615.001,0.1911441633,15.0,1
2615.483,0.1911081879,15.0,1
2615.965,0.191195964,15.0,1
2616.447,0.1913040083,15.0,1
2616.929,0.1911090375,15.0,1
2617.411,0.19146872439999998,15.0,1
2617.894,0.1912957318,15.0,1
2618.376,0.1912271029,15.0,1
2618.858,0.1911776527,15.0,1
2619.34,0.1914272894,15.0,1
2619.822,0.1912380535,15.0,1
2620.304,0.1912542233,15.0,1
2620.786,0.19130163249999999,15.0,1
2621.268,0.19097476759999998,15.0,1
2621.75,0.190964469,15.0,1
2622.233,0.19094673490000003,15.0,1
2622.715,0.19108253439999998,15.0,1
2623.197,0.1908818424,15.0,1
2623.679,0.1911059856,15.0,1
2624.161,0.19095129289999999,15.0,1
2624.643,0.1910260985,15.0,1
2625.125,0.19098753599999999,15.0,1
2625.607,0.190808894,15.0,1
2626.09,0.1908899031,15.0,1
2626.572,0.19091213769999998,15.0,1
2627.054,0.1907667622,15.0,1
2627.536,0.1906410529,15.0,1
2628.018,0.1906721681,15.0,1
2628.5,0.1906187962,15.0,1
2628.982,0.1905968397,15.0,1
2629.464,0.1907810791,15.0,1
2629.947,0.1907303642,15.0,1
2630.429,0.19057191069999999,15.0,1
2630.911,0.1905045957,15.0,1
2631.393,0.1906179543,15.0,1
2631.875,0.1906523206,15.0,1
2632.357,0.1905181312,15.0,1
2632.839,0.19052064030000002,15.0,1
2633.321,0.19022971030000002,15.0,1
2633.803,0.1904346488,15.0,1
2634.286,0.1904381913,15.0,1
2634.768,0.19038663679999998,15.0,1
2635.25,0.190157487,15.0,1
2635.732,0.19041743870000002,15.0,1
2636.214,0.1901991031,15.0,1
2636.696,0.190470178,15.0,1
2637.178,0.1904040985,15.0,1
2637.66,0.1901124792,15.0,1
2638.143,0.1901347487,15.0,1
2638.625,0.19011471130000002,15.0,1
2639.107,0.19007356900000003,15.0,1
2639.589,0.1901096885,15.0,1
2640.071,0.1900352483,15.0,1
2640.553,0.1901456442,15.0,1
2641.035,0.1900697048,15.0,1
2641.517,0.18989671860000001,15.0,1
2642.0,0.1900382823,15.0,1
2642.481,0.18975575460000002,15.0,1
2642.964,0.1896613573,15.0,1
2643.446,0.1899031132,15.0,1
2643.928,0.1898261239,15.0,1
2644.41,0.18978720400000001,15.0,1
2644.892,0.18954973979999998,15.0,1
2645.374,0.18942172540000002,15.0,1
2645.856,0.1893909585,15.0,1
2646.338,0.1895602244,15.0,1
2646.821,0.18933586040000003,15.0,1
2647.303,0.18938188709999998,15.0,1
2647.785,0.18925151289999997,15.0,1
2648.267,0.1891409809,15.0,1
2648.749,0.18904994339999998,15.0,1
2649.231,0.1890382151,15.0,1
2649.713,0.1890188388,15.0,1
2650.195,0.1889316063,15.0,1
2650.677,0.18886250010000002,15.0,1
2651.16,0.1890714594,15.0,1
2651.642,0.18880628170000002,15.0,1
2652.124,0.18900292,15.0,1
2652.606,0.18884648380000002,15.0,1
2653.088,0.18911349619999998,15.0,1
2653.57,0.1886055036,15.0,1
2654.052,0.1887774545,15.0,1
2654.534,0.18875068550000001,15.0,1
2655.017,0.18879829350000002,15.0,1
2655.499,0.1886082056,15.0,1
2655.981,0.18855435029999998,15.0,1
2656.463,0.1883303167,15.0,1
2656.945,0.1885400645,15.0,1
2657.427,0.18829877669999998,15.0,1
2657.909,0.1883271397,15.0,1
2658.391,0.188273115,15.0,1
2658.874,0.1881744594,15.0,1
2659.356,0.18804058099999998,15.0,1
2659.838,0.1880481188,15.0,1
2660.32,0.1879616891,15.0,1
2660.802,0.18791526579999998,15.0,1
2661.284,0.1880028434,15.0,1
2661.766,0.18791079119999998,15.0,1
2662.248,0.1877552975,15.0,1
2662.73,0.1877642642,15.0,1
2663.213,0.187776396,15.0,1
2663.695,0.1875473987,15.0,1
2664.177,0.1874715974,15.0,1
2664.659,0.18756923660000002,15.0,1
2665.141,0.18755476059999998,15.0,1
2665.623,0.1874993699,15.0,1
2666.105,0.1874502301,15.0,1
2666.587,0.18734330899999999,15.0,1
2667.07,0.1873009172,15.0,1
2667.552,0.18723143650000001,15.0,1
2668.034,0.18715657109999997,15.0,1
2668.516,0.187116854,15.0,1
2668.998,0.1871159363,15.0,1
2669.48,0.1871183296,15.0,1
2669.962,0.18700208159999998,15.0,1
2670.444,0.1869091477,15.0,1
2670.927,0.1867389087,15.0,1
2671.408,0.1867817918,15.0,1
2671.891,0.1866003148,15.0,1
2672.373,0.1866128385,15.0,1
2672.855,0.18669581529999998,15.0,1
2673.337,0.1865099245,15.0,1
2673.819,0.1863656739,15.0,1
2674.301,0.1866479784,15.0,1
2674.783,0.186373375,15.0,1
2675.265,0.1863597142,15.0,1
2675.748,0.186242538,15.0,1
2676.23,0.1862441133,15.0,1
2676.712,0.18630147260000002,15.0,1
2677.194,0.1860529567,15.0,1
2677.676,0.18609470250000001,15.0,1
2678.158,0.185978776,15.0,1
2678.64,0.1858832888,15.0,1
2679.122,0.1856929889,15.0,1
2679.604,0.1857421457,15.0,1
2680.087,0.18569137479999998,15.0,1
2680.569,0.1856107316,15.0,1
2681.051,0.18564090449999998,15.0,1
2681.533,0.18551277989999998,15.0,1
2682.015,0.185660437,15.0,1
2682.497,0.1852767548,15.0,1
2682.979,0.18542415129999998,15.0,1
2683.461,0.18517709289999998,15.0,1
2683.944,0.18522836389999997,15.0,1
2684.426,0.1853905284,15.0,1
2684.908,0.1849595756,15.0,1
2685.39,0.1848660578,15.0,1
2685.872,0.1849747448,15.0,1
2686.354,0.1848967419,15.0,1
2686.836,0.1850181967,15.0,1
2687.318,0.1848573318,15.0,1
2687.801,0.1846964493,15.0,1
2688.283,0.1846862548,15.0,1
2688.765,0.1846409198,15.0,1
2689.247,0.1847212491,15.0,1
2689.729,0.18459605629999998,15.0,1
2690.211,0.18440756579999998,15.0,1
2690.693,0.18440274280000002,15.0,1
2691.175,0.18432806240000002,15.0,1
2691.657,0.18429074310000002,15.0,1
2692.14,0.18419669049999998,15.0,1
2692.622,0.1842406025,15.0,1
2693.104,0.18401696820000002,15.0,1
2693.586,0.1841502449,15.0,1
2694.068,0.1839182871,15.0,1
2694.55,0.18396671309999998,15.0,1
2695.032,0.1838173746,15.0,1
2695.514,0.1836404327,15.0,1
2695.997,0.1837482186,15.0,1
2696.479,0.18394949430000002,15.0,1
2696.961,0.1837145645,15.0,1
2697.443,0.1836983082,15.0,1
2697.925,0.1837801636,15.0,1
2698.407,0.18377517050000003,15.0,1
2698.889,0.18377830939999998,15.0,1
2699.371,0.18354259169999998,15.0,1
2699.854,0.18374358950000003,15.0,1
2700.335,0.18363347900000002,15.0,1
2700.818,0.18358595260000002,15.0,1
2701.3,0.1836433864,15.0,1
2701.782,0.1835004731,15.0,1
2702.264,0.183454752,15.0,1
2702.746,0.18338223459999997,15.0,1
2703.228,0.1833418536,15.0,1
2703.71,0.18331266110000002,15.0,1
2704.192,0.1832641449,15.0,1
2704.675,0.18304640800000002,15.0,1
2705.157,0.1828774705,15.0,1
2705.639,0.1830336365,15.0,1
2706.121,0.1831154287,15.0,1
2706.603,0.1830711747,15.0,1
2707.085,0.182915359,15.0,1
2707.567,0.1829399719,15.0,1
2708.049,0.1828560993,15.0,1
2708.531,0.1827402634,15.0,1
2709.014,0.18273351680000002,15.0,1
2709.496,0.1829333447,15.0,1
2709.978,0.1826609951,15.0,1
2710.46,0.1828267841,15.0,1
2710.942,0.18274808480000002,15.0,1
2711.424,0.18261376510000002,15.0,1
2711.906,0.1825966103,15.0,1
2712.388,0.1827354956,15.0,1
2712.871,0.182563885,15.0,1
2713.353,0.18280468689999999,15.0,1
2713.835,0.1828570315,15.0,1
2714.317,0.18275264100000002,15.0,1
2714.799,0.1827564498,15.0,1
2715.281,0.1826545611,15.0,1
2715.763,0.1826771689,15.0,1
2716.245,0.18268758980000002,15.0,1
2716.728,0.1824770205,15.0,1
2717.21,0.1825547663,15.0,1
2717.692,0.1825455054,15.0,1
2718.174,0.1824430142,15.0,1
2718.656,0.18260266819999998,15.0,1
2719.138,0.18240175109999998,15.0,1
2719.62,0.1824796107,15.0,1
2720.102,0.1824116861,15.0,1
2720.584,0.1823787634,15.0,1
2721.067,0.1822157649,15.0,1
2721.549,0.1821845264,15.0,1
2722.031,0.1822485743,15.0,1
2722.513,0.1820826206,15.0,1
2722.995,0.18229445930000002,15.0,1
2723.477,0.1822807724,15.0,1
2723.959,0.18223497290000001,15.0,1
2724.441,0.1823713545,15.0,1
2724.924,0.18202313069999998,15.0,1
2725.406,0.1821839747,15.0,1
2725.888,0.1822584333,15.0,1
2726.37,0.18219991589999998,15.0,1
2726.852,0.1821144834,15.0,1
2727.334,0.18215557440000002,15.0,1
2727.816,0.18228198899999998,15.0,1
2728.298,0.18234297049999998,15.0,1
2728.781,0.18217528309999997,15.0,1
2729.262,0.1824007766,15.0,1
2729.745,0.18228818019999998,15.0,1
2730.227,0.1821704762,15.0,1
2730.709,0.18221274269999999,15.0,1
2731.191,0.1821790531,15.0,1
2731.673,0.1821806789,15.0,1
2732.155,0.182109551,15.0,1
2732.637,0.18219006969999998,15.0,1
2733.119,0.1821891964,15.0,1
2733.602,0.1821555048,15.0,1
2734.084,0.1820387418,15.0,1
2734.566,0.1822100151,15.0,1
2735.048,0.18218445,15.0,1
2735.53,0.18213301810000002,15.0,1
2736.012,0.182159713,15.0,1
2736.494,0.1823491206,15.0,1
2736.976,0.1822774802,15.0,1
2737.458,0.1823242122,15.0,1
2737.941,0.182308197,15.0,1
2738.423,0.1823678674,15.0,1
2738.905,0.1826256537,15.0,1
2739.387,0.1824708574,15.0,1
2739.869,0.18223828220000002,15.0,1
2740.351,0.1822850241,15.0,1
2740.833,0.18245387170000002,15.0,1
2741.315,0.1822557396,15.0,1
2741.798,0.1823154177,15.0,1
2742.28,0.18211575719999998,15.0,1
2742.762,0.1820951466,15.0,1
2743.244,0.18213574049999998,15.0,1
2743.726,0.1821363148,15.0,1
2744.208,0.18232391499999998,15.0,1
2744.69,0.1822073645,15.0,1
2745.172,0.1821706655,15.0,1
2745.655,0.1821582673,15.0,1
2746.137,0.18235057130000001,15.0,1
2746.619,0.1822696088,15.0,1
2747.101,0.18229249079999998,15.0,1
2747.583,0.1823499428,15.0,1
2748.065,0.18241432870000002,15.0,1
2748.547,0.1823606387,15.0,1
2749.029,0.1823668215,15.0,1
2749.511,0.1827487464,15.0,1
2749.994,0.1824778582,15.0,1
2750.476,0.182648667,15.0,1
2750.958,0.1826499816,15.0,1
2751.44,0.18250233510000002,15.0,1
2751.922,0.1825901969,15.0,1
2752.404,0.18274852809999997,15.0,1
2752.886,0.18269970659999998,15.0,1
2753.368,0.1827022007,15.0,1
2753.851,0.1828511586,15.0,1
2754.333,0.1830072642,15.0,1
2754.815,0.1830250552,15.0,1
2755.297,0.18299737870000002,15.0,1
2755.779,0.18311960559999998,15.0,1
2756.261,0.1830209147,15.0,1
2756.743,0.18308963949999998,15.0,1
2757.225,0.1832033998,15.0,1
2757.708,0.1830236137,15.0,1
2758.189,0.1831503451,15.0,1
2758.672,0.18301170379999998,15.0,1
2759.154,0.183169304,15.0,1
2759.636,0.18335923910000002,15.0,1
2760.118,0.1831639402,15.0,1
2760.6,0.1830715205,15.0,1
2761.082,0.18321746919999998,15.0,1
2761.564,0.18324949920000003,15.0,1
2762.046,0.18328165559999998,15.0,1
2762.529,0.1830631533,15.0,1
2763.011,0.18326468370000001,15.0,1
2763.493,0.18322037959999998,15.0,1
2763.975,0.18346849299999998,15.0,1
2764.457,0.1835580956,15.0,1
2764.939,0.1834906874,15.0,1
2765.421,0.1832593632,15.0,1
2765.903,0.1836150808,15.0,1
2766.385,0.18358320930000002,15.0,1
2766.868,0.18367102700000001,15.0,1
2767.35,0.18388538029999998,15.0,1
2767.832,0.1836392352,15.0,1
2768.314,0.1837639105,15.0,1
2768.796,0.18376466889999998,15.0,1
2769.278,0.18367914200000002,15.0,1
2769.76,0.1837809496,15.0,1
2770.242,0.1839511435,15.0,1
2770.725,0.1839928998,15.0,1
2771.207,0.18414795260000003,15.0,1
2771.689,0.1840708613,15.0,1
2772.171,0.18424018709999998,15.0,1
2772.653,0.1842154701,15.0,1
2773.135,0.18414431820000002,15.0,1
2773.617,0.1842375042,15.0,1
2774.099,0.1843373187,15.0,1
2774.582,0.1843044278,15.0,1
2775.064,0.1843392613,15.0,1
2775.546,0.1843440678,15.0,1
2776.028,0.1842882537,15.0,1
2776.51,0.1844131237,15.0,1
2776.992,0.18451993649999998,15.0,1
2777.474,0.18467728269999997,15.0,1
2777.956,0.18471021440000002,15.0,1
2778.438,0.1848474789,15.0,1
2778.921,0.1848374977,15.0,1
2779.403,0.18481682710000003,15.0,1
2779.885,0.1849402977,15.0,1
2780.367,0.1847962989,15.0,1
2780.849,0.1848359905,15.0,1
2781.331,0.18496799419999999,15.0,1
2781.813,0.18510440679999998,15.0,1
2782.295,0.18517604550000002,15.0,1
2782.778,0.185178583,15.0,1
2783.26,0.1853107845,15.0,1
2783.742,0.1851297238,15.0,1
2784.224,0.1852816967,15.0,1
2784.706,0.185498807,15.0,1
2785.188,0.1855632009,15.0,1
2785.67,0.18540163580000002,15.0,1
2786.152,0.1854837887,15.0,1
2786.635,0.1855739395,15.0,1
2787.116,0.18558556289999997,15.0,1
2787.599,0.1855693684,15.0,1
2788.081,0.1854601087,15.0,1
2788.563,0.18570702860000002,15.0,1
2789.045,0.18582368999999999,15.0,1
2789.527,0.18576551219999998,15.0,1
2790.009,0.18581647499999998,15.0,1
2790.491,0.1857650716,15.0,1
2790.973,0.1859522263,15.0,1
2791.456,0.18593103630000002,15.0,1
2791.938,0.1859920168,15.0,1
2792.42,0.18623923569999998,15.0,1
2792.902,0.1860543958,15.0,1
2793.384,0.1860849111,15.0,1
2793.866,0.18606475840000003,15.0,1
2794.348,0.1865019133,15.0,1
2794.83,0.1861249318,15.0,1
2795.312,0.1865607253,15.0,1
2795.795,0.18643812010000002,15.0,1
2796.277,0.1864300458,15.0,1
2796.759,0.1864913696,15.0,1
2797.241,0.1865124821,15.0,1
2797.723,0.1865492882,15.0,1
2798.205,0.1866904867,15.0,1
2798.687,0.1867273156,15.0,1
2799.169,0.18712382170000003,15.0,1
2799.652,0.1867456605,15.0,1
2800.134,0.1869377945,15.0,1
2800.616,0.186916761,15.0,1
2801.098,0.1869123943,15.0,1
2801.58,0.18717653909999998,15.0,1
2802.062,0.18713311359999998,15.0,1
2802.544,0.18713799430000003,15.0,1
2803.026,0.1873923181,15.0,1
2803.509,0.1873488344,15.0,1
2803.991,0.1872435754,15.0,1
2804.473,0.18732617000000001,15.0,1
2804.955,0.18738360320000003,15.0,1
2805.437,0.1875338577,15.0,1
2805.919,0.18766422670000002,15.0,1
2806.401,0.1875173072,15.0,1
2806.883,0.1877576458,15.0,1
2807.365,0.18772931499999998,15.0,1
2807.848,0.1877639529,15.0,1
2808.33,0.18787879,15.0,1
2808.812,0.18807533329999998,15.0,1
2809.294,0.1880892989,15.0,1
2809.776,0.188235856,15.0,1
2810.258,0.188401318,15.0,1
2810.74,0.18842940800000002,15.0,1
2811.222,0.1884811751,15.0,1
2811.705,0.1885531084,15.0,1
2812.187,0.1884096714,15.0,1
2812.669,0.18850699980000002,15.0,1
2813.151,0.18848250579999998,15.0,1
2813.633,0.18838405160000002,15.0,1
2814.115,0.1887280275,15.0,1
2814.597,0.1886685743,15.0,1
2815.079,0.1889460163,15.0,1
2815.562,0.1889469764,15.0,1
2816.043,0.18883796449999998,15.0,1
2816.526,0.18896442100000002,15.0,1
2817.008,0.1890171882,15.0,1
2817.49,0.1892671726,15.0,1
2817.972,0.1892776688,15.0,1
2818.454,0.1892113375,15.0,1
2818.936,0.1891690985,15.0,1
2819.418,0.189101732,15.0,1
2819.9,0.18907102609999998,15.0,1
2820.383,0.18948527129999998,15.0,1
2820.865,0.1893026465,15.0,1
2821.347,0.18943037480000002,15.0,1
2821.829,0.1894020373,15.0,1
2822.311,0.1893825006,15.0,1
2822.793,0.1897178627,15.0,1
2823.275,0.18967054139999998,15.0,1
2823.757,0.18979358059999998,15.0,1
2824.24,0.18966933860000001,15.0,1
2824.722,0.1896865547,15.0,1
2825.204,0.1897132145,15.0,1
2825.686,0.18992644479999998,15.0,1
2826.168,0.189857676,15.0,1
2826.65,0.1901597143,15.0,1
2827.132,0.1900886086,15.0,1
2827.614,0.19016901390000002,15.0,1
2828.096,0.1902717891,15.0,1
2828.579,0.189969049,15.0,1
2829.061,0.1902727504,15.0,1
2829.543,0.1902613516,15.0,1
2830.025,0.19049227359999998,15.0,1
2830.507,0.1903234957,15.0,1
2830.989,0.19008774760000002,15.0,1
2831.471,0.1904074351,15.0,1
2831.953,0.1904046225,15.0,1
2832.436,0.19032177560000002,15.0,1
2832.918,0.1907207858,15.0,1
2833.4,0.19056196379999998,15.0,1
2833.882,0.19045979710000002,15.0,1
2834.364,0.1908116007,15.0,1
2834.846,0.1906980394,15.0,1
2835.328,0.19065791229999998,15.0,1
2835.81,0.1909455044,15.0,1
2836.292,0.1909949165,15.0,1
2836.775,0.1908070755,15.0,1
2837.257,0.1909787705,15.0,1
2837.739,0.1912004032,15.0,1
2838.221,0.1909789684,15.0,1
2838.703,0.1909887482,15.0,1
2839.185,0.1909573631,15.0,1
2839.667,0.1909466359,15.0,1
2840.149,0.1909927433,15.0,1
2840.632,0.1909994725,15.0,1
2841.114,0.19123745199999997,15.0,1
2841.596,0.1910529282,15.0,1
2842.078,0.1910258461,15.0,1
2842.56,0.19103967489999998,15.0,1
2843.042,0.19122051419999997,15.0,1
2843.524,0.191113575,15.0,1
2844.006,0.191357446,15.0,1
2844.489,0.1912167485,15.0,1
2844.97,0.1913206867,15.0,1
2845.453,0.1914705095,15.0,1
2845.935,0.19133014110000002,15.0,1
2846.417,0.1915002143,15.0,1
2846.899,0.1913293265,15.0,1
2847.381,0.1913377163,15.0,1
2847.863,0.1913843871,15.0,1
2848.345,0.1914037657,15.0,1
2848.827,0.1914113337,15.0,1
2849.31,0.191317468,15.0,1
2849.792,0.19145701710000002,15.0,1
2850.274,0.1914558224,15.0,1
2850.756,0.1914836713,15.0,1
2851.238,0.1914113305,15.0,1
2851.72,0.1914873107,15.0,1
2852.202,0.1916648094,15.0,1
2852.684,0.1917277235,15.0,1
2853.167,0.19158894140000002,15.0,1
2853.649,0.19178101919999999,15.0,1
2854.131,0.19164172629999998,15.0,1
2854.613,0.1916862752,15.0,1
2855.095,0.1916603775,15.0,1
2855.577,0.191752486,15.0,1
2856.059,0.1917205709,15.0,1
2856.541,0.1916468243,15.0,1
2857.023,0.1917147069,15.0,1
2857.506,0.1916323194,15.0,1
2857.988,0.19177222570000002,15.0,1
2858.47,0.19180014839999998,15.0,1
2858.952,0.1916967846,15.0,1
2859.434,0.1915822918,15.0,1
2859.916,0.1916293651,15.0,1
2860.398,0.1917282293,15.0,1
2860.88,0.19180850670000002,15.0,1
2861.363,0.1916536716,15.0,1
2861.845,0.1916854969,15.0,1
2862.327,0.19164659520000002,15.0,1
2862.809,0.1918346174,15.0,1
2863.291,0.19177337139999998,15.0,1
2863.773,0.1917334901,15.0,1
2864.255,0.191819052,15.0,1
2864.737,0.1916967671,15.0,1
2865.219,0.1918411743,15.0,1
2865.702,0.1917394678,15.0,1
2866.184,0.1919376873,15.0,1
2866.666,0.19182374289999998,15.0,1
2867.148,0.1918373982,15.0,1
2867.63,0.1918404937,15.0,1
2868.112,0.1917389634,15.0,1
2868.594,0.19171333019999998,15.0,1
2869.076,0.1919261908,15.0,1
2869.559,0.19196844070000002,15.0,1
2870.041,0.1919676323,15.0,1
2870.523,0.19193463179999998,15.0,1
2871.005,0.1921009415,15.0,1
2871.487,0.1919293489,15.0,1
2871.969,0.19190602080000002,15.0,1
2872.451,0.1919743481,15.0,1
2872.933,0.1919977059,15.0,1
2873.416,0.19206547270000002,15.0,1
2873.897,0.1920641276,15.0,1
2874.38,0.19185782289999997,15.0,1
2874.862,0.1918368789,15.0,1
2875.344,0.1917334983,15.0,1
2875.826,0.1917893011,15.0,1
2876.308,0.1917234547,15.0,1
2876.79,0.19156364660000003,15.0,1
2877.272,0.1917736017,15.0,1
2877.754,0.1917114767,15.0,1
2878.237,0.1918165041,15.0,1
2878.719,0.1918187266,15.0,1
2879.201,0.1919295215,15.0,1
2879.683,0.1916861239,15.0,1
2880.165,0.19179075510000002,15.0,1
2880.647,0.1916817932,15.0,1
2881.129,0.19186752640000002,15.0,1
2881.611,0.1917175686,15.0,1
2882.094,0.1915528188,15.0,1
2882.576,0.1917882032,15.0,1
2883.058,0.19152879890000002,15.0,1
2883.54,0.19165623440000001,15.0,1
2884.022,0.19166471229999998,15.0,1
2884.504,0.19163253310000003,15.0,1
2884.986,0.1917142762,15.0,1
2885.468,0.19148570620000002,15.0,1
2885.95,0.1914590905,15.0,1
2886.433,0.19144202870000002,15.0,1
2886.915,0.191474917,15.0,1
2887.397,0.1913163579,15.0,1
2887.879,0.1912795982,15.0,1
2888.361,0.1912421085,15.0,1
2888.843,0.19149120109999998,15.0,1
2889.325,0.19123314090000001,15.0,1
2889.807,0.1912377283,15.0,1
2890.29,0.1910807144,15.0,1
2890.772,0.1912157396,15.0,1
2891.254,0.19141025290000002,15.0,1
2891.736,0.19118388,15.0,1
2892.218,0.1909371342,15.0,1
2892.7,0.191047683,15.0,1
2893.182,0.1910624003,15.0,1
2893.664,0.1910493036,15.0,1
2894.146,0.1912093119,15.0,1
2894.629,0.1910473396,15.0,1
2895.111,0.1910496061,15.0,1
2895.593,0.19104578190000002,15.0,1
2896.075,0.1908796234,15.0,1
2896.557,0.1909734803,15.0,1
2897.039,0.1910236841,15.0,1
2897.521,0.1910489472,15.0,1
2898.003,0.1908727362,15.0,1
2898.486,0.1908928229,15.0,1
2898.968,0.190885675,15.0,1
2899.45,0.1904843354,15.0,1
2899.932,0.19072474350000002,15.0,1
2900.414,0.1907548928,15.0,1
2900.896,0.1906542416,15.0,1
2901.378,0.19071194760000001,15.0,1
2901.86,0.1905172875,15.0,1
2902.343,0.1905002396,15.0,1
2902.824,0.19061163849999999,15.0,1
2903.307,0.19056202200000003,15.0,1
2903.789,0.1904723843,15.0,1
2904.271,0.1907073148,15.0,1
2904.753,0.19033545749999997,15.0,1
2905.235,0.1905476066,15.0,1
2905.717,0.1902675391,15.0,1
2906.199,0.1907284418,15.0,1
2906.681,0.19035823659999998,15.0,1
2907.164,0.190355958,15.0,1
2907.646,0.19025943139999998,15.0,1
2908.128,0.1903972431,15.0,1
2908.61,0.1903142794,15.0,1
2909.092,0.19024722189999999,15.0,1
2909.574,0.1901894915,15.0,1
2910.056,0.1901211789,15.0,1
2910.538,0.19012562979999997,15.0,1
2911.021,0.19015543229999998,15.0,1
2911.503,0.18993167419999998,15.0,1
2911.985,0.19002743930000002,15.0,1
2912.467,0.1899243834,15.0,1
2912.949,0.1898192013,15.0,1
2913.431,0.18985765919999997,15.0,1
2913.913,0.18993720079999998,15.0,1
2914.395,0.19004101469999998,15.0,1
2914.877,0.18949318699999998,15.0,1
2915.36,0.1896799816,15.0,1
2915.842,0.1898612638,15.0,1
2916.324,0.1894183539,15.0,1
2916.806,0.18960777920000002,15.0,1
2917.288,0.18957720160000002,15.0,1
2917.77,0.18946280510000002,15.0,1
2918.252,0.1894152475,15.0,1
2918.734,0.1893524167,15.0,1
2919.217,0.18933197159999998,15.0,1
2919.699,0.1893484514,15.0,1
2920.181,0.18919471300000001,15.0,1
2920.663,0.1890971052,15.0,1
2921.145,0.18927086890000003,15.0,1
2921.627,0.1890428303,15.0,1
2922.109,0.1892347238,15.0,1
2922.591,0.18918066490000002,15.0,1
2923.073,0.1891549951,15.0,1
2923.556,0.1890714503,15.0,1
2924.038,0.1890816213,15.0,1
2924.52,0.1888894812,15.0,1
2925.002,0.18894112899999999,15.0,1
2925.484,0.18901664019999997,15.0,1
2925.966,0.1886083301,15.0,1
2926.448,0.18875988259999998,15.0,1
2926.93,0.18854230760000001,15.0,1
2927.413,0.18850144,15.0,1
2927.895,0.1885803387,15.0,1
2928.377,0.18840826360000001,15.0,1
2928.859,0.1885084158,15.0,1
2929.341,0.1883718677,15.0,1
2929.823,0.1884113747,15.0,1
2930.305,0.188398026,15.0,1
2930.787,0.1883428528,15.0,1
2931.27,0.1882653253,15.0,1
2931.751,0.1881954849,15.0,1
2932.234,0.18804398339999998,15.0,1
2932.716,0.1878839401,15.0,1
2933.198,0.1881021773,15.0,1
2933.68,0.1880242996,15.0,1
2934.162,0.1880322728,15.0,1
2934.644,0.1879372366,15.0,1
2935.126,0.18800762110000002,15.0,1
2935.608,0.1878133464,15.0,1
2936.091,0.1875593311,15.0,1
2936.573,0.1876518011,15.0,1
2937.055,0.1875505429,15.0,1
2937.537,0.18747221520000001,15.0,1
2938.019,0.187640771,15.0,1
2938.501,0.18737751530000002,15.0,1
2938.983,0.1875189417,15.0,1
2939.465,0.1873710101,15.0,1
2939.948,0.1874710409,15.0,1
2940.43,0.1873122559,15.0,1
2940.912,0.1872329373,15.0,1
2941.394,0.18726777930000002,15.0,1
2941.876,0.1871975421,15.0,1
2942.358,0.1871660331,15.0,1
2942.84,0.1871561168,15.0,1
2943.322,0.187317702,15.0,1
2943.804,0.1870040065,15.0,1
2944.287,0.1870644467,15.0,1
2944.769,0.18683442150000001,15.0,1
2945.251,0.1870874191,15.0,1
2945.733,0.18682872239999998,15.0,1
2946.215,0.1869598157,15.0,1
2946.697,0.18688430749999999,15.0,1
2947.179,0.1869518197,15.0,1
2947.661,0.1869488356,15.0,1
2948.144,0.18685116619999997,15.0,1
2948.626,0.1867316812,15.0,1
2949.108,0.18686749549999998,15.0,1
2949.59,0.1867760087,15.0,1
2950.072,0.1867038868,15.0,1
2950.554,0.18680234259999998,15.0,1
2951.036,0.1865748388,15.0,1
2951.518,0.1865039087,15.0,1
2952.0,0.1864797909,15.0,1
2952.483,0.1863969935,15.0,1
2952.965,0.1865182667,15.0,1
2953.447,0.1864868784,15.0,1
2953.929,0.1862234358,15.0,1
2954.411,0.18631743620000002,15.0,1
2954.893,0.1864033377,15.0,1
2955.375,0.186245912,15.0,1
2955.857,0.18608956880000002,15.0,1
2956.34,0.1861191967,15.0,1
2956.822,0.1860523071,15.0,1
2957.304,0.18608582980000002,15.0,1
2957.786,0.1860104741,15.0,1
2958.268,0.1860979012,15.0,1
2958.75,0.1858165387,15.0,1
2959.232,0.1859378758,15.0,1
2959.714,0.18590623539999998,15.0,1
2960.197,0.1858466336,15.0,1
2960.678,0.1857966303,15.0,1
2961.161,0.18571554110000002,15.0,1
2961.643,0.18585832400000002,15.0,1
2962.125,0.18575196519999998,15.0,1
2962.607,0.18568580480000002,15.0,1
2963.089,0.18566697170000002,15.0,1
2963.571,0.1856943627,15.0,1
2964.053,0.18568420880000003,15.0,1
2964.535,0.1855317166,15.0,1
2965.018,0.1855703195,15.0,1
2965.5,0.1852982171,15.0,1
2965.982,0.1855145184,15.0,1
2966.464,0.185516538,15.0,1
2966.946,0.1856509323,15.0,1
2967.428,0.1854328406,15.0,1
2967.91,0.1854631444,15.0,1
2968.392,0.1853614662,15.0,1
2968.875,0.1853854544,15.0,1
2969.357,0.1853660087,15.0,1
2969.839,0.1853668798,15.0,1
2970.321,0.1854212074,15.0,1
2970.803,0.18549979119999999,15.0,1
2971.285,0.1854398837,15.0,1
2971.767,0.1853385442,15.0,1
2972.249,0.1853731736,15.0,1
2972.731,0.18540467060000002,15.0,1
2973.214,0.1853391638,15.0,1
2973.696,0.1852587947,15.0,1
2974.178,0.1854260666,15.0,1
2974.66,0.1853512525,15.0,1
2975.142,0.1853680031,15.0,1
2975.624,0.18522141720000002,15.0,1
2976.106,0.1851868657,15.0,1
2976.588,0.18525211039999998,15.0,1
2977.071,0.1849964728,15.0,1
2977.553,0.18523664360000003,15.0,1
2978.035,0.18509767440000002,15.0,1
2978.517,0.1852691226,15.0,1
2978.999,0.18489869009999998,15.0,1
2979.481,0.1850125744,15.0,1
2979.963,0.1849219678,15.0,1
2980.445,0.1850118642,15.0,1
2980.927,0.1849388594,15.0,1
2981.41,0.18492505,15.0,1
2981.892,0.18506951829999999,15.0,1
2982.374,0.18490282789999998,15.0,1
2982.856,0.1850604697,15.0,1
2983.338,0.1851532237,15.0,1
2983.82,0.18499289919999998,15.0,1
2984.302,0.1851126883,15.0,1
2984.784,0.1852229051,15.0,1
2985.267,0.18522072139999998,15.0,1
2985.749,0.1852507014,15.0,1
2986.231,0.1851276351,15.0,1
2986.713,0.1850299873,15.0,1
2987.195,0.1851536608,15.0,1
2987.677,0.1851482621,15.0,1
2988.159,0.1850838243,15.0,1
2988.641,0.1851869438,15.0,1
2989.124,0.18509665900000002,15.0,1
2989.605,0.1849577785,15.0,1
2990.088,0.1849993224,15.0,1
2990.57,0.1852285173,15.0,1
2991.052,0.18513764649999997,15.0,1
2991.534,0.1850339755,15.0,1
2992.016,0.18506782430000002,15.0,1
2992.498,0.1849629364,15.0,1
2992.98,0.1851351688,15.0,1
2993.462,0.1852027713,15.0,1
2993.945,0.18522470500000002,15.0,1
2994.427,0.18514832429999997,15.0,1
2994.909,0.1852658424,15.0,1
2995.391,0.1852617969,15.0,1
2995.873,0.1852038069,15.0,1
2996.355,0.185309773,15.0,1
2996.837,0.1851352334,15.0,1
2997.319,0.185228769,15.0,1
2997.802,0.1850078859,15.0,1
2998.284,0.185189378,15.0,1
2998.766,0.1851906616,15.0,1
2999.248,0.1852140314,15.0,1
2999.73,0.18485595100000002,15.0,1
3000.212,0.1851051004,15.0,1
3000.694,0.1850641717,15.0,1
3001.176,0.18518018909999998,15.0,1
3001.658,0.185150567,15.0,1
3002.141,0.18514752099999998,15.0,1
3002.623,0.18522524669999998,15.0,1
3003.105,0.185378087,15.0,1
3003.587,0.18527322089999998,15.0,1
3004.069,0.18538120419999998,15.0,1
3004.551,0.18541336,15.0,1
3005.033,0.1854766028,15.0,1
3005.515,0.1851298868,15.0,1
3005.998,0.185390488,15.0,1
3006.48,0.1852459893,15.0,1
3006.962,0.1853646775,15.0,1
3007.444,0.18537900789999998,15.0,1
3007.926,0.1853453821,15.0,1
3008.408,0.1856998223,15.0,1
3008.89,0.18536632749999998,15.0,1
3009.372,0.1855134421,15.0,1
3009.854,0.1854778762,15.0,1
3010.337,0.185665685,15.0,1
3010.819,0.1855917725,15.0,1
3011.301,0.1854670488,15.0,1
3011.783,0.185450019,15.0,1
3012.265,0.18564457950000002,15.0,1
3012.747,0.18547832209999998,15.0,1
3013.229,0.1857123447,15.0,1
3013.711,0.1856083732,15.0,1
3014.194,0.185439005,15.0,1
3014.676,0.1855173047,15.0,1
3015.158,0.1857218358,15.0,1
3015.64,0.1855233647,15.0,1
3016.122,0.18568010659999998,15.0,1
3016.604,0.185583809,15.0,1
3017.086,0.1857108111,15.0,1
3017.568,0.18601988800000002,15.0,1
3018.051,0.1860696539,15.0,1
3018.532,0.1858833361,15.0,1
3019.015,0.18610874200000002,15.0,1
3019.497,0.18612537369999999,15.0,1
3019.979,0.18624642560000002,15.0,1
3020.461,0.1863063069,15.0,1
3020.943,0.1861356211,15.0,1
3021.425,0.1860963691,15.0,1
3021.907,0.1861495936,15.0,1
3022.389,0.18640064899999997,15.0,1
3022.872,0.18623820330000002,15.0,1
3023.354,0.18650025280000002,15.0,1
3023.836,0.1863989213,15.0,1
3024.318,0.1861731044,15.0,1
3024.8,0.1864471377,15.0,1
3025.282,0.18638632900000002,15.0,1
3025.764,0.1864169111,15.0,1
3026.246,0.1864688589,15.0,1
3026.729,0.1866258517,15.0,1
3027.211,0.1864892867,15.0,1
3027.693,0.1866138439,15.0,1
3028.175,0.186641647,15.0,1
3028.657,0.18661054579999997,15.0,1
3029.139,0.18694572820000002,15.0,1
3029.621,0.1867183832,15.0,1
3030.103,0.1868697688,15.0,1
3030.585,0.18701756679999998,15.0,1
3031.068,0.18681574609999999,15.0,1
3031.55,0.1869688876,15.0,1
3032.032,0.18713920609999998,15.0,1
3032.514,0.1870161113,15.0,1
3032.996,0.1868364023,15.0,1
3033.478,0.1871346983,15.0,1
3033.96,0.1868148537,15.0,1
3034.442,0.1870742719,15.0,1
3034.925,0.1870033341,15.0,1
3035.407,0.1870731078,15.0,1
3035.889,0.1871645566,15.0,1
3036.371,0.1871019947,15.0,1
3036.853,0.1873268599,15.0,1
3037.335,0.1871880654,15.0,1
3037.817,0.18730947709999998,15.0,1
3038.299,0.1876148506,15.0,1
3038.781,0.18755177069999998,15.0,1
3039.264,0.18733657569999998,15.0,1
3039.746,0.1875985524,15.0,1
3040.228,0.1875494054,15.0,1
3040.71,0.1876803476,15.0,1
3041.192,0.18772680560000002,15.0,1
3041.674,0.1877758931,15.0,1
3042.156,0.18763644119999998,15.0,1
3042.638,0.18760632600000002,15.0,1
3043.121,0.18776072970000002,15.0,1
3043.603,0.1878057911,15.0,1
3044.085,0.18783640429999998,15.0,1
3044.567,0.1878807663,15.0,1
3045.049,0.18799637489999999,15.0,1
3045.531,0.1880657583,15.0,1
3046.013,0.1879438512,15.0,1
3046.495,0.18807883350000001,15.0,1
3046.978,0.1879444061,15.0,1
3047.459,0.1882370229,15.0,1
3047.942,0.1881243404,15.0,1
3048.424,0.1880649966,15.0,1
3048.906,0.18815469140000002,15.0,1
3049.388,0.1882662753,15.0,1
3049.87,0.18807575440000002,15.0,1
3050.352,0.188161901,15.0,1
3050.834,0.1881431587,15.0,1
3051.316,0.18821450509999998,15.0,1
3051.799,0.1883224834,15.0,1
3052.281,0.1884887598,15.0,1
3052.763,0.18854285269999999,15.0,1
3053.245,0.18858665340000003,15.0,1
3053.727,0.18864963240000002,15.0,1
3054.209,0.18869543830000002,15.0,1
3054.691,0.1888193596,15.0,1
3055.173,0.1887988111,15.0,1
3055.656,0.1887150713,15.0,1
3056.138,0.18885789500000003,15.0,1
3056.62,0.18889760379999998,15.0,1
3057.102,0.1888634874,15.0,1
3057.584,0.1889368115,15.0,1
3058.066,0.18912438739999998,15.0,1
3058.548,0.1890584681,15.0,1
3059.03,0.1892113678,15.0,1
3059.512,0.1893563946,15.0,1
3059.995,0.18921877469999998,15.0,1
3060.477,0.1892649462,15.0,1
3060.959,0.18936832169999998,15.0,1
3061.441,0.1894401581,15.0,1
3061.923,0.1893417004,15.0,1
3062.405,0.1893675816,15.0,1
3062.887,0.18970279089999997,15.0,1
3063.369,0.1896476279,15.0,1
3063.852,0.1896767348,15.0,1
3064.334,0.1895310162,15.0,1
3064.816,0.1898739317,15.0,1
3065.298,0.1897807727,15.0,1
3065.78,0.189723373,15.0,1
3066.262,0.1898916794,15.0,1
3066.744,0.1899354521,15.0,1
3067.226,0.19011970290000002,15.0,1
3067.708,0.18999998399999998,15.0,1
3068.191,0.1901409058,15.0,1
3068.673,0.1901694996,15.0,1
3069.155,0.1902211512,15.0,1
3069.637,0.1904114264,15.0,1
3070.119,0.1903184983,15.0,1
3070.601,0.19041925739999999,15.0,1
3071.083,0.1903816737,15.0,1
3071.565,0.1907808142,15.0,1
3072.048,0.19057731560000002,15.0,1
3072.53,0.190695121,15.0,1
3073.012,0.19073892539999998,15.0,1
3073.494,0.19081897430000003,15.0,1
3073.976,0.1906391982,15.0,1
3074.458,0.1906938309,15.0,1
3074.94,0.1910180018,15.0,1
3075.422,0.1907764074,15.0,1
3075.905,0.1906642586,15.0,1
3076.386,0.1908722843,15.0,1
3076.869,0.1908269124,15.0,1
3077.351,0.1909388982,15.0,1
3077.833,0.19050931089999998,15.0,1
3078.315,0.19086298240000002,15.0,1
3078.797,0.1908019869,15.0,1
3079.279,0.1906627297,15.0,1
3079.761,0.19090345330000003,15.0,1
3080.243,0.19087277870000002,15.0,1
3080.726,0.1910596363,15.0,1
3081.208,0.1910779587,15.0,1
3081.69,0.1910337448,15.0,1
3082.172,0.1913314485,15.0,1
3082.654,0.19138895439999998,15.0,1
3083.136,0.1913346468,15.0,1
3083.618,0.1912231118,15.0,1
3084.1,0.19138480319999998,15.0,1
3084.583,0.1911565447,15.0,1
3085.065,0.19145736670000002,15.0,1
3085.547,0.1915316688,15.0,1
3086.029,0.1914411059,15.0,1
3086.511,0.191469922,15.0,1
3086.993,0.1917325146,15.0,1
3087.475,0.19156149500000003,15.0,1
3087.957,0.1915419269,15.0,1
3088.439,0.1917550482,15.0,1
3088.922,0.1917686681,15.0,1
3089.404,0.191753898,15.0,1
3089.886,0.1916529018,15.0,1
3090.368,0.1920135459,15.0,1
3090.85,0.19180440529999998,15.0,1
3091.332,0.19180802660000001,15.0,1
3091.814,0.1917965701,15.0,1
3092.296,0.1917185379,15.0,1
3092.779,0.19190394319999998,15.0,1
3093.261,0.1919435573,15.0,1
3093.743,0.19200287710000002,15.0,1
3094.225,0.1919281822,15.0,1
3094.707,0.19220341600000002,15.0,1
3095.189,0.1921724155,15.0,1
3095.671,0.1922628049,15.0,1
3096.153,0.1922994769,15.0,1
3096.635,0.1923429996,15.0,1
3097.118,0.1923114555,15.0,1
3097.6,0.19247404280000002,15.0,1
3098.082,0.1925530358,15.0,1
3098.564,0.1924335823,15.0,1
3099.046,0.1923334947,15.0,1
3099.528,0.1926309664,15.0,1
3100.01,0.1925892216,15.0,1
3100.492,0.1925459197,15.0,1
3100.975,0.19266314699999998,15.0,1
3101.457,0.1923935364,15.0,1
3101.939,0.1927400822,15.0,1
3102.421,0.1924072995,15.0,1
3102.903,0.192556789,15.0,1
3103.385,0.1924494137,15.0,1
3103.867,0.192455499,15.0,1
3104.349,0.1925562691,15.0,1
3104.832,0.1926002001,15.0,1
3105.313,0.1925839175,15.0,1
3105.796,0.192544869,15.0,1
3106.278,0.19270910740000002,15.0,1
3106.76,0.19242394940000002,15.0,1
3107.242,0.1926686731,15.0,1
3107.724,0.1926985654,15.0,1
3108.206,0.1925137556,15.0,1
3108.688,0.1924719717,15.0,1
3109.17,0.1925190089,15.0,1
3109.653,0.1924400777,15.0,1
3110.135,0.19260111259999999,15.0,1
3110.617,0.1927791388,15.0,1
3111.099,0.1927980545,15.0,1
3111.581,0.1924964251,15.0,1
3112.063,0.19262724550000002,15.0,1
3112.545,0.1926847039,15.0,1
3113.027,0.1926776841,15.0,1
3113.51,0.1926857099,15.0,1
3113.992,0.19279738819999998,15.0,1
3114.474,0.192851085,15.0,1
3114.956,0.19275390869999998,15.0,1
3115.438,0.1927777772,15.0,1
3115.92,0.1927971952,15.0,1
3116.402,0.1927387536,15.0,1
3116.884,0.1929336464,15.0,1
3117.366,0.1931067488,15.0,1
3117.849,0.19291976170000003,15.0,1
3118.331,0.193094281,15.0,1
3118.813,0.1929864365,15.0,1
3119.295,0.1928700791,15.0,1
3119.777,0.1930218756,15.0,1
3120.259,0.1929390275,15.0,1
3120.741,0.19304010800000002,15.0,1
3121.223,0.1930981514,15.0,1
3121.706,0.19299737390000002,15.0,1
3122.188,0.19289992250000002,15.0,1
3122.67,0.1929747959,15.0,1
3123.152,0.19291989980000002,15.0,1
3123.634,0.19297845970000002,15.0,1
3124.116,0.1930680526,15.0,1
3124.598,0.1931385355,15.0,1
3125.08,0.1929827768,15.0,1
3125.562,0.1929440625,15.0,1
3126.045,0.19294829530000002,15.0,1
3126.527,0.1930999383,15.0,1
3127.009,0.19310779369999997,15.0,1
3127.491,0.1930687284,15.0,1
3127.973,0.1928040391,15.0,1
3128.455,0.193047832,15.0,1
3128.937,0.1930901428,15.0,1
3129.419,0.19295894919999998,15.0,1
3129.902,0.1928356819,15.0,1
3130.384,0.1930250754,15.0,1
3130.866,0.19297141969999998,15.0,1
3131.348,0.1929854228,15.0,1
3131.83,0.1929136733,15.0,1
3132.312,0.1929691734,15.0,1
3132.794,0.1930211917,15.0,1
3133.276,0.19282437819999998,15.0,1
3133.759,0.1928439494,15.0,1
3134.24,0.19297129059999998,15.0,1
3134.723,0.1929614982,15.0,1
3135.205,0.1928648584,15.0,1
3135.687,0.19304525290000002,15.0,1
3136.169,0.19290654289999998,15.0,1
3136.651,0.193022448,15.0,1
3137.133,0.1929549621,15.0,1
3137.615,0.1928967874,15.0,1
3138.097,0.19299953940000003,15.0,1
3138.58,0.19291582229999998,15.0,1
3139.062,0.19297252369999998,15.0,1
3139.544,0.1930647725,15.0,1
3140.026,0.1931916459,15.0,1
3140.508,0.1929063767,15.0,1
3140.99,0.1929468409,15.0,1
3141.472,0.19277261639999999,15.0,1
3141.954,0.1927499527,15.0,1
3142.437,0.1926459556,15.0,1
3142.919,0.1927701137,15.0,1
3143.401,0.1926684322,15.0,1
3143.883,0.1925369846,15.0,1
3144.365,0.19244146510000001,15.0,1
3144.847,0.1925545452,15.0,1
3145.329,0.1925804203,15.0,1
3145.811,0.1924331757,15.0,1
3146.293,0.1924889845,15.0,1
3146.776,0.1926348959,15.0,1
3147.258,0.1926303926,15.0,1
3147.74,0.1924978004,15.0,1
3148.222,0.1925120624,15.0,1
3148.704,0.1926642469,15.0,1
3149.186,0.1925596169,15.0,1
3149.668,0.1921921009,15.0,1
3150.15,0.192626916,15.0,1
3150.633,0.1923475247,15.0,1
3151.115,0.1923906009,15.0,1
3151.597,0.1924759135,15.0,1
3152.079,0.1924493683,15.0,1
3152.561,0.19239035000000002,15.0,1
3153.043,0.1924378505,15.0,1
3153.525,0.19245835679999998,15.0,1
3154.007,0.19254619850000002,15.0,1
3154.49,0.1925582558,15.0,1
3154.972,0.1927011927,15.0,1
3155.454,0.19224002810000002,15.0,1
3155.936,0.19236842459999998,15.0,1
3156.418,0.19246041170000003,15.0,1
3156.9,0.19235733719999998,15.0,1
3157.382,0.19224039350000002,15.0,1
3157.864,0.1922600576,15.0,1
3158.346,0.1921094563,15.0,1
3158.829,0.1921830167,15.0,1
3159.311,0.19215513269999998,15.0,1
3159.793,0.1921263357,15.0,1
3160.275,0.19211288740000002,15.0,1
3160.757,0.19208279220000002,15.0,1
3161.239,0.1918192767,15.0,1
3161.721,0.1918864276,15.0,1
3162.203,0.1921818129,15.0,1
3162.686,0.19175840560000001,15.0,1
3163.167,0.19190040490000002,15.0,1
3163.65,0.1922117287,15.0,1
3164.132,0.1919454593,15.0,1
3164.614,0.1920265417,15.0,1
3165.096,0.19201876710000002,15.0,1
3165.578,0.1920960474,15.0,1
3166.06,0.19214903679999998,15.0,1
3166.542,0.19185693780000002,15.0,1
3167.024,0.1918466249,15.0,1
3167.507,0.1918386747,15.0,1
3167.989,0.1918057062,15.0,1
3168.471,0.1918311517,15.0,1
3168.953,0.19158645,15.0,1
3169.435,0.19146371680000002,15.0,1
3169.917,0.1915937157,15.0,1
3170.399,0.19152886509999997,15.0,1
3170.881,0.1915229966,15.0,1
3171.364,0.1913277578,15.0,1
3171.846,0.1912723288,15.0,1
3172.328,0.1912737917,15.0,1
3172.81,0.19138324539999998,15.0,1
3173.292,0.19126849620000003,15.0,1
3173.774,0.1911781387,15.0,1
3174.256,0.19133992079999998,15.0,1
3174.738,0.1911279481,15.0,1
3175.22,0.1910961846,15.0,1
3175.703,0.1911109359,15.0,1
3176.185,0.1914278225,15.0,1
3176.667,0.191259176,15.0,1
3177.149,0.1912032484,15.0,1
3177.631,0.1910442684,15.0,1
3178.113,0.1910095312,15.0,1
3178.595,0.1909481694,15.0,1
3179.077,0.1910210095,15.0,1
3179.56,0.1908301682,15.0,1
3180.042,0.19091465870000002,15.0,1
3180.524,0.1909081959,15.0,1
3181.006,0.19086815000000001,15.0,1
3181.488,0.19072378780000002,15.0,1
3181.97,0.1909300447,15.0,1
3182.452,0.1908326934,15.0,1
3182.934,0.19070841479999998,15.0,1
3183.417,0.1906075113,15.0,1
3183.899,0.1907188837,15.0,1
3184.381,0.1904671604,15.0,1
3184.863,0.19064702870000003,15.0,1
3185.345,0.1902554949,15.0,1
3185.827,0.1904876489,15.0,1
3186.309,0.19038201489999998,15.0,1
3186.791,0.19046647790000001,15.0,1
3187.273,0.1903453698,15.0,1
3187.756,0.1902742453,15.0,1
3188.238,0.1902415659,15.0,1
3188.72,0.1903707147,15.0,1
3189.202,0.1902268669,15.0,1
3189.684,0.1904919815,15.0,1
3190.166,0.19020821089999998,15.0,1
3190.648,0.19028793319999998,15.0,1
3191.13,0.1901780861,15.0,1
3191.613,0.19020624819999998,15.0,1
3192.094,0.190170325,15.0,1
3192.577,0.1901209644,15.0,1
3193.059,0.1898770146,15.0,1
3193.541,0.18993564880000002,15.0,1
3194.023,0.189939739,15.0,1
3194.505,0.1899083078,15.0,1
3194.987,0.18985024979999998,15.0,1
3195.469,0.18988131689999999,15.0,1
3195.951,0.1898274965,15.0,1
3196.434,0.1897663779,15.0,1
3196.916,0.18973942619999998,15.0,1
3197.398,0.18989367470000001,15.0,1
3197.88,0.18971511230000002,15.0,1
3198.362,0.1894010489,15.0,1
3198.844,0.1896196187,15.0,1
3199.326,0.1895269883,15.0,1
3199.808,0.189659518,15.0,1
3200.291,0.1893461476,15.0,1
3200.773,0.1894595656,15.0,1
3201.255,0.18958452850000002,15.0,1
3201.737,0.1893822036,15.0,1
3202.219,0.1893521158,15.0,1
3202.701,0.18945652030000001,15.0,1
3203.183,0.1894519763,15.0,1
3203.665,0.1894002296,15.0,1
3204.147,0.18929594940000002,15.0,1
3204.63,0.18922087049999997,15.0,1
3205.112,0.1892434982,15.0,1
3205.594,0.18902408699999998,15.0,1
3206.076,0.1890519971,15.0,1
3206.558,0.1894671386,15.0,1
3207.04,0.1892161482,15.0,1
3207.522,0.18889473720000002,15.0,1
3208.004,0.18901728890000002,15.0,1
3208.487,0.1889846771,15.0,1
3208.969,0.1888094213,15.0,1
3209.451,0.18875735540000002,15.0,1
3209.933,0.1887474649,15.0,1
3210.415,0.18889197079999998,15.0,1
3210.897,0.1888402116,15.0,1
3211.379,0.18880772170000001,15.0,1
3211.861,0.18880077039999998,15.0,1
3212.344,0.18861828970000002,15.0,1
3212.826,0.18893811970000002,15.0,1
3213.308,0.188868492,15.0,1
3213.79,0.1887293412,15.0,1
3214.272,0.1886103654,15.0,1
3214.754,0.1887038153,15.0,1
3215.236,0.18867655970000002,15.0,1
3215.718,0.1887240104,15.0,1
3216.2,0.18862102449999998,15.0,1
3216.683,0.18869970219999999,15.0,1
3217.165,0.18853359749999998,15.0,1
3217.647,0.1884468412,15.0,1
3218.129,0.188565407,15.0,1
3218.611,0.18846793380000001,15.0,1
3219.093,0.188488515,15.0,1
3219.575,0.1886786504,15.0,1
3220.057,0.1884390641,15.0,1
3220.54,0.1884466923,15.0,1
3221.021,0.18856788810000003,15.0,1
3221.504,0.1884146407,15.0,1
3221.986,0.1884534585,15.0,1
3222.468,0.1882967601,15.0,1
3222.95,0.1881637975,15.0,1
3223.432,0.18819710180000002,15.0,1
3223.914,0.18818281779999999,15.0,1
3224.396,0.1881040958,15.0,1
3224.878,0.18815810079999998,15.0,1
3225.361,0.1882141141,15.0,1
3225.843,0.1883032458,15.0,1
3226.325,0.18806298040000002,15.0,1
3226.807,0.18819398469999998,15.0,1
3227.289,0.18829549320000002,15.0,1
3227.771,0.1881565464,15.0,1
3228.253,0.1881123234,15.0,1
3228.735,0.1881864641,15.0,1
3229.218,0.188014242,15.0,1
3229.7,0.18816155089999997,15.0,1
3230.182,0.18809298089999998,15.0,1
3230.664,0.1879984588,15.0,1
3231.146,0.18802491159999998,15.0,1
3231.628,0.18812793249999998,15.0,1
3232.11,0.18796740069999998,15.0,1
3232.592,0.18812070250000001,15.0,1
3233.074,0.1878249223,15.0,1
3233.557,0.1879863211,15.0,1
3234.039,0.1878829376,15.0,1
3234.521,0.1879479925,15.0,1
3235.003,0.18785561779999999,15.0,1
3235.485,0.18781278499999998,15.0,1
3235.967,0.18803082910000002,15.0,1
3236.449,0.18811454319999998,15.0,1
3236.931,0.18788508780000002,15.0,1
3237.414,0.1878827994,15.0,1
3237.896,0.1878219818,15.0,1
3238.378,0.1878905233,15.0,1
3238.86,0.1878218691,15.0,1
3239.342,0.187776146,15.0,1
3239.824,0.18794722530000002,15.0,1
3240.306,0.1877044237,15.0,1
3240.788,0.1877894298,15.0,1
3241.271,0.1878564017,15.0,1
3241.753,0.1880865537,15.0,1
3242.235,0.1879229831,15.0,1
3242.717,0.1880623865,15.0,1
3243.199,0.18803374739999998,15.0,1
3243.681,0.1878944421,15.0,1
3244.163,0.18814674069999998,15.0,1
3244.645,0.1881230665,15.0,1
3245.127,0.1880284485,15.0,1
3245.61,0.1880995063,15.0,1
3246.092,0.1880403592,15.0,1
3246.574,0.1882042155,15.0,1
3247.056,0.1880635,15.0,1
3247.538,0.1880160558,15.0,1
3248.02,0.18807843389999998,15.0,1
3248.502,0.18807287779999998,15.0,1
3248.984,0.18784070109999998,15.0,1
3249.467,0.18805418240000002,15.0,1
3249.948,0.18785855690000003,15.0,1
3250.431,0.1879609637,15.0,1
3250.913,0.1879316304,15.0,1
3251.395,0.1878671164,15.0,1
3251.877,0.1879456055,15.0,1
3252.359,0.1880517533,15.0,1
3252.841,0.1879149047,15.0,1
3253.323,0.1878820157,15.0,1
3253.805,0.1879847153,15.0,1
3254.288,0.1879512626,15.0,1
3254.77,0.1880837007,15.0,1
3255.252,0.1877936385,15.0,1
3255.734,0.1880137001,15.0,1
3256.216,0.1878381295,15.0,1
3256.698,0.1877191337,15.0,1
3257.18,0.1877840789,15.0,1
3257.662,0.18788744000000002,15.0,1
3258.145,0.1879190992,15.0,1
3258.627,0.18771187820000002,15.0,1
3259.109,0.18798994,15.0,1
3259.591,0.18778665719999998,15.0,1
3260.073,0.1879020862,15.0,1
3260.555,0.18794675019999998,15.0,1
3261.037,0.1879315664,15.0,1
3261.519,0.18798556130000002,15.0,1
3262.001,0.18806334230000002,15.0,1
3262.484,0.1882738192,15.0,1
3262.966,0.18812398179999998,15.0,1
3263.448,0.1879514108,15.0,1
3263.93,0.18797767790000003,15.0,1
3264.412,0.1879242989,15.0,1
3264.894,0.18824667430000003,15.0,1
3265.376,0.188091967,15.0,1
3265.858,0.1881859528,15.0,1
3266.341,0.1880017104,15.0,1
3266.823,0.1881645783,15.0,1
3267.305,0.18830214420000002,15.0,1
3267.787,0.1883079956,15.0,1
3268.269,0.1885252396,15.0,1
3268.751,0.1883728899,15.0,1
3269.233,0.18831700810000002,15.0,1
3269.715,0.1882330516,15.0,1
3270.198,0.1883944206,15.0,1
3270.68,0.1883079618,15.0,1
3271.162,0.1883475033,15.0,1
3271.644,0.18847688210000002,15.0,1
3272.126,0.1886125954,15.0,1
3272.608,0.1883292988,15.0,1
3273.09,0.1885295295,15.0,1
3273.572,0.18829446489999999,15.0,1
3274.054,0.18826358540000002,15.0,1
3274.537,0.1882111661,15.0,1
3275.019,0.1883129072,15.0,1
3275.501,0.1885566604,15.0,1
3275.983,0.18855251110000001,15.0,1
3276.465,0.18843396980000002,15.0,1
3276.947,0.1885862427,15.0,1
3277.429,0.1885989084,15.0,1
3277.911,0.1884621825,15.0,1
3278.394,0.18867421360000003,15.0,1
3278.875,0.1886811348,15.0,1
3279.358,0.18882743130000001,15.0,1
3279.84,0.1887304478,15.0,1
3280.322,0.1887458959,15.0,1
3280.804,0.1888460769,15.0,1
3281.286,0.1889060279,15.0,1
3281.768,0.1889393865,15.0,1
3282.25,0.18882541369999997,15.0,1
3282.732,0.18897080979999997,15.0,1
3283.215,0.18891941460000003,15.0,1
3283.697,0.1890100621,15.0,1
3284.179,0.1890934455,15.0,1
3284.661,0.18891970730000002,15.0,1
3285.143,0.1888468907,15.0,1
3285.625,0.1888893007,15.0,1
3286.107,0.1890387676,15.0,1
3286.589,0.1888385461,15.0,1
3287.072,0.18902277269999998,15.0,1
3287.554,0.1890558054,15.0,1
3288.036,0.188999874,15.0,1
3288.518,0.1889792325,15.0,1
3289.0,0.1890144988,15.0,1
3289.482,0.1890341778,15.0,1
3289.964,0.18923658759999998,15.0,1
3290.446,0.18917424749999998,15.0,1
3290.928,0.1891746281,15.0,1
3291.411,0.189179503,15.0,1
3291.893,0.1893935265,15.0,1
3292.375,0.1895576338,15.0,1
3292.857,0.18938818950000003,15.0,1
3293.339,0.1892388331,15.0,1
3293.821,0.1894158306,15.0,1
3294.303,0.1895331762,15.0,1
3294.785,0.18940538480000002,15.0,1
3295.268,0.1895739461,15.0,1
3295.75,0.1897972598,15.0,1
3296.232,0.18965965950000002,15.0,1
3296.714,0.1898591935,15.0,1
3297.196,0.1897587425,15.0,1
3297.678,0.1898045244,15.0,1
3298.16,0.1898607685,15.0,1
3298.642,0.18971614309999998,15.0,1
3299.125,0.1899098986,15.0,1
3299.607,0.18983876030000002,15.0,1
3300.089,0.1901481668,15.0,0
3300.571,0.18991900520000002,15.0,0
3301.053,0.1899036671,15.0,0
3301.535,0.19011022789999998,15.0,0
3302.017,0.1902323103,15.0,0
3302.499,0.19032638200000002,15.0,0
3302.981,0.19024395189999999,15.0,0
3303.464,0.1905554809,15.0,0
3303.946,0.1902998739,15.0,0
3304.428,0.1905055822,15.0,0
3304.91,0.19044034580000002,15.0,0
3305.392,0.19049009420000002,15.0,0
3305.874,0.1904311864,15.0,0
3306.356,0.19057099300000002,15.0,0
3306.838,0.1906016484,15.0,0
3307.321,0.1905056369,15.0,0
3307.802,0.19078704940000002,15.0,0
3308.285,0.19042955030000003,15.0,0
3308.767,0.19064808370000003,15.0,0
3309.249,0.190508168,15.0,0
3309.731,0.1906465429,15.0,0
3310.213,0.19069510860000002,15.0,0
3310.695,0.1906055035,15.0,0
3311.177,0.19064125910000002,15.0,0
3311.659,0.19073412229999998,15.0,0
3312.142,0.1908685512,15.0,0
3312.624,0.19067290650000002,15.0,0
3313.106,0.1910169608,15.0,0
3313.588,0.1910555088,15.0,0
3314.07,0.1910105136,15.0,0
3314.552,0.19105229340000002,15.0,0
3315.034,0.1910619201,15.0,0
3315.516,0.1913147948,15.0,0
3315.999,0.1911776318,15.0,0
3316.481,0.1911590263,15.0,0
3316.963,0.1912496561,15.0,0
3317.445,0.1913584628,15.0,0
3317.927,0.1913837211,15.0,0
3318.409,0.1914087394,15.0,0
3318.891,0.1913261408,15.0,0
3319.373,0.19151940969999998,15.0,0
3319.855,0.1914708078,15.0,0
3320.338,0.1916584117,15.0,0
3320.82,0.19156071759999999,15.0,0
3321.302,0.1915905658,15.0,0
3321.784,0.19174903319999997,15.0,0
3322.266,0.19179692880000002,15.0,0
3322.748,0.1916469666,15.0,0
3323.23,0.19201458250000003,15.0,0
3323.712,0.1919421385,15.0,0
3324.195,0.1921487917,15.0,0
3324.677,0.19186877970000002,15.0,0
3325.159,0.19193163770000002,15.0,0
3325.641,0.1921644061,15.0,0
3326.123,0.1920562281,15.0,0
3326.605,0.19200621680000002,15.0,0
3327.087,0.1922171465,15.0,0
3327.569,0.1922723348,15.0,0
3328.052,0.1920571924,15.0,0
3328.534,0.1920587076,15.0,0
3329.016,0.1921201477,15.0,0
3329.498,0.1919469263,15.0,0
3329.98,0.1920188151,15.0,0
3330.462,0.19217206480000001,15.0,0
3330.944,0.1921909513,15.0,0
3331.426,0.1923062005,15.0,0
3331.908,0.19220990740000002,15.0,0
3332.391,0.19221604809999998,15.0,0
3332.873,0.1922506473,15.0,0
3333.355,0.1922847603,15.0,0
3333.837,0.19228182570000002,15.0,0
3334.319,0.1926717342,15.0,0
3334.801,0.1923884602,15.0,0
3335.283,0.192480113,15.0,0
3335.765,0.1924937555,15.0,0
3336.248,0.1927214102,15.0,0
3336.729,0.19272080190000002,15.0,0
3337.212,0.19262571560000002,15.0,0
3337.694,0.1929274449,15.0,0
3338.176,0.1926986176,15.0,0
3338.658,0.19264154420000001,15.0,0
3339.14,0.19267561279999998,15.0,0
3339.622,0.19303162780000002,15.0,0
3340.104,0.1928760725,15.0,0
3340.586,0.19277507230000002,15.0,0
3341.069,0.1927443941,15.0,0
3341.551,0.19303033500000003,15.0,0
3342.033,0.19307775,15.0,0
3342.515,0.19327563730000002,15.0,0
3342.997,0.19318620030000003,15.0,0
3343.479,0.1931115959,15.0,0
3343.961,0.1932891253,15.0,0
3344.443,0.1933857082,15.0,0
3344.926,0.1931366941,15.0,0
3345.408,0.19338256139999999,15.0,0
3345.89,0.1934003102,15.0,0
3346.372,0.1933490189,15.0,0
3346.854,0.193445323,15.0,0
3347.336,0.1934596573,15.0,0
3347.818,0.19344828660000002,15.0,0
3348.3,0.1934682599,15.0,0
3348.782,0.1934891326,15.0,0
3349.265,0.1935236759,15.0,0
3349.747,0.19350423490000002,15.0,0
3350.229,0.1931979059,15.0,0
3350.711,0.1935890908,15.0,0
3351.193,0.1935564404,15.0,0
3351.675,0.1935489278,15.0,0
3352.157,0.1934356082,15.0,0
3352.639,0.1936172453,15.0,0
3353.122,0.19357295730000001,15.0,0
3353.604,0.1935803993,15.0,0
3354.086,0.193440826,15.0,0
3354.568,0.1935752142,15.0,0
3355.05,0.19355099469999998,15.0,0
3355.532,0.1935324641,15.0,0
3356.014,0.19352059100000002,15.0,0
3356.496,0.1934638355,15.0,0
3356.979,0.19354787240000002,15.0,0
3357.461,0.1936882237,15.0,0
3357.943,0.1935185005,15.0,0
3358.425,0.19349742890000002,15.0,0
3358.907,0.1933877086,15.0,0
3359.389,0.193618038,15.0,0
3359.871,0.19360464449999998,15.0,0
3360.353,0.1935806702,15.0,0
3360.835,0.1938435971,15.0,0
3361.318,0.1937630192,15.0,0
3361.8,0.1936226729,15.0,0
3362.282,0.1938431887,15.0,0
3362.764,0.1938169146,15.0,0
3363.246,0.19367157259999998,15.0,0
3363.728,0.1937507046,15.0,0
3364.21,0.1935939521,15.0,0
3364.692,0.1938917832,15.0,0
3365.174,0.1941186015,15.0,0
3365.656,0.1940370059,15.0,0
3366.139,0.1939866674,15.0,0
3366.621,0.19397809680000003,15.0,0
3367.103,0.1938079543,15.0,0
3367.585,0.1940472328,15.0,0
3368.067,0.19412203900000002,15.0,0
3368.549,0.19406564629999998,15.0,0
3369.031,0.19392578319999998,15.0,0
3369.513,0.19421493439999998,15.0,0
3369.996,0.19412857679999998,15.0,0
3370.478,0.19407361609999998,15.0,0
3370.96,0.1941438785,15.0,0
3371.442,0.1942567609,15.0,0
3371.924,0.1945202061,15.0,0
3372.406,0.1940964225,15.0,0
3372.888,0.1942314649,15.0,0
3373.37,0.194245806,15.0,0
3373.853,0.1941271906,15.0,0
3374.335,0.194140661,15.0,0
3374.817,0.1942223509,15.0,0
3375.299,0.19419919360000001,15.0,0
3375.781,0.19438270719999998,15.0,0
3376.263,0.1942613358,15.0,0
3376.745,0.1941653504,15.0,0
3377.227,0.19413306190000001,15.0,0
3377.709,0.1942584699,15.0,0
3378.192,0.1941320701,15.0,0
3378.674,0.19418213990000002,15.0,0
3379.156,0.194206235,15.0,0
3379.638,0.19427769649999999,15.0,0
3380.12,0.19440533129999998,15.0,0
3380.602,0.1941493547,15.0,0
3381.084,0.1940775632,15.0,0
3381.566,0.1942875723,15.0,0
3382.049,0.1941801948,15.0,0
3382.531,0.19437525919999998,15.0,0
3383.013,0.1942678326,15.0,0
3383.495,0.1941991679,15.0,0
3383.977,0.1941606514,15.0,0
3384.459,0.1940312264,15.0,0
3384.941,0.1940318961,15.0,0
3385.423,0.19420663059999999,15.0,0
3385.906,0.1940128851,15.0,0
3386.387,0.19400630970000002,15.0,0
3386.87,0.1939577998,15.0,0
3387.352,0.19405602859999999,15.0,0
3387.834,0.1939615999,15.0,0
3388.316,0.1938767965,15.0,0
3388.798,0.19390840050000002,15.0,0
3389.28,0.1940895363,15.0,0
3389.762,0.193935437,15.0,0
3390.244,0.19380898330000002,15.0,0
3390.727,0.1940481326,15.0,0
3391.209,0.193913738,15.0,0
3391.691,0.1940608271,15.0,0
3392.173,0.1940006165,15.0,0
3392.655,0.1941312395,15.0,0
3393.137,0.1940264144,15.0,0
3393.619,0.1940160409,15.0,0
3394.101,0.1940336257,15.0,0
3394.583,0.1938362981,15.0,0
3395.066,0.19410268760000002,15.0,0
3395.548,0.1941594833,15.0,0
3396.03,0.193968229,15.0,0
3396.512,0.19387571,15.0,0
3396.994,0.1938140848,15.0,0
3397.476,0.193885529,15.0,0
3397.958,0.1940572786,15.0,0
3398.44,0.19387328,15.0,0
3398.923,0.1938358894,15.0,0
3399.405,0.193992365,15.0,0
3399.887,0.193961511,15.0,0
3400.369,0.193797732,15.0,0
3400.851,0.193876475,15.0,0
3401.333,0.19384646020000001,15.0,0
3401.815,0.19380192340000002,15.0,0
3402.297,0.19368892599999998,15.0,0
3402.78,0.19373386039999999,15.0,0
3403.262,0.1937184804,15.0,0
3403.744,0.1937383134,15.0,0
3404.226,0.19379252789999998,15.0,0
3404.708,0.1935968445,15.0,0
3405.19,0.1936137433,15.0,0
3405.672,0.1933824188,15.0,0
3406.154,0.193321514,15.0,0
3406.636,0.1935831662,15.0,0
3407.119,0.1933030351,15.0,0
3407.601,0.1934298135,15.0,0
3408.083,0.19340347160000002,15.0,0
3408.565,0.1932579278,15.0,0
3409.047,0.1932947482,15.0,0
3409.529,0.1933949077,15.0,0
3410.011,0.193305073,15.0,0
3410.493,0.19327012899999998,15.0,0
3410.976,0.1934736363,15.0,0
3411.458,0.19337522029999998,15.0,0
3411.94,0.193241246,15.0,0
3412.422,0.1933906467,15.0,0
3412.904,0.1934424236,15.0,0
3413.386,0.19346926060000003,15.0,0
3413.868,0.1934613964,15.0,0
3414.35,0.1934498336,15.0,0
3414.833,0.1933283259,15.0,0
3415.314,0.1933600131,15.0,0
3415.797,0.19340039269999998,15.0,0
3416.279,0.19353601269999998,15.0,0
3416.761,0.19337657090000002,15.0,0
3417.243,0.19327323400000002,15.0,0
3417.725,0.1935170059,15.0,0
3418.207,0.1932604584,15.0,0
3418.689,0.1932939786,15.0,0
3419.171,0.19332084160000002,15.0,0
3419.654,0.1931803602,15.0,0
3420.136,0.1931059999,15.0,0
3420.618,0.19362523280000002,15.0,0
3421.1,0.1930114785,15.0,0
3421.582,0.19321063680000003,15.0,0
3422.064,0.192986931,15.0,0
3422.546,0.1931402662,15.0,0
3423.028,0.1930080558,15.0,0
3423.51,0.19292604759999998,15.0,0
3423.993,0.1927812862,15.0,0
3424.475,0.19292766230000002,15.0,0
3424.957,0.1930492895,15.0,0
3425.439,0.19296179970000002,15.0,0
3425.921,0.1929784547,15.0,0
3426.403,0.19301186080000002,15.0,0
3426.885,0.19290671,15.0,0
3427.367,0.1928039722,15.0,0
3427.85,0.19288424119999997,15.0,0
3428.332,0.1928876037,15.0,0
3428.814,0.1929044475,15.0,0
3429.296,0.19288436090000002,15.0,0
3429.778,0.1926500613,15.0,0
3430.26,0.192732224,15.0,0
3430.742,0.1926772824,15.0,0
3431.224,0.1925299317,15.0,0
3431.707,0.1925620777,15.0,0
3432.189,0.19239343130000003,15.0,0
3432.671,0.1924109569,15.0,0
3433.153,0.19223235819999998,15.0,0
3433.635,0.1922563937,15.0,0
3434.117,0.1921664721,15.0,0
3434.599,0.19225681990000001,15.0,0
3435.081,0.19237360750000002,15.0,0
3435.563,0.1922388737,15.0,0
3436.046,0.1920490281,15.0,0
3436.528,0.19229816970000002,15.0,0
3437.01,0.19219902590000001,15.0,0
3437.492,0.1923769054,15.0,0
3437.974,0.19227657010000002,15.0,0
3438.456,0.1921185973,15.0,0
3438.938,0.1921766903,15.0,0
3439.42,0.1922678926,15.0,0
3439.903,0.19232727870000002,15.0,0
3440.385,0.1922847821,15.0,0
3440.867,0.19226725009999998,15.0,0
3441.349,0.1923412582,15.0,0
3441.831,0.1922732714,15.0,0
3442.313,0.19219110529999997,15.0,0
3442.795,0.19216630720000002,15.0,0
3443.277,0.1924025391,15.0,0
3443.76,0.1921774199,15.0,0
3444.241,0.1922420462,15.0,0
3444.724,0.19220592150000002,15.0,0
3445.206,0.1921904765,15.0,0
3445.688,0.1919921463,15.0,0
3446.17,0.192026157,15.0,0
3446.652,0.19194236879999999,15.0,0
3447.134,0.19189832880000002,15.0,0
3447.616,0.19189211879999998,15.0,0
3448.098,0.1916733068,15.0,0
3448.581,0.1916225,15.0,0
3449.063,0.19142048930000002,15.0,0
3449.545,0.19150731610000002,15.0,0
3450.027,0.1915995608,15.0,0
3450.509,0.19165067289999999,15.0,0
3450.991,0.1915636274,15.0,0
3451.473,0.19133408670000002,15.0,0
3451.955,0.1913416231,15.0,0
3452.438,0.1911517615,15.0,0
3452.92,0.19135033629999998,15.0,0
3453.402,0.1913216241,15.0,0
3453.884,0.1912917736,15.0,0
3454.366,0.1911433124,15.0,0
3454.848,0.1911460225,15.0,0
3455.33,0.19107358470000002,15.0,0
3455.812,0.191037805,15.0,0
3456.294,0.19096795230000002,15.0,0
3456.777,0.1910846918,15.0,0
3457.259,0.1910171355,15.0,0
3457.741,0.1909676542,15.0,0
3458.223,0.1910150763,15.0,0
3458.705,0.1908179272,15.0,0
3459.187,0.19114641899999998,15.0,0
3459.669,0.1909830114,15.0,0
3460.151,0.1911374167,15.0,0
3460.634,0.1912084178,15.0,0
3461.116,0.1907826199,15.0,0
3461.598,0.1909614469,15.0,0
3462.08,0.19089706620000002,15.0,0
3462.562,0.1908236005,15.0,0
3463.044,0.1911863029,15.0,0
3463.526,0.1910304481,15.0,0
3464.008,0.190959885,15.0,0
3464.49,0.1909333607,15.0,0
3464.973,0.19083157950000001,15.0,0
3465.455,0.1909702683,15.0,0
3465.937,0.191019878,15.0,0
3466.419,0.1909086033,15.0,0
3466.901,0.190736989,15.0,0
3467.383,0.1907464308,15.0,0
3467.865,0.190723222,15.0,0
3468.347,0.190638848,15.0,0
3468.83,0.1905995878,15.0,0
3469.312,0.19062381769999998,15.0,0
3469.794,0.19051743210000002,15.0,0
3470.276,0.19059999479999998,15.0,0
3470.758,0.19048795699999999,15.0,0
3471.24,0.190558207,15.0,0
3471.722,0.1905891288,15.0,0
3472.204,0.190590144,15.0,0
3472.687,0.1904631706,15.0,0
3473.168,0.1904241469,15.0,0
3473.651,0.190405521,15.0,0
3474.133,0.1905374833,15.0,0
3474.615,0.1905535226,15.0,0
3475.097,0.1904554182,15.0,0
3475.579,0.190531057,15.0,0
3476.061,0.1905353074,15.0,0
3476.543,0.19042282400000002,15.0,0
3477.025,0.1903358244,15.0,0
3477.508,0.1902339145,15.0,0
3477.99,0.1902933608,15.0,0
3478.472,0.1902534739,15.0,0
3478.954,0.19041816860000002,15.0,0
3479.436,0.19051542489999998,15.0,0
3479.918,0.1902935571,15.0,0
3480.4,0.1903144876,15.0,0
3480.882,0.19013844679999997,15.0,0
3481.365,0.190203685,15.0,0
3481.847,0.1901502693,15.0,0
3482.329,0.19035254869999998,15.0,0
3482.811,0.1901484416,15.0,0
3483.293,0.19017525500000002,15.0,0
3483.775,0.1899823234,15.0,0
3484.257,0.1901478286,15.0,0
3484.739,0.1902255904,15.0,0
3485.221,0.19009742110000002,15.0,0
3485.704,0.1901955263,15.0,0
3486.186,0.1900755391,15.0,0
3486.668,0.19022266429999998,15.0,0
3487.15,0.18988766380000002,15.0,0
3487.632,0.1899931187,15.0,0
3488.114,0.18990508760000002,15.0,0
3488.596,0.189747941,15.0,0
3489.078,0.18987679159999998,15.0,0
3489.561,0.1898017578,15.0,0
3490.043,0.1898896354,15.0,0
3490.525,0.1898060479,15.0,0
3491.007,0.18989123719999998,15.0,0
3491.489,0.18986610240000001,15.0,0
3491.971,0.1896636746,15.0,0
3492.453,0.1899031772,15.0,0
3492.935,0.1898706116,15.0,0
3493.417,0.18991853920000001,15.0,0
3493.9,0.1900105263,15.0,0
3494.382,0.18992920649999998,15.0,0
3494.864,0.18989779169999998,15.0,0
3495.346,0.1898430999,15.0,0
3495.828,0.19007136800000002,15.0,0
3496.31,0.1900458707,15.0,0
3496.792,0.18977708289999998,15.0,0
3497.274,0.1898808011,15.0,0
3497.757,0.1898543627,15.0,0
3498.239,0.1897694088,15.0,0
3498.721,0.1899908602,15.0,0
3499.203,0.1900052002,15.0,0
3499.685,0.19010610549999998,15.0,0
3500.167,0.1901239456,15.0,0
3500.649,0.1898094698,15.0,0
3501.131,0.1903044311,15.0,0
3501.614,0.19011468539999998,15.0,0
3502.095,0.1903634969,15.0,0
3502.578,0.1903299912,15.0,0
3503.06,0.19028455730000002,15.0,0
3503.542,0.1902873644,15.0,0
3504.024,0.19021872439999998,15.0,0
3504.506,0.1900872288,15.0,0
3504.988,0.1902420652,15.0,0
3505.47,0.190066664,15.0,0
3505.952,0.19014975029999998,15.0,0
3506.435,0.19009062499999999,15.0,0
3506.917,0.18997931210000002,15.0,0
3507.399,0.1901039056,15.0,0
3507.881,0.19004442000000002,15.0,0
3508.363,0.19001142680000002,15.0,0
3508.845,0.19006351330000001,15.0,0
3509.327,0.19004606729999998,15.0,0
3509.809,0.1897562789,15.0,0
3510.292,0.18993312499999998,15.0,0
3510.774,0.1899262577,15.0,0
3511.256,0.189853836,15.0,0
3511.738,0.1899216774,15.0,0
3512.22,0.18993669359999998,15.0,0
3512.702,0.1898355343,15.0,0
3513.184,0.18978998319999998,15.0,0
3513.666,0.19002453379999998,15.0,0
3514.148,0.1898164497,15.0,0
3514.631,0.19001903639999998,15.0,0
3515.113,0.1899708586,15.0,0
3515.595,0.18996118920000002,15.0,0
3516.077,0.1902837942,15.0,0
3516.559,0.1900638424,15.0,0
3517.041,0.19036176659999998,15.0,0
3517.523,0.1904564591,15.0,0
3518.005,0.19035072799999997,15.0,0
3518.488,0.1904203412,15.0,0
3518.97,0.1903743244,15.0,0
3519.452,0.19059581139999998,15.0,0
3519.934,0.1904536372,15.0,0
3520.416,0.19061268580000001,15.0,0
3520.898,0.1903717518,15.0,0
3521.38,0.1906356963,15.0,0
3521.862,0.190771478,15.0,0
3522.344,0.19064724170000003,15.0,0
3522.827,0.1907331138,15.0,0
3523.309,0.1906569018,15.0,0
3523.791,0.1903772359,15.0,0
3524.273,0.1906903436,15.0,0
3524.755,0.1907002116,15.0,0
3525.237,0.1908094209,15.0,0
3525.719,0.1905928925,15.0,0
3526.201,0.19065335560000002,15.0,0
3526.684,0.19068101569999998,15.0,0
3527.166,0.1906403908,15.0,0
3527.648,0.1905205879,15.0,0
3528.13,0.19057520879999998,15.0,0
3528.612,0.19042452529999998,15.0,0
3529.094,0.19048922359999998,15.0,0
3529.576,0.1905113411,15.0,0
3530.058,0.1905296955,15.0,0
3530.541,0.19054058650000003,15.0,0
3531.022,0.1904907254,15.0,0
3531.505,0.19049576210000002,15.0,0
3531.987,0.1905162366,15.0,0
3532.469,0.19049213559999997,15.0,0
3532.951,0.1906779684,15.0,0
3533.433,0.19055679250000002,15.0,0
3533.915,0.1906552932,15.0,0
3534.397,0.1907959928,15.0,0
3534.879,0.1908144537,15.0,0
3535.362,0.1908440506,15.0,0
3535.844,0.19067078899999998,15.0,0
3536.326,0.1911709983,15.0,0
3536.808,0.19116426520000002,15.0,0
3537.29,0.19093859510000002,15.0,0
3537.772,0.19099254729999998,15.0,0
3538.254,0.1909677068,15.0,0
3538.736,0.1910839047,15.0,0
3539.219,0.191098207,15.0,0
3539.701,0.1909383303,15.0,0
3540.183,0.1910715934,15.0,0
3540.665,0.1909884091,15.0,0
3541.147,0.19100576619999998,15.0,0
3541.629,0.1909891812,15.0,0
3542.111,0.1909527834,15.0,0
3542.593,0.1909977185,15.0,0
3543.075,0.1910932163,15.0,0
3543.558,0.1912721392,15.0,0
3544.04,0.1910458582,15.0,0
3544.522,0.19116891219999999,15.0,0
3545.004,0.1912043319,15.0,0
3545.486,0.1912716586,15.0,0
3545.968,0.1910541402,15.0,0
3546.45,0.191298246,15.0,0
3546.932,0.19110665470000002,15.0,0
3547.415,0.191276575,15.0,0
3547.897,0.19157520760000002,15.0,0
3548.379,0.1915019073,15.0,0
3548.861,0.1915145331,15.0,0
3549.343,0.19148023649999998,15.0,0
3549.825,0.19183429149999998,15.0,0
3550.307,0.1917261374,15.0,0
3550.789,0.1918218464,15.0,0
3551.271,0.19168069370000002,15.0,0
3551.754,0.1916801469,15.0,0
3552.236,0.19174862310000002,15.0,0
3552.718,0.1916568746,15.0,0
3553.2,0.1917853907,15.0,0
3553.682,0.1917296965,15.0,0
3554.164,0.19180619459999998,15.0,0
3554.646,0.19173792209999999,15.0,0
3555.128,0.191860492,15.0,0
3555.611,0.1918489461,15.0,0
3556.093,0.19186194180000002,15.0,0
3556.575,0.1917189851,15.0,0
3557.057,0.1918818128,15.0,0
3557.539,0.1921419036,15.0,0
3558.021,0.191896476,15.0,0
3558.503,0.1921005057,15.0,0
3558.985,0.1919585304,15.0,0
3559.468,0.1922758462,15.0,0
3559.949,0.1921231139,15.0,0
3560.432,0.1922348771,15.0,0
3560.914,0.1924702872,15.0,0
3561.396,0.1921706966,15.0,0
3561.878,0.1925105084,15.0,0
3562.36,0.1923310444,15.0,0
3562.842,0.19245343139999999,15.0,0
3563.324,0.192743076,15.0,0
3563.806,0.19263535269999998,15.0,0
3564.289,0.19264192470000002,15.0,0
3564.771,0.19302783229999998,15.0,0
3565.253,0.1930069812,15.0,0
3565.735,0.19307601630000001,15.0,0
3566.217,0.19336132339999998,15.0,0
3566.699,0.1931477992,15.0,0
3567.181,0.19302831850000002,15.0,0
3567.663,0.1932225806,15.0,0
3568.146,0.1929595638,15.0,0
3568.628,0.1931721314,15.0,0
3569.11,0.192886935,15.0,0
3569.592,0.19306375320000002,15.0,0
3570.074,0.19298371620000002,15.0,0
3570.556,0.19295423069999998,15.0,0
3571.038,0.19294204830000003,15.0,0
3571.52,0.19305596649999998,15.0,0
3572.002,0.19284245030000002,15.0,0
3572.485,0.19309966339999998,15.0,0
3572.967,0.1931991227,15.0,0
3573.449,0.19300668989999997,15.0,0
3573.931,0.19316112870000002,15.0,0
3574.413,0.1932412295,15.0,0
3574.895,0.193112375,15.0,0
3575.377,0.19315219379999998,15.0,0
3575.859,0.1929368243,15.0,0
3576.342,0.1930583687,15.0,0
3576.824,0.1932304409,15.0,0
3577.306,0.1931324073,15.0,0
3577.788,0.1931088342,15.0,0
3578.27,0.19323982869999998,15.0,0
3578.752,0.1930487992,15.0,0
3579.234,0.1930070612,15.0,0
3579.716,0.193160471,15.0,0
3580.198,0.1933223178,15.0,0
3580.681,0.1933311015,15.0,0
3581.163,0.1935124451,15.0,0
3581.645,0.1931873993,15.0,0
3582.127,0.19350963929999998,15.0,0
3582.609,0.1934907044,15.0,0
3583.091,0.1934845242,15.0,0
3583.573,0.1938466928,15.0,0
3584.055,0.1936388994,15.0,0
3584.538,0.1936612679,15.0,0
3585.02,0.19370971210000001,15.0,0
3585.502,0.19370845479999999,15.0,0
3585.984,0.1937894443,15.0,0
3586.466,0.1936780108,15.0,0
3586.948,0.19383443830000002,15.0,0
3587.43,0.193710785,15.0,0
3587.912,0.1937798042,15.0,0
3588.395,0.1935846982,15.0,0
3588.876,0.1937260417,15.0,0
3589.359,0.19376709420000002,15.0,0
3589.841,0.193942781,15.0,0
3590.323,0.19409481039999998,15.0,0
3590.805,0.1940523831,15.0,0
3591.287,0.1943868565,15.0,0
3591.769,0.1942793953,15.0,0
3592.251,0.19454570029999999,15.0,0
3592.733,0.19435608850000002,15.0,0
3593.216,0.19433839349999998,15.0,0
3593.698,0.1946681302,15.0,0
3594.18,0.1944986826,15.0,0
3594.662,0.1944729418,15.0,0
3595.144,0.1944070404,15.0,0
3595.626,0.19448811849999997,15.0,0
3596.108,0.1944467472,15.0,0
3596.59,0.1944005394,15.0,0
3597.073,0.19456666890000002,15.0,0
3597.555,0.1944285426,15.0,0
3598.037,0.1946062367,15.0,0
3598.519,0.19445900389999998,15.0,0
3599.001,0.19453459290000003,15.0,0
3599.483,0.19445007230000003,15.0,0
3599.965,0.1943642501,15.0,0
3600.447,0.194593487,15.0,0
3600.929,0.1947595465,15.0,0
3601.412,0.1945112254,15.0,0
3601.894,0.1946831537,15.0,0
3602.376,0.1945737133,15.0,0
3602.858,0.1946503407,15.0,0
3603.34,0.1947580456,15.0,0
3603.822,0.1947274498,15.0,0
3604.304,0.194924972,15.0,0
3604.786,0.19469046580000002,15.0,0
3605.269,0.194848775,15.0,0
3605.751,0.1949312368,15.0,0
3606.233,0.1947493828,15.0,0
3606.715,0.1949963375,15.0,0
3607.197,0.19483224329999999,15.0,0
3607.679,0.1951247105,15.0,0
3608.161,0.19492797580000001,15.0,0
3608.643,0.1952416062,15.0,0
3609.125,0.1953482352,15.0,0
3609.608,0.19537642389999998,15.0,0
3610.09,0.19539745669999997,15.0,0
3610.572,0.1957195192,15.0,0
3611.054,0.19585640470000001,15.0,0
3611.536,0.19572066800000001,15.0,0
3612.018,0.1960086226,15.0,0
3612.5,0.19585522749999998,15.0,0
3612.982,0.1961496997,15.0,0
3613.465,0.1960312265,15.0,0
3613.947,0.19591093359999998,15.0,0
3614.429,0.19582548249999998,15.0,0
3614.911,0.1957662617,15.0,0
3615.393,0.19588293180000002,15.0,0
3615.875,0.1959260592,15.0,0
3616.357,0.1956249898,15.0,0
3616.839,0.1955835208,15.0,0
3617.322,0.1954033401,15.0,0
3617.803,0.19534621900000002,15.0,0
3618.286,0.1952710741,15.0,0
3618.768,0.1952499528,15.0,0
3619.25,0.1951324034,15.0,0
3619.732,0.1951994604,15.0,0
3620.214,0.1951093058,15.0,0
3620.696,0.1949161337,15.0,0
3621.178,0.1949433155,15.0,0
3621.66,0.19496714959999997,15.0,0
3622.143,0.19511327109999999,15.0,0
3622.625,0.19493535569999998,15.0,0
3623.107,0.1951056216,15.0,0
3623.589,0.1949795493,15.0,0
3624.071,0.19506881639999998,15.0,0
3624.553,0.1950962488,15.0,0
3625.035,0.19510849749999998,15.0,0
3625.517,0.1951604842,15.0,0
3626.0,0.19502445470000002,15.0,0
3626.482,0.1948808507,15.0,0
3626.964,0.19503249539999998,15.0,0
3627.446,0.1948477896,15.0,0
3627.928,0.19477802319999998,15.0,0
3628.41,0.19467080979999998,15.0,0
3628.892,0.1946832193,15.0,0
3629.374,0.194530447,15.0,0
3629.856,0.19461412379999998,15.0,0
3630.339,0.1946609743,15.0,0
3630.821,0.1947524498,15.0,0
3631.303,0.19469926180000002,15.0,0
3631.785,0.19496836129999998,15.0,0
3632.267,0.19503437859999997,15.0,0
3632.749,0.1951867466,15.0,0
3633.231,0.1949977633,15.0,0
3633.713,0.1952500515,15.0,0
3634.196,0.19513912749999998,15.0,0
3634.678,0.1951106829,15.0,0
3635.16,0.19538480539999997,15.0,0
3635.642,0.1954123658,15.0,0
3636.124,0.1954542604,15.0,0
3636.606,0.1954413294,15.0,0
3637.088,0.1955506167,15.0,0
3637.57,0.1954138954,15.0,0
3638.052,0.19539045640000002,15.0,0
3638.535,0.19563813880000003,15.0,0
3639.017,0.1956256317,15.0,0
3639.499,0.19576299689999999,15.0,0
3639.981,0.19581766280000001,15.0,0
3640.463,0.196103742,15.0,0
3640.945,0.1958946898,15.0,0
3641.427,0.1961717329,15.0,0
3641.909,0.1960814181,15.0,0
3642.392,0.19620319009999998,15.0,0
3642.874,0.1962239287,15.0,0
3643.356,0.19642417210000002,15.0,0
3643.838,0.19647741289999998,15.0,0
3644.32,0.1966705147,15.0,0
3644.802,0.19675417679999999,15.0,0
3645.284,0.19682371669999998,15.0,0
3645.766,0.19704711679999998,15.0,0
3646.249,0.1971793748,15.0,0
3646.73,0.19738164139999997,15.0,0
3647.213,0.19742005120000003,15.0,0
3647.695,0.1974099801,15.0,0
3648.177,0.1971187477,15.0,0
3648.659,0.1966575972,15.0,0
3649.141,0.1965991563,15.0,0
3649.623,0.1960496222,15.0,0
3650.105,0.19579818159999998,15.0,0
3650.587,0.1956357145,15.0,0
3651.07,0.1954243625,15.0,0
3651.552,0.19546000249999998,15.0,0
3652.034,0.19555290209999998,15.0,0
3652.516,0.1957250961,15.0,0
3652.998,0.1958493073,15.0,0
3653.48,0.19558981490000002,15.0,0
3653.962,0.1958242473,15.0,0
3654.444,0.1956782773,15.0,0
3654.927,0.1958146304,15.0,0
3655.409,0.195793611,15.0,0
3655.891,0.19559146949999998,15.0,0
3656.373,0.19553626820000003,15.0,0
3656.855,0.1955626552,15.0,0
3657.337,0.1956722725,15.0,0
3657.819,0.195386244,15.0,0
3658.301,0.19549620180000002,15.0,0
3658.783,0.19544696900000003,15.0,0
3659.266,0.19539421910000002,15.0,0
3659.748,0.1953966542,15.0,0
3660.23,0.19531153150000002,15.0,0
3660.712,0.195244837,15.0,0
3661.194,0.1952917105,15.0,0
3661.676,0.195518089,15.0,0
3662.158,0.195291891,15.0,0
3662.64,0.1950894583,15.0,0
3663.123,0.19527051839999998,15.0,0
3663.605,0.1952805344,15.0,0
3664.087,0.19517515259999998,15.0,0
3664.569,0.1951077763,15.0,0
3665.051,0.1951357563,15.0,0
3665.533,0.19516281719999998,15.0,0
3666.015,0.1949915136,15.0,0
3666.497,0.19514411939999998,15.0,0
3666.979,0.1950179943,15.0,0
3667.462,0.1952827164,15.0,0
3667.944,0.19521059189999998,15.0,0
3668.426,0.1952086984,15.0,0
3668.908,0.1951642237,15.0,0
3669.39,0.1954160097,15.0,0
3669.872,0.19532733400000002,15.0,0
3670.354,0.19542890629999998,15.0,0
3670.836,0.1954127052,15.0,0
3671.319,0.1955275964,15.0,0
3671.801,0.1956927736,15.0,0
3672.283,0.1956894063,15.0,0
3672.765,0.1958427512,15.0,0
3673.247,0.1959412828,15.0,0
3673.729,0.1959643113,15.0,0
3674.211,0.19596012999999998,15.0,0
3674.693,0.19607473320000002,15.0,0
3675.176,0.1957185921,15.0,0
3675.657,0.19550553959999997,15.0,0
3676.14,0.1953581042,15.0,0
3676.622,0.19509320060000002,15.0,0
3677.104,0.19509424200000003,15.0,0
3677.586,0.1949192071,15.0,0
3678.068,0.1949227095,15.0,0
3678.55,0.1948730569,15.0,0
3679.032,0.19468227429999999,15.0,0
3679.514,0.1948802602,15.0,0
3679.997,0.1946571006,15.0,0
3680.479,0.194590819,15.0,0
3680.961,0.19451786670000001,15.0,0
3681.443,0.19473251319999998,15.0,0
3681.925,0.1944019253,15.0,0
3682.407,0.1943974908,15.0,0
3682.889,0.19416611809999998,15.0,0
3683.371,0.19441841669999999,15.0,0
3683.854,0.19408302979999997,15.0,0
3684.336,0.1942722332,15.0,0
3684.818,0.1940086732,15.0,0
3685.3,0.1941434279,15.0,0
3685.782,0.1942369974,15.0,0
3686.264,0.1940035487,15.0,0
3686.746,0.1942442402,15.0,0
3687.228,0.19424293469999998,15.0,0
3687.71,0.19442516999999998,15.0,0
3688.193,0.1943664982,15.0,0
3688.675,0.1942878356,15.0,0
3689.157,0.19427718049999998,15.0,0
3689.639,0.1943075898,15.0,0
3690.121,0.1941824479,15.0,0
3690.603,0.1943196047,15.0,0
3691.085,0.1939835174,15.0,0
3691.567,0.1940858317,15.0,0
3692.05,0.193958789,15.0,0
3692.532,0.1938343762,15.0,0
3693.014,0.1939047469,15.0,0
3693.496,0.19387154120000002,15.0,0
3693.978,0.19377630759999998,15.0,0
3694.46,0.19385255359999998,15.0,0
3694.942,0.19366150480000002,15.0,0
3695.424,0.1937587731,15.0,0
3695.906,0.1937443098,15.0,0
3696.389,0.1935469368,15.0,0
3696.871,0.19362598250000002,15.0,0
3697.353,0.1933889174,15.0,0
3697.835,0.1935313395,15.0,0
3698.317,0.1934472212,15.0,0
3698.799,0.1933776009,15.0,0
3699.281,0.1935050733,15.0,0
3699.763,0.1934186553,15.0,0
3700.246,0.19324946969999998,15.0,0
3700.728,0.19326510549999998,15.0,0
3701.21,0.1931904363,15.0,0
3701.692,0.1931143609,15.0,0
3702.174,0.1929208297,15.0,0
3702.656,0.1928826519,15.0,0
3703.138,0.1930408541,15.0,0
3703.62,0.19292624830000002,15.0,0
3704.103,0.1928746881,15.0,0
3704.584,0.1929742439,15.0,0
3705.067,0.1928414781,15.0,0
3705.549,0.1930218145,15.0,0
3706.031,0.1930888556,15.0,0
3706.513,0.1929917588,15.0,0
3706.995,0.1932196163,15.0,0
3707.477,0.19332808,15.0,0
3707.959,0.19321329080000002,15.0,0
3708.441,0.1934410002,15.0,0
3708.924,0.1934591657,15.0,0
3709.406,0.19345184920000003,15.0,0
3709.888,0.1936493436,15.0,0
3710.37,0.1935527291,15.0,0
3710.852,0.1931446664,15.0,0
3711.334,0.193309028,15.0,0
3711.816,0.1929192606,15.0,0
3712.298,0.1929503039,15.0,0
3712.781,0.19270033279999998,15.0,0
3713.263,0.1927669514,15.0,0
3713.745,0.1928981916,15.0,0
3714.227,0.1927515743,15.0,0
3714.709,0.1928067751,15.0,0
3715.191,0.192818696,15.0,0
3715.673,0.19290614120000002,15.0,0
3716.155,0.19275095239999998,15.0,0
3716.637,0.19263809269999999,15.0,0
3717.12,0.1925960555,15.0,0
3717.602,0.192575841,15.0,0
3718.084,0.1926567668,15.0,0
3718.566,0.1924842098,15.0,0
3719.048,0.1925352612,15.0,0
3719.53,0.1924623141,15.0,0
3720.012,0.1925788126,15.0,0
3720.494,0.19246295400000002,15.0,0
3720.977,0.1925788228,15.0,0
3721.459,0.1922709142,15.0,0
3721.941,0.19256170260000002,15.0,0
3722.423,0.1926066394,15.0,0
3722.905,0.1926389246,15.0,0
3723.387,0.1923954183,15.0,0
3723.869,0.1924823111,15.0,0
3724.351,0.1923028158,15.0,0
3724.833,0.19205170379999997,15.0,0
3725.316,0.1922066807,15.0,0
3725.798,0.19199100479999998,15.0,0
3726.28,0.19180881070000003,15.0,0
3726.762,0.1917820851,15.0,0
3727.244,0.19185752550000001,15.0,0
3727.726,0.1918154697,15.0,0
3728.208,0.1919748013,15.0,0
3728.69,0.191993695,15.0,0
3729.173,0.19217258950000002,15.0,0
3729.655,0.192152939,15.0,0
3730.137,0.1922089794,15.0,0
3730.619,0.1924773212,15.0,0
3731.101,0.1925364679,15.0,0
3731.583,0.1928079475,15.0,0
3732.065,0.1929231034,15.0,0
3732.547,0.1930794215,15.0,0
3733.03,0.1935176106,15.0,0
3733.511,0.1936180488,15.0,0
3733.994,0.1938588156,15.0,0
3734.476,0.1935540856,15.0,0
3734.958,0.1937339514,15.0,0
3735.44,0.1934242621,15.0,0
3735.922,0.1936058792,15.0,0
3736.404,0.1934948757,15.0,0
3736.886,0.1933924309,15.0,0
3737.368,0.19329032340000002,15.0,0
3737.851,0.19328743240000001,15.0,0
3738.333,0.19323773840000003,15.0,0
3738.815,0.1933593845,15.0,0
3739.297,0.1931453638,15.0,0
3739.779,0.1928031842,15.0,0
3740.261,0.1928798319,15.0,0
3740.743,0.19286537890000002,15.0,0
3741.225,0.19228713249999999,15.0,0
3741.708,0.1921878908,15.0,0
3742.19,0.1920931716,15.0,0
3742.672,0.19207815849999998,15.0,0
3743.154,0.1918262532,15.0,0
3743.636,0.19179859600000002,15.0,0
3744.118,0.1920256288,15.0,0
3744.6,0.1921156914,15.0,0
3745.082,0.1922646305,15.0,0
3745.564,0.1924548314,15.0,0
3746.047,0.1926026581,15.0,0
3746.529,0.19281364580000002,15.0,0
3747.011,0.19296610869999997,15.0,0
3747.493,0.19306338660000003,15.0,0
3747.975,0.1928153466,15.0,0
3748.457,0.1927397871,15.0,0
3748.939,0.192719147,15.0,0
3749.421,0.1926331943,15.0,0
3749.904,0.192415016,15.0,0
3750.386,0.19202277339999999,15.0,0
3750.868,0.1922418799,15.0,0
3751.35,0.19212531649999998,15.0,0
3751.832,0.1922642067,15.0,0
3752.314,0.19211215920000002,15.0,0
3752.796,0.1923141623,15.0,0
3753.278,0.1924778053,15.0,0
3753.76,0.1927874043,15.0,0
3754.243,0.19285995050000002,15.0,0
3754.725,0.1929162294,15.0,0
3755.207,0.19305667759999998,15.0,0
3755.689,0.1929451621,15.0,0
3756.171,0.1931977839,15.0,0
3756.653,0.1930602732,15.0,0
3757.135,0.19289012849999998,15.0,0
3757.617,0.1928749219,15.0,0
3758.1,0.1927451347,15.0,0
3758.582,0.1924986642,15.0,0
3759.064,0.1924715886,15.0,0
3759.546,0.19242230700000001,15.0,0
3760.028,0.1923731377,15.0,0
3760.51,0.1922784075,15.0,0
3760.992,0.19235702929999998,15.0,0
3761.474,0.1924238801,15.0,0
3761.957,0.19232884179999998,15.0,0
3762.438,0.1924116343,15.0,0
3762.921,0.1924111216,15.0,0
3763.403,0.19244966300000002,15.0,0
3763.885,0.19239093610000002,15.0,0
3764.367,0.1924986146,15.0,0
3764.849,0.1926912216,15.0,0
3765.331,0.19270773049999998,15.0,0
3765.813,0.1927628648,15.0,0
3766.295,0.1926139671,15.0,0
3766.778,0.1925786087,15.0,0
3767.26,0.19268629539999999,15.0,0
3767.742,0.1926415145,15.0,0
3768.224,0.1926003382,15.0,0
3768.706,0.1924530744,15.0,0
3769.188,0.1922714131,15.0,0
3769.67,0.19219592389999998,15.0,0
3770.152,0.19215206680000002,15.0,0
3770.635,0.1918918033,15.0,0
3771.117,0.1917812854,15.0,0
3771.599,0.1919006101,15.0,0
3772.081,0.19144624,15.0,0
3772.563,0.19175452839999998,15.0,0
3773.045,0.19155717660000002,15.0,0
3773.527,0.191834417,15.0,0
3774.009,0.19191382650000002,15.0,0
3774.491,0.1918164008,15.0,0
3774.974,0.19176672549999998,15.0,0
3775.456,0.1917945877,15.0,0
3775.938,0.19213206589999998,15.0,0
3776.42,0.1919803821,15.0,0
3776.902,0.19214616199999998,15.0,0
3777.384,0.1923252746,15.0,0
3777.866,0.19223843380000002,15.0,0
3778.348,0.19249773250000002,15.0,0
3778.831,0.19248520289999999,15.0,0
3779.313,0.19243802380000002,15.0,0
3779.795,0.192503129,15.0,0
3780.277,0.1923962562,15.0,0
3780.759,0.19246863869999997,15.0,0
3781.241,0.19211612160000002,15.0,0
3781.723,0.192761165,15.0,0
3782.205,0.192426326,15.0,0
3782.688,0.1925981843,15.0,0
3783.17,0.1925117573,15.0,0
3783.652,0.1925189311,15.0,0
3784.134,0.1923503826,15.0,0
3784.616,0.1925504444,15.0,0
3785.098,0.1924876768,15.0,0
3785.58,0.1925724593,15.0,0
3786.062,0.19254692729999998,15.0,0
3786.544,0.1926018443,15.0,0
3787.027,0.1924424974,15.0,0
3787.509,0.19251729439999998,15.0,0
3787.991,0.19247588449999997,15.0,0
3788.473,0.19245253399999998,15.0,0
3788.955,0.1925165018,15.0,0
3789.437,0.19251500740000002,15.0,0
3789.919,0.1925755659,15.0,0
3790.401,0.192497569,15.0,0
3790.884,0.19250516869999998,15.0,0
3791.365,0.1923890465,15.0,0
3791.848,0.19260451039999998,15.0,0
3792.33,0.192723339,15.0,0
3792.812,0.1928008484,15.0,0
3793.294,0.1928498638,15.0,0
3793.776,0.19293418240000001,15.0,0
3794.258,0.1930133297,15.0,0
3794.74,0.19300268750000002,15.0,0
3795.222,0.19317387579999998,15.0,0
3795.705,0.1931756604,15.0,0
3796.187,0.1932867341,15.0,0
3796.669,0.1932415468,15.0,0
3797.151,0.1933532733,15.0,0
3797.633,0.1932927041,15.0,0
3798.115,0.1933453889,15.0,0
3798.597,0.1932153364,15.0,0
3799.079,0.1932521493,15.0,0
3799.562,0.1931019555,15.0,0
3800.044,0.1930425409,15.0,0
3800.526,0.1929372259,15.0,0
3801.008,0.1931427723,15.0,0
3801.49,0.19304061109999998,15.0,0
3801.972,0.19309500589999998,15.0,0
3802.454,0.19300446300000001,15.0,0
3802.936,0.19331399130000002,15.0,0
3803.418,0.1933483016,15.0,0
3803.901,0.1933324406,15.0,0
3804.383,0.19345446379999998,15.0,0
3804.865,0.1934954181,15.0,0
3805.347,0.1934605994,15.0,0
3805.829,0.19335726749999999,15.0,0
3806.311,0.1934342324,15.0,0
3806.793,0.1933346062,15.0,0
3807.275,0.1933000009,15.0,0
3807.758,0.1935554199,15.0,0
3808.24,0.19342469839999998,15.0,0
3808.722,0.1934520752,15.0,0
3809.204,0.19330231380000001,15.0,0
3809.686,0.1934681296,15.0,0
3810.168,0.1935180058,15.0,0
3810.65,0.1935155228,15.0,0
3811.132,0.1935270455,15.0,0
3811.615,0.19355198810000002,15.0,0
3812.097,0.1935912344,15.0,0
3812.579,0.19329920690000002,15.0,0
3813.061,0.1936579812,15.0,0
3813.543,0.1938293251,15.0,0
3814.025,0.1938877703,15.0,0
3814.507,0.1939351998,15.0,0
3814.989,0.19394740219999998,15.0,0
3815.471,0.1943461601,15.0,0
3815.954,0.19436413940000002,15.0,0
3816.436,0.1947204217,15.0,0
3816.918,0.1948002211,15.0,0
3817.4,0.1948580588,15.0,0
3817.882,0.1947240237,15.0,0
3818.364,0.1947818522,15.0,0
3818.846,0.19479745510000002,15.0,0
3819.328,0.1947762094,15.0,0
3819.811,0.19468967110000002,15.0,0
3820.292,0.1943872988,15.0,0
3820.775,0.19443736579999998,15.0,0
3821.257,0.1944431205,15.0,0
3821.739,0.19420266000000003,15.0,0
3822.221,0.19441155219999998,15.0,0
3822.703,0.19434836789999999,15.0,0
3823.185,0.1946719621,15.0,0
3823.667,0.19494320510000002,15.0,0
3824.149,0.1946082509,15.0,0
3824.632,0.1948000755,15.0,0
3825.114,0.1948996626,15.0,0
3825.596,0.1949355134,15.0,0
3826.078,0.194687637,15.0,0
3826.56,0.1950252003,15.0,0
3827.042,0.1948778866,15.0,0
3827.524,0.19491757440000002,15.0,0
3828.006,0.1948851704,15.0,0
3828.489,0.19497238320000002,15.0,0
3828.971,0.1952341869,15.0,0
3829.453,0.19521598520000003,15.0,0
3829.935,0.1954953875,15.0,0
3830.417,0.1954138174,15.0,0
3830.899,0.1956612062,15.0,0
3831.381,0.1956281083,15.0,0
3831.863,0.19568856019999997,15.0,0
3832.345,0.19576401229999998,15.0,0
3832.828,0.1958062142,15.0,0
3833.31,0.1959926648,15.0,0
3833.792,0.195943307,15.0,0
3834.274,0.19596758690000002,15.0,0
3834.756,0.1959534018,15.0,0
3835.238,0.1960710186,15.0,0
3835.72,0.1963406285,15.0,0
3836.202,0.19603151629999999,15.0,0
3836.685,0.19630579839999998,15.0,0
3837.167,0.1962804386,15.0,0
3837.649,0.19642218849999998,15.0,0
3838.131,0.1961928637,15.0,0
3838.613,0.19622903690000001,15.0,0
3839.095,0.1962525213,15.0,0
3839.577,0.196005936,15.0,0
3840.059,0.19587157319999998,15.0,0
3840.542,0.19591708289999998,15.0,0
3841.024,0.1957710449,15.0,0
3841.506,0.1958673552,15.0,0
3841.988,0.19577368920000002,15.0,0
3842.47,0.19581776139999998,15.0,0
3842.952,0.1958290993,15.0,0
3843.434,0.19545189659999998,15.0,0
3843.916,0.1957716985,15.0,0
3844.398,0.1959055396,15.0,0
3844.881,0.1956642884,15.0,0
3845.363,0.19570752500000002,15.0,0
3845.845,0.1960438578,15.0,0
3846.327,0.195820096,15.0,0
3846.809,0.19584231259999998,15.0,0
3847.291,0.195818527,15.0,0
3847.773,0.1957863544,15.0,0
3848.255,0.195785847,15.0,0
3848.738,0.1957010992,15.0,0
3849.219,0.1958144785,15.0,0
3849.702,0.1953078095,15.0,0
3850.184,0.19539349609999998,15.0,0
3850.666,0.19533715170000002,15.0,0
3851.148,0.1949091965,15.0,0
3851.63,0.19493098050000002,15.0,0
3852.112,0.19458732080000002,15.0,0
3852.594,0.19444638269999998,15.0,0
3853.076,0.19435290189999999,15.0,0
3853.559,0.19457760140000002,15.0,0
3854.041,0.19472066510000002,15.0,0
3854.523,0.1948119938,15.0,0
3855.005,0.1955615329,15.0,0
3855.487,0.19557840899999998,15.0,0
3855.969,0.1960007507,15.0,0
3856.451,0.1961918768,15.0,0
3856.933,0.1962356824,15.0,0
3857.416,0.19627768020000003,15.0,0
3857.898,0.1966198408,15.0,0
3858.38,0.1966758689,15.0,0
3858.862,0.1967225036,15.0,0
3859.344,0.1967062231,15.0,0
3859.826,0.1966582846,15.0,0
3860.308,0.1969235003,15.0,0
3860.79,0.1969456409,15.0,0
3861.272,0.1969628028,15.0,0
3861.755,0.196797145,15.0,0
3862.237,0.1968708227,15.0,0
3862.719,0.19675155709999997,15.0,0
3863.201,0.1968851799,15.0,0
3863.683,0.19696889250000002,15.0,0
3864.165,0.1969687542,15.0,0
3864.647,0.1968731061,15.0,0
3865.129,0.19682534140000002,15.0,0
3865.612,0.19688935189999998,15.0,0
3866.094,0.1970741703,15.0,0
3866.576,0.1971375863,15.0,0
3867.058,0.1969613692,15.0,0
3867.54,0.19724675749999998,15.0,0
3868.022,0.1971391506,15.0,0
3868.504,0.1971250102,15.0,0
3868.986,0.1972795082,15.0,0
3869.469,0.1974900899,15.0,0
3869.951,0.19732690460000002,15.0,0
3870.433,0.197384704,15.0,0
3870.915,0.1974016319,15.0,0
3871.397,0.1971471792,15.0,0
3871.879,0.19742943159999998,15.0,0
3872.361,0.19732009009999998,15.0,0
3872.843,0.19721189379999998,15.0,0
3873.325,0.1973099606,15.0,0
3873.808,0.19711540190000001,15.0,0
3874.29,0.1971930771,15.0,0
3874.772,0.1970316816,15.0,0
3875.254,0.19699980920000001,15.0,0
3875.736,0.19714872060000002,15.0,0
3876.218,0.1970039311,15.0,0
3876.7,0.1971979726,15.0,0
3877.182,0.19709209439999997,15.0,0
3877.665,0.1971295055,15.0,0
3878.146,0.1970615053,15.0,0
3878.629,0.1970493371,15.0,0
3879.111,0.1970811433,15.0,0
3879.593,0.1972754072,15.0,0
3880.075,0.1969301958,15.0,0
3880.557,0.19689166400000002,15.0,0
3881.039,0.19690303069999998,15.0,0
3881.521,0.19694026,15.0,0
3882.003,0.1971134386,15.0,0
3882.486,0.1967785655,15.0,0
3882.968,0.19678069010000002,15.0,0
3883.45,0.1968095785,15.0,0
3883.932,0.1966482746,15.0,0
3884.414,0.1965727791,15.0,0
3884.896,0.19661124929999999,15.0,0
3885.378,0.1963302938,15.0,0
3885.86,0.1964149599,15.0,0
3886.343,0.1965555504,15.0,0
3886.825,0.19649826520000002,15.0,0
3887.307,0.19662306489999998,15.0,0
3887.789,0.1967989687,15.0,0
3888.271,0.1969050969,15.0,0
3888.753,0.1968347923,15.0,0
3889.235,0.19699293829999998,15.0,0
3889.717,0.19696334159999998,15.0,0
3890.199,0.19688977479999997,15.0,0
3890.682,0.19691622330000003,15.0,0
3891.164,0.19701289119999998,15.0,0
3891.646,0.19687003990000002,15.0,0
3892.128,0.1969097275,15.0,0
3892.61,0.1970397642,15.0,0
3893.092,0.19660312780000003,15.0,0
3893.574,0.19689035319999998,15.0,0
3894.056,0.1968690612,15.0,0
3894.539,0.197026452,15.0,0
3895.021,0.1967260623,15.0,0
3895.503,0.1969632394,15.0,0
3895.985,0.19674096970000002,15.0,0
3896.467,0.1968694415,15.0,0
3896.949,0.19700673519999998,15.0,0
3897.431,0.19691171789999998,15.0,0
3897.913,0.19697922380000002,15.0,0
3898.396,0.19705845719999998,15.0,0
3898.878,0.19706301639999999,15.0,0
3899.36,0.1970704833,15.0,0
3899.842,0.19731478859999999,15.0,0
3900.324,0.1973598203,15.0,0
3900.806,0.1973931496,15.0,0
3901.288,0.1974597253,15.0,0
3901.77,0.19715727730000002,15.0,0
3902.252,0.1973207714,15.0,0
3902.735,0.1972572766,15.0,0
3903.217,0.19714100810000001,15.0,0
3903.699,0.1971461816,15.0,0
3904.181,0.19687623869999998,15.0,0
3904.663,0.1968300093,15.0,0
3905.145,0.1969181046,15.0,0
3905.627,0.1966888116,15.0,0
3906.109,0.1966093943,15.0,0
3906.592,0.19679831709999998,15.0,0
3907.073,0.19687305089999999,15.0,0
3907.556,0.1969512755,15.0,0
3908.038,0.1967087434,15.0,0
3908.52,0.1967904296,15.0,0
3909.002,0.1968347643,15.0,0
3909.484,0.19664121850000002,15.0,0
3909.966,0.1968216618,15.0,0
3910.448,0.19651164940000002,15.0,0
3910.93,0.19671949649999998,15.0,0
3911.413,0.19665600619999998,15.0,0
3911.895,0.1967329396,15.0,0
3912.377,0.19646015770000003,15.0,0
3912.859,0.1966510173,15.0,0
3913.341,0.196728627,15.0,0
3913.823,0.19686783949999997,15.0,0
3914.305,0.19690893939999998,15.0,0
3914.787,0.1966413936,15.0,0
3915.27,0.19662829739999999,15.0,0
3915.752,0.19686673240000002,15.0,0
3916.234,0.1965462354,15.0,0
3916.716,0.19665859460000001,15.0,0
3917.198,0.1967644717,15.0,0
3917.68,0.1966380263,15.0,0
3918.162,0.196583911,15.0,0
3918.644,0.1964490022,15.0,0
3919.126,0.19643020790000001,15.0,0
3919.609,0.19645213439999998,15.0,0
3920.091,0.19649318229999999,15.0,0
3920.573,0.1965293089,15.0,0
3921.055,0.19652634979999997,15.0,0
3921.537,0.19634253480000002,15.0,0
3922.019,0.19644863569999998,15.0,0
3922.501,0.1962948974,15.0,0
3922.983,0.1963871305,15.0,0
3923.466,0.19628255490000002,15.0,0
3923.948,0.19651116600000001,15.0,0
3924.43,0.19653956520000002,15.0,0
3924.912,0.1962325195,15.0,0
3925.394,0.1962891923,15.0,0
3925.876,0.19638084800000002,15.0,0
3926.358,0.1966090039,15.0,0
3926.84,0.1964870959,15.0,0
3927.323,0.19650064700000003,15.0,0
3927.805,0.1963602291,15.0,0
3928.287,0.1964734725,15.0,0
3928.769,0.1964280642,15.0,0
3929.251,0.1962858698,15.0,0
3929.733,0.196266451,15.0,0
3930.215,0.19622608679999998,15.0,0
3930.697,0.19599581449999998,15.0,0
3931.179,0.1958804988,15.0,0
3931.662,0.1958567679,15.0,0
3932.144,0.1958502701,15.0,0
3932.626,0.1955974985,15.0,0
3933.108,0.19570956750000001,15.0,0
3933.59,0.19579246309999998,15.0,0
3934.072,0.1953591444,15.0,0
3934.554,0.1955391091,15.0,0
3935.036,0.1956014212,15.0,0
3935.519,0.1956302077,15.0,0
3936.0,0.195524884,15.0,0
3936.483,0.19555396170000003,15.0,0
3936.965,0.1955568328,15.0,0
3937.447,0.19560591630000002,15.0,0
3937.929,0.1956385115,15.0,0
3938.411,0.19549995339999998,15.0,0
3938.893,0.1957375636,15.0,0
3939.375,0.19563573269999998,15.0,0
3939.857,0.1959679484,15.0,0
3940.34,0.1960486719,15.0,0
3940.822,0.19577117000000002,15.0,0
3941.304,0.195801542,15.0,0
3941.786,0.19597363510000002,15.0,0
3942.268,0.19576912279999997,15.0,0
3942.75,0.195967962,15.0,0
3943.232,0.1956393408,15.0,0
3943.714,0.1956468396,15.0,0
3944.197,0.19563726290000003,15.0,0
3944.679,0.1956226148,15.0,0
3945.161,0.1955430332,15.0,0
3945.643,0.19545312460000003,15.0,0
3946.125,0.1954233384,15.0,0
3946.607,0.195415817,15.0,0
3947.089,0.1953434461,15.0,0
3947.571,0.19526387499999998,15.0,0
3948.053,0.195295296,15.0,0
3948.536,0.1951825367,15.0,0
3949.018,0.1952871712,15.0,0
3949.5,0.1952747466,15.0,0
3949.982,0.1950651446,15.0,0
3950.464,0.19520380759999997,15.0,0
3950.946,0.1952328543,15.0,0
3951.428,0.19529560769999998,15.0,0
3951.91,0.1950895008,15.0,0
3952.393,0.1951838359,15.0,0
3952.875,0.1951561285,15.0,0
3953.357,0.195318711,15.0,0
3953.839,0.1949102376,15.0,0
3954.321,0.1950335745,15.0,0
3954.803,0.195152775,15.0,0
3955.285,0.19501476180000002,15.0,0
3955.767,0.1948868479,15.0,0
3956.25,0.1949605147,15.0,0
3956.732,0.1950481215,15.0,0
3957.214,0.1950256705,15.0,0
3957.696,0.1950057184,15.0,0
3958.178,0.19501029160000002,15.0,0
3958.66,0.1950370047,15.0,0
3959.142,0.1946382005,15.0,0
3959.624,0.1949616323,15.0,0
3960.106,0.19490845610000002,15.0,0
3960.589,0.1945454035,15.0,0
3961.071,0.1947641433,15.0,0
3961.553,0.1948433103,15.0,0
3962.035,0.19462857670000003,15.0,0
3962.517,0.19452549919999998,15.0,0
3962.999,0.1944305877,15.0,0
3963.481,0.1943788511,15.0,0
3963.963,0.19434326850000003,15.0,0
3964.446,0.1943095631,15.0,0
3964.927,0.1943565719,15.0,0
3965.41,0.194195282,15.0,0
3965.892,0.1943306999,15.0,0
3966.374,0.1941123206,15.0,0
3966.856,0.19410526279999998,15.0,0
3967.338,0.1940089971,15.0,0
3967.82,0.1938473255,15.0,0
3968.302,0.1939868306,15.0,0
3968.784,0.19387557009999998,15.0,0
3969.267,0.1938407758,15.0,0
3969.749,0.1937423712,15.0,0
3970.231,0.1939285439,15.0,0
3970.713,0.1938791634,15.0,0
3971.195,0.1938619229,15.0,0
3971.677,0.1938651472,15.0,0
3972.159,0.1936839672,15.0,0
3972.641,0.1941192216,15.0,0
3973.124,0.193948026,15.0,0
3973.606,0.19409523620000002,15.0,0
3974.088,0.1940844327,15.0,0
3974.57,0.19398847,15.0,0
3975.052,0.194002945,15.0,0
3975.534,0.1938041716,15.0,0
3976.016,0.1939883488,15.0,0
3976.498,0.19402780079999998,15.0,0
3976.98,0.1939614862,15.0,0
3977.463,0.1938154542,15.0,0
3977.945,0.1938553671,15.0,0
3978.427,0.19392662009999997,15.0,0
3978.909,0.1935965195,15.0,0
3979.391,0.1936236744,15.0,0
3979.873,0.19377797189999998,15.0,0
3980.355,0.19352938179999998,15.0,0
3980.837,0.19352540659999998,15.0,0
3981.32,0.1934231521,15.0,0
3981.802,0.19351151479999998,15.0,0
3982.284,0.1935271244,15.0,0
3982.766,0.1933226488,15.0,0
3983.248,0.1933882511,15.0,0
3983.73,0.19317139860000002,15.0,0
3984.212,0.1932607702,15.0,0
3984.694,0.19333617079999998,15.0,0
3985.177,0.1933950156,15.0,0
3985.659,0.1935495667,15.0,0
3986.141,0.19352892359999999,15.0,0
3986.623,0.1934445059,15.0,0
3987.105,0.19326502850000002,15.0,0
3987.587,0.1936214794,15.0,0
3988.069,0.1934229204,15.0,0
3988.551,0.19344099409999999,15.0,0
3989.033,0.1934646249,15.0,0
3989.516,0.1933286636,15.0,0
3989.998,0.19332190740000002,15.0,0
3990.48,0.1932204271,15.0,0
3990.962,0.1934621185,15.0,0
3991.444,0.1931546447,15.0,0
3991.926,0.19344590239999998,15.0,0
3992.408,0.19349989210000001,15.0,0
3992.89,0.1934635913,15.0,0
3993.373,0.1933829555,15.0,0
3993.854,0.19347640810000002,15.0,0
3994.337,0.1931217047,15.0,0
3994.819,0.1933743862,15.0,0
3995.301,0.19315925709999998,15.0,0
3995.783,0.1930588448,15.0,0
3996.265,0.1932207092,15.0,0
3996.747,0.1930208466,15.0,0
3997.229,0.1930528502,15.0,0
3997.711,0.1929599919,15.0,0
3998.194,0.1927927674,15.0,0
3998.676,0.1927454189,15.0,0
3999.158,0.1927612808,15.0,0
3999.64,0.19290032149999997,15.0,0
4000.122,0.19282375729999998,15.0,0
