wavenumber_cm1,reflectance_observed,angle_deg,in_fit_band
399.6747,0.0,10.0,0
400.1569,0.3129322924,10.0,0
400.639,0.3060428036,10.0,0
401.1211,0.2999740213,10.0,0
401.6032,0.2941479736,10.0,0
402.0853,0.2894739201,10.0,0
402.5674,0.2856453144,10.0,0
403.0496,0.282573198,10.0,0
403.5317,0.2805093833,10.0,0
404.0138,0.2790966164,10.0,0
404.4959,0.2782480345,10.0,0
404.978,0.27788696009999997,10.0,0
405.4601,0.2774284411,10.0,0
405.9423,0.2768946917,10.0,0
406.4244,0.2764880272,10.0,0
406.9065,0.2757350092,10.0,0
407.3886,0.2746281947,10.0,0
407.8707,0.2732350287,10.0,0
408.3528,0.2716558967,10.0,0
408.835,0.2696203377,10.0,0
409.3171,0.26757465010000003,10.0,0
409.7992,0.2655659144,10.0,0
410.2813,0.2634868225,10.0,0
410.7634,0.2615934145,10.0,0
411.2455,0.25989176940000003,10.0,0
411.7277,0.2587290542,10.0,0
412.2098,0.2575938539,10.0,0
412.6919,0.2566319507,10.0,0
413.174,0.2558149735,10.0,0
413.6561,0.2550335926,10.0,0
414.1382,0.2544107855,10.0,0
414.6204,0.2536119756,10.0,0
415.1025,0.2529448267,10.0,0
415.5846,0.2521075153,10.0,0
416.0667,0.2511148993,10.0,0
416.5488,0.2503173113,10.0,0
417.0309,0.2494140096,10.0,0
417.5131,0.2484870137,10.0,0
417.9952,0.2469277285,10.0,0
418.4773,0.24545795129999998,10.0,0
418.9594,0.2438142989,10.0,0
419.4415,0.2421197493,10.0,0
419.9236,0.2400941826,10.0,0
420.4058,0.23800090170000002,10.0,0
420.8879,0.236189511,10.0,0
421.37,0.23492886980000002,10.0,0
421.8521,0.2334657157,10.0,0
422.3342,0.23224672770000002,10.0,0
422.8163,0.23097344020000002,10.0,0
423.2985,0.2301884255,10.0,0
423.7806,0.22942316859999998,10.0,0
424.2627,0.2284953106,10.0,0
424.7448,0.2278374032,10.0,0
425.2269,0.2267189469,10.0,0
425.709,0.2254578594,10.0,0
426.1912,0.2242440825,10.0,0
426.6733,0.2226251503,10.0,0
427.1554,0.2209267052,10.0,0
427.6375,0.2193917553,10.0,0
428.1196,0.21757711489999998,10.0,0
428.6017,0.2160910213,10.0,0
429.0839,0.2150269677,10.0,0
429.566,0.2140676551,10.0,0
430.0481,0.2135422517,10.0,0
430.5302,0.2131739042,10.0,0
431.0123,0.2134405988,10.0,0
431.4944,0.21381743060000002,10.0,0
431.9766,0.2140786454,10.0,0
432.4587,0.2144584033,10.0,0
432.9408,0.2148172944,10.0,0
433.4229,0.21530468160000002,10.0,0
433.905,0.21526779669999999,10.0,0
434.3871,0.2155708849,10.0,0
434.8693,0.2153982975,10.0,0
435.3514,0.2155679824,10.0,0
435.8335,0.2156905725,10.0,0
436.3156,0.216141601,10.0,0
436.7977,0.216589213,10.0,0
437.2798,0.21686167,10.0,0
437.762,0.21768397239999998,10.0,0
438.2441,0.2183056602,10.0,0
438.7262,0.2189113876,10.0,0
439.2083,0.2191440597,10.0,0
439.6904,0.21962439849999998,10.0,0
440.1725,0.220040586,10.0,0
440.6547,0.22028303789999998,10.0,0
441.1368,0.2203980202,10.0,0
441.6189,0.22060571769999998,10.0,0
442.101,0.2206578232,10.0,0
442.5831,0.2206116882,10.0,0
443.0652,0.2205897062,10.0,0
443.5474,0.220487407,10.0,0
444.0295,0.22021208739999998,10.0,0
444.5116,0.2200560852,10.0,0
444.9937,0.2198129789,10.0,0
445.4758,0.21946346309999998,10.0,0
445.9579,0.21914311560000002,10.0,0
446.4401,0.2188792464,10.0,0
446.9222,0.219241542,10.0,0
447.4043,0.21924513050000002,10.0,0
447.8864,0.21982050690000002,10.0,0
448.3685,0.2203394131,10.0,0
448.8506,0.2212338674,10.0,0
449.3328,0.221877341,10.0,0
449.8149,0.2225941744,10.0,0
450.297,0.2231854802,10.0,0
450.7791,0.2237232357,10.0,0
451.2612,0.22410348859999998,10.0,0
451.7433,0.224499247,10.0,0
452.2255,0.2249140608,10.0,0
452.7076,0.22527035269999998,10.0,0
453.1897,0.2256306543,10.0,0
453.6718,0.2263823228,10.0,0
454.1539,0.2270976972,10.0,0
454.636,0.22787161869999997,10.0,0
455.1182,0.2288030173,10.0,0
455.6003,0.22962974519999999,10.0,0
456.0824,0.2307443409,10.0,0
456.5645,0.2317802091,10.0,0
457.0466,0.23301421,10.0,0
457.5287,0.23441660479999998,10.0,0
458.0109,0.2352461294,10.0,0
458.493,0.2366463496,10.0,0
458.9751,0.2374896675,10.0,0
459.4572,0.2384846475,10.0,0
459.9393,0.2392153558,10.0,0
460.4214,0.2400226899,10.0,0
460.9036,0.2409185226,10.0,0
461.3857,0.2416049252,10.0,0
461.8678,0.24250723140000002,10.0,0
462.3499,0.2434605281,10.0,0
462.832,0.24433257739999997,10.0,0
463.3141,0.2455202139,10.0,0
463.7963,0.2467268218,10.0,0
464.2784,0.2482054004,10.0,0
464.7605,0.249305005,10.0,0
465.2426,0.2506777384,10.0,0
465.7247,0.25193963,10.0,0
466.2068,0.2531404853,10.0,0
466.689,0.2543543332,10.0,0
467.1711,0.2554522593,10.0,0
467.6532,0.2563652599,10.0,0
468.1353,0.2575485379,10.0,0
468.6174,0.2586638308,10.0,0
469.0995,0.2601243156,10.0,0
469.5817,0.26136986019999997,10.0,0
470.0638,0.2630515625,10.0,0
470.5459,0.2645504523,10.0,0
471.028,0.26589887019999997,10.0,0
471.5101,0.2675911615,10.0,0
471.9922,0.26910654310000004,10.0,0
472.4744,0.2706406404,10.0,0
472.9565,0.2719049583,10.0,0
473.4386,0.273236483,10.0,0
473.9207,0.27421442079999997,10.0,0
474.4028,0.2751622097,10.0,0
474.8849,0.27582269719999997,10.0,0
475.3671,0.2766198083,10.0,0
475.8492,0.27737823240000004,10.0,0
476.3313,0.2781777232,10.0,0
476.8134,0.2790497277,10.0,0
477.2955,0.2802072604,10.0,0
477.7776,0.2813350763,10.0,0
478.2598,0.2824813284,10.0,0
478.7419,0.2838186707,10.0,0
479.224,0.2848408904,10.0,0
479.7061,0.2860815187,10.0,0
480.1882,0.28708525,10.0,0
480.6703,0.28846505100000003,10.0,0
481.1525,0.2894205054,10.0,0
481.6346,0.2903730755,10.0,0
482.1167,0.2916479206,10.0,0
482.5988,0.292736056,10.0,0
483.0809,0.2939234234,10.0,0
483.563,0.2946688137,10.0,0
484.0452,0.2961964056,10.0,0
484.5273,0.297091208,10.0,0
485.0094,0.2983003503,10.0,0
485.4915,0.2994165658,10.0,0
485.9736,0.3008578658,10.0,0
486.4557,0.3013187541,10.0,0
486.9379,0.3026316858,10.0,0
487.42,0.3035820593,10.0,0
487.9021,0.30443237580000004,10.0,0
488.3842,0.3052418144,10.0,0
488.8663,0.3062573641,10.0,0
489.3484,0.306978835,10.0,0
489.8306,0.3081413314,10.0,0
490.3127,0.3092720895,10.0,0
490.7948,0.3102293807,10.0,0
491.2769,0.3113553298,10.0,0
491.759,0.3123486491,10.0,0
492.2411,0.3129738688,10.0,0
492.7233,0.314156533,10.0,0
493.2054,0.3148830935,10.0,0
493.6875,0.3155382161,10.0,0
494.1696,0.31636166930000004,10.0,0
494.6517,0.31713149739999996,10.0,0
495.1339,0.3177897441,10.0,0
495.616,0.3186235383,10.0,0
496.0981,0.319644002,10.0,0
496.5802,0.3203255257,10.0,0
497.0623,0.3212946511,10.0,0
497.5444,0.32210891799999997,10.0,0
498.0266,0.32281312730000006,10.0,0
498.5087,0.323865042,10.0,0
498.9908,0.3245297481,10.0,0
499.4729,0.32548315019999996,10.0,0
499.955,0.3260725918,10.0,0
500.4371,0.3267948166,10.0,0
500.9193,0.3273021411,10.0,0
501.4014,0.3279867056,10.0,0
501.8835,0.3287439682,10.0,0
502.3656,0.3289238662,10.0,0
502.8477,0.32960546399999996,10.0,0
503.3298,0.3299036407,10.0,0
503.812,0.3304193031,10.0,0
504.2941,0.330733167,10.0,0
504.7762,0.33105130629999996,10.0,0
505.2583,0.3314230739,10.0,0
505.7404,0.33171476769999997,10.0,0
506.2225,0.3320086677,10.0,0
506.7047,0.3323247206,10.0,0
507.1868,0.3324979235,10.0,0
507.6689,0.3328462332,10.0,0
508.151,0.33298603559999995,10.0,0
508.6331,0.3329452086,10.0,0
509.1152,0.3331690875,10.0,0
509.5974,0.33325862219999997,10.0,0
510.0795,0.3333504097,10.0,0
510.5616,0.3335390692,10.0,0
511.0437,0.3335292199,10.0,0
511.5258,0.3338783815,10.0,0
512.0079,0.33446074600000003,10.0,0
512.4901,0.3349341938,10.0,0
512.9722,0.33533211090000004,10.0,0
513.4543,0.33553852300000003,10.0,0
513.9364,0.33606153740000005,10.0,0
514.4185,0.3364900027,10.0,0
514.9006,0.33705483719999996,10.0,0
515.3828,0.33742573919999996,10.0,0
515.8649,0.33778500100000003,10.0,0
516.347,0.3382185954,10.0,0
516.8291,0.338579996,10.0,0
517.3112,0.33860725340000003,10.0,0
517.7933,0.33890724,10.0,0
518.2755,0.3385719236,10.0,0
518.7576,0.33867474970000006,10.0,0
519.2397,0.3386575801,10.0,0
519.7218,0.3386842264,10.0,0
520.2039,0.33835999229999997,10.0,0
520.686,0.33827577259999997,10.0,0
521.1682,0.3382475426,10.0,0
521.6503,0.3380378997,10.0,0
522.1324,0.3379934931,10.0,0
522.6145,0.3380624854,10.0,0
523.0966,0.33789402780000005,10.0,0
523.5787,0.33773438380000004,10.0,0
524.0609,0.3377201421,10.0,0
524.543,0.3377236094,10.0,0
525.0251,0.3374808975,10.0,0
525.5072,0.3373783395,10.0,0
525.9893,0.33741930750000004,10.0,0
526.4714,0.3371185533,10.0,0
526.9536,0.3367419707,10.0,0
527.4357,0.3365817217,10.0,0
527.9178,0.3364997109,10.0,0
528.3999,0.3359034223,10.0,0
528.882,0.3355918422,10.0,0
529.3641,0.3351445534,10.0,0
529.8463,0.3349690316,10.0,0
530.3284,0.33436226609999997,10.0,0
530.8105,0.33382880649999996,10.0,0
531.2926,0.3332110134,10.0,0
531.7747,0.33258547460000004,10.0,0
532.2568,0.3318032786,10.0,0
532.739,0.3313448148,10.0,0
533.2211,0.330622757,10.0,0
533.7032,0.3299913213,10.0,0
534.1853,0.3294062479,10.0,0
534.6674,0.3288522345,10.0,0
535.1495,0.3282319426,10.0,0
535.6317,0.3279206767,10.0,0
536.1138,0.3273595458,10.0,0
536.5959,0.3266391609,10.0,0
537.078,0.32642418370000004,10.0,0
537.5601,0.3256559214,10.0,0
538.0422,0.325033289,10.0,0
538.5244,0.324167484,10.0,0
539.0065,0.32340767820000005,10.0,0
539.4886,0.32267874919999995,10.0,0
539.9707,0.3219936576,10.0,0
540.4528,0.32128921499999996,10.0,0
540.9349,0.3208184244,10.0,0
541.4171,0.32000645120000004,10.0,0
541.8992,0.3196378818,10.0,0
542.3813,0.3190798481,10.0,0
542.8634,0.3187016503,10.0,0
543.3455,0.3184144461,10.0,0
543.8276,0.3177496413,10.0,0
544.3098,0.3172426084,10.0,0
544.7919,0.3167643561,10.0,0
545.274,0.3162286057,10.0,0
545.7561,0.3155070156,10.0,0
546.2382,0.3148029228,10.0,0
546.7203,0.3139986892,10.0,0
547.2025,0.3131556996,10.0,0
547.6846,0.31239147840000003,10.0,0
548.1667,0.3114903536,10.0,0
548.6488,0.31082496249999997,10.0,0
549.1309,0.30995176680000003,10.0,0
549.613,0.3093416704,10.0,0
550.0952,0.3085319313,10.0,0
550.5773,0.3076943798,10.0,0
551.0594,0.30715023469999997,10.0,0
551.5415,0.3062743543,10.0,0
552.0236,0.3056557011,10.0,0
552.5057,0.30491383169999997,10.0,0
552.9879,0.30424655959999997,10.0,0
553.47,0.3035960887,10.0,0
553.9521,0.3030309414,10.0,0
554.4342,0.3024637769,10.0,0
554.9163,0.3017083267,10.0,0
555.3984,0.3011359388,10.0,0
555.8806,0.3003952512,10.0,0
556.3627,0.2997395039,10.0,0
556.8448,0.2990945777,10.0,0
557.3269,0.2985751847,10.0,0
557.809,0.2977817965,10.0,0
558.2911,0.29681661330000003,10.0,0
558.7733,0.2962351609,10.0,0
559.2554,0.2955081999,10.0,0
559.7375,0.2946250477,10.0,0
560.2196,0.29382793150000003,10.0,0
560.7017,0.2932126875,10.0,0
561.1838,0.2920527698,10.0,0
561.666,0.2913467747,10.0,0
562.1481,0.2906482078,10.0,0
562.6302,0.2899440996,10.0,0
563.1123,0.2890629663,10.0,0
563.5944,0.2886720376,10.0,0
564.0765,0.2881873739,10.0,0
564.5587,0.2876501517,10.0,0
565.0408,0.2874003475,10.0,0
565.5229,0.2867776006,10.0,0
566.005,0.2866735412,10.0,0
566.4871,0.2861295024,10.0,0
566.9692,0.2856372953,10.0,0
567.4514,0.2853101026,10.0,0
567.9335,0.2846876889,10.0,0
568.4156,0.28438334260000003,10.0,0
568.8977,0.28371706490000004,10.0,0
569.3798,0.28334238230000003,10.0,0
569.8619,0.2829370001,10.0,0
570.3441,0.28251548,10.0,0
570.8262,0.2821491953,10.0,0
571.3083,0.281629655,10.0,0
571.7904,0.2813310285,10.0,0
572.2725,0.2810786971,10.0,0
572.7546,0.2807983831,10.0,0
573.2368,0.2805918713,10.0,0
573.7189,0.2804991033,10.0,0
574.201,0.2803793108,10.0,0
574.6831,0.2803513946,10.0,0
575.1652,0.2804975582,10.0,0
575.6473,0.2805107818,10.0,0
576.1295,0.2809399836,10.0,0
576.6116,0.2810864862,10.0,0
577.0937,0.2813864586,10.0,0
577.5758,0.2816448598,10.0,0
578.0579,0.2819674829,10.0,0
578.54,0.2822514,10.0,0
579.0222,0.28228576,10.0,0
579.5043,0.2824436982,10.0,0
579.9864,0.2824000927,10.0,0
580.4685,0.2822454185,10.0,0
580.9506,0.2821725096,10.0,0
581.4327,0.2822818317,10.0,0
581.9149,0.28228850839999997,10.0,0
582.397,0.2824540447,10.0,0
582.8791,0.2823030678,10.0,0
583.3612,0.2825691547,10.0,0
583.8433,0.28281344399999997,10.0,0
584.3254,0.28314744810000003,10.0,0
584.8076,0.2835793297,10.0,0
585.2897,0.2838832269,10.0,0
585.7718,0.2843149178,10.0,0
586.2539,0.2847931604,10.0,0
586.736,0.2854161622,10.0,0
587.2181,0.2854598828,10.0,0
587.7003,0.28640321490000004,10.0,0
588.1824,0.2867646679,10.0,0
588.6645,0.2874558278,10.0,0
589.1466,0.2879720781,10.0,0
589.6287,0.2884534911,10.0,0
590.1108,0.2888159117,10.0,0
590.593,0.28956894510000003,10.0,0
591.0751,0.29034648690000003,10.0,0
591.5572,0.29103527840000004,10.0,0
592.0393,0.2915961628,10.0,0
592.5214,0.2921759343,10.0,0
593.0035,0.2930493997,10.0,0
593.4857,0.2938510282,10.0,0
593.9678,0.294897235,10.0,0
594.4499,0.2957003634,10.0,0
594.932,0.29656634449999997,10.0,0
595.4141,0.2972628102,10.0,0
595.8962,0.2980797106,10.0,0
596.3784,0.2994068828,10.0,0
596.8605,0.3001816141,10.0,0
597.3426,0.3009439815,10.0,0
597.8247,0.30216641710000003,10.0,0
598.3068,0.30306856839999996,10.0,0
598.7889,0.3039162575,10.0,0
599.2711,0.305321619,10.0,0
599.7532,0.305920849,10.0,0
600.2353,0.3072587713,10.0,0
600.7174,0.3081924117,10.0,0
601.1995,0.3090702515,10.0,0
601.6816,0.3099922417,10.0,0
602.1638,0.3110461458,10.0,0
602.6459,0.3118492393,10.0,0
603.128,0.3127429785,10.0,0
603.6101,0.3135373327,10.0,0
604.0922,0.31442418440000003,10.0,0
604.5743,0.3155230524,10.0,0
605.0565,0.31625671369999997,10.0,0
605.5386,0.3173730594,10.0,0
606.0207,0.3186116339,10.0,0
606.5028,0.3197854944,10.0,0
606.9849,0.3210523936,10.0,0
607.467,0.32220543749999997,10.0,0
607.9492,0.3236227264,10.0,0
608.4313,0.3247801748,10.0,0
608.9134,0.3260246313,10.0,0
609.3955,0.3270890042,10.0,0
609.8776,0.3281654205,10.0,0
610.3597,0.3291040449,10.0,0
610.8419,0.32985180389999996,10.0,0
611.324,0.3309187435,10.0,0
611.8061,0.3312929577,10.0,0
612.2882,0.331853477,10.0,0
612.7703,0.3326071795,10.0,0
613.2524,0.3333487719,10.0,0
613.7346,0.3338777143,10.0,0
614.2167,0.3348396706,10.0,0
614.6988,0.3351555399,10.0,0
615.1809,0.33612038409999995,10.0,0
615.663,0.3367781504,10.0,0
616.1451,0.3376165422,10.0,0
616.6273,0.33879182649999995,10.0,0
617.1094,0.33955662940000003,10.0,0
617.5915,0.3405858214,10.0,0
618.0736,0.3419172801,10.0,0
618.5557,0.3428792936,10.0,0
619.0378,0.34393085,10.0,0
619.52,0.3449538793,10.0,0
620.0021,0.34576336609999997,10.0,0
620.4842,0.346984275,10.0,0
620.9663,0.3474852274,10.0,0
621.4484,0.3483485254,10.0,0
621.9305,0.34923835599999997,10.0,0
622.4127,0.34943880120000004,10.0,0
622.8948,0.35025332830000006,10.0,0
623.3769,0.3507287803,10.0,0
623.859,0.3511227155,10.0,0
624.3411,0.35157858760000005,10.0,0
624.8232,0.3519475634,10.0,0
625.3054,0.3521857637,10.0,0
625.7875,0.3526524853,10.0,0
626.2696,0.3530532597,10.0,0
626.7517,0.35350337000000004,10.0,0
627.2338,0.35392720320000004,10.0,0
627.7159,0.354215124,10.0,0
628.1981,0.3545598947,10.0,0
628.6802,0.3551406867,10.0,0
629.1623,0.3553945284,10.0,0
629.6444,0.35560871159999996,10.0,0
630.1265,0.35603943889999995,10.0,0
630.6086,0.35598693439999995,10.0,0
631.0908,0.35642520320000004,10.0,0
631.5729,0.3563821749,10.0,0
632.055,0.3567241523,10.0,0
632.5371,0.356936012,10.0,0
633.0192,0.3573811981,10.0,0
633.5013,0.35781050880000004,10.0,0
633.9835,0.3580020208,10.0,0
634.4656,0.3583626272,10.0,0
634.9477,0.3584579375,10.0,0
635.4298,0.3585735611,10.0,0
635.9119,0.3586943919,10.0,0
636.394,0.3588099185,10.0,0
636.8762,0.3586694799,10.0,0
637.3583,0.3585251167,10.0,0
637.8404,0.35825608340000004,10.0,0
638.3225,0.3581465558,10.0,0
638.8046,0.3576843907,10.0,0
639.2867,0.3571289175,10.0,0
639.7689,0.35703138,10.0,0
640.251,0.3565875888,10.0,0
640.7331,0.3564951489,10.0,0
641.2152,0.35603554930000003,10.0,0
641.6973,0.355945207,10.0,0
642.1794,0.3556795522,10.0,0
642.6616,0.35562315089999996,10.0,0
643.1437,0.3554172214,10.0,0
643.6258,0.3553247965,10.0,0
644.1079,0.3550711976,10.0,0
644.59,0.3548678772,10.0,0
645.0721,0.3546370599,10.0,0
645.5543,0.3543260774,10.0,0
646.0364,0.3541460086,10.0,0
646.5185,0.353841495,10.0,0
647.0006,0.35348664319999995,10.0,0
647.4827,0.3530009109,10.0,0
647.9648,0.3521815232,10.0,0
648.447,0.3522917254,10.0,0
648.9291,0.3516043434,10.0,0
649.4112,0.3511797218,10.0,0
649.8933,0.3505521118,10.0,0
650.3754,0.349967715,10.0,0
650.8575,0.3494225977,10.0,0
651.3397,0.3486102201,10.0,0
651.8218,0.3481522168,10.0,0
652.3039,0.3475528854,10.0,0
652.786,0.34716127640000005,10.0,0
653.2681,0.34666818650000003,10.0,0
653.7502,0.3460394316,10.0,0
654.2324,0.3454580396,10.0,0
654.7145,0.3450802806,10.0,0
655.1966,0.3446608693,10.0,0
655.6787,0.34418897600000004,10.0,0
656.1608,0.34364252430000003,10.0,0
656.6429,0.3434737711,10.0,0
657.125,0.34286242299999997,10.0,0
657.6072,0.3423628293,10.0,0
658.0892,0.34208914890000003,10.0,0
658.5714,0.3416987407,10.0,0
659.0535,0.3414820769,10.0,0
659.5356,0.341294586,10.0,0
660.0177,0.34102507320000003,10.0,0
660.4999,0.3409834816,10.0,0
660.9819,0.3407880281,10.0,0
661.4641,0.3409227712,10.0,0
661.9462,0.34083429019999995,10.0,0
662.4283,0.3408083391,10.0,0
662.9104,0.34085320080000003,10.0,0
663.3926,0.3408914178,10.0,0
663.8746,0.3411155207,10.0,0
664.3568,0.34099114,10.0,0
664.8389,0.3412151806,10.0,0
665.321,0.34139868380000005,10.0,0
665.8031,0.3417153971,10.0,0
666.2853,0.34200746709999996,10.0,0
666.7673,0.3427291899,10.0,0
667.2495,0.3434700473,10.0,0
667.7316,0.34401993480000004,10.0,0
668.2137,0.3449765905,10.0,0
668.6958,0.3455277135,10.0,0
669.178,0.3463585873,10.0,0
669.66,0.3468778873,10.0,0
670.1422,0.3472299514,10.0,0
670.6243,0.34787647229999996,10.0,0
671.1064,0.3482748531,10.0,0
671.5885,0.34840456449999996,10.0,0
672.0707,0.3487511265,10.0,0
672.5527,0.34953985709999996,10.0,0
673.0349,0.35013719000000004,10.0,0
673.517,0.350986615,10.0,0
673.9991,0.3517778003,10.0,0
674.4812,0.35262131859999996,10.0,0
674.9634,0.35379899530000003,10.0,0
675.4454,0.3546995365,10.0,0
675.9276,0.3554947184,10.0,0
676.4097,0.35668124300000004,10.0,0
676.8918,0.3578592916,10.0,0
677.3739,0.3589152686,10.0,0
677.8561,0.3599754557,10.0,0
678.3381,0.36124395,10.0,0
678.8203,0.36228003270000003,10.0,0
679.3024,0.36340753319999997,10.0,0
679.7845,0.3646054793,10.0,0
680.2666,0.365872532,10.0,0
680.7488,0.36706353999999997,10.0,0
681.2308,0.36827676779999996,10.0,0
681.713,0.3696416445,10.0,0
682.1951,0.3708588842,10.0,0
682.6772,0.3720760386,10.0,0
683.1593,0.373474797,10.0,0
683.6415,0.3746285887,10.0,0
684.1235,0.3761136295,10.0,0
684.6057,0.376938096,10.0,0
685.0878,0.37823927220000003,10.0,0
685.5699,0.3790889921,10.0,0
686.052,0.38017205400000004,10.0,0
686.5342,0.38120699690000004,10.0,0
687.0162,0.38205008970000004,10.0,0
687.4984,0.3830358582,10.0,0
687.9805,0.38373913629999995,10.0,0
688.4626,0.3848593278,10.0,0
688.9447,0.385819385,10.0,0
689.4269,0.38665287130000003,10.0,0
689.9089,0.3877718068,10.0,0
690.3911,0.3888318049,10.0,0
690.8732,0.3898482001,10.0,0
691.3553,0.39084086030000004,10.0,0
691.8374,0.3918845152,10.0,0
692.3196,0.3929181937,10.0,0
692.8016,0.3937224582,10.0,0
693.2838,0.3948697748,10.0,0
693.7659,0.3958323603,10.0,0
694.248,0.396516029,10.0,0
694.7301,0.3969577375,10.0,0
695.2123,0.3975612838,10.0,0
695.6943,0.3980933107,10.0,0
696.1765,0.398475734,10.0,0
696.6586,0.3991169602,10.0,0
697.1407,0.39944158799999996,10.0,0
697.6228,0.3996080551,10.0,0
698.105,0.40000451810000004,10.0,0
698.587,0.400250969,10.0,0
699.0692,0.4003801359,10.0,0
699.5513,0.4008230201,10.0,0
700.0334,0.40094729710000004,10.0,0
700.5155,0.4009705004,10.0,0
700.9977,0.4013135692,10.0,0
701.4797,0.4014753966,10.0,0
701.9619,0.40140297599999997,10.0,0
702.444,0.40151388420000006,10.0,0
702.9261,0.40164058490000004,10.0,0
703.4082,0.4014739524,10.0,0
703.8904,0.401706223,10.0,0
704.3724,0.4015554874,10.0,0
704.8546,0.40160578039999995,10.0,0
705.3367,0.4012479014,10.0,0
705.8188,0.401109644,10.0,0
706.3009,0.4008060294,10.0,0
706.7831,0.4007437514,10.0,0
707.2651,0.4009432837,10.0,0
707.7473,0.40069557889999996,10.0,0
708.2294,0.40060318959999996,10.0,0
708.7115,0.4006255241,10.0,0
709.1936,0.400552964,10.0,0
709.6758,0.4005267094,10.0,0
710.1578,0.4005806172,10.0,0
710.64,0.40085881720000005,10.0,0
711.1221,0.4006924152,10.0,0
711.6042,0.4009081894,10.0,0
712.0863,0.4008613483,10.0,0
712.5685,0.401034208,10.0,0
713.0505,0.40142365859999996,10.0,0
713.5327,0.40156761510000005,10.0,0
714.0148,0.4021273015,10.0,0
714.4969,0.40256317869999997,10.0,0
714.979,0.4031513239,10.0,0
715.4612,0.4036366801,10.0,0
715.9432,0.4042593748,10.0,0
716.4254,0.4051462265,10.0,0
716.9075,0.4058198515,10.0,0
717.3896,0.4067351859,10.0,0
717.8717,0.4079144219,10.0,0
718.3539,0.40883340869999996,10.0,0
718.8359,0.4100812936,10.0,0
719.3181,0.4113063929,10.0,0
719.8002,0.4126437202,10.0,0
720.2823,0.41407784599999997,10.0,0
720.7644,0.4155177856,10.0,0
721.2466,0.41695135980000003,10.0,0
721.7286,0.41883433439999995,10.0,0
722.2108,0.4205796735,10.0,0
722.6929,0.42211646799999997,10.0,0
723.175,0.4236848746,10.0,0
723.6571,0.42544407,10.0,0
724.1393,0.42729461129999996,10.0,0
724.6213,0.4286376877,10.0,0
725.1035,0.43020257209999996,10.0,0
725.5856,0.43165752840000005,10.0,0
726.0677,0.4332572774,10.0,0
726.5498,0.4347166354,10.0,0
727.032,0.43628363049999996,10.0,0
727.514,0.4374492654,10.0,0
727.9962,0.4388524032,10.0,0
728.4783,0.4400621608,10.0,0
728.9604,0.4412199803,10.0,0
729.4425,0.4424715376,10.0,0
729.9247,0.44353350069999997,10.0,0
730.4067,0.4447979632,10.0,0
730.8889,0.44533696380000004,10.0,0
731.371,0.4462906086,10.0,0
731.8531,0.4468546176,10.0,0
732.3352,0.44773820389999996,10.0,0
732.8174,0.44834192209999996,10.0,0
733.2994,0.4488317958,10.0,0
733.7816,0.4491359851,10.0,0
734.2637,0.449907561,10.0,0
734.7458,0.4500694494,10.0,0
735.2279,0.4506343911,10.0,0
735.7101,0.4510380887,10.0,0
736.1921,0.4513798183,10.0,0
736.6743,0.4516365511,10.0,0
737.1564,0.4520797982,10.0,0
737.6385,0.4523740263,10.0,0
738.1206,0.4526729355,10.0,0
738.6028,0.4531433599,10.0,0
739.0848,0.4535314402,10.0,0
739.567,0.45393890929999997,10.0,0
740.0491,0.4543935958,10.0,0
740.5312,0.4552868383,10.0,0
741.0133,0.45600110790000004,10.0,0
741.4955,0.4567936764,10.0,0
741.9775,0.4578454984,10.0,0
742.4597,0.45897729490000005,10.0,0
742.9418,0.4603169653,10.0,0
743.424,0.4616651822,10.0,0
743.906,0.4633512009,10.0,0
744.3882,0.4648236699,10.0,0
744.8702,0.4664070643,10.0,0
745.3524,0.4681384563,10.0,0
745.8345,0.469865286,10.0,0
746.3167,0.4717056547,10.0,0
746.7987,0.4736130366,10.0,0
747.2809,0.4755113836,10.0,0
747.7629,0.4770553865,10.0,0
748.2451,0.47897044190000004,10.0,0
748.7272,0.4808905443,10.0,0
749.2094,0.4821881011,10.0,0
749.6914,0.4839552002,10.0,0
750.1736,0.48561153879999996,10.0,0
750.6556,0.4869040852,10.0,0
751.1378,0.4884655731,10.0,0
751.6199,0.4897464762,10.0,0
752.1021,0.491065119,10.0,0
752.5841,0.4920368691,10.0,0
753.0663,0.4932192654,10.0,0
753.5483,0.4945519694,10.0,0
754.0305,0.49552654840000004,10.0,0
754.5126,0.4965590269,10.0,0
754.9948,0.49780575390000004,10.0,0
755.4768,0.4987079847,10.0,0
755.959,0.5000217631,10.0,0
756.441,0.5010879679,10.0,0
756.9232,0.5022932823,10.0,0
757.4053,0.5039122249,10.0,0
757.8875,0.505421058,10.0,0
758.3695,0.5068802356,10.0,0
758.8517,0.5088979324999999,10.0,0
759.3337,0.5108702659,10.0,0
759.8159,0.5126818912000001,10.0,0
760.298,0.5148767776,10.0,0
760.7802,0.5170225029000001,10.0,0
761.2622,0.519253809,10.0,0
761.7444,0.5215173183,10.0,0
762.2264,0.5237381903,10.0,0
762.7086,0.5258045083999999,10.0,0
763.1907,0.5279221589,10.0,0
763.6729,0.5298027932,10.0,0
764.1549,0.5317125935,10.0,0
764.6371,0.5335499177999999,10.0,0
765.1191,0.5351685896,10.0,0
765.6013,0.5366923813,10.0,0
766.0834,0.5384114419,10.0,0
766.5656,0.5401206927,10.0,0
767.0476,0.5415465218,10.0,0
767.5298,0.5432720227,10.0,0
768.0118,0.5451995846,10.0,0
768.494,0.5472617182,10.0,0
768.9761,0.5492967829,10.0,0
769.4583,0.5513571845,10.0,0
769.9403,0.5540821159,10.0,0
770.4225,0.5563058398999999,10.0,0
770.9045,0.5588996482999999,10.0,0
771.3867,0.5617615678,10.0,0
771.8688,0.5643778455999999,10.0,0
772.351,0.5670248907,10.0,0
772.833,0.5698080376,10.0,0
773.3152,0.5724445121,10.0,0
773.7972,0.5751752569,10.0,0
774.2794,0.5780531776,10.0,0
774.7615,0.5805445679000001,10.0,0
775.2437,0.583452051,10.0,0
775.7257,0.5864899857,10.0,0
776.2079,0.5893918568000001,10.0,0
776.6899,0.5925007259,10.0,0
777.1721,0.5955415275,10.0,0
777.6542,0.598798099,10.0,0
778.1364,0.60188147,10.0,0
778.6184,0.6051516777,10.0,0
779.1006,0.6083941049,10.0,0
779.5826,0.6119813163,10.0,0
780.0648,0.6153575613000001,10.0,0
780.5469,0.6188220487,10.0,0
781.0291,0.6225256187,10.0,0
781.5111,0.6260301408,10.0,0
781.9933,0.6297920978,10.0,0
782.4753,0.6337874848,10.0,0
782.9575,0.63774777,10.0,0
783.4396,0.641770809,10.0,0
783.9218,0.6458962624,10.0,0
784.4038,0.6504645374,10.0,0
784.886,0.654836387,10.0,0
785.368,0.6594319396999999,10.0,0
785.8502,0.6641313126999999,10.0,0
786.3323,0.6689606961,10.0,0
786.8145,0.6741782432,10.0,0
787.2965,0.6794552168,10.0,0
787.7787,0.6846720451999999,10.0,0
788.2607,0.6904291698,10.0,0
788.7429,0.6965089946,10.0,0
789.225,0.702658848,10.0,0
789.7072,0.7091333116,10.0,0
790.1892,0.7158848736,10.0,0
790.6714,0.723017423,10.0,0
791.1534,0.7305487785,10.0,0
791.6356,0.7383961879000001,10.0,0
792.1177,0.7468286214,10.0,0
792.5999,0.7559001832,10.0,0
793.0819,0.7652792479,10.0,0
793.5641,0.7757222112,10.0,0
794.0461,0.7865437303999999,10.0,0
794.5283,0.7981055902,10.0,0
795.0104,0.8102954106,10.0,0
795.4926,0.8227404234,10.0,0
795.9746,0.8354030788,10.0,0
796.4568,0.8481694003,10.0,0
796.9388,0.8606954548,10.0,0
797.421,0.8729762935,10.0,0
797.9031,0.8843874624999999,10.0,0
798.3853,0.8947435337999999,10.0,0
798.8673,0.9040100986999999,10.0,0
799.3495,0.9122311765000001,10.0,0
799.8315,0.9192215860999999,10.0,0
800.3137,0.9248662516,10.0,0
800.7958,0.9298451831,10.0,0
801.278,0.9335603179,10.0,0
801.76,0.9367934132000001,10.0,0
802.2422,0.939039385,10.0,0
802.7242,0.9407022856,10.0,0
803.2064,0.9424031476,10.0,0
803.6885,0.9434717372,10.0,0
804.1707,0.9443420505,10.0,0
804.6527,0.9451848258,10.0,0
805.1349,0.9458036454000001,10.0,0
805.6169,0.9464217841,10.0,0
806.0991,0.9470398908,10.0,0
806.5812,0.9473140234999999,10.0,0
807.0634,0.9479387395000001,10.0,0
807.5454,0.94823934,10.0,0
808.0276,0.9485538914999999,10.0,0
808.5096,0.9488633505999999,10.0,0
808.9918,0.9491628206,10.0,0
809.4739,0.9494555617,10.0,0
809.9561,0.949829641,10.0,0
810.4381,0.9502190281,10.0,0
810.9203,0.9502610842,10.0,0
811.4023,0.9504037571,10.0,0
811.8845,0.9507063121,10.0,0
812.3666,0.9509486303,10.0,0
812.8488,0.9510328858,10.0,0
813.3308,0.9511722458,10.0,0
813.813,0.9513764749000001,10.0,0
814.295,0.9517034200000001,10.0,0
814.7772,0.9515827749,10.0,0
815.2593,0.9516697184999999,10.0,0
815.7415,0.9519640326,10.0,0
816.2235,0.9520724679999999,10.0,0
816.7057,0.9522705383000001,10.0,0
817.1877,0.9524407944,10.0,0
817.6699,0.9524714269000001,10.0,0
818.152,0.952662784,10.0,0
818.6342,0.9530526955999999,10.0,0
819.1162,0.9532606106,10.0,0
819.5984,0.9532436902000001,10.0,0
820.0804,0.9533095552,10.0,0
820.5626,0.9534893823,10.0,0
821.0447,0.9535341237,10.0,0
821.5269,0.9536694239000001,10.0,0
822.0089,0.9537111645,10.0,0
822.4911,0.9536459775999999,10.0,0
822.9731,0.9534008006000001,10.0,0
823.4553,0.9536263965,10.0,0
823.9374,0.9535510386,10.0,0
824.4196,0.953672371,10.0,0
824.9016,0.953313387,10.0,0
825.3838,0.9532999835,10.0,0
825.8658,0.9533808238,10.0,0
826.348,0.953294839,10.0,0
826.8301,0.9531711247,10.0,0
827.3123,0.953396006,10.0,0
827.7943,0.9534665553,10.0,0
828.2765,0.9532346667,10.0,0
828.7585,0.9534717313000001,10.0,0
829.2407,0.9535542553999999,10.0,0
829.7228,0.9537530062999999,10.0,0
830.205,0.9537769898,10.0,0
830.687,0.9537280221000001,10.0,0
831.1692,0.9536847650999999,10.0,0
831.6512,0.9537561381999999,10.0,0
832.1334,0.9535438668,10.0,0
832.6155,0.9538499492,10.0,0
833.0977,0.9535726891,10.0,0
833.5797,0.9535153504,10.0,0
834.0619,0.9535704086,10.0,0
834.5439,0.9534070327,10.0,0
835.0261,0.9532777116,10.0,0
835.5082,0.9532593034999999,10.0,0
835.9904,0.9530434432,10.0,0
836.4724,0.9531707197,10.0,0
836.9546,0.952972311,10.0,0
837.4366,0.9529307201999999,10.0,0
837.9188,0.9528753306,10.0,0
838.4009,0.9529580333,10.0,0
838.8831,0.9527922828,10.0,0
839.3651,0.9525199447999999,10.0,0
839.8473,0.952538989,10.0,0
840.3293,0.9526303862000001,10.0,0
840.8115,0.9522999469,10.0,0
841.2936,0.9523201818,10.0,0
841.7758,0.9521626983,10.0,0
842.2578,0.9520924909999999,10.0,0
842.74,0.9522560574000001,10.0,0
843.222,0.9520593126,10.0,0
843.7042,0.9520298694,10.0,0
844.1863,0.9520036709999999,10.0,0
844.6685,0.952028825,10.0,0
845.1505,0.9521296331000001,10.0,0
845.6327,0.9520833191,10.0,0
846.1147,0.9523688217,10.0,0
846.5969,0.9523880115,10.0,0
847.079,0.9523079294,10.0,0
847.5612,0.9522700786999999,10.0,0
848.0432,0.9523928986999999,10.0,0
848.5254,0.9523253574,10.0,0
849.0074,0.9522826342999999,10.0,0
849.4896,0.95197385,10.0,0
849.9717,0.9522061647,10.0,0
850.4539,0.9520099349,10.0,0
850.9359,0.9521846868,10.0,0
851.4181,0.9520761034999999,10.0,0
851.9001,0.9521141538000001,10.0,0
852.3823,0.9521821531000001,10.0,0
852.8644,0.952204256,10.0,0
853.3466,0.9521588903999999,10.0,0
853.8286,0.9519116438999999,10.0,0
854.3108,0.9521822769,10.0,0
854.7928,0.9520455871,10.0,0
855.275,0.9520617520000001,10.0,0
855.7571,0.9520977956,10.0,0
856.2393,0.9521341192,10.0,0
856.7213,0.9519044743,10.0,0
857.2035,0.9518596614,10.0,0
857.6855,0.9519821811,10.0,0
858.1677,0.9517178397000001,10.0,0
858.6498,0.9521481712000001,10.0,0
859.132,0.951961759,10.0,0
859.614,0.9520707916000001,10.0,0
860.0962,0.9519196321,10.0,0
860.5782,0.9519961447,10.0,0
861.0604,0.9519306693,10.0,0
861.5425,0.9519909725,10.0,0
862.0247,0.9519678153,10.0,0
862.5067,0.951926769,10.0,0
862.9889,0.9519798092,10.0,0
863.4709,0.9516987953,10.0,0
863.9531,0.9518753635999999,10.0,0
864.4352,0.9517255247,10.0,0
864.9174,0.9518392896000001,10.0,0
865.3994,0.9515525232,10.0,0
865.8816,0.9516464360000001,10.0,0
866.3636,0.9517453686999999,10.0,0
866.8458,0.9515367154000001,10.0,0
867.3279,0.9515318317000001,10.0,0
867.8101,0.9515977542999999,10.0,0
868.2921,0.9516189219000001,10.0,0
868.7743,0.9512036091,10.0,0
869.2563,0.9514094284,10.0,0
869.7385,0.9510538219,10.0,0
870.2206,0.9509010524,10.0,0
870.7028,0.9509172121,10.0,0
871.1848,0.9506595431,10.0,0
871.667,0.9504116442999999,10.0,0
872.149,0.9503979155000001,10.0,0
872.6312,0.950249557,10.0,0
873.1133,0.9501312646,10.0,0
873.5955,0.9501622097000001,10.0,0
874.0775,0.9499652319999999,10.0,0
874.5597,0.9498974405,10.0,0
875.0417,0.9497202469,10.0,0
875.5239,0.9498406384,10.0,0
876.006,0.9495220109,10.0,0
876.4882,0.9493799312,10.0,0
876.9702,0.9493418938000001,10.0,0
877.4524,0.9491053041,10.0,0
877.9344,0.9491500508999999,10.0,0
878.4166,0.949197518,10.0,0
878.8987,0.9490841686,10.0,0
879.3809,0.9490601589000001,10.0,0
879.8629,0.9490567413,10.0,0
880.3451,0.9490309177,10.0,0
880.8271,0.9487677915,10.0,0
881.3093,0.9488747322000001,10.0,0
881.7914,0.9488278593,10.0,0
882.2736,0.9487843745000001,10.0,0
882.7556,0.9485654842,10.0,0
883.2378,0.9485714026,10.0,0
883.7198,0.9481505158,10.0,0
884.202,0.9480581363,10.0,0
884.6841,0.9478730253000001,10.0,0
885.1663,0.9476618977,10.0,0
885.6483,0.9475808157,10.0,0
886.1305,0.9470959255,10.0,0
886.6125,0.9469721194,10.0,0
887.0947,0.946804654,10.0,0
887.5768,0.9470039119,10.0,0
888.059,0.946463332,10.0,0
888.541,0.9463156132999999,10.0,0
889.0232,0.9461675812999999,10.0,0
889.5052,0.9460492906,10.0,0
889.9874,0.9458629074,10.0,0
890.4695,0.9460465524,10.0,0
890.9517,0.9456216891,10.0,0
891.4337,0.9456946693,10.0,0
891.9159,0.945654348,10.0,0
892.3979,0.9455113531000001,10.0,0
892.8801,0.9453541882000001,10.0,0
893.3622,0.9452698458000001,10.0,0
893.8444,0.9450813075000001,10.0,0
894.3264,0.9450393939999999,10.0,0
894.8086,0.9450406254000001,10.0,0
895.2906,0.9448127212999999,10.0,0
895.7728,0.9447749712,10.0,0
896.2549,0.944771224,10.0,0
896.7371,0.9447157291,10.0,0
897.2191,0.944634843,10.0,0
897.7013,0.9444945094,10.0,0
898.1833,0.9444323910999999,10.0,0
898.6655,0.9444160616,10.0,0
899.1476,0.9442654708,10.0,0
899.6298,0.9444274835,10.0,0
900.1118,0.9441368402000001,10.0,0
900.594,0.9438240233,10.0,0
901.076,0.9438976128000001,10.0,0
901.5582,0.9436282882,10.0,0
902.0403,0.9433439907000001,10.0,0
902.5225,0.9434700080999999,10.0,0
903.0045,0.9431995777000001,10.0,0
903.4867,0.9429351619,10.0,0
903.9688,0.9429280309000001,10.0,0
904.4509,0.9428622648,10.0,0
904.933,0.9426974163,10.0,0
905.4152,0.9425073272,10.0,0
905.8972,0.9421549738999999,10.0,0
906.3794,0.9419008083999999,10.0,0
906.8615,0.9417770374,10.0,0
907.3436,0.9415981284,10.0,0
907.8257,0.9413097917000001,10.0,0
908.3079,0.9412257823,10.0,0
908.7899,0.9412487959000001,10.0,0
909.2721,0.9410818819000001,10.0,0
909.7542,0.9407297576000001,10.0,0
910.2363,0.9406919742,10.0,0
910.7184,0.9408774182,10.0,0
911.2006,0.9405833959000001,10.0,0
911.6826,0.9405269743,10.0,0
912.1647,0.9407443639,10.0,0
912.6469,0.9404867991,10.0,0
913.129,0.94056949,10.0,0
913.6111,0.9404481482,10.0,0
914.0932,0.9402400746,10.0,0
914.5753,0.9401808952,10.0,0
915.0574,0.9399957431999999,10.0,0
915.5396,0.9395955967999999,10.0,0
916.0217,0.9395955649,10.0,0
916.5038,0.9392913181,10.0,0
916.9859,0.9390721811,10.0,0
917.468,0.9387451808999999,10.0,0
917.9501,0.9385295194,10.0,0
918.4323,0.9381936494,10.0,0
918.9144,0.9380722326,10.0,0
919.3965,0.9373609068000001,10.0,0
919.8786,0.9370784266,10.0,0
920.3607,0.9367890539,10.0,0
920.8428,0.9365277454,10.0,0
921.325,0.9362737529999999,10.0,0
921.8071,0.9358504164,10.0,0
922.2892,0.9353438298000001,10.0,0
922.7713,0.9349943025,10.0,0
923.2534,0.9344316019,10.0,0
923.7355,0.9341698246,10.0,0
924.2177,0.9335872149,10.0,0
924.6998,0.9332084450000001,10.0,0
925.1819,0.9327129207,10.0,0
925.664,0.93228387,10.0,0
926.1461,0.9317972967999999,10.0,0
926.6282,0.931054275,10.0,0
927.1104,0.9305028479,10.0,0
927.5925,0.9298277208000001,10.0,0
928.0746,0.9290314284,10.0,0
928.5567,0.9284956893999999,10.0,0
929.0388,0.9275590751999999,10.0,0
929.5209,0.9266235079,10.0,0
930.0031,0.9259713557000001,10.0,0
930.4852,0.925208824,10.0,0
930.9673,0.9245682250999999,10.0,0
931.4494,0.9238430541,10.0,0
931.9315,0.923114296,10.0,0
932.4136,0.9222700953,10.0,0
932.8958,0.9215425479,10.0,0
933.3779,0.920894541,10.0,0
933.86,0.9199437292,10.0,0
934.3421,0.9191290317,10.0,0
934.8242,0.9182281373,10.0,0
935.3063,0.916845857,10.0,0
935.7885,0.9158537535000001,10.0,0
936.2706,0.9144165978,10.0,0
936.7527,0.9132483908000001,10.0,0
937.2348,0.9118759714,10.0,0
937.7169,0.910803449,10.0,0
938.199,0.9094152898,10.0,0
938.6812,0.9081607507,10.0,0
939.1633,0.9073057345,10.0,0
939.6454,0.9062483434,10.0,0
940.1275,0.9055649599,10.0,0
940.6096,0.9051852031,10.0,0
941.0917,0.9046898912,10.0,0
941.5739,0.9044385944,10.0,0
942.056,0.9041213777999999,10.0,0
942.5381,0.9041258247,10.0,0
943.0202,0.9041440506,10.0,0
943.5023,0.9040510301000001,10.0,0
943.9844,0.903903714,10.0,0
944.4666,0.9039393948,10.0,0
944.9487,0.9035146089,10.0,0
945.4308,0.9032000290000001,10.0,0
945.9129,0.9028832403,10.0,0
946.395,0.9023124172,10.0,0
946.8771,0.9014318419999999,10.0,0
947.3593,0.9007986092,10.0,0
947.8414,0.8998796732,10.0,0
948.3235,0.8986757619,10.0,0
948.8056,0.8975230184,10.0,0
949.2877,0.8962737346999999,10.0,0
949.7698,0.8947364584,10.0,0
950.252,0.8931032661,10.0,0
950.7341,0.8914818635999999,10.0,0
951.2162,0.8900599248000001,10.0,0
951.6983,0.8882492474999999,10.0,0
952.1804,0.886318162,10.0,0
952.6625,0.8843774202,10.0,0
953.1447,0.882188458,10.0,0
953.6268,0.8799849821,10.0,0
954.1089,0.8777546036,10.0,0
954.591,0.8750593447999999,10.0,0
955.0731,0.8721918455,10.0,0
955.5552,0.8691308449,10.0,0
956.0374,0.8657152813000001,10.0,0
956.5195,0.8618663859,10.0,0
957.0016,0.8576476701,10.0,0
957.4837,0.85310016,10.0,0
957.9658,0.8474726794999999,10.0,0
958.4479,0.8415611659,10.0,0
958.9301,0.834668564,10.0,0
959.4122,0.8271765727,10.0,0
959.8943,0.8188487729,10.0,0
960.3764,0.8097495979999999,10.0,0
960.8585,0.8001608202,10.0,0
961.3406,0.7901385226,10.0,0
961.8228,0.7801955728,10.0,0
962.3049,0.770183242,10.0,0
962.787,0.7611172481,10.0,0
963.2691,0.7521905707000001,10.0,0
963.7512,0.7445428849,10.0,0
964.2333,0.7374401693,10.0,0
964.7155,0.7309959292000001,10.0,0
965.1976,0.7253126015,10.0,0
965.6797,0.7194480015000001,10.0,0
966.1618,0.7132603029000001,10.0,0
966.6439,0.7059790033,10.0,0
967.126,0.6975106531999999,10.0,0
967.6082,0.6873045365999999,10.0,0
968.0903,0.674563004,10.0,0
968.5724,0.6595805807,10.0,0
969.0545,0.6417474414000001,10.0,0
969.5366,0.6207364029,10.0,0
970.0187,0.5970395376,10.0,0
970.5009,0.5702443114,10.0,0
970.983,0.5406950067999999,10.0,0
971.4651,0.5080024641,10.0,0
971.9472,0.4728083233,10.0,0
972.4293,0.435387717,10.0,0
972.9114,0.3961613912,10.0,0
973.3936,0.355477911,10.0,0
973.8757,0.3147884941,10.0,0
974.3578,0.2742546291,10.0,0
974.8399,0.2348081974,10.0,0
975.322,0.1975126929,10.0,0
975.8041,0.1637526034,10.0,0
976.2863,0.1334600694,10.0,0
976.7684,0.1074829833,10.0,0
977.2505,0.08683173073,10.0,0
977.7326,0.07103271795999999,10.0,0
978.2147,0.06026165829,10.0,0
978.6968,0.0540105331,10.0,0
979.179,0.05214873551,10.0,0
979.6611,0.053577691200000006,10.0,0
980.1432,0.05804198993,10.0,0
980.6253,0.06445128319,10.0,0
981.1074,0.07165898295,10.0,0
981.5895,0.07968550933,10.0,0
982.0717,0.08745480612999999,10.0,0
982.5538,0.09506929196,10.0,0
983.0359,0.1014310645,10.0,0
983.518,0.10657498130000001,10.0,0
984.0001,0.1108337008,10.0,0
984.4822,0.1134907901,10.0,0
984.9644,0.1150605701,10.0,0
985.4465,0.1154895256,10.0,0
985.9286,0.11492319309999999,10.0,0
986.4107,0.1127933047,10.0,0
986.8928,0.1104392318,10.0,0
987.3749,0.1072780646,10.0,0
987.8571,0.1030558867,10.0,0
988.3392,0.09895767242,10.0,0
988.8213,0.09434534601,10.0,0
989.3034,0.08925833823,10.0,0
989.7855,0.08429643272,10.0,0
990.2676,0.07961977986,10.0,0
990.7498,0.07441576199,10.0,0
991.2319,0.06981282135,10.0,0
991.714,0.06512680443,10.0,0
992.1961,0.0603603553,10.0,0
992.6782,0.056380198769999994,10.0,0
993.1603,0.05225176875,10.0,0
993.6425,0.04893923944,10.0,0
994.1246,0.045564421509999994,10.0,0
994.6067,0.0426091001,10.0,0
995.0888,0.03969846338,10.0,0
995.5709,0.03746761949,10.0,0
996.053,0.03524511171,10.0,0
996.5352,0.03348603802,10.0,0
997.0173,0.03202702651,10.0,0
997.4994,0.03063509809,10.0,0
997.9815,0.029761229509999997,10.0,0
998.4636,0.028958970480000002,10.0,0
998.9457,0.0286935148,10.0,0
999.4279,0.02829861503,10.0,0
999.91,0.028383994189999998,10.0,0
1000.392,0.02842947841,10.0,0
1000.874,0.02894105895,10.0,0
1001.356,0.029492816180000003,10.0,0
1001.838,0.03015509404,10.0,0
1002.321,0.030862651579999997,10.0,0
1002.803,0.03194670074,10.0,0
1003.285,0.03270270574,10.0,0
1003.767,0.034049940849999995,10.0,0
1004.249,0.034627427520000004,10.0,0
1004.731,0.03574978658,10.0,0
1005.213,0.036788018469999996,10.0,0
1005.695,0.037717323569999996,10.0,0
1006.177,0.03893303642,10.0,0
1006.66,0.03988919355,10.0,0
1007.142,0.04068704976,10.0,0
1007.624,0.041683564439999994,10.0,0
1008.106,0.04258768092,10.0,0
1008.588,0.04336193193,10.0,0
1009.07,0.04391530869,10.0,0
1009.552,0.0445168372,10.0,0
1010.034,0.045205053380000006,10.0,0
1010.517,0.04564827102,10.0,0
1010.999,0.0460327891,10.0,0
1011.481,0.04624887964,10.0,0
1011.963,0.04665065187,10.0,0
1012.445,0.046787876529999994,10.0,0
1012.927,0.046717627979999996,10.0,0
1013.409,0.04648189285,10.0,0
1013.891,0.04668177922,10.0,0
1014.373,0.046340991770000006,10.0,0
1014.856,0.04621610991,10.0,0
1015.338,0.04576390317,10.0,0
1015.82,0.0451595423,10.0,0
1016.302,0.04441618353,10.0,0
1016.784,0.04360192653,10.0,0
1017.266,0.04288258795,10.0,0
1017.748,0.04190721732,10.0,0
1018.23,0.040892410979999995,10.0,0
1018.713,0.03983297687,10.0,0
1019.195,0.038799717,10.0,0
1019.677,0.03764783763,10.0,0
1020.159,0.03619290385,10.0,0
1020.641,0.03509521769,10.0,0
1021.123,0.0339783803,10.0,0
1021.605,0.03258005864,10.0,0
1022.087,0.03129150612,10.0,0
1022.569,0.02971166345,10.0,0
1023.052,0.028728560719999997,10.0,0
1023.534,0.027223699980000002,10.0,0
1024.016,0.025991239689999997,10.0,0
1024.498,0.02452887631,10.0,0
1024.98,0.02339611626,10.0,0
1025.462,0.02223358201,10.0,0
1025.944,0.02081812104,10.0,0
1026.426,0.01969412436,10.0,0
1026.908,0.01847913866,10.0,0
1027.391,0.0172452032,10.0,0
1027.873,0.01598348168,10.0,0
1028.355,0.01493133887,10.0,0
1028.837,0.01397197027,10.0,0
1029.319,0.012971288219999998,10.0,0
1029.801,0.01208248528,10.0,0
1030.283,0.0112392489,10.0,0
1030.765,0.01047244942,10.0,0
1031.248,0.00961496456,10.0,0
1031.73,0.00904455784,10.0,0
1032.212,0.00851670281,10.0,0
1032.694,0.00803413069,10.0,0
1033.176,0.00710059056,10.0,0
1033.658,0.0069503124,10.0,0
1034.14,0.00670558484,10.0,0
1034.622,0.0064820282900000005,10.0,0
1035.104,0.00639072093,10.0,0
1035.587,0.00648510889,10.0,0
1036.069,0.006442407650000001,10.0,0
1036.551,0.006360933829999999,10.0,0
1037.033,0.0064906643600000005,10.0,0
1037.515,0.00670330735,10.0,0
1037.997,0.00691773457,10.0,0
1038.479,0.007290688910000001,10.0,0
1038.961,0.007707738320000001,10.0,0
1039.444,0.00800714648,10.0,0
1039.926,0.008765632209999999,10.0,0
1040.408,0.00901243594,10.0,0
1040.89,0.00989429481,10.0,0
1041.372,0.01076735998,10.0,0
1041.854,0.011470811889999998,10.0,0
1042.336,0.01243915369,10.0,0
1042.818,0.01335526014,10.0,0
1043.301,0.014098908640000001,10.0,0
1043.783,0.01538324701,10.0,0
1044.265,0.01636014109,10.0,0
1044.747,0.01745158621,10.0,0
1045.229,0.01865813798,10.0,0
1045.711,0.01989075738,10.0,0
1046.193,0.02104307286,10.0,0
1046.675,0.022214501860000003,10.0,0
1047.157,0.02348736455,10.0,0
1047.64,0.02468022495,10.0,0
1048.122,0.02623430407,10.0,0
1048.604,0.02759979338,10.0,0
1049.086,0.02900910051,10.0,0
1049.568,0.0301545394,10.0,0
1050.05,0.03146246359,10.0,0
1050.532,0.033067412909999996,10.0,0
1051.014,0.03441552034,10.0,0
1051.496,0.03568802635,10.0,0
1051.979,0.03726800448,10.0,0
1052.461,0.03866158989,10.0,0
1052.943,0.04023174408,10.0,0
1053.425,0.04146675057,10.0,0
1053.907,0.04319572874,10.0,0
1054.389,0.044541137409999994,10.0,0
1054.871,0.04592902626,10.0,0
1055.353,0.04759908685,10.0,0
1055.835,0.048973785730000004,10.0,0
1056.318,0.05066286905,10.0,0
1056.8,0.05201320722,10.0,0
1057.282,0.05322944514,10.0,0
1057.764,0.054740314559999996,10.0,0
1058.246,0.05620050955,10.0,0
1058.728,0.05782632024,10.0,0
1059.21,0.05925923165,10.0,0
1059.692,0.060650265599999996,10.0,0
1060.175,0.06190303063,10.0,0
1060.657,0.06339181899,10.0,0
1061.139,0.06477104361000001,10.0,0
1061.621,0.06608747103,10.0,0
1062.103,0.06737357364,10.0,0
1062.585,0.06865516075,10.0,0
1063.067,0.06979466806,10.0,0
1063.549,0.0711591603,10.0,0
1064.031,0.07234030669,10.0,0
1064.514,0.07318493938,10.0,0
1064.996,0.07428418918,10.0,0
1065.478,0.07523409683,10.0,0
1065.96,0.07645261674,10.0,0
1066.442,0.07772982546,10.0,0
1066.924,0.07833314063999999,10.0,0
1067.406,0.07946185683000001,10.0,0
1067.888,0.08044212732,10.0,0
1068.371,0.08118096747999999,10.0,0
1068.853,0.08201189681000001,10.0,0
1069.335,0.08302421693999999,10.0,0
1069.817,0.08357738617,10.0,0
1070.299,0.08434722795,10.0,0
1070.781,0.08522284013,10.0,0
1071.263,0.08579561516,10.0,0
1071.745,0.08647841745,10.0,0
1072.228,0.08712006499,10.0,0
1072.71,0.08779046634,10.0,0
1073.192,0.08861532690000001,10.0,0
1073.674,0.08940811798000001,10.0,0
1074.156,0.08948471477,10.0,0
1074.638,0.09029876897,10.0,0
1075.12,0.09072337735,10.0,0
1075.602,0.09104448113000001,10.0,0
1076.084,0.09158944178,10.0,0
1076.567,0.09204615646,10.0,0
1077.049,0.09217670768,10.0,0
1077.531,0.09233904711999999,10.0,0
1078.013,0.09297429557999999,10.0,0
1078.495,0.0929313076,10.0,0
1078.977,0.09340623731999999,10.0,0
1079.459,0.09333275493,10.0,0
1079.941,0.09360923828,10.0,0
1080.423,0.09362694000999999,10.0,0
1080.906,0.09375305241,10.0,0
1081.388,0.09377149483,10.0,0
1081.87,0.09405819433,10.0,0
1082.352,0.09423382428,10.0,0
1082.834,0.09427065518,10.0,0
1083.316,0.09420265823,10.0,0
1083.798,0.09424260023,10.0,0
1084.28,0.09410759231,10.0,0
1084.762,0.09424361197,10.0,0
1085.245,0.09418984273,10.0,0
1085.727,0.09439426130999999,10.0,0
1086.209,0.09418383584000001,10.0,0
1086.691,0.09427972925,10.0,0
1087.173,0.0940581263,10.0,0
1087.655,0.09388393129,10.0,0
1088.137,0.09369683889,10.0,0
1088.619,0.09348581336,10.0,0
1089.102,0.0932129958,10.0,0
1089.584,0.09291686111000001,10.0,0
1090.066,0.09270937367,10.0,0
1090.548,0.09234759504,10.0,0
1091.03,0.09221059124,10.0,0
1091.512,0.09168904034,10.0,0
1091.994,0.09177258458000001,10.0,0
1092.476,0.09098130251,10.0,0
1092.958,0.09081513807000001,10.0,0
1093.441,0.09044248349,10.0,0
1093.923,0.09022534659999999,10.0,0
1094.405,0.08968743173,10.0,0
1094.887,0.0893475312,10.0,0
1095.369,0.08892732286999999,10.0,0
1095.851,0.08899251932,10.0,0
1096.333,0.08844340955,10.0,0
1096.815,0.08794967456,10.0,0
1097.298,0.08750136358,10.0,0
1097.78,0.08716090593,10.0,0
1098.262,0.0867751003,10.0,0
1098.744,0.08597786664,10.0,0
1099.226,0.08549653059000001,10.0,0
1099.708,0.08513878697999999,10.0,0
1100.19,0.08464987155999999,10.0,0
1100.672,0.08404430546000001,10.0,0
1101.155,0.08354623717000001,10.0,0
1101.637,0.08279973184999999,10.0,0
1102.119,0.08242966414,10.0,0
1102.601,0.08183221648,10.0,0
1103.083,0.08129539608,10.0,0
1103.565,0.08078120908000001,10.0,0
1104.047,0.08034073993,10.0,0
1104.529,0.07990089712,10.0,0
1105.011,0.07932956524,10.0,0
1105.494,0.07894353647,10.0,0
1105.976,0.07861508794,10.0,0
1106.458,0.07809212339,10.0,0
1106.94,0.07782777565,10.0,0
1107.422,0.0771658984,10.0,0
1107.904,0.07676217432,10.0,0
1108.386,0.07628715611999999,10.0,0
1108.868,0.07585179924,10.0,0
1109.35,0.07517995887,10.0,0
1109.833,0.07491318694,10.0,0
1110.315,0.07443302387,10.0,0
1110.797,0.07396977985,10.0,0
1111.279,0.07367259737000001,10.0,0
1111.761,0.07287472426,10.0,0
1112.243,0.07269994417999999,10.0,0
1112.725,0.07256386978,10.0,0
1113.207,0.07186031637,10.0,0
1113.689,0.07145105482,10.0,0
1114.172,0.07140643263,10.0,0
1114.654,0.07099517092,10.0,0
1115.136,0.07045474752,10.0,0
1115.618,0.07004472521,10.0,0
1116.1,0.06970316208999999,10.0,0
1116.582,0.06940563169,10.0,0
1117.064,0.06893561613,10.0,0
1117.546,0.068630252,10.0,0
1118.029,0.06839257711,10.0,0
1118.511,0.06825028937,10.0,0
1118.993,0.06777353652000001,10.0,0
1119.475,0.06760790808,10.0,0
1119.957,0.06718206469,10.0,0
1120.439,0.06705619336,10.0,0
1120.921,0.06694352395,10.0,0
1121.403,0.06662562776,10.0,0
1121.885,0.06642058717,10.0,0
1122.368,0.06618331838,10.0,0
1122.85,0.06612205524,10.0,0
1123.332,0.06627706538,10.0,0
1123.814,0.06605882984,10.0,0
1124.296,0.06585677417000001,10.0,0
1124.778,0.06577701044,10.0,0
1125.26,0.06597946521,10.0,0
1125.742,0.06585949698,10.0,0
1126.225,0.0658984725,10.0,0
1126.707,0.06582100955999999,10.0,0
1127.189,0.06567343067,10.0,0
1127.671,0.06566128768,10.0,0
1128.153,0.06598956218,10.0,0
1128.635,0.06564806073,10.0,0
1129.117,0.06565916192,10.0,0
1129.599,0.06555725896,10.0,0
1130.082,0.06560852663,10.0,0
1130.564,0.06544441993,10.0,0
1131.046,0.06542357128,10.0,0
1131.528,0.06549691563,10.0,0
1132.01,0.0656090475,10.0,0
1132.492,0.06561935297,10.0,0
1132.974,0.06591764262,10.0,0
1133.456,0.0657010285,10.0,0
1133.938,0.06599059440999999,10.0,0
1134.421,0.06625093578999999,10.0,0
1134.903,0.06635762125,10.0,0
1135.385,0.06652405289,10.0,0
1135.867,0.06674269167,10.0,0
1136.349,0.06711933018999999,10.0,0
1136.831,0.06729176012,10.0,0
1137.313,0.06772789139,10.0,0
1137.795,0.06799275087,10.0,0
1138.277,0.06812358525,10.0,0
1138.76,0.06856991695999999,10.0,0
1139.242,0.06873053909,10.0,0
1139.724,0.06909118309000001,10.0,0
1140.206,0.06962266093,10.0,0
1140.688,0.06968060786,10.0,0
1141.17,0.07019229909,10.0,0
1141.652,0.0704939018,10.0,0
1142.134,0.07083214921,10.0,0
1142.616,0.07131281022,10.0,0
1143.099,0.07187862829,10.0,0
1143.581,0.07241364737,10.0,0
1144.063,0.07258419355,10.0,0
1144.545,0.07297580825,10.0,0
1145.027,0.07354415042000001,10.0,0
1145.509,0.07404831057,10.0,0
1145.991,0.07456720898000001,10.0,0
1146.473,0.07492212639,10.0,0
1146.956,0.07538667831,10.0,0
1147.438,0.07566349939,10.0,0
1147.92,0.07619137241,10.0,0
1148.402,0.07678460028,10.0,0
1148.884,0.07732503148,10.0,0
1149.366,0.07770054043,10.0,0
1149.848,0.07830270797,10.0,0
1150.33,0.07880599256,10.0,0
1150.812,0.07928817815,10.0,0
1151.295,0.0798497068,10.0,0
1151.777,0.08028724731,10.0,0
1152.259,0.08083224766000001,10.0,0
1152.741,0.08140995459000001,10.0,0
1153.223,0.08195763753,10.0,0
1153.705,0.08225219284,10.0,0
1154.187,0.08297151629,10.0,0
1154.669,0.08364119677,10.0,0
1155.152,0.08408411291000001,10.0,0
1155.634,0.08480490886,10.0,0
1156.116,0.08539910845,10.0,0
1156.598,0.08593908872,10.0,0
1157.08,0.08650695838000001,10.0,0
1157.562,0.08729123136,10.0,0
1158.044,0.08788723422,10.0,0
1158.526,0.08862791781,10.0,0
1159.009,0.08925172482,10.0,0
1159.491,0.08978627490999999,10.0,0
1159.973,0.09061266225,10.0,0
1160.455,0.09103705483,10.0,0
1160.937,0.09161397041000001,10.0,0
1161.419,0.09232171709999999,10.0,0
1161.901,0.09297824497000001,10.0,0
1162.383,0.09362974995000001,10.0,0
1162.865,0.09436503547,10.0,0
1163.348,0.09489464330000001,10.0,0
1163.83,0.09544158216,10.0,0
1164.312,0.0961827268,10.0,0
1164.794,0.09679969992,10.0,0
1165.276,0.0972902467,10.0,0
1165.758,0.09816512152,10.0,0
1166.24,0.09872629866,10.0,0
1166.722,0.09921649218,10.0,0
1167.204,0.1000688983,10.0,0
1167.687,0.1004934773,10.0,0
1168.169,0.1013516332,10.0,0
1168.651,0.1018806911,10.0,0
1169.133,0.1024195895,10.0,0
1169.615,0.10312675439999999,10.0,0
1170.097,0.1037053635,10.0,0
1170.579,0.1042652151,10.0,0
1171.061,0.1048112251,10.0,0
1171.543,0.1055695455,10.0,0
1172.026,0.1057990582,10.0,0
1172.508,0.1066830045,10.0,0
1172.99,0.10738027239999999,10.0,0
1173.472,0.1077759668,10.0,0
1173.954,0.10837296950000001,10.0,0
1174.436,0.10905750530000001,10.0,0
1174.918,0.1095209056,10.0,0
1175.4,0.1103018197,10.0,0
1175.883,0.11066792489999999,10.0,0
1176.365,0.1112096326,10.0,0
1176.847,0.111718572,10.0,0
1177.329,0.11234558330000001,10.0,0
1177.811,0.1131302348,10.0,0
1178.293,0.1134634993,10.0,0
1178.775,0.1138997273,10.0,0
1179.257,0.1143269221,10.0,0
1179.74,0.1149382054,10.0,0
1180.222,0.11543663159999999,10.0,0
1180.704,0.11623851569999999,10.0,0
1181.186,0.1165345559,10.0,0
1181.668,0.1170109422,10.0,0
1182.15,0.1175886619,10.0,0
1182.632,0.1179921958,10.0,0
1183.114,0.1186588068,10.0,0
1183.596,0.11911191759999999,10.0,0
1184.079,0.1196524715,10.0,0
1184.561,0.11992927939999999,10.0,0
1185.043,0.1204312822,10.0,0
1185.525,0.1209484683,10.0,0
1186.007,0.1211218308,10.0,0
1186.489,0.12181384830000001,10.0,0
1186.971,0.1223847452,10.0,0
1187.453,0.1226009029,10.0,0
1187.936,0.12303342040000001,10.0,0
1188.418,0.1236232099,10.0,0
1188.9,0.1238177402,10.0,0
1189.382,0.1242751786,10.0,0
1189.864,0.12471867460000001,10.0,0
1190.346,0.1251302569,10.0,0
1190.828,0.1253836394,10.0,0
1191.31,0.126019507,10.0,0
1191.792,0.1262239921,10.0,0
1192.275,0.1266748812,10.0,0
1192.757,0.1271071991,10.0,0
1193.239,0.1272599917,10.0,0
1193.721,0.1275755406,10.0,0
1194.203,0.1280455933,10.0,0
1194.685,0.12827011089999998,10.0,0
1195.167,0.1284587785,10.0,0
1195.649,0.128781555,10.0,0
1196.131,0.1289600554,10.0,0
1196.614,0.1292431334,10.0,0
1197.096,0.12950768000000001,10.0,0
1197.578,0.12962794589999999,10.0,0
1198.06,0.1298297747,10.0,0
1198.542,0.1300955693,10.0,0
1199.024,0.1303328441,10.0,0
1199.506,0.130733705,10.0,0
1199.988,0.1308885867,10.0,0
1200.47,0.1311316285,10.0,0
1200.953,0.1312666374,10.0,0
1201.435,0.1314600031,10.0,0
1201.917,0.1318560855,10.0,0
1202.399,0.131759251,10.0,0
1202.881,0.1320586587,10.0,0
1203.363,0.1322540031,10.0,0
1203.845,0.1324277555,10.0,0
1204.327,0.1324789277,10.0,0
1204.81,0.1326550699,10.0,0
1205.292,0.1325869681,10.0,0
1205.774,0.13274937939999998,10.0,0
1206.256,0.1329504936,10.0,0
1206.738,0.132943079,10.0,0
1207.22,0.1329550188,10.0,0
1207.702,0.133039397,10.0,0
1208.184,0.1331056015,10.0,0
1208.667,0.13325816440000002,10.0,0
1209.149,0.1333421023,10.0,0
1209.631,0.1333025699,10.0,0
1210.113,0.13357471070000002,10.0,0
1210.595,0.1335378028,10.0,0
1211.077,0.1337641344,10.0,0
1211.559,0.13366349160000002,10.0,0
1212.041,0.1336290742,10.0,0
1212.523,0.13374150370000001,10.0,0
1213.006,0.1338299245,10.0,0
1213.488,0.13382102980000002,10.0,0
1213.97,0.1338265169,10.0,0
1214.452,0.1335878264,10.0,0
1214.934,0.133716988,10.0,0
1215.416,0.13365231700000002,10.0,0
1215.898,0.1336401883,10.0,0
1216.38,0.1338785936,10.0,0
1216.863,0.1335471482,10.0,0
1217.345,0.13356185269999998,10.0,0
1217.827,0.13335906420000002,10.0,0
1218.309,0.13349028799999998,10.0,0
1218.791,0.133179406,10.0,0
1219.273,0.133132629,10.0,0
1219.755,0.1329909102,10.0,0
1220.237,0.1331589477,10.0,0
1220.719,0.1329685534,10.0,0
1221.202,0.1326360697,10.0,0
1221.684,0.13285241409999998,10.0,0
1222.166,0.1326160633,10.0,0
1222.648,0.1324343526,10.0,0
1223.13,0.1324571434,10.0,0
1223.612,0.1319656724,10.0,0
1224.094,0.1320935539,10.0,0
1224.576,0.1318312906,10.0,0
1225.058,0.1319141649,10.0,0
1225.541,0.1315748335,10.0,0
1226.023,0.1314125602,10.0,0
1226.505,0.1313569922,10.0,0
1226.987,0.13110381629999998,10.0,0
1227.469,0.13101827330000002,10.0,0
1227.951,0.1307950783,10.0,0
1228.433,0.13034253169999999,10.0,0
1228.915,0.1304857376,10.0,0
1229.397,0.1303017832,10.0,0
1229.88,0.1301296174,10.0,0
1230.362,0.13000854650000002,10.0,0
1230.844,0.1297645204,10.0,0
1231.326,0.12962805160000002,10.0,0
1231.808,0.1290986425,10.0,0
1232.29,0.1292018085,10.0,0
1232.772,0.1289518803,10.0,0
1233.254,0.12860661240000001,10.0,0
1233.737,0.1281535954,10.0,0
1234.219,0.1283779129,10.0,0
1234.701,0.1278728777,10.0,0
1235.183,0.1277815176,10.0,0
1235.665,0.1274606084,10.0,0
1236.147,0.1274984065,10.0,0
1236.629,0.1272451826,10.0,0
1237.111,0.1268285007,10.0,0
1237.594,0.1267487005,10.0,0
1238.076,0.1265066308,10.0,0
1238.558,0.1265264474,10.0,0
1239.04,0.12618408450000002,10.0,0
1239.522,0.1260275664,10.0,0
1240.004,0.1256776308,10.0,0
1240.486,0.1254051494,10.0,0
1240.968,0.1254184925,10.0,0
1241.45,0.1249378012,10.0,0
1241.933,0.1247935837,10.0,0
1242.415,0.1246174418,10.0,0
1242.897,0.1240794732,10.0,0
1243.379,0.1239184981,10.0,0
1243.861,0.123637969,10.0,0
1244.343,0.1232776015,10.0,0
1244.825,0.12320065079999999,10.0,0
1245.307,0.12277357280000001,10.0,0
1245.79,0.122543547,10.0,0
1246.272,0.1222258283,10.0,0
1246.754,0.12206851950000001,10.0,0
1247.236,0.1219365996,10.0,0
1247.718,0.1218422384,10.0,0
1248.2,0.12142524160000001,10.0,0
1248.682,0.1212173982,10.0,0
1249.164,0.1212766287,10.0,0
1249.646,0.12068187820000001,10.0,0
1250.129,0.12074513140000001,10.0,0
1250.611,0.1203585543,10.0,0
1251.093,0.12017372330000001,10.0,0
1251.575,0.12006481790000001,10.0,0
1252.057,0.11997342030000001,10.0,0
1252.539,0.11991965880000001,10.0,0
1253.021,0.11941792720000001,10.0,0
1253.503,0.11938877379999999,10.0,0
1253.985,0.11916072030000001,10.0,0
1254.468,0.1188318418,10.0,0
1254.95,0.1187785926,10.0,0
1255.432,0.11862173309999999,10.0,0
1255.914,0.11823806149999999,10.0,0
1256.396,0.1182002395,10.0,0
1256.878,0.118104216,10.0,0
1257.36,0.11784367330000001,10.0,0
1257.842,0.1176972902,10.0,0
1258.324,0.1173758074,10.0,0
1258.807,0.1173641325,10.0,0
1259.289,0.11714039650000001,10.0,0
1259.771,0.1170045762,10.0,0
1260.253,0.1166491671,10.0,0
1260.735,0.1163934385,10.0,0
1261.217,0.1164196427,10.0,0
1261.699,0.11633566760000001,10.0,0
1262.181,0.1162310869,10.0,0
1262.664,0.115986782,10.0,0
1263.146,0.11581313030000001,10.0,0
1263.628,0.1158375862,10.0,0
1264.11,0.11562606199999999,10.0,0
1264.592,0.115493767,10.0,0
1265.074,0.11523735029999999,10.0,0
1265.556,0.11542325160000001,10.0,0
1266.038,0.11522175949999999,10.0,0
1266.521,0.11504246670000001,10.0,0
1267.003,0.1149899611,10.0,0
1267.485,0.1149161185,10.0,0
1267.967,0.11484765400000001,10.0,0
1268.449,0.11502069300000001,10.0,0
1268.931,0.11500115709999999,10.0,0
1269.413,0.1149885265,10.0,0
1269.895,0.1146752768,10.0,0
1270.377,0.11472284220000001,10.0,0
1270.86,0.1147530703,10.0,0
1271.342,0.1147754935,10.0,0
1271.824,0.1147386048,10.0,0
1272.306,0.1145466646,10.0,0
1272.788,0.1145967955,10.0,0
1273.27,0.1144045696,10.0,0
1273.752,0.1146102529,10.0,0
1274.234,0.11425280389999999,10.0,0
1274.717,0.1142726321,10.0,0
1275.199,0.11426985840000001,10.0,0
1275.681,0.1141959803,10.0,0
1276.163,0.11441716689999999,10.0,0
1276.645,0.1143890842,10.0,0
1277.127,0.11439553139999999,10.0,0
1277.609,0.1143070549,10.0,0
1278.091,0.1145349542,10.0,0
1278.573,0.1145057409,10.0,0
1279.056,0.1146434042,10.0,0
1279.538,0.1146938624,10.0,0
1280.02,0.11464252679999999,10.0,0
1280.502,0.1146908164,10.0,0
1280.984,0.1146884167,10.0,0
1281.466,0.11472029859999999,10.0,0
1281.948,0.1147988841,10.0,0
1282.43,0.11474703189999999,10.0,0
1282.912,0.1148344329,10.0,0
1283.395,0.11458763259999999,10.0,0
1283.877,0.11477169749999999,10.0,0
1284.359,0.11480206629999999,10.0,0
1284.841,0.11454937400000001,10.0,0
1285.323,0.11477573149999999,10.0,0
1285.805,0.114757802,10.0,0
1286.287,0.1149463929,10.0,0
1286.769,0.11511596689999999,10.0,0
1287.251,0.1151598015,10.0,0
1287.734,0.1151276984,10.0,0
1288.216,0.1151253281,10.0,0
1288.698,0.1152392517,10.0,0
1289.18,0.1154785326,10.0,0
1289.662,0.1155613005,10.0,0
1290.144,0.1157881125,10.0,0
1290.626,0.1157188609,10.0,0
1291.108,0.115695517,10.0,0
1291.591,0.11578313509999999,10.0,0
1292.073,0.1160429961,10.0,0
1292.555,0.1160674642,10.0,0
1293.037,0.1160983077,10.0,0
1293.519,0.1162029073,10.0,0
1294.001,0.1161791111,10.0,0
1294.483,0.1165911941,10.0,0
1294.965,0.1164989771,10.0,0
1295.448,0.1166422606,10.0,0
1295.93,0.11669701160000001,10.0,0
1296.412,0.1169929606,10.0,0
1296.894,0.1170906832,10.0,0
1297.376,0.11715623750000001,10.0,0
1297.858,0.1174559295,10.0,0
1298.34,0.11742127869999999,10.0,0
1298.822,0.117620764,10.0,0
1299.304,0.11781896789999999,10.0,0
1299.787,0.1179868822,10.0,0
1300.269,0.1180545252,10.0,0
1300.751,0.11809121080000001,10.0,0
1301.233,0.1185043006,10.0,0
1301.715,0.1184889642,10.0,0
1302.197,0.1185202502,10.0,0
1302.679,0.1186969011,10.0,0
1303.161,0.1187126685,10.0,0
1303.644,0.1189596212,10.0,0
1304.126,0.11889552760000001,10.0,0
1304.608,0.1192938065,10.0,0
1305.09,0.11934895300000001,10.0,0
1305.572,0.11971026130000001,10.0,0
1306.054,0.1198096088,10.0,0
1306.536,0.11982614509999999,10.0,0
1307.018,0.1199678049,10.0,0
1307.5,0.1202109606,10.0,0
1307.983,0.1202995752,10.0,0
1308.465,0.12053447020000001,10.0,0
1308.947,0.12055631719999998,10.0,0
1309.429,0.12078279269999999,10.0,0
1309.911,0.1210339849,10.0,0
1310.393,0.12107177679999999,10.0,0
1310.875,0.121387234,10.0,0
1311.357,0.1216807464,10.0,0
1311.839,0.1218742578,10.0,0
1312.322,0.12209007599999999,10.0,0
1312.804,0.1222700683,10.0,0
1313.286,0.1223385025,10.0,0
1313.768,0.12269885220000001,10.0,0
1314.25,0.122805815,10.0,0
1314.732,0.12304915599999999,10.0,0
1315.214,0.1232848089,10.0,0
1315.696,0.12337152030000001,10.0,0
1316.178,0.12363073529999999,10.0,0
1316.661,0.1241104764,10.0,0
1317.143,0.12418091419999999,10.0,0
1317.625,0.1244208705,10.0,0
1318.107,0.1244646709,10.0,0
1318.589,0.1248469817,10.0,0
1319.071,0.12502379319999998,10.0,0
1319.553,0.1251748754,10.0,0
1320.035,0.125476784,10.0,0
1320.518,0.1256977618,10.0,0
1321.0,0.126003131,10.0,0
1321.482,0.1260945061,10.0,0
1321.964,0.1265905506,10.0,0
1322.446,0.1267562474,10.0,0
1322.928,0.1268133556,10.0,0
1323.41,0.1270053375,10.0,0
1323.892,0.1271636432,10.0,0
1324.375,0.1274320497,10.0,0
1324.857,0.1278485298,10.0,0
1325.339,0.1280220241,10.0,0
1325.821,0.1284008482,10.0,0
1326.303,0.1286434055,10.0,0
1326.785,0.1289360899,10.0,0
1327.267,0.1290579912,10.0,0
1327.749,0.1294907217,10.0,0
1328.231,0.1299226863,10.0,0
1328.714,0.1302834391,10.0,0
1329.196,0.1303874996,10.0,0
1329.678,0.130709236,10.0,0
1330.16,0.1308215194,10.0,0
1330.642,0.13096689749999998,10.0,0
1331.124,0.1313587088,10.0,0
1331.606,0.1316049878,10.0,0
1332.088,0.1318949967,10.0,0
1332.571,0.1321046007,10.0,0
1333.053,0.1322507665,10.0,0
1333.535,0.1326083696,10.0,0
1334.017,0.1329477188,10.0,0
1334.499,0.1331284695,10.0,0
1334.981,0.1333846933,10.0,0
1335.463,0.1336942159,10.0,0
1335.945,0.1338807472,10.0,0
1336.427,0.1341936449,10.0,0
1336.91,0.1344815025,10.0,0
1337.392,0.134788067,10.0,0
1337.874,0.1351104834,10.0,0
1338.356,0.1353477519,10.0,0
1338.838,0.1355887594,10.0,0
1339.32,0.1357696889,10.0,0
1339.802,0.1360552358,10.0,0
1340.284,0.1365205027,10.0,0
1340.766,0.1365265466,10.0,0
1341.249,0.1367321417,10.0,0
1341.731,0.13716947340000002,10.0,0
1342.213,0.1373269141,10.0,0
1342.695,0.1377376089,10.0,0
1343.177,0.1377864124,10.0,0
1343.659,0.1381798789,10.0,0
1344.141,0.13826076269999998,10.0,0
1344.623,0.1386109854,10.0,0
1345.105,0.1386784541,10.0,0
1345.588,0.1391017913,10.0,0
1346.07,0.1394814854,10.0,0
1346.552,0.1396720679,10.0,0
1347.034,0.1401337292,10.0,0
1347.516,0.1403779989,10.0,0
1347.998,0.1406825302,10.0,0
1348.48,0.1408398961,10.0,0
1348.962,0.1413247445,10.0,0
1349.445,0.1416208661,10.0,0
1349.927,0.1418855818,10.0,0
1350.409,0.1420379593,10.0,0
1350.891,0.1423458367,10.0,0
1351.373,0.1426874976,10.0,0
1351.855,0.1427436484,10.0,0
1352.337,0.1430809106,10.0,0
1352.819,0.1434479467,10.0,0
1353.302,0.1437796166,10.0,0
1353.784,0.14396555519999998,10.0,0
1354.266,0.1442677618,10.0,0
1354.748,0.14453906090000002,10.0,0
1355.23,0.1447911509,10.0,0
1355.712,0.1450709361,10.0,0
1356.194,0.1452903469,10.0,0
1356.676,0.1453301533,10.0,0
1357.158,0.1457712223,10.0,0
1357.641,0.1458029339,10.0,0
1358.123,0.14620035939999998,10.0,0
1358.605,0.1463881436,10.0,0
1359.087,0.1466204134,10.0,0
1359.569,0.146745711,10.0,0
1360.051,0.14683237500000001,10.0,0
1360.533,0.1469572411,10.0,0
1361.015,0.1476130783,10.0,0
1361.498,0.1476229258,10.0,0
1361.98,0.1479613919,10.0,0
1362.462,0.14821013759999999,10.0,0
1362.944,0.1484796229,10.0,0
1363.426,0.14861939059999998,10.0,0
1363.908,0.1490561115,10.0,0
1364.39,0.14915555530000002,10.0,0
1364.872,0.14934685139999998,10.0,0
1365.354,0.1495426107,10.0,0
1365.837,0.1497745054,10.0,0
1366.319,0.1499117419,10.0,0
1366.801,0.1498567128,10.0,0
1367.283,0.1501590519,10.0,0
1367.765,0.1503525812,10.0,0
1368.247,0.1506964515,10.0,0
1368.729,0.15076901169999998,10.0,0
1369.211,0.1507603061,10.0,0
1369.693,0.1510345671,10.0,0
1370.176,0.1511859066,10.0,0
1370.658,0.1513389699,10.0,0
1371.14,0.1517107793,10.0,0
1371.622,0.15168499629999999,10.0,0
1372.104,0.1516627323,10.0,0
1372.586,0.1519232372,10.0,0
1373.068,0.1521059946,10.0,0
1373.55,0.1521873298,10.0,0
1374.032,0.1525366704,10.0,0
1374.515,0.1526852105,10.0,0
1374.997,0.1526493564,10.0,0
1375.479,0.1530036441,10.0,0
1375.961,0.1530218685,10.0,0
1376.443,0.15308642649999998,10.0,0
1376.925,0.153269624,10.0,0
1377.407,0.153239012,10.0,0
1377.889,0.15353194309999998,10.0,0
1378.372,0.1537290908,10.0,0
1378.854,0.1536744768,10.0,0
1379.336,0.1538687161,10.0,0
1379.818,0.15385012180000002,10.0,0
1380.3,0.1539052618,10.0,0
1380.782,0.153895015,10.0,0
1381.264,0.1542198258,10.0,0
1381.746,0.1541329441,10.0,0
1382.229,0.1542707999,10.0,0
1382.711,0.1542502395,10.0,0
1383.193,0.1542636867,10.0,0
1383.675,0.15436640410000002,10.0,0
1384.157,0.1543501862,10.0,0
1384.639,0.154476426,10.0,0
1385.121,0.1545331059,10.0,0
1385.603,0.1544173126,10.0,0
1386.085,0.1546540707,10.0,0
1386.568,0.1544697712,10.0,0
1387.05,0.15463741779999998,10.0,0
1387.532,0.154594103,10.0,0
1388.014,0.1545177989,10.0,0
1388.496,0.154442575,10.0,0
1388.978,0.1544680054,10.0,0
1389.46,0.1546472136,10.0,0
1389.942,0.1549275601,10.0,0
1390.425,0.1546355781,10.0,0
1390.907,0.154747319,10.0,0
1391.389,0.1548108278,10.0,0
1391.871,0.1547315014,10.0,0
1392.353,0.1548069076,10.0,0
1392.835,0.1547796189,10.0,0
1393.317,0.15453270959999998,10.0,0
1393.799,0.1547923719,10.0,0
1394.281,0.1549071301,10.0,0
1394.764,0.15497192099999998,10.0,0
1395.246,0.1547963096,10.0,0
1395.728,0.1548254562,10.0,0
1396.21,0.15486816949999999,10.0,0
1396.692,0.1548121495,10.0,0
1397.174,0.15490036370000002,10.0,0
1397.656,0.154836577,10.0,0
1398.138,0.1549598774,10.0,0
1398.62,0.1549084611,10.0,0
1399.103,0.1547668557,10.0,0
1399.585,0.1547745519,10.0,0
1400.067,0.1547231541,10.0,0
1400.549,0.154873376,10.0,0
1401.031,0.15476842489999998,10.0,0
1401.513,0.1549729954,10.0,0
1401.995,0.154668687,10.0,0
1402.477,0.1546335704,10.0,0
1402.959,0.1547952917,10.0,0
1403.442,0.1546605089,10.0,0
1403.924,0.1546240588,10.0,0
1404.406,0.1544956718,10.0,0
1404.888,0.1546190812,10.0,0
1405.37,0.15423219789999998,10.0,0
1405.852,0.15431608130000002,10.0,0
1406.334,0.153916257,10.0,0
1406.816,0.1539937677,10.0,0
1407.299,0.1537799027,10.0,0
1407.781,0.1539100762,10.0,0
1408.263,0.15382222880000002,10.0,0
1408.745,0.153711889,10.0,0
1409.227,0.1535145049,10.0,0
1409.709,0.15370448420000002,10.0,0
1410.191,0.1534105626,10.0,0
1410.673,0.1534305549,10.0,0
1411.156,0.1534429288,10.0,0
1411.638,0.1533617284,10.0,0
1412.12,0.1532051417,10.0,0
1412.602,0.1530014686,10.0,0
1413.084,0.1529322717,10.0,0
1413.566,0.1530065575,10.0,0
1414.048,0.1529105066,10.0,0
1414.53,0.1527387218,10.0,0
1415.012,0.1527707777,10.0,0
1415.495,0.152449293,10.0,0
1415.977,0.1522650206,10.0,0
1416.459,0.1520946484,10.0,0
1416.941,0.15207681309999999,10.0,0
1417.423,0.15196882779999998,10.0,0
1417.905,0.1517430487,10.0,0
1418.387,0.151439365,10.0,0
1418.869,0.1514857202,10.0,0
1419.352,0.15109994770000001,10.0,0
1419.834,0.15096001469999998,10.0,0
1420.316,0.1511125683,10.0,0
1420.798,0.1510047351,10.0,0
1421.28,0.15103678909999999,10.0,0
1421.762,0.1507144337,10.0,0
1422.244,0.1506872072,10.0,0
1422.726,0.1506828812,10.0,0
1423.208,0.1503595287,10.0,0
1423.69,0.1506718252,10.0,0
1424.173,0.15028888540000002,10.0,0
1424.655,0.1502192219,10.0,0
1425.137,0.1501394465,10.0,0
1425.619,0.1500930445,10.0,0
1426.101,0.1497910023,10.0,0
1426.583,0.1498964484,10.0,0
1427.065,0.1495957368,10.0,0
1427.547,0.1496716266,10.0,0
1428.03,0.1492442939,10.0,0
1428.512,0.1491299844,10.0,0
1428.994,0.1489380312,10.0,0
1429.476,0.148886771,10.0,0
1429.958,0.1487970545,10.0,0
1430.44,0.1486989489,10.0,0
1430.922,0.1484692188,10.0,0
1431.404,0.1483474752,10.0,0
1431.886,0.14831157279999999,10.0,0
1432.369,0.1483093835,10.0,0
1432.851,0.14822467509999998,10.0,0
1433.333,0.1478486642,10.0,0
1433.815,0.14772990460000002,10.0,0
1434.297,0.147588241,10.0,0
1434.779,0.14753176140000002,10.0,0
1435.261,0.14724474170000001,10.0,0
1435.743,0.1471774346,10.0,0
1436.226,0.1470154726,10.0,0
1436.708,0.1466870451,10.0,0
1437.19,0.1465635267,10.0,0
1437.672,0.1462045901,10.0,0
1438.154,0.146352477,10.0,0
1438.636,0.1461977901,10.0,0
1439.118,0.1460047484,10.0,0
1439.6,0.1458608856,10.0,0
1440.083,0.14587840959999998,10.0,0
1440.565,0.1457867689,10.0,0
1441.047,0.1453556497,10.0,0
1441.529,0.1451735691,10.0,0
1442.011,0.14511438610000002,10.0,0
1442.493,0.1450377215,10.0,0
1442.975,0.1449872775,10.0,0
1443.457,0.1448222368,10.0,0
1443.939,0.1445665129,10.0,0
1444.422,0.1444108236,10.0,0
1444.904,0.1442808052,10.0,0
1445.386,0.1440110464,10.0,0
1445.868,0.143785306,10.0,0
1446.35,0.1437697737,10.0,0
1446.832,0.1435674736,10.0,0
1447.314,0.1432234326,10.0,0
1447.796,0.1433779547,10.0,0
1448.279,0.1431272463,10.0,0
1448.76,0.1428856534,10.0,0
1449.243,0.14266108830000002,10.0,0
1449.725,0.14261342770000002,10.0,0
1450.207,0.14258617839999999,10.0,0
1450.689,0.1424258028,10.0,0
1451.171,0.1422118775,10.0,0
1451.653,0.1420384683,10.0,0
1452.135,0.1419793524,10.0,0
1452.617,0.14199724,10.0,0
1453.1,0.1420497699,10.0,0
1453.582,0.1417172837,10.0,0
1454.064,0.1415517284,10.0,0
1454.546,0.141403887,10.0,0
1455.028,0.1413098245,10.0,0
1455.51,0.1410902356,10.0,0
1455.992,0.1410631664,10.0,0
1456.474,0.14098857239999998,10.0,0
1456.957,0.1407806023,10.0,0
1457.439,0.1405381013,10.0,0
1457.921,0.1404566941,10.0,0
1458.403,0.1406361288,10.0,0
1458.885,0.1404202269,10.0,0
1459.367,0.1404174533,10.0,0
1459.849,0.14031062260000002,10.0,0
1460.331,0.1403959544,10.0,0
1460.813,0.1402657719,10.0,0
1461.296,0.1401469803,10.0,0
1461.778,0.1399144883,10.0,0
1462.26,0.1399573177,10.0,0
1462.742,0.1401606796,10.0,0
1463.224,0.1400258219,10.0,0
1463.706,0.139771213,10.0,0
1464.188,0.1398740057,10.0,0
1464.67,0.13978100729999998,10.0,0
1465.153,0.13964684659999999,10.0,0
1465.635,0.1396923867,10.0,0
1466.117,0.1396980061,10.0,0
1466.599,0.1394321465,10.0,0
1467.081,0.1392404419,10.0,0
1467.563,0.1392543906,10.0,0
1468.045,0.1392408583,10.0,0
1468.527,0.1390064547,10.0,0
1469.01,0.1391649482,10.0,0
1469.492,0.1389176107,10.0,0
1469.974,0.13900253810000002,10.0,0
1470.456,0.1385750408,10.0,0
1470.938,0.1389731984,10.0,0
1471.42,0.1386172559,10.0,0
1471.902,0.1384919719,10.0,0
1472.384,0.1385031072,10.0,0
1472.866,0.1387305847,10.0,0
1473.349,0.138529443,10.0,0
1473.831,0.1387102145,10.0,0
1474.313,0.1384389426,10.0,0
1474.795,0.1388589415,10.0,0
1475.277,0.1386862449,10.0,0
1475.759,0.138737242,10.0,0
1476.241,0.1386206209,10.0,0
1476.723,0.1387315431,10.0,0
1477.206,0.1388044665,10.0,0
1477.688,0.13888349079999998,10.0,0
1478.17,0.1387500893,10.0,0
1478.652,0.1389320249,10.0,0
1479.134,0.138937906,10.0,0
1479.616,0.1388261495,10.0,0
1480.098,0.13909780100000002,10.0,0
1480.58,0.1389702098,10.0,0
1481.062,0.138933834,10.0,0
1481.544,0.1390610333,10.0,0
1482.027,0.1390565091,10.0,0
1482.509,0.13894353369999998,10.0,0
1482.991,0.1392891904,10.0,0
1483.473,0.1391413692,10.0,0
1483.955,0.1393170286,10.0,0
1484.437,0.1393232197,10.0,0
1484.919,0.1392449219,10.0,0
1485.401,0.1393182203,10.0,0
1485.884,0.13954463479999998,10.0,0
1486.366,0.1394567616,10.0,0
1486.848,0.1398999004,10.0,0
1487.33,0.1397840142,10.0,0
1487.812,0.13988537539999998,10.0,0
1488.294,0.1400031084,10.0,0
1488.776,0.140364818,10.0,0
1489.258,0.14061310300000002,10.0,0
1489.74,0.1407269919,10.0,0
1490.223,0.1409980398,10.0,0
1490.705,0.1411246912,10.0,0
1491.187,0.14120287920000002,10.0,0
1491.669,0.1410763826,10.0,0
1492.151,0.14142631890000001,10.0,0
1492.633,0.1413851777,10.0,0
1493.115,0.14148728119999998,10.0,0
1493.597,0.1416666161,10.0,0
1494.08,0.1416424097,10.0,0
1494.562,0.14179916820000002,10.0,0
1495.044,0.1421058024,10.0,0
1495.526,0.142216081,10.0,0
1496.008,0.1424326773,10.0,0
1496.49,0.1426727864,10.0,0
1496.972,0.1429736492,10.0,0
1497.454,0.1430813242,10.0,0
1497.937,0.1433542795,10.0,0
1498.419,0.1438758556,10.0,0
1498.901,0.14357091090000001,10.0,0
1499.383,0.14379120350000002,10.0,0
1499.865,0.1442500692,10.0,0
1500.347,0.1443565194,10.0,0
1500.829,0.1443999838,10.0,0
1501.311,0.144437747,10.0,0
1501.793,0.1446359834,10.0,0
1502.276,0.144693662,10.0,0
1502.758,0.1447118245,10.0,0
1503.24,0.14496072299999999,10.0,0
1503.722,0.1451082682,10.0,0
1504.204,0.1452777642,10.0,0
1504.686,0.14563946789999999,10.0,0
1505.168,0.1454969128,10.0,0
1505.65,0.1460315389,10.0,0
1506.133,0.14626487700000002,10.0,0
1506.615,0.1463950005,10.0,0
1507.097,0.1469067225,10.0,0
1507.579,0.1473284642,10.0,0
1508.061,0.1475992401,10.0,0
1508.543,0.1476740113,10.0,0
1509.025,0.1478220472,10.0,0
1509.507,0.1479308915,10.0,0
1509.99,0.14838694,10.0,0
1510.471,0.14827190999999998,10.0,0
1510.954,0.1486226055,10.0,0
1511.436,0.1486001945,10.0,0
1511.918,0.14874472519999998,10.0,0
1512.4,0.1489078959,10.0,0
1512.882,0.1490581138,10.0,0
1513.364,0.1491475487,10.0,0
1513.846,0.1494653938,10.0,0
1514.328,0.14933759459999998,10.0,0
1514.811,0.1497519751,10.0,0
1515.293,0.1500035571,10.0,0
1515.775,0.1500698924,10.0,0
1516.257,0.1503858162,10.0,0
1516.739,0.1505971385,10.0,0
1517.221,0.1504874612,10.0,0
1517.703,0.1507932595,10.0,0
1518.185,0.1508578318,10.0,0
1518.667,0.1511484879,10.0,0
1519.15,0.15128566799999998,10.0,0
1519.632,0.1514177981,10.0,0
1520.114,0.15150939019999998,10.0,0
1520.596,0.1515868491,10.0,0
1521.078,0.1518714021,10.0,0
1521.56,0.151945408,10.0,0
1522.042,0.15232331529999998,10.0,0
1522.524,0.1522072961,10.0,0
1523.007,0.1522717935,10.0,0
1523.489,0.1524925269,10.0,0
1523.971,0.1523054647,10.0,0
1524.453,0.1525069935,10.0,0
1524.935,0.1522856431,10.0,0
1525.417,0.15241806800000002,10.0,0
1525.899,0.1522653168,10.0,0
1526.381,0.1521778937,10.0,0
1526.864,0.1523721595,10.0,0
1527.346,0.152536477,10.0,0
1527.828,0.1525117554,10.0,0
1528.31,0.15251927869999998,10.0,0
1528.792,0.1524695606,10.0,0
1529.274,0.1525942497,10.0,0
1529.756,0.1527097462,10.0,0
1530.238,0.1529033938,10.0,0
1530.72,0.152960123,10.0,0
1531.203,0.1531162313,10.0,0
1531.685,0.1533448113,10.0,0
1532.167,0.1533039237,10.0,0
1532.649,0.1536326529,10.0,0
1533.131,0.1538900853,10.0,0
1533.613,0.1541850224,10.0,0
1534.095,0.1543494545,10.0,0
1534.577,0.1544908404,10.0,0
1535.06,0.1546591588,10.0,0
1535.542,0.1547364973,10.0,0
1536.024,0.1550009316,10.0,0
1536.506,0.1548194856,10.0,0
1536.988,0.1548877978,10.0,0
1537.47,0.1552294767,10.0,0
1537.952,0.1552090704,10.0,0
1538.434,0.1556714178,10.0,0
1538.917,0.155726084,10.0,0
1539.398,0.1559061414,10.0,0
1539.881,0.15619460500000001,10.0,0
1540.363,0.156430862,10.0,0
1540.845,0.15680834629999998,10.0,0
1541.327,0.1567832006,10.0,0
1541.809,0.1570389019,10.0,0
1542.291,0.1567963237,10.0,0
1542.773,0.1565497574,10.0,0
1543.255,0.1566455679,10.0,0
1543.738,0.156567751,10.0,0
1544.22,0.1563615199,10.0,0
1544.702,0.1561926502,10.0,0
1545.184,0.1560324082,10.0,0
1545.666,0.15608882810000002,10.0,0
1546.148,0.1558408285,10.0,0
1546.63,0.1558737664,10.0,0
1547.112,0.1555504798,10.0,0
1547.594,0.15558937609999998,10.0,0
1548.077,0.15560671539999998,10.0,0
1548.559,0.1555032723,10.0,0
1549.041,0.1554740179,10.0,0
1549.523,0.1553173403,10.0,0
1550.005,0.15513877669999998,10.0,0
1550.487,0.15531021109999998,10.0,0
1550.969,0.15515406369999998,10.0,0
1551.451,0.1552260758,10.0,0
1551.934,0.1551980048,10.0,0
1552.416,0.1548782588,10.0,0
1552.898,0.155254237,10.0,0
1553.38,0.1550039377,10.0,0
1553.862,0.1552332962,10.0,0
1554.344,0.1552576087,10.0,0
1554.826,0.1550870141,10.0,0
1555.308,0.1550556363,10.0,0
1555.791,0.155252322,10.0,0
1556.273,0.15536918630000002,10.0,0
1556.755,0.1556263615,10.0,0
1557.237,0.1555774183,10.0,0
1557.719,0.1559078756,10.0,0
1558.201,0.1559556426,10.0,0
1558.683,0.1564029227,10.0,0
1559.165,0.1567770361,10.0,0
1559.647,0.1567776367,10.0,0
1560.13,0.1571439093,10.0,0
1560.612,0.15699028780000002,10.0,0
1561.094,0.1572054468,10.0,0
1561.576,0.157158773,10.0,0
1562.058,0.15715309859999999,10.0,0
1562.54,0.1573252973,10.0,0
1563.022,0.1572469782,10.0,0
1563.504,0.1572215265,10.0,0
1563.987,0.15742744679999998,10.0,0
1564.469,0.1576630957,10.0,0
1564.951,0.1576275263,10.0,0
1565.433,0.1578321135,10.0,0
1565.915,0.1580286503,10.0,0
1566.397,0.1580654879,10.0,0
1566.879,0.158218104,10.0,0
1567.361,0.1584089395,10.0,0
1567.844,0.1584940966,10.0,0
1568.325,0.15871690989999998,10.0,0
1568.808,0.1590688446,10.0,0
1569.29,0.15926257259999999,10.0,0
1569.772,0.1594626209,10.0,0
1570.254,0.1598438262,10.0,0
1570.736,0.1600642964,10.0,0
1571.218,0.1602950001,10.0,0
1571.7,0.1605140521,10.0,0
1572.182,0.16073900559999998,10.0,0
1572.665,0.1605825163,10.0,0
1573.147,0.16081192819999998,10.0,0
1573.629,0.16107613099999998,10.0,0
1574.111,0.16129162449999998,10.0,0
1574.593,0.1614109771,10.0,0
1575.075,0.1617190108,10.0,0
1575.557,0.1620856503,10.0,0
1576.039,0.1622731155,10.0,0
1576.521,0.1626802681,10.0,0
1577.004,0.1629956928,10.0,0
1577.486,0.1631226475,10.0,0
1577.968,0.1633317237,10.0,0
1578.45,0.16336315240000002,10.0,0
1578.932,0.1637887377,10.0,0
1579.414,0.16370625,10.0,0
1579.896,0.1640669789,10.0,0
1580.378,0.16411383029999999,10.0,0
1580.861,0.16423114730000002,10.0,0
1581.343,0.1643363953,10.0,0
1581.825,0.1644720438,10.0,0
1582.307,0.1647063184,10.0,0
1582.789,0.1645702654,10.0,0
1583.271,0.1649533781,10.0,0
1583.753,0.16499343710000003,10.0,0
1584.235,0.1652964659,10.0,0
1584.718,0.1652628124,10.0,0
1585.2,0.16527421050000002,10.0,0
1585.682,0.16562166479999998,10.0,0
1586.164,0.1656117413,10.0,0
1586.646,0.16583669650000002,10.0,0
1587.128,0.1659574643,10.0,0
1587.61,0.1659565683,10.0,0
1588.092,0.16598972029999998,10.0,0
1588.574,0.1659506975,10.0,0
1589.057,0.16618802370000002,10.0,0
1589.539,0.16608205099999998,10.0,0
1590.021,0.1661166121,10.0,0
1590.503,0.16642455729999997,10.0,0
1590.985,0.16629618959999998,10.0,0
1591.467,0.1663242159,10.0,0
1591.949,0.1661905827,10.0,0
1592.431,0.16638840810000002,10.0,0
1592.914,0.1664076808,10.0,0
1593.396,0.1666101062,10.0,0
1593.878,0.16646359919999998,10.0,0
1594.36,0.166510491,10.0,0
1594.842,0.1665661404,10.0,0
1595.324,0.1667379054,10.0,0
1595.806,0.1666798889,10.0,0
1596.288,0.16671893529999998,10.0,0
1596.771,0.16657072169999998,10.0,0
1597.252,0.1665374272,10.0,0
1597.735,0.1665656632,10.0,0
1598.217,0.1666944041,10.0,0
1598.699,0.1664984254,10.0,0
1599.181,0.1664518263,10.0,0
1599.663,0.1664797673,10.0,0
1600.145,0.1663664601,10.0,0
1600.627,0.16660303429999998,10.0,0
1601.109,0.1665409526,10.0,0
1601.592,0.16666057469999998,10.0,0
1602.074,0.16663868520000003,10.0,0
1602.556,0.16666488940000002,10.0,0
1603.038,0.1664420114,10.0,0
1603.52,0.1665594355,10.0,0
1604.002,0.1664195993,10.0,0
1604.484,0.1664060967,10.0,0
1604.966,0.16639646190000001,10.0,0
1605.448,0.1666117024,10.0,0
1605.931,0.16640938689999998,10.0,0
1606.413,0.1663646386,10.0,0
1606.895,0.1664409591,10.0,0
1607.377,0.1662788627,10.0,0
1607.859,0.1660016793,10.0,0
1608.341,0.1659120906,10.0,0
1608.823,0.16595951790000002,10.0,0
1609.305,0.1662064238,10.0,0
1609.788,0.1660178742,10.0,0
1610.27,0.1657685929,10.0,0
1610.752,0.1658407002,10.0,0
1611.234,0.1657001345,10.0,0
1611.716,0.1656765549,10.0,0
1612.198,0.16556243240000001,10.0,0
1612.68,0.1656494803,10.0,0
1613.162,0.1654002169,10.0,0
1613.645,0.16545672190000002,10.0,0
1614.127,0.16513981600000002,10.0,0
1614.609,0.1653160103,10.0,0
1615.091,0.1652395878,10.0,0
1615.573,0.16501166720000002,10.0,0
1616.055,0.16490292039999999,10.0,0
1616.537,0.164951072,10.0,0
1617.019,0.1648585898,10.0,0
1617.501,0.16471628689999998,10.0,0
1617.984,0.1647950342,10.0,0
1618.466,0.1647624042,10.0,0
1618.948,0.164674138,10.0,0
1619.43,0.16461372159999998,10.0,0
1619.912,0.164468307,10.0,0
1620.394,0.1646320785,10.0,0
1620.876,0.1646122124,10.0,0
1621.358,0.1643836469,10.0,0
1621.841,0.1643948545,10.0,0
1622.323,0.1644011322,10.0,0
1622.805,0.1643214581,10.0,0
1623.287,0.1643115048,10.0,0
1623.769,0.16442454399999998,10.0,0
1624.251,0.16435207940000002,10.0,0
1624.733,0.1641781964,10.0,0
1625.215,0.1641452422,10.0,0
1625.698,0.16411984929999998,10.0,0
1626.179,0.16409023690000002,10.0,0
1626.662,0.16408331650000002,10.0,0
1627.144,0.16395832559999998,10.0,0
1627.626,0.1639082356,10.0,0
1628.108,0.1638246762,10.0,0
1628.59,0.16390096440000002,10.0,0
1629.072,0.1638122333,10.0,0
1629.554,0.16396403410000002,10.0,0
1630.036,0.16373949450000003,10.0,0
1630.519,0.1637648177,10.0,0
1631.001,0.1636866874,10.0,0
1631.483,0.16362660850000002,10.0,0
1631.965,0.1636731653,10.0,0
1632.447,0.16363172739999998,10.0,0
1632.929,0.1636524546,10.0,0
1633.411,0.16340204719999998,10.0,0
1633.893,0.16374422689999998,10.0,0
1634.375,0.1634508649,10.0,0
1634.858,0.16341237490000002,10.0,0
1635.34,0.1632833103,10.0,0
1635.822,0.1631814352,10.0,0
1636.304,0.1631585445,10.0,0
1636.786,0.162961794,10.0,0
1637.268,0.1631360789,10.0,0
1637.75,0.16273560580000002,10.0,0
1638.232,0.16301609849999998,10.0,0
1638.715,0.1627153165,10.0,0
1639.197,0.1627975825,10.0,0
1639.679,0.1625766553,10.0,0
1640.161,0.16273158810000002,10.0,0
1640.643,0.1625707479,10.0,0
1641.125,0.1624355039,10.0,0
1641.607,0.1623936004,10.0,0
1642.089,0.1624714465,10.0,0
1642.572,0.16198418709999998,10.0,0
1643.054,0.1620634656,10.0,0
1643.536,0.1621059528,10.0,0
1644.018,0.1620110405,10.0,0
1644.5,0.1620729984,10.0,0
1644.982,0.1620072155,10.0,0
1645.464,0.1616871936,10.0,0
1645.946,0.16158479280000002,10.0,0
1646.428,0.16137703429999997,10.0,0
1646.911,0.1613899016,10.0,0
1647.393,0.16129788560000002,10.0,0
1647.875,0.1610744099,10.0,0
1648.357,0.1612083587,10.0,0
1648.839,0.16104049180000002,10.0,0
1649.321,0.16087010870000001,10.0,0
1649.803,0.1608675106,10.0,0
1650.285,0.16067681749999999,10.0,0
1650.768,0.16076283109999998,10.0,0
1651.25,0.1607194214,10.0,0
1651.732,0.16072985760000003,10.0,0
1652.214,0.16079706059999999,10.0,0
1652.696,0.1604195504,10.0,0
1653.178,0.1603398425,10.0,0
1653.66,0.1602198571,10.0,0
1654.142,0.1602758837,10.0,0
1654.625,0.16028605769999998,10.0,0
1655.106,0.16016918130000002,10.0,0
1655.589,0.1599678478,10.0,0
1656.071,0.1599593718,10.0,0
1656.553,0.1599294512,10.0,0
1657.035,0.15978816610000002,10.0,0
1657.517,0.15968596899999998,10.0,0
1657.999,0.15964756,10.0,0
1658.481,0.1595414424,10.0,0
1658.963,0.1595014252,10.0,0
1659.446,0.1594580367,10.0,0
1659.928,0.1593052772,10.0,0
1660.41,0.1593005476,10.0,0
1660.892,0.1588830269,10.0,0
1661.374,0.15901274499999998,10.0,0
1661.856,0.1590693551,10.0,0
1662.338,0.1588048518,10.0,0
1662.82,0.1586739881,10.0,0
1663.302,0.15852894879999999,10.0,0
1663.785,0.1585249612,10.0,0
1664.267,0.1584709502,10.0,0
1664.749,0.1581198419,10.0,0
1665.231,0.1580943897,10.0,0
1665.713,0.1579486506,10.0,0
1666.195,0.1578673404,10.0,0
1666.677,0.1578816829,10.0,0
1667.159,0.157882601,10.0,0
1667.642,0.1575550104,10.0,0
1668.124,0.1574940518,10.0,0
1668.606,0.157296545,10.0,0
1669.088,0.1573577105,10.0,0
1669.57,0.157367808,10.0,0
1670.052,0.1572002525,10.0,0
1670.534,0.1570268766,10.0,0
1671.016,0.156819118,10.0,0
1671.499,0.1567181558,10.0,0
1671.981,0.15694448230000002,10.0,0
1672.463,0.1567423128,10.0,0
1672.945,0.1566632229,10.0,0
1673.427,0.15642569950000001,10.0,0
1673.909,0.1563582943,10.0,0
1674.391,0.156248194,10.0,0
1674.873,0.1560104841,10.0,0
1675.355,0.15616878509999998,10.0,0
1675.838,0.1562046199,10.0,0
1676.32,0.1561507689,10.0,0
1676.802,0.15594351010000002,10.0,0
1677.284,0.1557535867,10.0,0
1677.766,0.1558321013,10.0,0
1678.248,0.1556840709,10.0,0
1678.73,0.1556865822,10.0,0
1679.212,0.155496475,10.0,0
1679.695,0.15549579189999999,10.0,0
1680.177,0.1554428609,10.0,0
1680.659,0.1551729768,10.0,0
1681.141,0.1552038606,10.0,0
1681.623,0.15508206859999998,10.0,0
1682.105,0.1549651708,10.0,0
1682.587,0.1548154098,10.0,0
1683.069,0.1549037662,10.0,0
1683.552,0.1549225738,10.0,0
1684.033,0.1546399718,10.0,0
1684.516,0.1546657101,10.0,0
1684.998,0.1546068384,10.0,0
1685.48,0.1544189748,10.0,0
1685.962,0.1545839944,10.0,0
1686.444,0.1542869458,10.0,0
1686.926,0.1542809338,10.0,0
1687.408,0.1542653168,10.0,0
1687.89,0.154117304,10.0,0
1688.373,0.1538573248,10.0,0
1688.855,0.1540898123,10.0,0
1689.337,0.1538355951,10.0,0
1689.819,0.15376752359999998,10.0,0
1690.301,0.1534723561,10.0,0
1690.783,0.1536638981,10.0,0
1691.265,0.1534929368,10.0,0
1691.747,0.1534077743,10.0,0
1692.229,0.1534343235,10.0,0
1692.712,0.1533427162,10.0,0
1693.194,0.1533140783,10.0,0
1693.676,0.1533603633,10.0,0
1694.158,0.1533418334,10.0,0
1694.64,0.152967773,10.0,0
1695.122,0.1530969063,10.0,0
1695.604,0.1529836145,10.0,0
1696.086,0.1530126766,10.0,0
1696.569,0.1528650182,10.0,0
1697.051,0.1528446812,10.0,0
1697.533,0.1527401559,10.0,0
1698.015,0.1528835488,10.0,0
1698.497,0.1527601803,10.0,0
1698.979,0.1529275094,10.0,0
1699.461,0.1526155642,10.0,0
1699.943,0.15257644839999998,10.0,0
1700.426,0.1526442522,10.0,0
1700.908,0.15246388460000002,10.0,0
1701.39,0.1523242818,10.0,0
1701.872,0.1523104014,10.0,0
1702.354,0.15225922990000001,10.0,0
1702.836,0.1522460049,10.0,0
1703.318,0.1519187546,10.0,0
1703.8,0.15192639019999998,10.0,0
1704.282,0.1519797173,10.0,0
1704.765,0.1520674005,10.0,0
1705.247,0.1520827547,10.0,0
1705.729,0.1519700329,10.0,0
1706.211,0.152155321,10.0,0
1706.693,0.152011052,10.0,0
1707.175,0.1520568044,10.0,0
1707.657,0.1520349451,10.0,0
1708.139,0.1520833767,10.0,0
1708.622,0.1519625403,10.0,0
1709.104,0.1522777629,10.0,0
1709.586,0.1521259399,10.0,0
1710.068,0.1518797563,10.0,0
1710.55,0.1520417365,10.0,0
1711.032,0.1519088026,10.0,0
1711.514,0.1517853919,10.0,0
1711.996,0.1517385322,10.0,0
1712.479,0.1518330026,10.0,0
1712.96,0.1518168084,10.0,0
1713.443,0.1516842529,10.0,0
1713.925,0.1517479283,10.0,0
1714.407,0.151742002,10.0,0
1714.889,0.1517740004,10.0,0
1715.371,0.15180611089999999,10.0,0
1715.853,0.1517879005,10.0,0
1716.335,0.1521428199,10.0,0
1716.817,0.1519458781,10.0,0
1717.3,0.1521018531,10.0,0
1717.782,0.1521703929,10.0,0
1718.264,0.152238161,10.0,0
1718.746,0.1520228854,10.0,0
1719.228,0.1523042996,10.0,0
1719.71,0.1521855051,10.0,0
1720.192,0.1521180149,10.0,0
1720.674,0.15210142729999998,10.0,0
1721.156,0.1520490644,10.0,0
1721.639,0.1522383433,10.0,0
1722.121,0.1521598043,10.0,0
1722.603,0.15207311369999998,10.0,0
1723.085,0.15222141990000002,10.0,0
1723.567,0.15230126930000001,10.0,0
1724.049,0.1523390639,10.0,0
1724.531,0.1522168021,10.0,0
1725.013,0.1522645966,10.0,0
1725.496,0.1524278744,10.0,0
1725.978,0.1522113692,10.0,0
1726.46,0.1523810292,10.0,0
1726.942,0.1524873007,10.0,0
1727.424,0.1525575589,10.0,0
1727.906,0.15269767180000002,10.0,0
1728.388,0.15264074730000002,10.0,0
1728.87,0.1526370429,10.0,0
1729.353,0.1526028681,10.0,0
1729.835,0.1526953472,10.0,0
1730.317,0.15273679910000001,10.0,0
1730.799,0.15281380560000002,10.0,0
1731.281,0.1527554927,10.0,0
1731.763,0.152923628,10.0,0
1732.245,0.1529637543,10.0,0
1732.727,0.1531359579,10.0,0
1733.209,0.15310186180000002,10.0,0
1733.692,0.15336849060000002,10.0,0
1734.174,0.1534501988,10.0,0
1734.656,0.153460987,10.0,0
1735.138,0.153720683,10.0,0
1735.62,0.1539270564,10.0,0
1736.102,0.1537511788,10.0,0
1736.584,0.1540254821,10.0,0
1737.066,0.1539942701,10.0,0
1737.549,0.1539897517,10.0,0
1738.031,0.154241668,10.0,0
1738.513,0.1542906761,10.0,0
1738.995,0.1543835524,10.0,0
1739.477,0.1543926893,10.0,0
1739.959,0.1544381255,10.0,0
1740.441,0.1544637428,10.0,0
1740.923,0.1547422485,10.0,0
1741.406,0.154717494,10.0,0
1741.887,0.1547375151,10.0,0
1742.37,0.1548553809,10.0,0
1742.852,0.1548577941,10.0,0
1743.334,0.1549716834,10.0,0
1743.816,0.1550055468,10.0,0
1744.298,0.1550488638,10.0,0
1744.78,0.1552663689,10.0,0
1745.262,0.15524389859999999,10.0,0
1745.744,0.1552027644,10.0,0
1746.227,0.1553163157,10.0,0
1746.709,0.1555517985,10.0,0
1747.191,0.1554810073,10.0,0
1747.673,0.155835746,10.0,0
1748.155,0.15590544,10.0,0
1748.637,0.1562759501,10.0,0
1749.119,0.1563798527,10.0,0
1749.601,0.1565358268,10.0,0
1750.083,0.1566505589,10.0,0
1750.566,0.1568589176,10.0,0
1751.048,0.1570344108,10.0,0
1751.53,0.1570387525,10.0,0
1752.012,0.15724155550000002,10.0,0
1752.494,0.1571747278,10.0,0
1752.976,0.1574003257,10.0,0
1753.458,0.1575070428,10.0,0
1753.94,0.1576914979,10.0,0
1754.423,0.1576709661,10.0,0
1754.905,0.1577656624,10.0,0
1755.387,0.15791515,10.0,0
1755.869,0.1583130267,10.0,0
1756.351,0.1583339554,10.0,0
1756.833,0.1583885774,10.0,0
1757.315,0.1584809679,10.0,0
1757.797,0.1587200825,10.0,0
1758.28,0.158745158,10.0,0
1758.762,0.1589532974,10.0,0
1759.244,0.159028663,10.0,0
1759.726,0.1594204664,10.0,0
1760.208,0.15912353299999998,10.0,0
1760.69,0.1595731626,10.0,0
1761.172,0.1596478409,10.0,0
1761.654,0.1600410159,10.0,0
1762.136,0.1600130088,10.0,0
1762.619,0.15987198219999998,10.0,0
1763.101,0.1603595662,10.0,0
1763.583,0.1603740982,10.0,0
1764.065,0.16055203880000002,10.0,0
1764.547,0.16055226220000002,10.0,0
1765.029,0.1606403999,10.0,0
1765.511,0.1608443649,10.0,0
1765.993,0.1610565397,10.0,0
1766.476,0.1612821421,10.0,0
1766.958,0.1612166631,10.0,0
1767.44,0.1615399877,10.0,0
1767.922,0.1615831517,10.0,0
1768.404,0.16152251329999998,10.0,0
1768.886,0.1618227878,10.0,0
1769.368,0.16183247560000003,10.0,0
1769.85,0.1620771914,10.0,0
1770.333,0.1622274514,10.0,0
1770.814,0.16232285319999998,10.0,0
1771.297,0.16276842179999998,10.0,0
1771.779,0.1628459852,10.0,0
1772.261,0.1633093025,10.0,0
1772.743,0.1631849263,10.0,0
1773.225,0.16360684679999998,10.0,0
1773.707,0.1638208349,10.0,0
1774.189,0.16392069150000002,10.0,0
1774.671,0.1638695281,10.0,0
1775.154,0.16413379150000001,10.0,0
1775.636,0.16434470480000002,10.0,0
1776.118,0.1642405046,10.0,0
1776.6,0.1644771685,10.0,0
1777.082,0.1643772531,10.0,0
1777.564,0.1644415523,10.0,0
1778.046,0.1647903388,10.0,0
1778.528,0.1646840107,10.0,0
1779.01,0.1649418783,10.0,0
1779.493,0.16513450689999998,10.0,0
1779.975,0.16531745850000001,10.0,0
1780.457,0.1654680591,10.0,0
1780.939,0.1654839348,10.0,0
1781.421,0.1656010182,10.0,0
1781.903,0.16555554099999997,10.0,0
1782.385,0.1659213239,10.0,0
1782.867,0.1659118492,10.0,0
1783.35,0.1661484775,10.0,0
1783.832,0.16624239549999997,10.0,0
1784.314,0.1665302071,10.0,0
1784.796,0.166695606,10.0,0
1785.278,0.1666707884,10.0,0
1785.76,0.1667080335,10.0,0
1786.242,0.16694311469999998,10.0,0
1786.724,0.16711336870000001,10.0,0
1787.207,0.1669695069,10.0,0
1787.689,0.16702359,10.0,0
1788.171,0.1672661299,10.0,0
1788.653,0.16739911110000003,10.0,0
1789.135,0.1675465967,10.0,0
1789.617,0.16772013430000002,10.0,0
1790.099,0.1678006933,10.0,0
1790.581,0.1680693032,10.0,0
1791.063,0.1683468219,10.0,0
1791.546,0.16845243580000002,10.0,0
1792.028,0.16861100950000002,10.0,0
1792.51,0.1688184193,10.0,0
1792.992,0.168992275,10.0,0
1793.474,0.1690733298,10.0,0
1793.956,0.1692687774,10.0,0
1794.438,0.16950608679999998,10.0,0
1794.92,0.1695316258,10.0,0
1795.403,0.16972235779999997,10.0,0
1795.885,0.1695695885,10.0,0
1796.367,0.1696123585,10.0,0
1796.849,0.1698285816,10.0,0
1797.331,0.1699980486,10.0,0
1797.813,0.1698618135,10.0,0
1798.295,0.1701149028,10.0,0
1798.777,0.1701050617,10.0,0
1799.26,0.170211221,10.0,0
1799.741,0.17033969119999998,10.0,0
1800.224,0.1703564003,10.0,0
1800.706,0.1707831006,10.0,0
1801.188,0.1707464203,10.0,0
1801.67,0.1708589928,10.0,0
1802.152,0.1711444778,10.0,0
1802.634,0.17103602259999998,10.0,0
1803.116,0.1713060242,10.0,0
1803.598,0.1710890426,10.0,0
1804.081,0.1712773915,10.0,0
1804.563,0.1714485601,10.0,0
1805.045,0.17166447519999997,10.0,0
1805.527,0.1715280664,10.0,0
1806.009,0.1718296668,10.0,0
1806.491,0.1716227296,10.0,0
1806.973,0.1718298388,10.0,0
1807.455,0.1720287557,10.0,0
1807.938,0.17189269750000002,10.0,0
1808.42,0.1721397963,10.0,0
1808.902,0.1723944486,10.0,0
1809.384,0.1723291637,10.0,0
1809.866,0.1726168799,10.0,0
1810.348,0.17273328880000002,10.0,0
1810.83,0.17261138410000001,10.0,0
1811.312,0.1726103871,10.0,0
1811.794,0.173046871,10.0,0
1812.277,0.1732087595,10.0,0
1812.759,0.1731808976,10.0,0
1813.241,0.1731669839,10.0,0
1813.723,0.1732218086,10.0,0
1814.205,0.17350544159999998,10.0,0
1814.687,0.1732965636,10.0,0
1815.169,0.1734938876,10.0,0
1815.651,0.17358002169999998,10.0,0
1816.134,0.1736833022,10.0,0
1816.616,0.17375138320000003,10.0,0
1817.098,0.17368879,10.0,0
1817.58,0.1736996418,10.0,0
1818.062,0.1738621311,10.0,0
1818.544,0.17393300790000002,10.0,0
1819.026,0.1739604151,10.0,0
1819.508,0.1740768321,10.0,0
1819.99,0.17417282830000003,10.0,0
1820.473,0.17409410139999998,10.0,0
1820.955,0.17416564439999999,10.0,0
1821.437,0.174260803,10.0,0
1821.919,0.1743573409,10.0,0
1822.401,0.17452815319999998,10.0,0
1822.883,0.17456812230000002,10.0,0
1823.365,0.1743954565,10.0,0
1823.847,0.17447083849999998,10.0,0
1824.33,0.1746650821,10.0,0
1824.812,0.17454471219999998,10.0,0
1825.294,0.1745658428,10.0,0
1825.776,0.17472396710000002,10.0,0
1826.258,0.17496893409999997,10.0,0
1826.74,0.1748064432,10.0,0
1827.222,0.17484460540000002,10.0,0
1827.704,0.17490077140000002,10.0,0
1828.187,0.1749623886,10.0,0
1828.668,0.1751504692,10.0,0
1829.151,0.17501596060000002,10.0,0
1829.633,0.1750294766,10.0,0
1830.115,0.17509610009999999,10.0,0
1830.597,0.1752299729,10.0,0
1831.079,0.17530685840000002,10.0,0
1831.561,0.17519820219999999,10.0,0
1832.043,0.17515881619999998,10.0,0
1832.525,0.1752683775,10.0,0
1833.008,0.17512727300000003,10.0,0
1833.49,0.1752199243,10.0,0
1833.972,0.1752857561,10.0,0
1834.454,0.1752702433,10.0,0
1834.936,0.1751167221,10.0,0
1835.418,0.1750459692,10.0,0
1835.9,0.1752255041,10.0,0
1836.382,0.17530470869999998,10.0,0
1836.865,0.1753849232,10.0,0
1837.347,0.17525145899999997,10.0,0
1837.829,0.17524789640000002,10.0,0
1838.311,0.1750359095,10.0,0
1838.793,0.1750438071,10.0,0
1839.275,0.1749168861,10.0,0
1839.757,0.17502271830000002,10.0,0
1840.239,0.174910656,10.0,0
1840.721,0.1750039928,10.0,0
1841.204,0.1749983968,10.0,0
1841.686,0.174849221,10.0,0
1842.168,0.17493829789999998,10.0,0
1842.65,0.17511081050000002,10.0,0
1843.132,0.1749739915,10.0,0
1843.614,0.1750913723,10.0,0
1844.096,0.17506372160000003,10.0,0
1844.578,0.1751597701,10.0,0
1845.061,0.1750709231,10.0,0
1845.543,0.17523571059999998,10.0,0
1846.025,0.1751883409,10.0,0
1846.507,0.175256732,10.0,0
1846.989,0.1752636174,10.0,0
1847.471,0.1750954952,10.0,0
1847.953,0.1752236694,10.0,0
1848.435,0.17494859129999998,10.0,0
1848.917,0.17500508499999998,10.0,0
1849.4,0.1751324091,10.0,0
1849.882,0.17489055,10.0,0
1850.364,0.17474129189999998,10.0,0
1850.846,0.17467556250000002,10.0,0
1851.328,0.1749157422,10.0,0
1851.81,0.1748203028,10.0,0
1852.292,0.1746892915,10.0,0
1852.774,0.1745086245,10.0,0
1853.257,0.1745938751,10.0,0
1853.739,0.1745782341,10.0,0
1854.221,0.1743440919,10.0,0
1854.703,0.1745177657,10.0,0
1855.185,0.1741659138,10.0,0
1855.667,0.1744315842,10.0,0
1856.149,0.1742660036,10.0,0
1856.631,0.1741002176,10.0,0
1857.114,0.1742580375,10.0,0
1857.595,0.1739491173,10.0,0
1858.078,0.1739196505,10.0,0
1858.56,0.17398755049999998,10.0,0
1859.042,0.1737334775,10.0,0
1859.524,0.1739317444,10.0,0
1860.006,0.1736942247,10.0,0
1860.488,0.1737106171,10.0,0
1860.97,0.17349057859999997,10.0,0
1861.452,0.17359143570000002,10.0,0
1861.935,0.17334220479999998,10.0,0
1862.417,0.1735420748,10.0,0
1862.899,0.17332718069999997,10.0,0
1863.381,0.1734607362,10.0,0
1863.863,0.1733555127,10.0,0
1864.345,0.1731665521,10.0,0
1864.827,0.1731581646,10.0,0
1865.309,0.1730614341,10.0,0
1865.792,0.173204985,10.0,0
1866.274,0.1730721461,10.0,0
1866.756,0.1729515008,10.0,0
1867.238,0.17310373169999999,10.0,0
1867.72,0.17274866,10.0,0
1868.202,0.1727347064,10.0,0
1868.684,0.172656965,10.0,0
1869.166,0.172499593,10.0,0
1869.648,0.1724209514,10.0,0
1870.131,0.17251614910000002,10.0,0
1870.613,0.1723128091,10.0,0
1871.095,0.1721286537,10.0,0
1871.577,0.1722839591,10.0,0
1872.059,0.1720374727,10.0,0
1872.541,0.1718718122,10.0,0
1873.023,0.1719517515,10.0,0
1873.505,0.1717258574,10.0,0
1873.988,0.1715454552,10.0,0
1874.47,0.1714762519,10.0,0
1874.952,0.1715374417,10.0,0
1875.434,0.171340717,10.0,0
1875.916,0.1714432606,10.0,0
1876.398,0.1712411917,10.0,0
1876.88,0.1713020307,10.0,0
1877.362,0.1711724471,10.0,0
1877.844,0.1709896609,10.0,0
1878.327,0.1710725768,10.0,0
1878.809,0.17082749960000002,10.0,0
1879.291,0.1707838356,10.0,0
1879.773,0.17061392260000002,10.0,0
1880.255,0.17055266,10.0,0
1880.737,0.1702996349,10.0,0
1881.219,0.1704482558,10.0,0
1881.701,0.1703033813,10.0,0
1882.184,0.1700757798,10.0,0
1882.666,0.1700994334,10.0,0
1883.148,0.1700771573,10.0,0
1883.63,0.1700177421,10.0,0
1884.112,0.16995593020000002,10.0,0
1884.594,0.1698242495,10.0,0
1885.076,0.16966214170000002,10.0,0
1885.558,0.1696951705,10.0,0
1886.041,0.1692536576,10.0,0
1886.522,0.16953458359999998,10.0,0
1887.005,0.16932818560000001,10.0,0
1887.487,0.1693315661,10.0,0
1887.969,0.1690937134,10.0,0
1888.451,0.1689347003,10.0,0
1888.933,0.16896111149999998,10.0,0
1889.415,0.1688658649,10.0,0
1889.897,0.1685883725,10.0,0
1890.379,0.16860209569999998,10.0,0
1890.862,0.168583275,10.0,0
1891.344,0.1682521105,10.0,0
1891.826,0.16835113289999998,10.0,0
1892.308,0.1680845291,10.0,0
1892.79,0.16806693460000002,10.0,0
1893.272,0.1680345956,10.0,0
1893.754,0.16786068620000003,10.0,0
1894.236,0.1676022479,10.0,0
1894.719,0.1676430062,10.0,0
1895.201,0.1674523951,10.0,0
1895.683,0.1672584667,10.0,0
1896.165,0.16742996389999998,10.0,0
1896.647,0.1672598609,10.0,0
1897.129,0.167305113,10.0,0
1897.611,0.16704214069999998,10.0,0
1898.093,0.16714564450000002,10.0,0
1898.575,0.16691657119999997,10.0,0
1899.058,0.1667957547,10.0,0
1899.54,0.1666940711,10.0,0
1900.022,0.16658867,10.0,0
1900.504,0.1667087948,10.0,0
1900.986,0.16630583210000002,10.0,0
1901.468,0.16630215329999998,10.0,0
1901.95,0.1661436583,10.0,0
1902.432,0.1659586505,10.0,0
1902.915,0.1659256254,10.0,0
1903.397,0.16589972979999998,10.0,0
1903.879,0.16594224010000003,10.0,0
1904.361,0.1658238496,10.0,0
1904.843,0.1656934617,10.0,0
1905.325,0.1656341274,10.0,0
1905.807,0.1655108559,10.0,0
1906.289,0.1653945778,10.0,0
1906.771,0.1652160086,10.0,0
1907.254,0.16516286910000003,10.0,0
1907.736,0.16513070559999998,10.0,0
1908.218,0.16487289910000003,10.0,0
1908.7,0.16487640309999999,10.0,0
1909.182,0.1648959911,10.0,0
1909.664,0.16487128210000002,10.0,0
1910.146,0.1647977484,10.0,0
1910.628,0.16477543749999998,10.0,0
1911.111,0.16481422240000002,10.0,0
1911.593,0.1646433131,10.0,0
1912.075,0.1644338611,10.0,0
1912.557,0.1643636786,10.0,0
1913.039,0.16421793839999999,10.0,0
1913.521,0.16426388660000002,10.0,0
1914.003,0.1641263178,10.0,0
1914.485,0.16403264799999998,10.0,0
1914.968,0.1639586801,10.0,0
1915.449,0.1639089091,10.0,0
1915.932,0.1639837945,10.0,0
1916.414,0.16380011840000003,10.0,0
1916.896,0.1635491873,10.0,0
1917.378,0.16372658680000002,10.0,0
1917.86,0.1633121594,10.0,0
1918.342,0.1634000235,10.0,0
1918.824,0.16327850640000002,10.0,0
1919.306,0.16297982439999997,10.0,0
1919.789,0.16330010260000002,10.0,0
1920.271,0.1629821613,10.0,0
1920.753,0.1630122111,10.0,0
1921.235,0.1629554297,10.0,0
1921.717,0.1628962875,10.0,0
1922.199,0.1626800672,10.0,0
1922.681,0.16280373529999997,10.0,0
1923.163,0.1626707399,10.0,0
1923.646,0.1623720411,10.0,0
1924.128,0.16234868689999998,10.0,0
1924.61,0.16224348070000003,10.0,0
1925.092,0.16228979249999997,10.0,0
1925.574,0.16224101529999999,10.0,0
1926.056,0.1620224627,10.0,0
1926.538,0.1620489072,10.0,0
1927.02,0.162009185,10.0,0
1927.502,0.16196382780000002,10.0,0
1927.985,0.1619409517,10.0,0
1928.467,0.1617728026,10.0,0
1928.949,0.16168569170000002,10.0,0
1929.431,0.161589633,10.0,0
1929.913,0.1615679669,10.0,0
1930.395,0.1617195942,10.0,0
1930.877,0.1615339328,10.0,0
1931.359,0.1615481176,10.0,0
1931.842,0.1615620766,10.0,0
1932.324,0.1614185741,10.0,0
1932.806,0.1614305653,10.0,0
1933.288,0.1614635644,10.0,0
1933.77,0.1614101005,10.0,0
1934.252,0.1613968908,10.0,0
1934.734,0.16138345099999998,10.0,0
1935.216,0.1613930001,10.0,0
1935.698,0.1611874821,10.0,0
1936.181,0.1612628317,10.0,0
1936.663,0.16121457209999998,10.0,0
1937.145,0.1612493985,10.0,0
1937.627,0.1610360803,10.0,0
1938.109,0.1610170172,10.0,0
1938.591,0.1611253826,10.0,0
1939.073,0.1609055639,10.0,0
1939.555,0.160965322,10.0,0
1940.038,0.1607245384,10.0,0
1940.52,0.1609577399,10.0,0
1941.002,0.1609585972,10.0,0
1941.484,0.1606241719,10.0,0
1941.966,0.160848612,10.0,0
1942.448,0.1607048303,10.0,0
1942.93,0.1607259743,10.0,0
1943.412,0.16084540700000002,10.0,0
1943.895,0.16077357039999998,10.0,0
1944.376,0.16067275949999998,10.0,0
1944.859,0.16071360210000002,10.0,0
1945.341,0.16066333400000002,10.0,0
1945.823,0.1605762317,10.0,0
1946.305,0.1607358482,10.0,0
1946.787,0.1606850785,10.0,0
1947.269,0.16058719230000001,10.0,0
1947.751,0.160739877,10.0,0
1948.233,0.16061206479999998,10.0,0
1948.716,0.1604365698,10.0,0
1949.198,0.16067048150000002,10.0,0
1949.68,0.16050590339999998,10.0,0
1950.162,0.1604738611,10.0,0
1950.644,0.1604774201,10.0,0
1951.126,0.1606259867,10.0,0
1951.608,0.1605906986,10.0,0
1952.09,0.1605001592,10.0,0
1952.573,0.1605033755,10.0,0
1953.055,0.16065494439999997,10.0,0
1953.537,0.1605340447,10.0,0
1954.019,0.16063523700000001,10.0,0
1954.501,0.1607155062,10.0,0
1954.983,0.16073854910000002,10.0,0
1955.465,0.1605630761,10.0,0
1955.947,0.16076976089999997,10.0,0
1956.429,0.1606997392,10.0,0
1956.912,0.1608351803,10.0,0
1957.394,0.1607011921,10.0,0
1957.876,0.1610565088,10.0,0
1958.358,0.16098818680000002,10.0,0
1958.84,0.160999145,10.0,0
1959.322,0.1609515274,10.0,0
1959.804,0.16096316089999999,10.0,0
1960.286,0.1609184041,10.0,0
1960.769,0.1610158244,10.0,0
1961.251,0.16099818970000002,10.0,0
1961.733,0.1611392537,10.0,0
1962.215,0.1610084797,10.0,0
1962.697,0.16119813560000001,10.0,0
1963.179,0.1611472315,10.0,0
1963.661,0.16112428999999998,10.0,0
1964.143,0.16126421629999999,10.0,0
1964.625,0.16126072140000003,10.0,0
1965.108,0.161329146,10.0,0
1965.59,0.1613916888,10.0,0
1966.072,0.16145030940000002,10.0,0
1966.554,0.1614944189,10.0,0
1967.036,0.16139046499999998,10.0,0
1967.518,0.1613989908,10.0,0
1968.0,0.1616635668,10.0,0
1968.482,0.1614852824,10.0,0
1968.965,0.1615363742,10.0,0
1969.447,0.1617204236,10.0,0
1969.929,0.1618568251,10.0,0
1970.411,0.16204867669999998,10.0,0
1970.893,0.1619098759,10.0,0
1971.375,0.1620838238,10.0,0
1971.857,0.1621369887,10.0,0
1972.339,0.1620322415,10.0,0
1972.822,0.16229062689999998,10.0,0
1973.303,0.16232863139999998,10.0,0
1973.786,0.1623286526,10.0,0
1974.268,0.16245059879999998,10.0,0
1974.75,0.16244699399999998,10.0,0
1975.232,0.1625237276,10.0,0
1975.714,0.1626652137,10.0,0
1976.196,0.16276878239999998,10.0,0
1976.678,0.1629603097,10.0,0
1977.16,0.1628338929,10.0,0
1977.643,0.1627610617,10.0,0
1978.125,0.16301787839999998,10.0,0
1978.607,0.1628981872,10.0,0
1979.089,0.16313649930000002,10.0,0
1979.571,0.1631808371,10.0,0
1980.053,0.1630673482,10.0,0
1980.535,0.1631285218,10.0,0
1981.017,0.1631142625,10.0,0
1981.5,0.16335381859999998,10.0,0
1981.982,0.1632968495,10.0,0
1982.464,0.1633561466,10.0,0
1982.946,0.16350833869999998,10.0,0
1983.428,0.1634658446,10.0,0
1983.91,0.1637642709,10.0,0
1984.392,0.16365939770000001,10.0,0
1984.874,0.1639500515,10.0,0
1985.356,0.16398339539999998,10.0,0
1985.839,0.1640976508,10.0,0
1986.321,0.1642545869,10.0,0
1986.803,0.16455519550000003,10.0,0
1987.285,0.16445262859999998,10.0,0
1987.767,0.16472737380000002,10.0,0
1988.249,0.16464910239999997,10.0,0
1988.731,0.16486605659999998,10.0,0
1989.213,0.164834018,10.0,0
1989.696,0.1651035683,10.0,0
1990.178,0.165290457,10.0,0
1990.66,0.1654377687,10.0,0
1991.142,0.1655821911,10.0,0
1991.624,0.1655328413,10.0,0
1992.106,0.1657273336,10.0,0
1992.588,0.16559656350000002,10.0,0
1993.07,0.1659436225,10.0,0
1993.552,0.1660256067,10.0,0
1994.035,0.1660469071,10.0,0
1994.517,0.1660768722,10.0,0
1994.999,0.16641229089999998,10.0,0
1995.481,0.1660662225,10.0,0
1995.963,0.1661813247,10.0,0
1996.445,0.166366783,10.0,0
1996.927,0.16627742860000003,10.0,0
1997.409,0.1664231848,10.0,0
1997.892,0.16678246219999998,10.0,0
1998.374,0.1665560049,10.0,0
1998.856,0.1667359822,10.0,0
1999.338,0.16680656989999998,10.0,0
1999.82,0.1670451872,10.0,0
2000.302,0.1669940307,10.0,0
2000.784,0.1671743202,10.0,0
2001.266,0.1674323506,10.0,0
2001.749,0.16756576580000002,10.0,0
2002.23,0.1677406404,10.0,0
2002.713,0.16792900849999998,10.0,0
2003.195,0.1680225922,10.0,0
2003.677,0.16796315409999998,10.0,0
2004.159,0.168279712,10.0,0
2004.641,0.1682237054,10.0,0
2005.123,0.1684724188,10.0,0
2005.605,0.16850380080000002,10.0,0
2006.087,0.1685532975,10.0,0
2006.57,0.16859134709999998,10.0,0
2007.052,0.168835962,10.0,0
2007.534,0.16882921450000002,10.0,0
2008.016,0.16907108659999998,10.0,0
2008.498,0.16918643370000003,10.0,0
2008.98,0.1693061955,10.0,0
2009.462,0.16933161989999998,10.0,0
2009.944,0.16936166400000002,10.0,0
2010.427,0.1695596494,10.0,0
2010.909,0.169757131,10.0,0
2011.391,0.16979738300000002,10.0,0
2011.873,0.16991749899999997,10.0,0
2012.355,0.17000761109999998,10.0,0
2012.837,0.1700522693,10.0,0
2013.319,0.17005995859999998,10.0,0
2013.801,0.1703508178,10.0,0
2014.283,0.1704105393,10.0,0
2014.766,0.1705580982,10.0,0
2015.248,0.1705369709,10.0,0
2015.73,0.17067310830000001,10.0,0
2016.212,0.1709352363,10.0,0
2016.694,0.1709275038,10.0,0
2017.176,0.1711716551,10.0,0
2017.658,0.1713292089,10.0,0
2018.14,0.1712954063,10.0,0
2018.623,0.1714057008,10.0,0
2019.105,0.17163750060000002,10.0,0
2019.587,0.1716577023,10.0,0
2020.069,0.1718866804,10.0,0
2020.551,0.171940895,10.0,0
2021.033,0.17197313579999998,10.0,0
2021.515,0.1721912651,10.0,0
2021.997,0.1724289133,10.0,0
2022.479,0.1724511694,10.0,0
2022.962,0.17249313260000002,10.0,0
2023.444,0.1727463976,10.0,0
2023.926,0.1726111995,10.0,0
2024.408,0.1729700875,10.0,0
2024.89,0.1728867683,10.0,0
2025.372,0.1729816537,10.0,0
2025.854,0.1731691161,10.0,0
2026.336,0.1732600102,10.0,0
2026.819,0.1733187031,10.0,0
2027.301,0.1734268706,10.0,0
2027.783,0.1735753836,10.0,0
2028.265,0.173686707,10.0,0
2028.747,0.17395755350000003,10.0,0
2029.229,0.1736532042,10.0,0
2029.711,0.17397606710000002,10.0,0
2030.193,0.1740261661,10.0,0
2030.676,0.174274302,10.0,0
2031.157,0.1744285459,10.0,0
2031.64,0.17417872169999998,10.0,0
2032.122,0.1744439702,10.0,0
2032.604,0.1744685681,10.0,0
2033.086,0.1746924396,10.0,0
2033.568,0.1748903444,10.0,0
2034.05,0.1746919118,10.0,0
2034.532,0.1749476223,10.0,0
2035.014,0.17509446480000002,10.0,0
2035.497,0.1749413821,10.0,0
2035.979,0.175148323,10.0,0
2036.461,0.175433497,10.0,0
2036.943,0.17552348720000002,10.0,0
2037.425,0.1753998807,10.0,0
2037.907,0.1755089989,10.0,0
2038.389,0.1758294675,10.0,0
2038.871,0.1758080683,10.0,0
2039.354,0.17596404929999998,10.0,0
2039.836,0.1759929959,10.0,0
2040.318,0.17608978449999999,10.0,0
2040.8,0.1761792822,10.0,0
2041.282,0.17619422780000002,10.0,0
2041.764,0.176369059,10.0,0
2042.246,0.17645784509999998,10.0,0
2042.728,0.1765661855,10.0,0
2043.21,0.17667455019999997,10.0,0
2043.693,0.1764606655,10.0,0
2044.175,0.1767657806,10.0,0
2044.657,0.1770096512,10.0,0
2045.139,0.17696319330000002,10.0,0
2045.621,0.17705165109999998,10.0,0
2046.103,0.17695344810000002,10.0,0
2046.585,0.1773137217,10.0,0
2047.067,0.1769876032,10.0,0
2047.55,0.17739034190000003,10.0,0
2048.032,0.17728949579999997,10.0,0
2048.514,0.1773733885,10.0,0
2048.996,0.1774164322,10.0,0
2049.478,0.1775666245,10.0,0
2049.96,0.17760657829999998,10.0,0
2050.442,0.1776296235,10.0,0
2050.924,0.1776141726,10.0,0
2051.406,0.17781833519999998,10.0,0
2051.889,0.17764010209999997,10.0,0
2052.371,0.1779277338,10.0,0
2052.853,0.17781987019999998,10.0,0
2053.335,0.17802779130000002,10.0,0
2053.817,0.1779945144,10.0,0
2054.299,0.1779245482,10.0,0
2054.781,0.17827757649999998,10.0,0
2055.263,0.1782921164,10.0,0
2055.746,0.17830358799999999,10.0,0
2056.228,0.1784858911,10.0,0
2056.71,0.17856774900000003,10.0,0
2057.192,0.1785129975,10.0,0
2057.674,0.17846570750000001,10.0,0
2058.156,0.1787237334,10.0,0
2058.638,0.17872294100000002,10.0,0
2059.12,0.17873075700000002,10.0,0
2059.603,0.17869365420000002,10.0,0
2060.084,0.17873254840000002,10.0,0
2060.567,0.1786801834,10.0,0
2061.049,0.178952566,10.0,0
2061.531,0.1787610744,10.0,0
2062.013,0.17894451190000002,10.0,0
2062.495,0.1789583023,10.0,0
2062.977,0.1788859393,10.0,0
2063.459,0.1789888379,10.0,0
2063.941,0.17906056750000002,10.0,0
2064.424,0.1791135173,10.0,0
2064.906,0.179205552,10.0,0
2065.388,0.1793013496,10.0,0
2065.87,0.1793179429,10.0,0
2066.352,0.17939806870000002,10.0,0
2066.834,0.1793848741,10.0,0
2067.316,0.17946335309999997,10.0,0
2067.798,0.1793531777,10.0,0
2068.281,0.179491432,10.0,0
2068.763,0.17953239320000003,10.0,0
2069.245,0.179562771,10.0,0
2069.727,0.1796546786,10.0,0
2070.209,0.1796420628,10.0,0
2070.691,0.1795494096,10.0,0
2071.173,0.1795379691,10.0,0
2071.655,0.1795788579,10.0,0
2072.137,0.17975825369999998,10.0,0
2072.62,0.17960324889999998,10.0,0
2073.102,0.1797708441,10.0,0
2073.584,0.17958256630000002,10.0,0
2074.066,0.179612695,10.0,0
2074.548,0.1796166797,10.0,0
2075.03,0.1797554814,10.0,0
2075.512,0.17978111160000002,10.0,0
2075.994,0.1797689794,10.0,0
2076.477,0.17970509839999999,10.0,0
2076.959,0.17985504209999997,10.0,0
2077.441,0.1798959506,10.0,0
2077.923,0.17978521749999998,10.0,0
2078.405,0.1797406619,10.0,0
2078.887,0.17985134479999998,10.0,0
2079.369,0.1797928,10.0,0
2079.851,0.1799259503,10.0,0
2080.333,0.1797925574,10.0,0
2080.816,0.17962241980000002,10.0,0
2081.298,0.17972895260000002,10.0,0
2081.78,0.1798403247,10.0,0
2082.262,0.1796827349,10.0,0
2082.744,0.1796119059,10.0,0
2083.226,0.17975854940000002,10.0,0
2083.708,0.1797625681,10.0,0
2084.19,0.1798715527,10.0,0
2084.673,0.1795543563,10.0,0
2085.155,0.1797319165,10.0,0
2085.637,0.1796199926,10.0,0
2086.119,0.179471558,10.0,0
2086.601,0.1795925838,10.0,0
2087.083,0.1795631483,10.0,0
2087.565,0.1794663708,10.0,0
2088.047,0.1796841737,10.0,0
2088.53,0.1794493976,10.0,0
2089.011,0.1796242513,10.0,0
2089.494,0.1794431624,10.0,0
2089.976,0.17958888,10.0,0
2090.458,0.17954853629999998,10.0,0
2090.94,0.17935789,10.0,0
2091.422,0.1793732703,10.0,0
2091.904,0.1792674904,10.0,0
2092.386,0.1794960907,10.0,0
2092.868,0.1793771372,10.0,0
2093.351,0.179270378,10.0,0
2093.833,0.1791755072,10.0,0
2094.315,0.17897706089999998,10.0,0
2094.797,0.1792360797,10.0,0
2095.279,0.17926298119999998,10.0,0
2095.761,0.1790812864,10.0,0
2096.243,0.1793715719,10.0,0
2096.725,0.1789890353,10.0,0
2097.208,0.1790369614,10.0,0
2097.69,0.17910320559999998,10.0,0
2098.172,0.17882413369999997,10.0,0
2098.654,0.1789298553,10.0,0
2099.136,0.178931153,10.0,0
2099.618,0.1788061793,10.0,0
2100.1,0.17866955529999998,10.0,0
2100.582,0.178728146,10.0,0
2101.064,0.1788080327,10.0,0
2101.547,0.1784309816,10.0,0
2102.029,0.1786641885,10.0,0
2102.511,0.17840561929999998,10.0,0
2102.993,0.1783690673,10.0,0
2103.475,0.178375166,10.0,0
2103.957,0.178281802,10.0,0
2104.439,0.178348857,10.0,0
2104.921,0.1782203638,10.0,0
2105.404,0.1781340538,10.0,0
2105.886,0.1781594617,10.0,0
2106.368,0.1779943024,10.0,0
2106.85,0.17807083980000002,10.0,0
2107.332,0.1780113476,10.0,0
2107.814,0.1777760154,10.0,0
2108.296,0.1778223662,10.0,0
2108.778,0.1778851182,10.0,0
2109.26,0.17761093209999998,10.0,0
2109.743,0.1777188174,10.0,0
2110.225,0.1775668625,10.0,0
2110.707,0.1775003,10.0,0
2111.189,0.1775106752,10.0,0
2111.671,0.17746389610000002,10.0,0
2112.153,0.1774363772,10.0,0
2112.635,0.17739882170000001,10.0,0
2113.117,0.1772096298,10.0,0
2113.6,0.1771937258,10.0,0
2114.082,0.1769921181,10.0,0
2114.564,0.17705947630000002,10.0,0
2115.046,0.17690949679999998,10.0,0
2115.528,0.1768174875,10.0,0
2116.01,0.1766066503,10.0,0
2116.492,0.176564654,10.0,0
2116.974,0.17665837320000002,10.0,0
2117.457,0.17664165969999998,10.0,0
2117.938,0.17650993199999998,10.0,0
2118.421,0.1762660535,10.0,0
2118.903,0.1763828213,10.0,0
2119.385,0.17625417389999998,10.0,0
2119.867,0.17604409480000002,10.0,0
2120.349,0.1760781176,10.0,0
2120.831,0.1760516955,10.0,0
2121.313,0.1757627559,10.0,0
2121.795,0.17574904409999997,10.0,0
2122.278,0.1758441983,10.0,0
2122.76,0.1758065308,10.0,0
2123.242,0.1756642393,10.0,0
2123.724,0.175539168,10.0,0
2124.206,0.1754467328,10.0,0
2124.688,0.17548742399999998,10.0,0
2125.17,0.175354806,10.0,0
2125.652,0.17535553920000002,10.0,0
2126.135,0.1751960442,10.0,0
2126.617,0.1752135518,10.0,0
2127.099,0.1751657724,10.0,0
2127.581,0.1751659945,10.0,0
2128.063,0.174994431,10.0,0
2128.545,0.17496940160000002,10.0,0
2129.027,0.17484120279999998,10.0,0
2129.509,0.1747147737,10.0,0
2129.991,0.1746550634,10.0,0
2130.474,0.17448120509999998,10.0,0
2130.956,0.17435645319999998,10.0,0
2131.438,0.1741389213,10.0,0
2131.92,0.17424277430000001,10.0,0
2132.402,0.1741013225,10.0,0
2132.884,0.17392575570000002,10.0,0
2133.366,0.17408137199999998,10.0,0
2133.848,0.173958149,10.0,0
2134.331,0.1736862954,10.0,0
2134.813,0.1735622836,10.0,0
2135.295,0.1736038931,10.0,0
2135.777,0.1734789533,10.0,0
2136.259,0.17341834080000001,10.0,0
2136.741,0.17326887800000002,10.0,0
2137.223,0.1733974453,10.0,0
2137.705,0.1730478806,10.0,0
2138.188,0.1730950797,10.0,0
2138.67,0.1729282702,10.0,0
2139.152,0.1727863314,10.0,0
2139.634,0.1727288961,10.0,0
2140.116,0.1727201786,10.0,0
2140.598,0.17259081129999998,10.0,0
2141.08,0.1724434175,10.0,0
2141.562,0.17243034990000003,10.0,0
2142.044,0.1723903641,10.0,0
2142.527,0.1723362654,10.0,0
2143.009,0.1722288914,10.0,0
2143.491,0.1719687875,10.0,0
2143.973,0.1720853721,10.0,0
2144.455,0.17203752890000001,10.0,0
2144.937,0.1718755585,10.0,0
2145.419,0.1718819657,10.0,0
2145.901,0.1716961352,10.0,0
2146.384,0.17157541240000002,10.0,0
2146.865,0.1712894825,10.0,0
2147.348,0.1716271849,10.0,0
2147.83,0.1714557987,10.0,0
2148.312,0.1713050817,10.0,0
2148.794,0.1711912207,10.0,0
2149.276,0.1711447825,10.0,0
2149.758,0.1712488257,10.0,0
2150.24,0.1710821158,10.0,0
2150.722,0.171088291,10.0,0
2151.205,0.1708661895,10.0,0
2151.687,0.17080576719999999,10.0,0
2152.169,0.17084157860000002,10.0,0
2152.651,0.1708241266,10.0,0
2153.133,0.1706011422,10.0,0
2153.615,0.17073895220000002,10.0,0
2154.097,0.17053728140000002,10.0,0
2154.579,0.17073167609999998,10.0,0
2155.062,0.17026144080000002,10.0,0
2155.544,0.1703466495,10.0,0
2156.026,0.1700876432,10.0,0
2156.508,0.1700801694,10.0,0
2156.99,0.1700755247,10.0,0
2157.472,0.16993732179999999,10.0,0
2157.954,0.1698044521,10.0,0
2158.436,0.16977506600000003,10.0,0
2158.918,0.1697356505,10.0,0
2159.401,0.1695338851,10.0,0
2159.883,0.1695227885,10.0,0
2160.365,0.1696945069,10.0,0
2160.847,0.16969945620000002,10.0,0
2161.329,0.1691632954,10.0,0
2161.811,0.16939463889999998,10.0,0
2162.293,0.16927112749999998,10.0,0
2162.775,0.16906773269999997,10.0,0
2163.258,0.1689576045,10.0,0
2163.74,0.16905304050000003,10.0,0
2164.222,0.16906153840000002,10.0,0
2164.704,0.16896836189999997,10.0,0
2165.186,0.1688814663,10.0,0
2165.668,0.1688336044,10.0,0
2166.15,0.16880896280000002,10.0,0
2166.632,0.16866306309999998,10.0,0
2167.115,0.1684639058,10.0,0
2167.597,0.16850013090000002,10.0,0
2168.079,0.16836671849999998,10.0,0
2168.561,0.16816476689999998,10.0,0
2169.043,0.1683544917,10.0,0
2169.525,0.168204413,10.0,0
2170.007,0.1680858728,10.0,0
2170.489,0.1680884935,10.0,0
2170.971,0.1680317095,10.0,0
2171.454,0.1681175899,10.0,0
2171.936,0.16792316289999998,10.0,0
2172.418,0.16790301629999999,10.0,0
2172.9,0.1680462381,10.0,0
2173.382,0.16792187009999998,10.0,0
2173.864,0.1678900661,10.0,0
2174.346,0.1681037429,10.0,0
2174.828,0.16785318130000002,10.0,0
2175.311,0.1677326188,10.0,0
2175.792,0.1678175728,10.0,0
2176.275,0.1677814325,10.0,0
2176.757,0.16752945730000002,10.0,0
2177.239,0.1677074917,10.0,0
2177.721,0.1675592963,10.0,0
2178.203,0.16742085110000002,10.0,0
2178.685,0.1674352978,10.0,0
2179.167,0.1673611486,10.0,0
2179.649,0.167383087,10.0,0
2180.132,0.16712066279999999,10.0,0
2180.614,0.1672012131,10.0,0
2181.096,0.16708988309999998,10.0,0
2181.578,0.1670862695,10.0,0
2182.06,0.1672630549,10.0,0
2182.542,0.1669947413,10.0,0
2183.024,0.16697303940000002,10.0,0
2183.506,0.16711712339999998,10.0,0
2183.989,0.16702564469999998,10.0,0
2184.471,0.16713770400000003,10.0,0
2184.953,0.1671119838,10.0,0
2185.435,0.1667967133,10.0,0
2185.917,0.1669384797,10.0,0
2186.399,0.1669845431,10.0,0
2186.881,0.1667398742,10.0,0
2187.363,0.1668331242,10.0,0
2187.845,0.16688096330000002,10.0,0
2188.328,0.1668043935,10.0,0
2188.81,0.16668513999999998,10.0,0
2189.292,0.16687041889999998,10.0,0
2189.774,0.1665932185,10.0,0
2190.256,0.1668269788,10.0,0
2190.738,0.1666289711,10.0,0
2191.22,0.16679860519999998,10.0,0
2191.702,0.1666343072,10.0,0
2192.185,0.1665917563,10.0,0
2192.667,0.16655924030000002,10.0,0
2193.149,0.16677977810000003,10.0,0
2193.631,0.16656003930000002,10.0,0
2194.113,0.166623533,10.0,0
2194.595,0.16669847399999999,10.0,0
2195.077,0.16666338549999998,10.0,0
2195.559,0.16657881540000002,10.0,0
2196.042,0.16658037060000003,10.0,0
2196.524,0.1667808097,10.0,0
2197.006,0.1666990106,10.0,0
2197.488,0.1666651372,10.0,0
2197.97,0.16670142089999998,10.0,0
2198.452,0.1667659281,10.0,0
2198.934,0.16659526530000002,10.0,0
2199.416,0.1667191674,10.0,0
2199.898,0.16669445849999998,10.0,0
2200.381,0.1667290551,10.0,0
2200.863,0.16651409749999999,10.0,0
2201.345,0.1667279554,10.0,0
2201.827,0.16674176,10.0,0
2202.309,0.1666931763,10.0,0
2202.791,0.1665552155,10.0,0
2203.273,0.1665822236,10.0,0
2203.755,0.16654911460000002,10.0,0
2204.238,0.1665757633,10.0,0
2204.719,0.16663813309999997,10.0,0
2205.202,0.16667555199999998,10.0,0
2205.684,0.16653571379999998,10.0,0
2206.166,0.166712058,10.0,0
2206.648,0.16673125339999997,10.0,0
2207.13,0.1666590211,10.0,0
2207.612,0.1668169552,10.0,0
2208.094,0.1668673082,10.0,0
2208.576,0.1667855578,10.0,0
2209.059,0.16697152280000002,10.0,0
2209.541,0.1667116932,10.0,0
2210.023,0.16692213420000002,10.0,0
2210.505,0.1669774385,10.0,0
2210.987,0.1671218807,10.0,0
2211.469,0.1668591115,10.0,0
2211.951,0.16714274150000002,10.0,0
2212.433,0.1671924672,10.0,0
2212.916,0.16712017159999998,10.0,0
2213.398,0.16702532949999999,10.0,0
2213.88,0.16725517029999998,10.0,0
2214.362,0.1673681054,10.0,0
2214.844,0.16717260629999997,10.0,0
2215.326,0.16717682490000002,10.0,0
2215.808,0.16735206309999998,10.0,0
2216.29,0.167462456,10.0,0
2216.772,0.1672381059,10.0,0
2217.255,0.1673807376,10.0,0
2217.737,0.16762155239999998,10.0,0
2218.219,0.1675632258,10.0,0
2218.701,0.1675931435,10.0,0
2219.183,0.1677556755,10.0,0
2219.665,0.1676544526,10.0,0
2220.147,0.1678211627,10.0,0
2220.629,0.1678149401,10.0,0
2221.112,0.1676756316,10.0,0
2221.594,0.1677351991,10.0,0
2222.076,0.168063246,10.0,0
2222.558,0.16781303860000002,10.0,0
2223.04,0.1680167336,10.0,0
2223.522,0.1680733712,10.0,0
2224.004,0.1680935827,10.0,0
2224.486,0.1681634614,10.0,0
2224.969,0.1681944481,10.0,0
2225.451,0.1683621222,10.0,0
2225.933,0.1682334536,10.0,0
2226.415,0.1684512394,10.0,0
2226.897,0.1682909623,10.0,0
2227.379,0.16851905169999998,10.0,0
2227.861,0.16868905609999998,10.0,0
2228.343,0.16856597659999997,10.0,0
2228.825,0.1685414877,10.0,0
2229.308,0.1687564091,10.0,0
2229.79,0.1687974431,10.0,0
2230.272,0.1689184091,10.0,0
2230.754,0.1689868124,10.0,0
2231.236,0.16909836290000002,10.0,0
2231.718,0.1689930076,10.0,0
2232.2,0.1690514814,10.0,0
2232.682,0.1690927448,10.0,0
2233.165,0.16896708619999998,10.0,0
2233.646,0.16939583290000002,10.0,0
2234.129,0.1694831181,10.0,0
2234.611,0.16915645569999999,10.0,0
2235.093,0.16960535629999998,10.0,0
2235.575,0.16963791839999998,10.0,0
2236.057,0.16965145339999999,10.0,0
2236.539,0.16978155260000002,10.0,0
2237.021,0.1698845746,10.0,0
2237.503,0.16999369120000002,10.0,0
2237.986,0.1700542682,10.0,0
2238.468,0.1699414552,10.0,0
2238.95,0.17029183329999997,10.0,0
2239.432,0.1702100673,10.0,0
2239.914,0.17030216620000002,10.0,0
2240.396,0.17045411949999997,10.0,0
2240.878,0.1705632516,10.0,0
2241.36,0.17041135189999998,10.0,0
2241.843,0.1704640709,10.0,0
2242.325,0.1708466576,10.0,0
2242.807,0.17077229330000002,10.0,0
2243.289,0.1709875158,10.0,0
2243.771,0.17096556889999998,10.0,0
2244.253,0.17119994049999998,10.0,0
2244.735,0.17116377060000001,10.0,0
2245.217,0.17122330479999998,10.0,0
2245.699,0.1714618066,10.0,0
2246.182,0.17139526759999998,10.0,0
2246.664,0.1716627982,10.0,0
2247.146,0.17176028840000002,10.0,0
2247.628,0.17167457379999998,10.0,0
2248.11,0.17198187010000002,10.0,0
2248.592,0.1720105157,10.0,0
2249.074,0.1717944408,10.0,0
2249.556,0.17225693620000002,10.0,0
2250.039,0.17232465349999998,10.0,0
2250.521,0.17228594279999998,10.0,0
2251.003,0.1723357151,10.0,0
2251.485,0.1726331485,10.0,0
2251.967,0.1726605751,10.0,0
2252.449,0.1726401052,10.0,0
2252.931,0.1728508219,10.0,0
2253.413,0.1726418215,10.0,0
2253.896,0.1728311683,10.0,0
2254.378,0.17301365600000002,10.0,0
2254.86,0.1731592611,10.0,0
2255.342,0.17317822549999998,10.0,0
2255.824,0.1732224125,10.0,0
2256.306,0.17355481990000002,10.0,0
2256.788,0.1735298202,10.0,0
2257.27,0.17353112750000002,10.0,0
2257.752,0.1737046702,10.0,0
2258.235,0.173666813,10.0,0
2258.717,0.1738681652,10.0,0
2259.199,0.1739159299,10.0,0
2259.681,0.173917746,10.0,0
2260.163,0.17409388320000002,10.0,0
2260.645,0.1742058576,10.0,0
2261.127,0.17417983039999999,10.0,0
2261.609,0.1744232497,10.0,0
2262.092,0.1742572143,10.0,0
2262.573,0.17438420959999998,10.0,0
2263.056,0.174648241,10.0,0
2263.538,0.1747142143,10.0,0
2264.02,0.17482747629999998,10.0,0
2264.502,0.1749477665,10.0,0
2264.984,0.17499380460000002,10.0,0
2265.466,0.1751163497,10.0,0
2265.948,0.17507682360000001,10.0,0
2266.43,0.17529596890000002,10.0,0
2266.913,0.1752206176,10.0,0
2267.395,0.1757053919,10.0,0
2267.877,0.1755431273,10.0,0
2268.359,0.1756496984,10.0,0
2268.841,0.1757053065,10.0,0
2269.323,0.1757579546,10.0,0
2269.805,0.17581186720000003,10.0,0
2270.287,0.17580354310000001,10.0,0
2270.77,0.1760315119,10.0,0
2271.252,0.17602303970000002,10.0,0
2271.734,0.1761911228,10.0,0
2272.216,0.1762791376,10.0,0
2272.698,0.17629733309999998,10.0,0
2273.18,0.1761010024,10.0,0
2273.662,0.1765138535,10.0,0
2274.144,0.17661908780000002,10.0,0
2274.626,0.17672896829999998,10.0,0
2275.109,0.1769791579,10.0,0
2275.591,0.1769299695,10.0,0
2276.073,0.1769862911,10.0,0
2276.555,0.1771407649,10.0,0
2277.037,0.1772227136,10.0,0
2277.519,0.1772133132,10.0,0
2278.001,0.1771915179,10.0,0
2278.483,0.17744635150000002,10.0,0
2278.966,0.1776445867,10.0,0
2279.448,0.17778225920000001,10.0,0
2279.93,0.1777265014,10.0,0
2280.412,0.1779375889,10.0,0
2280.894,0.1780020914,10.0,0
2281.376,0.1779306128,10.0,0
2281.858,0.1781883663,10.0,0
2282.34,0.1782219689,10.0,0
2282.823,0.178274386,10.0,0
2283.305,0.1782689838,10.0,0
2283.787,0.1783018877,10.0,0
2284.269,0.1785492013,10.0,0
2284.751,0.1785001589,10.0,0
2285.233,0.17844673149999998,10.0,0
2285.715,0.17852359929999997,10.0,0
2286.197,0.1787487472,10.0,0
2286.679,0.17862859709999998,10.0,0
2287.162,0.17870875730000002,10.0,0
2287.644,0.17879916519999997,10.0,0
2288.126,0.1788473314,10.0,0
2288.608,0.1787772706,10.0,0
2289.09,0.1787349381,10.0,0
2289.572,0.1789124265,10.0,0
2290.054,0.1789699181,10.0,0
2290.536,0.1790682144,10.0,0
2291.019,0.17905560229999998,10.0,0
2291.5,0.1791191806,10.0,0
2291.983,0.1792486744,10.0,0
2292.465,0.179202042,10.0,0
2292.947,0.17945973510000002,10.0,0
2293.429,0.1794948681,10.0,0
2293.911,0.1795846326,10.0,0
2294.393,0.1795353791,10.0,0
2294.875,0.1796553197,10.0,0
2295.357,0.1796306576,10.0,0
2295.84,0.17988773949999998,10.0,0
2296.322,0.1798376827,10.0,0
2296.804,0.17995251029999998,10.0,0
2297.286,0.18006768380000002,10.0,0
2297.768,0.1801451512,10.0,0
2298.25,0.1801020248,10.0,0
2298.732,0.1801792602,10.0,0
2299.214,0.1802567306,10.0,0
2299.697,0.18020741480000002,10.0,0
2300.179,0.1800917688,10.0,0
2300.661,0.18021891069999998,10.0,0
2301.143,0.1803104634,10.0,0
2301.625,0.1804101655,10.0,0
2302.107,0.1803973613,10.0,0
2302.589,0.1803729839,10.0,0
2303.071,0.18044757520000002,10.0,0
2303.553,0.1806417673,10.0,0
2304.036,0.1806000271,10.0,0
2304.518,0.18047284149999998,10.0,0
2305.0,0.1807167855,10.0,0
2305.482,0.1806048981,10.0,0
2305.964,0.1807700891,10.0,0
2306.446,0.1807363178,10.0,0
2306.928,0.1807333266,10.0,0
2307.41,0.18082232390000003,10.0,0
2307.893,0.1809297798,10.0,0
2308.375,0.18092019480000002,10.0,0
2308.857,0.180895416,10.0,0
2309.339,0.18107909670000003,10.0,0
2309.821,0.18100251050000002,10.0,0
2310.303,0.181087118,10.0,0
2310.785,0.1809429577,10.0,0
2311.267,0.1808390585,10.0,0
2311.75,0.1810230991,10.0,0
2312.232,0.1809675535,10.0,0
2312.714,0.18100288150000002,10.0,0
2313.196,0.1810949141,10.0,0
2313.678,0.18122866840000001,10.0,0
2314.16,0.1810743591,10.0,0
2314.642,0.1812038745,10.0,0
2315.124,0.18116099210000003,10.0,0
2315.606,0.18109599119999997,10.0,0
2316.089,0.1813252908,10.0,0
2316.571,0.18113863210000003,10.0,0
2317.053,0.18144537589999998,10.0,0
2317.535,0.1813215826,10.0,0
2318.017,0.1815521013,10.0,0
2318.499,0.1812764119,10.0,0
2318.981,0.1814812189,10.0,0
2319.463,0.18149820120000001,10.0,0
2319.946,0.1816089582,10.0,0
2320.427,0.1813013738,10.0,0
2320.91,0.1815284706,10.0,0
2321.392,0.1816364912,10.0,0
2321.874,0.18155837349999998,10.0,0
2322.356,0.1817369168,10.0,0
2322.838,0.1815432854,10.0,0
2323.32,0.18156030950000002,10.0,0
2323.802,0.18143071849999998,10.0,0
2324.284,0.18156431380000002,10.0,0
2324.767,0.1816142292,10.0,0
2325.249,0.1814036983,10.0,0
2325.731,0.1815512007,10.0,0
2326.213,0.1814168132,10.0,0
2326.695,0.1815209534,10.0,0
2327.177,0.1812943458,10.0,0
2327.659,0.18129546359999998,10.0,0
2328.141,0.1811925633,10.0,0
2328.624,0.1813747627,10.0,0
2329.106,0.18115529460000002,10.0,0
2329.588,0.1810221659,10.0,0
2330.07,0.181206709,10.0,0
2330.552,0.1812088225,10.0,0
2331.034,0.1809257916,10.0,0
2331.516,0.1812424381,10.0,0
2331.998,0.1809716342,10.0,0
2332.48,0.1811135197,10.0,0
2332.963,0.18138141610000003,10.0,0
2333.445,0.1812604229,10.0,0
2333.927,0.18142892710000003,10.0,0
2334.409,0.1812781134,10.0,0
2334.891,0.1815816583,10.0,0
2335.373,0.181535896,10.0,0
2335.855,0.1815325836,10.0,0
2336.337,0.1814257661,10.0,0
2336.82,0.18128668690000002,10.0,0
2337.302,0.18150550240000002,10.0,0
2337.784,0.18143892879999998,10.0,0
2338.266,0.1811885191,10.0,0
2338.748,0.1811728017,10.0,0
2339.23,0.1809870749,10.0,0
2339.712,0.1811960075,10.0,0
2340.194,0.1810041782,10.0,0
2340.677,0.18056642199999998,10.0,0
2341.159,0.1806968305,10.0,0
2341.641,0.18052177279999998,10.0,0
2342.123,0.1803970064,10.0,0
2342.605,0.1802624809,10.0,0
2343.087,0.1804438207,10.0,0
2343.569,0.1804492693,10.0,0
2344.051,0.1803838503,10.0,0
2344.533,0.18029628890000002,10.0,0
2345.016,0.1803262857,10.0,0
2345.498,0.18053198110000002,10.0,0
2345.98,0.1805837241,10.0,0
2346.462,0.1804204196,10.0,0
2346.944,0.18062375070000003,10.0,0
2347.426,0.1804721967,10.0,0
2347.908,0.1805677001,10.0,0
2348.39,0.1805951313,10.0,0
2348.873,0.180340482,10.0,0
2349.354,0.1802716616,10.0,0
2349.837,0.1804175085,10.0,0
2350.319,0.1802824599,10.0,0
2350.801,0.1802645841,10.0,0
2351.283,0.1801204515,10.0,0
2351.765,0.1801787109,10.0,0
2352.247,0.1801555923,10.0,0
2352.729,0.1801449944,10.0,0
2353.211,0.17991867760000002,10.0,0
2353.694,0.18000170199999999,10.0,0
2354.176,0.1798903686,10.0,0
2354.658,0.1798575795,10.0,0
2355.14,0.17968282630000001,10.0,0
2355.622,0.1794245454,10.0,0
2356.104,0.17938582839999997,10.0,0
2356.586,0.1793450754,10.0,0
2357.068,0.17915114129999998,10.0,0
2357.551,0.17904217790000002,10.0,0
2358.033,0.1788972624,10.0,0
2358.515,0.1788739301,10.0,0
2358.997,0.1786624207,10.0,0
2359.479,0.17880376259999997,10.0,0
2359.961,0.1787192993,10.0,0
2360.443,0.1787202976,10.0,0
2360.925,0.178677842,10.0,0
2361.407,0.1787627582,10.0,0
2361.89,0.17870376,10.0,0
2362.372,0.1788396042,10.0,0
2362.854,0.17874175269999998,10.0,0
2363.336,0.17870146590000002,10.0,0
2363.818,0.1786786327,10.0,0
2364.3,0.1787554256,10.0,0
2364.782,0.17879753510000002,10.0,0
2365.264,0.1787437975,10.0,0
2365.747,0.1786189448,10.0,0
2366.229,0.1785887187,10.0,0
2366.711,0.1786484647,10.0,0
2367.193,0.1784705383,10.0,0
2367.675,0.1783869584,10.0,0
2368.157,0.17849552849999997,10.0,0
2368.639,0.1783025705,10.0,0
2369.121,0.17819762109999998,10.0,0
2369.604,0.1780247912,10.0,0
2370.086,0.1780803842,10.0,0
2370.568,0.1780590213,10.0,0
2371.05,0.1779400133,10.0,0
2371.532,0.1779253579,10.0,0
2372.014,0.1779987968,10.0,0
2372.496,0.1780227791,10.0,0
2372.978,0.1780906017,10.0,0
2373.46,0.17808435500000003,10.0,0
2373.943,0.17820729740000002,10.0,0
2374.425,0.1781840838,10.0,0
2374.907,0.1782374316,10.0,0
2375.389,0.1781579192,10.0,0
2375.871,0.1782865062,10.0,0
2376.353,0.17815467819999997,10.0,0
2376.835,0.17813119319999998,10.0,0
2377.317,0.1781203345,10.0,0
2377.799,0.17816124169999997,10.0,0
2378.281,0.17792218170000001,10.0,0
2378.764,0.1780288739,10.0,0
2379.246,0.17795340929999998,10.0,0
2379.728,0.1778296457,10.0,0
2380.21,0.1778985704,10.0,0
2380.692,0.1778280551,10.0,0
2381.174,0.17772761299999998,10.0,0
2381.656,0.17748993219999998,10.0,0
2382.138,0.1775934496,10.0,0
2382.621,0.1775246014,10.0,0
2383.103,0.1775335265,10.0,0
2383.585,0.1773743024,10.0,0
2384.067,0.17733242740000002,10.0,0
2384.549,0.1770404402,10.0,0
2385.031,0.1771683006,10.0,0
2385.513,0.17690695879999999,10.0,0
2385.995,0.17697167879999998,10.0,0
2386.478,0.17697994009999998,10.0,0
2386.96,0.17698284520000002,10.0,0
2387.442,0.17679176800000002,10.0,0
2387.924,0.1767617272,10.0,0
2388.406,0.1769952971,10.0,0
2388.888,0.1768315477,10.0,0
2389.37,0.1767510682,10.0,0
2389.852,0.1766176575,10.0,0
2390.334,0.1764075907,10.0,0
2390.817,0.1766990638,10.0,0
2391.299,0.1763189043,10.0,0
2391.781,0.176363917,10.0,0
2392.263,0.1759998168,10.0,0
2392.745,0.1762171714,10.0,0
2393.227,0.17610723069999998,10.0,0
2393.709,0.17601511420000002,10.0,0
2394.191,0.1758361131,10.0,0
2394.674,0.17580377020000001,10.0,0
2395.156,0.1757585954,10.0,0
2395.638,0.17601447369999998,10.0,0
2396.12,0.1755692666,10.0,0
2396.602,0.1755552054,10.0,0
2397.084,0.1755000797,10.0,0
2397.566,0.1754930767,10.0,0
2398.048,0.1754572126,10.0,0
2398.531,0.17546757400000002,10.0,0
2399.012,0.1755585413,10.0,0
2399.495,0.17523152360000002,10.0,0
2399.977,0.1752452774,10.0,0
2400.459,0.175165437,10.0,0
2400.941,0.1750874238,10.0,0
2401.423,0.1750653978,10.0,0
2401.905,0.1749835598,10.0,0
2402.387,0.17504239819999998,10.0,0
2402.869,0.17482872230000002,10.0,0
2403.352,0.1747470894,10.0,0
2403.834,0.1745958567,10.0,0
2404.316,0.17468919589999998,10.0,0
2404.798,0.1745262459,10.0,0
2405.28,0.17449264979999998,10.0,0
2405.762,0.17449634209999998,10.0,0
2406.244,0.1743238218,10.0,0
2406.726,0.1743450134,10.0,0
2407.208,0.1740956919,10.0,0
2407.691,0.17413417450000002,10.0,0
2408.173,0.1741094205,10.0,0
2408.655,0.1738261217,10.0,0
2409.137,0.1740646929,10.0,0
2409.619,0.17392043229999998,10.0,0
2410.101,0.17371004899999998,10.0,0
2410.583,0.17392572309999998,10.0,0
2411.065,0.1736224013,10.0,0
2411.548,0.17355434349999999,10.0,0
2412.03,0.173374244,10.0,0
2412.512,0.1733119205,10.0,0
2412.994,0.1734474925,10.0,0
2413.476,0.1732439634,10.0,0
2413.958,0.17347794119999999,10.0,0
2414.44,0.1733323805,10.0,0
2414.922,0.1732143434,10.0,0
2415.405,0.17321842480000002,10.0,0
2415.887,0.1730595468,10.0,0
2416.369,0.172893358,10.0,0
2416.851,0.1730185123,10.0,0
2417.333,0.1728934793,10.0,0
2417.815,0.1728154275,10.0,0
2418.297,0.1727345719,10.0,0
2418.779,0.17279523919999998,10.0,0
2419.261,0.1725580458,10.0,0
2419.744,0.1726528586,10.0,0
2420.226,0.1728118308,10.0,0
2420.708,0.17249149190000002,10.0,0
2421.19,0.17252028209999998,10.0,0
2421.672,0.17260486100000003,10.0,0
2422.154,0.172528932,10.0,0
2422.636,0.17217046060000002,10.0,0
2423.118,0.1722033793,10.0,0
2423.601,0.17226614510000002,10.0,0
2424.083,0.17205208290000001,10.0,0
2424.565,0.17217594900000002,10.0,0
2425.047,0.17203667190000002,10.0,0
2425.529,0.171970007,10.0,0
2426.011,0.17209238859999998,10.0,0
2426.493,0.1721738363,10.0,0
2426.975,0.171914254,10.0,0
2427.458,0.17205164350000002,10.0,0
2427.939,0.1719568533,10.0,0
2428.422,0.1718818362,10.0,0
2428.904,0.1718156926,10.0,0
2429.386,0.1718536277,10.0,0
2429.868,0.1719363064,10.0,0
2430.35,0.171810458,10.0,0
2430.832,0.17196986549999999,10.0,0
2431.314,0.171840212,10.0,0
2431.796,0.1717044315,10.0,0
2432.279,0.17159026440000003,10.0,0
2432.761,0.171659504,10.0,0
2433.243,0.1714984547,10.0,0
2433.725,0.1716321633,10.0,0
2434.207,0.1715273057,10.0,0
2434.689,0.1716638017,10.0,0
2435.171,0.1715050912,10.0,0
2435.653,0.1714899046,10.0,0
2436.135,0.1714152419,10.0,0
2436.618,0.1716432342,10.0,0
2437.1,0.1713499286,10.0,0
2437.582,0.17123391989999998,10.0,0
2438.064,0.1712882573,10.0,0
2438.546,0.1711566869,10.0,0
2439.028,0.17137165750000002,10.0,0
2439.51,0.17154399569999998,10.0,0
2439.992,0.17142350660000003,10.0,0
2440.475,0.1714419997,10.0,0
2440.957,0.1712281797,10.0,0
2441.439,0.171295946,10.0,0
2441.921,0.1712881729,10.0,0
2442.403,0.17111148790000003,10.0,0
2442.885,0.1710890444,10.0,0
2443.367,0.171084134,10.0,0
2443.849,0.17126251010000001,10.0,0
2444.332,0.1711447965,10.0,0
2444.814,0.1711060953,10.0,0
2445.296,0.1710941819,10.0,0
2445.778,0.1709267491,10.0,0
2446.26,0.1712457597,10.0,0
2446.742,0.1711677662,10.0,0
2447.224,0.17093093020000003,10.0,0
2447.706,0.1712557421,10.0,0
2448.188,0.170981284,10.0,0
2448.671,0.1709111165,10.0,0
2449.153,0.1709502449,10.0,0
2449.635,0.17094008689999998,10.0,0
2450.117,0.1709742727,10.0,0
2450.599,0.1711407249,10.0,0
2451.081,0.1708079592,10.0,0
2451.563,0.1710788145,10.0,0
2452.045,0.1709208079,10.0,0
2452.528,0.170820684,10.0,0
2453.01,0.1712285841,10.0,0
2453.492,0.1709710599,10.0,0
2453.974,0.1709552412,10.0,0
2454.456,0.17096501230000002,10.0,0
2454.938,0.17093041039999998,10.0,0
2455.42,0.1708618384,10.0,0
2455.902,0.17104636150000002,10.0,0
2456.385,0.1709734529,10.0,0
2456.867,0.17121057879999999,10.0,0
2457.349,0.1710481578,10.0,0
2457.831,0.1710790874,10.0,0
2458.313,0.17112053840000002,10.0,0
2458.795,0.17102355360000002,10.0,0
2459.277,0.17116068510000002,10.0,0
2459.759,0.1713627979,10.0,0
2460.241,0.17120654689999998,10.0,0
2460.724,0.1712081518,10.0,0
2461.206,0.17140716099999997,10.0,0
2461.688,0.1712622296,10.0,0
2462.17,0.1714645385,10.0,0
2462.652,0.1714527469,10.0,0
2463.134,0.1713879765,10.0,0
2463.616,0.1714424557,10.0,0
2464.098,0.1714057435,10.0,0
2464.581,0.1714649039,10.0,0
2465.062,0.17132224470000001,10.0,0
2465.545,0.1713349492,10.0,0
2466.027,0.17138573640000002,10.0,0
2466.509,0.1716293554,10.0,0
2466.991,0.1713516825,10.0,0
2467.473,0.1714809339,10.0,0
2467.955,0.17152724819999998,10.0,0
2468.438,0.1713641938,10.0,0
2468.919,0.17145728340000002,10.0,0
2469.402,0.17129972840000002,10.0,0
2469.884,0.171390995,10.0,0
2470.366,0.171715471,10.0,0
2470.848,0.17167725409999998,10.0,0
2471.33,0.17155905959999998,10.0,0
2471.812,0.1717819266,10.0,0
2472.294,0.1717918303,10.0,0
2472.776,0.1717392662,10.0,0
2473.259,0.1718914636,10.0,0
2473.741,0.17191897690000002,10.0,0
2474.223,0.1719567509,10.0,0
2474.705,0.1723771535,10.0,0
2475.187,0.17212889650000002,10.0,0
2475.669,0.1723944559,10.0,0
2476.151,0.1725046339,10.0,0
2476.633,0.17244287020000001,10.0,0
2477.115,0.17232113829999998,10.0,0
2477.598,0.172619275,10.0,0
2478.08,0.1726261419,10.0,0
2478.562,0.17261335970000002,10.0,0
2479.044,0.17293429580000003,10.0,0
2479.526,0.1728723663,10.0,0
2480.008,0.1727857304,10.0,0
2480.49,0.1729463218,10.0,0
2480.972,0.17284926209999998,10.0,0
2481.455,0.1728620227,10.0,0
2481.937,0.1728942319,10.0,0
2482.419,0.17281207510000002,10.0,0
2482.901,0.1729194878,10.0,0
2483.383,0.17296097629999999,10.0,0
2483.865,0.17301319329999998,10.0,0
2484.347,0.1730611925,10.0,0
2484.829,0.1729045528,10.0,0
2485.312,0.17313416339999999,10.0,0
2485.794,0.17320463149999998,10.0,0
2486.276,0.17344447559999998,10.0,0
2486.758,0.17329868810000001,10.0,0
2487.24,0.173640574,10.0,0
2487.722,0.1735597666,10.0,0
2488.204,0.17340531890000002,10.0,0
2488.686,0.17351837660000002,10.0,0
2489.168,0.17367052730000002,10.0,0
2489.651,0.1738700139,10.0,0
2490.133,0.1739071767,10.0,0
2490.615,0.1739735976,10.0,0
2491.097,0.1739135815,10.0,0
2491.579,0.17402307050000002,10.0,0
2492.061,0.1740554182,10.0,0
2492.543,0.1740414813,10.0,0
2493.025,0.1743151918,10.0,0
2493.508,0.17422373130000002,10.0,0
2493.99,0.1743524743,10.0,0
2494.472,0.17436754489999998,10.0,0
2494.954,0.174393684,10.0,0
2495.436,0.1744782568,10.0,0
2495.918,0.17430366190000002,10.0,0
2496.4,0.17457032779999998,10.0,0
2496.882,0.17461226880000003,10.0,0
2497.365,0.17476598299999999,10.0,0
2497.846,0.17460303870000002,10.0,0
2498.329,0.174776119,10.0,0
2498.811,0.1747482064,10.0,0
2499.293,0.1749609649,10.0,0
2499.775,0.1748439117,10.0,0
2500.257,0.17503157430000002,10.0,1
2500.739,0.1748372872,10.0,1
2501.221,0.17527809290000002,10.0,1
2501.703,0.17536324059999997,10.0,1
2502.186,0.175312573,10.0,1
2502.668,0.1753564231,10.0,1
2503.15,0.17551861729999998,10.0,1
2503.632,0.17549083440000002,10.0,1
2504.114,0.1757866801,10.0,1
2504.596,0.17562272190000003,10.0,1
2505.078,0.1758051218,10.0,1
2505.56,0.17576346950000002,10.0,1
2506.042,0.1757280929,10.0,1
2506.525,0.1758073048,10.0,1
2507.007,0.1761135305,10.0,1
2507.489,0.1761963844,10.0,1
2507.971,0.17627142769999998,10.0,1
2508.453,0.17607381279999998,10.0,1
2508.935,0.176343599,10.0,1
2509.417,0.1763386391,10.0,1
2509.899,0.17656609880000002,10.0,1
2510.382,0.1765770281,10.0,1
2510.864,0.1766300807,10.0,1
2511.346,0.1767428483,10.0,1
2511.828,0.1767587199,10.0,1
2512.31,0.17682217130000003,10.0,1
2512.792,0.1769064109,10.0,1
2513.274,0.1768261764,10.0,1
2513.756,0.1771680518,10.0,1
2514.239,0.17712584929999997,10.0,1
2514.721,0.1772953196,10.0,1
2515.203,0.1773429207,10.0,1
2515.685,0.17727741930000002,10.0,1
2516.167,0.17747114719999998,10.0,1
2516.649,0.1773054389,10.0,1
2517.131,0.1774113191,10.0,1
2517.613,0.1775644597,10.0,1
2518.095,0.1779723807,10.0,1
2518.578,0.1779329362,10.0,1
2519.06,0.17795842830000003,10.0,1
2519.542,0.1779442167,10.0,1
2520.024,0.1781415488,10.0,1
2520.506,0.17810862570000002,10.0,1
2520.988,0.1782074622,10.0,1
2521.47,0.178108539,10.0,1
2521.952,0.1784055219,10.0,1
2522.435,0.17857687949999998,10.0,1
2522.917,0.17849601710000002,10.0,1
2523.399,0.17850698380000002,10.0,1
2523.881,0.178525033,10.0,1
2524.363,0.17876758250000002,10.0,1
2524.845,0.17867086919999997,10.0,1
2525.327,0.1786845373,10.0,1
2525.809,0.1788401731,10.0,1
2526.292,0.1788562951,10.0,1
2526.773,0.1789672398,10.0,1
2527.256,0.1790050093,10.0,1
2527.738,0.1790551486,10.0,1
2528.22,0.178998125,10.0,1
2528.702,0.1792252633,10.0,1
2529.184,0.17942391870000002,10.0,1
2529.666,0.1793152065,10.0,1
2530.148,0.17936598029999998,10.0,1
2530.63,0.1797138243,10.0,1
2531.113,0.1795727376,10.0,1
2531.595,0.1797254544,10.0,1
2532.077,0.1798061229,10.0,1
2532.559,0.17979858920000003,10.0,1
2533.041,0.179897643,10.0,1
2533.523,0.1800544262,10.0,1
2534.005,0.1800191321,10.0,1
2534.487,0.1802132231,10.0,1
2534.969,0.1800595864,10.0,1
2535.452,0.1802730209,10.0,1
2535.934,0.1803656908,10.0,1
2536.416,0.1802156462,10.0,1
2536.898,0.1802567138,10.0,1
2537.38,0.18025704699999998,10.0,1
2537.862,0.1801653593,10.0,1
2538.344,0.1805247001,10.0,1
2538.826,0.1804181452,10.0,1
2539.309,0.18047349629999998,10.0,1
2539.791,0.18060194870000001,10.0,1
2540.273,0.1808073438,10.0,1
2540.755,0.18084034370000002,10.0,1
2541.237,0.18078774460000002,10.0,1
2541.719,0.1808600299,10.0,1
2542.201,0.1810442568,10.0,1
2542.683,0.18100980190000002,10.0,1
2543.166,0.18111502470000002,10.0,1
2543.648,0.1813090186,10.0,1
2544.13,0.18120433800000002,10.0,1
2544.612,0.18130990100000002,10.0,1
2545.094,0.18157323290000002,10.0,1
2545.576,0.1814139027,10.0,1
2546.058,0.1814604738,10.0,1
2546.54,0.181510221,10.0,1
2547.022,0.18165649309999998,10.0,1
2547.505,0.1817228018,10.0,1
2547.987,0.1817646791,10.0,1
2548.469,0.1817925611,10.0,1
2548.951,0.18200926779999999,10.0,1
2549.433,0.18193234419999998,10.0,1
2549.915,0.18175915790000002,10.0,1
2550.397,0.1818544147,10.0,1
2550.879,0.18198729660000001,10.0,1
2551.362,0.1819582395,10.0,1
2551.844,0.1818932514,10.0,1
2552.326,0.1819834508,10.0,1
2552.808,0.1821036874,10.0,1
2553.29,0.1820141009,10.0,1
2553.772,0.1820862827,10.0,1
2554.254,0.18195794939999999,10.0,1
2554.736,0.18218057510000002,10.0,1
2555.219,0.1821309634,10.0,1
2555.7,0.1824566492,10.0,1
2556.183,0.18231959150000002,10.0,1
2556.665,0.182273234,10.0,1
2557.147,0.18233444389999998,10.0,1
2557.629,0.1825941892,10.0,1
2558.111,0.1824714417,10.0,1
2558.593,0.1826461435,10.0,1
2559.075,0.1827884091,10.0,1
2559.557,0.1826568145,10.0,1
2560.04,0.18271551030000002,10.0,1
2560.522,0.1825482431,10.0,1
2561.004,0.1828663891,10.0,1
2561.486,0.1829066641,10.0,1
2561.968,0.1830166621,10.0,1
2562.45,0.18298084979999998,10.0,1
2562.932,0.1829757042,10.0,1
2563.414,0.1830427788,10.0,1
2563.896,0.18310789759999999,10.0,1
2564.379,0.1831471526,10.0,1
2564.861,0.18329024759999998,10.0,1
2565.343,0.1831467701,10.0,1
2565.825,0.1832160138,10.0,1
2566.307,0.1831957325,10.0,1
2566.789,0.1831433583,10.0,1
2567.271,0.18320642939999998,10.0,1
2567.753,0.1832326633,10.0,1
2568.236,0.1832665737,10.0,1
2568.718,0.183222615,10.0,1
2569.2,0.1834400797,10.0,1
2569.682,0.1833021479,10.0,1
2570.164,0.1834987696,10.0,1
2570.646,0.1833647884,10.0,1
2571.128,0.183347278,10.0,1
2571.61,0.1834963023,10.0,1
2572.093,0.183381709,10.0,1
2572.575,0.18341867069999998,10.0,1
2573.057,0.18337626329999998,10.0,1
2573.539,0.1833542875,10.0,1
2574.021,0.18349791840000002,10.0,1
2574.503,0.1834940525,10.0,1
2574.985,0.1835460299,10.0,1
2575.467,0.1835917738,10.0,1
2575.949,0.18328163069999998,10.0,1
2576.432,0.1835167151,10.0,1
2576.914,0.1835039732,10.0,1
2577.396,0.18356638220000002,10.0,1
2577.878,0.183407635,10.0,1
2578.36,0.18355447600000002,10.0,1
2578.842,0.18364413849999997,10.0,1
2579.324,0.18356130780000002,10.0,1
2579.806,0.1836165671,10.0,1
2580.289,0.18342681689999998,10.0,1
2580.771,0.18367187210000002,10.0,1
2581.253,0.1836322226,10.0,1
2581.735,0.1837374067,10.0,1
2582.217,0.1837443146,10.0,1
2582.699,0.1837409086,10.0,1
2583.181,0.1835800824,10.0,1
2583.663,0.18373559050000002,10.0,1
2584.146,0.1835997056,10.0,1
2584.627,0.1835724631,10.0,1
2585.11,0.1836610832,10.0,1
2585.592,0.1836040993,10.0,1
2586.074,0.1838135639,10.0,1
2586.556,0.1836925003,10.0,1
2587.038,0.18380928440000002,10.0,1
2587.52,0.18345520059999998,10.0,1
2588.002,0.1837996307,10.0,1
2588.484,0.183740811,10.0,1
2588.967,0.1835071763,10.0,1
2589.449,0.18355126559999999,10.0,1
2589.931,0.1835779811,10.0,1
2590.413,0.18358725920000002,10.0,1
2590.895,0.18349698679999998,10.0,1
2591.377,0.18337255630000002,10.0,1
2591.859,0.1834034761,10.0,1
2592.341,0.1834989423,10.0,1
2592.823,0.1833902921,10.0,1
2593.306,0.18342373080000002,10.0,1
2593.788,0.18335467009999998,10.0,1
2594.27,0.18342023999999998,10.0,1
2594.752,0.18354216999999998,10.0,1
2595.234,0.18335174099999998,10.0,1
2595.716,0.1835650858,10.0,1
2596.198,0.1832840355,10.0,1
2596.68,0.1831949058,10.0,1
2597.163,0.1836133147,10.0,1
2597.645,0.1833255863,10.0,1
2598.127,0.1830750948,10.0,1
2598.609,0.1832182614,10.0,1
2599.091,0.18327163500000002,10.0,1
2599.573,0.18321058050000003,10.0,1
2600.055,0.18319031079999998,10.0,1
2600.537,0.18312964829999998,10.0,1
2601.02,0.1831450715,10.0,1
2601.502,0.1832249908,10.0,1
2601.984,0.1831750097,10.0,1
2602.466,0.1830506953,10.0,1
2602.948,0.1828968785,10.0,1
2603.43,0.18307779159999998,10.0,1
2603.912,0.18292970279999998,10.0,1
2604.394,0.1830581168,10.0,1
2604.876,0.182937955,10.0,1
2605.359,0.18294959649999998,10.0,1
2605.841,0.1829568023,10.0,1
2606.323,0.18270793019999998,10.0,1
2606.805,0.1830321165,10.0,1
2607.287,0.18276941910000002,10.0,1
2607.769,0.1828726094,10.0,1
2608.251,0.1827656706,10.0,1
2608.733,0.18267268009999998,10.0,1
2609.216,0.18261826479999999,10.0,1
2609.698,0.18243612580000002,10.0,1
2610.18,0.1826695764,10.0,1
2610.662,0.182591053,10.0,1
2611.144,0.1824165554,10.0,1
2611.626,0.1825489009,10.0,1
2612.108,0.18231215110000001,10.0,1
2612.59,0.18228684099999998,10.0,1
2613.073,0.1823792509,10.0,1
2613.554,0.1823104528,10.0,1
2614.037,0.18226891309999999,10.0,1
2614.519,0.1820625785,10.0,1
2615.001,0.1822042412,10.0,1
2615.483,0.18199719649999999,10.0,1
2615.965,0.18193931259999999,10.0,1
2616.447,0.1821338704,10.0,1
2616.929,0.1818893178,10.0,1
2617.411,0.18190862330000002,10.0,1
2617.894,0.1819572335,10.0,1
2618.376,0.18203802670000002,10.0,1
2618.858,0.1819072581,10.0,1
2619.34,0.1817934629,10.0,1
2619.822,0.1816538272,10.0,1
2620.304,0.18205167660000002,10.0,1
2620.786,0.1818637203,10.0,1
2621.268,0.18166580889999998,10.0,1
2621.75,0.1816998768,10.0,1
2622.233,0.18162461919999998,10.0,1
2622.715,0.1816771381,10.0,1
2623.197,0.18157589470000002,10.0,1
2623.679,0.18157707909999998,10.0,1
2624.161,0.1814669209,10.0,1
2624.643,0.18136370419999998,10.0,1
2625.125,0.18131927409999998,10.0,1
2625.607,0.1810954567,10.0,1
2626.09,0.1812354304,10.0,1
2626.572,0.1811347855,10.0,1
2627.054,0.18083992129999998,10.0,1
2627.536,0.1808678235,10.0,1
2628.018,0.1808517917,10.0,1
2628.5,0.1808859103,10.0,1
2628.982,0.18076232550000002,10.0,1
2629.464,0.1806485219,10.0,1
2629.947,0.1806768226,10.0,1
2630.429,0.180586435,10.0,1
2630.911,0.18041169159999998,10.0,1
2631.393,0.18049202560000002,10.0,1
2631.875,0.1804763416,10.0,1
2632.357,0.1801778964,10.0,1
2632.839,0.1802940008,10.0,1
2633.321,0.1803150017,10.0,1
2633.803,0.1801546286,10.0,1
2634.286,0.1801397593,10.0,1
2634.768,0.180092056,10.0,1
2635.25,0.1800944068,10.0,1
2635.732,0.1802343964,10.0,1
2636.214,0.1801612411,10.0,1
2636.696,0.1798835001,10.0,1
2637.178,0.17993685410000002,10.0,1
2637.66,0.17994664629999998,10.0,1
2638.143,0.1799013287,10.0,1
2638.625,0.17970134989999997,10.0,1
2639.107,0.17982433369999998,10.0,1
2639.589,0.1796888927,10.0,1
2640.071,0.1796031002,10.0,1
2640.553,0.17937634419999998,10.0,1
2641.035,0.17922990800000002,10.0,1
2641.517,0.1793433508,10.0,1
2642.0,0.17929498689999998,10.0,1
2642.481,0.17932472910000002,10.0,1
2642.964,0.1791267834,10.0,1
2643.446,0.17920768809999998,10.0,1
2643.928,0.1790041445,10.0,1
2644.41,0.179090768,10.0,1
2644.892,0.17914450710000002,10.0,1
2645.374,0.178934694,10.0,1
2645.856,0.17887980120000002,10.0,1
2646.338,0.17888799290000001,10.0,1
2646.821,0.1787539812,10.0,1
2647.303,0.17853807710000003,10.0,1
2647.785,0.1786627046,10.0,1
2648.267,0.1786814103,10.0,1
2648.749,0.178463277,10.0,1
2649.231,0.1785453331,10.0,1
2649.713,0.1785061809,10.0,1
2650.195,0.1785335193,10.0,1
2650.677,0.1785120481,10.0,1
2651.16,0.178209273,10.0,1
2651.642,0.1782160941,10.0,1
2652.124,0.1783388708,10.0,1
2652.606,0.1779831128,10.0,1
2653.088,0.17788150470000003,10.0,1
2653.57,0.17796953559999998,10.0,1
2654.052,0.1777868378,10.0,1
2654.534,0.1780444323,10.0,1
2655.017,0.1777275268,10.0,1
2655.499,0.1776984392,10.0,1
2655.981,0.1777106285,10.0,1
2656.463,0.17773243449999998,10.0,1
2656.945,0.17759685009999998,10.0,1
2657.427,0.17752692199999998,10.0,1
2657.909,0.1774107788,10.0,1
2658.391,0.1774058548,10.0,1
2658.874,0.17751737550000002,10.0,1
2659.356,0.1774170992,10.0,1
2659.838,0.1774143158,10.0,1
2660.32,0.1774074899,10.0,1
2660.802,0.1771300687,10.0,1
2661.284,0.1771897899,10.0,1
2661.766,0.1773332571,10.0,1
2662.248,0.17699409379999997,10.0,1
2662.73,0.1770937902,10.0,1
2663.213,0.1769519251,10.0,1
2663.695,0.17689546450000002,10.0,1
2664.177,0.17697757960000002,10.0,1
2664.659,0.1770057469,10.0,1
2665.141,0.1767634941,10.0,1
2665.623,0.17667140660000002,10.0,1
2666.105,0.1766677328,10.0,1
2666.587,0.17644945329999998,10.0,1
2667.07,0.1764780765,10.0,1
2667.552,0.17653104639999997,10.0,1
2668.034,0.176436927,10.0,1
2668.516,0.17620145350000002,10.0,1
2668.998,0.1761011858,10.0,1
2669.48,0.17609481429999999,10.0,1
2669.962,0.1761136287,10.0,1
2670.444,0.1760941981,10.0,1
2670.927,0.1760979717,10.0,1
2671.408,0.17608443650000002,10.0,1
2671.891,0.1759201732,10.0,1
2672.373,0.17594779240000002,10.0,1
2672.855,0.1761061122,10.0,1
2673.337,0.1759050482,10.0,1
2673.819,0.17589338659999998,10.0,1
2674.301,0.17594722189999998,10.0,1
2674.783,0.17583572409999998,10.0,1
2675.265,0.1758355401,10.0,1
2675.748,0.1760176564,10.0,1
2676.23,0.1758845235,10.0,1
2676.712,0.17604109059999998,10.0,1
2677.194,0.1758317334,10.0,1
2677.676,0.17583472149999999,10.0,1
2678.158,0.1757571221,10.0,1
2678.64,0.17566763219999998,10.0,1
2679.122,0.1754502663,10.0,1
2679.604,0.1754220942,10.0,1
2680.087,0.17534086389999998,10.0,1
2680.569,0.175339057,10.0,1
2681.051,0.1753592041,10.0,1
2681.533,0.17511413650000002,10.0,1
2682.015,0.1752565203,10.0,1
2682.497,0.1752199207,10.0,1
2682.979,0.175119784,10.0,1
2683.461,0.175117376,10.0,1
2683.944,0.17513355,10.0,1
2684.426,0.1751865637,10.0,1
2684.908,0.1750629347,10.0,1
2685.39,0.1751310881,10.0,1
2685.872,0.1750616107,10.0,1
2686.354,0.17506404979999998,10.0,1
2686.836,0.175049252,10.0,1
2687.318,0.1748868313,10.0,1
2687.801,0.1748601453,10.0,1
2688.283,0.175030195,10.0,1
2688.765,0.1750105187,10.0,1
2689.247,0.17508893690000002,10.0,1
2689.729,0.17506701360000002,10.0,1
2690.211,0.1748500979,10.0,1
2690.693,0.1748317782,10.0,1
2691.175,0.1747048883,10.0,1
2691.657,0.1749556689,10.0,1
2692.14,0.1747188692,10.0,1
2692.622,0.17470223310000002,10.0,1
2693.104,0.17468209850000002,10.0,1
2693.586,0.1745264014,10.0,1
2694.068,0.17464356290000002,10.0,1
2694.55,0.1745849994,10.0,1
2695.032,0.17452415389999998,10.0,1
2695.514,0.1746365959,10.0,1
2695.997,0.1745762811,10.0,1
2696.479,0.1745063399,10.0,1
2696.961,0.17452423799999997,10.0,1
2697.443,0.17451163860000002,10.0,1
2697.925,0.1744024791,10.0,1
2698.407,0.1744768978,10.0,1
2698.889,0.174425271,10.0,1
2699.371,0.1744539979,10.0,1
2699.854,0.1745183429,10.0,1
2700.335,0.17442193549999999,10.0,1
2700.818,0.17444884800000002,10.0,1
2701.3,0.1744531762,10.0,1
2701.782,0.1746900046,10.0,1
2702.264,0.1745849502,10.0,1
2702.746,0.1745136974,10.0,1
2703.228,0.1746523002,10.0,1
2703.71,0.1745485974,10.0,1
2704.192,0.1745548551,10.0,1
2704.675,0.17460581560000002,10.0,1
2705.157,0.17456918049999998,10.0,1
2705.639,0.17436262979999997,10.0,1
2706.121,0.1746178611,10.0,1
2706.603,0.1744887984,10.0,1
2707.085,0.17464479900000002,10.0,1
2707.567,0.1745752088,10.0,1
2708.049,0.1746099279,10.0,1
2708.531,0.1745130213,10.0,1
2709.014,0.17460142409999999,10.0,1
2709.496,0.1746000138,10.0,1
2709.978,0.17453818699999998,10.0,1
2710.46,0.174534093,10.0,1
2710.942,0.1745449975,10.0,1
2711.424,0.17450650769999998,10.0,1
2711.906,0.1745975297,10.0,1
2712.388,0.1746794464,10.0,1
2712.871,0.1745154693,10.0,1
2713.353,0.1746474709,10.0,1
2713.835,0.1746473377,10.0,1
2714.317,0.1746234461,10.0,1
2714.799,0.17468489909999999,10.0,1
2715.281,0.1747736985,10.0,1
2715.763,0.1746339397,10.0,1
2716.245,0.1747042896,10.0,1
2716.728,0.17441801210000002,10.0,1
2717.21,0.17451734349999998,10.0,1
2717.692,0.1745532193,10.0,1
2718.174,0.1746051153,10.0,1
2718.656,0.17474936289999998,10.0,1
2719.138,0.1744019643,10.0,1
2719.62,0.17460686179999999,10.0,1
2720.102,0.1745259,10.0,1
2720.584,0.17473390479999998,10.0,1
2721.067,0.1747561433,10.0,1
2721.549,0.1747671334,10.0,1
2722.031,0.1748530528,10.0,1
2722.513,0.174743448,10.0,1
2722.995,0.17488754839999998,10.0,1
2723.477,0.17500999180000001,10.0,1
2723.959,0.1750941116,10.0,1
2724.441,0.17497056870000002,10.0,1
2724.924,0.17491599730000001,10.0,1
2725.406,0.1751794559,10.0,1
2725.888,0.17526278409999999,10.0,1
2726.37,0.1753913733,10.0,1
2726.852,0.1753001063,10.0,1
2727.334,0.17505661849999998,10.0,1
2727.816,0.1751881262,10.0,1
2728.298,0.17538828680000002,10.0,1
2728.781,0.17529384530000003,10.0,1
2729.262,0.1754223157,10.0,1
2729.745,0.1753467872,10.0,1
2730.227,0.1754244579,10.0,1
2730.709,0.17537653779999998,10.0,1
2731.191,0.1754342271,10.0,1
2731.673,0.1755090627,10.0,1
2732.155,0.17571652010000002,10.0,1
2732.637,0.1756582266,10.0,1
2733.119,0.1754722186,10.0,1
2733.602,0.1756269033,10.0,1
2734.084,0.17576625910000002,10.0,1
2734.566,0.1755885409,10.0,1
2735.048,0.1756265485,10.0,1
2735.53,0.1757542784,10.0,1
2736.012,0.1757053411,10.0,1
2736.494,0.1759602109,10.0,1
2736.976,0.17592726760000002,10.0,1
2737.458,0.1756958238,10.0,1
2737.941,0.1759397039,10.0,1
2738.423,0.1758827974,10.0,1
2738.905,0.17595026749999998,10.0,1
2739.387,0.1761002206,10.0,1
2739.869,0.1759116831,10.0,1
2740.351,0.17620525229999998,10.0,1
2740.833,0.1762157449,10.0,1
2741.315,0.1760905456,10.0,1
2741.798,0.1761872906,10.0,1
2742.28,0.1762870665,10.0,1
2742.762,0.1762821725,10.0,1
2743.244,0.1761701255,10.0,1
2743.726,0.1764982899,10.0,1
2744.208,0.1762613394,10.0,1
2744.69,0.17636229660000002,10.0,1
2745.172,0.17646724219999999,10.0,1
2745.655,0.1765250281,10.0,1
2746.137,0.1764739982,10.0,1
2746.619,0.1765165693,10.0,1
2747.101,0.17658094800000002,10.0,1
2747.583,0.1766637336,10.0,1
2748.065,0.17655602139999999,10.0,1
2748.547,0.1768245142,10.0,1
2749.029,0.1769146685,10.0,1
2749.511,0.17694938000000002,10.0,1
2749.994,0.176858686,10.0,1
2750.476,0.176962402,10.0,1
2750.958,0.1770159327,10.0,1
2751.44,0.17707715029999999,10.0,1
2751.922,0.17702716500000001,10.0,1
2752.404,0.177248229,10.0,1
2752.886,0.1773458957,10.0,1
2753.368,0.1772302369,10.0,1
2753.851,0.17721235130000002,10.0,1
2754.333,0.1773756685,10.0,1
2754.815,0.1774602539,10.0,1
2755.297,0.17749777919999998,10.0,1
2755.779,0.1777193377,10.0,1
2756.261,0.1775084963,10.0,1
2756.743,0.17778432339999997,10.0,1
2757.225,0.17764205230000002,10.0,1
2757.708,0.17771466019999999,10.0,1
2758.189,0.17774169010000002,10.0,1
2758.672,0.1777954669,10.0,1
2759.154,0.1780238187,10.0,1
2759.636,0.17778312100000002,10.0,1
2760.118,0.17800775479999997,10.0,1
2760.6,0.1780277331,10.0,1
2761.082,0.17815410020000003,10.0,1
2761.564,0.178179997,10.0,1
2762.046,0.17819922829999998,10.0,1
2762.529,0.1783839476,10.0,1
2763.011,0.1782882149,10.0,1
2763.493,0.17828971589999998,10.0,1
2763.975,0.1785428845,10.0,1
2764.457,0.17832573150000003,10.0,1
2764.939,0.1786022577,10.0,1
2765.421,0.17870708400000002,10.0,1
2765.903,0.1786833879,10.0,1
2766.385,0.1786648139,10.0,1
2766.868,0.17897203,10.0,1
2767.35,0.1788444351,10.0,1
2767.832,0.1789749334,10.0,1
2768.314,0.1790918316,10.0,1
2768.796,0.17920122989999998,10.0,1
2769.278,0.1794365928,10.0,1
2769.76,0.17939369989999998,10.0,1
2770.242,0.1792392368,10.0,1
2770.725,0.1794010999,10.0,1
2771.207,0.17939243780000003,10.0,1
2771.689,0.17963212039999998,10.0,1
2772.171,0.17955957860000002,10.0,1
2772.653,0.1794538661,10.0,1
2773.135,0.1796396368,10.0,1
2773.617,0.1797597139,10.0,1
2774.099,0.1798656825,10.0,1
2774.582,0.1799289666,10.0,1
2775.064,0.17988599440000003,10.0,1
2775.546,0.1798816842,10.0,1
2776.028,0.18022916349999998,10.0,1
2776.51,0.1799723423,10.0,1
2776.992,0.1799581492,10.0,1
2777.474,0.1803799093,10.0,1
2777.956,0.18033749910000002,10.0,1
2778.438,0.1803677799,10.0,1
2778.921,0.18039533209999997,10.0,1
2779.403,0.1800843756,10.0,1
2779.885,0.1803406356,10.0,1
2780.367,0.1804726278,10.0,1
2780.849,0.18049416650000003,10.0,1
2781.331,0.18047492399999998,10.0,1
2781.813,0.18063348220000003,10.0,1
2782.295,0.1809174798,10.0,1
2782.778,0.1806869328,10.0,1
2783.26,0.18072213260000003,10.0,1
2783.742,0.18071876679999999,10.0,1
2784.224,0.1807691722,10.0,1
2784.706,0.1806554138,10.0,1
2785.188,0.1809114852,10.0,1
2785.67,0.18099079769999998,10.0,1
2786.152,0.1809728828,10.0,1
2786.635,0.1810049896,10.0,1
2787.116,0.1810402174,10.0,1
2787.599,0.18114102899999998,10.0,1
2788.081,0.1812691244,10.0,1
2788.563,0.181137765,10.0,1
2789.045,0.18122386299999999,10.0,1
2789.527,0.18143618679999998,10.0,1
2790.009,0.18128145369999998,10.0,1
2790.491,0.18144652399999997,10.0,1
2790.973,0.1815071365,10.0,1
2791.456,0.1813415058,10.0,1
2791.938,0.18154809260000002,10.0,1
2792.42,0.18172202710000002,10.0,1
2792.902,0.18169319009999998,10.0,1
2793.384,0.1816995745,10.0,1
2793.866,0.1817803732,10.0,1
2794.348,0.1819986868,10.0,1
2794.83,0.1819529903,10.0,1
2795.312,0.1819932127,10.0,1
2795.795,0.1822334619,10.0,1
2796.277,0.1819853507,10.0,1
2796.759,0.1821618116,10.0,1
2797.241,0.18197684079999998,10.0,1
2797.723,0.1820902396,10.0,1
2798.205,0.1821848592,10.0,1
2798.687,0.18210099759999998,10.0,1
2799.169,0.1823034299,10.0,1
2799.652,0.1821511185,10.0,1
2800.134,0.1823033513,10.0,1
2800.616,0.1823141921,10.0,1
2801.098,0.1822887794,10.0,1
2801.58,0.1824773616,10.0,1
2802.062,0.1825745418,10.0,1
2802.544,0.18260954470000001,10.0,1
2803.026,0.18276701760000003,10.0,1
2803.509,0.18260648899999998,10.0,1
2803.991,0.1825044001,10.0,1
2804.473,0.18271473189999998,10.0,1
2804.955,0.1827543113,10.0,1
2805.437,0.18253839670000002,10.0,1
2805.919,0.18280909350000002,10.0,1
2806.401,0.1827318274,10.0,1
2806.883,0.18295120220000002,10.0,1
2807.365,0.1828368491,10.0,1
2807.848,0.182654726,10.0,1
2808.33,0.182878303,10.0,1
2808.812,0.18296984770000002,10.0,1
2809.294,0.1830181044,10.0,1
2809.776,0.1831317264,10.0,1
2810.258,0.183156904,10.0,1
2810.74,0.1832769996,10.0,1
2811.222,0.1831692793,10.0,1
2811.705,0.18329717280000002,10.0,1
2812.187,0.18337356159999998,10.0,1
2812.669,0.183296373,10.0,1
2813.151,0.1833977854,10.0,1
2813.633,0.18343439279999998,10.0,1
2814.115,0.1833383481,10.0,1
2814.597,0.18353659400000003,10.0,1
2815.079,0.1836035849,10.0,1
2815.562,0.1834524879,10.0,1
2816.043,0.18340342320000003,10.0,1
2816.526,0.18354847710000002,10.0,1
2817.008,0.18354017160000002,10.0,1
2817.49,0.1835553732,10.0,1
2817.972,0.1835830241,10.0,1
2818.454,0.1837387606,10.0,1
2818.936,0.1834884921,10.0,1
2819.418,0.1836505162,10.0,1
2819.9,0.1837635581,10.0,1
2820.383,0.1836641419,10.0,1
2820.865,0.1838978724,10.0,1
2821.347,0.1839323833,10.0,1
2821.829,0.1839657277,10.0,1
2822.311,0.1837811163,10.0,1
2822.793,0.1838591883,10.0,1
2823.275,0.1839742545,10.0,1
2823.757,0.1839146124,10.0,1
2824.24,0.1840251165,10.0,1
2824.722,0.1838484077,10.0,1
2825.204,0.18411723160000001,10.0,1
2825.686,0.18385182,10.0,1
2826.168,0.184184713,10.0,1
2826.65,0.1840587821,10.0,1
2827.132,0.1841711765,10.0,1
2827.614,0.1840093068,10.0,1
2828.096,0.18400768779999999,10.0,1
2828.579,0.18413894790000002,10.0,1
2829.061,0.1840488309,10.0,1
2829.543,0.1841433315,10.0,1
2830.025,0.1842522867,10.0,1
2830.507,0.18409772,10.0,1
2830.989,0.18418708469999998,10.0,1
2831.471,0.1841750526,10.0,1
2831.953,0.18428458649999999,10.0,1
2832.436,0.1842753668,10.0,1
2832.918,0.1842288953,10.0,1
2833.4,0.18420009319999997,10.0,1
2833.882,0.1840288401,10.0,1
2834.364,0.1841515986,10.0,1
2834.846,0.1840889837,10.0,1
2835.328,0.1838593036,10.0,1
2835.81,0.1840582475,10.0,1
2836.292,0.1838190196,10.0,1
2836.775,0.183900506,10.0,1
2837.257,0.18366942470000003,10.0,1
2837.739,0.18406265900000002,10.0,1
2838.221,0.1840434319,10.0,1
2838.703,0.18412520789999998,10.0,1
2839.185,0.1843678225,10.0,1
2839.667,0.18401334479999998,10.0,1
2840.149,0.18406257480000002,10.0,1
2840.632,0.1840170003,10.0,1
2841.114,0.1840783477,10.0,1
2841.596,0.1843021494,10.0,1
2842.078,0.1841815381,10.0,1
2842.56,0.1841106397,10.0,1
2843.042,0.1840544173,10.0,1
2843.524,0.1841889643,10.0,1
2844.006,0.18399864740000002,10.0,1
2844.489,0.18400870439999997,10.0,1
2844.97,0.1840295197,10.0,1
2845.453,0.1840079641,10.0,1
2845.935,0.18409522779999998,10.0,1
2846.417,0.1842625052,10.0,1
2846.899,0.1842624936,10.0,1
2847.381,0.1841180624,10.0,1
2847.863,0.1841308686,10.0,1
2848.345,0.1843611107,10.0,1
2848.827,0.1842767509,10.0,1
2849.31,0.18416807550000003,10.0,1
2849.792,0.1841630105,10.0,1
2850.274,0.1839544708,10.0,1
2850.756,0.1842662998,10.0,1
2851.238,0.18413074829999998,10.0,1
2851.72,0.18396252059999998,10.0,1
2852.202,0.1840071548,10.0,1
2852.684,0.1841760163,10.0,1
2853.167,0.1838237268,10.0,1
2853.649,0.1839839511,10.0,1
2854.131,0.18374751830000002,10.0,1
2854.613,0.18397962910000001,10.0,1
2855.095,0.1839977424,10.0,1
2855.577,0.1837454672,10.0,1
2856.059,0.1839388967,10.0,1
2856.541,0.1836386422,10.0,1
2857.023,0.1837581672,10.0,1
2857.506,0.1837156043,10.0,1
2857.988,0.1836667383,10.0,1
2858.47,0.1835493076,10.0,1
2858.952,0.1835612471,10.0,1
2859.434,0.18370103000000002,10.0,1
2859.916,0.1837174628,10.0,1
2860.398,0.18378772940000002,10.0,1
2860.88,0.183660187,10.0,1
2861.363,0.18352531119999999,10.0,1
2861.845,0.1836459336,10.0,1
2862.327,0.1835348732,10.0,1
2862.809,0.183520481,10.0,1
2863.291,0.1836394627,10.0,1
2863.773,0.18368133679999998,10.0,1
2864.255,0.18349218520000002,10.0,1
2864.737,0.1835820606,10.0,1
2865.219,0.1837160809,10.0,1
2865.702,0.1836768623,10.0,1
2866.184,0.1834745339,10.0,1
2866.666,0.1834322402,10.0,1
2867.148,0.18344347249999998,10.0,1
2867.63,0.1833715479,10.0,1
2868.112,0.1833821013,10.0,1
2868.594,0.1832264297,10.0,1
2869.076,0.18326272240000002,10.0,1
2869.559,0.1832439349,10.0,1
2870.041,0.18307141829999998,10.0,1
2870.523,0.18324139379999999,10.0,1
2871.005,0.18290962749999998,10.0,1
2871.487,0.1828875957,10.0,1
2871.969,0.1829488294,10.0,1
2872.451,0.1828725251,10.0,1
2872.933,0.183176079,10.0,1
2873.416,0.1829972662,10.0,1
2873.897,0.1829251025,10.0,1
2874.38,0.1829622483,10.0,1
2874.862,0.1827359188,10.0,1
2875.344,0.18261934579999997,10.0,1
2875.826,0.1827005979,10.0,1
2876.308,0.182666167,10.0,1
2876.79,0.18258916020000002,10.0,1
2877.272,0.1826413375,10.0,1
2877.754,0.18236456050000002,10.0,1
2878.237,0.182416674,10.0,1
2878.719,0.1825571351,10.0,1
2879.201,0.18230255450000002,10.0,1
2879.683,0.18232991169999999,10.0,1
2880.165,0.18254866239999998,10.0,1
2880.647,0.1823360836,10.0,1
2881.129,0.1823758999,10.0,1
2881.611,0.18231150119999998,10.0,1
2882.094,0.182229046,10.0,1
2882.576,0.1821468883,10.0,1
2883.058,0.1821041722,10.0,1
2883.54,0.1821045403,10.0,1
2884.022,0.18192196379999998,10.0,1
2884.504,0.18190067599999998,10.0,1
2884.986,0.18188652290000001,10.0,1
2885.468,0.18185268829999998,10.0,1
2885.95,0.1818362169,10.0,1
2886.433,0.18178046169999998,10.0,1
2886.915,0.1818017515,10.0,1
2887.397,0.1816384343,10.0,1
2887.879,0.1818450061,10.0,1
2888.361,0.18145495409999998,10.0,1
2888.843,0.1815893295,10.0,1
2889.325,0.181542965,10.0,1
2889.807,0.181517321,10.0,1
2890.29,0.181399434,10.0,1
2890.772,0.1813448089,10.0,1
2891.254,0.1812830902,10.0,1
2891.736,0.1812358396,10.0,1
2892.218,0.18119834820000003,10.0,1
2892.7,0.18134971060000002,10.0,1
2893.182,0.1813552356,10.0,1
2893.664,0.1811945274,10.0,1
2894.146,0.1812205278,10.0,1
2894.629,0.1811582165,10.0,1
2895.111,0.1809355527,10.0,1
2895.593,0.1811831411,10.0,1
2896.075,0.18106693570000001,10.0,1
2896.557,0.1808287791,10.0,1
2897.039,0.18085313660000002,10.0,1
2897.521,0.1807770339,10.0,1
2898.003,0.18062770409999998,10.0,1
2898.486,0.18082929320000002,10.0,1
2898.968,0.1805974076,10.0,1
2899.45,0.18056782229999999,10.0,1
2899.932,0.1807656258,10.0,1
2900.414,0.18058534550000002,10.0,1
2900.896,0.1804454555,10.0,1
2901.378,0.1805993074,10.0,1
2901.86,0.1805008445,10.0,1
2902.343,0.1804773338,10.0,1
2902.824,0.180553396,10.0,1
2903.307,0.1804373692,10.0,1
2903.789,0.18044474130000002,10.0,1
2904.271,0.18044583930000002,10.0,1
2904.753,0.18026867370000002,10.0,1
2905.235,0.1802486886,10.0,1
2905.717,0.1801941908,10.0,1
2906.199,0.18025320220000002,10.0,1
2906.681,0.1802637397,10.0,1
2907.164,0.18018034759999998,10.0,1
2907.646,0.1800083549,10.0,1
2908.128,0.17985535049999998,10.0,1
2908.61,0.1799088978,10.0,1
2909.092,0.1798347166,10.0,1
2909.574,0.1798089702,10.0,1
2910.056,0.17966944519999997,10.0,1
2910.538,0.17977163229999998,10.0,1
2911.021,0.1794260603,10.0,1
2911.503,0.1793792817,10.0,1
2911.985,0.1794487568,10.0,1
2912.467,0.1794693574,10.0,1
2912.949,0.1795089839,10.0,1
2913.431,0.17946868829999998,10.0,1
2913.913,0.17936436520000001,10.0,1
2914.395,0.1792667616,10.0,1
2914.877,0.17953350319999997,10.0,1
2915.36,0.17917750659999998,10.0,1
2915.842,0.17919789009999998,10.0,1
2916.324,0.1792998481,10.0,1
2916.806,0.17930401329999998,10.0,1
2917.288,0.17908486759999998,10.0,1
2917.77,0.1790762764,10.0,1
2918.252,0.17901334049999998,10.0,1
2918.734,0.1789787773,10.0,1
2919.217,0.17906481070000002,10.0,1
2919.699,0.17880592799999998,10.0,1
2920.181,0.1789070529,10.0,1
2920.663,0.1788276745,10.0,1
2921.145,0.1787342275,10.0,1
2921.627,0.1790060099,10.0,1
2922.109,0.178903685,10.0,1
2922.591,0.1788331581,10.0,1
2923.073,0.17877952749999998,10.0,1
2923.556,0.1787796397,10.0,1
2924.038,0.17873221220000002,10.0,1
2924.52,0.1787810696,10.0,1
2925.002,0.1786328328,10.0,1
2925.484,0.17865014840000001,10.0,1
2925.966,0.17843756379999998,10.0,1
2926.448,0.178542141,10.0,1
2926.93,0.1785104461,10.0,1
2927.413,0.1785556058,10.0,1
2927.895,0.1783678161,10.0,1
2928.377,0.17844111980000002,10.0,1
2928.859,0.1782755835,10.0,1
2929.341,0.17822101440000002,10.0,1
2929.823,0.1781518788,10.0,1
2930.305,0.17806625660000003,10.0,1
2930.787,0.1782649289,10.0,1
2931.27,0.1783483241,10.0,1
2931.751,0.1781495463,10.0,1
2932.234,0.1780241871,10.0,1
2932.716,0.1781282477,10.0,1
2933.198,0.1778958912,10.0,1
2933.68,0.17814336099999997,10.0,1
2934.162,0.17786856350000002,10.0,1
2934.644,0.17792714019999997,10.0,1
2935.126,0.17800196499999998,10.0,1
2935.608,0.17786820460000002,10.0,1
2936.091,0.1780670209,10.0,1
2936.573,0.1778442523,10.0,1
2937.055,0.1776615433,10.0,1
2937.537,0.1779733711,10.0,1
2938.019,0.1778785505,10.0,1
2938.501,0.1776735151,10.0,1
2938.983,0.17763224309999998,10.0,1
2939.465,0.17787850200000002,10.0,1
2939.948,0.17786664940000002,10.0,1
2940.43,0.1780209159,10.0,1
2940.912,0.1776879846,10.0,1
2941.394,0.17776236010000002,10.0,1
2941.876,0.1778823454,10.0,1
2942.358,0.1777050652,10.0,1
2942.84,0.17772878720000002,10.0,1
2943.322,0.1775869194,10.0,1
2943.804,0.17775552430000002,10.0,1
2944.287,0.17750097060000003,10.0,1
2944.769,0.1776701105,10.0,1
2945.251,0.1777552434,10.0,1
2945.733,0.17740422179999998,10.0,1
2946.215,0.17754763969999998,10.0,1
2946.697,0.1773636536,10.0,1
2947.179,0.17744821959999998,10.0,1
2947.661,0.17724677,10.0,1
2948.144,0.17749920070000003,10.0,1
2948.626,0.17733841919999999,10.0,1
2949.108,0.1774170852,10.0,1
2949.59,0.17734298599999998,10.0,1
2950.072,0.1773588446,10.0,1
2950.554,0.17735750039999998,10.0,1
2951.036,0.17745966089999998,10.0,1
2951.518,0.17741385059999998,10.0,1
2952.0,0.17749812580000002,10.0,1
2952.483,0.17732107500000002,10.0,1
2952.965,0.1771926555,10.0,1
2953.447,0.17727164890000002,10.0,1
2953.929,0.17720182099999998,10.0,1
2954.411,0.17729194010000002,10.0,1
2954.893,0.1772553455,10.0,1
2955.375,0.17722514350000002,10.0,1
2955.857,0.1773519035,10.0,1
2956.34,0.1773166164,10.0,1
2956.822,0.1770561961,10.0,1
2957.304,0.177318369,10.0,1
2957.786,0.177347369,10.0,1
2958.268,0.177249952,10.0,1
2958.75,0.1772191068,10.0,1
2959.232,0.17726092940000002,10.0,1
2959.714,0.1770578394,10.0,1
2960.197,0.1772681809,10.0,1
2960.678,0.1770727144,10.0,1
2961.161,0.17692374319999998,10.0,1
2961.643,0.17705862,10.0,1
2962.125,0.17699908529999997,10.0,1
2962.607,0.1768766849,10.0,1
2963.089,0.1768286436,10.0,1
2963.571,0.1769677827,10.0,1
2964.053,0.1768394274,10.0,1
2964.535,0.1769408049,10.0,1
2965.018,0.17687279050000002,10.0,1
2965.5,0.1768162009,10.0,1
2965.982,0.17698815020000003,10.0,1
2966.464,0.17681980490000002,10.0,1
2966.946,0.17697515889999998,10.0,1
2967.428,0.17704663780000002,10.0,1
2967.91,0.1770100604,10.0,1
2968.392,0.177011504,10.0,1
2968.875,0.17700373079999998,10.0,1
2969.357,0.17709212470000002,10.0,1
2969.839,0.17713798050000001,10.0,1
2970.321,0.17712016519999998,10.0,1
2970.803,0.17712050349999997,10.0,1
2971.285,0.17721557789999998,10.0,1
2971.767,0.1771417117,10.0,1
2972.249,0.1771963319,10.0,1
2972.731,0.1772240155,10.0,1
2973.214,0.1772146098,10.0,1
2973.696,0.1773426169,10.0,1
2974.178,0.1772777143,10.0,1
2974.66,0.1773529903,10.0,1
2975.142,0.1772182671,10.0,1
2975.624,0.1772465503,10.0,1
2976.106,0.17740814910000002,10.0,1
2976.588,0.17725886,10.0,1
2977.071,0.1775333189,10.0,1
2977.553,0.1773008001,10.0,1
2978.035,0.1773724455,10.0,1
2978.517,0.17759995180000002,10.0,1
2978.999,0.177491669,10.0,1
2979.481,0.1776156635,10.0,1
2979.963,0.1775727685,10.0,1
2980.445,0.17739813170000002,10.0,1
2980.927,0.1775507345,10.0,1
2981.41,0.17770256539999998,10.0,1
2981.892,0.1775673499,10.0,1
2982.374,0.1778386162,10.0,1
2982.856,0.1777654608,10.0,1
2983.338,0.1777514815,10.0,1
2983.82,0.1777359473,10.0,1
2984.302,0.1778436434,10.0,1
2984.784,0.17781709110000002,10.0,1
2985.267,0.17785235749999997,10.0,1
2985.749,0.1779204053,10.0,1
2986.231,0.1779538011,10.0,1
2986.713,0.1778247154,10.0,1
2987.195,0.1777546542,10.0,1
2987.677,0.17805769659999998,10.0,1
2988.159,0.17796528769999997,10.0,1
2988.641,0.1781859003,10.0,1
2989.124,0.1780714233,10.0,1
2989.605,0.1780371516,10.0,1
2990.088,0.1777763092,10.0,1
2990.57,0.1778111728,10.0,1
2991.052,0.1777873026,10.0,1
2991.534,0.1777325149,10.0,1
2992.016,0.17775026789999998,10.0,1
2992.498,0.1779596494,10.0,1
2992.98,0.17786892529999998,10.0,1
2993.462,0.1777811045,10.0,1
2993.945,0.1780128145,10.0,1
2994.427,0.1779293661,10.0,1
2994.909,0.1780773522,10.0,1
2995.391,0.17802329520000001,10.0,1
2995.873,0.1781098919,10.0,1
2996.355,0.17823663239999998,10.0,1
2996.837,0.1782578122,10.0,1
2997.319,0.17842151739999998,10.0,1
2997.802,0.1781181148,10.0,1
2998.284,0.1785192187,10.0,1
2998.766,0.1784516098,10.0,1
2999.248,0.1784737325,10.0,1
2999.73,0.1786383464,10.0,1
3000.212,0.178514348,10.0,1
3000.694,0.178622372,10.0,1
3001.176,0.1786832362,10.0,1
3001.658,0.1788565573,10.0,1
3002.141,0.1788610814,10.0,1
3002.623,0.1790406865,10.0,1
3003.105,0.1789080833,10.0,1
3003.587,0.1789389391,10.0,1
3004.069,0.1791399002,10.0,1
3004.551,0.1790597245,10.0,1
3005.033,0.1789783207,10.0,1
3005.515,0.1791785453,10.0,1
3005.998,0.1789502301,10.0,1
3006.48,0.17915204429999998,10.0,1
3006.962,0.1791556209,10.0,1
3007.444,0.1791602559,10.0,1
3007.926,0.1791145494,10.0,1
3008.408,0.1790768927,10.0,1
3008.89,0.179234336,10.0,1
3009.372,0.17922658930000002,10.0,1
3009.854,0.1793974592,10.0,1
3010.337,0.17933353629999998,10.0,1
3010.819,0.17934327,10.0,1
3011.301,0.17945251899999998,10.0,1
3011.783,0.17948065729999998,10.0,1
3012.265,0.1796537784,10.0,1
3012.747,0.1797391855,10.0,1
3013.229,0.17980699430000002,10.0,1
3013.711,0.1797600796,10.0,1
3014.194,0.179474163,10.0,1
3014.676,0.1798038017,10.0,1
3015.158,0.1797978433,10.0,1
3015.64,0.17976052320000002,10.0,1
3016.122,0.1797175562,10.0,1
3016.604,0.179819883,10.0,1
3017.086,0.1797198351,10.0,1
3017.568,0.1798974048,10.0,1
3018.051,0.17983889279999998,10.0,1
3018.532,0.1799403711,10.0,1
3019.015,0.1800976402,10.0,1
3019.497,0.1801902878,10.0,1
3019.979,0.180078934,10.0,1
3020.461,0.1801732887,10.0,1
3020.943,0.1801918036,10.0,1
3021.425,0.1802926695,10.0,1
3021.907,0.1801404861,10.0,1
3022.389,0.1805755365,10.0,1
3022.872,0.1804848041,10.0,1
3023.354,0.1805125908,10.0,1
3023.836,0.1805119445,10.0,1
3024.318,0.1804802953,10.0,1
3024.8,0.1806321611,10.0,1
3025.282,0.18058443619999998,10.0,1
3025.764,0.18080088100000002,10.0,1
3026.246,0.18075301970000002,10.0,1
3026.729,0.1809987354,10.0,1
3027.211,0.18084608540000002,10.0,1
3027.693,0.1809641259,10.0,1
3028.175,0.1809726465,10.0,1
3028.657,0.1810469814,10.0,1
3029.139,0.18122612910000002,10.0,1
3029.621,0.1811935029,10.0,1
3030.103,0.1812609814,10.0,1
3030.585,0.1811590838,10.0,1
3031.068,0.1813388867,10.0,1
3031.55,0.18128824659999998,10.0,1
3032.032,0.1815123565,10.0,1
3032.514,0.1814927907,10.0,1
3032.996,0.1812947913,10.0,1
3033.478,0.1814810591,10.0,1
3033.96,0.1814839135,10.0,1
3034.442,0.1814628415,10.0,1
3034.925,0.1814531629,10.0,1
3035.407,0.18147627249999998,10.0,1
3035.889,0.18144830509999998,10.0,1
3036.371,0.18153714829999998,10.0,1
3036.853,0.18167333840000002,10.0,1
3037.335,0.18168358829999998,10.0,1
3037.817,0.18162824530000002,10.0,1
3038.299,0.1817190076,10.0,1
3038.781,0.1816625696,10.0,1
3039.264,0.1818731193,10.0,1
3039.746,0.1818478827,10.0,1
3040.228,0.1818774823,10.0,1
3040.71,0.18194225790000002,10.0,1
3041.192,0.1820059039,10.0,1
3041.674,0.1821533769,10.0,1
3042.156,0.1821281114,10.0,1
3042.638,0.18216933180000003,10.0,1
3043.121,0.1824955589,10.0,1
3043.603,0.1825380822,10.0,1
3044.085,0.1825759838,10.0,1
3044.567,0.1826446743,10.0,1
3045.049,0.18261118029999998,10.0,1
3045.531,0.1827888247,10.0,1
3046.013,0.1826234106,10.0,1
3046.495,0.18286946489999997,10.0,1
3046.978,0.1827739879,10.0,1
3047.459,0.1827781691,10.0,1
3047.942,0.18267898070000002,10.0,1
3048.424,0.18277149,10.0,1
3048.906,0.1827646219,10.0,1
3049.388,0.182714551,10.0,1
3049.87,0.1826840284,10.0,1
3050.352,0.18286790790000002,10.0,1
3050.834,0.18262626820000002,10.0,1
3051.316,0.1826414019,10.0,1
3051.799,0.1829510832,10.0,1
3052.281,0.18301261749999997,10.0,1
3052.763,0.1831697643,10.0,1
3053.245,0.18303879909999998,10.0,1
3053.727,0.1829876123,10.0,1
3054.209,0.1830691864,10.0,1
3054.691,0.1831419829,10.0,1
3055.173,0.1832468665,10.0,1
3055.656,0.18301004120000003,10.0,1
3056.138,0.1832352375,10.0,1
3056.62,0.1832692182,10.0,1
3057.102,0.1832908047,10.0,1
3057.584,0.18327863919999998,10.0,1
3058.066,0.1831721408,10.0,1
3058.548,0.18345728,10.0,1
3059.03,0.1833726738,10.0,1
3059.512,0.18357301639999998,10.0,1
3059.995,0.1834866211,10.0,1
3060.477,0.18345255340000002,10.0,1
3060.959,0.1835110589,10.0,1
3061.441,0.1836657885,10.0,1
3061.923,0.1836219415,10.0,1
3062.405,0.1834707573,10.0,1
3062.887,0.1835164124,10.0,1
3063.369,0.1837870856,10.0,1
3063.852,0.1837033465,10.0,1
3064.334,0.1838355653,10.0,1
3064.816,0.18367877889999998,10.0,1
3065.298,0.18359483229999998,10.0,1
3065.78,0.1839229174,10.0,1
3066.262,0.183971662,10.0,1
3066.744,0.18383679879999998,10.0,1
3067.226,0.1838157936,10.0,1
3067.708,0.18384732320000002,10.0,1
3068.191,0.1839634758,10.0,1
3068.673,0.1838513052,10.0,1
3069.155,0.1839451751,10.0,1
3069.637,0.1839995544,10.0,1
3070.119,0.1840344011,10.0,1
3070.601,0.1840738901,10.0,1
3071.083,0.1840968224,10.0,1
3071.565,0.18423673770000001,10.0,1
3072.048,0.18422511,10.0,1
3072.53,0.18416638849999997,10.0,1
3073.012,0.18419424620000002,10.0,1
3073.494,0.1841924594,10.0,1
3073.976,0.1842426301,10.0,1
3074.458,0.18422261899999998,10.0,1
3074.94,0.1845274039,10.0,1
3075.422,0.1843229876,10.0,1
3075.905,0.1843004754,10.0,1
3076.386,0.1845289353,10.0,1
3076.869,0.1843747815,10.0,1
3077.351,0.184463332,10.0,1
3077.833,0.1844054854,10.0,1
3078.315,0.18439430999999998,10.0,1
3078.797,0.18446003300000002,10.0,1
3079.279,0.1845066289,10.0,1
3079.761,0.18456381789999998,10.0,1
3080.243,0.18456286980000003,10.0,1
3080.726,0.1843211106,10.0,1
3081.208,0.1844821466,10.0,1
3081.69,0.1844523341,10.0,1
3082.172,0.18461742879999998,10.0,1
3082.654,0.1844366257,10.0,1
3083.136,0.18454490029999998,10.0,1
3083.618,0.18455162909999998,10.0,1
3084.1,0.18452824,10.0,1
3084.583,0.1843290692,10.0,1
3085.065,0.18465168429999998,10.0,1
3085.547,0.1845252001,10.0,1
3086.029,0.18454330800000002,10.0,1
3086.511,0.1845017194,10.0,1
3086.993,0.18432428380000002,10.0,1
3087.475,0.1845046094,10.0,1
3087.957,0.1842628757,10.0,1
3088.439,0.1843939286,10.0,1
3088.922,0.18453867850000003,10.0,1
3089.404,0.1843312097,10.0,1
3089.886,0.1845820682,10.0,1
3090.368,0.1844996837,10.0,1
3090.85,0.1845706539,10.0,1
3091.332,0.1844275606,10.0,1
3091.814,0.18459609059999998,10.0,1
3092.296,0.1844154262,10.0,1
3092.779,0.18461047279999998,10.0,1
3093.261,0.1845408629,10.0,1
3093.743,0.184612463,10.0,1
3094.225,0.18464563900000003,10.0,1
3094.707,0.1847234082,10.0,1
3095.189,0.1845443895,10.0,1
3095.671,0.184417743,10.0,1
3096.153,0.1846268175,10.0,1
3096.635,0.1845527447,10.0,1
3097.118,0.184670286,10.0,1
3097.6,0.1845601503,10.0,1
3098.082,0.18446628950000002,10.0,1
3098.564,0.1844928793,10.0,1
3099.046,0.18428059000000002,10.0,1
3099.528,0.1845901359,10.0,1
3100.01,0.18462467440000002,10.0,1
3100.492,0.1843849888,10.0,1
3100.975,0.184314948,10.0,1
3101.457,0.18447786440000002,10.0,1
3101.939,0.18446148010000002,10.0,1
3102.421,0.1845009,10.0,1
3102.903,0.18445640959999998,10.0,1
3103.385,0.184396958,10.0,1
3103.867,0.1845162119,10.0,1
3104.349,0.1844039286,10.0,1
3104.832,0.1845235434,10.0,1
3105.313,0.18454045910000003,10.0,1
3105.796,0.18452609509999998,10.0,1
3106.278,0.1847485313,10.0,1
3106.76,0.18445757319999997,10.0,1
3107.242,0.1843078826,10.0,1
3107.724,0.18446054830000003,10.0,1
3108.206,0.1843916701,10.0,1
3108.688,0.184426295,10.0,1
3109.17,0.18447535550000002,10.0,1
3109.653,0.1844540019,10.0,1
3110.135,0.1845280712,10.0,1
3110.617,0.18444476640000002,10.0,1
3111.099,0.18451778000000002,10.0,1
3111.581,0.1845499061,10.0,1
3112.063,0.1845437188,10.0,1
3112.545,0.1843828516,10.0,1
3113.027,0.1842729988,10.0,1
3113.51,0.18438257190000001,10.0,1
3113.992,0.1842563828,10.0,1
3114.474,0.1840842867,10.0,1
3114.956,0.1842581031,10.0,1
3115.438,0.18419376459999998,10.0,1
3115.92,0.1841270553,10.0,1
3116.402,0.18399499989999998,10.0,1
3116.884,0.18401216089999997,10.0,1
3117.366,0.1839051,10.0,1
3117.849,0.1839076138,10.0,1
3118.331,0.1838233557,10.0,1
3118.813,0.184015577,10.0,1
3119.295,0.1838241585,10.0,1
3119.777,0.1838813515,10.0,1
3120.259,0.1839051146,10.0,1
3120.741,0.18385759499999998,10.0,1
3121.223,0.1837573792,10.0,1
3121.706,0.18393753799999998,10.0,1
3122.188,0.1836947331,10.0,1
3122.67,0.1837972048,10.0,1
3123.152,0.18373121409999998,10.0,1
3123.634,0.1837685973,10.0,1
3124.116,0.18386135469999998,10.0,1
3124.598,0.18363464300000001,10.0,1
3125.08,0.1836768095,10.0,1
3125.562,0.1835572465,10.0,1
3126.045,0.1835260151,10.0,1
3126.527,0.1836364187,10.0,1
3127.009,0.1834328068,10.0,1
3127.491,0.18346921500000002,10.0,1
3127.973,0.1836490367,10.0,1
3128.455,0.183361165,10.0,1
3128.937,0.1833783956,10.0,1
3129.419,0.183330124,10.0,1
3129.902,0.1832196703,10.0,1
3130.384,0.1833612221,10.0,1
3130.866,0.18341399800000002,10.0,1
3131.348,0.18338656579999998,10.0,1
3131.83,0.1832161619,10.0,1
3132.312,0.1831811011,10.0,1
3132.794,0.18323177059999998,10.0,1
3133.276,0.1830353613,10.0,1
3133.759,0.1830273064,10.0,1
3134.24,0.1831557858,10.0,1
3134.723,0.183080872,10.0,1
3135.205,0.18315011779999998,10.0,1
3135.687,0.1832883327,10.0,1
3136.169,0.1831449943,10.0,1
3136.651,0.1829514176,10.0,1
3137.133,0.1829467973,10.0,1
3137.615,0.18304452349999997,10.0,1
3138.097,0.1828755922,10.0,1
3138.58,0.182987736,10.0,1
3139.062,0.18261983959999997,10.0,1
3139.544,0.18279017199999997,10.0,1
3140.026,0.1825665113,10.0,1
3140.508,0.1826260499,10.0,1
3140.99,0.18260091920000002,10.0,1
3141.472,0.1825673398,10.0,1
3141.954,0.1825642203,10.0,1
3142.437,0.1823611369,10.0,1
3142.919,0.1824550597,10.0,1
3143.401,0.1825061642,10.0,1
3143.883,0.1823478287,10.0,1
3144.365,0.1822898708,10.0,1
3144.847,0.18221763540000002,10.0,1
3145.329,0.1824080601,10.0,1
3145.811,0.1824742327,10.0,1
3146.293,0.1823778505,10.0,1
3146.776,0.1823819513,10.0,1
3147.258,0.1823591771,10.0,1
3147.74,0.1822586219,10.0,1
3148.222,0.1821211976,10.0,1
3148.704,0.1820918841,10.0,1
3149.186,0.182304848,10.0,1
3149.668,0.18197728819999998,10.0,1
3150.15,0.18208172860000002,10.0,1
3150.633,0.18201070900000002,10.0,1
3151.115,0.182223416,10.0,1
3151.597,0.1818870709,10.0,1
3152.079,0.1819354805,10.0,1
3152.561,0.18191630979999998,10.0,1
3153.043,0.1817815964,10.0,1
3153.525,0.18184039080000003,10.0,1
3154.007,0.18188705970000002,10.0,1
3154.49,0.18189919100000002,10.0,1
3154.972,0.181755447,10.0,1
3155.454,0.1817383053,10.0,1
3155.936,0.181628021,10.0,1
3156.418,0.1816493395,10.0,1
3156.9,0.1816887161,10.0,1
3157.382,0.1815927052,10.0,1
3157.864,0.1815836844,10.0,1
3158.346,0.18147253630000001,10.0,1
3158.829,0.1814523282,10.0,1
3159.311,0.18147237289999998,10.0,1
3159.793,0.1813813832,10.0,1
3160.275,0.1812046705,10.0,1
3160.757,0.181293766,10.0,1
3161.239,0.181430766,10.0,1
3161.721,0.1812764763,10.0,1
3162.203,0.181092488,10.0,1
3162.686,0.1812772433,10.0,1
3163.167,0.18122697429999998,10.0,1
3163.65,0.1811788798,10.0,1
3164.132,0.18118115240000002,10.0,1
3164.614,0.1812522167,10.0,1
3165.096,0.1810962223,10.0,1
3165.578,0.1811338032,10.0,1
3166.06,0.1811588106,10.0,1
3166.542,0.18095753080000002,10.0,1
3167.024,0.18080770470000002,10.0,1
3167.507,0.18107023649999998,10.0,1
3167.989,0.1809514639,10.0,1
3168.471,0.1809004946,10.0,1
3168.953,0.1809395792,10.0,1
3169.435,0.18093477409999997,10.0,1
3169.917,0.1806907549,10.0,1
3170.399,0.18077775249999997,10.0,1
3170.881,0.180669866,10.0,1
3171.364,0.1806766207,10.0,1
3171.846,0.18033897299999999,10.0,1
3172.328,0.18046257010000002,10.0,1
3172.81,0.18032819790000001,10.0,1
3173.292,0.1804588399,10.0,1
3173.774,0.1804942521,10.0,1
3174.256,0.1803916009,10.0,1
3174.738,0.1803580407,10.0,1
3175.22,0.1802393542,10.0,1
3175.703,0.1799391378,10.0,1
3176.185,0.1802843093,10.0,1
3176.667,0.1802681898,10.0,1
3177.149,0.18011565650000003,10.0,1
3177.631,0.18023904030000001,10.0,1
3178.113,0.1802202895,10.0,1
3178.595,0.18013601950000002,10.0,1
3179.077,0.18005916760000001,10.0,1
3179.56,0.18023223340000002,10.0,1
3180.042,0.1801542646,10.0,1
3180.524,0.1800194493,10.0,1
3181.006,0.18007372440000002,10.0,1
3181.488,0.1802377485,10.0,1
3181.97,0.1800223849,10.0,1
3182.452,0.1801385986,10.0,1
3182.934,0.1801143368,10.0,1
3183.417,0.1801798908,10.0,1
3183.899,0.17989268960000002,10.0,1
3184.381,0.1800102612,10.0,1
3184.863,0.1801085372,10.0,1
3185.345,0.18011158689999998,10.0,1
3185.827,0.1798078181,10.0,1
3186.309,0.1798845808,10.0,1
3186.791,0.17997908599999998,10.0,1
3187.273,0.1799257497,10.0,1
3187.756,0.1797129975,10.0,1
3188.238,0.17973212019999998,10.0,1
3188.72,0.17971795440000002,10.0,1
3189.202,0.1796861977,10.0,1
3189.684,0.1798711114,10.0,1
3190.166,0.17974115499999999,10.0,1
3190.648,0.1797013017,10.0,1
3191.13,0.17967238500000002,10.0,1
3191.613,0.1801215526,10.0,1
3192.094,0.1796323078,10.0,1
3192.577,0.1795660621,10.0,1
3193.059,0.17972212070000002,10.0,1
3193.541,0.1797695598,10.0,1
3194.023,0.17980681969999998,10.0,1
3194.505,0.1797470014,10.0,1
3194.987,0.1797295321,10.0,1
3195.469,0.1798663429,10.0,1
3195.951,0.17970963780000002,10.0,1
3196.434,0.1797208703,10.0,1
3196.916,0.1797582724,10.0,1
3197.398,0.1797798057,10.0,1
3197.88,0.17949277810000003,10.0,1
3198.362,0.1793665,10.0,1
3198.844,0.1795478443,10.0,1
3199.326,0.1794997404,10.0,1
3199.808,0.179436626,10.0,1
3200.291,0.1795069745,10.0,1
3200.773,0.1795452773,10.0,1
3201.255,0.17933535160000003,10.0,1
3201.737,0.1793061212,10.0,1
3202.219,0.1793749295,10.0,1
3202.701,0.1793607821,10.0,1
3203.183,0.1794362606,10.0,1
3203.665,0.1791450814,10.0,1
3204.147,0.1793753113,10.0,1
3204.63,0.1793113786,10.0,1
3205.112,0.1792910638,10.0,1
3205.594,0.1791797191,10.0,1
3206.076,0.1793392892,10.0,1
3206.558,0.1792237566,10.0,1
3207.04,0.1791986177,10.0,1
3207.522,0.1793072523,10.0,1
3208.004,0.1791949676,10.0,1
3208.487,0.1793141698,10.0,1
3208.969,0.1792768642,10.0,1
3209.451,0.17933476880000002,10.0,1
3209.933,0.17912484750000002,10.0,1
3210.415,0.1792367011,10.0,1
3210.897,0.1792503201,10.0,1
3211.379,0.1792715811,10.0,1
3211.861,0.1792977708,10.0,1
3212.344,0.1792022047,10.0,1
3212.826,0.17917479050000001,10.0,1
3213.308,0.17939767539999998,10.0,1
3213.79,0.1792308103,10.0,1
3214.272,0.17943794919999997,10.0,1
3214.754,0.1792080737,10.0,1
3215.236,0.1793323525,10.0,1
3215.718,0.1791070354,10.0,1
3216.2,0.17900398160000003,10.0,1
3216.683,0.1790884802,10.0,1
3217.165,0.1790575711,10.0,1
3217.647,0.17901299399999998,10.0,1
3218.129,0.1791342199,10.0,1
3218.611,0.1792411295,10.0,1
3219.093,0.17905411770000002,10.0,1
3219.575,0.1791818385,10.0,1
3220.057,0.1793700638,10.0,1
3220.54,0.17923447320000002,10.0,1
3221.021,0.17935531229999999,10.0,1
3221.504,0.17943845369999997,10.0,1
3221.986,0.1792865993,10.0,1
3222.468,0.1793070728,10.0,1
3222.95,0.1792945249,10.0,1
3223.432,0.1795241762,10.0,1
3223.914,0.1792884595,10.0,1
3224.396,0.1795134133,10.0,1
3224.878,0.1793725876,10.0,1
3225.361,0.1794151565,10.0,1
3225.843,0.1794046957,10.0,1
3226.325,0.17933396429999998,10.0,1
3226.807,0.17941714099999997,10.0,1
3227.289,0.1792553446,10.0,1
3227.771,0.1793469034,10.0,1
3228.253,0.1792197512,10.0,1
3228.735,0.1793464208,10.0,1
3229.218,0.1793402073,10.0,1
3229.7,0.1794848386,10.0,1
3230.182,0.1795071211,10.0,1
3230.664,0.1794192995,10.0,1
3231.146,0.17948949679999998,10.0,1
3231.628,0.1795486504,10.0,1
3232.11,0.17921500070000002,10.0,1
3232.592,0.17965624689999998,10.0,1
3233.074,0.1798675008,10.0,1
3233.557,0.1796164044,10.0,1
3234.039,0.1796106591,10.0,1
3234.521,0.179497093,10.0,1
3235.003,0.17963409460000002,10.0,1
3235.485,0.1793950137,10.0,1
3235.967,0.1796582152,10.0,1
3236.449,0.1796904302,10.0,1
3236.931,0.1794966315,10.0,1
3237.414,0.1795482383,10.0,1
3237.896,0.17961085140000002,10.0,1
3238.378,0.179587784,10.0,1
3238.86,0.1798559953,10.0,1
3239.342,0.1797666242,10.0,1
3239.824,0.1797073438,10.0,1
3240.306,0.1796496852,10.0,1
3240.788,0.1796102612,10.0,1
3241.271,0.1797377928,10.0,1
3241.753,0.1794887169,10.0,1
3242.235,0.17980719050000002,10.0,1
3242.717,0.1799469555,10.0,1
3243.199,0.17982130000000002,10.0,1
3243.681,0.1798251811,10.0,1
3244.163,0.17976348120000002,10.0,1
3244.645,0.1798342543,10.0,1
3245.127,0.1799412938,10.0,1
3245.61,0.1797650154,10.0,1
3246.092,0.1800517741,10.0,1
3246.574,0.1800654638,10.0,1
3247.056,0.1798501584,10.0,1
3247.538,0.1797592921,10.0,1
3248.02,0.1795933103,10.0,1
3248.502,0.1797916474,10.0,1
3248.984,0.17988042469999999,10.0,1
3249.467,0.1797829041,10.0,1
3249.948,0.1799421676,10.0,1
3250.431,0.1799490754,10.0,1
3250.913,0.17989957310000002,10.0,1
3251.395,0.179973132,10.0,1
3251.877,0.1800507571,10.0,1
3252.359,0.18015579850000002,10.0,1
3252.841,0.18000644650000003,10.0,1
3253.323,0.1800311799,10.0,1
3253.805,0.1803632153,10.0,1
3254.288,0.1803050001,10.0,1
3254.77,0.1802483094,10.0,1
3255.252,0.180475477,10.0,1
3255.734,0.18043206080000002,10.0,1
3256.216,0.18069449259999998,10.0,1
3256.698,0.1805749703,10.0,1
3257.18,0.1806359626,10.0,1
3257.662,0.180527458,10.0,1
3258.145,0.1805953757,10.0,1
3258.627,0.1804258417,10.0,1
3259.109,0.1806755143,10.0,1
3259.591,0.180535429,10.0,1
3260.073,0.18067508449999997,10.0,1
3260.555,0.1807229431,10.0,1
3261.037,0.1808580877,10.0,1
3261.519,0.1806803862,10.0,1
3262.001,0.1807078284,10.0,1
3262.484,0.18093366530000002,10.0,1
3262.966,0.18079723520000002,10.0,1
3263.448,0.18094260880000002,10.0,1
3263.93,0.18093185850000001,10.0,1
3264.412,0.1811153161,10.0,1
3264.894,0.1810347213,10.0,1
3265.376,0.1810012305,10.0,1
3265.858,0.1813221176,10.0,1
3266.341,0.18116319919999999,10.0,1
3266.823,0.1811091528,10.0,1
3267.305,0.1812394257,10.0,1
3267.787,0.18127691370000001,10.0,1
3268.269,0.1811081906,10.0,1
3268.751,0.18128985190000002,10.0,1
3269.233,0.18139834300000002,10.0,1
3269.715,0.1814270941,10.0,1
3270.198,0.18135823739999998,10.0,1
3270.68,0.181480812,10.0,1
3271.162,0.1813048204,10.0,1
3271.644,0.18149000669999998,10.0,1
3272.126,0.1814910672,10.0,1
3272.608,0.18159718940000003,10.0,1
3273.09,0.181546635,10.0,1
3273.572,0.1815666431,10.0,1
3274.054,0.1815679643,10.0,1
3274.537,0.181432068,10.0,1
3275.019,0.18168801980000002,10.0,1
3275.501,0.1814912532,10.0,1
3275.983,0.1816521619,10.0,1
3276.465,0.18184240070000002,10.0,1
3276.947,0.18195824900000002,10.0,1
3277.429,0.1818116456,10.0,1
3277.911,0.1818494299,10.0,1
3278.394,0.1817939549,10.0,1
3278.875,0.1817734883,10.0,1
3279.358,0.181932061,10.0,1
3279.84,0.1819254009,10.0,1
3280.322,0.18201159239999998,10.0,1
3280.804,0.1820321158,10.0,1
3281.286,0.1820349015,10.0,1
3281.768,0.1820630882,10.0,1
3282.25,0.182192148,10.0,1
3282.732,0.18226725059999999,10.0,1
3283.215,0.1824299651,10.0,1
3283.697,0.1823532884,10.0,1
3284.179,0.1824537374,10.0,1
3284.661,0.18250849160000002,10.0,1
3285.143,0.1825821411,10.0,1
3285.625,0.18257496620000002,10.0,1
3286.107,0.1825324428,10.0,1
3286.589,0.1825794475,10.0,1
3287.072,0.18275914329999998,10.0,1
3287.554,0.1829459998,10.0,1
3288.036,0.1828929955,10.0,1
3288.518,0.1828588,10.0,1
3289.0,0.182957585,10.0,1
3289.482,0.18308040139999998,10.0,1
3289.964,0.18305529369999998,10.0,1
3290.446,0.1827940773,10.0,1
3290.928,0.1828273738,10.0,1
3291.411,0.1829676854,10.0,1
3291.893,0.1830787889,10.0,1
3292.375,0.18319360629999998,10.0,1
3292.857,0.18301401039999998,10.0,1
3293.339,0.18301963189999998,10.0,1
3293.821,0.18308810860000002,10.0,1
3294.303,0.18310204200000002,10.0,1
3294.785,0.1831817917,10.0,1
3295.268,0.1830353947,10.0,1
3295.75,0.1830531869,10.0,1
3296.232,0.18302773819999998,10.0,1
3296.714,0.18310301110000002,10.0,1
3297.196,0.1832268122,10.0,1
3297.678,0.18312124659999998,10.0,1
3298.16,0.18318147910000002,10.0,1
3298.642,0.1832220732,10.0,1
3299.125,0.18317437120000002,10.0,1
3299.607,0.1831952563,10.0,1
3300.089,0.1835632791,10.0,0
3300.571,0.1835831447,10.0,0
3301.053,0.1833357566,10.0,0
3301.535,0.1836609777,10.0,0
3302.017,0.18362584569999998,10.0,0
3302.499,0.18370025429999998,10.0,0
3302.981,0.18367815740000001,10.0,0
3303.464,0.1838616604,10.0,0
3303.946,0.1835647397,10.0,0
3304.428,0.18386547579999998,10.0,0
3304.91,0.1838072953,10.0,0
3305.392,0.1837787781,10.0,0
3305.874,0.183728671,10.0,0
3306.356,0.183803099,10.0,0
3306.838,0.18368032769999998,10.0,0
3307.321,0.1837697005,10.0,0
3307.802,0.18367285790000001,10.0,0
3308.285,0.1839016481,10.0,0
3308.767,0.1837633838,10.0,0
3309.249,0.18364684660000002,10.0,0
3309.731,0.1836499939,10.0,0
3310.213,0.184018067,10.0,0
3310.695,0.1839481654,10.0,0
3311.177,0.18387570530000003,10.0,0
3311.659,0.1839128831,10.0,0
3312.142,0.183909883,10.0,0
3312.624,0.1840555659,10.0,0
3313.106,0.1840983633,10.0,0
3313.588,0.18408546439999998,10.0,0
3314.07,0.1843195957,10.0,0
3314.552,0.1844490246,10.0,0
3315.034,0.1842893384,10.0,0
3315.516,0.1842466705,10.0,0
3315.999,0.1842366093,10.0,0
3316.481,0.18447164189999998,10.0,0
3316.963,0.18448088370000001,10.0,0
3317.445,0.18460743329999998,10.0,0
3317.927,0.18445751000000002,10.0,0
3318.409,0.1842878536,10.0,0
3318.891,0.18447560419999998,10.0,0
3319.373,0.184498336,10.0,0
3319.855,0.1844307091,10.0,0
3320.338,0.1842782383,10.0,0
3320.82,0.1844506316,10.0,0
3321.302,0.18437573140000002,10.0,0
3321.784,0.1843369265,10.0,0
3322.266,0.18441320139999998,10.0,0
3322.748,0.1845329562,10.0,0
3323.23,0.18426322420000002,10.0,0
3323.712,0.1846143244,10.0,0
3324.195,0.18447473920000002,10.0,0
3324.677,0.1845625025,10.0,0
3325.159,0.18472151790000002,10.0,0
3325.641,0.18451428069999998,10.0,0
3326.123,0.184428999,10.0,0
3326.605,0.18485437319999998,10.0,0
3327.087,0.1845841753,10.0,0
3327.569,0.18475923160000002,10.0,0
3328.052,0.18457829050000002,10.0,0
3328.534,0.1845321127,10.0,0
3329.016,0.1846980696,10.0,0
3329.498,0.184809284,10.0,0
3329.98,0.1847718922,10.0,0
3330.462,0.18479720449999998,10.0,0
3330.944,0.1849686338,10.0,0
3331.426,0.1847751984,10.0,0
3331.908,0.1849536041,10.0,0
3332.391,0.185073061,10.0,0
3332.873,0.1850398366,10.0,0
3333.355,0.18486995490000002,10.0,0
3333.837,0.1850190246,10.0,0
3334.319,0.1849579668,10.0,0
3334.801,0.1850433915,10.0,0
3335.283,0.18502944070000002,10.0,0
3335.765,0.1848747337,10.0,0
3336.248,0.18523578229999998,10.0,0
3336.729,0.18525033140000002,10.0,0
3337.212,0.18521044239999998,10.0,0
3337.694,0.1851289462,10.0,0
3338.176,0.18516760229999998,10.0,0
3338.658,0.1847745501,10.0,0
3339.14,0.18491806889999998,10.0,0
3339.622,0.18490562300000002,10.0,0
3340.104,0.185018304,10.0,0
3340.586,0.18500089949999998,10.0,0
3341.069,0.1849614246,10.0,0
3341.551,0.18510364240000002,10.0,0
3342.033,0.1848969391,10.0,0
3342.515,0.1847924527,10.0,0
3342.997,0.1849279526,10.0,0
3343.479,0.1849723307,10.0,0
3343.961,0.18484009790000003,10.0,0
3344.443,0.1849696948,10.0,0
3344.926,0.185005054,10.0,0
3345.408,0.1848126327,10.0,0
3345.89,0.1849940212,10.0,0
3346.372,0.1848940056,10.0,0
3346.854,0.1847258668,10.0,0
3347.336,0.18477100459999998,10.0,0
3347.818,0.18487873600000002,10.0,0
3348.3,0.1847382545,10.0,0
3348.782,0.18486117100000002,10.0,0
3349.265,0.18485278600000002,10.0,0
3349.747,0.1846594369,10.0,0
3350.229,0.1848865256,10.0,0
3350.711,0.1849300355,10.0,0
3351.193,0.1847665834,10.0,0
3351.675,0.18484243490000002,10.0,0
3352.157,0.18501767310000003,10.0,0
3352.639,0.18479743939999999,10.0,0
3353.122,0.1847469637,10.0,0
3353.604,0.18461611130000002,10.0,0
3354.086,0.1849074273,10.0,0
3354.568,0.18489299509999998,10.0,0
3355.05,0.18480745720000002,10.0,0
3355.532,0.18493766560000002,10.0,0
3356.014,0.1851660257,10.0,0
3356.496,0.1850397468,10.0,0
3356.979,0.18487220029999998,10.0,0
3357.461,0.1850091306,10.0,0
3357.943,0.1849357452,10.0,0
3358.425,0.1849351648,10.0,0
3358.907,0.1848396599,10.0,0
3359.389,0.1849555347,10.0,0
3359.871,0.1852137224,10.0,0
3360.353,0.1851333839,10.0,0
3360.835,0.1850226424,10.0,0
3361.318,0.1848585007,10.0,0
3361.8,0.1849925708,10.0,0
3362.282,0.18490283989999998,10.0,0
3362.764,0.18484111649999999,10.0,0
3363.246,0.1850367517,10.0,0
3363.728,0.1848205919,10.0,0
3364.21,0.18497900909999998,10.0,0
3364.692,0.1851369848,10.0,0
3365.174,0.1848672721,10.0,0
3365.656,0.1849467826,10.0,0
3366.139,0.1849467145,10.0,0
3366.621,0.18471689470000002,10.0,0
3367.103,0.1847341759,10.0,0
3367.585,0.18467470689999999,10.0,0
3368.067,0.1843934478,10.0,0
3368.549,0.1845741726,10.0,0
3369.031,0.1844597319,10.0,0
3369.513,0.18468917,10.0,0
3369.996,0.184589915,10.0,0
3370.478,0.18451576349999999,10.0,0
3370.96,0.1845047259,10.0,0
3371.442,0.184631728,10.0,0
3371.924,0.1847731004,10.0,0
3372.406,0.18444430109999999,10.0,0
3372.888,0.1844648963,10.0,0
3373.37,0.18455196440000002,10.0,0
3373.853,0.1846937551,10.0,0
3374.335,0.18459230089999998,10.0,0
3374.817,0.18466136460000002,10.0,0
3375.299,0.1846132764,10.0,0
3375.781,0.1845770785,10.0,0
3376.263,0.18458325450000002,10.0,0
3376.745,0.1844890501,10.0,0
3377.227,0.1845141571,10.0,0
3377.709,0.1844837889,10.0,0
3378.192,0.1845408217,10.0,0
3378.674,0.18437128179999998,10.0,0
3379.156,0.1843356649,10.0,0
3379.638,0.1846097356,10.0,0
3380.12,0.1844800631,10.0,0
3380.602,0.184367186,10.0,0
3381.084,0.1842154845,10.0,0
3381.566,0.1842407403,10.0,0
3382.049,0.1840962024,10.0,0
3382.531,0.18402519730000003,10.0,0
3383.013,0.1840680232,10.0,0
3383.495,0.1839659539,10.0,0
3383.977,0.1842894741,10.0,0
3384.459,0.1840958631,10.0,0
3384.941,0.1839048025,10.0,0
3385.423,0.1840326529,10.0,0
3385.906,0.1839514395,10.0,0
3386.387,0.1840500543,10.0,0
3386.87,0.1838256203,10.0,0
3387.352,0.1837413573,10.0,0
3387.834,0.1836589285,10.0,0
3388.316,0.1837709292,10.0,0
3388.798,0.1837789466,10.0,0
3389.28,0.1838390388,10.0,0
3389.762,0.1837753978,10.0,0
3390.244,0.18373122179999998,10.0,0
3390.727,0.18393512680000002,10.0,0
3391.209,0.18376031909999999,10.0,0
3391.691,0.1837732577,10.0,0
3392.173,0.1837781087,10.0,0
3392.655,0.18386260329999998,10.0,0
3393.137,0.1836696183,10.0,0
3393.619,0.18349992310000002,10.0,0
3394.101,0.18366832500000002,10.0,0
3394.583,0.18362872840000002,10.0,0
3395.066,0.1836353815,10.0,0
3395.548,0.18375280149999998,10.0,0
3396.03,0.1835887691,10.0,0
3396.512,0.18349383079999998,10.0,0
3396.994,0.1835553715,10.0,0
3397.476,0.1833570212,10.0,0
3397.958,0.18331290490000002,10.0,0
3398.44,0.1833658356,10.0,0
3398.923,0.18319145760000002,10.0,0
3399.405,0.1833024375,10.0,0
3399.887,0.18319584249999998,10.0,0
3400.369,0.1832642809,10.0,0
3400.851,0.1833299904,10.0,0
3401.333,0.1832508043,10.0,0
3401.815,0.1829851027,10.0,0
3402.297,0.1830491085,10.0,0
3402.78,0.18280814629999997,10.0,0
3403.262,0.18290202090000002,10.0,0
3403.744,0.182857195,10.0,0
3404.226,0.1826547055,10.0,0
3404.708,0.1828478721,10.0,0
3405.19,0.1828572518,10.0,0
3405.672,0.18237225720000003,10.0,0
3406.154,0.18252688920000001,10.0,0
3406.636,0.1826759397,10.0,0
3407.119,0.1824884145,10.0,0
3407.601,0.18253469160000002,10.0,0
3408.083,0.1825198954,10.0,0
3408.565,0.1822762255,10.0,0
3409.047,0.1826643112,10.0,0
3409.529,0.1825773976,10.0,0
3410.011,0.1825666305,10.0,0
3410.493,0.1825252085,10.0,0
3410.976,0.1825116153,10.0,0
3411.458,0.1823513824,10.0,0
3411.94,0.18240932040000002,10.0,0
3412.422,0.1823789269,10.0,0
3412.904,0.18226952740000002,10.0,0
3413.386,0.1822047382,10.0,0
3413.868,0.18240716590000003,10.0,0
3414.35,0.1822486972,10.0,0
3414.833,0.18227929410000002,10.0,0
3415.314,0.1820307442,10.0,0
3415.797,0.1820068975,10.0,0
3416.279,0.1821057378,10.0,0
3416.761,0.1819306636,10.0,0
3417.243,0.18212155200000002,10.0,0
3417.725,0.1821893764,10.0,0
3418.207,0.182197739,10.0,0
3418.689,0.18195076759999998,10.0,0
3419.171,0.18218532459999998,10.0,0
3419.654,0.18209456589999998,10.0,0
3420.136,0.1817283304,10.0,0
3420.618,0.1818908394,10.0,0
3421.1,0.181981535,10.0,0
3421.582,0.18187404950000002,10.0,0
3422.064,0.18180495959999998,10.0,0
3422.546,0.1816994026,10.0,0
3423.028,0.1818144857,10.0,0
3423.51,0.18165215920000002,10.0,0
3423.993,0.1815913873,10.0,0
3424.475,0.1819330977,10.0,0
3424.957,0.18178810739999998,10.0,0
3425.439,0.18171956420000002,10.0,0
3425.921,0.1817287831,10.0,0
3426.403,0.181742672,10.0,0
3426.885,0.1815841627,10.0,0
3427.367,0.1816859127,10.0,0
3427.85,0.1815528775,10.0,0
3428.332,0.1816614318,10.0,0
3428.814,0.18148996360000003,10.0,0
3429.296,0.18162915940000002,10.0,0
3429.778,0.1815826678,10.0,0
3430.26,0.1814876591,10.0,0
3430.742,0.1814154203,10.0,0
3431.224,0.18154650790000001,10.0,0
3431.707,0.1811801353,10.0,0
3432.189,0.1813780278,10.0,0
3432.671,0.1812922438,10.0,0
3433.153,0.1810213906,10.0,0
3433.635,0.18118297479999998,10.0,0
3434.117,0.18121367119999998,10.0,0
3434.599,0.1810995346,10.0,0
3435.081,0.181019084,10.0,0
3435.563,0.1811166487,10.0,0
3436.046,0.1811045003,10.0,0
3436.528,0.18114165270000002,10.0,0
3437.01,0.18130478889999999,10.0,0
3437.492,0.18124774500000002,10.0,0
3437.974,0.18114696689999998,10.0,0
3438.456,0.1811614817,10.0,0
3438.938,0.1811571859,10.0,0
3439.42,0.1810895155,10.0,0
3439.903,0.1810768921,10.0,0
3440.385,0.18114302259999998,10.0,0
3440.867,0.1810145859,10.0,0
3441.349,0.180968179,10.0,0
3441.831,0.1809306208,10.0,0
3442.313,0.18107977470000003,10.0,0
3442.795,0.1809904177,10.0,0
3443.277,0.1810585209,10.0,0
3443.76,0.1808409678,10.0,0
3444.241,0.1807570496,10.0,0
3444.724,0.18091820160000002,10.0,0
3445.206,0.1808801798,10.0,0
3445.688,0.1808675076,10.0,0
3446.17,0.18089604909999998,10.0,0
3446.652,0.18091977069999998,10.0,0
3447.134,0.1808934591,10.0,0
3447.616,0.1809922381,10.0,0
3448.098,0.18075296640000002,10.0,0
3448.581,0.18085864799999998,10.0,0
3449.063,0.18098718779999998,10.0,0
3449.545,0.1808474305,10.0,0
3450.027,0.1808691583,10.0,0
3450.509,0.1806628328,10.0,0
3450.991,0.18056131050000002,10.0,0
3451.473,0.1807363523,10.0,0
3451.955,0.1804718604,10.0,0
3452.438,0.18064278749999998,10.0,0
3452.92,0.1805731917,10.0,0
3453.402,0.1803833772,10.0,0
3453.884,0.1807567293,10.0,0
3454.366,0.1807175115,10.0,0
3454.848,0.1805493704,10.0,0
3455.33,0.18061382210000002,10.0,0
3455.812,0.1808050613,10.0,0
3456.294,0.18047222820000003,10.0,0
3456.777,0.1807944358,10.0,0
3457.259,0.18082640600000002,10.0,0
3457.741,0.18079464860000002,10.0,0
3458.223,0.18064442790000002,10.0,0
3458.705,0.1807197308,10.0,0
3459.187,0.1807459034,10.0,0
3459.669,0.18056872980000002,10.0,0
3460.151,0.1807241206,10.0,0
3460.634,0.18073424249999998,10.0,0
3461.116,0.1805826352,10.0,0
3461.598,0.18054404510000002,10.0,0
3462.08,0.1805309398,10.0,0
3462.562,0.1806976126,10.0,0
3463.044,0.1803195641,10.0,0
3463.526,0.1803265515,10.0,0
3464.008,0.1803852591,10.0,0
3464.49,0.180455408,10.0,0
3464.973,0.1805060911,10.0,0
3465.455,0.1805191833,10.0,0
3465.937,0.1805671881,10.0,0
3466.419,0.18050122040000002,10.0,0
3466.901,0.1802931082,10.0,0
3467.383,0.1804525938,10.0,0
3467.865,0.18050397140000002,10.0,0
3468.347,0.1803673968,10.0,0
3468.83,0.18049422629999998,10.0,0
3469.312,0.18051701390000002,10.0,0
3469.794,0.1806128376,10.0,0
3470.276,0.1806688629,10.0,0
3470.758,0.1804758676,10.0,0
3471.24,0.1806453241,10.0,0
3471.722,0.1805664938,10.0,0
3472.204,0.1805977278,10.0,0
3472.687,0.180474886,10.0,0
3473.168,0.1804577784,10.0,0
3473.651,0.18057821000000002,10.0,0
3474.133,0.1807607151,10.0,0
3474.615,0.1804852697,10.0,0
3475.097,0.1805316337,10.0,0
3475.579,0.1804617165,10.0,0
3476.061,0.180579557,10.0,0
3476.543,0.1805435511,10.0,0
3477.025,0.18043562959999998,10.0,0
3477.508,0.1803856891,10.0,0
3477.99,0.1805815518,10.0,0
3478.472,0.1803981509,10.0,0
3478.954,0.18042519380000002,10.0,0
3479.436,0.18059932450000002,10.0,0
3479.918,0.1805002906,10.0,0
3480.4,0.1809086251,10.0,0
3480.882,0.1808375862,10.0,0
3481.365,0.1806382625,10.0,0
3481.847,0.18074400770000001,10.0,0
3482.329,0.1807571149,10.0,0
3482.811,0.1806300213,10.0,0
3483.293,0.1807729623,10.0,0
3483.775,0.18084125809999999,10.0,0
3484.257,0.1807053378,10.0,0
3484.739,0.1806628468,10.0,0
3485.221,0.1806866969,10.0,0
3485.704,0.18057576820000001,10.0,0
3486.186,0.1806302285,10.0,0
3486.668,0.1805323879,10.0,0
3487.15,0.18058492569999998,10.0,0
3487.632,0.18065514929999998,10.0,0
3488.114,0.1806742414,10.0,0
3488.596,0.18068661290000002,10.0,0
3489.078,0.1808865043,10.0,0
3489.561,0.1807478367,10.0,0
3490.043,0.1808478684,10.0,0
3490.525,0.1808254513,10.0,0
3491.007,0.1809965016,10.0,0
3491.489,0.1810400439,10.0,0
3491.971,0.1809981455,10.0,0
3492.453,0.1808970987,10.0,0
3492.935,0.1809901954,10.0,0
3493.417,0.18082031229999998,10.0,0
3493.9,0.18098817409999998,10.0,0
3494.382,0.18105732540000002,10.0,0
3494.864,0.18089575830000001,10.0,0
3495.346,0.1811082215,10.0,0
3495.828,0.1811699682,10.0,0
3496.31,0.1811357144,10.0,0
3496.792,0.1810491626,10.0,0
3497.274,0.1810192033,10.0,0
3497.757,0.1811410078,10.0,0
3498.239,0.18096263170000002,10.0,0
3498.721,0.1810505379,10.0,0
3499.203,0.1811540351,10.0,0
3499.685,0.1809813551,10.0,0
3500.167,0.1810455657,10.0,0
3500.649,0.1810540574,10.0,0
3501.131,0.18106147539999998,10.0,0
3501.614,0.1811059489,10.0,0
3502.095,0.18119829710000002,10.0,0
3502.578,0.1812233923,10.0,0
3503.06,0.1811982845,10.0,0
3503.542,0.18128658900000003,10.0,0
3504.024,0.1813102982,10.0,0
3504.506,0.18139683040000001,10.0,0
3504.988,0.1817012402,10.0,0
3505.47,0.1814420041,10.0,0
3505.952,0.18140295299999998,10.0,0
3506.435,0.1813417105,10.0,0
3506.917,0.18155249820000002,10.0,0
3507.399,0.1814617497,10.0,0
3507.881,0.1815674689,10.0,0
3508.363,0.1815248689,10.0,0
3508.845,0.1814889478,10.0,0
3509.327,0.1817374831,10.0,0
3509.809,0.1816587018,10.0,0
3510.292,0.18185701980000002,10.0,0
3510.774,0.1817627361,10.0,0
3511.256,0.1815820594,10.0,0
3511.738,0.1817143678,10.0,0
3512.22,0.1817091513,10.0,0
3512.702,0.1815980074,10.0,0
3513.184,0.181839369,10.0,0
3513.666,0.18189101900000001,10.0,0
3514.148,0.1817364949,10.0,0
3514.631,0.1819504368,10.0,0
3515.113,0.1820424357,10.0,0
3515.595,0.1818581983,10.0,0
3516.077,0.1821424337,10.0,0
3516.559,0.18209668059999998,10.0,0
3517.041,0.1820540971,10.0,0
3517.523,0.1819593826,10.0,0
3518.005,0.18209138249999998,10.0,0
3518.488,0.1821877159,10.0,0
3518.97,0.18201620680000002,10.0,0
3519.452,0.181989391,10.0,0
3519.934,0.1822547323,10.0,0
3520.416,0.1820008061,10.0,0
3520.898,0.18234298849999997,10.0,0
3521.38,0.18207170739999998,10.0,0
3521.862,0.182163229,10.0,0
3522.344,0.1821648189,10.0,0
3522.827,0.18207392290000002,10.0,0
3523.309,0.1823536553,10.0,0
3523.791,0.18210138350000002,10.0,0
3524.273,0.1821419691,10.0,0
3524.755,0.18229537969999998,10.0,0
3525.237,0.1821884901,10.0,0
3525.719,0.18227542400000002,10.0,0
3526.201,0.18265343609999998,10.0,0
3526.684,0.1824018079,10.0,0
3527.166,0.182701322,10.0,0
3527.648,0.1827258882,10.0,0
3528.13,0.18272714480000002,10.0,0
3528.612,0.1828188274,10.0,0
3529.094,0.1828460593,10.0,0
3529.576,0.1829681555,10.0,0
3530.058,0.1830364136,10.0,0
3530.541,0.1831761819,10.0,0
3531.022,0.1830111213,10.0,0
3531.505,0.18317552880000001,10.0,0
3531.987,0.1830692704,10.0,0
3532.469,0.1831968262,10.0,0
3532.951,0.18310884309999997,10.0,0
3533.433,0.1831716254,10.0,0
3533.915,0.1831291321,10.0,0
3534.397,0.1830645985,10.0,0
3534.879,0.18325883610000002,10.0,0
3535.362,0.1831678134,10.0,0
3535.844,0.1831218071,10.0,0
3536.326,0.1834744922,10.0,0
3536.808,0.1833249084,10.0,0
3537.29,0.1833704825,10.0,0
3537.772,0.1834759848,10.0,0
3538.254,0.1832627033,10.0,0
3538.736,0.1833043022,10.0,0
3539.219,0.18329486030000003,10.0,0
3539.701,0.18342867859999998,10.0,0
3540.183,0.18355680729999999,10.0,0
3540.665,0.1834302081,10.0,0
3541.147,0.1835613443,10.0,0
3541.629,0.1835814387,10.0,0
3542.111,0.18353662310000002,10.0,0
3542.593,0.1836675143,10.0,0
3543.075,0.18334234030000002,10.0,0
3543.558,0.1839130321,10.0,0
3544.04,0.183597036,10.0,0
3544.522,0.1836331166,10.0,0
3545.004,0.18372201570000002,10.0,0
3545.486,0.1837112623,10.0,0
3545.968,0.18366775400000002,10.0,0
3546.45,0.18339072680000001,10.0,0
3546.932,0.183725613,10.0,0
3547.415,0.18384616220000002,10.0,0
3547.897,0.18355831890000002,10.0,0
3548.379,0.18356162529999998,10.0,0
3548.861,0.1837369859,10.0,0
3549.343,0.1838406132,10.0,0
3549.825,0.18367158109999998,10.0,0
3550.307,0.1835396189,10.0,0
3550.789,0.1835056557,10.0,0
3551.271,0.183641585,10.0,0
3551.754,0.1840314922,10.0,0
3552.236,0.1840169446,10.0,0
3552.718,0.183819689,10.0,0
3553.2,0.1840299612,10.0,0
3553.682,0.18407763419999998,10.0,0
3554.164,0.18405163989999998,10.0,0
3554.646,0.1842293682,10.0,0
3555.128,0.1841193124,10.0,0
3555.611,0.184055503,10.0,0
3556.093,0.1842935056,10.0,0
3556.575,0.18408668299999997,10.0,0
3557.057,0.1842080263,10.0,0
3557.539,0.1842357862,10.0,0
3558.021,0.18413293790000002,10.0,0
3558.503,0.1842023073,10.0,0
3558.985,0.1844211653,10.0,0
3559.468,0.1843490321,10.0,0
3559.949,0.1844655282,10.0,0
3560.432,0.1845399794,10.0,0
3560.914,0.18455756839999998,10.0,0
3561.396,0.1845853797,10.0,0
3561.878,0.1844503067,10.0,0
3562.36,0.18460625879999998,10.0,0
3562.842,0.18448067370000001,10.0,0
3563.324,0.1847000581,10.0,0
3563.806,0.18455046819999998,10.0,0
3564.289,0.1846820461,10.0,0
3564.771,0.1846665106,10.0,0
3565.253,0.18451448289999997,10.0,0
3565.735,0.1846655862,10.0,0
3566.217,0.1847710576,10.0,0
3566.699,0.18476056329999999,10.0,0
3567.181,0.185087948,10.0,0
3567.663,0.1849151437,10.0,0
3568.146,0.18487429379999998,10.0,0
3568.628,0.1849516352,10.0,0
3569.11,0.1848700651,10.0,0
3569.592,0.1850285331,10.0,0
3570.074,0.18503971589999998,10.0,0
3570.556,0.18504628709999998,10.0,0
3571.038,0.18476263910000001,10.0,0
3571.52,0.18500236569999998,10.0,0
3572.002,0.1847972209,10.0,0
3572.485,0.1847280106,10.0,0
3572.967,0.1849247527,10.0,0
3573.449,0.18482185210000002,10.0,0
3573.931,0.18495015739999998,10.0,0
3574.413,0.184856613,10.0,0
3574.895,0.1849630794,10.0,0
3575.377,0.18479919179999998,10.0,0
3575.859,0.18475933430000002,10.0,0
3576.342,0.18494941050000002,10.0,0
3576.824,0.1848122781,10.0,0
3577.306,0.1849812119,10.0,0
3577.788,0.185151115,10.0,0
3578.27,0.1849678135,10.0,0
3578.752,0.1850622357,10.0,0
3579.234,0.1850944337,10.0,0
3579.716,0.18515613949999998,10.0,0
3580.198,0.1851706219,10.0,0
3580.681,0.1852298733,10.0,0
3581.163,0.1851476065,10.0,0
3581.645,0.18515844439999998,10.0,0
3582.127,0.18516423440000002,10.0,0
3582.609,0.18502421859999998,10.0,0
3583.091,0.1850710984,10.0,0
3583.573,0.1850123615,10.0,0
3584.055,0.1850000585,10.0,0
3584.538,0.18481224009999997,10.0,0
3585.02,0.18503315369999998,10.0,0
3585.502,0.1852386778,10.0,0
3585.984,0.185244723,10.0,0
3586.466,0.185193972,10.0,0
3586.948,0.1851344962,10.0,0
3587.43,0.18518554550000002,10.0,0
3587.912,0.1854712735,10.0,0
3588.395,0.185385273,10.0,0
3588.876,0.18561072159999997,10.0,0
3589.359,0.18548055930000001,10.0,0
3589.841,0.1854925945,10.0,0
3590.323,0.1853612626,10.0,0
3590.805,0.1853384276,10.0,0
3591.287,0.1855304984,10.0,0
3591.769,0.1854941146,10.0,0
3592.251,0.1853734459,10.0,0
3592.733,0.18541954659999998,10.0,0
3593.216,0.18523863899999998,10.0,0
3593.698,0.18523335700000002,10.0,0
3594.18,0.1852190221,10.0,0
3594.662,0.18548426589999997,10.0,0
3595.144,0.185196482,10.0,0
3595.626,0.185211393,10.0,0
3596.108,0.1853168066,10.0,0
3596.59,0.1850867351,10.0,0
3597.073,0.18538469429999999,10.0,0
3597.555,0.18525690250000001,10.0,0
3598.037,0.1853939703,10.0,0
3598.519,0.18523831179999997,10.0,0
3599.001,0.1853786191,10.0,0
3599.483,0.1853368016,10.0,0
3599.965,0.1855415444,10.0,0
3600.447,0.18550204999999997,10.0,0
3600.929,0.1855554876,10.0,0
3601.412,0.1856720785,10.0,0
3601.894,0.18546141559999998,10.0,0
3602.376,0.185228288,10.0,0
3602.858,0.185742893,10.0,0
3603.34,0.185407835,10.0,0
3603.822,0.18540873049999998,10.0,0
3604.304,0.1855250409,10.0,0
3604.786,0.1855380771,10.0,0
3605.269,0.1852255021,10.0,0
3605.751,0.18548336240000002,10.0,0
3606.233,0.1856112598,10.0,0
3606.715,0.1857342823,10.0,0
3607.197,0.1856479907,10.0,0
3607.679,0.1857503751,10.0,0
3608.161,0.18575318400000002,10.0,0
3608.643,0.185798464,10.0,0
3609.125,0.1856771854,10.0,0
3609.608,0.1858120984,10.0,0
3610.09,0.1856701575,10.0,0
3610.572,0.1856348212,10.0,0
3611.054,0.1859373784,10.0,0
3611.536,0.18559652710000002,10.0,0
3612.018,0.18574488720000001,10.0,0
3612.5,0.18552137770000002,10.0,0
3612.982,0.185722949,10.0,0
3613.465,0.18571303360000002,10.0,0
3613.947,0.18543257619999998,10.0,0
3614.429,0.1854175322,10.0,0
3614.911,0.1853690856,10.0,0
3615.393,0.1854407702,10.0,0
3615.875,0.1852720481,10.0,0
3616.357,0.18513719850000002,10.0,0
3616.839,0.1850663946,10.0,0
3617.322,0.1851034406,10.0,0
3617.803,0.1852076615,10.0,0
3618.286,0.184954004,10.0,0
3618.768,0.1849891473,10.0,0
3619.25,0.1846152959,10.0,0
3619.732,0.1849973654,10.0,0
3620.214,0.1851190933,10.0,0
3620.696,0.18494413569999998,10.0,0
3621.178,0.1849527434,10.0,0
3621.66,0.1848587349,10.0,0
3622.143,0.1849834585,10.0,0
3622.625,0.1847784653,10.0,0
3623.107,0.1849363921,10.0,0
3623.589,0.1849848766,10.0,0
3624.071,0.18488805190000002,10.0,0
3624.553,0.18488685700000002,10.0,0
3625.035,0.1850148228,10.0,0
3625.517,0.1850882378,10.0,0
3626.0,0.1852222656,10.0,0
3626.482,0.1852019368,10.0,0
3626.964,0.18525952839999998,10.0,0
3627.446,0.1854032684,10.0,0
3627.928,0.1854350105,10.0,0
3628.41,0.1855197576,10.0,0
3628.892,0.18544262509999998,10.0,0
3629.374,0.1854904682,10.0,0
3629.856,0.1855563163,10.0,0
3630.339,0.18541129080000002,10.0,0
3630.821,0.1853472618,10.0,0
3631.303,0.18497168819999998,10.0,0
3631.785,0.1850692152,10.0,0
3632.267,0.18515252790000003,10.0,0
3632.749,0.1850589728,10.0,0
3633.231,0.1848781991,10.0,0
3633.713,0.18481583499999998,10.0,0
3634.196,0.1847475516,10.0,0
3634.678,0.1848611537,10.0,0
3635.16,0.1847656328,10.0,0
3635.642,0.1847671086,10.0,0
3636.124,0.1847263341,10.0,0
3636.606,0.1845272069,10.0,0
3637.088,0.1845460887,10.0,0
3637.57,0.18446623599999998,10.0,0
3638.052,0.1843996301,10.0,0
3638.535,0.1844684038,10.0,0
3639.017,0.1845694933,10.0,0
3639.499,0.1843692904,10.0,0
3639.981,0.184488329,10.0,0
3640.463,0.18438779879999997,10.0,0
3640.945,0.1842098579,10.0,0
3641.427,0.1841104519,10.0,0
3641.909,0.1841205779,10.0,0
3642.392,0.18429891909999999,10.0,0
3642.874,0.1841691528,10.0,0
3643.356,0.1842980758,10.0,0
3643.838,0.1840962018,10.0,0
3644.32,0.1840605894,10.0,0
3644.802,0.1841132799,10.0,0
3645.284,0.18410040349999998,10.0,0
3645.766,0.1838695123,10.0,0
3646.249,0.18385750560000003,10.0,0
3646.73,0.18380742890000001,10.0,0
3647.213,0.18366906560000001,10.0,0
3647.695,0.1838312804,10.0,0
3648.177,0.18389329459999998,10.0,0
3648.659,0.1839903137,10.0,0
3649.141,0.1838328245,10.0,0
3649.623,0.1838697118,10.0,0
3650.105,0.1840686042,10.0,0
3650.587,0.1839352504,10.0,0
3651.07,0.18394342949999998,10.0,0
3651.552,0.1838342038,10.0,0
3652.034,0.1836903209,10.0,0
3652.516,0.18348702500000003,10.0,0
3652.998,0.18357251160000002,10.0,0
3653.48,0.18319488539999998,10.0,0
3653.962,0.1834001714,10.0,0
3654.444,0.18342082839999999,10.0,0
3654.927,0.18340136969999998,10.0,0
3655.409,0.1835167951,10.0,0
3655.891,0.18338430169999997,10.0,0
3656.373,0.1833528316,10.0,0
3656.855,0.1835438999,10.0,0
3657.337,0.18358152960000002,10.0,0
3657.819,0.18351992160000002,10.0,0
3658.301,0.1835692183,10.0,0
3658.783,0.1836819758,10.0,0
3659.266,0.183566756,10.0,0
3659.748,0.1834837329,10.0,0
3660.23,0.1837536711,10.0,0
3660.712,0.1834334754,10.0,0
3661.194,0.1833871841,10.0,0
3661.676,0.18341471250000002,10.0,0
3662.158,0.18339077199999998,10.0,0
3662.64,0.18330601519999998,10.0,0
3663.123,0.18334143430000002,10.0,0
3663.605,0.18319433750000003,10.0,0
3664.087,0.1830964128,10.0,0
3664.569,0.18315909470000002,10.0,0
3665.051,0.18314935219999998,10.0,0
3665.533,0.18293581809999998,10.0,0
3666.015,0.18296489659999998,10.0,0
3666.497,0.1830002863,10.0,0
3666.979,0.1829577402,10.0,0
3667.462,0.1827734551,10.0,0
3667.944,0.1827415966,10.0,0
3668.426,0.18272924840000002,10.0,0
3668.908,0.1828063742,10.0,0
3669.39,0.1828817585,10.0,0
3669.872,0.182927992,10.0,0
3670.354,0.1827759954,10.0,0
3670.836,0.1828545295,10.0,0
3671.319,0.1828449792,10.0,0
3671.801,0.18286794480000002,10.0,0
3672.283,0.1825101403,10.0,0
3672.765,0.1823627101,10.0,0
3673.247,0.18264644570000002,10.0,0
3673.729,0.182557505,10.0,0
3674.211,0.1825757011,10.0,0
3674.693,0.1824861484,10.0,0
3675.176,0.1826666161,10.0,0
3675.657,0.1826325391,10.0,0
3676.14,0.1828187118,10.0,0
3676.622,0.1825239906,10.0,0
3677.104,0.1825949288,10.0,0
3677.586,0.1826377235,10.0,0
3678.068,0.1824220355,10.0,0
3678.55,0.1827536175,10.0,0
3679.032,0.18253254829999999,10.0,0
3679.514,0.1823243895,10.0,0
3679.997,0.1826960555,10.0,0
3680.479,0.1826795289,10.0,0
3680.961,0.18235635940000003,10.0,0
3681.443,0.1824148458,10.0,0
3681.925,0.1824771724,10.0,0
3682.407,0.18243592499999997,10.0,0
3682.889,0.1823868393,10.0,0
3683.371,0.1824006734,10.0,0
3683.854,0.1824253851,10.0,0
3684.336,0.1822076027,10.0,0
3684.818,0.18241969000000002,10.0,0
3685.3,0.1821337509,10.0,0
3685.782,0.1821279127,10.0,0
3686.264,0.1821019166,10.0,0
3686.746,0.18184655589999998,10.0,0
3687.228,0.1818580377,10.0,0
3687.71,0.1818659155,10.0,0
3688.193,0.1817841124,10.0,0
3688.675,0.1815175762,10.0,0
3689.157,0.18188856560000002,10.0,0
3689.639,0.1817570656,10.0,0
3690.121,0.18186018340000001,10.0,0
3690.603,0.1819103696,10.0,0
3691.085,0.18175188250000002,10.0,0
3691.567,0.18172563960000002,10.0,0
3692.05,0.1816891618,10.0,0
3692.532,0.1816324173,10.0,0
3693.014,0.18192039340000002,10.0,0
3693.496,0.1817358698,10.0,0
3693.978,0.18179873870000002,10.0,0
3694.46,0.1815066746,10.0,0
3694.942,0.18139344340000002,10.0,0
3695.424,0.18141199889999998,10.0,0
3695.906,0.1814522397,10.0,0
3696.389,0.1815881181,10.0,0
3696.871,0.1814379682,10.0,0
3697.353,0.1814613047,10.0,0
3697.835,0.1814511556,10.0,0
3698.317,0.1814190355,10.0,0
3698.799,0.1816368756,10.0,0
3699.281,0.1814218384,10.0,0
3699.763,0.1814619998,10.0,0
3700.246,0.1817253286,10.0,0
3700.728,0.18170750170000002,10.0,0
3701.21,0.18187168329999998,10.0,0
3701.692,0.181784146,10.0,0
3702.174,0.18182372759999998,10.0,0
3702.656,0.181653002,10.0,0
3703.138,0.1816697135,10.0,0
3703.62,0.1818281324,10.0,0
3704.103,0.1818844507,10.0,0
3704.584,0.18183941059999997,10.0,0
3705.067,0.1816434402,10.0,0
3705.549,0.1815604809,10.0,0
3706.031,0.1811611662,10.0,0
3706.513,0.1810770318,10.0,0
3706.995,0.181146323,10.0,0
3707.477,0.18112430710000002,10.0,0
3707.959,0.18114434710000002,10.0,0
3708.441,0.1809512941,10.0,0
3708.924,0.18095650370000002,10.0,0
3709.406,0.1809143568,10.0,0
3709.888,0.1810073139,10.0,0
3710.37,0.1811132058,10.0,0
3710.852,0.18112067639999999,10.0,0
3711.334,0.18110607099999998,10.0,0
3711.816,0.1812640166,10.0,0
3712.298,0.1813659627,10.0,0
3712.781,0.18137729830000002,10.0,0
3713.263,0.1812814128,10.0,0
3713.745,0.1815357849,10.0,0
3714.227,0.1815107037,10.0,0
3714.709,0.1815875067,10.0,0
3715.191,0.18167984839999998,10.0,0
3715.673,0.1814744238,10.0,0
3716.155,0.181718936,10.0,0
3716.637,0.1815119184,10.0,0
3717.12,0.1816716967,10.0,0
3717.602,0.1816990535,10.0,0
3718.084,0.18148537180000002,10.0,0
3718.566,0.1815438846,10.0,0
3719.048,0.18140160819999998,10.0,0
3719.53,0.18151441340000002,10.0,0
3720.012,0.1815567365,10.0,0
3720.494,0.1816872644,10.0,0
3720.977,0.1815739771,10.0,0
3721.459,0.1813433865,10.0,0
3721.941,0.18147567080000002,10.0,0
3722.423,0.1815282008,10.0,0
3722.905,0.1815415788,10.0,0
3723.387,0.18171932519999998,10.0,0
3723.869,0.1816134109,10.0,0
3724.351,0.1815606676,10.0,0
3724.833,0.1815245922,10.0,0
3725.316,0.1815283404,10.0,0
3725.798,0.1817545939,10.0,0
3726.28,0.1815485752,10.0,0
3726.762,0.18155655759999997,10.0,0
3727.244,0.1814498082,10.0,0
3727.726,0.18131222309999998,10.0,0
3728.208,0.18130804080000001,10.0,0
3728.69,0.1813760308,10.0,0
3729.173,0.18110080199999998,10.0,0
3729.655,0.1810935655,10.0,0
3730.137,0.18116489489999998,10.0,0
3730.619,0.18121398200000002,10.0,0
3731.101,0.181171775,10.0,0
3731.583,0.1811736144,10.0,0
3732.065,0.1811275143,10.0,0
3732.547,0.18118873600000002,10.0,0
3733.03,0.1812727863,10.0,0
3733.511,0.1813618484,10.0,0
3733.994,0.18118729349999999,10.0,0
3734.476,0.18142879010000001,10.0,0
3734.958,0.18162774580000002,10.0,0
3735.44,0.1815347663,10.0,0
3735.922,0.1816987674,10.0,0
3736.404,0.18171676439999998,10.0,0
3736.886,0.181650265,10.0,0
3737.368,0.1817598713,10.0,0
3737.851,0.1816977842,10.0,0
3738.333,0.1817560623,10.0,0
3738.815,0.1813054911,10.0,0
3739.297,0.1813842768,10.0,0
3739.779,0.1814045347,10.0,0
3740.261,0.1812699461,10.0,0
3740.743,0.1812367811,10.0,0
3741.225,0.18110685790000003,10.0,0
3741.708,0.1811559282,10.0,0
3742.19,0.1810194239,10.0,0
3742.672,0.18111372790000002,10.0,0
3743.154,0.1811774717,10.0,0
3743.636,0.18112336580000002,10.0,0
3744.118,0.1812716841,10.0,0
3744.6,0.18143943490000003,10.0,0
3745.082,0.1815140002,10.0,0
3745.564,0.1815514907,10.0,0
3746.047,0.18173913809999998,10.0,0
3746.529,0.1817063617,10.0,0
3747.011,0.1815590075,10.0,0
3747.493,0.1816877607,10.0,0
3747.975,0.18171393040000003,10.0,0
3748.457,0.18195722279999998,10.0,0
3748.939,0.1817618143,10.0,0
3749.421,0.18162343960000002,10.0,0
3749.904,0.18191830509999998,10.0,0
3750.386,0.18177220049999998,10.0,0
3750.868,0.18154077019999998,10.0,0
3751.35,0.18171863,10.0,0
3751.832,0.1816349831,10.0,0
3752.314,0.18184162069999998,10.0,0
3752.796,0.181795404,10.0,0
3753.278,0.1817833401,10.0,0
3753.76,0.1816524851,10.0,0
3754.243,0.1816124258,10.0,0
3754.725,0.18162672959999998,10.0,0
3755.207,0.18152028860000002,10.0,0
3755.689,0.1815081287,10.0,0
3756.171,0.18157107530000002,10.0,0
3756.653,0.1818378439,10.0,0
3757.135,0.1819111324,10.0,0
3757.617,0.1818106793,10.0,0
3758.1,0.18203666070000002,10.0,0
3758.582,0.1820130649,10.0,0
3759.064,0.1823255677,10.0,0
3759.546,0.1823968175,10.0,0
3760.028,0.1824045299,10.0,0
3760.51,0.1824575407,10.0,0
3760.992,0.1824249039,10.0,0
3761.474,0.1826151861,10.0,0
3761.957,0.18239496249999998,10.0,0
3762.438,0.1826463236,10.0,0
3762.921,0.1826356715,10.0,0
3763.403,0.1827246443,10.0,0
3763.885,0.18260573610000003,10.0,0
3764.367,0.18280025470000003,10.0,0
3764.849,0.1827918366,10.0,0
3765.331,0.18281466049999998,10.0,0
3765.813,0.1830050325,10.0,0
3766.295,0.18281087159999998,10.0,0
3766.778,0.1827754959,10.0,0
3767.26,0.1827497227,10.0,0
3767.742,0.18299978670000003,10.0,0
3768.224,0.1830500444,10.0,0
3768.706,0.18283088339999998,10.0,0
3769.188,0.1829262491,10.0,0
3769.67,0.1830934709,10.0,0
3770.152,0.1830886773,10.0,0
3770.635,0.18323868199999999,10.0,0
3771.117,0.183262228,10.0,0
3771.599,0.18339936510000002,10.0,0
3772.081,0.1831597379,10.0,0
3772.563,0.1831045329,10.0,0
3773.045,0.1832444809,10.0,0
3773.527,0.18309160049999998,10.0,0
3774.009,0.1831218406,10.0,0
3774.491,0.1830960931,10.0,0
3774.974,0.18304784659999998,10.0,0
3775.456,0.1830898096,10.0,0
3775.938,0.1828350391,10.0,0
3776.42,0.1831219072,10.0,0
3776.902,0.183227891,10.0,0
3777.384,0.1829835108,10.0,0
3777.866,0.18307755979999998,10.0,0
3778.348,0.18281451489999997,10.0,0
3778.831,0.1831182818,10.0,0
3779.313,0.1831489086,10.0,0
3779.795,0.1831348624,10.0,0
3780.277,0.1832248167,10.0,0
3780.759,0.1832686553,10.0,0
3781.241,0.18335520370000002,10.0,0
3781.723,0.1832096094,10.0,0
3782.205,0.1832926864,10.0,0
3782.688,0.18345989119999997,10.0,0
3783.17,0.18364038430000001,10.0,0
3783.652,0.1835014285,10.0,0
3784.134,0.18337206009999998,10.0,0
3784.616,0.1837681159,10.0,0
3785.098,0.1838738072,10.0,0
3785.58,0.1837417174,10.0,0
3786.062,0.1837971057,10.0,0
3786.544,0.1840668616,10.0,0
3787.027,0.18388029790000002,10.0,0
3787.509,0.1840635743,10.0,0
3787.991,0.1838485476,10.0,0
3788.473,0.18414699410000002,10.0,0
3788.955,0.1840979316,10.0,0
3789.437,0.18407881929999997,10.0,0
3789.919,0.18405746239999998,10.0,0
3790.401,0.1840316528,10.0,0
3790.884,0.1840478545,10.0,0
3791.365,0.1840558108,10.0,0
3791.848,0.1839435145,10.0,0
3792.33,0.1839762505,10.0,0
3792.812,0.184064726,10.0,0
3793.294,0.1838344058,10.0,0
3793.776,0.1838203562,10.0,0
3794.258,0.1840013224,10.0,0
3794.74,0.1840454853,10.0,0
3795.222,0.1840821949,10.0,0
3795.705,0.1840836304,10.0,0
3796.187,0.1842157651,10.0,0
3796.669,0.18424620390000002,10.0,0
3797.151,0.1843715924,10.0,0
3797.633,0.1841945198,10.0,0
3798.115,0.1843319401,10.0,0
3798.597,0.184396959,10.0,0
3799.079,0.1844120622,10.0,0
3799.562,0.1844721147,10.0,0
3800.044,0.18447169089999998,10.0,0
3800.526,0.18451157859999998,10.0,0
3801.008,0.1846442492,10.0,0
3801.49,0.1845508173,10.0,0
3801.972,0.1845037896,10.0,0
3802.454,0.1846105082,10.0,0
3802.936,0.1845134136,10.0,0
3803.418,0.1845415198,10.0,0
3803.901,0.18439190660000002,10.0,0
3804.383,0.1845461149,10.0,0
3804.865,0.18458679379999998,10.0,0
3805.347,0.1845860521,10.0,0
3805.829,0.1846970638,10.0,0
3806.311,0.1846622585,10.0,0
3806.793,0.18462802820000002,10.0,0
3807.275,0.18498795690000003,10.0,0
3807.758,0.1849631112,10.0,0
3808.24,0.185044982,10.0,0
3808.722,0.1850885098,10.0,0
3809.204,0.1851601711,10.0,0
3809.686,0.1852826568,10.0,0
3810.168,0.18523643029999998,10.0,0
3810.65,0.1853812261,10.0,0
3811.132,0.1851852456,10.0,0
3811.615,0.1851491493,10.0,0
3812.097,0.18533980369999997,10.0,0
3812.579,0.1853753048,10.0,0
3813.061,0.1853713421,10.0,0
3813.543,0.1854404147,10.0,0
3814.025,0.1854893258,10.0,0
3814.507,0.18559181970000002,10.0,0
3814.989,0.1856115646,10.0,0
3815.471,0.18571664850000003,10.0,0
3815.954,0.1858548115,10.0,0
3816.436,0.1858809956,10.0,0
3816.918,0.18598782709999997,10.0,0
3817.4,0.1859052737,10.0,0
3817.882,0.1857829353,10.0,0
3818.364,0.1860381816,10.0,0
3818.846,0.1859469367,10.0,0
3819.328,0.1857069839,10.0,0
3819.811,0.18592952919999997,10.0,0
3820.292,0.1861324106,10.0,0
3820.775,0.18586565700000002,10.0,0
3821.257,0.1857599153,10.0,0
3821.739,0.1860805861,10.0,0
3822.221,0.1859717998,10.0,0
3822.703,0.18619330430000003,10.0,0
3823.185,0.1861729172,10.0,0
3823.667,0.1862095691,10.0,0
3824.149,0.1860674827,10.0,0
3824.632,0.1860341176,10.0,0
3825.114,0.1858382464,10.0,0
3825.596,0.18603492089999998,10.0,0
3826.078,0.1859878013,10.0,0
3826.56,0.1858460802,10.0,0
3827.042,0.1858835243,10.0,0
3827.524,0.18578151399999998,10.0,0
3828.006,0.1856104758,10.0,0
3828.489,0.1855748753,10.0,0
3828.971,0.1856101357,10.0,0
3829.453,0.18557694009999998,10.0,0
3829.935,0.1857314405,10.0,0
3830.417,0.18572674379999998,10.0,0
3830.899,0.18562146380000002,10.0,0
3831.381,0.1857387458,10.0,0
3831.863,0.1858207464,10.0,0
3832.345,0.1859621902,10.0,0
3832.828,0.1858341375,10.0,0
3833.31,0.1861635121,10.0,0
3833.792,0.18619136390000002,10.0,0
3834.274,0.186008981,10.0,0
3834.756,0.1860931635,10.0,0
3835.238,0.1863525178,10.0,0
3835.72,0.18610096769999998,10.0,0
3836.202,0.1859623329,10.0,0
3836.685,0.1860510622,10.0,0
3837.167,0.1860922169,10.0,0
3837.649,0.1858853467,10.0,0
3838.131,0.1859020392,10.0,0
3838.613,0.1859286527,10.0,0
3839.095,0.1858927457,10.0,0
3839.577,0.186076411,10.0,0
3840.059,0.1861234533,10.0,0
3840.542,0.1860085192,10.0,0
3841.024,0.18590702530000003,10.0,0
3841.506,0.1862579027,10.0,0
3841.988,0.18611303240000002,10.0,0
3842.47,0.1861928049,10.0,0
3842.952,0.18647255529999998,10.0,0
3843.434,0.18631826619999997,10.0,0
3843.916,0.1863733908,10.0,0
3844.398,0.18628605709999999,10.0,0
3844.881,0.1864282039,10.0,0
3845.363,0.18637276220000001,10.0,0
3845.845,0.18629318479999998,10.0,0
3846.327,0.18617869420000002,10.0,0
3846.809,0.1863105706,10.0,0
3847.291,0.18640220840000002,10.0,0
3847.773,0.18609922980000002,10.0,0
3848.255,0.1860223945,10.0,0
3848.738,0.1859990571,10.0,0
3849.219,0.1859632684,10.0,0
3849.702,0.1858875779,10.0,0
3850.184,0.18584295820000002,10.0,0
3850.666,0.1857514622,10.0,0
3851.148,0.185726366,10.0,0
3851.63,0.1857931665,10.0,0
3852.112,0.1859690893,10.0,0
3852.594,0.1857853838,10.0,0
3853.076,0.18615298219999998,10.0,0
3853.559,0.1863735238,10.0,0
3854.041,0.1865291603,10.0,0
3854.523,0.18670443809999998,10.0,0
3855.005,0.1868479073,10.0,0
3855.487,0.1867419944,10.0,0
3855.969,0.1865633161,10.0,0
3856.451,0.1867097439,10.0,0
3856.933,0.18681063550000002,10.0,0
3857.416,0.1865311538,10.0,0
3857.898,0.1864322302,10.0,0
3858.38,0.1863307585,10.0,0
3858.862,0.1862396021,10.0,0
3859.344,0.1861790308,10.0,0
3859.826,0.1861434219,10.0,0
3860.308,0.1860681405,10.0,0
3860.79,0.1862115639,10.0,0
3861.272,0.1859783424,10.0,0
3861.755,0.1861143117,10.0,0
3862.237,0.1862472444,10.0,0
3862.719,0.18628672300000002,10.0,0
3863.201,0.1862613222,10.0,0
3863.683,0.18602323340000002,10.0,0
3864.165,0.1859897324,10.0,0
3864.647,0.1858340845,10.0,0
3865.129,0.18595239670000002,10.0,0
3865.612,0.1859094905,10.0,0
3866.094,0.1859507618,10.0,0
3866.576,0.1858587639,10.0,0
3867.058,0.1857696076,10.0,0
3867.54,0.18572974779999998,10.0,0
3868.022,0.1856047086,10.0,0
3868.504,0.1857097543,10.0,0
3868.986,0.1856103561,10.0,0
3869.469,0.1857687942,10.0,0
3869.951,0.1856500967,10.0,0
3870.433,0.1857232802,10.0,0
3870.915,0.1857827371,10.0,0
3871.397,0.18572746680000002,10.0,0
3871.879,0.1857868407,10.0,0
3872.361,0.1858377116,10.0,0
3872.843,0.1858274698,10.0,0
3873.325,0.18604888020000002,10.0,0
3873.808,0.1861509499,10.0,0
3874.29,0.1862641359,10.0,0
3874.772,0.1861865452,10.0,0
3875.254,0.18629521019999998,10.0,0
3875.736,0.18588624169999998,10.0,0
3876.218,0.1859785057,10.0,0
3876.7,0.1861496061,10.0,0
3877.182,0.18584242069999998,10.0,0
3877.665,0.18605341849999998,10.0,0
3878.146,0.1859711007,10.0,0
3878.629,0.18593570169999998,10.0,0
3879.111,0.1858112106,10.0,0
3879.593,0.1857507207,10.0,0
3880.075,0.18581921529999998,10.0,0
3880.557,0.18563266939999998,10.0,0
3881.039,0.18579572249999998,10.0,0
3881.521,0.1856119689,10.0,0
3882.003,0.18569510449999999,10.0,0
3882.486,0.18567406600000003,10.0,0
3882.968,0.1856279293,10.0,0
3883.45,0.18549867009999998,10.0,0
3883.932,0.1853979305,10.0,0
3884.414,0.1855524234,10.0,0
3884.896,0.18563718529999998,10.0,0
3885.378,0.1855839662,10.0,0
3885.86,0.1855445201,10.0,0
3886.343,0.1856062516,10.0,0
3886.825,0.1857660187,10.0,0
3887.307,0.1855626727,10.0,0
3887.789,0.1856413724,10.0,0
3888.271,0.1854416749,10.0,0
3888.753,0.18545141510000002,10.0,0
3889.235,0.18546610139999997,10.0,0
3889.717,0.1853424849,10.0,0
3890.199,0.1853034252,10.0,0
3890.682,0.1854017287,10.0,0
3891.164,0.1853931136,10.0,0
3891.646,0.1854536685,10.0,0
3892.128,0.1853114791,10.0,0
3892.61,0.1855903528,10.0,0
3893.092,0.1854513495,10.0,0
3893.574,0.18553591140000003,10.0,0
3894.056,0.1854313912,10.0,0
3894.539,0.1854436028,10.0,0
3895.021,0.1853389845,10.0,0
3895.503,0.1851275705,10.0,0
3895.985,0.1852372773,10.0,0
3896.467,0.18512054760000002,10.0,0
3896.949,0.1849808779,10.0,0
3897.431,0.1850503493,10.0,0
3897.913,0.18488029690000002,10.0,0
3898.396,0.1849911338,10.0,0
3898.878,0.1849584221,10.0,0
3899.36,0.1849938939,10.0,0
3899.842,0.18483583039999998,10.0,0
3900.324,0.1849608503,10.0,0
3900.806,0.18503972629999998,10.0,0
3901.288,0.1852478094,10.0,0
3901.77,0.18505148049999998,10.0,0
3902.252,0.1851989319,10.0,0
3902.735,0.185250153,10.0,0
3903.217,0.1852091649,10.0,0
3903.699,0.1852452075,10.0,0
3904.181,0.1851195876,10.0,0
3904.663,0.185116145,10.0,0
3905.145,0.18498963599999999,10.0,0
3905.627,0.1849479665,10.0,0
3906.109,0.1849402455,10.0,0
3906.592,0.1849522227,10.0,0
3907.073,0.1848598159,10.0,0
3907.556,0.1845977161,10.0,0
3908.038,0.18456802669999997,10.0,0
3908.52,0.1845791422,10.0,0
3909.002,0.1846546356,10.0,0
3909.484,0.18444989450000002,10.0,0
3909.966,0.18460378,10.0,0
3910.448,0.1844338704,10.0,0
3910.93,0.18449480869999998,10.0,0
3911.413,0.18453161869999998,10.0,0
3911.895,0.18437248220000002,10.0,0
3912.377,0.18440121269999998,10.0,0
3912.859,0.1845672902,10.0,0
3913.341,0.1841986095,10.0,0
3913.823,0.18428747550000002,10.0,0
3914.305,0.184284067,10.0,0
3914.787,0.18425017059999999,10.0,0
3915.27,0.18408862410000001,10.0,0
3915.752,0.1840296653,10.0,0
3916.234,0.18401777209999998,10.0,0
3916.716,0.1839684533,10.0,0
3917.198,0.18413098890000001,10.0,0
3917.68,0.1842391431,10.0,0
3918.162,0.1840147207,10.0,0
3918.644,0.18392721420000002,10.0,0
3919.126,0.18402102169999998,10.0,0
3919.609,0.1838887088,10.0,0
3920.091,0.18403888399999999,10.0,0
3920.573,0.1841561209,10.0,0
3921.055,0.1838780462,10.0,0
3921.537,0.1839107541,10.0,0
3922.019,0.1838490097,10.0,0
3922.501,0.1840751242,10.0,0
3922.983,0.1838544583,10.0,0
3923.466,0.18395563809999999,10.0,0
3923.948,0.1841412361,10.0,0
3924.43,0.1839948145,10.0,0
3924.912,0.1840071552,10.0,0
3925.394,0.1838781072,10.0,0
3925.876,0.18380542940000003,10.0,0
3926.358,0.18388175,10.0,0
3926.84,0.18376062229999998,10.0,0
3927.323,0.18372512619999998,10.0,0
3927.805,0.18370823479999998,10.0,0
3928.287,0.18376079,10.0,0
3928.769,0.1836333946,10.0,0
3929.251,0.1835137636,10.0,0
3929.733,0.1834828937,10.0,0
3930.215,0.1835237744,10.0,0
3930.697,0.1833925036,10.0,0
3931.179,0.18356072980000002,10.0,0
3931.662,0.1835518583,10.0,0
3932.144,0.1833247372,10.0,0
3932.626,0.1834012942,10.0,0
3933.108,0.18335862039999998,10.0,0
3933.59,0.18352197189999997,10.0,0
3934.072,0.1834762067,10.0,0
3934.554,0.1834350415,10.0,0
3935.036,0.1835319701,10.0,0
3935.519,0.1836147484,10.0,0
3936.0,0.1836056184,10.0,0
3936.483,0.1835921365,10.0,0
3936.965,0.1834793931,10.0,0
3937.447,0.1834808227,10.0,0
3937.929,0.1834876471,10.0,0
3938.411,0.18339131600000003,10.0,0
3938.893,0.1833031203,10.0,0
3939.375,0.1832531575,10.0,0
3939.857,0.1831495723,10.0,0
3940.34,0.1829934937,10.0,0
3940.822,0.18302858870000002,10.0,0
3941.304,0.1829691847,10.0,0
3941.786,0.18282818309999999,10.0,0
3942.268,0.1829066036,10.0,0
3942.75,0.18290170839999997,10.0,0
3943.232,0.1829102671,10.0,0
3943.714,0.1826624408,10.0,0
3944.197,0.1825917923,10.0,0
3944.679,0.1825970141,10.0,0
3945.161,0.1826877489,10.0,0
3945.643,0.1825409905,10.0,0
3946.125,0.182473716,10.0,0
3946.607,0.1825361679,10.0,0
3947.089,0.18266173040000003,10.0,0
3947.571,0.18241727489999998,10.0,0
3948.053,0.1825515593,10.0,0
3948.536,0.18251448020000002,10.0,0
3949.018,0.1826307198,10.0,0
3949.5,0.18261002340000002,10.0,0
3949.982,0.18267807919999998,10.0,0
3950.464,0.18261143919999998,10.0,0
3950.946,0.18253100109999998,10.0,0
3951.428,0.18272219339999998,10.0,0
3951.91,0.1826739117,10.0,0
3952.393,0.18274489119999998,10.0,0
3952.875,0.1829122461,10.0,0
3953.357,0.1827450526,10.0,0
3953.839,0.1827166693,10.0,0
3954.321,0.1826654148,10.0,0
3954.803,0.18270717279999998,10.0,0
3955.285,0.1827016331,10.0,0
3955.767,0.1828767815,10.0,0
3956.25,0.18256310339999998,10.0,0
3956.732,0.18278014450000002,10.0,0
3957.214,0.1826539545,10.0,0
3957.696,0.1825768024,10.0,0
3958.178,0.18254757170000002,10.0,0
3958.66,0.182680871,10.0,0
3959.142,0.182559841,10.0,0
3959.624,0.18254093489999998,10.0,0
3960.106,0.1825564663,10.0,0
3960.589,0.18251902109999998,10.0,0
3961.071,0.1825067636,10.0,0
3961.553,0.1822795884,10.0,0
3962.035,0.1822464819,10.0,0
3962.517,0.18241281099999998,10.0,0
3962.999,0.18234111209999998,10.0,0
3963.481,0.1823979226,10.0,0
3963.963,0.1822060907,10.0,0
3964.446,0.1822553189,10.0,0
3964.927,0.1820809055,10.0,0
3965.41,0.18212729240000003,10.0,0
3965.892,0.1821097559,10.0,0
3966.374,0.1821821466,10.0,0
3966.856,0.1822111052,10.0,0
3967.338,0.1823304474,10.0,0
3967.82,0.18227320630000002,10.0,0
3968.302,0.1821283774,10.0,0
3968.784,0.1820271791,10.0,0
3969.267,0.1821538132,10.0,0
3969.749,0.1822256582,10.0,0
3970.231,0.18222973750000002,10.0,0
3970.713,0.1819883665,10.0,0
3971.195,0.1821335344,10.0,0
3971.677,0.1820037523,10.0,0
3972.159,0.18202891170000002,10.0,0
3972.641,0.1820242992,10.0,0
3973.124,0.18205548019999998,10.0,0
3973.606,0.18217510350000002,10.0,0
3974.088,0.1821850882,10.0,0
3974.57,0.1823076365,10.0,0
3975.052,0.1821289357,10.0,0
3975.534,0.1820910489,10.0,0
3976.016,0.1820531137,10.0,0
3976.498,0.18214573430000003,10.0,0
3976.98,0.1822742209,10.0,0
3977.463,0.1818950778,10.0,0
3977.945,0.1820051647,10.0,0
3978.427,0.1817296377,10.0,0
3978.909,0.18176951079999998,10.0,0
3979.391,0.1819736271,10.0,0
3979.873,0.1820203811,10.0,0
3980.355,0.1818145384,10.0,0
3980.837,0.1820538854,10.0,0
3981.32,0.1817284527,10.0,0
3981.802,0.1816298416,10.0,0
3982.284,0.1818579028,10.0,0
3982.766,0.1817601416,10.0,0
3983.248,0.1819674605,10.0,0
3983.73,0.18198952259999998,10.0,0
3984.212,0.1819970609,10.0,0
3984.694,0.18172879309999998,10.0,0
3985.177,0.1819721213,10.0,0
3985.659,0.18197379900000002,10.0,0
3986.141,0.1818982243,10.0,0
3986.623,0.1820564647,10.0,0
3987.105,0.182128856,10.0,0
3987.587,0.1822807061,10.0,0
3988.069,0.182172311,10.0,0
3988.551,0.1821819855,10.0,0
3989.033,0.1822809169,10.0,0
3989.516,0.18206129170000002,10.0,0
3989.998,0.18227746830000002,10.0,0
3990.48,0.1821764605,10.0,0
3990.962,0.18221884540000002,10.0,0
3991.444,0.18215422820000002,10.0,0
3991.926,0.18229662959999998,10.0,0
3992.408,0.1823225937,10.0,0
3992.89,0.182424541,10.0,0
3993.373,0.1821440341,10.0,0
3993.854,0.18242894540000001,10.0,0
3994.337,0.1825410609,10.0,0
3994.819,0.18236726,10.0,0
3995.301,0.1825300157,10.0,0
3995.783,0.18258766099999998,10.0,0
3996.265,0.18267983529999998,10.0,0
3996.747,0.1826208417,10.0,0
3997.229,0.182666164,10.0,0
3997.711,0.18267277969999998,10.0,0
3998.194,0.18270605799999998,10.0,0
3998.676,0.18273894859999998,10.0,0
3999.158,0.1825489097,10.0,0
3999.64,0.1830216673,10.0,0
4000.122,0.18268505040000002,10.0,0
